path,size_bytes,sha256,release_tier,source,license,notes
configs/base.yaml,629,a359360bc0d9ae0f925ca1a68123950516f5fd9d2050cb98fa80032ead4d51e4,core,,,
configs/candidate_languages.yaml,4935,900969004ff6ce03b8349f45f87783426ff640781213e58e077a90ab21167a09,core,,,
configs/phd_upgrade.yaml,3057,c5be3da1948c9f737eb307688d1f5606949f2b5867c89739c0f8fc4bd9f7f5be,core,,,
configs/recommended.yaml,430,81722823b0fc2d1ce5e1c62f2c50ea8b19285fb985e0bc2019d11661761fc19c,core,,,
configs/rongorongo.yaml,705,355929f7d0456a63e2b22468790cbc4ec04071e2a765fdbe88f72eec7ebfcca3,core,,,
configs/synthetic.yaml,650,0cfbd33bea902ec791c47e46450dd59f8f97f5a03aa9ebf5a8dc374f671308cd,core,,,
data/experiments/.gitkeep,0,e3b0c44298fc1c149afbf4c8996fb92427ae41e4649b934ca495991b7852b855,core,,,
data/external/.gitkeep,0,e3b0c44298fc1c149afbf4c8996fb92427ae41e4649b934ca495991b7852b855,raw,,,
data/external/ar_tatoeba_raw.txt,2261837,00066fe65c4f2981ea3459431150cfc3746a08fec42070de4e1d06d36a74f2c9,raw,,,
data/external/fj_tatoeba_raw.txt,533,7f7f0dd7150e861579c226b935a1ebce7611ad0034b47e87293d529d94acc27c,raw,,,
data/external/haw_tatoeba_raw.txt,4301,b1817c0a9b0b788163288b2016290a516c078bf0539ff26735d95e24ecb8c5ac,raw,,,
data/external/iconic_referents/rapa_nui_1500/domestic_chicken/Gallus_gallus_domesticus_-_Vogelpark_Steinen_03.jpg,189887,81e848a47bc99d09255534799244ea5a973cbac29b45cdff9a03d16234555aee,raw,,,
data/external/iconic_referents/rapa_nui_1500/fairy_tern/White_tern_Gygis_alba_candida_in_flight_Rarotonga_2.jpg,32815,0fbde8ee2726c8e2792c6b62aec0bf3e5f7b4ed8c973a17eca832de19113feed,raw,,,
data/external/iconic_referents/rapa_nui_1500/foot/Macaca_sylvanus_feet_and_hands.jpg,284173,80cefc8ab6f2126049dec71df84424c868a61b15674ca73f44e29b706556f596,raw,,,
data/external/iconic_referents/rapa_nui_1500/great_frigatebird/Fregata_minor_MHNT.ZOO.2010.11.2.17.jpg,56830,69b29898f65da0769ad2b090e71e948b839c49dfb466475023e8f8eebb360e1c,raw,,,
data/external/iconic_referents/rapa_nui_1500/great_frigatebird/Male_greater_frigate_bird_displaying.jpg,176713,0cf57707418302f52f3c8314098e9bdac6d9bda0a56927e1cd60370513d01192,raw,,,
data/external/iconic_referents/rapa_nui_1500/green_sea_turtle/Total_internal_reflection_of_Chelonia_mydas.jpg,240108,b2188085389e52d2d1b82f611f17b85d5577f10e1395c1cfd0175eb89979a691,raw,,,
data/external/iconic_referents/rapa_nui_1500/hand/Hand_and_power_stone_bracelets.jpg,75540,9192622fe8e1a873343daf535a638856a4cc9b0ee08b550b1016ed0b0417a348,raw,,,
data/external/iconic_referents/rapa_nui_1500/head/Bald_Eagle_Head_sq.jpg,136088,306fa69cf52a4c2dfe7c1cf99f4b07cb9eed4406898026ba999b8fcbab52596e,raw,,,
data/external/iconic_referents/rapa_nui_1500/manifest.csv,10538,fc552e39805946a517be55506deb1e7cdcbe86405337dd6d88f551f20c0597eb,raw,,,
data/external/iconic_referents/rapa_nui_1500/moai/Moai_Rano_raraku.jpg,442908,6bc6f922bda23fb8feb685d13520708c5a579518985d3fc4c2654298fa79485a,raw,,,
data/external/iconic_referents/rapa_nui_1500/moon/FullMoon2010.jpg,210750,33b2d4e03296f294481d4776afb2b435b0e18a4e02ebe8544fe2f9702672ebe8,raw,,,
data/external/iconic_referents/rapa_nui_1500/moray_eel/Green_Moray_Eel_Gymnothorax_funebris_Cozumel.jpg,171071,73685546eb7798ec1f3f97d0d8ae6ed0ac8db8f88d8528d6abda481b15e05fc5,raw,,,
data/external/iconic_referents/rapa_nui_1500/octopus/ehulkov_et_al_-_Dactylogyrus_-_parasite200098-fig04.png,712971,fdbc4fc987c79fe300e3aac72abc950845a9048e83e992ccac107bd913c54168,raw,,,
data/external/iconic_referents/rapa_nui_1500/red_tailed_tropicbird/Red-tailed_tropicbird_Phaethon_rubricauda_rubricauda_nesting.jpg,149675,dbe9ba851f0ad8bc59ae0ce636cb756c038a538722db8d370a6844cd8313b8e7,raw,,,
data/external/iconic_referents/rapa_nui_1500/reimiro/122_Museu_de_Cultures_del_M_n_Barcelona_reimiro_pectoral_de_l_illa_de_Pasqua.jpg,113439,9961078c3a5955bbf2b85d8cba293f46fd4ee3750ea6061edb1e86814f37ab64,raw,,,
data/external/iconic_referents/rapa_nui_1500/sun/The_sun_and_the_moon_in_South_New_Brighton_s_beach_New_Zealand.jpg,32603,7872cc614bd5d40f3d84271cccec4f396480faffb1474f32338d86fc69364f51,raw,,,
data/external/iconic_referents/rapa_nui_1500/tiger_shark/Tiger_shark.jpg,115873,a1f35ede6d96bdb4a1b6e420199b51ae4902520a67d15205c704cbc68d5f2332,raw,,,
data/external/iconic_referents/rapa_nui_1500/toki/Fighting_Adze_Toki_Greenstone_blade_and_carved_handle_Wellcome_M0016042.jpg,126919,3ee9c32dd98faa668c7d3b1b3e04bb1582be2142bf23aa7a92c33c30915b54fd,raw,,,
data/external/iconic_referents/rapa_nui_1500/yellowfin_tuna/Yellowfin_tuna_nurp.jpg,123018,700e3b794f1a0f4a262c369a2fb6180b0e2d29f512b60638f00be45c686ae9f3,raw,,,
data/external/ja_tatoeba_raw.txt,14275081,c141209e921dc104f058855a1d4e938849339a06e5e8266f839886657bcd728d,raw,,,
data/external/ko_tatoeba_raw.txt,479867,d1ed50c231ef59db7ad151a1ccc6a0c3a139f7126ef176c30c25af3704b8c548,raw,,,
data/external/maori_tatoeba_raw.txt,17004,5f05e91a7552355150b1d3b2d4aba30c5ddaf8788eec86f3fa20b637adf6b5c7,raw,,,
data/external/rap_tatoeba_raw.txt,633,0d344a028697bc3aeb2d434a02936403202c8d384a49fcac60a721901fa51b27,raw,,,
data/external/rongorongo_rr_corpus/A.xml,13286402,d5f4ee1bf419b7e79ed936d7d88e9dc80782763c9bfc44c560585e1f80ca62b0,raw,,,
data/external/rongorongo_rr_corpus/B.xml,9810934,659920e906a675e0f5b421c4d86cfcd0a06ec6c0c956dd0cd4c0eaade081ef25,raw,,,
data/external/rongorongo_rr_corpus/C.xml,7534733,2fbab710bd1dabbed90c93a9a57249fa1358a685fb6d9bea72cbe7f2b2a969d2,raw,,,
data/external/rongorongo_rr_corpus/D.xml,2250626,4c58a5c086ae20ddb2baccd0a9eb02caaac874dc2f48b823227afc3f2850c60f,raw,,,
data/external/rongorongo_rr_corpus/E.xml,6215365,fbb6fb9e196396043741e61734f5ccafaafa3b967532467431785d6725d97940,raw,,,
data/external/rongorongo_rr_corpus/F.xml,456548,7b53c371c18f8a80b9c61bff7e0a9b143702c00825ee24b6e1a3b6bb1092b093,raw,,,
data/external/sm_tatoeba_raw.txt,1808,e9358ff138f91923d49f836e854bdda3e162ebf058ea0d846d4cc8a6d74669bd,raw,,,
data/external/sw_tatoeba_raw.txt,0,e3b0c44298fc1c149afbf4c8996fb92427ae41e4649b934ca495991b7852b855,raw,,,
data/external/tahitian_tatoeba_raw.txt,480,17817070db236b1d316c92e8df38e84f33d5b601923f6cf6db727a918977d080,raw,,,
data/external/to_tatoeba_raw.txt,588,7ac82997c66c340f2cc78f641dc82ef96fc47deefd330a3dca76356ecca48391,raw,,,
data/external/zh_tatoeba_raw.txt,0,e3b0c44298fc1c149afbf4c8996fb92427ae41e4649b934ca495991b7852b855,raw,,,
data/interim/.gitkeep,0,e3b0c44298fc1c149afbf4c8996fb92427ae41e4649b934ca495991b7852b855,core,,,
data/processed/.gitkeep,0,e3b0c44298fc1c149afbf4c8996fb92427ae41e4649b934ca495991b7852b855,processed,,,
data/processed/embeddings_ar.npy,37760,7f55b55a7d89757f6faa6196b3dc0a2da771f184d037936fcbb9d44a720ceede,processed,,,
data/processed/embeddings_ar.vocab.json,2245,e5542cc9a50fbf07dc38b4087f9abcfc9d004c5292bd1213cae8d780b14c81d8,processed,,,
data/processed/embeddings_english.npy,4870528,1bdbfa15a2b1f1f5fe39e0c481a61f9a31c41dd78f1ccafc82733928546c246c,processed,,,
data/processed/embeddings_english.vocab.json,376503,8a7be5d05af2847ee59fd9dd247299f3492e2df51529f15e4d642ef5f1dfa554,processed,,,
data/processed/embeddings_fj.npy,6400,7874d4b6eb003b99db0bfaa0ac6aff627d8f95d6b6ba0676bdf15139bca5988a,processed,,,
data/processed/embeddings_fj.vocab.json,675,97178160b3165345cc40420d07b7a81ab4902ae379a21b36c9394f6d650ab3cc,processed,,,
data/processed/embeddings_french.npy,7199104,50a1a4ef579fbd85d86c947f12282dda171aa9bfd91e04199e751d735c4425c9,processed,,,
data/processed/embeddings_french.vocab.json,594069,a64a34a280ad40ba648ac7675ef17c200a163332ffbd61c0e23b4ae2b0b27a2b,processed,,,
data/processed/embeddings_german.npy,1280128,4d2910d6ebd5c35ad105aeaa94f20c691b3abd4b69a3d9f206e0349eae9f1ae5,processed,,,
data/processed/embeddings_german.vocab.json,94482,eebbd029aeac393ed3eaaf5bf390ffeb5fdf9a082498fc17c3d6be7f6aa55c70,processed,,,
data/processed/embeddings_haw.npy,20224,b5799f38b76a1c1670f7e8b813c25aa5df3cd49d9070b91605d2334a9d275b58,processed,,,
data/processed/embeddings_haw.vocab.json,2413,817810ae14f249f1e6c0e797ee49f0f9c5a7e493a074a89a15a6545c323074be,processed,,,
data/processed/embeddings_indus_real.npy,23424,461b8982918c6d59ca1750d09723370ae290d2047fab91f66db9c664b1758051,processed,,,
data/processed/embeddings_indus_real.vocab.json,2622,07de83125e1c7a68171aa7abb1da1389fa7c68d29d2a5cd596a386dbc1d9c651,processed,,,
data/processed/embeddings_italian.npy,5447296,5e3002877de025ec4ef389d1293852daf61e5454c61b160c0ddcbfe26ab58e80,processed,,,
data/processed/embeddings_italian.vocab.json,440588,1e1daf6e89c76d922908788b948e2608f4edbb8f452c5083299ec06472380cc7,processed,,,
data/processed/embeddings_ja.npy,110720,094c5ba89f1f0277c6878f07239a7a55c71677a204e0c3ccd4e21ea6599f5354,processed,,,
data/processed/embeddings_ja.vocab.json,6813,af47ddff9a1122090f5e5a0a9c45255d6f3e4b9812403d14d47174b4496b6cad,processed,,,
data/processed/embeddings_ko.npy,9856,4b7840b8da5aada2ec4a1b45a8d3bad773154672084a210c362a3bd90ed7816f,processed,,,
data/processed/embeddings_ko.vocab.json,510,10d0fd21d21536818d424fa6cbc9bbb158102e5e808c202c34f8bd2d1902afff,processed,,,
data/processed/embeddings_mi.npy,173952,cf220748a53894864631c2e6a5b69a61130a31a9fb704212ad4b8dd1a35a9bd2,processed,,,
data/processed/embeddings_mi.vocab.json,11648,bf0fe7b9f11dc83a6f23f45b93c83756e8fbc556abf43716f2817075a7d3b4b2,processed,,,
data/processed/embeddings_portuguese.npy,1280128,448c03d441262b7d1d578b47b2c48534e10e8c45ac9a74a8be873d55e678e95b,processed,,,
data/processed/embeddings_portuguese.vocab.json,93387,d2c6605ab3b195715a86e0a3ae4d932d7cd87b3cc0cd8aefc29a4b08d3702897,processed,,,
data/processed/embeddings_rap.npy,7296,ff67bc7b6fad740b72c24528df1e44dfa8584ccdee77932e80e097f9ae29432c,processed,,,
data/processed/embeddings_rap.vocab.json,778,f67a5a89cd67e846e68211c7133962ba77dbae714bce850f290347a0a79d343d,processed,,,
data/processed/embeddings_rongorongo_real.npy,241024,c068f2e6e2c113bf18b962140438f564c185acb91f1aa7dc077940fd23a3340f,processed,,,
data/processed/embeddings_rongorongo_real.vocab.json,13744,24bd9c324b3df0465b7c6a2dba5e189be7c928c82b37e76d086ad74c75615e4c,processed,,,
data/processed/embeddings_rongorongo_real_abab.npy,267648,16a970a1624e9bcefb9469e71298738af22632024652c6b200c113f9c5c84762,processed,,,
data/processed/embeddings_rongorongo_real_abab.vocab.json,16073,fe2165f1d2759d27fe62d0fa40cb280a01cad3ac45a9baa7b4492d444e6cd604,processed,,,
data/processed/embeddings_rongorongo_real_collapsed.npy,256384,52d23b5f71409a5dd36316ed0129601de7e84d4e2790c1519f748be5cb7132bb,processed,,,
data/processed/embeddings_rongorongo_real_collapsed.vocab.json,14942,82e0d7c731ea404caaf2c50f51d6e73249856ccc33d6bcc64d255c0740e5a936,processed,,,
data/processed/embeddings_rongorongo_real_pure.npy,241024,a99b06ff0488f16555db62f52299296efdc4f82db88fcbca576d2f78f46760ba,processed,,,
data/processed/embeddings_rongorongo_real_pure.vocab.json,13744,24bd9c324b3df0465b7c6a2dba5e189be7c928c82b37e76d086ad74c75615e4c,processed,,,
data/processed/embeddings_rongorongo_v2.npy,15488,e54c6a90202dca8ebfda96918491c93c4d041278e6e915376fe72f0c273eaef7,processed,,,
data/processed/embeddings_rongorongo_v2.vocab.json,1692,91e0e9ef3bfb49f43c2b9e163f018a4d4202e399417a838fe573b1577476c254,processed,,,
data/processed/embeddings_russian.npy,1280128,94d859e94dc7335009032f11c153b0ea79f1b14cc2c1c65fd029efe18c121014,processed,,,
data/processed/embeddings_russian.vocab.json,125317,f491963b0b5ccb80490c7834012529463ddcdb0ce1f04de3a62311847df8d845,processed,,,
data/processed/embeddings_sm.npy,17792,7e50000fd22912eecb5f01a1ba896b6a5e9112685e2b3d6f242d0a101235f612,processed,,,
data/processed/embeddings_sm.vocab.json,2117,709924f0004d91ccbaabe1545dc755982184e56b2a3d4ab6616d78296113c9b9,processed,,,
data/processed/embeddings_spanish.npy,7440512,e7077147dcd8dbcc1e941382964cd08aa653c20eeba4d654d2e3f46f77a08486,processed,,,
data/processed/embeddings_spanish.vocab.json,603182,32c3d8407b89668b721a3f4020627520e892e4fedf05fcf840e4d40184ad98ea,processed,,,
data/processed/embeddings_synthetic_transformed.npy,28800,2654f149ea14b2b7080183e20e17e11fdb8d7181c3c7b3ceeca036112bcb6610,processed,,,
data/processed/embeddings_synthetic_transformed.vocab.json,1460,3af6b30e85ebd9ca0284c97dcc89cc36a4c75529c3a2558e89d2317343f6ec1b,processed,,,
data/processed/embeddings_synthetic_v2.npy,28800,ebed39ba5a8d7ebdddbcedaa887d704df80d3ffbae328eb5b4bb1e826cbd463a,processed,,,
data/processed/embeddings_synthetic_v2.vocab.json,1460,3af6b30e85ebd9ca0284c97dcc89cc36a4c75529c3a2558e89d2317343f6ec1b,processed,,,
data/processed/embeddings_to.npy,7808,c4b744de52b88a406507df6a3b24634fe0cca6ef509b2b01e57b8bfcbaccab5f,processed,,,
data/processed/embeddings_to.vocab.json,866,32e23cabd995bfc5b3676ccafce9179d1400449b3716ce6babd6f3441c6bc4af,processed,,,
data/processed/embeddings_ty.npy,7040,a0ebd273f883a219c2b86c82c290d052def672e71b9b8c6b2e82e800cb4c6469,processed,,,
data/processed/embeddings_ty.vocab.json,738,a3e8eea3a0a69577270fa1348db43e78c0f56e876cbc09ce915ed37213689ab3,processed,,,
data/processed/iconographic_features_rongorongo_real.npy,60352,d91d144ac1d66796a7e0e210c6d8e6b028da198c6c258b3a3275828aff69a6ee,processed,,,
data/processed/indus_struct/structural_feature_comparison.json,2360,c7b5bc5a897bb20d9ae61ec5888c2cac9830e5f0e2178344bb50a1a2bc37e837,processed,,,
data/processed/indus_struct/structural_features_permuted.npy,14688,ff4d1902ab3ae81ed09a84aeeb707bb09a8ee03c63f2bf8f68fa998e9b8560f1,processed,,,
data/processed/indus_struct/structural_features_permuted.vocab.json,2256,0b3a983ea044788b9af224a3f55721662730cdc6968618bc43346cbd05077508,processed,,,
data/processed/indus_struct/structural_features_permuted_collapsed.npy,15008,62bba58258add20df11b7e9c565a9de43b2aacfcd99accda6e55aefcdab4560f,processed,,,
data/processed/indus_struct/structural_features_permuted_collapsed.vocab.json,2328,ec8663dfcae0b815cff50a600a6dbfb469b0a6967905d6de02c8451fb5c8f110,processed,,,
data/processed/indus_struct/structural_features_random_uniform.npy,14608,8f84bf7bd16204bef4bf061cae43cbc39896deb5c65e2ca62c1ddca9dfaf5c67,processed,,,
data/processed/indus_struct/structural_features_random_uniform.vocab.json,2243,38fd33367f3e1454fc6ee56aad9b5b0553842ea81e4a2e5d3e641de170746482,processed,,,
data/processed/indus_struct/structural_features_random_uniform_collapsed.npy,15008,260e73731b7639e8dfbfb213f680941d9962d6fdf975919b2bc216e3462c5343,processed,,,
data/processed/indus_struct/structural_features_random_uniform_collapsed.vocab.json,2328,ec8663dfcae0b815cff50a600a6dbfb469b0a6967905d6de02c8451fb5c8f110,processed,,,
data/processed/indus_struct/structural_features_real.npy,14688,141f404d4c43b43b92208b55b814dcb4cdc4aa6244be41b0da31994c30ce8d6f,processed,,,
data/processed/indus_struct/structural_features_real.vocab.json,2256,0b3a983ea044788b9af224a3f55721662730cdc6968618bc43346cbd05077508,processed,,,
data/processed/indus_struct/structural_features_real_collapsed.npy,15008,d0f6f25130d02a3f901de8e104db4e33b48274ec07426731f800c293814d71d1,processed,,,
data/processed/indus_struct/structural_features_real_collapsed.vocab.json,2328,ec8663dfcae0b815cff50a600a6dbfb469b0a6967905d6de02c8451fb5c8f110,processed,,,
data/processed/repetition_aware_comparison.json,229,36b8e68340cfe759d57eca34ddcc75c99876f7189bf19c1ea09d65e0c219721e,processed,,,
data/processed/rongorongo_iconographic_features.csv,1113789,e1ed7e78feaa34da3f449c973db00d77c8cdd61af99279c818873b2915fd6fd5,processed,,,
data/processed/structural_feature_comparison.json,2331,71e6c0f48a8f53daafd9a25b8fd4916b6cd759572c08980d70cedc4b41bc5f80,processed,,,
data/processed/structural_features_permuted.npy,75408,aca29767806d80a4a7f4d24229f1b059920a1ad86c2c8f7aee7b61349bc6c8c6,processed,,,
data/processed/structural_features_permuted.vocab.json,11860,97eab89e983b769f145ad9735c5e05f7f110ccc135f3330ad10272c953a56a69,processed,,,
data/processed/structural_features_permuted_collapsed.npy,80208,0be61f6e5e013b3bc4dfaaa36906348e3abaef39a08c630f1b7aa3e5ee927e40,processed,,,
data/processed/structural_features_permuted_collapsed.vocab.json,12938,f7d4283c8793d11778b083be149d478d64e585a171e413d7d943c20b05c3119a,processed,,,
data/processed/structural_features_random_uniform.npy,74928,5904107cd3112709b7a7e4a5141abf1a07fded31cc8219df9956d04f0df763e0,processed,,,
data/processed/structural_features_random_uniform.vocab.json,11786,4692c7e9ce489affad6cbfdad0fdfaa72b7968fde833b5cb8d3b80390892d2d6,processed,,,
data/processed/structural_features_random_uniform_collapsed.npy,79648,b72f20f9961713d9416bfbcdc0e2ecb73a7ef687610c06933ab811d529069173,processed,,,
data/processed/structural_features_random_uniform_collapsed.vocab.json,12848,2717be76345e80fdef3ddc4e54412044789eaabaead958c662573db0925c8c1a,processed,,,
data/processed/structural_features_real.npy,75408,e5448b4a9f5e6e3792da744222a560e9517a11685aa9ef22c649c73bdd7acde7,processed,,,
data/processed/structural_features_real.vocab.json,11860,97eab89e983b769f145ad9735c5e05f7f110ccc135f3330ad10272c953a56a69,processed,,,
data/processed/structural_features_real_collapsed.npy,80208,cff55fdcbc6456ac1b9a6e7c7b2c5f8fd301c8516433cf361509df6e9a4b9e1b,processed,,,
data/processed/structural_features_real_collapsed.vocab.json,12938,f7d4283c8793d11778b083be149d478d64e585a171e413d7d943c20b05c3119a,processed,,,
data/processed/sv_ar.npy,384,bf5711b345f349d9d7be01164a331ca0d6743b6b214ad52864dde222460235a8,processed,,,
data/processed/sv_english.npy,384,76d9d5cdf2495709ffe6625b30f68acb621c58fdc523a7592a3210fff71f592b,processed,,,
data/processed/sv_fj.npy,256,b580be2451708b3b507d81172fb4a5dce9836c561bf65f51b395e52dd09fc432,processed,,,
data/processed/sv_french.npy,384,8d6bd76d074f6bc8da2cc1f7cad7a15e363d6b9d6bbec13780f4d1f35dea0998,processed,,,
data/processed/sv_german.npy,384,43ac7e00fa93ca222e8b90b80eabaf72f7aaef22864ed6397d33c3623deb26d6,processed,,,
data/processed/sv_haw.npy,256,5bd64c11a310e64e7dab6b56852afa5d85c1c956f4218f62ba0bd0521c92516e,processed,,,
data/processed/sv_indus_real.npy,256,086e814815cd6f87978e69311068affd8408aca7a9ec8bb09838e9b03ac4830a,processed,,,
data/processed/sv_italian.npy,384,36b1820aa7a7e946eaf6fc8fe771b6b14c9b31a5ae20c9155f4c109f8d8a0fbb,processed,,,
data/processed/sv_ja.npy,384,f379f545868ed3c0ddc027e5d87f1878f79c45b98e6b00a9c65a11115cffab0c,processed,,,
data/processed/sv_ko.npy,384,73765228b40eeb5518dc8f5485b6206f8d80546d774114da0222c7a0b92bc70d,processed,,,
data/processed/sv_mi.npy,384,dc44f6546a963635d27783c8917761dc291ff1dc99dcf61e42e8efb7abb3a8af,processed,,,
data/processed/sv_portuguese.npy,384,cf6c04973dadf6385b794c6bc8a3029c8a115310cf5283958359fad6b53c167a,processed,,,
data/processed/sv_rap.npy,256,e6264fcdc77e95d17d31c26c9695646315a3324cf89e13b57f434bfceff77306,processed,,,
data/processed/sv_rongorongo_real.npy,384,c29565f3bd4dc97c3604c6287c44d1f0b37150e02a1cd636ba5d4d68c62d8459,processed,,,
data/processed/sv_rongorongo_real_abab.npy,384,e6086071a77b07e64b93f61058cc643f57fa2b1a96d4a35b746cbaa10b8620e0,processed,,,
data/processed/sv_rongorongo_real_collapsed.npy,384,8bf6ecd2247ba66b858f8617cfa27930e398225ccd2f5c9163e36380232c5574,processed,,,
data/processed/sv_rongorongo_real_pure.npy,384,825668cd5cfd5b5b29798042b601686a8176971691dbbed3ddfde76f366385ed,processed,,,
data/processed/sv_rongorongo_v2.npy,256,06438140ed9a3a1f57e27f3e80ccdbde66352efeeb023fafcc51941c311ecc8f,processed,,,
data/processed/sv_russian.npy,384,be119b0d72046460e95ae017753dd2b5a810feb2e3008baff80a62307a3dbe1d,processed,,,
data/processed/sv_sm.npy,256,07a5cbc096c9b493a80b81b1d5371f1e2aa55be8761f2decb1bc8ca3f984cd9d,processed,,,
data/processed/sv_spanish.npy,384,a928d4782b57857813173fe88dab50e495b5447e1d6b5a517d1e8e8bcde2edf8,processed,,,
data/processed/sv_synthetic_transformed.npy,384,502981fbf8fd7e9725be0d1c416b4295c1ecfc5edeb37739a9d616d2e08173ed,processed,,,
data/processed/sv_synthetic_v2.npy,384,596c9307aadf244f99d7ab82a2de50193f9cdfbfdf433f9ebcc0ef76de9fc5a3,processed,,,
data/processed/sv_to.npy,256,980d7aee5970e0263f8f5f8fe27f76469fc35cf52f1bd38bd3f3cb7eb7d6c6d9,processed,,,
data/processed/sv_ty.npy,256,afb410f44cbc316b34f13ae347e386c303c88ca28e472a1d973d730abc37d49f,processed,,,
data/processed/synth_struct/structural_feature_comparison.json,2366,d05efe2e3dcf7352a96738951626bcdd564d59e4475702da87321f72134da54e,processed,,,
data/processed/synth_struct/structural_features_permuted.npy,9088,249f5790d0ed2f723eee1fea97cb19eff9df233f001efb8ba55e32bb4294c303,processed,,,
data/processed/synth_struct/structural_features_permuted.vocab.json,1234,9676988f3110366934cb12b542aff9d4fa12f0a46a030ad6699e54ce925c90cf,processed,,,
data/processed/synth_struct/structural_features_permuted_collapsed.npy,17168,ec6b23bcecf75206ed4c7d91baf8d61b3da0e156c414f3135ac250c2e309f716,processed,,,
data/processed/synth_struct/structural_features_permuted_collapsed.vocab.json,2951,8e73e5b8fcc49bf13b9d7696e88bbc300e88543db4f2924fcaf3f77133a82ccf,processed,,,
data/processed/synth_struct/structural_features_random_uniform.npy,9088,5232c0d5799add5794982dccf6ee40703bf15d921a95bfbec9750f6aaf91fd95,processed,,,
data/processed/synth_struct/structural_features_random_uniform.vocab.json,1234,9676988f3110366934cb12b542aff9d4fa12f0a46a030ad6699e54ce925c90cf,processed,,,
data/processed/synth_struct/structural_features_random_uniform_collapsed.npy,17168,b943ddf3093f37f4cc0a0c7bf068466dabb84e9e35557a46f2eccc6fa0709183,processed,,,
data/processed/synth_struct/structural_features_random_uniform_collapsed.vocab.json,2951,8e73e5b8fcc49bf13b9d7696e88bbc300e88543db4f2924fcaf3f77133a82ccf,processed,,,
data/processed/synth_struct/structural_features_real.npy,9088,09b7ad14dad0a5952b9d65d2155fe84dde4151ddd0e9a227f35255f325203950,processed,,,
data/processed/synth_struct/structural_features_real.vocab.json,1234,9676988f3110366934cb12b542aff9d4fa12f0a46a030ad6699e54ce925c90cf,processed,,,
data/processed/synth_struct/structural_features_real_collapsed.npy,17168,fcde0239de65b4323217467f08438865c28c9d2f0c67780a70bc4f1c43b0ccc1,processed,,,
data/processed/synth_struct/structural_features_real_collapsed.vocab.json,2951,8e73e5b8fcc49bf13b9d7696e88bbc300e88543db4f2924fcaf3f77133a82ccf,processed,,,
data/raw/candidate_languages/ar_tokens.csv,22186177,a7b943086a4acc691b069fd638c64ec8da03d7678e82239a325c0c3ff49910ef,raw,,,
data/raw/candidate_languages/english_tokens.csv,12621458,11ec2fb814f5e43725233da43677c32077c1bd34fd66430473d50ba8e2e75f07,raw,,,
data/raw/candidate_languages/fj_tokens.csv,9077,2e10d23bb6d3117e89a34b2ef86bb5cef1f0184f0692b16c92d83fac1fd43148,raw,,,
data/raw/candidate_languages/fj_tokens_segmented.csv,9586,a6009ff58c25d853cfc4ea7b6bd655a9395c1e30313c92daa0237a8c5bffc0b4,raw,,,
data/raw/candidate_languages/french_tokens.csv,12268280,33e5b6a5bc025c1da7684f209e414e67f798f0958e098d2944e1f137417d2926,raw,,,
data/raw/candidate_languages/german_tokens.csv,13564060,722b6a8dbeb2b2f894f56c5383bcc23525ac1bbc024c9bfa91549f563e6728ee,raw,,,
data/raw/candidate_languages/haw_tokens.csv,71075,80fcf5ca87c8ef3d51f69413db6b7c9d18dc7b99c9b30c53e9dabe8f26c135e4,raw,,,
data/raw/candidate_languages/haw_tokens_segmented.csv,88816,1228bb4395b4788bcefb344e7262adb457eab599be9ea0d0d1196b6ff6e16dfb,raw,,,
data/raw/candidate_languages/italian_tokens.csv,10177627,cea5368cd0cae308df17d3f8694d5dc57e0170d39a984c41212c01807c2b1d4a,raw,,,
data/raw/candidate_languages/ja_tokens.csv,25318326,34791d899fd02dc2007421a607fae353b806c68d20f5755f7831c043ee71afe6,raw,,,
data/raw/candidate_languages/ko_tokens.csv,4944485,0a32f21c0c5cf1ee4a40c866f86e51073854881655f648b07f1f4bf701109b77,raw,,,
data/raw/candidate_languages/maori_tokens.csv,330719,c6de7970c0d699e6f64bf25c076b8cef08b3b8885c432d5cf3e105f080eb90fe,raw,,,
data/raw/candidate_languages/maori_tokens_segmented.csv,390252,b2132f38495baf446bdf5f8f6548ed1d7af9ce0133cb7063b80c2b62ce2f7091,raw,,,
data/raw/candidate_languages/mi_tokens_segmented.csv,390252,b2132f38495baf446bdf5f8f6548ed1d7af9ce0133cb7063b80c2b62ce2f7091,raw,,,
data/raw/candidate_languages/portuguese_tokens.csv,12972181,5eede2b430b6bf1dccb8c75e7381af7b568cd69b475594e8496a244f8bb60a32,raw,,,
data/raw/candidate_languages/rap_tokens.csv,10873,c25a14821e50b252b8bd23bf6698ef9c42994d74c81deceaa8afdcd45b746b86,raw,,,
data/raw/candidate_languages/rap_tokens_segmented.csv,13166,65436f82428bb554eb091bdd7352db332ca3ae248a1ae2292fce7bba0c97c2cb,raw,,,
data/raw/candidate_languages/russian_tokens.csv,12472171,863eb6b916e0c9ca957dc7a08050fdc7065ecdd6fd44d11ff70a717dec9ce41e,raw,,,
data/raw/candidate_languages/sm_tokens.csv,30627,17e1af9a4dca4ac593a0d9e892196780958b408218aea4ce9ccc846246ebaeb8,raw,,,
data/raw/candidate_languages/sm_tokens_segmented.csv,44028,2d75e3c1a212f96cc406d2408c91726b61a2c604ececb985c6bb3a8a82b1f669,raw,,,
data/raw/candidate_languages/spanish_tokens.csv,12344111,473244d9022410c27172116c9cacfde25008f516eed4d833e0447f5f11613299,raw,,,
data/raw/candidate_languages/synthetic_anchors.full_mapping.json,1794,3b2276b129e7d124e73deb7b66b32b8bb808e572be25484bcae8ad7c99e6e30b,raw,,,
data/raw/candidate_languages/synthetic_anchors.json,7058,5e659e7e4df9d7397f2a5ae04d8b805e021aa323f131ca5e6a7d43a9ee572069,raw,,,
data/raw/candidate_languages/synthetic_collapsed.csv,1943375,b7f278ab2b4289b8a9ca590c5231d300ad4cb007d81e7c910675c69796e05311,raw,,,
data/raw/candidate_languages/synthetic_collapsed_anchors.full_mapping.json,1794,6f1412dde27724aa925e009ae0ef7d48f670b14c50744f802f4e2a171507195b,raw,,,
data/raw/candidate_languages/synthetic_collapsed_anchors.json,5357,6dc3dc6ee7cdda92b49c9d599e222125b10157849e350c67b51b70ba20786fd1,raw,,,
data/raw/candidate_languages/synthetic_transformed.csv,1943375,8c34873fa20a8f24f07b6b44ca11de3d5080b27029e3f2ea62f088556a7433dc,raw,,,
data/raw/candidate_languages/tahitian_tokens.csv,9354,4459ae40761a69d918c370cd17a13b55074d13d14fe0946f79260a01f6825f07,raw,,,
data/raw/candidate_languages/tahitian_tokens_segmented.csv,12237,15000da6df06565dde6fc25f02307ec2105cfa637df79b53e4b17347be678203,raw,,,
data/raw/candidate_languages/to_tokens.csv,8868,bbe2ef6c4ac5971b98aa42ba11e78ca05cd7a9808cc709621a5c86f99349d00c,raw,,,
data/raw/candidate_languages/to_tokens_segmented.csv,11920,1456a45f4b50506c1c7680281de6122a4e4462102eeb7f50d3c8e8d146d76600,raw,,,
data/raw/candidate_languages/ty_tokens_segmented.csv,12237,15000da6df06565dde6fc25f02307ec2105cfa637df79b53e4b17347be678203,raw,,,
data/raw/lost_language/corpus.csv,833,f9a890d2346c4bb1a23f2c576160b786ca5a6ede7e041a0d46ebfe367b500555,raw,,,
data/raw/lost_language/corpus_indus_like.csv,437379,c170de1c3d1acb9e71463ca6156802d26731621b3f85fcd787e2c43acd766bc0,raw,,,
data/raw/lost_language/corpus_indus_like_stats.json,325,e73b3022d7c5cbfec3a27357fe6cb78da7b35c0d85177eedaac62dcc602272d2,raw,,,
data/raw/lost_language/corpus_indus_real.csv,95106,284c1c55ae79233c2953acd41ec50caf59634c04660162dc1164f57a1f556db8,raw,,,
data/raw/lost_language/corpus_positional_synthetic.csv,486698,1a6ad28e0246b873a57d4ae159c4f7b3fcf9ac2b75c4c13893b24b6478907594,raw,,,
data/raw/lost_language/corpus_rongorongo_like.csv,737045,4e56cb8965b603d85645fbbee2690378920721143e0b218060ab6dea107762e0,raw,,,
data/raw/lost_language/corpus_rongorongo_like_stats.json,300,d1380b2c8462560faa959d26717b47a6edf3fbb3e98c5047418d372641a7f1b8,raw,,,
data/raw/lost_language/corpus_rongorongo_real.xml.csv,259135,dc93d5421aa55e0965e91936dab39995a3d6f3c26ab57c2ae49ea3e099e0ddc6,raw,,,
data/raw/lost_language/corpus_rongorongo_real.xml.stats.json,111,e94de195b5e97c60106b7c4713eea69941a94c7d550567578c609a0910f96f8b,raw,,,
data/raw/lost_language/corpus_rongorongo_v2.csv,264662,3fb22c9ab25b21f15c1a48d7d115bebbae3d29b422d74cf320365732d3c764d3,raw,,,
data/raw/lost_language/corpus_rongorongo_v2_stats.json,297,95cfaab97968dc84ad53df8f6e80cf7ee851f0cf2fde04e0d42bfe6e23f1eba7,raw,,,
data/raw/lost_language/corpus_rongorongo_v3.csv,960038,9e8a9a1d6719d138fccd0570cb5e92dafb0a0269e9c8776bdabdb682d4cb9786,raw,,,
data/raw/lost_language/corpus_rongorongo_v3_stats.json,244,6a8c8a0d982e44848ce0725986c56b8094515ef378ffdca7e08ba067f2ae931e,raw,,,
data/raw/lost_language/corpus_synthetic.csv,172855,89e3112d55c2a2957b91e06c33b886788739afcbcfc4c6fa48ab703850bb1653,raw,,,
data/raw/lost_language/corpus_synthetic_stats.json,161,a8a5483f272cf4e250a3d0be29544bd38be4453a73ff23d035829c80d2392995,raw,,,
data/raw/lost_language/corpus_synthetic_v2.csv,1724459,bfe5dd4b1a0db19ded4240e70d3ec6c6759b1a653572bd0684a0fffc6eb52e70,raw,,,
data/raw/lost_language/corpus_synthetic_v2_stats.json,593,2bc908b206a6ecd54b5f04899d254d1b02f9db2a817906d86ad5c44417f6db18,raw,,,
data/raw/lost_language/parallel_rongorongo_haw.csv,10073,ba2cac7793c6933ef0327a78c13c3d97301cc857cd78368f408df2c468aca552,raw,,,
data/raw/lost_language/parallel_rongorongo_massive.csv,12562001,c130f64811cbd327ad7adcbf9fe55b5e7b51b7f6711252456c8e7b8e8081bee4,raw,,,
data/raw/lost_language/parallel_rongorongo_massive_v2.csv,13909354,45a15bfe7956351f71a3580055f34793d0215a32c5d547666ec4093dffb299f5,raw,,,
data/raw/lost_language/parallel_rongorongo_massive_v3.csv,28797099,c8db5486ec69625919d5c9f1d949aa8c13a35051488d0ec934bac92365f6c5f4,raw,,,
data/raw/lost_language/parallel_rongorongo_rap.csv,1502,4b27309e0187d60f9ba011bb5a6c9285507543135e8e510c9b6966df82d19763,raw,,,
data/raw/lost_language/rongorongo_archive_images/Tablet_A-Side_A_Barthel_Transcription.png,175515,c2ead84201b63b04a62c0a2d2ee490d52c28db360426f5a78e4a7f8a1c602c02,raw,,,
data/raw/lost_language/rongorongo_archive_images/Tablet_A-Side_B_Barthel_Transcription.png,170482,c8b1f5b2a48b3767aefe2fb163593178837159ddd100126668e77d5fa7da4275,raw,,,
data/raw/lost_language/rongorongo_archive_images/Tablet_B-Recto_Barthel_Transcript.png,143400,5c25ce9b0dae65390614897ad929e725081c291278a47c52a7900018685cf3f4,raw,,,
data/raw/lost_language/rongorongo_archive_images/Tablet_B-Verso_Barthel_Transcript.png,268292,60627d05a579135ab26f8b658704519bf412c1169eb8fa03172e483ff70965ca,raw,,,
data/raw/lost_language/rongorongo_archive_images/Tablet_C_-_Recto_-_Transcript.png,98692,0fce30bac300960d4618517c27ecf84f12388b12cfa61d8af90f859552de4b0e,raw,,,
data/raw/lost_language/rongorongo_archive_images/Tablet_C_-_Verso_-_Transcript.png,95636,21dc6f715d068a9ae45fb0e0f9dd312371d7ddb5f913c82a75a09a0cdd0af0e4,raw,,,
data/raw/lost_language/rongorongo_archive_images/Tablet_D_-_Side_A_-Transcript.png,64653,a1860d664dec45d97c4ac2e5850c822a5a3cbe6fd656b73e09c44850fff53d1e,raw,,,
data/raw/lost_language/rongorongo_archive_images/Tablet_D_-_Side_B_-_Transcript.png,46827,bcebead60f073f9f0cc7542a9e92f3133eb6b53a3a9f79354f96a84ef8cc42f1,raw,,,
data/raw/lost_language/rongorongo_archive_images/Tablet_E_-_Recto_-_Transcript.png,144889,8c6dfe11e1d7cff1dbb50e6a3ef5a8e91a80f435f0440da5b6cd135755cdd2c5,raw,,,
data/raw/lost_language/rongorongo_archive_images/Tablet_E_-_Verso_-_Transcript.png,137794,258680fc7ac95e0fc47247bad9e980924b593ef2ae6246afcd00d39347df15df,raw,,,
data/raw/lost_language/rongorongo_archive_images/Tablet_F_-_Side_A_-_Transcript.png,19663,3eec3aaf918b4bc6e72abf50d899f057d7b3a4dcde410e8d8e9ee911276e7c77,raw,,,
data/raw/lost_language/rongorongo_archive_images/Tablet_G_-_Recto_-_Transcript.png,83809,05db1a928fa3fd92ba32ad0edce8f8affa23646969eef871191aed635ce6d5a7,raw,,,
data/raw/lost_language/rongorongo_archive_images/Tablet_G_-_Verso_-_Transcript.png,81511,d75b4222c66c5482ee60cece1e4d8e855e5ecc2782c36770efecd4839bc8f09f,raw,,,
data/raw/lost_language/rongorongo_archive_images/Tablet_H_-_Recto_-_Transcript.png,277272,1a6145761168d594a2bbbf702f7bc07bcc80f15c11c1281f3245ce7e78e20316,raw,,,
data/raw/lost_language/rongorongo_archive_images/Tablet_H_-_Verso_-_Transcript.png,286614,00c497192a10620d33506a13629f3c7e84c37641cc5580593785c3b7618407fb,raw,,,
data/raw/lost_language/rongorongo_archive_images/Tablet_I_-_Total_Transcript.png,1059722,4fbefa509be07c7fc6875c75ade0161e1b0d4d6936680429c52696ec625512ef,raw,,,
data/raw/lost_language/rongorongo_archive_images/Tablet_J_-_Transcript.png,2164,7a354873c177236d95bd72b365164e8761bbebb3e222c2fefd5297c7366b0972,raw,,,
data/raw/lost_language/rongorongo_archive_images/Tablet_K_-_Recto_-_Transcript.png,40425,91828cde96f7266f32fc7a01e9176d8bfaa021d759494a4863aab9d1ebd5929e,raw,,,
data/raw/lost_language/rongorongo_archive_images/Tablet_K_-_Verso_-_Transcript.png,37068,1d57f9b219c6e2ceadf634dd13349d7f435ae7b6b19604b2d8bce963fb00d241,raw,,,
data/raw/lost_language/rongorongo_archive_images/Tablet_L_-_Transcript.png,17027,a6a6ccdf194913c0b697f7424c28a171e9f3505194c89ed9d0483ffc1478313f,raw,,,
data/raw/lost_language/rongorongo_archive_images/Tablet_N_-_Side_A_-_Transcript.png,47165,f114a3a345b9318c639c87462d67a7418e102ecb801ad890789c372e176aeee4,raw,,,
data/raw/lost_language/rongorongo_archive_images/Tablet_N_-_Side_B_-Transcript.png,45208,b53e91ee393681fb576cba4bf85aa8b4543b4d2ae9a8c5a19b3ce975d03db898,raw,,,
data/raw/lost_language/rongorongo_archive_images/Tablet_O_-_Transcript.png,75792,e00058bff1e0e926731cec8acfb3b9982fc8011c3ce7851ce3e007c13f700da7,raw,,,
data/raw/lost_language/rongorongo_archive_images/Tablet_P_-_Recto_-_Transcript.png,272463,3e29b449c410a555f96ad327d6802b0c03272f41c9c9b7e41340785742046e17,raw,,,
data/raw/lost_language/rongorongo_archive_images/Tablet_P_-_Verso_-_Transcript.png,246922,9acca16b4463ce8af38567f410fc99961189bdb8d1029f5d6a8d7f76119ffd94,raw,,,
data/raw/lost_language/rongorongo_archive_images/Tablet_Q_-_Recto_-_Transcript.png,156018,c4fd8dbda4e64f230f0643a4f18924f6f587ae3a62f50e714f26c778ad07d07c,raw,,,
data/raw/lost_language/rongorongo_archive_images/Tablet_Q_-_Verso_-_Transcript.png,144224,10bd802e8c33d9d0da7ed7b4e8d946fd91735d1eb0ab393ca040d69772c2b045,raw,,,
data/raw/lost_language/rongorongo_archive_images/Tablet_R_-_Verso_-_Transcript.png,87768,8fe73917d351edd19eca6b6fb8e2b7dc8ba493d7665492c68cdc8541c88722d2,raw,,,
data/raw/lost_language/rongorongo_archive_images/Tablet_S_-_Side_A_-_Transcript.png,135223,fc7bf8234ef84841a61b19dada95c0db72739ad76628c751aad98654dbbdf392,raw,,,
data/raw/lost_language/rongorongo_archive_images/Tablet_S_-_Side_B_-_Transcript.png,146813,d51cfa00d40fac1fa383e1bfa9d994e45d5cceee7a1111efd02f8ad7c8c3f21d,raw,,,
data/raw/lost_language/rongorongo_archive_images/Tablet_T_-_Side_A_-_Transcript.png,210289,174955fa46e5f14e11d9ef5ef40ad2c3467d43cfb810019a54a2967cfb50b33b,raw,,,
data/raw/lost_language/rongorongo_archive_images/Tablet_V_-_Side_A_-_Transcript.png,49278,560d83bddc1596fa3a85644b8149398b207021ed10ffbe9894200632c739d557,raw,,,
data/raw/lost_language/rongorongo_archive_images/Tablet_X_-_Belly_-_Transcript.png,8769,6cc4ccd50692ccd6223e18f07082578cb5ce57369463f7bce27b64a6ef57ff18,raw,,,
data/raw/lost_language/rongorongo_archive_images/Tablet_X_-_Breast_-_Transcript.png,2724,68e9d5624d958b43808740ded8d94fa801791b96122d17484f9991a25c81c600,raw,,,
data/raw/lost_language/rongorongo_archive_images/Tablet_X_-_Crown_-_Transcript.png,3326,eb72f647feb7f0bd7859fc4eebd6e22af480d844059a36e4002adfca14ef2c49,raw,,,
data/raw/lost_language/rongorongo_archive_images/Tablet_X_-_Flank_-_Transcript.png,4645,5db20376e2f320942f8f4b0eec0eda44aa7a21f1dedcfe045a9f419887942f64,raw,,,
data/raw/lost_language/rongorongo_archive_images/Tablet_X_-_Lower_Jaw_-_Transcript.png,6672,7af952a8f9bdce3f8854b57a6e6c9aed3611eea7505100fa198139f627818d44,raw,,,
data/raw/lost_language/rongorongo_archive_images/Tablet_X_-_Neck_-_Transcript.png,3436,dc15c7cf26e6255cbe4e2f9291ecde24bcbab17028c0628340671d646f536657,raw,,,
data/raw/lost_language/rongorongo_archive_images/Tablet_X_-_Thigh_-_Transcript.png,4908,6eb10bf071a37c2d1064c4df8ca8bed7a8ecba719409fb6796083ff0e6de8982,raw,,,
data/rongorongo/.gitkeep,0,e3b0c44298fc1c149afbf4c8996fb92427ae41e4649b934ca495991b7852b855,core,,,
data/rongorongo/derived/.gitkeep,0,e3b0c44298fc1c149afbf4c8996fb92427ae41e4649b934ca495991b7852b855,core,,,
data/rongorongo/processed/.gitkeep,0,e3b0c44298fc1c149afbf4c8996fb92427ae41e4649b934ca495991b7852b855,core,,,
data/rongorongo/raw/barthel_numeric/.gitkeep,0,e3b0c44298fc1c149afbf4c8996fb92427ae41e4649b934ca495991b7852b855,core,,,
models/rongorongo_translator/best_model.pt,21588626,bb152d0d3556da4d70544b7146e4f4d56b4dd1c732b5f8914e56c618fabcb8e3,models,,,
models/rongorongo_translator/config.json,107,833bf5c3ad0ade6762cb6cab46234d870d9f3f687dc726b862ba57b3eb198359,models,,,
models/rongorongo_translator/model.pt,21577903,65ef5ba22fdcc870ac31c41e03ab5a3d6b96d87b6b555916270c73eeeafffcca,models,,,
models/rongorongo_translator_v2/best_model.pt,21588626,70977cbfd75f9ddf4bcac21cdcdd92bbd89a695a7cf2081c48a0b28da3e80e27,models,,,
models/rongorongo_translator_v2/config.json,314,09a96dd39172b698b82e64d45183008e92da3c82da901ff8bc555ada021c35cd,models,,,
models/rongorongo_translator_v3/best_model.pt,21588626,bb152d0d3556da4d70544b7146e4f4d56b4dd1c732b5f8914e56c618fabcb8e3,models,,,
models/rongorongo_translator_v3/config.json,315,101ac1573ce4015d13a4f840f185508590cf833c2d1ebbb17c60c8a807f7e946,models,,,
models/rongorongo_translator_v4/best_model.pt,21667474,04573bc45c682419ffe4b6bb3d5a1c3cb28434bf906b8b8c04bea9f62e4ebd3d,models,,,
models/rongorongo_translator_v4/config.json,107,833bf5c3ad0ade6762cb6cab46234d870d9f3f687dc726b862ba57b3eb198359,models,,,
models/rongorongo_translator_v4/model.pt,21656751,98046e4aa8f88222e1c4f95f061fd0098fc726be9f46b2939141cf2192f079b3,models,,,
models/rongorongo_translator_v5/best_model.pt,21704338,1c5d8a7272fd58c03fe91d1cbadea61f083b6acacad8786041ac23f038797ca8,models,,,
models/rongorongo_translator_v5/config.json,107,833bf5c3ad0ade6762cb6cab46234d870d9f3f687dc726b862ba57b3eb198359,models,,,
models/rongorongo_translator_v5/model.pt,21693615,e712a5412f17970f5e579c2706eb7022e01492aa41a604a3b89592f2757bdcfe,models,,,
reports/figures/.gitkeep,0,e3b0c44298fc1c149afbf4c8996fb92427ae41e4649b934ca495991b7852b855,reports,,,
reports/figures/paper_fig1_positional_bias.png,169473,a59b0cbde278ae9cffb29da6b8976e72e9d8f3cd8b05b84384214a4c372e5899,reports,,,
reports/figures/paper_fig3_comparison.png,28892,fc6de622351b0d8e826bec514269dcdca0feef0d466ef61fdd386f7b5caa9b30,reports,,,
reports/figures/paper_fig4_network.png,23816,a6f39bed2605be78feba21cd95ad7189607bb163d6c0e6f637e2f29eb377f457,reports,,,
reports/figures/positional_bias_rongorongo_real.png,169473,a59b0cbde278ae9cffb29da6b8976e72e9d8f3cd8b05b84384214a4c372e5899,reports,,,
reports/figures/sv_indus_real.png,119781,fd51337de6c695f912c85348b133934e702d6bf1d5b2b5f8a1b1513999a38d21,reports,,,
reports/figures/sv_rongorongo_real.png,106382,ecdc64fd650dfaaa76d4bf127ad7de6240c0a98cdb6632b33701f5492548490d,reports,,,
reports/figures/sv_rongorongo_v2.png,123515,69e09b8343fb5bff2535cfadb2f14de2c861cef59f09c8b28d609c1469d567c3,reports,,,
reports/figures/sv_synthetic_v2.png,96749,fb79b19db8d32bdb36360abdc64390fac726ac4ad180a3396ed0cc8c24b7a13b,reports,,,
reports/final/.gitkeep,0,e3b0c44298fc1c149afbf4c8996fb92427ae41e4649b934ca495991b7852b855,reports,,,
reports/final/integrated_hypothesis_report.md,7698,d0619adfc0f33b70f2922c33c82cdb0564ae37d658b0eeef2bfff02aa64162ae,reports,,,
reports/final/integrated_report.md,7952,31e1dd8123754712bbd85cc58c78b7ff82dc2b5b95f8d46bf9387b78e4198ea5,reports,,,
reports/final/rongorongo_real_exploratory_report.md,8411,3c029b2e8bea59f948d1fb1d35540504a9360e9926e8377a9d4ce30d7dfcbb1e,reports,,,
reports/hypotheses/.gitkeep,0,e3b0c44298fc1c149afbf4c8996fb92427ae41e4649b934ca495991b7852b855,reports,,,
reports/tables/.gitkeep,0,e3b0c44298fc1c149afbf4c8996fb92427ae41e4649b934ca495991b7852b855,reports,,,
reports/tables/anchor_recovery_benchmark.json,279,000f9418071f48d946351a0e1af102d47ab5ee0599af2b457025bce6b617821b,reports,,,
reports/tables/bilingual_anchor_search.csv,2589,24ff3f5d0d121d7a95227b3bd06a1a55cb3895eda0549517c94b977288d1ee3b,reports,,,
reports/tables/bootstrap_ci.csv,12096,527cd3683b8b40766d79cd988ebd77c1d4fba0151005ee3117d42b6344824c2b,reports,,,
reports/tables/boustrophedon_results.csv,134,d64b42a2084154862e7b1168cdea1a392bc8272aa8ce678dde0b48c787109008,reports,,,
reports/tables/conditional_entropy_rongorongo_real.json,775,f50aaa55f951f375d9f54e61417a5c0599256fd9c15a5ee44144c84caf776eb3,reports,,,
reports/tables/control_comparison.csv,384,47ac5f4d857b43b1300a659fe139014fc5dda72535124b4900e81ddf6fd8dcde,reports,,,
reports/tables/control_comparison_rongorongo_real.csv,395,5e776d8bf807e606e9de78d224e945bd53f7088bc035ee27ddee493daf26d72a,reports,,,
reports/tables/cross_correlation_matrix.npy,768,c6014c674c73f9fa2cfb537ab25e1895fe937c3d6c3d1828cf2dc8110423b8b8,reports,,,
reports/tables/gpa_vs_pairwise_gw_comparison.csv,935,bfbd03200b9eba3aa048ed1445f4560c7a9648950d414c5a89803b72f3f518cf,reports,,,
reports/tables/joint_svd_results.csv,398,c967988e1f656c42912e4bce441204b6a983f3c11bef0c29d418a42e6e9c975b,reports,,,
reports/tables/montecarlo_positional_rongorongo_real.json,20112,f84d761de0b98d95cfc0ddab7684a1deb416e8208f751af1e3fe1ad8ea82ea99,reports,,,
reports/tables/multi_consensus_indus_real.csv,855,8cde131b0368c387d82f3cf75b2e8ac8955acb69666e3c8179cb75ea60b88435,reports,,,
reports/tables/multi_consensus_indus_real.json,2388,9e980b147e222ae091de043f9b219b1d41648648c42e41d08d94ce3a56e1ec8e,reports,,,
reports/tables/multi_consensus_rongorongo_real.csv,856,ff551c3a182b50398f0cbfd2113afa5769db18791ee0458de1e7b3ffb6bc402a,reports,,,
reports/tables/multi_consensus_rongorongo_real.json,2100,524eaad6525075cb437050eefe0f8e2413edc612735b3647809e302ccb7b5d69,reports,,,
reports/tables/multi_consensus_rongorongo_v2.csv,851,411bbacfd27e82044fd28c699bb6f9cf914274a7db07818376b802daba884bd3,reports,,,
reports/tables/multi_consensus_rongorongo_v2.json,2383,6e36295196f88a79768e19d20bb11948028f89feb3d551d3ae2ff7f3518fd0ba,reports,,,
reports/tables/multi_consensus_synthetic_v2.csv,851,83c71f0c1ae054f67850b4de0371fd159e2058560d25dbe8ee8b023d829b061f,reports,,,
reports/tables/multi_consensus_synthetic_v2.json,2383,2a658c9df462dcd9f5ecb98967203187167ddc89afdab571065d7162abdc7bd3,reports,,,
reports/tables/multi_language_anchor_recovery.json,740,9eaeff8b57515838fd3fbc9778650f294e5f0b64b500b09672d9fcc74a309078,reports,,,
reports/tables/multi_marginal_gw_17candidates.csv,2248,2d34b4da771db724a3b018db49b8f9b13f0906b3f69070c37364068ee2efe222,reports,,,
reports/tables/positional_bias_rongorongo_real.csv,28493,e0d98bc66e494407f4bb76924b9ac884bd6fcc106821599c1f5bdd21705a48a8,reports,,,
reports/tables/repetition_by_length.csv,1256,3da55f0e7d1451ef057af4413bbe91fc686c5c8678d126ee682af85d294ecd8d,reports,,,
reports/tables/repetition_rongorongo_real.json,259,ea06eb6698553f04ce78fd164a94c29c0afb200e5fcaec96002248d9563982d0,reports,,,
reports/tables/rr_positional_profile.json,54941,6787e089f08cc49853c71ac6f98acdcfe684d3d760df7f3a40514798dd32613d,reports,,,
runs/.gitkeep,0,e3b0c44298fc1c149afbf4c8996fb92427ae41e4649b934ca495991b7852b855,runs,,,
runs/bilingual_validation/bilingual_validation_results.json,30735,b86b7437a95befccabe7b978ff6fa92685442ba381d8d1d0ace1850341d05f91,runs,,,
runs/iconic_cross_script/cross_script_candidates.csv,15080,b118c9b658381bc25b6c58707568792cc8fbe0a186fb5e8f88bdc44ae5d2d2ce,runs,,,
runs/iconic_cross_script/cross_script_report.md,406,e9d7655d4436c2c6d2b34feebba5674d816d6cc76ae78193641c55934525d103,runs,,,
runs/iconic_cross_script/cross_script_summary.json,674,e8a79b80ef576435c402bec9e7249f096cfee02c8c871727674ea8aa84330d1b,runs,,,
runs/iconic_cross_script/rendered_known_signs/chinese_bird.png,1237,1db6806c876fb129754165bac8908845d9dfbdbf35009dda47545f31733ef39c,runs,,,
runs/iconic_cross_script/rendered_known_signs/chinese_fish.png,1305,b602f2a8583f5edb1e6544ec358e11e11fcea777e2513f80b8f04f3494fd1ed1,runs,,,
runs/iconic_cross_script/rendered_known_signs/chinese_foot.png,1147,2ca95b77a7bc23a74df2400699febae8fab51682149040b0c00a3ac6ca931a58,runs,,,
runs/iconic_cross_script/rendered_known_signs/chinese_hand.png,934,81b1adc98ed00a87542dcea1a549630569bdb4fe8869cb22a7dc14e62a075a9b,runs,,,
runs/iconic_cross_script/rendered_known_signs/chinese_moon.png,733,b60e5375ba45a76def668db12876e3b0a00465c83bf46ee39232f3e9b6b291bb,runs,,,
runs/iconic_cross_script/rendered_known_signs/chinese_sun.png,450,dc82d8816cfecd517800bc27a7cde1e3bfc819e1ae02c277b14f1a63905005ef,runs,,,
runs/iconic_cross_script/rendered_known_signs/egyptian_A001.png,2661,7c54ef6344f615df233aa22d2b5b59ecabb3b0af4e5ec3aecf88b8dff04e9d54,runs,,,
runs/iconic_cross_script/rendered_known_signs/egyptian_D046.png,1133,9b63ddaea4a0e148a916dcc86e56cd478d526b07564822c530dd3262d4dca1bd,runs,,,
runs/iconic_cross_script/rendered_known_signs/egyptian_D058.png,1205,0d21a0014a2daaca0113311aaddadf2ba3db949a4f8560697d475e43195a354c,runs,,,
runs/iconic_cross_script/rendered_known_signs/egyptian_G005.png,2521,08008c9a36262a1793be3745b55d921a74f9f68ff4ec761664a89e0091d90d18,runs,,,
runs/iconic_cross_script/rendered_known_signs/egyptian_G043.png,2044,68f807ccc2a5e26241bcf6b17f72e831151a123c86f0b40f1a24130571aff3d7,runs,,,
runs/iconic_cross_script/rendered_known_signs/egyptian_K001.png,1733,2c514ab5947e5a384d48269d05daf0e718e4b6f51aed7329bed9ff83821316ed,runs,,,
runs/iconic_cross_script/rendered_known_signs/egyptian_N005.png,1312,2e9fbc34fcf9b6281bc94c394551758f809b22fa5a2aa2f847222082a8f3c37f,runs,,,
runs/iconic_cross_script/rendered_known_signs/egyptian_N011.png,1411,c0224ccc100aee52b81d4244d940da252f4d358b06b12a387c8801ac5e71359c,runs,,,
runs/iconic_grounding_demo/iconic_grounding_demo_results.json,7621,f77d70a048ad2fbf1c9e23ccffa49a3d9eeb855202e252a1ae825fb5ae9486b1,runs,,,
runs/iconic_grounding_phd/cross_script/cross_script_candidates.csv,16060,3a6b1d8a8196a7af2e6b5e6ab1057dd831da1cc37cd0ae7e8ed08bb2ea52e7f4,runs,,,
runs/iconic_grounding_phd/cross_script/cross_script_report.md,406,e9d7655d4436c2c6d2b34feebba5674d816d6cc76ae78193641c55934525d103,runs,,,
runs/iconic_grounding_phd/cross_script/cross_script_summary.json,674,e8a79b80ef576435c402bec9e7249f096cfee02c8c871727674ea8aa84330d1b,runs,,,
runs/iconic_grounding_phd/cross_script/rendered_known_signs/chinese_bird.png,1237,1db6806c876fb129754165bac8908845d9dfbdbf35009dda47545f31733ef39c,runs,,,
runs/iconic_grounding_phd/cross_script/rendered_known_signs/chinese_fish.png,1305,b602f2a8583f5edb1e6544ec358e11e11fcea777e2513f80b8f04f3494fd1ed1,runs,,,
runs/iconic_grounding_phd/cross_script/rendered_known_signs/chinese_foot.png,1147,2ca95b77a7bc23a74df2400699febae8fab51682149040b0c00a3ac6ca931a58,runs,,,
runs/iconic_grounding_phd/cross_script/rendered_known_signs/chinese_hand.png,934,81b1adc98ed00a87542dcea1a549630569bdb4fe8869cb22a7dc14e62a075a9b,runs,,,
runs/iconic_grounding_phd/cross_script/rendered_known_signs/chinese_moon.png,733,b60e5375ba45a76def668db12876e3b0a00465c83bf46ee39232f3e9b6b291bb,runs,,,
runs/iconic_grounding_phd/cross_script/rendered_known_signs/chinese_sun.png,450,dc82d8816cfecd517800bc27a7cde1e3bfc819e1ae02c277b14f1a63905005ef,runs,,,
runs/iconic_grounding_phd/cross_script/rendered_known_signs/egyptian_A001.png,2661,7c54ef6344f615df233aa22d2b5b59ecabb3b0af4e5ec3aecf88b8dff04e9d54,runs,,,
runs/iconic_grounding_phd/cross_script/rendered_known_signs/egyptian_D046.png,1133,9b63ddaea4a0e148a916dcc86e56cd478d526b07564822c530dd3262d4dca1bd,runs,,,
runs/iconic_grounding_phd/cross_script/rendered_known_signs/egyptian_D058.png,1205,0d21a0014a2daaca0113311aaddadf2ba3db949a4f8560697d475e43195a354c,runs,,,
runs/iconic_grounding_phd/cross_script/rendered_known_signs/egyptian_G005.png,2521,08008c9a36262a1793be3745b55d921a74f9f68ff4ec761664a89e0091d90d18,runs,,,
runs/iconic_grounding_phd/cross_script/rendered_known_signs/egyptian_G043.png,2044,68f807ccc2a5e26241bcf6b17f72e831151a123c86f0b40f1a24130571aff3d7,runs,,,
runs/iconic_grounding_phd/cross_script/rendered_known_signs/egyptian_K001.png,1733,2c514ab5947e5a384d48269d05daf0e718e4b6f51aed7329bed9ff83821316ed,runs,,,
runs/iconic_grounding_phd/cross_script/rendered_known_signs/egyptian_N005.png,1312,2e9fbc34fcf9b6281bc94c394551758f809b22fa5a2aa2f847222082a8f3c37f,runs,,,
runs/iconic_grounding_phd/cross_script/rendered_known_signs/egyptian_N011.png,1411,c0224ccc100aee52b81d4244d940da252f4d358b06b12a387c8801ac5e71359c,runs,,,
runs/iconic_grounding_phd/iconic_grounding_phd_report.md,445,044a2a11a6893b03b05c5dbb116a56f6d4eabf0ac0fa122ab85163053f0fdede,runs,,,
runs/iconic_grounding_phd/iconic_grounding_phd_summary.json,1861,3f3aa55869d79431866e68bcf67bc3a6a510e988aa9c940b101cc0886c2a52e6,runs,,,
runs/iconic_grounding_phd/rongorongo_real/glyph_svg_audit/000__Aa01-115__b.svg,2381,678c0ee024313bede41292376d1b8d3a8ad6c0d348115680ddcb7f89d73ed118,runs,,,
runs/iconic_grounding_phd/rongorongo_real/glyph_svg_audit/000__Bv02-013__b.svg,1949,c603816fdfce2370676f27466df833fafb1083f5d6b82dc2984488db0711129c,runs,,,
runs/iconic_grounding_phd/rongorongo_real/glyph_svg_audit/000__Cb03-001__b.svg,3755,594c4ed8bce42785559b3927f3fd5cfc003bf079384fcb03ebaa814ef2c5d4d5,runs,,,
runs/iconic_grounding_phd/rongorongo_real/glyph_svg_audit/001__Aa01-057__b.svg,1211,c7d5bb52a13ce2441de18512694ceb2570982353d589a9ec8bfba41d6d96eb33,runs,,,
runs/iconic_grounding_phd/rongorongo_real/glyph_svg_audit/001__Ab02-001__b.svg,659,1b791cd6f0e4d15a9cc9fdd9b7e16741adcbad951a0b2ff965ba1c7c46d36f52,runs,,,
runs/iconic_grounding_phd/rongorongo_real/glyph_svg_audit/001__Ab08-047__b.svg,807,fbf937b4220828b8c0045f072ee9e31f6a39899861dba47811e005b106ab33d1,runs,,,
runs/iconic_grounding_phd/rongorongo_real/glyph_svg_audit/002__Aa01-070__b.svg,1963,954f5057bfc78e5d99b2b2e83e15c639154f28ef497029cf95af125b586be414,runs,,,
runs/iconic_grounding_phd/rongorongo_real/glyph_svg_audit/002__Aa08-106__b.svg,2702,927d2cb6132a0448be6211f1e19885f6de4a3775bfd166c05edeb05b4ee8f2b9,runs,,,
runs/iconic_grounding_phd/rongorongo_real/glyph_svg_audit/002__Ab06-107__b.svg,2536,9126be34e12e9521af145e911b46a91fb20d143d3bf4f8e8382de5c3ed85093a,runs,,,
runs/iconic_grounding_phd/rongorongo_real/glyph_svg_audit/003__Aa01-048__b.svg,1954,999fd6691c80dab8b9be94233c63741693acc95eb2e9e3ad0808a58ec5e6564f,runs,,,
runs/iconic_grounding_phd/rongorongo_real/glyph_svg_audit/003__Ab03-023__b.svg,2429,e575bd00226bd29bf51853682a583cef0d48b55067bd96f4beaa5a12fcd65457,runs,,,
runs/iconic_grounding_phd/rongorongo_real/glyph_svg_audit/003__Ab04-110__b.svg,2996,6e9313740e095bfdbb95f5cf979cd2390e40446273281662c3f04d2b1ef3482d,runs,,,
runs/iconic_grounding_phd/rongorongo_real/glyph_svg_audit/004__Aa01-013__b.svg,1336,3f89f0db0359dc856e4afe0c8b0d20812a58b8168e3de88f03ad0c561c0fdb07,runs,,,
runs/iconic_grounding_phd/rongorongo_real/glyph_svg_audit/004__Aa06-002__b.svg,1532,64ecf0db300562028028cbe2459803860bd5170fb8b24ff86b6222cfe601cac6,runs,,,
runs/iconic_grounding_phd/rongorongo_real/glyph_svg_audit/004__Ab03-105__b.svg,1484,6990cd2c4b8c413697b42d00daca1abc0281a5dcffdea5f5f3db8baff072a329,runs,,,
runs/iconic_grounding_phd/rongorongo_real/glyph_svg_audit/005__Aa01-036__b.svg,2055,565a12e6b11ebe6d405baf29ee1149240c04fcfb383b4b9c1e13d208852d498b,runs,,,
runs/iconic_grounding_phd/rongorongo_real/glyph_svg_audit/005__Aa07-046__b.svg,1131,3e41207f1f61bf8a0b99b2c82847eee61fb9db42833b299f528f15e95771f52c,runs,,,
runs/iconic_grounding_phd/rongorongo_real/glyph_svg_audit/005__Aa08-103__b.svg,2255,97b1c638b1f0342fbf85c974aa919a81ab2808607d4266dfdadc2e64d844b661,runs,,,
runs/iconic_grounding_phd/rongorongo_real/glyph_svg_audit/006__Aa01-039__b.svg,2194,fa98ae0b2cabb5e4eab2d6eb7cc05a0dff972e58cc9f3250ae5d7b11c559462e,runs,,,
runs/iconic_grounding_phd/rongorongo_real/glyph_svg_audit/006__Ab05-088__b.svg,2295,a299467cdb5abf45687b1f891508d679ab2b2d4974922421d95e45b6469d9ac6,runs,,,
runs/iconic_grounding_phd/rongorongo_real/glyph_svg_audit/006__Br08-048__b.svg,1728,eb05664fce6b2c9364949b1fc33a51b4251494d2a18b337abc05f4ea8f2d9e21,runs,,,
runs/iconic_grounding_phd/rongorongo_real/glyph_svg_audit/007__Aa01-069__b.svg,3363,61cf53345c75c687e9b2245606d7a59cffe21c9d5dccd7b08053fbd267a30cd1,runs,,,
runs/iconic_grounding_phd/rongorongo_real/glyph_svg_audit/007__Aa04-083__b.svg,3734,343296acb091e301c219eacbfb9382169f8d4ee1a5f29d7267f7237f62085270,runs,,,
runs/iconic_grounding_phd/rongorongo_real/glyph_svg_audit/007__Ab01-090__b.svg,3683,e3f6f20b8408c36589379b900100bd47fed6968f20a5d5a778449dc4ed83cce2,runs,,,
runs/iconic_grounding_phd/rongorongo_real/glyph_svg_audit/008__Aa01-032__b.svg,3852,1f3160cf229cf9f62d4fa3506bb80675bf03e1bb266c9f00f9227a70eaf575b0,runs,,,
runs/iconic_grounding_phd/rongorongo_real/glyph_svg_audit/008__Aa08-044__b.svg,3044,7cea207f19fc2defbf2233f819009c3a5f5911b0a92448ba09cd9da1ddf911d2,runs,,,
runs/iconic_grounding_phd/rongorongo_real/glyph_svg_audit/008__Ab08-006__b.svg,4029,90c9094195b73a1c896a1a3ceaeee259051cac1f84dca1f80133587a467fe5f0,runs,,,
runs/iconic_grounding_phd/rongorongo_real/glyph_svg_audit/009__Aa01-004__b.svg,1987,1021519c702b091032ad91a878d9c23d6dfaeab9ce71d44375a74bede509039a,runs,,,
runs/iconic_grounding_phd/rongorongo_real/glyph_svg_audit/009__Aa07-066__b.svg,2123,618693d63afe001dc57e1cd331de1e1000d516305fb0610e7378d8d5d98869b1,runs,,,
runs/iconic_grounding_phd/rongorongo_real/glyph_svg_audit/009__Ab01-029__b.svg,1915,6a53c05fcaf7ad6617889d884b6f1b818e477bc902040de9a7a2ec449ec08cc6,runs,,,
runs/iconic_grounding_phd/rongorongo_real/glyph_svg_audit/010__Aa04-053__b.svg,1486,ff3ab564607b6ead681d58a2eb83516a8c708f2af1e8dec2d9ddd202546b6214,runs,,,
runs/iconic_grounding_phd/rongorongo_real/glyph_svg_audit/010__Ab04-038__b.svg,996,1b5b87ec2d9352f799356f26c8b965e39c2ad5c98c711d0ca5a8302884aafccc,runs,,,
runs/iconic_grounding_phd/rongorongo_real/glyph_svg_audit/010__Br08-044__b.svg,1378,c781f8537307a968afef7dbea597253477997f934a24aab0ceacbf3ccc95534f,runs,,,
runs/iconic_grounding_phd/rongorongo_real/glyph_svg_audit/011__Aa02-047__b.svg,2134,e63100a58047d2bc9f3b984d4b093e5a5412d2d3c61356e7bf81d9e24fee0776,runs,,,
runs/iconic_grounding_phd/rongorongo_real/glyph_svg_audit/011__Aa02-075__b.svg,2072,23c65ae76523760440f6747a80bca5183150d528ff984f38a98fd2a6f8b2b08c,runs,,,
runs/iconic_grounding_phd/rongorongo_real/glyph_svg_audit/011__Aa05-046__b.svg,2333,bd5a6d35b0e6ff4e27042bc60ef4150eb17fbfd8164c7dbdc5518699b27a87d3,runs,,,
runs/iconic_grounding_phd/rongorongo_real/glyph_svg_audit/012__Ab04-003__b.svg,3148,5cc15c125a84f32562bdcc74416539da636d2f99255be0ce77d920085166598d,runs,,,
runs/iconic_grounding_phd/rongorongo_real/glyph_svg_audit/012__Db03-020__b.svg,3490,d84a3a71f7f722554f4e57855bd611a7d43ee67b8092fd3d3806f99047447a62,runs,,,
runs/iconic_grounding_phd/rongorongo_real/glyph_svg_audit/013__Br05-004__b.svg,3243,b8e43a14e8188304ab5f41f2edcd97543328ec0c2164ec96756ba8f6534a85bd,runs,,,
runs/iconic_grounding_phd/rongorongo_real/glyph_svg_audit/013__Bv03-054__b.svg,2137,f57ffe13229d242c6c7bb0f0c610bfd45d6829eb4737e8098c3276f29e635d1e,runs,,,
runs/iconic_grounding_phd/rongorongo_real/glyph_svg_audit/013__Cb02-033__b.svg,2590,cb1880648c06c13b29ae35754b9dd7ee1ab53610fd007f5d85df72dd416b7c14,runs,,,
runs/iconic_grounding_phd/rongorongo_real/glyph_svg_audit/014__Aa03-015__b.svg,3503,551f9e14018af681a5ca883dad750f1d9a7d989f6c52be9945ccff0a92cf0ac2,runs,,,
runs/iconic_grounding_phd/rongorongo_real/glyph_svg_audit/014__Ab02-048__b.svg,2939,fbd065b27d24503fcd00d95665eeac229d21ea0326226f61279804c9dae023a7,runs,,,
runs/iconic_grounding_phd/rongorongo_real/glyph_svg_audit/014__Ab05-093__b.svg,3043,a8b011832545796084bcf29a229105a46b4f83441176f63f96b8d941c0cc63cc,runs,,,
runs/iconic_grounding_phd/rongorongo_real/glyph_svg_audit/015__Aa01-085__b.svg,2688,b708efa910009649e5a9628b1f576f6a262390ee56a5bd1067f0d9a75b4440f1,runs,,,
runs/iconic_grounding_phd/rongorongo_real/glyph_svg_audit/015__Br03-018__b.svg,1372,09a2645e5442058714468dbdfddfb4ec61bff72fa7993d91fff4cb3ac08173d7,runs,,,
runs/iconic_grounding_phd/rongorongo_real/glyph_svg_audit/015__Br03-050__b.svg,1204,37c8d82ebf3ee589afa4a7fc0a1b61f7f601aaad5114d4ef32393aeebbedeefe,runs,,,
runs/iconic_grounding_phd/rongorongo_real/glyph_svg_audit/016__Aa06-035__b.svg,1200,f91b5d3e6e8adfc0bd97b816f8b1be30d90db28ab098796cda39a77a8d5b467e,runs,,,
runs/iconic_grounding_phd/rongorongo_real/glyph_svg_audit/016__Br03-022__b.svg,1064,162995e0291055f460f1e91b98af197ea3f5472acfac99e251622237fc1a8d86,runs,,,
runs/iconic_grounding_phd/rongorongo_real/glyph_svg_audit/016__Br03-056__b.svg,1182,5e67438f452755662bb52dd6ca693024232a2db3c148389cb6a0ae3be5da99a8,runs,,,
runs/iconic_grounding_phd/rongorongo_real/glyph_svg_audit/017__Aa06-023__b.svg,1290,a393de2fe05c1692b0a1e2c921b5d213410108d23c7ad3a1a99fdefe5e3f72a0,runs,,,
runs/iconic_grounding_phd/rongorongo_real/glyph_svg_audit/017__Ab04-058__b.svg,1596,c0d3fabce8642ff4bcfb07e957896cdedd8aa0a5c4ad4e79128dd62cdd9f8142,runs,,,
runs/iconic_grounding_phd/rongorongo_real/glyph_svg_audit/017__Br02-025__b.svg,1716,75d2c7615a92eb45cc98303228514cb484f862cc76bf5f4c135deef1b0e29850,runs,,,
runs/iconic_grounding_phd/rongorongo_real/glyph_svg_audit/019__Ab01-044__b.svg,3187,0e0f750bea3d30d97d8c5e6c1688a95a620432f469bd0a503cec6698a301438f,runs,,,
runs/iconic_grounding_phd/rongorongo_real/glyph_svg_audit/019__Bv07-038__b.svg,2425,8c58f6c23cabf514159da65a52ee0b850d885e0c14dac824782be789d6d51966,runs,,,
runs/iconic_grounding_phd/rongorongo_real/glyph_svg_audit/019__Cb13-010__b.svg,2414,6a7114ab31dcd2e93dc26aff768d24c1377e6eb7a9d9b6c1c87f5c4fb8f06e80,runs,,,
runs/iconic_grounding_phd/rongorongo_real/glyph_svg_audit/020__Aa03-092__b.svg,1440,7dc5ba53d748598c84d95d886ea548122efd7d52c6f89b22cf7c6b9f3f63ae74,runs,,,
runs/iconic_grounding_phd/rongorongo_real/glyph_svg_audit/020__Aa07-037__b.svg,1494,bb605104848c6ef15a6845eec009dbaa74a149adc90bd520e24fbae95d6088d8,runs,,,
runs/iconic_grounding_phd/rongorongo_real/glyph_svg_audit/020__Aa07-101__b.svg,1515,936fde4a31d6a3bf93729096d79fe20b36942121e1de435d218d1decebfd4d9b,runs,,,
runs/iconic_grounding_phd/rongorongo_real/glyph_svg_audit/021__Aa02-031__b.svg,685,4f66f68b66157596e4561f39052a1fb7416d16987816638b9c3b0b545a7f9c68,runs,,,
runs/iconic_grounding_phd/rongorongo_real/glyph_svg_audit/021__Aa06-077__b.svg,1546,e754743b01342b4a232d5819b4372a930b06c30e458e699de99b4dc2c5cf154c,runs,,,
runs/iconic_grounding_phd/rongorongo_real/glyph_svg_audit/021__Aa07-048__b.svg,632,7c318d5761468f0681c15d9eb67a9e09b35e98485a8bf5a91eb83018403c783b,runs,,,
runs/iconic_grounding_phd/rongorongo_real/glyph_svg_audit/022__Aa01-021__b.svg,1385,503a0df78191ac73a5b02a29deaea37af9c625b9a711350782a8e1b41aef4333,runs,,,
runs/iconic_grounding_phd/rongorongo_real/glyph_svg_audit/022__Aa07-093__b.svg,2071,46a02133febccd3d83c66bd5de058f8c0b4dbfeff129a9f0164b8b2a30aa03b9,runs,,,
runs/iconic_grounding_phd/rongorongo_real/glyph_svg_audit/022__Ab07-011__b.svg,2026,2deea658bf6de9fb8d4539acc61400fd443669e5104059b8d9ab0670bc949731,runs,,,
runs/iconic_grounding_phd/rongorongo_real/glyph_svg_audit/023__Ab07-047__b.svg,1201,518b6e652ae6fc6efde381be5545d7799e40b467cfef4edfcdfca12d995d3ee4,runs,,,
runs/iconic_grounding_phd/rongorongo_real/glyph_svg_audit/024__Aa08-113__b.svg,1886,935d853ef49552edf9a9f7d0312549c0b70623359e9d9c9c6af4c317e11e8ecb,runs,,,
runs/iconic_grounding_phd/rongorongo_real/glyph_svg_audit/024__Ab04-080__b.svg,1837,ffceda9d8556e11c0e8dad6fb0bed8da97974dd67a0dcf857bcf6e5ccf555d42,runs,,,
runs/iconic_grounding_phd/rongorongo_real/glyph_svg_audit/024__Bv05-041__b.svg,2100,aac3556b4c0221aed004ff6f4e5f043ebeb632de7b444384a042d2bfff51b0de,runs,,,
runs/iconic_grounding_phd/rongorongo_real/glyph_svg_audit/025__Aa01-089__b.svg,2272,4128a417999f1d012df2e1fb7c3825dc3e2bb0983dea4a228e971152032d80c5,runs,,,
runs/iconic_grounding_phd/rongorongo_real/glyph_svg_audit/025__Aa05-083__b.svg,2651,e2cedb6431026408740b943b35ac9d5631aa887e7cd83bb1510dbf5a314b04c3,runs,,,
runs/iconic_grounding_phd/rongorongo_real/glyph_svg_audit/025__Aa07-043__b.svg,1223,684fe70a2b466b4d9639efb89a391703cd5175a5e37705f24661f24754c1ec01,runs,,,
runs/iconic_grounding_phd/rongorongo_real/glyph_svg_audit/026__Br02-015__b.svg,2663,fadb10b864e90deefad4bada559e82da8309f0fdc9234200874a4b1e0b604f1d,runs,,,
runs/iconic_grounding_phd/rongorongo_real/glyph_svg_audit/026__Br02-042__b.svg,2580,70f6af74535197787e7df25de8b6a692ff0f358986dd904592f3671884b04783,runs,,,
runs/iconic_grounding_phd/rongorongo_real/glyph_svg_audit/027__Aa01-091__b.svg,2644,d5e86b35a2204d43e19fb6baecd7cd3afd03d212a16bda3f5feaa2672b4929a2,runs,,,
runs/iconic_grounding_phd/rongorongo_real/glyph_svg_audit/027__Ab05-027__b.svg,1772,79ec573b08cb6603e4eaa4da7c7212b16352b152405813af57c3290cee1f4750,runs,,,
runs/iconic_grounding_phd/rongorongo_real/glyph_svg_audit/027__Br09-035__b.svg,1556,39e086a8e7d63923738985bbb03333992148eafa0c42f994dfac370975ce76f7,runs,,,
runs/iconic_grounding_phd/rongorongo_real/glyph_svg_audit/028__Aa02-087__b.svg,1902,5a9f290d3ef1ea289fa490e026c3ed57ab69ef25551e64ae9c8eaba9fde2b644,runs,,,
runs/iconic_grounding_phd/rongorongo_real/glyph_svg_audit/028__Br05-047__b.svg,2447,eaf886cb04f503a3687f00af09f0d8ea68f41c553304e410b251de1497b5777e,runs,,,
runs/iconic_grounding_phd/rongorongo_real/glyph_svg_audit/028__Ca12-019__b.svg,2406,d753ec1134c56309db3abb200a809f0f83df4270c77d6e4a0bb57a24c0d417b4,runs,,,
runs/iconic_grounding_phd/rongorongo_real/glyph_svg_audit/029__Aa06-089__b.svg,2186,70aff382b40d689c88885f842003cdbab40b218592c4a86815f00cdb991489f6,runs,,,
runs/iconic_grounding_phd/rongorongo_real/glyph_svg_audit/029__Aa08-065__b.svg,2163,6c6eef0f8c9681d130e2818614c3032a619294c2df37d723413659e992d495e3,runs,,,
runs/iconic_grounding_phd/rongorongo_real/glyph_svg_audit/029__Ab04-055__b.svg,2613,e1327624074909f7faba19eebb91ac407e2470af267277b77f185a544199155a,runs,,,
runs/iconic_grounding_phd/rongorongo_real/glyph_svg_audit/030__Bv12-008__b.svg,3361,75a7866bb7788429dc350265474f28bcc776100980afad25f8a4a6d33011c321,runs,,,
runs/iconic_grounding_phd/rongorongo_real/glyph_svg_audit/030__Ca06-036__b.svg,3789,7306a6b6ef6a41ebde016b8ba4f66df05f26590b1c9193767d8501d5f7451bf6,runs,,,
runs/iconic_grounding_phd/rongorongo_real/glyph_svg_audit/030__Cb06-034__b.svg,7466,d5e947895dd188cc2189e698679770a06b02bf30d1bd58aad306130e022d7cf5,runs,,,
runs/iconic_grounding_phd/rongorongo_real/glyph_svg_audit/031__Aa04-102__b.svg,2363,ec4088d04cfddb7eb539bc6517f13c4bd532b6cdd08f3b296c83f9ba03d9caad,runs,,,
runs/iconic_grounding_phd/rongorongo_real/glyph_svg_audit/031__Aa04-103__b.svg,1989,f516cebf635e327356aa0f7e6bf94f2b1e9b45d65a427235c48a91d4dba1a3aa,runs,,,
runs/iconic_grounding_phd/rongorongo_real/glyph_svg_audit/031__Ca04-001__b.svg,3357,81728a52d77ff385ad5a0e19defcdaef08af6b8ee9ef82f9c043e08893c15fc6,runs,,,
runs/iconic_grounding_phd/rongorongo_real/glyph_svg_audit/032__Bv04-045__b.svg,1887,b6e17353b7900969cc93edc70e5086fb84d6ae5752751459e83b0d6c76b953af,runs,,,
runs/iconic_grounding_phd/rongorongo_real/glyph_svg_audit/032__Bv04-047__b.svg,1321,f4a92065af033b2f667528f59bc1137bd2cd08b9a8e250e369ad0af15bad125c,runs,,,
runs/iconic_grounding_phd/rongorongo_real/glyph_svg_audit/032__Bv04-050__b.svg,1460,ab90e28e1ab901b5408b3c97f904307be10ab072bead6e7c7c27d8c3fec0f144,runs,,,
runs/iconic_grounding_phd/rongorongo_real/glyph_svg_audit/033__Aa02-038__b.svg,3054,b752aea05c086d5dd364411b1c53e0fe9194721d96f84ef2376f6ff190554033,runs,,,
runs/iconic_grounding_phd/rongorongo_real/glyph_svg_audit/033__Bv11-064__b.svg,931,f298b73322da4a6b20bfa7d264669a50adfb27edf3f4b6963ee5ed79459816d1,runs,,,
runs/iconic_grounding_phd/rongorongo_real/glyph_svg_audit/033__Cb05-017__b.svg,3342,f915331bda536603f5acd39bdbcc9f1e97f1e89e2a377b6388e3e56e1f10cbad,runs,,,
runs/iconic_grounding_phd/rongorongo_real/glyph_svg_audit/034__Aa01-017__b.svg,2857,a66e2062f870113d0279e1df5975b1d0a2380f407be92bd2c7a777945e5a6daf,runs,,,
runs/iconic_grounding_phd/rongorongo_real/glyph_svg_audit/034__Br09-047__b.svg,3710,c834fb86ef60fe2d1fa32f275ad7f23d0b1a9aa9fc19c59e3438f90fe37ec326,runs,,,
runs/iconic_grounding_phd/rongorongo_real/glyph_svg_audit/034__Bv06-037__b.svg,4247,330589eebdaa1ec9bb8ed29d8297dd23576bae7b573976d8326c7838c1680c35,runs,,,
runs/iconic_grounding_phd/rongorongo_real/glyph_svg_audit/035__Ev07-003__b.svg,4133,14c1d4019f54aa343e1cbb17092b70bcd7ff7a8c2127504a5826d606a5254bb7,runs,,,
runs/iconic_grounding_phd/rongorongo_real/glyph_svg_audit/035__Ev07-005__b.svg,3934,7818ff1a79e4e3084536772a5076eaf832c5bf5c98632f3a953ab05a568a77cd,runs,,,
runs/iconic_grounding_phd/rongorongo_real/glyph_svg_audit/035__Ev07-007__b.svg,3890,b3095209b14954afd4b5722da3b13fe1076fd9796e64d261c7473a1f471be482,runs,,,
runs/iconic_grounding_phd/rongorongo_real/glyph_svg_audit/036__Ca05-017__b.svg,2618,a9f875365172cc64c05f804d6963e6854630c17425d377315e722aa0d4c9be60,runs,,,
runs/iconic_grounding_phd/rongorongo_real/glyph_svg_audit/037__Ab01-032__b.svg,1280,11edc44252c7c7a1e252708464b0aa7df7e74e00a0c441a69cd9eaf26272580b,runs,,,
runs/iconic_grounding_phd/rongorongo_real/glyph_svg_audit/037__Ab06-083__b.svg,1551,91e2e431a08c16f31d220aad7a20e95a2ba88f815678029476ece99d1ed36709,runs,,,
runs/iconic_grounding_phd/rongorongo_real/glyph_svg_audit/037__Br06-041__b.svg,1887,8281e52a0f79aea231fb420de4a1531eeb77f5792e944492cc54724f056b30f9,runs,,,
runs/iconic_grounding_phd/rongorongo_real/glyph_svg_audit/038__Ab08-056__b.svg,5004,8c54e6ab70176a19cbaa69a8d236ab3b65bd5b5930d94c13d4845f445c665a11,runs,,,
runs/iconic_grounding_phd/rongorongo_real/glyph_svg_audit/038__Br09-006__b.svg,5058,22199ecb5005de0983dc7139f5c687a4ce046d1e4d52c96a9989d75098035413,runs,,,
runs/iconic_grounding_phd/rongorongo_real/glyph_svg_audit/038__Ca05-023__b.svg,4846,fb739f9e1f53b881b0d00d243db92e41df69360c4b261e4febacbe1d5c4fcd98,runs,,,
runs/iconic_grounding_phd/rongorongo_real/glyph_svg_audit/039__Br06-063__b.svg,3707,710f91fa767acd40eb69a79be4cb5f771177ff3b35719f1006d1ec44f69dafa7,runs,,,
runs/iconic_grounding_phd/rongorongo_real/glyph_svg_audit/039__Bv01-031__b.svg,3769,bd8591699e286786d4a4e767c5b9173c5f7435524c6664e04217bef6802329da,runs,,,
runs/iconic_grounding_phd/rongorongo_real/glyph_svg_audit/039__Bv05-003__b.svg,3583,398b033d16627d29a318023d7a91b92d8abe664adb32a29a6fdb944d09f5dbb4,runs,,,
runs/iconic_grounding_phd/rongorongo_real/glyph_svg_audit/040__Aa01-002__b.svg,997,d772182f7afa08f6a0718c68900d402136a845bda654764aeae53ea49740ab77,runs,,,
runs/iconic_grounding_phd/rongorongo_real/glyph_svg_audit/040__Ab07-025__b.svg,1097,e597d4f7bd8b2dd53da026ca9e1b1a8ec79586ccf8b64a4cfffb8db8079cd82a,runs,,,
runs/iconic_grounding_phd/rongorongo_real/glyph_svg_audit/040__Ca06-033__b.svg,1613,773500f118ce8ca05c5ebd37f86e9c1c5b37f82606af6bd6e91370c84fa830c6,runs,,,
runs/iconic_grounding_phd/rongorongo_real/glyph_svg_audit/041__Aa02-058__b.svg,1693,2485c654f564bef41daa9077f7ea640bdc47d37bf327fbb9ce80010d577eb338,runs,,,
runs/iconic_grounding_phd/rongorongo_real/glyph_svg_audit/041__Br09-012__b.svg,2458,a8912de9c9f3cbd8bac8600ebdedd5f38747c68890b05cecdecb27cd0633ecdd,runs,,,
runs/iconic_grounding_phd/rongorongo_real/glyph_svg_audit/041__Ca06-026__b.svg,1450,79fe6fe63c6f79b6abd05740629d4a8b68a704809ffbf620328d02131682c057,runs,,,
runs/iconic_grounding_phd/rongorongo_real/glyph_svg_audit/042__Aa04-018__b.svg,1074,a6fffc54e44078345d4bf0a0b2820fb3793c009d4ddd90025113781c9b77a699,runs,,,
runs/iconic_grounding_phd/rongorongo_real/glyph_svg_audit/042__Ab06-017__b.svg,1026,61367ebac250f9f2e1002f8d2e925ab9d38277cd571abfefb476efaf7e8cc26d,runs,,,
runs/iconic_grounding_phd/rongorongo_real/glyph_svg_audit/042__Br07-029__b.svg,1079,5852a42bb461bbdeca48f1701de9a2614aa4c231fdab0f254cbbb235a2550a57,runs,,,
runs/iconic_grounding_phd/rongorongo_real/glyph_svg_audit/043__Br03-013__b.svg,772,c893e22bda128d7f5ef363a574a3765fc20147d16449a4f95b60fb63f9c001dd,runs,,,
runs/iconic_grounding_phd/rongorongo_real/glyph_svg_audit/043__Br03-042__b.svg,926,ac8c2d5d3b9ff6fc40eabb20dede99aabbca316692d56d8b85e1c3ea2dfda049,runs,,,
runs/iconic_grounding_phd/rongorongo_real/glyph_svg_audit/043__Br06-022__b.svg,1047,ad06b223e45e59571d3fdb1f8a076551fef95c5564f54f42e17757a7f4ea82fa,runs,,,
runs/iconic_grounding_phd/rongorongo_real/glyph_svg_audit/044__Aa01-098__b.svg,1521,6a42b952070a73611bf358d46f01982219c1bda1628b4d8d07d06a644d084622,runs,,,
runs/iconic_grounding_phd/rongorongo_real/glyph_svg_audit/044__Aa08-105__b.svg,1445,add5946b7bd41cb96b61aa51f27c3874c1d1b32659d063f3bc0dd1540308dd11,runs,,,
runs/iconic_grounding_phd/rongorongo_real/glyph_svg_audit/044__Ab03-098__b.svg,1370,8f6ce8241ea4a6cc8d78fdbff81d34a7f2d8193a2fc90ce9f058004384b735c2,runs,,,
runs/iconic_grounding_phd/rongorongo_real/glyph_svg_audit/045__Aa02-091__b.svg,1328,09dad807304ec07126cc651ffac9faa2adceb426a7259a81afafc38504ea6fc7,runs,,,
runs/iconic_grounding_phd/rongorongo_real/glyph_svg_audit/045__Aa08-033__b.svg,1533,90024632d3faa6eba06c1c99e4a1a2b9357272217a589041d5c3b271ecf2ab18,runs,,,
runs/iconic_grounding_phd/rongorongo_real/glyph_svg_audit/045__Ab06-111__b.svg,1269,5f6b707d01bdbee972af4e719faca8934274e45722b623bb9100d198be676820,runs,,,
runs/iconic_grounding_phd/rongorongo_real/glyph_svg_audit/046__Aa05-013__b.svg,2494,5a8e219c13add68adc1de86ed21e0c61b0b31c03db7697cc0232e44f8f333b2a,runs,,,
runs/iconic_grounding_phd/rongorongo_real/glyph_svg_audit/046__Ab02-017__b.svg,2409,6de7535236e7ae0498b763bcde39eb6e091614b24edf35b5e74212f12db9fc48,runs,,,
runs/iconic_grounding_phd/rongorongo_real/glyph_svg_audit/046__Ab03-087__b.svg,2258,b6aab90053ed372f037b150158d4c6ccacffc0fac596a18985baf8d2f7386ab3,runs,,,
runs/iconic_grounding_phd/rongorongo_real/glyph_svg_audit/047__Aa02-022__b.svg,2247,4a056d803efceb9967dbad97908d38366bd64a567f3c3a403d1dd4fcf074f4b6,runs,,,
runs/iconic_grounding_phd/rongorongo_real/glyph_svg_audit/047__Bv02-055__b.svg,3335,b178857f6eecfff5c47818988ec6db1e35c91572348b9daee19d10e386e57a1a,runs,,,
runs/iconic_grounding_phd/rongorongo_real/glyph_svg_audit/047__Ca10-015__b.svg,3172,229ed0ed2d2522d982623d3e3f8e4c4890047692fd31f7df7aa614acde3ba351,runs,,,
runs/iconic_grounding_phd/rongorongo_real/glyph_svg_audit/048__Aa02-044__b.svg,1610,34bf33bc107e7f83579538a3ba91bcb722e3ddb7772b70ff9c7afa1868ad317d,runs,,,
runs/iconic_grounding_phd/rongorongo_real/glyph_svg_audit/048__Aa07-002__b.svg,1543,7b299f4411607b3e03b6d316d593408cd7e88f44bcc21be68af7a88c3901337b,runs,,,
runs/iconic_grounding_phd/rongorongo_real/glyph_svg_audit/048__Ab03-095__b.svg,3088,a08fef470c82a975915767fa0b06d188c677ffb51350034debeb9db46cbaf196,runs,,,
runs/iconic_grounding_phd/rongorongo_real/glyph_svg_audit/049__Aa04-062__b.svg,2872,5e9d0df28028abb2fb82033e79df93c3c5e559cb1d1e4e5249b976da44b149d7,runs,,,
runs/iconic_grounding_phd/rongorongo_real/glyph_svg_audit/049__Aa07-099__b.svg,3583,62f3a0ae8ae675b0b2b2935322c5ba3522afe16f4ebd3584811abc93b6e6dd63,runs,,,
runs/iconic_grounding_phd/rongorongo_real/glyph_svg_audit/049__Aa08-046__b.svg,2715,df33f7084dcc56cb3fdb46edf032f078cea02bbb01c06cf60d6d5bfa01bf7065,runs,,,
runs/iconic_grounding_phd/rongorongo_real/glyph_svg_audit/050__Aa02-013__b.svg,1830,7d6466fe06fe6d2f7a872c985b87cef1ef5339f0b8c6e459bfe65f5d1d6e5570,runs,,,
runs/iconic_grounding_phd/rongorongo_real/glyph_svg_audit/050__Ab03-011__b.svg,1906,0255141795b064d7d836630a24f17977a35b934adce5d0da3eb580fbefa90140,runs,,,
runs/iconic_grounding_phd/rongorongo_real/glyph_svg_audit/050__Ab06-128__b.svg,1630,b58c9973b877c912813362b4ae8fc68124310f7079f41e8b72d613456630b3f7,runs,,,
runs/iconic_grounding_phd/rongorongo_real/glyph_svg_audit/052__Aa01-095__b.svg,1944,dffed96eaed4d333d594d9d87fc7d49dc63cb4564dab2c0c2c7a49ecf43e3c1c,runs,,,
runs/iconic_grounding_phd/rongorongo_real/glyph_svg_audit/052__Ab04-048__b.svg,2053,f1a4de687c102f79d5936665d622f84f7250b2c552a2220b324739a1a147cf54,runs,,,
runs/iconic_grounding_phd/rongorongo_real/glyph_svg_audit/052__Ab05-042__b.svg,1696,173f0f0ad8e55fd94d860f079fd71dbfe208b39003a4dc5bffbbdc920d08e919,runs,,,
runs/iconic_grounding_phd/rongorongo_real/glyph_svg_audit/053__Aa03-057__b.svg,2319,498f1a2c9b69d18bbe1b0dee0bb2098e5c2e2394562b2aee8528100e87b7289d,runs,,,
runs/iconic_grounding_phd/rongorongo_real/glyph_svg_audit/053__Aa08-026__b.svg,2221,276a4b759350d05e87ad0dfa61f21e7459e54238062d22cd43a84ef66ef21b58,runs,,,
runs/iconic_grounding_phd/rongorongo_real/glyph_svg_audit/053__Ab06-031__b.svg,2004,427a86f8f06765c9523f37e5623702a6e77f32a6ecc9b0b34e97d113669b9f1b,runs,,,
runs/iconic_grounding_phd/rongorongo_real/glyph_svg_audit/054__Br07-032__b.svg,3628,28b7b2b1bd470875e79b28e98dd05a741cde1b14f94741fd08e614e5b630b32b,runs,,,
runs/iconic_grounding_phd/rongorongo_real/glyph_svg_audit/054__Br09-016__b.svg,3596,64d570a3bf5f5bf5bf422cd3dd147ce555b826622f283a91819e933f21d779d7,runs,,,
runs/iconic_grounding_phd/rongorongo_real/glyph_svg_audit/054__Bv03-013__b.svg,3387,b76d4f1308aefa1a36d8473599d73242f57b5a17eb47e9142cb5178bd1d32145,runs,,,
runs/iconic_grounding_phd/rongorongo_real/glyph_svg_audit/055__Ab07-043__b.svg,1484,1964dc748d4e7a7a331e18e37f9468381bbc80845b850611255887545823ddea,runs,,,
runs/iconic_grounding_phd/rongorongo_real/glyph_svg_audit/055__Da07-016__b.svg,1616,92af54c3e9438d9168dcd7d535c034db0caef0f618a6f1c89d6d730c630f76e6,runs,,,
runs/iconic_grounding_phd/rongorongo_real/glyph_svg_audit/055__Er05-044__b.svg,2201,a1ffd037ab6572abb89b3e9560c72f86677969242176bda2a69dd445a01a4000,runs,,,
runs/iconic_grounding_phd/rongorongo_real/glyph_svg_audit/056__Aa08-020__b.svg,2701,e1faf6f6756382ed5bf54bca070421df3946488015907559e344684cf4c4fe52,runs,,,
runs/iconic_grounding_phd/rongorongo_real/glyph_svg_audit/056__Ab06-048__b.svg,2811,50864ad940a8d428d81957a4b14ea735c25991ab8d64f3d3e471528136ec1017,runs,,,
runs/iconic_grounding_phd/rongorongo_real/glyph_svg_audit/056__Ab06-050__b.svg,2701,c9eff41c7a3922149bd81ac519e8896481f21df0b8d3592e771845529f716bc6,runs,,,
runs/iconic_grounding_phd/rongorongo_real/glyph_svg_audit/057__Aa08-048__b.svg,2711,0ac53a153288e22e6d2659479aea0c49cc4c8aa2862103a7d6d3892edb6ff4df,runs,,,
runs/iconic_grounding_phd/rongorongo_real/glyph_svg_audit/057__Ab02-022__b.svg,2339,47eee6bb46982c0a4833a178f2b81988e9b3c10eeb2593a1a55267c2ab9d30ba,runs,,,
runs/iconic_grounding_phd/rongorongo_real/glyph_svg_audit/057__Ca14-011__b.svg,2002,191c0c90239924f073b39abd1b451987a87836c41b2411574d5f06b386b62686,runs,,,
runs/iconic_grounding_phd/rongorongo_real/glyph_svg_audit/058__Aa05-036__b.svg,1660,7237a3ed00342e67f1afd8c69c1257fc3b4dfbc0cf746e2ef55114c3dab580cf,runs,,,
runs/iconic_grounding_phd/rongorongo_real/glyph_svg_audit/058__Aa05-038__b.svg,1630,7697a99afd9b5b6722e23ec99ab70e323eaa6b68394bc7140c1d33b684d5bbe2,runs,,,
runs/iconic_grounding_phd/rongorongo_real/glyph_svg_audit/058__Aa05-040__b.svg,1617,7798c8eeb6ca3df5f6c92f479548a8c9e7e9f05bb697cc5c8344bf19a64ffc69,runs,,,
runs/iconic_grounding_phd/rongorongo_real/glyph_svg_audit/059__Aa04-019__b.svg,2471,b874ee467eef61b4d8d37eecc2e5b60ad03afda0c89e5fdf709f8179bdcc769e,runs,,,
runs/iconic_grounding_phd/rongorongo_real/glyph_svg_audit/059__Br02-005__b.svg,4118,7b8a0415c51affde2bc592d2e08665e475bbb68877b71fedc30b48a3c46abfcb,runs,,,
runs/iconic_grounding_phd/rongorongo_real/glyph_svg_audit/059__Br02-023__b.svg,4094,ca5683e903ecc3930663e6c61685f6ef22a20d80b3ec5c71caaf970ebfd95c6a,runs,,,
runs/iconic_grounding_phd/rongorongo_real/glyph_svg_audit/060__Aa01-018__b.svg,1935,ac80cef38f964b886b5acf9ba10f7ef91b3ab39feb2c31bd22aea28ad6d865a0,runs,,,
runs/iconic_grounding_phd/rongorongo_real/glyph_svg_audit/060__Aa08-118__b.svg,2016,fd21f6d1977dc25dbf307d9353fe4222144d826b40b7768190b29a63f7b9b01a,runs,,,
runs/iconic_grounding_phd/rongorongo_real/glyph_svg_audit/060__Ab04-102__b.svg,1878,4e603e6475f8a429392260fe8cd2fc0beff046478107dd3295213dee61e9f9a2,runs,,,
runs/iconic_grounding_phd/rongorongo_real/glyph_svg_audit/061__Aa01-023__b.svg,2781,d6f97b7e1c0ee66d1e4f574f82277376b439ab0bf431d4aed22db0aa200894e5,runs,,,
runs/iconic_grounding_phd/rongorongo_real/glyph_svg_audit/061__Aa04-054__b.svg,1444,c4c9fefb1905a726c1d635b85c775662bf9d57cd163a3854efc51965438a2b9e,runs,,,
runs/iconic_grounding_phd/rongorongo_real/glyph_svg_audit/061__Ab08-037__b.svg,1756,dfbad55598f6264a9caa5771f9cccebd7eae1cf6702e4f0373d52c95476aea2e,runs,,,
runs/iconic_grounding_phd/rongorongo_real/glyph_svg_audit/062__Aa04-107__b.svg,1690,89134de778b7c2c74d88cde19bc7c17c5cb6a9ae9c6121d429732096511d3921,runs,,,
runs/iconic_grounding_phd/rongorongo_real/glyph_svg_audit/062__Ab06-028__b.svg,1432,6635dfb0365ff31a123434a881217d0fc97449cf6adc69de5effe1d6cfc68ef7,runs,,,
runs/iconic_grounding_phd/rongorongo_real/glyph_svg_audit/062__Br05-026__b.svg,1271,0be745d050b575d42031ff43b79db6aaf6c715665cea9868433dc094bea06eaf,runs,,,
runs/iconic_grounding_phd/rongorongo_real/glyph_svg_audit/063__Aa01-083__b.svg,1654,a8f8873ccb30fc57d4146fba6e5b451684e3e1a5c6d9cc88f1b81db1a7ac624b,runs,,,
runs/iconic_grounding_phd/rongorongo_real/glyph_svg_audit/063__Br05-013__b.svg,1398,d4771abbbc8a589281b69485920a7a3d36387ee89eb9a25872d649633e3d9faf,runs,,,
runs/iconic_grounding_phd/rongorongo_real/glyph_svg_audit/063__Br06-029__b.svg,1288,da1e9edc707d37ae0eb7205de1cd8da1be6787155e96ee2f679d0ee95ea0178b,runs,,,
runs/iconic_grounding_phd/rongorongo_real/glyph_svg_audit/064__Aa01-043__b.svg,1675,7cc345246ed2e367e7b55582abbff5f2ce5af0d088016268c104b6478fd297e8,runs,,,
runs/iconic_grounding_phd/rongorongo_real/glyph_svg_audit/064__Aa06-065__b.svg,2014,cc1b3a68247eab782ffe4e324df4d696c66c7778d58646d1febc6062efc8be01,runs,,,
runs/iconic_grounding_phd/rongorongo_real/glyph_svg_audit/064__Br02-034__b.svg,2344,c216530ce73324f84364b54ca155da22a1c15b5b50cc0a4fab42f19f3443026d,runs,,,
runs/iconic_grounding_phd/rongorongo_real/glyph_svg_audit/065__Aa01-047__b.svg,1669,5730a1dfb035ac98f7c729dc97e984c529c378f4ffd0ad96321fd739e52a9bed,runs,,,
runs/iconic_grounding_phd/rongorongo_real/glyph_svg_audit/065__Aa01-062__b.svg,1616,160ee65c5a744fc273c6b142c00d0cf69088e21e3fb049dbcb51154edb5452f7,runs,,,
runs/iconic_grounding_phd/rongorongo_real/glyph_svg_audit/065__Br05-016__b.svg,1620,c6a2e620b599010270dc24dbaf002fb0cf00446c2897a6f324d9d5ce9d3d5e45,runs,,,
runs/iconic_grounding_phd/rongorongo_real/glyph_svg_audit/066__Aa01-087__b.svg,2202,e944764c4eb62e7e0e59fa0a3cf8973ad947524bb8b908d9dfafc9f75c714bd8,runs,,,
runs/iconic_grounding_phd/rongorongo_real/glyph_svg_audit/066__Br05-020__b.svg,1865,5af2878acf0b2cb459426b446092c7a85cf6dd8783266a1e8abd1e083a2cab8e,runs,,,
runs/iconic_grounding_phd/rongorongo_real/glyph_svg_audit/066__Br09-003__b.svg,2328,955d4c6e63be6538abf150bf86c5711c574cb2cf7ee5337f0129af6e9da05298,runs,,,
runs/iconic_grounding_phd/rongorongo_real/glyph_svg_audit/067__Aa01-016__b.svg,2212,c6411d0d1383cfda290126c80689e393a33c4f0eca0721ba168e56ceed4de4cf,runs,,,
runs/iconic_grounding_phd/rongorongo_real/glyph_svg_audit/067__Ab04-025__b.svg,3125,22c705349d6f797b9eef1d981910ac261bb24ac31994148ef1f7f1c0157bcd2e,runs,,,
runs/iconic_grounding_phd/rongorongo_real/glyph_svg_audit/067__Bv02-001__b.svg,2138,102c9a4385a77a43ae27ba345f0ece02e13b4e0136ef56b6fca8c3000b3fa07e,runs,,,
runs/iconic_grounding_phd/rongorongo_real/glyph_svg_audit/068__Br02-002__b.svg,1625,0974d4554dd73771e9f84406cc68103efa9f9df872676a1c2bfc151d8269913a,runs,,,
runs/iconic_grounding_phd/rongorongo_real/glyph_svg_audit/068__Br03-034__b.svg,2959,94807a0f785739e4d0506f75ac0d64a3dadcaf6f5862f8cbe351f11510916b04,runs,,,
runs/iconic_grounding_phd/rongorongo_real/glyph_svg_audit/068__Bv03-038__b.svg,2202,a3a71615e11d23ff5cbfcb13e2bfb49e37f2ab9742b56f529a4d4a4b3a1a9065,runs,,,
runs/iconic_grounding_phd/rongorongo_real/glyph_svg_audit/069__Aa03-095__b.svg,2067,5275f797e6095d2c7cac138c2da1b3b2109ca00a555f3edfb277e8c1cddd8214,runs,,,
runs/iconic_grounding_phd/rongorongo_real/glyph_svg_audit/069__Aa06-051__b.svg,2899,f03741d0e37665f56114a34d39438e5c4de0430c286ea7a01a8877e68b1959cd,runs,,,
runs/iconic_grounding_phd/rongorongo_real/glyph_svg_audit/069__Br01-056__b.svg,1712,5ac8c4738db6bb5111dd51361c31f49a21f21c70d135a2c50f3e17d41a8b9f29,runs,,,
runs/iconic_grounding_phd/rongorongo_real/glyph_svg_audit/070__Aa01-073__b.svg,2974,fa7e98741634626af1653f86d4e32c0853172039e4cc328364c3f88beab6343b,runs,,,
runs/iconic_grounding_phd/rongorongo_real/glyph_svg_audit/070__Aa08-006__b.svg,3715,5d201b816d27471d78a07308b9d66e8379823d80f0dadf173a66d7e34b904194,runs,,,
runs/iconic_grounding_phd/rongorongo_real/glyph_svg_audit/070__Ab06-084__b.svg,3449,0cd982b7c85f287298ca3425028e8671d11ebb63e9602af44d343ce8d1e38640,runs,,,
runs/iconic_grounding_phd/rongorongo_real/glyph_svg_audit/071__Aa02-016__b.svg,1223,18599269d149c666fd6b8f29652ee947040df43df94344fc9a3e41a215fb4a68,runs,,,
runs/iconic_grounding_phd/rongorongo_real/glyph_svg_audit/071__Ab01-058__b.svg,2482,1f47601f545bd1cd08aae7f261f08214d9880f0962e1c27f97cd5d136c3df6ad,runs,,,
runs/iconic_grounding_phd/rongorongo_real/glyph_svg_audit/071__Br04-034__b.svg,2768,4ee2b38f939d0e44c53519759b0243fd4b268403c9fb750301a14ca618fec2b5,runs,,,
runs/iconic_grounding_phd/rongorongo_real/glyph_svg_audit/072__Ca10-016__b.svg,4285,2659ba3f93041ee5a79cca97689f484557a69ae9335f7d7a7d0b9280c5592f75,runs,,,
runs/iconic_grounding_phd/rongorongo_real/glyph_svg_audit/072__Ca10-018__b.svg,3933,29b00d33c07b044d07e0154b5e40b3f104dafccade48fe6a88fbfab8298cdd6d,runs,,,
runs/iconic_grounding_phd/rongorongo_real/glyph_svg_audit/072__Cb03-007__b.svg,2918,fdcd91cda10568923419a19ca992dbbe21976dee54593929b6aa56d737bd4c25,runs,,,
runs/iconic_grounding_phd/rongorongo_real/glyph_svg_audit/073__Aa02-017__b.svg,1412,1bca217872197166685d9294c442058b5e4aa98f3331a1a3379e99e7aface2ff,runs,,,
runs/iconic_grounding_phd/rongorongo_real/glyph_svg_audit/073__Aa04-079__b.svg,3988,4cabfc1296f9ad944a7161c8262b229f37fa213c7835bd0159cdbaa637493fc8,runs,,,
runs/iconic_grounding_phd/rongorongo_real/glyph_svg_audit/073__Bv11-061__b.svg,1480,91b2dd5c217acbbacc0e927fbaab2ab8972b95db8e105fbde74180a0ccbdeb28,runs,,,
runs/iconic_grounding_phd/rongorongo_real/glyph_svg_audit/074__Aa01-055__b.svg,2642,cf99e78b8b88b6ede231fb09f16d9a6927267f8cb9c1c68a07d0e261152096a4,runs,,,
runs/iconic_grounding_phd/rongorongo_real/glyph_svg_audit/074__Aa06-017__b.svg,2003,8aa421d51e5735cd711c55bf611dabe9b6474abecc9daede947687bdc9814d4a,runs,,,
runs/iconic_grounding_phd/rongorongo_real/glyph_svg_audit/074__Ab02-117__b.svg,1392,648846a68e6759493c0750145b871d8be403281d45f1a63f659642ed5ae9c3fe,runs,,,
runs/iconic_grounding_phd/rongorongo_real/glyph_svg_audit/075__Aa03-025__b.svg,2110,e7f4ea0406ac9e02063f03b23e991c4d677b5b0cb1fe74b690d517012cc0ca32,runs,,,
runs/iconic_grounding_phd/rongorongo_real/glyph_svg_audit/075__Aa03-031__b.svg,2029,460320adaed3725a8b74fde1d7f2fca2df92fd6ad73a61709c3ee2ab29ed76b4,runs,,,
runs/iconic_grounding_phd/rongorongo_real/glyph_svg_audit/075__Aa03-039__b.svg,2245,92916a8b397212804c48ae3e8083ffe17035beb4285fbfcc096eb287abc8410a,runs,,,
runs/iconic_grounding_phd/rongorongo_real/glyph_svg_audit/076__Aa02-021__b.svg,1736,1f2d544ccf4499d552a211dbbd0c6b19bf017e37d920de4746e48cec3e463596,runs,,,
runs/iconic_grounding_phd/rongorongo_real/glyph_svg_audit/076__Aa06-021__b.svg,1347,f1b6a422845e5cb077d957cc5abcf2948f13a2a3397f9531b94ae45dcb587b4b,runs,,,
runs/iconic_grounding_phd/rongorongo_real/glyph_svg_audit/076__Ab04-019__b.svg,1020,6c94afc52e85c6987b4c21f1ae2b79d1c838db5e5a58f5fa680e7ebc7cb52398,runs,,,
runs/iconic_grounding_phd/rongorongo_real/glyph_svg_audit/077__Aa02-096__b.svg,1825,e66a4faaa0952f788bf2aa4bec7205bab89ee84067563176dcd2837b06d27d3f,runs,,,
runs/iconic_grounding_phd/rongorongo_real/glyph_svg_audit/077__Aa04-051__b.svg,1762,1a63bbf469c25c8bc9ca315ff01920c53597464bb69208b5e1885ebfe5a15c14,runs,,,
runs/iconic_grounding_phd/rongorongo_real/glyph_svg_audit/077__Br06-054__b.svg,3041,c99d29112873e97fc575e8e39930948c0b04d48edd058e086495402acf6a77d5,runs,,,
runs/iconic_grounding_phd/rongorongo_real/glyph_svg_audit/078__Aa08-071__b.svg,2474,77ac779f66835dbe0695784ca035e4a4f8836518bf0579a0f638e8b0b894da6b,runs,,,
runs/iconic_grounding_phd/rongorongo_real/glyph_svg_audit/078__Ab07-052__b.svg,1715,0bfb734788b91d5c64ac00a661d363f197144215d24773ec3804ac9f4c2b45ad,runs,,,
runs/iconic_grounding_phd/rongorongo_real/glyph_svg_audit/078__Ca06-031__b.svg,2231,2170915bec79f2db1d1b7a28507024729dd385274f892e22f7f2daedb0bb3edd,runs,,,
runs/iconic_grounding_phd/rongorongo_real/glyph_svg_audit/079__Aa05-008__b.svg,2383,9e7e5181dcbd38dd855d53608299567ec59c63750a0d9660782ef8384003c95f,runs,,,
runs/iconic_grounding_phd/rongorongo_real/glyph_svg_audit/079__Ab04-034__b.svg,3111,2b2d28d28c927095a287d5d03e153580af504b6ce48f05830cbf61d0ec0a6010,runs,,,
runs/iconic_grounding_phd/rongorongo_real/glyph_svg_audit/079__Ab07-073__b.svg,1386,03f10c4f6f886160ae2c515090af1a1ac76eff3b9bafe1bd42f4e50c748fcea4,runs,,,
runs/iconic_grounding_phd/rongorongo_real/glyph_svg_audit/080__Aa03-093__b.svg,4369,9abd1b4518f62cda96b2ab2a6db6155d6a63ca484c1108ebafb440483d93dba7,runs,,,
runs/iconic_grounding_phd/rongorongo_real/glyph_svg_audit/080__Aa04-067__b.svg,4083,4359dac6b61c72a79281cc38c92900ecc3127c386b3b8ab06120b1945b119712,runs,,,
runs/iconic_grounding_phd/rongorongo_real/glyph_svg_audit/080__Aa07-027__b.svg,4128,0eb85d178c1bcd24933b22065c090daeb225d05aedc2621404f54eec66878472,runs,,,
runs/iconic_grounding_phd/rongorongo_real/glyph_svg_audit/081__Aa05-071__b.svg,4303,4e2bcc2f8dbfe2f8db9cec58fad79b4cb990238dd79704bd6b527666e55812f0,runs,,,
runs/iconic_grounding_phd/rongorongo_real/glyph_svg_audit/081__Aa05-073__b.svg,3771,d95a1b6332f3b0a540a7757b769d693624f510f52a1b7dcb2c2a5141d078b87b,runs,,,
runs/iconic_grounding_phd/rongorongo_real/glyph_svg_audit/081__Aa05-078__b.svg,4138,e52ad1e3749983b1ea752349b77e1e61a4fe01b5a534b49945bf783ebdd3235a,runs,,,
runs/iconic_grounding_phd/rongorongo_real/glyph_svg_audit/082__Aa01-030__b.svg,3239,b8ec4f54fceddfa33d218ff451ebcc54906d57f76a1c7ae89eaf11f3a6e103ba,runs,,,
runs/iconic_grounding_phd/rongorongo_real/glyph_svg_audit/083__Br06-067__b.svg,2371,32268962db0b75857a01b4563db903e7837166112b2d38f668c3a9496ef1ff20,runs,,,
runs/iconic_grounding_phd/rongorongo_real/glyph_svg_audit/083__Br07-004__b.svg,2403,b24c519e7ea90f594a080efc4e3d9248691838678c7e67e674962009f97ab681,runs,,,
runs/iconic_grounding_phd/rongorongo_real/glyph_svg_audit/083__Br09-011__b.svg,3212,50cfb030583b3341095160de421b9b98a80e4771c28d2d624d60f27d854067dc,runs,,,
runs/iconic_grounding_phd/rongorongo_real/glyph_svg_audit/084__Ab04-104__b.svg,2347,4d196a7299e821a7f53250a80fe912800d2fce55ff857dda09c5befa92e2e067,runs,,,
runs/iconic_grounding_phd/rongorongo_real/glyph_svg_audit/084__Ab07-019__b.svg,1997,65bf40cd88b1a2458709904cecde52ef0a6e5085057dcdf57e1d4b83f9221f79,runs,,,
runs/iconic_grounding_phd/rongorongo_real/glyph_svg_audit/084__Br05-032__b.svg,2270,7d41bc4802bc6f0d4083f9367a213dd0e94ca41fc41b2b236b4a3f561b895ea8,runs,,,
runs/iconic_grounding_phd/rongorongo_real/glyph_svg_audit/085__Aa06-038__b.svg,2733,c2338adbd5488bc61c9ee7dc034d3704970b94fabff4e2d02fda76e1f1804d28,runs,,,
runs/iconic_grounding_phd/rongorongo_real/glyph_svg_audit/085__Ca13-026__b.svg,2812,ea2c0f11947b8fa5ad3c571102021ea6e214f2795fb40f8af22edfd24139dd50,runs,,,
runs/iconic_grounding_phd/rongorongo_real/glyph_svg_audit/086__Aa02-042__b.svg,1874,12aa0c3d3ad73335a7899d9d17e0eff8be59c9756f8089afc767c617ae95f124,runs,,,
runs/iconic_grounding_phd/rongorongo_real/glyph_svg_audit/086__Ca14-015__b.svg,2322,2a647fab7313533dd90244690e8ad4c8643b61fe7a8434cdd197deeb1271c0ee,runs,,,
runs/iconic_grounding_phd/rongorongo_real/glyph_svg_audit/086__Ca14-022__b.svg,1130,6148e617f2b76b0faec7983b6acba7a6698690f962ace2d88e89caec0ea33a0f,runs,,,
runs/iconic_grounding_phd/rongorongo_real/glyph_svg_audit/087__Aa02-005__b.svg,1491,96bb2a8411308c15a857533fd7d0cad848b5be49a0969b6a390193bd9b397027,runs,,,
runs/iconic_grounding_phd/rongorongo_real/glyph_svg_audit/087__Aa08-040__b.svg,1958,e8ba7b509f4cafd491e11e25c8a9a34868c640520e1a2bcad69e1dd9c144c5dc,runs,,,
runs/iconic_grounding_phd/rongorongo_real/glyph_svg_audit/087__Ab07-085__b.svg,1880,2c1925f288fcb564ab60237eaa117f4307a1a58495f116c7ed87615bbd1163ae,runs,,,
runs/iconic_grounding_phd/rongorongo_real/glyph_svg_audit/088__Aa06-071__b.svg,2352,6c709bcf4ef4db3188a3ab4ff107608e1c5a8b9591a530d899685cbc6ceae3b2,runs,,,
runs/iconic_grounding_phd/rongorongo_real/glyph_svg_audit/088__Ab02-013__b.svg,1855,d49ffdd5c126c5c0c7a0812beaadb2687da6af43ef306e5112c1dca00af99cde,runs,,,
runs/iconic_grounding_phd/rongorongo_real/glyph_svg_audit/088__Ca13-034__b.svg,1555,74867465e11a366a632857f2b60533604e4820435b90bde5d6be791436523bc8,runs,,,
runs/iconic_grounding_phd/rongorongo_real/glyph_svg_audit/090__Aa02-046__b.svg,1744,c80dc8b3b8a9236078eaf180b91d7a59c25b08c1f2dd6cb082119842e154ea59,runs,,,
runs/iconic_grounding_phd/rongorongo_real/glyph_svg_audit/090__Aa02-048__b.svg,1680,89b2ee4747ae820b61c2b1e28c9c0084f3f9a3de0dae24669ce7937f82fd1d4e,runs,,,
runs/iconic_grounding_phd/rongorongo_real/glyph_svg_audit/090__Aa08-108__b.svg,1784,a75494a8048415fbbee0e548ab5712285ac420ef5cd3dd6b538806f6fc9b68c8,runs,,,
runs/iconic_grounding_phd/rongorongo_real/glyph_svg_audit/091__Aa05-060__b.svg,2566,43a6ded24ef78bc99605f43b74b247a1d215090bc82dbd4489d1e400f5de36ac,runs,,,
runs/iconic_grounding_phd/rongorongo_real/glyph_svg_audit/091__Ab01-081__b.svg,2715,edb31440fee4105c7578f2e03d32c24664253ac176abf07733a1f907b060e0ff,runs,,,
runs/iconic_grounding_phd/rongorongo_real/glyph_svg_audit/091__Ab06-029__b.svg,3012,15adcb74a72ba1374c2256ec245b8572f3ea87249f09293328f368c1d664c442,runs,,,
runs/iconic_grounding_phd/rongorongo_real/glyph_svg_audit/092__Br07-014__b.svg,3107,9f6300edf99601cd5b9f40ae9f3e26cf7c3fdb4e636936e1199e324bcb80581b,runs,,,
runs/iconic_grounding_phd/rongorongo_real/glyph_svg_audit/092__Bv06-048__b.svg,3588,bda144af42a4109526bf1c3b05a5d35d62e8f24cfbd4315c4b76d05f16c772b9,runs,,,
runs/iconic_grounding_phd/rongorongo_real/glyph_svg_audit/092__Er07-008__b.svg,2806,fd2d03de10b1c34989ba4214c3ef08f3c9a8b8fe61bedc6a2267c154dc702c06,runs,,,
runs/iconic_grounding_phd/rongorongo_real/glyph_svg_audit/093__Aa01-072__b.svg,3193,d10349ac0d1a761224eefc694dc0d84cf32d45515a982975d92279bf058943f9,runs,,,
runs/iconic_grounding_phd/rongorongo_real/glyph_svg_audit/093__Aa02-089__b.svg,3116,92a40fc64a8c78b5ad01a3bb90870805165eadf1d8102489566b7415c4b06e75,runs,,,
runs/iconic_grounding_phd/rongorongo_real/glyph_svg_audit/093__Aa08-089__b.svg,3557,2edef72aa336dcf6649b2f8de2906b86de9182508e74071523afe4d9a9c19136,runs,,,
runs/iconic_grounding_phd/rongorongo_real/glyph_svg_audit/094__Aa08-035__b.svg,4286,b715e4320a4b704cbc2fe601c2dc0c068f00af21106171c3c97ec70e19bdbbcb,runs,,,
runs/iconic_grounding_phd/rongorongo_real/glyph_svg_audit/094__Ab08-088__b.svg,4618,400f069267da63c2744c576e4acf7c5f74729d9d5993df53181b4e2bbdb0af97,runs,,,
runs/iconic_grounding_phd/rongorongo_real/glyph_svg_audit/094__Ca12-022__b.svg,3045,25c1e6cf7af5f03c96409de8d593d2827a74a638ebd18e23866707d0988839f5,runs,,,
runs/iconic_grounding_phd/rongorongo_real/glyph_svg_audit/095__Aa01-052__b.svg,1881,616a1d5498edfc2ac5f4109c876b468212060a44706220d26df6fb3e1bd240a9,runs,,,
runs/iconic_grounding_phd/rongorongo_real/glyph_svg_audit/095__Ab05-034__b.svg,2042,ec2f336185db8d0434aaa35a617fca9bfec71f0f66c6101792f58dd37d9fc564,runs,,,
runs/iconic_grounding_phd/rongorongo_real/glyph_svg_audit/095__Br06-005__b.svg,2033,1e821d6a6fa28d37e001d6710bbe9ee1c5d08fd70f2ee493bcd22c245621c937,runs,,,
runs/iconic_grounding_phd/rongorongo_real/glyph_svg_audit/096__Ab06-014__b.svg,3169,9e7e58da4e6bfa60a75af8e6610e3a0241cc49fce397cac3489779b8ef5efcd6,runs,,,
runs/iconic_grounding_phd/rongorongo_real/glyph_svg_audit/096__Ab06-068__b.svg,3204,6287cd82a6fe60344606d6e9c682c9c9cbb5ebf3e294e83ca5e5deb52cc3aa1f,runs,,,
runs/iconic_grounding_phd/rongorongo_real/glyph_svg_audit/096__Ab06-076__b.svg,3116,a8e3b1519464b165964776c2b0c9cce0d8003964fb0d8fbe6be4aabdd2a2c1ec,runs,,,
runs/iconic_grounding_phd/rongorongo_real/glyph_svg_audit/097__Aa06-050__b.svg,3150,3762b2d7e419b3902cdaaceabad53bf5973b6268a82a960500a47511f44fc93e,runs,,,
runs/iconic_grounding_phd/rongorongo_real/glyph_svg_audit/097__Aa06-052__b.svg,3010,90203338a085f01b945361f2ddd4fcb6a1af9b5b10303485198a252ea790b5d7,runs,,,
runs/iconic_grounding_phd/rongorongo_real/glyph_svg_audit/097__Aa06-054__b.svg,3199,ad78183b9204377ae6c0f35a0cde7932597164b8ab407c2722a9087eda0280e3,runs,,,
runs/iconic_grounding_phd/rongorongo_real/glyph_svg_audit/099__Aa02-066__b.svg,3827,691bb1c9d7fb5a2b55cc861f47f421a5ba99585788e0b2319c6158d11b6b6e08,runs,,,
runs/iconic_grounding_phd/rongorongo_real/glyph_svg_audit/099__Ab03-044__b.svg,4077,127774431f30d9dd6ee6a9499773b4731f4804eb464eb46cd26198b3a4921807,runs,,,
runs/iconic_grounding_phd/rongorongo_real/glyph_svg_audit/099__Ab07-091__b.svg,3840,280d99624ad5f6df7e75441642983b0e4678832ec22546d60cfdfa5727ef0d71,runs,,,
runs/iconic_grounding_phd/rongorongo_real/glyph_svg_audit/100__Bv03-049__b.svg,2162,c5c8ed6ef4e2349e48b408a074a55d435425ffd6dfb96a296f22886bf3740ae4,runs,,,
runs/iconic_grounding_phd/rongorongo_real/glyph_svg_audit/101__Br10-004__b.svg,3099,0c2f37118f9fa6973629dcceb6d69783e491fb609d7a51fe666fd29b559f3020,runs,,,
runs/iconic_grounding_phd/rongorongo_real/glyph_svg_audit/102__Bv07-041__b.svg,3169,f418bd70c8bc24c202a7cca8a2320355542d32aae8c6cc532258452c300e15f8,runs,,,
runs/iconic_grounding_phd/rongorongo_real/glyph_svg_audit/103__Aa02-004__b.svg,1268,d1f45fac090392fa8a94d82e27c3386767cea7e18146450e21a54a6de139c3ff,runs,,,
runs/iconic_grounding_phd/rongorongo_real/glyph_svg_audit/104__Br09-034__b.svg,4949,23e77b55ad9a7b95075369ba455913b9c47823463eb6a7a48d73df214c016022,runs,,,
runs/iconic_grounding_phd/rongorongo_real/glyph_svg_audit/105__Bv06-019__b.svg,2726,54baf5918fbe33af3071e7b42ffafdbbd3332274a61ba75d137856c77b7f8d3b,runs,,,
runs/iconic_grounding_phd/rongorongo_real/glyph_svg_audit/107__Ab07-033__b.svg,1959,9c792cd3a85c764bd54faa0d16d5949d383b5809b8c6d17e8583536b4507115b,runs,,,
runs/iconic_grounding_phd/rongorongo_real/glyph_svg_audit/107__Ca13-015__b.svg,2224,c14f64c0f52c99bf7570083a424c46387b6088d82fdeba382efd5cfbbbd9e890,runs,,,
runs/iconic_grounding_phd/rongorongo_real/glyph_svg_audit/107__Cb10-009__b.svg,2752,10da27abe6eea453971597cdd53f0bded110f42bed8624e5426a3bb3e959da5e,runs,,,
runs/iconic_grounding_phd/rongorongo_real/glyph_svg_audit/108__Aa05-007__b.svg,1669,f736d220eb01dbca98d11161e370b7ab7d738b50175872bcdb05bb64912a05a9,runs,,,
runs/iconic_grounding_phd/rongorongo_real/glyph_svg_audit/108__Ca13-013__b.svg,2499,76ab39c892f3e967438f5ede251208730dd4198a00e1dff1cb64de806cf5d22d,runs,,,
runs/iconic_grounding_phd/rongorongo_real/glyph_svg_audit/108__Ev06-040__b.svg,1966,80ed13538209601e9cdd97dfd00e76c6188923bcc07569740cfe1d949477a41d,runs,,,
runs/iconic_grounding_phd/rongorongo_real/glyph_svg_audit/109__Aa04-086__b.svg,1605,357862fe22e28cffc1f484ac8150ad95e9829d9273de46d1e385d47962f60819,runs,,,
runs/iconic_grounding_phd/rongorongo_real/glyph_svg_audit/109__Aa06-067__b.svg,855,b42cc5642dd93b391afbf93bed5d879868587133e7e067bbd87e8c7e1ba28cb4,runs,,,
runs/iconic_grounding_phd/rongorongo_real/glyph_svg_audit/109__Aa07-042__b.svg,1018,4597dd36ab868743b76d3915e0d00c4f7864ecf466399c5321161531a874b939,runs,,,
runs/iconic_grounding_phd/rongorongo_real/glyph_svg_audit/110__Ev06-046__b.svg,2644,2396a983778f00deaf889eb3c164cee0548165e04adb67a2bfb3e13a86b92223,runs,,,
runs/iconic_grounding_phd/rongorongo_real/glyph_svg_audit/116__Bv03-003__b.svg,2463,e915ea5fa884cc162dccadb169e3d93ccea3a4ce5f3de3642da6436fefb29b52,runs,,,
runs/iconic_grounding_phd/rongorongo_real/glyph_svg_audit/117__Aa05-072__b.svg,1852,95cd8bc338d05679f5ed7284afc8731d3d95e74cb4a35e29bc69dbb7f7ea0a4a,runs,,,
runs/iconic_grounding_phd/rongorongo_real/glyph_svg_audit/117__Aa05-079__b.svg,2112,7355e1bd0276ea992c38d8b9faece7522c59be2e1bbb388b5d2356897ab973be,runs,,,
runs/iconic_grounding_phd/rongorongo_real/glyph_svg_audit/117__Aa06-022__b.svg,4171,5d6c01807c836f306dd6bd5b7191072d46f3f5350a32f8dfef4d3f4962e72ba9,runs,,,
runs/iconic_grounding_phd/rongorongo_real/glyph_svg_audit/118__Er02-027__b.svg,5064,73d7a6191c6e15c6e67aa80069115c29ec0af1096bc3db5a84e497004578970d,runs,,,
runs/iconic_grounding_phd/rongorongo_real/glyph_svg_audit/119__Br06-002__b.svg,3837,47027ea1674f0a3a05041e9c3c24f1e799e221ef1ff9fbea76aa25440cd87022,runs,,,
runs/iconic_grounding_phd/rongorongo_real/glyph_svg_audit/120__Aa01-014__b.svg,2173,8e2045dc6fb86b2927ac8452e5e3460c03da74a29977d723282c08adee5e0712,runs,,,
runs/iconic_grounding_phd/rongorongo_real/glyph_svg_audit/123__Ab05-096__b.svg,2482,3bd53fc44b3598f36e7aec156cc5638f431543c220413a53c84551bc7f56282a,runs,,,
runs/iconic_grounding_phd/rongorongo_real/glyph_svg_audit/123__Ab05-097__b.svg,2389,21f29dc9e4398dd1b5e72a52a587f6460aaf4ff03780666fb24dd31fe5d601c8,runs,,,
runs/iconic_grounding_phd/rongorongo_real/glyph_svg_audit/123__Er03-006__b.svg,3222,7fb5f380c8b9edaf8b44d8926f259290c79ad32611a543d571462ad81d67002e,runs,,,
runs/iconic_grounding_phd/rongorongo_real/glyph_svg_audit/126__Aa05-051__b.svg,3805,1dd85a35a5b315fdab026636c0bd6fce409a7506ce260084129d01408f71cf6e,runs,,,
runs/iconic_grounding_phd/rongorongo_real/glyph_svg_audit/126__Br04-015__b.svg,2407,4ac1357e25bfdb8f606ba50a8a0016f0ae4dd200bdfc5dd7cec99d0996371b12,runs,,,
runs/iconic_grounding_phd/rongorongo_real/glyph_svg_audit/126__Br04-024__b.svg,3187,e8946a4751764ba3069c3cf3f269cb30e6215debe004a1bb44f1d2c64f6bbb73,runs,,,
runs/iconic_grounding_phd/rongorongo_real/glyph_svg_audit/131__Aa02-012__b.svg,2994,9cfd6e252373b2b3b9303ac86234e8fb4721b9700ddeb0345e5b70186b45930c,runs,,,
runs/iconic_grounding_phd/rongorongo_real/glyph_svg_audit/132__Bv12-025__b.svg,2064,91bfcb840ae0c45d37bcefa15472aa0414db75bde2b3c174ae4781fb867a792f,runs,,,
runs/iconic_grounding_phd/rongorongo_real/glyph_svg_audit/133__Br05-038__b.svg,3671,9e25bc53a68c6e85923edbd4389b4569dfc8f381c273a47b07598ee8567082f5,runs,,,
runs/iconic_grounding_phd/rongorongo_real/glyph_svg_audit/133__Br08-050__b.svg,2403,7d5c69a3adc6b58922e8ca7850caa1aaffb00d6a99c13ab27232a6ebfbe310f0,runs,,,
runs/iconic_grounding_phd/rongorongo_real/glyph_svg_audit/133__Bv02-040__b.svg,2301,32bd903896d9a8de3ccc5c234aac4087bc6c82579403349e91817e256570fcff,runs,,,
runs/iconic_grounding_phd/rongorongo_real/glyph_svg_audit/134__Ab07-082__b.svg,2332,e9c8eb38576f2eba3cea3813e1ba4d83520395c0fb61dea33515fbc357a0dea7,runs,,,
runs/iconic_grounding_phd/rongorongo_real/glyph_svg_audit/134__Ab08-095__b.svg,2255,2ebf86a5a435e410a07383510d3aa1100008a6f67a75605ac7b2f8fb92dad5c8,runs,,,
runs/iconic_grounding_phd/rongorongo_real/glyph_svg_audit/134__Bv04-064__b.svg,2230,c3e8078fad468f734ec145776421e9f9a0bc939afb85c06e941d36ca541efcac,runs,,,
runs/iconic_grounding_phd/rongorongo_real/glyph_svg_audit/135__Br04-052__b.svg,1683,84e1040f7f222839fe907f45fda284331add62b4100b6d88e8fc5eb7f32deb50,runs,,,
runs/iconic_grounding_phd/rongorongo_real/glyph_svg_audit/139__Aa07-133__b.svg,5038,af02e03f94abf10526a37f662cc3d60ff82892093387116b2868ed4826534058,runs,,,
runs/iconic_grounding_phd/rongorongo_real/glyph_svg_audit/140__Bv09-011__b.svg,4224,062230cc9ccedd43e9be3a652fa347649a6cab45dd0e62fa6f019011ded0291a,runs,,,
runs/iconic_grounding_phd/rongorongo_real/glyph_svg_audit/141__Bv01-014__b.svg,2402,480b7bdb6fa9b0613f9e57b6244d78fd513e8f892a9eb7d4f11c3cec3a64d226,runs,,,
runs/iconic_grounding_phd/rongorongo_real/glyph_svg_audit/141__Er09-021__b.svg,1773,9256cbaca4eed3d52ed03eeb7dafbd2e8d0547b3d22d363e63d35e04fb53d32b,runs,,,
runs/iconic_grounding_phd/rongorongo_real/glyph_svg_audit/143__Ca07-034__b.svg,1917,aee4734270145006cca7de421f41a59ae2c5c305418cdf472e720877f9b4e1bc,runs,,,
runs/iconic_grounding_phd/rongorongo_real/glyph_svg_audit/144__Aa02-067__b.svg,3275,6cd6398c4ed7119c7ef6a29945c93b189590075b50b4f5ae18e39348953c7963,runs,,,
runs/iconic_grounding_phd/rongorongo_real/glyph_svg_audit/144__Aa02-072__b.svg,4225,d9f60e78c22e5887a49e31fe0394909c088bee1e9a472643986f3de02dd12286,runs,,,
runs/iconic_grounding_phd/rongorongo_real/glyph_svg_audit/144__Aa05-058__b.svg,4102,194d73adc7d8284225d88454337bfdd346e8268da252a2f1d2e015000025dc4e,runs,,,
runs/iconic_grounding_phd/rongorongo_real/glyph_svg_audit/145__Cb14-001__b.svg,1512,38b72bb551e06f73eee05f6edc1da2e8783c4dc0b6ac6d9f41adeb4c8d0c7445,runs,,,
runs/iconic_grounding_phd/rongorongo_real/glyph_svg_audit/152__Ca07-035__b.svg,4510,05f86db2a53508a55f0190b8256891a77d4ed273c87d4f2b90c1af5aca41c142,runs,,,
runs/iconic_grounding_phd/rongorongo_real/glyph_svg_audit/154__Bv09-019__b.svg,2791,1e07d938b956e40e8df1d475304025236ce630244f743096f3758112ecf65825,runs,,,
runs/iconic_grounding_phd/rongorongo_real/glyph_svg_audit/156__Bv09-016__b.svg,2053,9548397e38c5afa8690cf1d42a9026b6d241438ccb7726e5fd87cf0e0670839b,runs,,,
runs/iconic_grounding_phd/rongorongo_real/glyph_svg_audit/160__Aa02-084__b.svg,3187,86f35e076fc2e9cf9cb00cadca56991d3b039a10efac2b5e014954de2db50425,runs,,,
runs/iconic_grounding_phd/rongorongo_real/glyph_svg_audit/163__Ev04-021__b.svg,2694,fd5e0f9986a89307a1abc014dd7ef7ff356f9efa9e0441522d300b5767f7476d,runs,,,
runs/iconic_grounding_phd/rongorongo_real/glyph_svg_audit/164__Br07-053__b.svg,2938,7143a85068d9a2d35b9a27e2ba9a9a9a0374e4019f6ee56c3173377dca7a63b1,runs,,,
runs/iconic_grounding_phd/rongorongo_real/glyph_svg_audit/164__Br08-059__b.svg,2514,f4e6a73b5c9c5d4fa2a28c37728e820381b04498d0a6f1e09f98e78142b65ff4,runs,,,
runs/iconic_grounding_phd/rongorongo_real/glyph_svg_audit/165__Ab02-016__b.svg,3719,c0ff10d4cc9b53c2b29244422d8b326e7f6431d2ff7dc68da72d7ac989365194,runs,,,
runs/iconic_grounding_phd/rongorongo_real/glyph_svg_audit/165__Ab02-019__b.svg,3541,dd73e75b7fe13cb6e077d21b5c5813260b552339f32a4ee7935288426bab93a0,runs,,,
runs/iconic_grounding_phd/rongorongo_real/glyph_svg_audit/165__Ab07-072__b.svg,3524,b9cde6341c3a63858f019306d3459367b74cc06d4c8e0224b29901f3845b5005,runs,,,
runs/iconic_grounding_phd/rongorongo_real/glyph_svg_audit/166__Br09-045__b.svg,2967,fbe6dbf97f667ed63927453d48db6606db534ca6e1ee3a195d43781b75208b41,runs,,,
runs/iconic_grounding_phd/rongorongo_real/glyph_svg_audit/166__Bv03-037__b.svg,3635,cc9d8b9e9c5d283857391d26c80881b6d73b8c1a07ce8711897d12cc781ceb9a,runs,,,
runs/iconic_grounding_phd/rongorongo_real/glyph_svg_audit/166__Bv08-012__b.svg,3545,7cb45cfc82633dbb56bd2b9e482cf35dbcb3c2f4553b76e6f803600c69ca035d,runs,,,
runs/iconic_grounding_phd/rongorongo_real/glyph_svg_audit/167__Bv10-007__b.svg,4471,812b4ee43756ebcf991176b4bcd6e3440b7e905c50201975124592a9a8485ae4,runs,,,
runs/iconic_grounding_phd/rongorongo_real/glyph_svg_audit/167__Bv10-011__b.svg,4187,2ef40f94ea7164ffa055eca177520d90babe795a8fbadeaea5d54b3bb4e4a7dd,runs,,,
runs/iconic_grounding_phd/rongorongo_real/glyph_svg_audit/169__Bv02-042__b.svg,3888,7c7d15d0049cadaf87488c0d10b9fb0418b41cb2b31bbb27aac1765750fa273f,runs,,,
runs/iconic_grounding_phd/rongorongo_real/glyph_svg_audit/170__Ab02-003__b.svg,5534,75537d29f164ad842b7b0ee629a1719e259118ac87011c347bf345e5b0db0f8a,runs,,,
runs/iconic_grounding_phd/rongorongo_real/glyph_svg_audit/171__Bv08-058__b.svg,5069,8efa0bba4a2a64ad241fa7810b9c262d54aabb0bbfc9da0c3ad85962a312cd4a,runs,,,
runs/iconic_grounding_phd/rongorongo_real/glyph_svg_audit/172__Ev05-033__b.svg,5208,6487cf2fff1a6b39dc8ee3ab7eb3c1b6a5cbf0e2c359660a11229db6d135d0a6,runs,,,
runs/iconic_grounding_phd/rongorongo_real/glyph_svg_audit/173__Da02-023__b.svg,3934,299a8148cb3f001cd894a5e8c4f23638bf547d395137220dd09340646707a4c6,runs,,,
runs/iconic_grounding_phd/rongorongo_real/glyph_svg_audit/181__Aa05-061__b.svg,4494,4b6c078b61577787ca3cb6a36f3cfd09eb70e87a8e49561d33368022b3d8cde6,runs,,,
runs/iconic_grounding_phd/rongorongo_real/glyph_svg_audit/182__Aa07-058__b.svg,5266,dfaf0c65a183734835ab808bac062df238a68ec77312e868856547d5e03e5ef0,runs,,,
runs/iconic_grounding_phd/rongorongo_real/glyph_svg_audit/182__Aa07-091__b.svg,5060,349b16be87d6bf688dc92a8458d5fa2f5d2cb27ea6641125fa13c73f94820fb7,runs,,,
runs/iconic_grounding_phd/rongorongo_real/glyph_svg_audit/188__Ev07-017__b.svg,4916,770c69103fba700c942a2d1e14d7b534557c22e470eca54787c7ea01c4554442,runs,,,
runs/iconic_grounding_phd/rongorongo_real/glyph_svg_audit/190__Aa02-007__b.svg,4815,729e3fd6078e9c458da6deaae16e917ec1727474277b0042df84acbc73578cb4,runs,,,
runs/iconic_grounding_phd/rongorongo_real/glyph_svg_audit/190__Cb05-004__b.svg,4895,7a36c5613b3e0cdd589c5835aa4ada1085316a11497a7c70ac254ea43f44f7b3,runs,,,
runs/iconic_grounding_phd/rongorongo_real/glyph_svg_audit/191__Bv11-020__b.svg,4319,565cdc02ba15e56af559d309500e7b72d20597ed8357cdd71f25aeba87c211dc,runs,,,
runs/iconic_grounding_phd/rongorongo_real/glyph_svg_audit/191__Er04-043__b.svg,4493,2e8e86db4bbe5942aecff22598f211b6d603ab49ab5e5249a466642b2f9aa34a,runs,,,
runs/iconic_grounding_phd/rongorongo_real/glyph_svg_audit/195__Aa02-054__b.svg,3440,4675c40b7b29abbfbc21ec5857958c65c70e318e87848724c58110d4b535ea72,runs,,,
runs/iconic_grounding_phd/rongorongo_real/glyph_svg_audit/196__Bv07-007__b.svg,7646,7bce40dc9265867fab37adb1888c4f330e4f0454d49614092ef9563943174688,runs,,,
runs/iconic_grounding_phd/rongorongo_real/glyph_svg_audit/197__Aa03-088__b.svg,3150,742a2eacce6072f34a05a2a143d2c76cb8475596c053ab9295fb96cc0b0beaf1,runs,,,
runs/iconic_grounding_phd/rongorongo_real/glyph_svg_audit/200__Aa01-074__b.svg,4578,ee00700cf039346edc2209b2b247b62cf4a1573463c4d3f14f0d3672ab499132,runs,,,
runs/iconic_grounding_phd/rongorongo_real/glyph_svg_audit/200__Aa06-085__b.svg,4140,4a28b1ac0df958cde7661851b66dfd003692f9840174cc2ae55ef93008d5f0af,runs,,,
runs/iconic_grounding_phd/rongorongo_real/glyph_svg_audit/200__Br08-018__b.svg,4655,54504ef7547a2dd79d8704ed805e661d5fe44865bc425f719accec0d63a64a21,runs,,,
runs/iconic_grounding_phd/rongorongo_real/glyph_svg_audit/201__Aa02-001__b.svg,5111,682c62d428a3b0978dc0fd21e1b62df2c495f96de715458cbb307a91819b54b7,runs,,,
runs/iconic_grounding_phd/rongorongo_real/glyph_svg_audit/201__Aa03-074__b.svg,6010,cddcb9acda5cd42ed42ae5bf334a9b116ff11b215bc671de6aa5cec2b4282642,runs,,,
runs/iconic_grounding_phd/rongorongo_real/glyph_svg_audit/201__Ca02-005__b.svg,5457,f56b0d8e3274df6bfe07f548969ef38297c34e7cf55a0a3e0d20e395ea393d3b,runs,,,
runs/iconic_grounding_phd/rongorongo_real/glyph_svg_audit/202__Aa07-008__b.svg,5421,074fd21e628e989cb958c3179cb2d17f76b7b864640cf91745ff6e64de951dbc,runs,,,
runs/iconic_grounding_phd/rongorongo_real/glyph_svg_audit/202__Bv12-029__b.svg,6145,5aa5c2020f5b5a6321febdc8e8a9f179a7aa7ae17790c8001a42dbef3f707a55,runs,,,
runs/iconic_grounding_phd/rongorongo_real/glyph_svg_audit/202__Da07-001__b.svg,4473,8fa13784e45ce92122beab88b84c6179dceb1405a9f2702e1e3555db8f8c3f72,runs,,,
runs/iconic_grounding_phd/rongorongo_real/glyph_svg_audit/203__Br04-037__b.svg,6177,1cf13ab621f0703eb47c18eae248369a36b48027543b080774394057ea61b907,runs,,,
runs/iconic_grounding_phd/rongorongo_real/glyph_svg_audit/203__Br05-021__b.svg,5775,da2c73f822c0ccdce7592c66bf5cca8e27879ca4f868a6f969c2ab48cb321fb3,runs,,,
runs/iconic_grounding_phd/rongorongo_real/glyph_svg_audit/203__Er02-020__b.svg,5651,7580e67ed339b4d55d50ed8b43ac9eb4d53f471bc1a43adaf4bf8546a5c855de,runs,,,
runs/iconic_grounding_phd/rongorongo_real/glyph_svg_audit/204__Bv01-013__b.svg,6266,031cb3209fe7cf581d47bf6dcf92c753094dc2998966dcfdd796a19d61322ff7,runs,,,
runs/iconic_grounding_phd/rongorongo_real/glyph_svg_audit/204__Bv04-033__b.svg,5948,62ea8ed1b6272a888f2e6f4acda279ddd05b1e7a16b7d8081f5471ae7173c1f3,runs,,,
runs/iconic_grounding_phd/rongorongo_real/glyph_svg_audit/204__Da04-022__b.svg,5758,57c9959bcc87fe430e6ebc335a43dafb57704576f02b874191bff26b22fb1120,runs,,,
runs/iconic_grounding_phd/rongorongo_real/glyph_svg_audit/205__Aa08-007__b.svg,5116,96c805b885ffd198a9ebc4d195e55859d7db600ac992977451f0cc6344bb4c4f,runs,,,
runs/iconic_grounding_phd/rongorongo_real/glyph_svg_audit/205__Br02-037__b.svg,5038,90912d3d90056ef354682d63e8332d77638f9fc1d352503efef6b856de4ca71e,runs,,,
runs/iconic_grounding_phd/rongorongo_real/glyph_svg_audit/205__Bv08-005__b.svg,4885,aa0f0beff4c8e108b5cfbc1021c2e25dc37e289eb010b5d5ce40a59541683713,runs,,,
runs/iconic_grounding_phd/rongorongo_real/glyph_svg_audit/206__Aa03-056__b.svg,6899,1880dbf6780fc136141da3080e3052711b6dc7582d8b5703494a002b7d7b97ea,runs,,,
runs/iconic_grounding_phd/rongorongo_real/glyph_svg_audit/206__Bv03-004__b.svg,5148,7a17aa328fee6989e93a7c0dd0940e25be62716f8f8f52baee5ff87696f9d729,runs,,,
runs/iconic_grounding_phd/rongorongo_real/glyph_svg_audit/206__Bv06-055__b.svg,5796,afa286f134a0cfdf4cb5986b3109c2d39f803eec75b4dccc4d4769599c9e5a3e,runs,,,
runs/iconic_grounding_phd/rongorongo_real/glyph_svg_audit/207__Aa03-059__b.svg,5149,f42450caf787417eed285447fc67e25fcfcbcc6560bc6e72b014f306e3711ed5,runs,,,
runs/iconic_grounding_phd/rongorongo_real/glyph_svg_audit/207__Ab04-060__b.svg,5294,f848927121b6d7a9d5648596e6d8529cd59ffcd71bb9f8c31c5d6e5010c92710,runs,,,
runs/iconic_grounding_phd/rongorongo_real/glyph_svg_audit/207__Br09-055__b.svg,2361,512309f83e713e5092a015b751b32f755154b922f2c84935b5916d92587bb3d2,runs,,,
runs/iconic_grounding_phd/rongorongo_real/glyph_svg_audit/208__Aa03-050__b.svg,5596,a453ee15fd20a223102863a31763923c86910249b633a2a95cc0513519170523,runs,,,
runs/iconic_grounding_phd/rongorongo_real/glyph_svg_audit/208__Aa04-097__b.svg,5227,66b8ef5dbc18be73a21eb100c7afed25869b1945ff8729166684487ee2ebb7d8,runs,,,
runs/iconic_grounding_phd/rongorongo_real/glyph_svg_audit/208__Ab05-008__b.svg,5349,5517ef790edbba0c128d8a4de4dada604124012e94e1198e3999154cd801dff2,runs,,,
runs/iconic_grounding_phd/rongorongo_real/glyph_svg_audit/209__Aa06-036__b.svg,4864,d813e0515443aa98ffb9b32c42fe7ddd0530805775cdd78b2ebe5c90c5298970,runs,,,
runs/iconic_grounding_phd/rongorongo_real/glyph_svg_audit/209__Bv06-036__b.svg,6788,49c9c3ebd093cd24a353fc193e2c0d05fa332ab02d7e5c8d4f249827192a95c4,runs,,,
runs/iconic_grounding_phd/rongorongo_real/glyph_svg_audit/209__Cb14-002__b.svg,4042,92d2775a73abded77f73e265f6db349a03eb208241aec69e5a9a7671c3e0c9a7,runs,,,
runs/iconic_grounding_phd/rongorongo_real/glyph_svg_audit/210__Aa07-126__b.svg,4626,9e08415bf7667dda38c5855608b8e93f8e54745cd05b230d1a09d43431a1a710,runs,,,
runs/iconic_grounding_phd/rongorongo_real/glyph_svg_audit/211__Aa08-028__b.svg,5058,fef063ac63016c2887e732b59323d0a6e9800260fd7186fefe843eb053dccb67,runs,,,
runs/iconic_grounding_phd/rongorongo_real/glyph_svg_audit/211__Br01-014__b.svg,6462,125b2adce0cf81bf851a0e9e1bcf9baabeab78a2deed68601f0a2246f17796cd,runs,,,
runs/iconic_grounding_phd/rongorongo_real/glyph_svg_audit/211__Br01-030__b.svg,4991,81a8e16ecdf0aafd4f407e351a8ed91bfd87fad55851db54c85d3b5f2bff1e6f,runs,,,
runs/iconic_grounding_phd/rongorongo_real/glyph_svg_audit/212__Ab03-053__b.svg,7494,38a3d2ddfd9b62a7b520640981996b243061f9e1d1b9ce1ece5b0ac3c29fcfb0,runs,,,
runs/iconic_grounding_phd/rongorongo_real/glyph_svg_audit/212__Ab07-080__b.svg,5617,307f96bdf9d73ad46120ac0fdc91ae59ae9ca1633c17d611a2591b296168078f,runs,,,
runs/iconic_grounding_phd/rongorongo_real/glyph_svg_audit/214__Ca05-027__b.svg,4054,0094f913782c721b1bad1a4442cacfd97725248e89eb6e7df716cfb8c51e8304,runs,,,
runs/iconic_grounding_phd/rongorongo_real/glyph_svg_audit/214__Ca05-034__b.svg,4488,93a718ca6ca163b947cba011415bd155adcc53ec5affd5be1d207f11d8572b31,runs,,,
runs/iconic_grounding_phd/rongorongo_real/glyph_svg_audit/215__Aa08-029__b.svg,4883,240b4180ff54b8f048195071f9d0d83eab49c384701a592d434bb00d2f7a9804,runs,,,
runs/iconic_grounding_phd/rongorongo_real/glyph_svg_audit/215__Bv09-055__b.svg,4285,cb0e09e26c7fdeddf5ff10e7bd286f750ec31e566f4762dfc10c5d24b3c770ba,runs,,,
runs/iconic_grounding_phd/rongorongo_real/glyph_svg_audit/215__Ca02-012__b.svg,5442,3191613ff62c4ff338030ed8ffa2d89439e6f3d1176cede8c8197ae01fb552c8,runs,,,
runs/iconic_grounding_phd/rongorongo_real/glyph_svg_audit/216__Ab02-124__b.svg,6672,218ee77f7f83f07efa7f3b8ac2bf1a83cd21d260c3538f25767d9e1cca97a777,runs,,,
runs/iconic_grounding_phd/rongorongo_real/glyph_svg_audit/216__Cb05-025__b.svg,6608,4d69930f3e05d321e870d927ad6b4a8a6a0838c6c114162090fca1b59848b002,runs,,,
runs/iconic_grounding_phd/rongorongo_real/glyph_svg_audit/220__Aa06-003__b.svg,4271,b64122be5f7ad0c00b20c072bfefca8706cb4a04d4084ff91449b190cce793ab,runs,,,
runs/iconic_grounding_phd/rongorongo_real/glyph_svg_audit/220__Br02-001__b.svg,4217,ac135e094dfe8cf3ea1bcb5e7c3bfe8af506adfd18e7891dcf3ca1fc993ad5bb,runs,,,
runs/iconic_grounding_phd/rongorongo_real/glyph_svg_audit/220__Ca01-025__b.svg,4605,4f70fd62c200e4ce68c8d9d7902b424037440183ec5c7edcafeeb734d2d2dbb6,runs,,,
runs/iconic_grounding_phd/rongorongo_real/glyph_svg_audit/222__Ca12-006__b.svg,6013,32ad13c2c6ccf99920a5277b1cf2bc9d22d6ffedd7e06841a914a3e49380e9b3,runs,,,
runs/iconic_grounding_phd/rongorongo_real/glyph_svg_audit/224__Ev05-047__b.svg,6186,4dfe1a880acfda7554635ed9133df9d765a12c9d2402c3a81c7e9afdf29fe3c3,runs,,,
runs/iconic_grounding_phd/rongorongo_real/glyph_svg_audit/225__Ca02-009__b.svg,5418,1e4c74e3db5bb6fe6cc2c9967299dcf9351f2b87daa437ff0eb50daba5192870,runs,,,
runs/iconic_grounding_phd/rongorongo_real/glyph_svg_audit/225__Er09-005__b.svg,3818,7830344ebd5caac5f7531b4ddc7e3395f4fe60af5a03499221215e5791e66d62,runs,,,
runs/iconic_grounding_phd/rongorongo_real/glyph_svg_audit/226__Aa06-060__b.svg,6560,c1d1a3157ec490862ee386911bbd391d328c205db2a70218d702dc066b8e0583,runs,,,
runs/iconic_grounding_phd/rongorongo_real/glyph_svg_audit/226__Ca01-023__b.svg,5842,da87841d11b6ddb2ea37b6c1c265c2d1ee74fd545968928511682cd7320d307d,runs,,,
runs/iconic_grounding_phd/rongorongo_real/glyph_svg_audit/226__Ca13-008__b.svg,5749,3c8c06e198202888a937a15aefbec960cd7a59e2622017ff4db471d2482da6ad,runs,,,
runs/iconic_grounding_phd/rongorongo_real/glyph_svg_audit/231__Br03-016__b.svg,4597,59e88b7a2cd894817fc3994f3b54df5182a1539461ac364ce49a28dba675a0ee,runs,,,
runs/iconic_grounding_phd/rongorongo_real/glyph_svg_audit/232__Aa06-059__b.svg,4666,5d97b12a1850684fa91f8a755c1b689900a224ae5f95ed9e59173c3181e1fdae,runs,,,
runs/iconic_grounding_phd/rongorongo_real/glyph_svg_audit/232__Bv05-029__b.svg,4717,a32be0e3cc70f924361ef4f273524daabf64087608be19bdfb2b792efad572ec,runs,,,
runs/iconic_grounding_phd/rongorongo_real/glyph_svg_audit/234__Aa03-076__b.svg,5102,1bd3f28a981d7a9765f109a51d4c0a5338a5b8ae9be17054640326f5ef97ccb3,runs,,,
runs/iconic_grounding_phd/rongorongo_real/glyph_svg_audit/235__Br08-026__b.svg,4608,796b984918666c4277ceedc386f9501fc4593e98ea2ec7b77b9a32ec15baf237,runs,,,
runs/iconic_grounding_phd/rongorongo_real/glyph_svg_audit/235__Bv03-046__b.svg,4416,be79f9f67b3b3f34da2ad4be572b78caa5a2752e3daa40edec65899a2f03953c,runs,,,
runs/iconic_grounding_phd/rongorongo_real/glyph_svg_audit/236__Bv05-027__b.svg,6734,f58cb4d58ead6479368d733ce344ab551e15efb17ff1d37017231aa106e58b0e,runs,,,
runs/iconic_grounding_phd/rongorongo_real/glyph_svg_audit/240__Aa05-084__b.svg,5257,3754e1d9132e5ee279b3666732a079903af506c68a9eaadb93fe5537ca92a4a1,runs,,,
runs/iconic_grounding_phd/rongorongo_real/glyph_svg_audit/240__Aa08-112__b.svg,6145,68222eff45df3a1f2d99d2d19a8fd18daa04e0b6489d6e6ae34bb9b8e3be4141,runs,,,
runs/iconic_grounding_phd/rongorongo_real/glyph_svg_audit/240__Ab01-051__b.svg,5287,38fe0002ffc11a0e6656e7808cf02aed10363e60014f16313feb6f6ad3ab08f0,runs,,,
runs/iconic_grounding_phd/rongorongo_real/glyph_svg_audit/242__Aa08-031__b.svg,5595,e6091581641077a6b7dfafd41dac685809d1219872611bdeab6a96fc9e4c09d2,runs,,,
runs/iconic_grounding_phd/rongorongo_real/glyph_svg_audit/242__Br10-006__b.svg,6164,5805579b4e1bc102d8b638b427889b03c3102b783b39577bbea0a38cdc6824f4,runs,,,
runs/iconic_grounding_phd/rongorongo_real/glyph_svg_audit/243__Aa02-094__b.svg,6279,38742776e52f9d1ef3a19046bdf41d1aab65b2778b22d09966892ccc81293499,runs,,,
runs/iconic_grounding_phd/rongorongo_real/glyph_svg_audit/243__Ab02-065__b.svg,7274,17e1abf9e4aa46832046883c7c63f4d81f9e74bcd103c62d0a5be446d70f9df9,runs,,,
runs/iconic_grounding_phd/rongorongo_real/glyph_svg_audit/243__Ab02-069__b.svg,6873,1da65faf76b4796387aead549c41684ff33151d01139c37e56a551ba9610eae1,runs,,,
runs/iconic_grounding_phd/rongorongo_real/glyph_svg_audit/244__Aa04-049__b.svg,6161,530603985c53ca19f5c6a4e0551527a16cdaaf69a7b7f0b18fc1fdcb05c30e8f,runs,,,
runs/iconic_grounding_phd/rongorongo_real/glyph_svg_audit/244__Br10-005__b.svg,6818,8986db5b4c2bf3311c4329a8443b2d544e89c2c94b29cf5fadb8070d5e8899a5,runs,,,
runs/iconic_grounding_phd/rongorongo_real/glyph_svg_audit/244__Br10-035__b.svg,6173,f0b4c105b86311c42220ae46cec9d0f85769c52827ad6ae7c6c7ac79135c52fc,runs,,,
runs/iconic_grounding_phd/rongorongo_real/glyph_svg_audit/245__Cb04-035__b.svg,3594,e83216d9a5bef66987e1f1d546b7893635443e0cce4bf16030a2fc959b528931,runs,,,
runs/iconic_grounding_phd/rongorongo_real/glyph_svg_audit/245__Ev03-041__b.svg,4777,875cda22082011dacbcfb2c620372b35874bd9e9cf89e9626f9323c3bf6fa251,runs,,,
runs/iconic_grounding_phd/rongorongo_real/glyph_svg_audit/246__Aa02-035__b.svg,6673,9171f8fbd2c8d690be3b38635f0aefd9e971b5288f8cd36f5f2ce1c2e142f89d,runs,,,
runs/iconic_grounding_phd/rongorongo_real/glyph_svg_audit/246__Aa06-070__b.svg,5963,54a4d6e56edbf82270572825f964d0a7ff5754471ffecad19d8f5ebed5850772,runs,,,
runs/iconic_grounding_phd/rongorongo_real/glyph_svg_audit/246__Ab08-076__b.svg,7185,f989b83e17a046679a7147ff301b3eadbc3ce4b5ad573707516dce5fe41c6316,runs,,,
runs/iconic_grounding_phd/rongorongo_real/glyph_svg_audit/247__Cb12-011__b.svg,6125,99e714825dadce9ed2a62de3410a756d2150cc4ebab2d5f4ccd629f58c12fde4,runs,,,
runs/iconic_grounding_phd/rongorongo_real/glyph_svg_audit/248__Cb08-008__b.svg,6703,ed264f61a68e95c159cce074e2f0618bdaa8a7a66bc4a728518f57d56eeabc4d,runs,,,
runs/iconic_grounding_phd/rongorongo_real/glyph_svg_audit/252__Ca03-024__b.svg,7159,f1e56705535159c3c563f7294a489c358332a58c2041bbbf65080dd80b8aca64,runs,,,
runs/iconic_grounding_phd/rongorongo_real/glyph_svg_audit/253__Aa08-062__b.svg,7091,7dea43a4b43bf3f1edae9aca0df32ddb332269a29c8e7d5d9336009517146764,runs,,,
runs/iconic_grounding_phd/rongorongo_real/glyph_svg_audit/253__Aa08-068__b.svg,7366,53f8c2ffb1619bddb85b8864c49d22db398fb70af610d84cf303a0a9698d3ba2,runs,,,
runs/iconic_grounding_phd/rongorongo_real/glyph_svg_audit/254__Aa04-010__b.svg,6784,e1f1afd1e04e5826bc01192b0e43f0624e7734d4bd280142abffed92d426fbc1,runs,,,
runs/iconic_grounding_phd/rongorongo_real/glyph_svg_audit/254__Aa04-080__b.svg,6376,8772d6b132d9339a5abc9685d8a45cbb3e3c9c1d3a716e2a6620687480d8545b,runs,,,
runs/iconic_grounding_phd/rongorongo_real/glyph_svg_audit/254__Aa07-023__b.svg,6779,bbfb4cc6a9622430acaea4373df0a162e5faa377f02b7e23321deb0e5b259255,runs,,,
runs/iconic_grounding_phd/rongorongo_real/glyph_svg_audit/255__Aa08-027__b.svg,5787,0ebb028ca3413d6cdfeb65149d6d6efe212e970698514e5ae9a91ee1dc9e522a,runs,,,
runs/iconic_grounding_phd/rongorongo_real/glyph_svg_audit/255__Ab04-089__b.svg,6691,1369d4d9667566392ad152e71d41448398fa9a3258b8b21598161cb7b1dc41a9,runs,,,
runs/iconic_grounding_phd/rongorongo_real/glyph_svg_audit/255__Cb03-023__b.svg,6041,e3cd8f1fa80c7af068b96465dd922a08413170b50fe81d4b3c7a8fa1183935e8,runs,,,
runs/iconic_grounding_phd/rongorongo_real/glyph_svg_audit/256__Aa03-065__b.svg,8193,0bdf2f50bb806119003cf24b38755095acb0070382a32358d7f081280d92dafd,runs,,,
runs/iconic_grounding_phd/rongorongo_real/glyph_svg_audit/256__Aa04-012__b.svg,7497,f797acdf5457a319e3032c497904a2f56a7bd7e16c79e63d46cc881662a48c11,runs,,,
runs/iconic_grounding_phd/rongorongo_real/glyph_svg_audit/256__Aa07-032__b.svg,7835,6afc2999b606b5b037b4add472c612dea6ae7de80b3fd4f2ba6972292b19d605,runs,,,
runs/iconic_grounding_phd/rongorongo_real/glyph_svg_audit/260__Aa01-019__b.svg,4472,f27ba5159f3736415a6544a8cba84ac57272dc79d51b091307e617e63448473b,runs,,,
runs/iconic_grounding_phd/rongorongo_real/glyph_svg_audit/260__Bv08-022__b.svg,5352,ebe332bd5fdd22574d5ca36de921f88761ce35ec2a6a33fb99f4286526d69d14,runs,,,
runs/iconic_grounding_phd/rongorongo_real/glyph_svg_audit/260__Bv08-026__b.svg,4769,5f04eb5a264c92aa0b12a8fbfb526291824b26f4152e38ca4c4ef1805843c69e,runs,,,
runs/iconic_grounding_phd/rongorongo_real/glyph_svg_audit/262__Br04-007__b.svg,6275,aafa027990057e95dc6a34a4627cee0b6e86d18bece5ee682c52dbe859350e6a,runs,,,
runs/iconic_grounding_phd/rongorongo_real/glyph_svg_audit/263__Br04-038__b.svg,6110,9dde7f6a415e870ce624764909fb90c6608db7a4d5f99301bb829afb1129a8a2,runs,,,
runs/iconic_grounding_phd/rongorongo_real/glyph_svg_audit/263__Br04-040__b.svg,5678,78a2aec89795481e378157c36a236ce0dbe118dcd35467f23b89523c4a89841b,runs,,,
runs/iconic_grounding_phd/rongorongo_real/glyph_svg_audit/263__Br04-045__b.svg,5735,1f460d84c2eb7acb45e8d3cc5b8860c3c85924b954a59a6bc19ae177a1570653,runs,,,
runs/iconic_grounding_phd/rongorongo_real/glyph_svg_audit/264__Bv11-002__b.svg,5220,c79e4cefc99b1b5cfdc99fa9e11e836238b805192b34f7fb568e3a3bce831ef4,runs,,,
runs/iconic_grounding_phd/rongorongo_real/glyph_svg_audit/275__Br05-029__b.svg,4448,a8d3a4a35cb172eb703f964c6f51a3d07d66f82688c04b6043e21ab4ed2ab753,runs,,,
runs/iconic_grounding_phd/rongorongo_real/glyph_svg_audit/275__Bv11-044__b.svg,4583,3206789ba8943b7e8f63556c93d340e866b53d18f7fd569443cba58837fb5607,runs,,,
runs/iconic_grounding_phd/rongorongo_real/glyph_svg_audit/275__Bv11-046__b.svg,4355,858af4e055f3fe80e0b4b1c23d4d48120f1cc6c7f7493c05e1dcdbe5e86af3fc,runs,,,
runs/iconic_grounding_phd/rongorongo_real/glyph_svg_audit/276__Ev07-015__b.svg,5381,f1cc48ef2548b5ce33203668c6b9ae1d5ec31e67ce42e46a22e36daa8aabee79,runs,,,
runs/iconic_grounding_phd/rongorongo_real/glyph_svg_audit/279__Er08-030__b.svg,5256,8d97073cff392b558b2a0f0303a23ab577efa89f73b6b1ede5fd4bc60dbbd805,runs,,,
runs/iconic_grounding_phd/rongorongo_real/glyph_svg_audit/280__Aa02-082__b.svg,4200,f9843295cb3b195e640dbf598fd43daa6b3968144023013c94f4dc36bb2cc8d6,runs,,,
runs/iconic_grounding_phd/rongorongo_real/glyph_svg_audit/280__Aa08-094__b.svg,4292,1e6b9cd6c1a42e0d5ca321b883b32722ef97108b0eda5dec468169bb6d71ae30,runs,,,
runs/iconic_grounding_phd/rongorongo_real/glyph_svg_audit/280__Ab01-062__b.svg,4010,016e3216113f51e1144a656ae237c12e83110825c10f7b92459c11984adda44a,runs,,,
runs/iconic_grounding_phd/rongorongo_real/glyph_svg_audit/281__Cb06-016__b.svg,5427,fa4ecbaa833e9305dc677b5a30bb43cf80123b24e4226d3f5070d3b4860e3aea,runs,,,
runs/iconic_grounding_phd/rongorongo_real/glyph_svg_audit/281__Cb06-018__b.svg,5294,d65b5341ed362d30b6bf786c19f71534b5ccea55bd763e7d8aa676762e60f9dc,runs,,,
runs/iconic_grounding_phd/rongorongo_real/glyph_svg_audit/285__Aa04-015__b.svg,4549,47ec41f8e43b9a886197e00c9102cf18c1ed22ebea4d338bf5dac56534fdf673,runs,,,
runs/iconic_grounding_phd/rongorongo_real/glyph_svg_audit/285__Da02-021__b.svg,4973,d9748983aeb61d25fc886b0dbec7286064325a706eb4f8973b6505a25ec992e6,runs,,,
runs/iconic_grounding_phd/rongorongo_real/glyph_svg_audit/286__Aa08-037__b.svg,6473,55f04bea94b380242fd344a8d9d927e54b6688485be0d0480f0fe27f2a81f552,runs,,,
runs/iconic_grounding_phd/rongorongo_real/glyph_svg_audit/286__Br09-008__b.svg,5979,f92faac172012438aa04a12b7517874e7f765042227a949fa79a93b5fc0215f6,runs,,,
runs/iconic_grounding_phd/rongorongo_real/glyph_svg_audit/286__Ca03-035__b.svg,5625,27db35944fd3bc12f119fb34706c515a06b9d491f4a8ed4bf112348340953f08,runs,,,
runs/iconic_grounding_phd/rongorongo_real/glyph_svg_audit/290__Aa01-101__b.svg,3604,e16f3744679fb7723daf81ea173984f6ea6da8df8b1aed73c5204bde04a89aa5,runs,,,
runs/iconic_grounding_phd/rongorongo_real/glyph_svg_audit/290__Ab01-091__b.svg,3570,e321bc248046bb19b82669a32d718d8a6244767ddd2ec3d0a307b9ddbc111f97,runs,,,
runs/iconic_grounding_phd/rongorongo_real/glyph_svg_audit/290__Ab06-117__b.svg,4628,2b8ccae00b0942c74d3c170241aed68b6fe9f683c60f2179202a19bc7da0b5c7,runs,,,
runs/iconic_grounding_phd/rongorongo_real/glyph_svg_audit/291__Ab07-066__b.svg,4680,9213c47422e42382b896e5eb0cd8ef40699c295434d2e0e03bab54d7176af8c0,runs,,,
runs/iconic_grounding_phd/rongorongo_real/glyph_svg_audit/291__Ab08-081__b.svg,4756,2ed2ee615626003d8ef81f812095e6722b370e83dd2b35c0ed6b920b9fa0bee8,runs,,,
runs/iconic_grounding_phd/rongorongo_real/glyph_svg_audit/291__Br07-028__b.svg,3620,ae0a59a8f6c824903f07008a50ff5b1a3d54f174cf886fd587caae56152f9f69,runs,,,
runs/iconic_grounding_phd/rongorongo_real/glyph_svg_audit/292__Bv05-007__b.svg,5138,1194e697bfab82ba80a7f2dde53ec45c30db620413af11f9f8a24e5c1936f128,runs,,,
runs/iconic_grounding_phd/rongorongo_real/glyph_svg_audit/292__Ev05-009__b.svg,5106,7e6969cbd25dca8dfce86a81cc7029ceeccd4ff5cdd85868495ae3b992b22b3b,runs,,,
runs/iconic_grounding_phd/rongorongo_real/glyph_svg_audit/293__Br03-032__b.svg,5840,b78a2f64f6ba527daa4e696b7d7677e923c72e010e2295290d9755e2dcfab39a,runs,,,
runs/iconic_grounding_phd/rongorongo_real/glyph_svg_audit/294__Ev02-011__b.svg,5662,03c9202e311388cd00f4ee6a17ca59203cd99d9e5a13ad72fabcd7530cd27ad8,runs,,,
runs/iconic_grounding_phd/rongorongo_real/glyph_svg_audit/296__Ab07-032__b.svg,5977,9c427172b831ce7123d98fc7732aa62bf490c2eebbe995b8fcb4c0b75237288a,runs,,,
runs/iconic_grounding_phd/rongorongo_real/glyph_svg_audit/296__Cb07-027__b.svg,5420,4e7d7faf9a8fad8d7419026c45fa49d2b0def236793315c3404f2565997cdbbb,runs,,,
runs/iconic_grounding_phd/rongorongo_real/glyph_svg_audit/298__Aa07-076__b.svg,6964,b0bcfb34c31a75ac01d521478e618e9c0bf89c93dd4e53559247b3e105477be2,runs,,,
runs/iconic_grounding_phd/rongorongo_real/glyph_svg_audit/298__Ev07-046__b.svg,6141,704d6360cf9a24ed0ba5fb9e774737f5d686a35eee25d0a8765cff520b830b48,runs,,,
runs/iconic_grounding_phd/rongorongo_real/glyph_svg_audit/299__Ca09-019__b.svg,7048,8ac227f4ebe9f14e2b802b91dff5b204a93047364c5a2fad9021e600ab39ee07,runs,,,
runs/iconic_grounding_phd/rongorongo_real/glyph_svg_audit/300__Aa01-081__b.svg,3821,ed22015afa1a68c9db09b6a59c49ae44074f5cd321f75e496533f4f672604734,runs,,,
runs/iconic_grounding_phd/rongorongo_real/glyph_svg_audit/300__Ab01-017__b.svg,3451,375ead27e7c658fd2546c64b14d5e4f5f803fd3b2521002c6cc197c686819131,runs,,,
runs/iconic_grounding_phd/rongorongo_real/glyph_svg_audit/300__Br02-050__b.svg,3992,869cc44f772ce3f2887cdd77105fe439a1654f72339e503b95396e7f3b3af4cb,runs,,,
runs/iconic_grounding_phd/rongorongo_real/glyph_svg_audit/301__Aa01-029__b.svg,4854,966420bea9f792e594d520f1a694daac4766f20059a21416640639df29800952,runs,,,
runs/iconic_grounding_phd/rongorongo_real/glyph_svg_audit/301__Aa01-090__b.svg,4700,7124dc10675739434058a5ba34321968c216116c62584ae8e437ca3f70eba128,runs,,,
runs/iconic_grounding_phd/rongorongo_real/glyph_svg_audit/301__Aa03-062__b.svg,4969,9bf6c0e8870c7c215c0214d60506777945a67ace871dc935320e57050364ed72,runs,,,
runs/iconic_grounding_phd/rongorongo_real/glyph_svg_audit/302__Aa02-090__b.svg,4437,d10b626fb8f64e398a1d3e9615246078cffe8f9c2373b94d01151e572d35cf0e,runs,,,
runs/iconic_grounding_phd/rongorongo_real/glyph_svg_audit/302__Aa07-109__b.svg,5271,5aacadb705045d6960505bc1337f2214d51f2cc70b9123e315d8ba42f539f50f,runs,,,
runs/iconic_grounding_phd/rongorongo_real/glyph_svg_audit/302__Bv01-018__b.svg,4642,28a663559460fc59e1f144218b6b1e5ce83f0523a7aa200b44a7967dc5be38a2,runs,,,
runs/iconic_grounding_phd/rongorongo_real/glyph_svg_audit/303__Aa06-066__b.svg,4491,a403d59281103e66687752aef42838dcef867b3c264ab663c1e96f9b2f1fd46c,runs,,,
runs/iconic_grounding_phd/rongorongo_real/glyph_svg_audit/303__Br05-003__b.svg,4512,2d1f6187b9c5751331491f0f06c986162ef675245348006181ad75fcc6f8c568,runs,,,
runs/iconic_grounding_phd/rongorongo_real/glyph_svg_audit/303__Br05-005__b.svg,5791,ed4c6da13fdc380a5610a45d777a48e4916e1d3f3321b36b9720aec545b15802,runs,,,
runs/iconic_grounding_phd/rongorongo_real/glyph_svg_audit/304__Bv09-040__b.svg,6723,30f082cf1e38255f8c2b786a6561f10a35aa1e4d42a3789fbd23c2a11d28a5e0,runs,,,
runs/iconic_grounding_phd/rongorongo_real/glyph_svg_audit/304__Bv09-042__b.svg,6388,c96204d8c2b76cc8bb9c681b3a3fa6d5bc67f69486d82e815e0242efc7fea4df,runs,,,
runs/iconic_grounding_phd/rongorongo_real/glyph_svg_audit/305__Aa05-024__b.svg,4783,554f90707b91d6920ceda15d2fba2b2e8df811c82422bd36af3b2b84b6ac5dda,runs,,,
runs/iconic_grounding_phd/rongorongo_real/glyph_svg_audit/305__Aa07-074__b.svg,4789,01c050c62b34982848d4ce64fd5721dd4a752c8c3dcc93863dc1f9208ee88d0f,runs,,,
runs/iconic_grounding_phd/rongorongo_real/glyph_svg_audit/305__Ab01-005__b.svg,3680,f946f77c66954485b215b14a6b1d433d2d43a9cd49267ff958ed143d7517e3f6,runs,,,
runs/iconic_grounding_phd/rongorongo_real/glyph_svg_audit/306__Aa02-081__b.svg,5360,97b3fdd0e7ea3e0208f47e1697917b95ae1b9be1a43712a4f910ad1d9fc504ca,runs,,,
runs/iconic_grounding_phd/rongorongo_real/glyph_svg_audit/306__Aa05-067__b.svg,5538,79dd06c21ed0127f619f9653ca62935a610fc9e0090e65e82c4476ad9b510714,runs,,,
runs/iconic_grounding_phd/rongorongo_real/glyph_svg_audit/306__Ab01-093__b.svg,5160,859619bb0c634a5bc9bdf83f54d1fe35cfaee0b0004e74f14e855d931af717b7,runs,,,
runs/iconic_grounding_phd/rongorongo_real/glyph_svg_audit/307__Br09-023__b.svg,4837,069e3605c12632b3f0a27b9570477dd4c17aa6830d42ea1a35091b2d43254510,runs,,,
runs/iconic_grounding_phd/rongorongo_real/glyph_svg_audit/307__Bv01-002__b.svg,4413,3e57bbbba7a2f107c91c642bd7daad02c501c8db05dd56defbd55ab53e5ff650,runs,,,
runs/iconic_grounding_phd/rongorongo_real/glyph_svg_audit/307__Bv03-020__b.svg,4773,7e9d699c7be5c00bfadf648fb38b472e8b4ba5c226e09b37fc004d012120979d,runs,,,
runs/iconic_grounding_phd/rongorongo_real/glyph_svg_audit/311__Aa06-103__b.svg,5275,25572f3cc911d851ea6ad31bcc3de593a3ae5bca1dceb489bc647744430eb91b,runs,,,
runs/iconic_grounding_phd/rongorongo_real/glyph_svg_audit/311__Bv01-006__b.svg,6467,a6e544f78f1e790162891ec0a9d7253df7a6353830beb35afb462b2e2189abbb,runs,,,
runs/iconic_grounding_phd/rongorongo_real/glyph_svg_audit/311__Cb01-032__b.svg,5325,c651f0199c9e869adc8cb380bfcfddbbcd1e8ac8a9340dd63eb4bc19aed4bf94,runs,,,
runs/iconic_grounding_phd/rongorongo_real/glyph_svg_audit/315__Ca06-027__b.svg,4982,bb35dfe9d0cb64f79449817e28641dfdef0f7f4fb3c099b55dcf14c2dcd26193,runs,,,
runs/iconic_grounding_phd/rongorongo_real/glyph_svg_audit/316__Aa03-022__b.svg,5964,b9c965b41d9326f81a25f904e9a9fa53b0b47f087ee1126b00b5872978941e34,runs,,,
runs/iconic_grounding_phd/rongorongo_real/glyph_svg_audit/316__Aa03-028__b.svg,6765,d3d3cce752670b0c9d345e81ac2d5a49be7bcd152896997dcc2af880eb1ca2ab,runs,,,
runs/iconic_grounding_phd/rongorongo_real/glyph_svg_audit/316__Aa03-035__b.svg,5987,1984d655f1d539da521c46a7123618c2ff2e9fa07a14eb9a9388df25cd295d9e,runs,,,
runs/iconic_grounding_phd/rongorongo_real/glyph_svg_audit/320__Aa01-003__b.svg,4621,8507d7f33159ab94bc2b817f67b209becf30a48268309802f6b9a0690fe7b415,runs,,,
runs/iconic_grounding_phd/rongorongo_real/glyph_svg_audit/320__Aa01-005__b.svg,4474,c54d6105057e60aeccf89f5f8d90137d0f887b99860503df8df32d9291388e98,runs,,,
runs/iconic_grounding_phd/rongorongo_real/glyph_svg_audit/320__Aa03-083__b.svg,4793,f602914c48f220e86d750b534ade34c24da2076df21951c76ba330caa204595a,runs,,,
runs/iconic_grounding_phd/rongorongo_real/glyph_svg_audit/321__Aa06-020__b.svg,4791,27c07f69714417fb09ad969efca0a9110265a0a5bb9e740737c0851eb84413c9,runs,,,
runs/iconic_grounding_phd/rongorongo_real/glyph_svg_audit/323__Aa06-079__b.svg,4983,f514790fc54811ed32d7964b7743ce590b656d6c44c7537d10ef61f79f7a70ae,runs,,,
runs/iconic_grounding_phd/rongorongo_real/glyph_svg_audit/324__Ab07-104__b.svg,5249,9b4adbaa98c80ea5020c30e22df3f3cdc809c8ca207453ae8daf96b7ab3ac692,runs,,,
runs/iconic_grounding_phd/rongorongo_real/glyph_svg_audit/324__Br06-068__b.svg,5605,fcc8bd3921295013be1d8312b79f10fc98920dc72885535d0627bd5167c50b7b,runs,,,
runs/iconic_grounding_phd/rongorongo_real/glyph_svg_audit/324__Br07-016__b.svg,5908,8676b3e9ab75a4ea06021e45bc927bd9a7ef8ac131c5d83edade4203d7e62812,runs,,,
runs/iconic_grounding_phd/rongorongo_real/glyph_svg_audit/325__Aa03-052__b.svg,5658,75c1f701e870f353bfe43cef9d321b3f20547be11c18bb0f163569ed830cd4e1,runs,,,
runs/iconic_grounding_phd/rongorongo_real/glyph_svg_audit/325__Aa05-102__b.svg,5129,a6a277f4cb9caaaed7b80dc2ee639e90bbf4adbd3eab0a019708daa983730e41,runs,,,
runs/iconic_grounding_phd/rongorongo_real/glyph_svg_audit/325__Ab01-034__b.svg,4601,45b156fb230efac021aa6e9e1930fe74c6be016cfd07d27886ceccb03817a084,runs,,,
runs/iconic_grounding_phd/rongorongo_real/glyph_svg_audit/326__Aa06-058__b.svg,5791,44b06856d8a01debadd545a98af4a25418d75a3503929e90c14fbeb66c0e8b79,runs,,,
runs/iconic_grounding_phd/rongorongo_real/glyph_svg_audit/326__Ab04-107__b.svg,6222,b41e55c8f5cbfb2c34ae30cb75303876a2cd2f61a36cf75657b5d255bb520b1b,runs,,,
runs/iconic_grounding_phd/rongorongo_real/glyph_svg_audit/326__Ab06-010__b.svg,5360,f4d5962a377a5aac1fe34d509447a5e82c0f83fe5e8e596eb8401d8c4f5bf7f1,runs,,,
runs/iconic_grounding_phd/rongorongo_real/glyph_svg_audit/330__Aa06-018__b.svg,3697,39364ebf45ff6ca0f02172ac14ee0651fa0a86101df9f5c04b661855303ed481,runs,,,
runs/iconic_grounding_phd/rongorongo_real/glyph_svg_audit/330__Br03-006__b.svg,3596,112cc3ec1eb7198f7e26394437b8db1e87e4ab4d32a9614a1b2bef8f79ca9d7c,runs,,,
runs/iconic_grounding_phd/rongorongo_real/glyph_svg_audit/330__Br03-008__b.svg,3787,24fcfa74a861d259c67686cbbf6243b2bb0ff3cc59c4115bc59d88d326c0b6ad,runs,,,
runs/iconic_grounding_phd/rongorongo_real/glyph_svg_audit/331__Br05-030__b.svg,4227,01de391f3d074d43a577074089005b24b21d3224eb51ecbc03320197276aa215,runs,,,
runs/iconic_grounding_phd/rongorongo_real/glyph_svg_audit/340__Aa06-075__b.svg,4455,f5e70f6f684cb9a7b8c668db6bb3042f0d258099253befd91ee83474555a7771,runs,,,
runs/iconic_grounding_phd/rongorongo_real/glyph_svg_audit/343__Ev02-034__b.svg,5684,4c3d6fc622bc33bd0674e556a165f0b9974094f3293eef7720150c165bb9e0be,runs,,,
runs/iconic_grounding_phd/rongorongo_real/glyph_svg_audit/354__Cb05-011__b.svg,5782,4d4fb0f551414affe49c27b42567897771735ec594e0c3a13aa87658f1dd6d41,runs,,,
runs/iconic_grounding_phd/rongorongo_real/glyph_svg_audit/360__Aa05-020__b.svg,4281,b7542138a6d973119bead5ce6bbe8def2e76ecf0f9356ec66c1aada540ab7696,runs,,,
runs/iconic_grounding_phd/rongorongo_real/glyph_svg_audit/360__Ab03-055__b.svg,4285,1cf1d8383be30c6c9dc7aa95f4020452ae48c688c03b1dac92ce919df0412a29,runs,,,
runs/iconic_grounding_phd/rongorongo_real/glyph_svg_audit/360__Ab07-049__b.svg,4738,6e0b8c610589095858db4a781726ebf0703a3c9958ca1749e41444d9885f6080,runs,,,
runs/iconic_grounding_phd/rongorongo_real/glyph_svg_audit/361__Ab08-035__b.svg,5556,6d3e539529b8201769660868d3f3280225b901226057f6b42092785920d1f100,runs,,,
runs/iconic_grounding_phd/rongorongo_real/glyph_svg_audit/366__Aa05-033__b.svg,6677,fd201014633aefe78a4863e6b3ed67417c09acc35b3a4d561f565f6819e6e02b,runs,,,
runs/iconic_grounding_phd/rongorongo_real/glyph_svg_audit/370__Ca01-039__b.svg,3606,bc49b324a49d4ebdbf64c1e00f40e78aea84ca040b656d3b69a385726163e736,runs,,,
runs/iconic_grounding_phd/rongorongo_real/glyph_svg_audit/370__Ca02-014__b.svg,4424,e03ab9685140e0fb34e6da6abeff78d6c1d4b76cad8eb674f9d924c46c9f2974,runs,,,
runs/iconic_grounding_phd/rongorongo_real/glyph_svg_audit/370__Cb02-031__b.svg,4233,0ace9e9d4299adde1352ce4713c714d4755829f91114831a4570851fd81f6548,runs,,,
runs/iconic_grounding_phd/rongorongo_real/glyph_svg_audit/371__Db01-005__b.svg,4374,1bf5cdfb2684760291cbcebb75e17a0be1f95dcd5b72ff12fae567e3ab1c08d3,runs,,,
runs/iconic_grounding_phd/rongorongo_real/glyph_svg_audit/371__Db01-006__b.svg,4679,ef8bbb12482ce523247d787b7ec42359ef1dc3668c23038ddfab074737f29774,runs,,,
runs/iconic_grounding_phd/rongorongo_real/glyph_svg_audit/373__Br04-051__b.svg,5361,557a41c47d43a2f7916815f8ba9fb9e6988df588ec276b60f8845a820fb8d4bf,runs,,,
runs/iconic_grounding_phd/rongorongo_real/glyph_svg_audit/374__Bv02-060__b.svg,4430,4ced515c37bfc63a5bfe0fd109d5955962a1c43bc840129f531ccbe889809888,runs,,,
runs/iconic_grounding_phd/rongorongo_real/glyph_svg_audit/375__Aa06-031__b.svg,4763,ccb51f7768aeff230b386a7379abc2160e66d05e54d4bb9ed955891abf2b26ad,runs,,,
runs/iconic_grounding_phd/rongorongo_real/glyph_svg_audit/375__Ca06-039__b.svg,4742,b5849c78961e01bde3705935f3f152961bbce43ff461c867b9e2841df31bd411,runs,,,
runs/iconic_grounding_phd/rongorongo_real/glyph_svg_audit/376__Aa01-112__b.svg,4799,067549585cb461b7f2ebba359230ec882a116e9229aa7cbb7cc5985dfb782e46,runs,,,
runs/iconic_grounding_phd/rongorongo_real/glyph_svg_audit/376__Bv10-017__b.svg,6475,8526e85807dcd63789e9bc68eb26055808589007059c7d9c6965bd20aafd7a12,runs,,,
runs/iconic_grounding_phd/rongorongo_real/glyph_svg_audit/376__Ev04-038__b.svg,6698,1c942317896e8692ef82c8175f068fdfeb50999ebefe1df0199d737a600e9b28,runs,,,
runs/iconic_grounding_phd/rongorongo_real/glyph_svg_audit/378__Ca07-012__b.svg,4499,2fb88901368f6d9e965ee9f13f116e2ed8d69058da4c068d9cfe66ef4fbc64f2,runs,,,
runs/iconic_grounding_phd/rongorongo_real/glyph_svg_audit/378__Ca07-025__b.svg,5313,8e7d62b20f40312fbff15de166034b14262b8fe2bb509c844e45d2a969919962,runs,,,
runs/iconic_grounding_phd/rongorongo_real/glyph_svg_audit/378__Ca07-039__b.svg,5120,798a8a0b6191c7caed9b129ed3b804d2e35465e8742522ac6ae80c69123a5115,runs,,,
runs/iconic_grounding_phd/rongorongo_real/glyph_svg_audit/379__Aa06-043__b.svg,2994,e2c20f58126eed5d8fb1022a2b8e38eb4a7ebb51ab585c0fc3332af8de486b87,runs,,,
runs/iconic_grounding_phd/rongorongo_real/glyph_svg_audit/379__Ab07-042__b.svg,4544,b2dd7153a15da7b11f32b8e038d6f9195cefebeb35e55d41dd9c2a5ca8b714f5,runs,,,
runs/iconic_grounding_phd/rongorongo_real/glyph_svg_audit/379__Br10-037__b.svg,4339,739596d72db08198e47fd95c6f908f3859ae83b5e44aa10c11171734e7bcf09b,runs,,,
runs/iconic_grounding_phd/rongorongo_real/glyph_svg_audit/380__Aa08-077__b.svg,3431,3637b9d98510f2713f03cd13d121905f41bbed720e5b1fa30bc9c32c67dd8bfa,runs,,,
runs/iconic_grounding_phd/rongorongo_real/glyph_svg_audit/380__Ca03-007__b.svg,3299,244d737e0180686019ad2462978614b3ad20791b7c16879f77c82c68d5f1ec17,runs,,,
runs/iconic_grounding_phd/rongorongo_real/glyph_svg_audit/380__Cb03-011__b.svg,3549,557d2628a914ab5e5b49d542f52c29f300dfeaaeda4e3de42ea4e6b30f6ece3e,runs,,,
runs/iconic_grounding_phd/rongorongo_real/glyph_svg_audit/381__Ab04-020__b.svg,4403,3fb5e437d063a5f4e854ff441c634021d53bcb71902fc5dbe1c2a44370bfe701,runs,,,
runs/iconic_grounding_phd/rongorongo_real/glyph_svg_audit/381__Br03-040__b.svg,4513,642a37b567d4f689a9ab85659b2672eae5d1cf738fd0b35fc8f3990963ad8e23,runs,,,
runs/iconic_grounding_phd/rongorongo_real/glyph_svg_audit/381__Br09-043__b.svg,4404,1affb0877b027dc8f129fc7a7c7c8ee7e7ed13438bfcd5e8680ca692e89e1696,runs,,,
runs/iconic_grounding_phd/rongorongo_real/glyph_svg_audit/383__Br04-023__b.svg,4243,bdb1f0063deaea92bc478f292cd739133faa177184aa79eaa0ab773276090c79,runs,,,
runs/iconic_grounding_phd/rongorongo_real/glyph_svg_audit/383__Ca12-021__b.svg,4445,42738edbd5e269a7402363b46a89c70887451fea284f31d8cf37208b2fba522b,runs,,,
runs/iconic_grounding_phd/rongorongo_real/glyph_svg_audit/383__Db03-001__b.svg,3772,ea0c339059d751ae78a4dabe8c108e0c1ab80c2e7f0e0bbb65489847fdc953d5,runs,,,
runs/iconic_grounding_phd/rongorongo_real/glyph_svg_audit/384__Aa01-084__b.svg,3584,a645151bf4d9318b2488163b0d8a2a68ec090bb76dfa8a0f2ea00ba8b6c145c0,runs,,,
runs/iconic_grounding_phd/rongorongo_real/glyph_svg_audit/384__Aa01-086__b.svg,4448,8f8f3ce5aafa3c13c5a8b34b4eddd0fc2ce93675c86d7b0ed22a0dc3e4d3514f,runs,,,
runs/iconic_grounding_phd/rongorongo_real/glyph_svg_audit/384__Br03-045__b.svg,4105,d257fd07ce2a87ac32973612f519e2cf9df9e6974239a224ef04cf9d98f555c2,runs,,,
runs/iconic_grounding_phd/rongorongo_real/glyph_svg_audit/385__Aa03-081__b.svg,3875,cf30b8992701b9178aa4487bcad68c12590ab7aa71d20c1fc5d71c9ded773d4a,runs,,,
runs/iconic_grounding_phd/rongorongo_real/glyph_svg_audit/385__Bv05-032__b.svg,3387,904e0ccbc41cf28a41e9f1be5ce1d0d1b53741c935b34caae2cb78ad2e56df4c,runs,,,
runs/iconic_grounding_phd/rongorongo_real/glyph_svg_audit/385__Bv07-003__b.svg,3828,3e8dcc921af1f302eeb63ec576cb600529fc20f798fa3645becbd8c419309d4d,runs,,,
runs/iconic_grounding_phd/rongorongo_real/glyph_svg_audit/386__Aa02-078__b.svg,4836,50b93a117f0ac361baf65015c6c8c8516922236ad3ffefb15820b88988aec4da,runs,,,
runs/iconic_grounding_phd/rongorongo_real/glyph_svg_audit/386__Aa06-069__b.svg,5031,cc9883b8daf00b12bf3ff2cf0c9d17ee7862fb0f7c056b98472655cd639fb43a,runs,,,
runs/iconic_grounding_phd/rongorongo_real/glyph_svg_audit/386__Aa06-113__b.svg,3831,8c0a9afa900241fa87a33ed3c09d0362c4c97e1957365ec8fcc079d72924992f,runs,,,
runs/iconic_grounding_phd/rongorongo_real/glyph_svg_audit/387__Aa06-055__b.svg,4846,08c8f0d9a516d806d89dfe59a503fa86729ce7580de44109f6d25224e9cf5ef1,runs,,,
runs/iconic_grounding_phd/rongorongo_real/glyph_svg_audit/387__Aa06-056__b.svg,4097,5eb837f3bb9665eb8b1c679aa3656738f617bd94bf540234cc86465065e50473,runs,,,
runs/iconic_grounding_phd/rongorongo_real/glyph_svg_audit/387__Bv07-018__b.svg,3450,d3c1b5240e2dbb3fffbc2a0aec24852c7ca36b7ca7348083da1d79b26a878ef1,runs,,,
runs/iconic_grounding_phd/rongorongo_real/glyph_svg_audit/390__Ab06-110__b.svg,3526,8dd7de201d764559231d74967e5b55395e1c83b04124bde5ab8b58304fc5556b,runs,,,
runs/iconic_grounding_phd/rongorongo_real/glyph_svg_audit/390__Ca06-025__b.svg,3315,d0f855f9d16001048057edf34655957bad25c35aa0f64f216a2f8eab1c195f4c,runs,,,
runs/iconic_grounding_phd/rongorongo_real/glyph_svg_audit/390__Ca06-037__b.svg,3499,c953343ad9dfb98ce8f771a7e277db0cf8556f1ff1b9bcda7499d2f9fff05998,runs,,,
runs/iconic_grounding_phd/rongorongo_real/glyph_svg_audit/391__Cb10-018__b.svg,4322,20f6ad1f363fd6438f086a46e7e478e0ee177f0fe1cf6f34aefa61e2d34c1c7d,runs,,,
runs/iconic_grounding_phd/rongorongo_real/glyph_svg_audit/391__Fa04-004__b.svg,4967,b94d66d3f659c750d29e908e75a17076d3b2a5a7579dc1213fd5a6e43ddbbabd,runs,,,
runs/iconic_grounding_phd/rongorongo_real/glyph_svg_audit/392__Br08-005__b.svg,4111,d52c401bc7c94e620f46bd20e68cf19886c7f686b61369ef6740062f2aa342bd,runs,,,
runs/iconic_grounding_phd/rongorongo_real/glyph_svg_audit/393__Aa02-034__b.svg,4852,b824524ee85a607153536135ce76bf96294f2b46f70f01323d559d80174ced43,runs,,,
runs/iconic_grounding_phd/rongorongo_real/glyph_svg_audit/394__Aa01-075__b.svg,4437,e7034021d95a2967849ea03c033c009cb5a6786cbf5a1aa632cd8832e307f46f,runs,,,
runs/iconic_grounding_phd/rongorongo_real/glyph_svg_audit/394__Br01-004__b.svg,5749,a77affb97ad2edcf9aaf016f8db748615fb7ad037879e382207fec2a4da2c09a,runs,,,
runs/iconic_grounding_phd/rongorongo_real/glyph_svg_audit/394__Br01-020__b.svg,4930,8c4e3930efeb46122c9d64ad20fc8047b25dcae3a0474fdd241fb1efb4ee8ad8,runs,,,
runs/iconic_grounding_phd/rongorongo_real/glyph_svg_audit/395__Bv11-012__b.svg,4228,4584eece39d5151a8ad5dec0584d26e18422a4d83a0f8cbb481b941feb41a0f0,runs,,,
runs/iconic_grounding_phd/rongorongo_real/glyph_svg_audit/400__Aa03-068__b.svg,4145,09d6ef37a5f1bc05c56aa43379e3d671bb2d0c6ffa582194c0d81e2d984beef3,runs,,,
runs/iconic_grounding_phd/rongorongo_real/glyph_svg_audit/400__Ab06-051__b.svg,3146,5bc8b1b36e18a2059610b185458da0192d1a3294e3edf38d4cecd932181e7d03,runs,,,
runs/iconic_grounding_phd/rongorongo_real/glyph_svg_audit/400__Br05-012__b.svg,3806,d2667d034fefaa434eb6d74b546f9e930316931b6cef19b6e4610e15c6c3f3e2,runs,,,
runs/iconic_grounding_phd/rongorongo_real/glyph_svg_audit/401__Aa01-102__b.svg,4185,74c460fd722062b7f744d0c2e74613e61de33ffd9fc47083b0facc13a5aea5e0,runs,,,
runs/iconic_grounding_phd/rongorongo_real/glyph_svg_audit/401__Cb11-015__b.svg,5351,300d5bd1b1bbfd4c91a84ecc5e10fb1604520a35d4b0a96fa2c4f7e6ba6be767,runs,,,
runs/iconic_grounding_phd/rongorongo_real/glyph_svg_audit/405__Ab07-089__b.svg,3758,ed6cd73738b26d3915dfd17cc67ad955d674675ce15f919714201e4caa3beca9,runs,,,
runs/iconic_grounding_phd/rongorongo_real/glyph_svg_audit/405__Bv01-023__b.svg,4355,dca503eb62e71c4c0f332e6cb6938864f2d844061124cbded1ec06632bd93632,runs,,,
runs/iconic_grounding_phd/rongorongo_real/glyph_svg_audit/405__Bv03-009__b.svg,3537,4775adb98a53a8cdebddf74e776cbc82cfc97526fa8dcb9ac9d71146d73ae9cf,runs,,,
runs/iconic_grounding_phd/rongorongo_real/glyph_svg_audit/407__Bv09-043__b.svg,4348,d07f28710bdd8619f511695a9bfd05d58bb20cb9d2d5c23677c850e5a574cabe,runs,,,
runs/iconic_grounding_phd/rongorongo_real/glyph_svg_audit/407__Er06-036__b.svg,3776,b26c8c99f8f7cd8273e707c4ea5f7408448b575b5f9370e5aa4bd1209af9b14b,runs,,,
runs/iconic_grounding_phd/rongorongo_real/glyph_svg_audit/407__Er07-036__b.svg,4395,11a8b1129d153c57e24e67eb181d7abbd2c895aaccc9eae4928c77071fbc0bb8,runs,,,
runs/iconic_grounding_phd/rongorongo_real/glyph_svg_audit/408__Ca05-031__b.svg,5066,1ab1914aeff63e95ec9ba66ce491339498d3dfadaa2439eadeb1509931362e58,runs,,,
runs/iconic_grounding_phd/rongorongo_real/glyph_svg_audit/410__Aa06-080__b.svg,6325,a0ae40530f485e7dc1da15d2074e7a24329023bc30b56a6c4851bd377d459475,runs,,,
runs/iconic_grounding_phd/rongorongo_real/glyph_svg_audit/410__Cb09-033__b.svg,7239,3029fa73ac921e0adad434933a9634c2412b2c9b7b9ead15f4efd87a23c41bc4,runs,,,
runs/iconic_grounding_phd/rongorongo_real/glyph_svg_audit/415__Bv11-028__b.svg,6516,46db768df91fd4d7de327531f43ff3985c4689cb706a7d4d2dab1b53b8e26043,runs,,,
runs/iconic_grounding_phd/rongorongo_real/glyph_svg_audit/415__Er04-051__b.svg,6691,535263fcb2c83b915df861a01df3e05ef60f4dae197e8ede9e71191d62df2d89,runs,,,
runs/iconic_grounding_phd/rongorongo_real/glyph_svg_audit/420__Aa01-100__b.svg,2740,a7fe2b12ceebe6f0dbbfd39053238a09bc523b545025dffebc602e6d2ed83bcb,runs,,,
runs/iconic_grounding_phd/rongorongo_real/glyph_svg_audit/420__Aa06-008__b.svg,3007,436e249e06c3d12c3eddb19c91861d8773c244d0598fd0bf29d88eb3584e2ae3,runs,,,
runs/iconic_grounding_phd/rongorongo_real/glyph_svg_audit/420__Aa06-068__b.svg,2362,9fb918e4a1211c35cf2385598536884132d2918767b0a14a91248aeab7034d14,runs,,,
runs/iconic_grounding_phd/rongorongo_real/glyph_svg_audit/421__Aa01-079__b.svg,3707,dc58ad7ffdb7cc57c89f0d594899442290a21f5bc186f67362249c739d68dc57,runs,,,
runs/iconic_grounding_phd/rongorongo_real/glyph_svg_audit/430__Aa01-001__b.svg,2450,34d903c15e460056b8d75a0335df4ff3f43db69edbf34a930732a3e350a2fc8c,runs,,,
runs/iconic_grounding_phd/rongorongo_real/glyph_svg_audit/430__Ab03-099__b.svg,2804,79afa6fd0aa1ea40e80fadbfc06f5c512ec3e21f51e70eb84f2e27d833ce0c14,runs,,,
runs/iconic_grounding_phd/rongorongo_real/glyph_svg_audit/430__Br02-012__b.svg,3396,a0cb8f98710afa7c9cc60f8020fd0a85c4ced90c5705bed47b0e597036a843f4,runs,,,
runs/iconic_grounding_phd/rongorongo_real/glyph_svg_audit/431__Aa07-009__b.svg,4766,a789fbf8edd2588a8e4c9cc699b4a8fade2498dbd1f8119f87a0a835adc4b802,runs,,,
runs/iconic_grounding_phd/rongorongo_real/glyph_svg_audit/431__Aa08-056__b.svg,3539,9246e008ec73397393c71f3b5fd23c8e2c677e208745086f06ce59e94cf0d88d,runs,,,
runs/iconic_grounding_phd/rongorongo_real/glyph_svg_audit/431__Ab04-018__b.svg,3582,d41532110a007e4538c194385436f5c7793aac4a2155addf470bfd6190b83fd3,runs,,,
runs/iconic_grounding_phd/rongorongo_real/glyph_svg_audit/432__Aa06-073__b.svg,3178,d0874f4bf4052f38b5e1cc7ab51f7cb2afa6089951978de61fae6fe704901b00,runs,,,
runs/iconic_grounding_phd/rongorongo_real/glyph_svg_audit/440__Aa01-007__b.svg,2325,5ae4be60ed46cca1c6d0d5d3ee9bb8f82c7af40d4e0219d3d6df3d3075f4c832,runs,,,
runs/iconic_grounding_phd/rongorongo_real/glyph_svg_audit/440__Aa01-008__b.svg,1788,2145fe57665b48bea3404a98e6628a07fab6efed8005bff36a406c85b2fa29d7,runs,,,
runs/iconic_grounding_phd/rongorongo_real/glyph_svg_audit/440__Aa01-009__b.svg,2265,2b73543619c88ee110120e012d3c11b86789bf3d65d1bb5604acf865a6f552d8,runs,,,
runs/iconic_grounding_phd/rongorongo_real/glyph_svg_audit/441__Ab03-040__b.svg,4289,2bbc798e788a195164e17493b2e09e8d32b699e0ddea798e73606fae7f83e224,runs,,,
runs/iconic_grounding_phd/rongorongo_real/glyph_svg_audit/441__Br07-040__b.svg,4449,a5f2ca2e48cf30a6667e38419c60a1235f69d2c45771dbd4dce20146baf408b1,runs,,,
runs/iconic_grounding_phd/rongorongo_real/glyph_svg_audit/442__Aa02-014__b.svg,3232,3aacef8c9748bacbc646b3f2de9de839aeae8fb27ed481cfbf5c7dcbd0f70dd7,runs,,,
runs/iconic_grounding_phd/rongorongo_real/glyph_svg_audit/445__Aa01-011__b.svg,3388,80a6dc640aa443869a19017182e1ceec6ec335d9e29a5f4fae3722e590430441,runs,,,
runs/iconic_grounding_phd/rongorongo_real/glyph_svg_audit/445__Aa01-082__b.svg,3126,07ecdf95c8f07e52615831e5cbe1ce4b143c9639e004966fda478aaca5de1437,runs,,,
runs/iconic_grounding_phd/rongorongo_real/glyph_svg_audit/445__Ab03-026__b.svg,3012,3ad637c69c67029563744387ac57a9940dd29e10c9b43caa6829947c48b65b24,runs,,,
runs/iconic_grounding_phd/rongorongo_real/glyph_svg_audit/446__Aa05-092__b.svg,4914,57ef8b55144f328adef796b984a526e42653c87ecf7e4996d4336229ae709555,runs,,,
runs/iconic_grounding_phd/rongorongo_real/glyph_svg_audit/446__Bv05-030__b.svg,4069,12c3b46c466d616a9485335407da46d1e4abdd0e9c02664edeabb0c3f90885a8,runs,,,
runs/iconic_grounding_phd/rongorongo_real/glyph_svg_audit/447__Ab03-083__b.svg,4146,a3a2fd78777781763c06b0f25c19b3e3038d71f8509332d37d752b64735c4c70,runs,,,
runs/iconic_grounding_phd/rongorongo_real/glyph_svg_audit/448__Ab03-077__b.svg,4563,c604b68fee1ce8221758e5fed4d8c64f692c9c6a7e75e1b1a7adec351a50dc2a,runs,,,
runs/iconic_grounding_phd/rongorongo_real/glyph_svg_audit/450__Aa01-061__b.svg,1901,79aabbe056a5298481b99ae1915ef6be5681a19ba608ce951b1eb375de377964,runs,,,
runs/iconic_grounding_phd/rongorongo_real/glyph_svg_audit/450__Ab04-077__b.svg,2280,b77eaea84e2eb0190760d272b39c06842bd399be03a24a0fa34ebd2246d9f4eb,runs,,,
runs/iconic_grounding_phd/rongorongo_real/glyph_svg_audit/450__Ab06-067__b.svg,2351,6bf37d8cad5331ae8d2644f0c26abeb648ceec1a070b958e4318e0e0265aa58c,runs,,,
runs/iconic_grounding_phd/rongorongo_real/glyph_svg_audit/451__Aa01-033__b.svg,2191,996a5631fbda07855293df221e6410d1fe153a9eef1f324842916e01a3c138c1,runs,,,
runs/iconic_grounding_phd/rongorongo_real/glyph_svg_audit/451__Aa05-019__b.svg,2376,6467f6cfacb1a85c9ba3822232686247c6cd9b93e6a10c653d4c1dfde8e4c8a8,runs,,,
runs/iconic_grounding_phd/rongorongo_real/glyph_svg_audit/451__Ab06-072__b.svg,2424,ad2ebacd2e3bce7af4b34cf0c98db4dec07e1d307fbad6273656fce5af463916,runs,,,
runs/iconic_grounding_phd/rongorongo_real/glyph_svg_audit/453__Ab07-105__b.svg,3131,1d85582829c0db6f88b9ef6e90520491ce115e6020583ceaebab95a66735958d,runs,,,
runs/iconic_grounding_phd/rongorongo_real/glyph_svg_audit/459__Bv11-040__b.svg,3640,58f82a336d7f3b392c8f8edb78b16a59ca1797ba7e7cd89383ab15fde6b1833a,runs,,,
runs/iconic_grounding_phd/rongorongo_real/glyph_svg_audit/459__Bv11-042__b.svg,3497,6caebe5b7e99363eb46df083d60a802d463f5a2042a6aa978f17d4eff43a9743,runs,,,
runs/iconic_grounding_phd/rongorongo_real/glyph_svg_audit/459__Ev08-033__b.svg,3610,c28fea7303105b92bcdd634d8c9ef87ffb3ef6ffcc0774082e1314a563c07c81,runs,,,
runs/iconic_grounding_phd/rongorongo_real/glyph_svg_audit/460__Ab04-008__b.svg,4320,2c0a0e5b365718464f1dfc8083946897e91e052bdd94ba682383a12a589c5bba,runs,,,
runs/iconic_grounding_phd/rongorongo_real/glyph_svg_audit/460__Cb12-010__b.svg,5878,8e34b36ceda6b121b41c292b3fbba311bfc84a9c383297cf776ae03d79be32ae,runs,,,
runs/iconic_grounding_phd/rongorongo_real/glyph_svg_audit/460__Cb14-022__b.svg,4334,3c30c0b5062c4f9181a692b20cc61198082c7e6a96e31c09eeee74db3d98939d,runs,,,
runs/iconic_grounding_phd/rongorongo_real/glyph_svg_audit/461__Aa03-004__b.svg,4534,1cfbb27e4f32e0805f2858dbe011fd27b39c8bb45c2b183cba375fdc1da99051,runs,,,
runs/iconic_grounding_phd/rongorongo_real/glyph_svg_audit/461__Ab08-025__b.svg,3462,2ec0c6d6443d378f3f4ca6d56b452e655a337fb26c84123c6e57d6c2017dd4bb,runs,,,
runs/iconic_grounding_phd/rongorongo_real/glyph_svg_audit/461__Ab08-093__b.svg,4240,47025bd6dcf6474582d7b117869fecee48e9e207ead6e31cee6feef18bb72cc6,runs,,,
runs/iconic_grounding_phd/rongorongo_real/glyph_svg_audit/462__Br08-056__b.svg,3642,3d1208ab39e1868f0145baa8e18353c12cf354cfadbd3fef88c2205ec5bda607,runs,,,
runs/iconic_grounding_phd/rongorongo_real/glyph_svg_audit/463__Br04-039__b.svg,5941,72e986872c0e70daff3505629302f77bc45587d917fe06f062c7f2cb48ed9a05,runs,,,
runs/iconic_grounding_phd/rongorongo_real/glyph_svg_audit/465__Bv05-001__b.svg,5528,d15de41a40b5c34bdb3cb167e3edd1e5ce3a8abea3f5d287cc6694b7f1ec77e9,runs,,,
runs/iconic_grounding_phd/rongorongo_real/glyph_svg_audit/465__Cb08-003__b.svg,5328,ffa11b33a631ebe66394ef2f565a28a131fb41a4c991ef5afe3a0448bb3cb490,runs,,,
runs/iconic_grounding_phd/rongorongo_real/glyph_svg_audit/469__Aa05-081__b.svg,5135,9d79aa7757321da0a38dab562b803105e9328db06db43022830eeb3d507674c8,runs,,,
runs/iconic_grounding_phd/rongorongo_real/glyph_svg_audit/469__Ab07-101__b.svg,5848,1d371e1a0bef3cbe0c23e019320ccb674cf16a8f292a1e96a407da40db9a7a61,runs,,,
runs/iconic_grounding_phd/rongorongo_real/glyph_svg_audit/470__Aa03-058__b.svg,3215,985e566eaaf3bcc44d17e94bb88311482af4ce255c247e765c8b71e6b451f94a,runs,,,
runs/iconic_grounding_phd/rongorongo_real/glyph_svg_audit/470__Ab04-028__b.svg,3368,f5ad2554bedb3ac86e028cabc2defb1b7f1f386068e924a517118d7320a35e4a,runs,,,
runs/iconic_grounding_phd/rongorongo_real/glyph_svg_audit/470__Br04-020__b.svg,3645,30cd5c4715ea75d0c528cc94c14175c6bb7eb612ac6fc9dd3ae6fa219c364689,runs,,,
runs/iconic_grounding_phd/rongorongo_real/glyph_svg_audit/471__Aa05-087__b.svg,3656,7a63974c89c0d1d2e4264f8feac90cf8fc96f9c9386309fce5e42028565c6acb,runs,,,
runs/iconic_grounding_phd/rongorongo_real/glyph_svg_audit/474__Bv06-012__b.svg,4448,dc51ab90d9bc8702f7e34a463980d399a3d129a680c264cd24ee4a167926bc77,runs,,,
runs/iconic_grounding_phd/rongorongo_real/glyph_svg_audit/476__Aa06-039__b.svg,4116,3b33a7c8ae1616bcc87d08ed7c36028b7ae9e5a967e77b7dcdd1bbe7ef4ab957,runs,,,
runs/iconic_grounding_phd/rongorongo_real/glyph_svg_audit/477__Aa05-097__b.svg,4506,07f03f0f3586df46e9e0ab6a92b5e3570b0aeb1e1d7d125bf5f7d6b16bb46784,runs,,,
runs/iconic_grounding_phd/rongorongo_real/glyph_svg_audit/480__Cb10-001__b.svg,4908,96835e723d1b4fb99184125a3b5c4ad4f44452be0d0dbcab6065c642a3b56eed,runs,,,
runs/iconic_grounding_phd/rongorongo_real/glyph_svg_audit/480__Cb10-005__b.svg,5670,dfa4fe6af1388a8360a931c37bacb86e584b828bb1a16cfe8954ef09850a6b88,runs,,,
runs/iconic_grounding_phd/rongorongo_real/glyph_svg_audit/480__Cb14-020__b.svg,3328,190cd7d80b7ceda425b9424d68f1296ad5d17532937008823272ef69a53b287c,runs,,,
runs/iconic_grounding_phd/rongorongo_real/glyph_svg_audit/481__Ca10-007__b.svg,4463,9043dbce3d6735bcebd03e884a0a5f0c116b134d4843cce097cd62911cd4a6c8,runs,,,
runs/iconic_grounding_phd/rongorongo_real/glyph_svg_audit/481__Ca12-023__b.svg,5146,c10eac3d528e8936452a269d23ec32ca5b96ffdfd9cd380c55d3eeebfcf7ae12,runs,,,
runs/iconic_grounding_phd/rongorongo_real/glyph_svg_audit/482__Bv06-014__b.svg,5134,31c74c12bf05d4d92b7a51a0caccd6b0835e4b2510c270b9bb46cbd6f0c330fd,runs,,,
runs/iconic_grounding_phd/rongorongo_real/glyph_svg_audit/483__Cb10-003__b.svg,4660,06af19f0dc30db283766991e7d6518477f15b30c708633466d6074ab4b3c2c07,runs,,,
runs/iconic_grounding_phd/rongorongo_real/glyph_svg_audit/484__Bv02-049__b.svg,5462,81747b44c62b1c23a4c345a744ac71a31b167b3b8eb7d31c1f0cfc4671f04804,runs,,,
runs/iconic_grounding_phd/rongorongo_real/glyph_svg_audit/486__Ca13-012__b.svg,6222,1771b667477f8251dd1df12981a79039f400fed5bcc334b6953fd8933f9dd0f1,runs,,,
runs/iconic_grounding_phd/rongorongo_real/glyph_svg_audit/487__Ab04-010__b.svg,9461,6adb66b706bf022c5c08c4027f78732b78584c31eebf78aa792022bb0add4b38,runs,,,
runs/iconic_grounding_phd/rongorongo_real/glyph_svg_audit/489__Ab03-094__b.svg,5968,2e7020e7a0ff1997ae21ff3eb03e214cd69131c5c6e3a706babd589c24f0c732,runs,,,
runs/iconic_grounding_phd/rongorongo_real/glyph_svg_audit/490__Bv08-008__b.svg,1434,c378ec5822200bb3ecba893987d8f683616d39639984124d0d909a58e622fcf3,runs,,,
runs/iconic_grounding_phd/rongorongo_real/glyph_svg_audit/490__Ev03-035__b.svg,1821,a1f926b519c8e96f9d86f885f861b1f6b2abced42b3002f524f576a66c6efaa9,runs,,,
runs/iconic_grounding_phd/rongorongo_real/glyph_svg_audit/492__Bv08-056__b.svg,6965,d840b6305bff3e8eca8c1e041d70a46aad80eb354196d89ac35341a9cae89061,runs,,,
runs/iconic_grounding_phd/rongorongo_real/glyph_svg_audit/492__Bv10-005__b.svg,5120,e54d53aeaad01706e3dfa7762738aac291146e928de5111463c4c3b00d7ef226,runs,,,
runs/iconic_grounding_phd/rongorongo_real/glyph_svg_audit/493__Br03-035__b.svg,4857,445bc626695f34a7e2fffab83a5ec7fb6236bd823a43cb1e6d4081708c519634,runs,,,
runs/iconic_grounding_phd/rongorongo_real/glyph_svg_audit/493__Br05-053__b.svg,5524,08bc8995cf162e832bcbcc755d0879385e70d46a7e63857f999bd109fa641f58,runs,,,
runs/iconic_grounding_phd/rongorongo_real/glyph_svg_audit/493__Br09-048__b.svg,4401,1857f5de1ce8c2934115d2a68917540af96024864b2368755f30d839a288a18b,runs,,,
runs/iconic_grounding_phd/rongorongo_real/glyph_svg_audit/494__Aa06-092__b.svg,6006,af3a2ea16426d092c695d2830776a8a473d5372f022f36d8ed57a2bfe6dcc8e0,runs,,,
runs/iconic_grounding_phd/rongorongo_real/glyph_svg_audit/498__Aa01-088__b.svg,3596,b9153153950bc7ed327cbbe23865dc326147a2a70ad390239db6d3b2b7a05157,runs,,,
runs/iconic_grounding_phd/rongorongo_real/glyph_svg_audit/500__Ab02-004__b.svg,3614,c81e4ec184b4fd5361f09b5618c1eb69f03971f075068af976cf3b1e3a6bcc35,runs,,,
runs/iconic_grounding_phd/rongorongo_real/glyph_svg_audit/506__Ab02-085__b.svg,5009,f02c454f1336d4f72b5b124ef84419c9023af84a58e4efcf47da6aae888b4cfa,runs,,,
runs/iconic_grounding_phd/rongorongo_real/glyph_svg_audit/507__Aa04-038__b.svg,6030,d579211af2daf1d41cce6b4696ea9942755778f48a981fa0a95038b72bd2395c,runs,,,
runs/iconic_grounding_phd/rongorongo_real/glyph_svg_audit/509__Ev07-019__b.svg,4860,2b95fb86209c8dc808036920b09a15c99d0594d4453f030f73075f2bb5e39e1d,runs,,,
runs/iconic_grounding_phd/rongorongo_real/glyph_svg_audit/515__Ev06-036__b.svg,4755,b102656b84c9396c3e1cf0aa79412231abdd9cf75b94df5edf67075bc7ef05a8,runs,,,
runs/iconic_grounding_phd/rongorongo_real/glyph_svg_audit/520__Ab04-061__b.svg,1934,d221ee21fe9528702a68b0387045675325a0876a56ec80ecfa91c85cd669c08c,runs,,,
runs/iconic_grounding_phd/rongorongo_real/glyph_svg_audit/520__Bv11-025__b.svg,4731,0233d3d9567d153c64b711956d5573cd429e29a1c81c78cbebbe2d6c42081665,runs,,,
runs/iconic_grounding_phd/rongorongo_real/glyph_svg_audit/520__Ca09-003__b.svg,4316,ef75a931982c08c5b5d6ccfec15fe7777f9ebc4ada91cf92ac7f604202fed830,runs,,,
runs/iconic_grounding_phd/rongorongo_real/glyph_svg_audit/521__Ev01-012__b.svg,6602,9795a8ed560959a1f8f07ee0fb80dfe603244ad2bf640c957efa791b425a0d43,runs,,,
runs/iconic_grounding_phd/rongorongo_real/glyph_svg_audit/522__Aa02-098__b.svg,4763,6b0160834d8ca1036bea525f8cdd46922679ebcb528305ad09ae31a556813bfa,runs,,,
runs/iconic_grounding_phd/rongorongo_real/glyph_svg_audit/522__Aa08-061__b.svg,3875,9a2ae79041c48af9d79463adde590206d5488aa3eaea66eae4646976570823af,runs,,,
runs/iconic_grounding_phd/rongorongo_real/glyph_svg_audit/522__Bv02-047__b.svg,4272,29443f9020f360f7df7a79bd00fe903418ea790d74ec2c9d7585d9ca930f8360,runs,,,
runs/iconic_grounding_phd/rongorongo_real/glyph_svg_audit/523__Cb05-018__b.svg,4670,f874336547e847928b400676d5b3f580cc9dbe415f0ea3b2da8253abdde5fa2b,runs,,,
runs/iconic_grounding_phd/rongorongo_real/glyph_svg_audit/523__Cb05-034__b.svg,4873,15250350efc771e720b95ddb1bc2255fb34d25c226048669dface33df4f7d43b,runs,,,
runs/iconic_grounding_phd/rongorongo_real/glyph_svg_audit/524__Aa06-107__b.svg,5980,5624ebbdef316397b2f62ceb952279e9c7bced9b70bb71343bc339f04675f751,runs,,,
runs/iconic_grounding_phd/rongorongo_real/glyph_svg_audit/524__Db05-006__b.svg,5517,4763ce752be6ffae4520fe28eb7e9b399c03c1ce357f2454c78fbc15bdc7ee69,runs,,,
runs/iconic_grounding_phd/rongorongo_real/glyph_svg_audit/526__Er04-053__b.svg,5757,8c8103dd425c14052191f1b7d001256d9bc461abcaa0110d1979497bd32e495c,runs,,,
runs/iconic_grounding_phd/rongorongo_real/glyph_svg_audit/527__Aa05-089__b.svg,4619,6bc0afea2db9dd69184da72c5b253792a0fda88fcfbf5110c02fa5634d0e88b9,runs,,,
runs/iconic_grounding_phd/rongorongo_real/glyph_svg_audit/527__Ab07-107__b.svg,5043,e2cf63760afcf99c4c1d050df1a2549eb80ffcbc0881fd541ad13c8c07c64ee6,runs,,,
runs/iconic_grounding_phd/rongorongo_real/glyph_svg_audit/530__Aa02-015__b.svg,4575,d4ba6210692e9d122472af22ceac2dc1d1209f9f28a5f2f34b1386f1d5f32b11,runs,,,
runs/iconic_grounding_phd/rongorongo_real/glyph_svg_audit/530__Aa02-023__b.svg,4608,fb902e6ae75281fa7a903907148bb9e576efa43004da91def31bcdedb4bb47f3,runs,,,
runs/iconic_grounding_phd/rongorongo_real/glyph_svg_audit/530__Aa02-060__b.svg,4533,c439a37986924a941732291ce6aa9e64dd215580aa300f3d7f2dded6cbb2d4b8,runs,,,
runs/iconic_grounding_phd/rongorongo_real/glyph_svg_audit/535__Aa03-091__b.svg,4468,7f0c399acd1c6728ce451022158b4aaaf69d9c5430dc88e5d1254d814c3dbbc3,runs,,,
runs/iconic_grounding_phd/rongorongo_real/glyph_svg_audit/535__Aa04-001__b.svg,3712,2e25d2654c7745fd80c889b851414276fd4efbdb43165b2e0400dca1391888a9,runs,,,
runs/iconic_grounding_phd/rongorongo_real/glyph_svg_audit/535__Aa04-008__b.svg,4058,9faaa99c7a66a4b6acdd37fabf1ff2bcd35e9541eedbead972c2bca8d1d2dfec,runs,,,
runs/iconic_grounding_phd/rongorongo_real/glyph_svg_audit/536__Da07-006__b.svg,5476,e45e03a553e21df3c0a9d58f6676ce73c5ce03511e2ed311122e848711ad421f,runs,,,
runs/iconic_grounding_phd/rongorongo_real/glyph_svg_audit/538__Aa02-057__b.svg,4823,6a0626e4c5b811850b44053f992e13c6a06bf1c86b6253e539feedc1410a3576,runs,,,
runs/iconic_grounding_phd/rongorongo_real/glyph_svg_audit/539__Aa01-113__b.svg,2359,755cef8dc6c6d6183be5a1265e2c9a3930971cfbf6bb7f0c1e193980b42e3c27,runs,,,
runs/iconic_grounding_phd/rongorongo_real/glyph_svg_audit/539__Aa02-008__b.svg,2417,312f5f62b960036110efe14d3c9abfd06c17816bbbf348f76dd842fe051bfc45,runs,,,
runs/iconic_grounding_phd/rongorongo_real/glyph_svg_audit/539__Aa02-026__b.svg,4497,ccc196362ebaf742eed4b6cfd192c7f90e646c92bc2dd06fda61df47b727f76d,runs,,,
runs/iconic_grounding_phd/rongorongo_real/glyph_svg_audit/540__Br09-037__b.svg,3933,d445a3f6f36b529ff3840d32d337b58a65bc7bb7920a48c5129f07185989d394,runs,,,
runs/iconic_grounding_phd/rongorongo_real/glyph_svg_audit/540__Bv03-024__b.svg,4206,77682d56f2d45e82b7a629b799c19a05bec0fc3da52f0a3806f5be807b5daf5f,runs,,,
runs/iconic_grounding_phd/rongorongo_real/glyph_svg_audit/540__Bv05-046__b.svg,4210,0f8a36acb691aff0975cc67ba1adb8d21d3205c86cce9206a7c26ca5857e936a,runs,,,
runs/iconic_grounding_phd/rongorongo_real/glyph_svg_audit/541__Bv02-005__b.svg,4426,b6c0907b886149f69b67f396b4f1000ce24b8474211afc9ab26f6dbdbd90ac38,runs,,,
runs/iconic_grounding_phd/rongorongo_real/glyph_svg_audit/543__Bv12-010__b.svg,4379,2bb2fc19ccb479718991e613074d007af18779cdd32f1f7d20655b539901e885,runs,,,
runs/iconic_grounding_phd/rongorongo_real/glyph_svg_audit/544__Ab08-021__b.svg,5871,23bcf6ed7f7e3cab9ee24b390d86d69227cbf910d99ea7632cfbabe66045765d,runs,,,
runs/iconic_grounding_phd/rongorongo_real/glyph_svg_audit/545__Aa02-053__b.svg,3488,7dcb3b8d0056a39380531ea2ee8306be6b61c0966040bb9b7ce883381e76bce8,runs,,,
runs/iconic_grounding_phd/rongorongo_real/glyph_svg_audit/545__Bv08-068__b.svg,4170,aeb7c0f641393e8c2dd3285b9df36c346d2df2ff1d47dfae4e0bd9948002a8b4,runs,,,
runs/iconic_grounding_phd/rongorongo_real/glyph_svg_audit/545__Ca12-033__b.svg,3150,85df099a0697deae00364a0fb5e2a0abb2b9c26c253e18c90f0f6e53a7822ff8,runs,,,
runs/iconic_grounding_phd/rongorongo_real/glyph_svg_audit/546__Cb09-032__b.svg,2852,5775dbdc73f55ff5165281510a9cc7316aa22a1844e02556e622a4ad050c6b3f,runs,,,
runs/iconic_grounding_phd/rongorongo_real/glyph_svg_audit/550__Ca05-018__b.svg,5129,8b333ac0df3fdcc6b05ddf7dbc912ae2e3a0887d5851057fb107756d9c3dfe27,runs,,,
runs/iconic_grounding_phd/rongorongo_real/glyph_svg_audit/551__Aa01-022__b.svg,3916,60603c6158f301ebf359984c2cc95db49f47d4fa16486719b8312d8ad60c3efa,runs,,,
runs/iconic_grounding_phd/rongorongo_real/glyph_svg_audit/551__Aa01-027__b.svg,5205,d9b816892af558e09b1e2265002e6061f32a24f051226aef5f7f5333e9c0ee15,runs,,,
runs/iconic_grounding_phd/rongorongo_real/glyph_svg_audit/552__Aa01-025__b.svg,5480,890a85fcbd1db064bd7a588d8c8ecccc80fc7234b24ec429105147532be8b6c7,runs,,,
runs/iconic_grounding_phd/rongorongo_real/glyph_svg_audit/553__Aa01-045__b.svg,4925,b9d6cbf73d74473950016140d99d55683257de8b66365cdeb72e52805b5ae68c,runs,,,
runs/iconic_grounding_phd/rongorongo_real/glyph_svg_audit/554__Aa01-020__b.svg,4396,e22d167d5f856008c35d57f56fe14676a91fe0ff42955c58626c93c11509177a,runs,,,
runs/iconic_grounding_phd/rongorongo_real/glyph_svg_audit/556__Cb11-024__b.svg,6178,905e77bc38e2eb9867b7784c29d690605ff38576c60047a859121a4844bed00e,runs,,,
runs/iconic_grounding_phd/rongorongo_real/glyph_svg_audit/557__Cb11-021__b.svg,5921,0d939e0061553bcd814aa1ba1af34cbf6d603de7b6d9832e471e88b776fcdb30,runs,,,
runs/iconic_grounding_phd/rongorongo_real/glyph_svg_audit/558__Br04-009__b.svg,4024,b5e8ab22e15f92e0a18cfc615ca48a4ab11eb7ae76a9b8ad877a33d0aa93ee25,runs,,,
runs/iconic_grounding_phd/rongorongo_real/glyph_svg_audit/561__Er09-040__b.svg,4155,f14004da734a70f85f9424635749e95d50b0a65c842206c1e2ceda8eaf2555d4,runs,,,
runs/iconic_grounding_phd/rongorongo_real/glyph_svg_audit/562__Er03-028__b.svg,5642,902a2004fe547d8c71ec4b164301ede308a18814c53c121a65bd9636f6c08d97,runs,,,
runs/iconic_grounding_phd/rongorongo_real/glyph_svg_audit/566__Ab02-088__b.svg,5596,a7fbb70e1178fe107b2dd96d04d847a3b35dbe065ffb2e6fe0aded406df70378,runs,,,
runs/iconic_grounding_phd/rongorongo_real/glyph_svg_audit/566__Ev07-001__b.svg,6076,92ff8f6f542fd12532cc0083b3ddbace348a0330ca2f419bba312ee62649ff35,runs,,,
runs/iconic_grounding_phd/rongorongo_real/glyph_svg_audit/567__Bv08-043__b.svg,5061,dcaeaab752dc2d0ae231b8cb21c7ee7c2bc7680c1acf7b32b4109c7c26d2e03f,runs,,,
runs/iconic_grounding_phd/rongorongo_real/glyph_svg_audit/568__Aa06-015__b.svg,2697,30895a7b518b02e04751480684544482f3b87ab2be670d3382a287938d9e60f8,runs,,,
runs/iconic_grounding_phd/rongorongo_real/glyph_svg_audit/568__Aa06-037__b.svg,3777,ace819a2fd15d3d1d66f49d7b71f10d4bf4261502312b2654c4f90e191fcc6e6,runs,,,
runs/iconic_grounding_phd/rongorongo_real/glyph_svg_audit/569__Br03-020__b.svg,2542,6d10ea196641886799d32cd08dcae98b6b5c8319697b5d6912125dd66831b808,runs,,,
runs/iconic_grounding_phd/rongorongo_real/glyph_svg_audit/569__Br03-052__b.svg,1931,151daab4868c9e4535bc083f275d57263c23adc623d30c3649fc361bd30c3d17,runs,,,
runs/iconic_grounding_phd/rongorongo_real/glyph_svg_audit/569__Br06-032__b.svg,2318,1c3547c26935d58bdc1a42ecbd5ef9f80d9f5eb782e26b8acd02ba04b388cd82,runs,,,
runs/iconic_grounding_phd/rongorongo_real/glyph_svg_audit/570__Br07-042__b.svg,4556,e3c1ba327e3acc4bdf0863ac8fdff193d543214059d0c7cc3d30821b2eac85a9,runs,,,
runs/iconic_grounding_phd/rongorongo_real/glyph_svg_audit/570__Br07-046__b.svg,4311,d2b9f62acc34b190c25bc20971a987e4ec61193c60e54657d9490e59672aa81b,runs,,,
runs/iconic_grounding_phd/rongorongo_real/glyph_svg_audit/570__Br09-005__b.svg,5106,27e3e8eab0da9a7000d8afd775e2929a296aebfb2c3613305b9c42cd2dfa652d,runs,,,
runs/iconic_grounding_phd/rongorongo_real/glyph_svg_audit/571__Aa03-087__b.svg,2950,552417f29dc955b028f67a4447028978a498a0d9341f873d76d2a1aed93a9f07,runs,,,
runs/iconic_grounding_phd/rongorongo_real/glyph_svg_audit/571__Cb02-018__b.svg,3171,0862791d4f294b51b15bb47959d2a1d761d6b41c668bb208800a579f2951ac5e,runs,,,
runs/iconic_grounding_phd/rongorongo_real/glyph_svg_audit/574__Bv04-031__b.svg,5429,09dfb0894d9acc5a2a47dfa31439bb8e3c83bc0f0f4e6a57832cb2a6b9382811,runs,,,
runs/iconic_grounding_phd/rongorongo_real/glyph_svg_audit/575__Aa04-024__b.svg,4125,b4caa8b70839a23badaa96611553000b7e050a3cd6c1359d5e0022f733433bce,runs,,,
runs/iconic_grounding_phd/rongorongo_real/glyph_svg_audit/575__Aa04-026__b.svg,4670,dd8483310d7c5e6c2f452cb3c730384a00d2e71bddbe94fd4d6cb15ddc32ce1c,runs,,,
runs/iconic_grounding_phd/rongorongo_real/glyph_svg_audit/575__Aa04-034__b.svg,5573,ea5a94f690fd6cee1bbfe112b12ec14fb1133116f76b6c5b88cb11a80f7b99a5,runs,,,
runs/iconic_grounding_phd/rongorongo_real/glyph_svg_audit/578__Ab07-027__b.svg,5745,de08c305126cd88e507e2762204c4b15506ca3a1d292585c9c029a67240fd9d7,runs,,,
runs/iconic_grounding_phd/rongorongo_real/glyph_svg_audit/579__Aa04-027__b.svg,5423,24bba24c54f8c8ccc7c26cceff80968ebe311b7c51ca4b87820415e6fd38b206,runs,,,
runs/iconic_grounding_phd/rongorongo_real/glyph_svg_audit/579__Aa04-028__b.svg,5319,932cc59216af355f56749b454f42c1fb82539e47fdbe34a63a77946dd8f35e85,runs,,,
runs/iconic_grounding_phd/rongorongo_real/glyph_svg_audit/580__Ab04-030__b.svg,2574,6429465bfcaba4375e81211396cc1ce2ccd4c822aab745f9999104f093b39aa3,runs,,,
runs/iconic_grounding_phd/rongorongo_real/glyph_svg_audit/580__Ab04-042__b.svg,3257,05ab10d600782699cf398ae593fac56e29fc080f5b47c0e3abece8608bd79866,runs,,,
runs/iconic_grounding_phd/rongorongo_real/glyph_svg_audit/580__Ev03-038__b.svg,3519,e9d79eb8ba5ccef17ea5df00c45a3f9917e691e4ec3c4e39669355ec758b4f96,runs,,,
runs/iconic_grounding_phd/rongorongo_real/glyph_svg_audit/581__Bv10-016__b.svg,4802,d47f9ccbc7485704580147766c66fbef341c0dfb8b458ca8026a9d6782abd034,runs,,,
runs/iconic_grounding_phd/rongorongo_real/glyph_svg_audit/581__Ev05-041__b.svg,4454,f6f2d31752adf72f79da133d85582d5d9b2b203b495d7435de3571916758d234,runs,,,
runs/iconic_grounding_phd/rongorongo_real/glyph_svg_audit/582__Bv05-038__b.svg,6165,2a4bfff1d279e3443bd2101ca9accb0f8760531d5b2fd5fdf9f12df284dacd30,runs,,,
runs/iconic_grounding_phd/rongorongo_real/glyph_svg_audit/583__Aa04-029__b.svg,5136,e8b51034369a6133afdcfa7e521f2f1713a3786e5a99f70f3dbb4841e9228b84,runs,,,
runs/iconic_grounding_phd/rongorongo_real/glyph_svg_audit/583__Aa04-030__b.svg,5515,63284fae3754af9ee0e83a26a8d6f3e8d67dc991dbae462523353ba700266a6f,runs,,,
runs/iconic_grounding_phd/rongorongo_real/glyph_svg_audit/585__Aa03-078__b.svg,3872,5ca06b208f175fce93db0a6dfbc04177257edcb0387c4003e3f6c2d566033cbc,runs,,,
runs/iconic_grounding_phd/rongorongo_real/glyph_svg_audit/586__Ab03-107__b.svg,5440,5eb4b919ac83311410152c5de2f4139fb7fe301140ecbf6de16bbd0c64b38dd2,runs,,,
runs/iconic_grounding_phd/rongorongo_real/glyph_svg_audit/590__Ab03-115__b.svg,5046,a2a4cdfb7d2c8f261829f813881db774a0fb2f58ecfe5c79b451ebaf6fb1ee7c,runs,,,
runs/iconic_grounding_phd/rongorongo_real/glyph_svg_audit/590__Br10-016__b.svg,4593,62632a73081565fec1bffc504e5e8fa75cf58977c7177e085179bd61242cdbb9,runs,,,
runs/iconic_grounding_phd/rongorongo_real/glyph_svg_audit/590__Da02-008__b.svg,6029,dbb4e50646f5d040dd664392d896e552833d0a69c89a2120289bae5906c0ee97,runs,,,
runs/iconic_grounding_phd/rongorongo_real/glyph_svg_audit/591__Ev02-040__b.svg,3116,2e4531a04f22053039ff119d285702aef403417ddb8ac7aa325976d27adbcfdb,runs,,,
runs/iconic_grounding_phd/rongorongo_real/glyph_svg_audit/591__Ev02-043__b.svg,3039,84e7fe1d9eb7830b1baed0f487c1b361a852cb79fe0b490191d2920e0bf1c980,runs,,,
runs/iconic_grounding_phd/rongorongo_real/glyph_svg_audit/593__Aa06-042__b.svg,2519,5e2de99abf7c20dd20ac98cf029aab815afff37d97832e19e06a68b8241887a9,runs,,,
runs/iconic_grounding_phd/rongorongo_real/glyph_svg_audit/593__Aa08-117__b.svg,3450,8ad0dbf38d93705077163804eb09e6670ea180e5ae8d192aedd7191fd53b6798,runs,,,
runs/iconic_grounding_phd/rongorongo_real/glyph_svg_audit/594__Ca02-025__b.svg,5015,1ce93f8d6a8f4f5b56c049d46f642c8a895f297f97553c3903d5753c871bddd1,runs,,,
runs/iconic_grounding_phd/rongorongo_real/glyph_svg_audit/594__Da02-020__b.svg,6047,491ee48a9137f5ca3fbcf44f793a401d14d09ad7be85c174931f928eb133e1aa,runs,,,
runs/iconic_grounding_phd/rongorongo_real/glyph_svg_audit/595__Ab03-113__b.svg,5051,adf9a9c29d58fcd35596a5b0b58155d6b20c31c7799d9ad0a8389315da784773,runs,,,
runs/iconic_grounding_phd/rongorongo_real/glyph_svg_audit/595__Br01-001__b.svg,3529,72f6521f13468c12268145b7e733588cf797bcf1d47a0716fac733494e30600a,runs,,,
runs/iconic_grounding_phd/rongorongo_real/glyph_svg_audit/595__Br01-007__b.svg,4843,58a44f55c258fc6e2ad144c68781c3a5381b5c98d040185eb6d6c5e17be656c3,runs,,,
runs/iconic_grounding_phd/rongorongo_real/glyph_svg_audit/598__Ab04-035__b.svg,3163,8b61ceb8a747b2bad9b44dfacf111d6a94392e2c1ca8ce0048a4126e7b3b3efe,runs,,,
runs/iconic_grounding_phd/rongorongo_real/glyph_svg_audit/599__Aa03-053__b.svg,3165,4c227a7a8d2889c161de7cd7165bd99a77c97387d7f27985ec442e4120aa3bdf,runs,,,
runs/iconic_grounding_phd/rongorongo_real/glyph_svg_audit/599__Aa04-040__b.svg,3547,082438e3cea20db8f66cf799a699a5421829d3075714ae683662b66aa035e82d,runs,,,
runs/iconic_grounding_phd/rongorongo_real/glyph_svg_audit/599__Aa08-001__b.svg,3464,067812d1d2a973ef1584c50d068fc07427fb4f7b48c6cc3b4b0ca20c88cd2839,runs,,,
runs/iconic_grounding_phd/rongorongo_real/glyph_svg_audit/600__Aa02-102__b.svg,3612,899b726d631f818253bdb5c744358ba2fc097a1d035e5d09fe43f21c24a08137,runs,,,
runs/iconic_grounding_phd/rongorongo_real/glyph_svg_audit/600__Aa04-114__b.svg,4036,c9c9b501e00f78315548373796f780926304bc9a0fa0448189daa5d7ab7bf6b8,runs,,,
runs/iconic_grounding_phd/rongorongo_real/glyph_svg_audit/600__Ab02-033__b.svg,4093,2e812836dcb5732c35c0f98729b2f104ae68d6c677a3e49959ddcf5c8217bec1,runs,,,
runs/iconic_grounding_phd/rongorongo_real/glyph_svg_audit/603__Ab02-103__b.svg,4605,6abf11a64557786690b1fe9303497c2acd9e70d8e2916dd03983e887be8f0d8c,runs,,,
runs/iconic_grounding_phd/rongorongo_real/glyph_svg_audit/605__Aa03-075__b.svg,5182,cb5e640da6a1f262ebecd0fd586bcaf3d88a8a4c4157ed837826b118bf7becd8,runs,,,
runs/iconic_grounding_phd/rongorongo_real/glyph_svg_audit/605__Aa03-080__b.svg,5046,770d1e71b7dd17d2eeedc52c5956dcd777d00081cc4d2f17f905a8203007e0ad,runs,,,
runs/iconic_grounding_phd/rongorongo_real/glyph_svg_audit/605__Ab02-095__b.svg,4648,0e41408997dc7393943cc5fed5a438c3eac9d9d49cc03bdafdee417fb4cdb26b,runs,,,
runs/iconic_grounding_phd/rongorongo_real/glyph_svg_audit/606__Aa08-100__b.svg,5660,2c89dcb29391b7f360490ff49519c55fe9583f91b1e34209b54471c5f0d93d8e,runs,,,
runs/iconic_grounding_phd/rongorongo_real/glyph_svg_audit/606__Ab07-015__b.svg,5043,b8af91c1fda4017faca2b6274a1ebde1b1cc3b6862194000a6d00f68c25ca3fc,runs,,,
runs/iconic_grounding_phd/rongorongo_real/glyph_svg_audit/606__Ab07-086__b.svg,5512,99a210a579c1e7fb2fcd6a04680a2061a9054848b33ed77f544a9722a240f741,runs,,,
runs/iconic_grounding_phd/rongorongo_real/glyph_svg_audit/607__Aa02-108__b.svg,5584,78eea27b1125d4bfbbfddb581ac811bd26f3b4282b1cdbf80adb91558f491865,runs,,,
runs/iconic_grounding_phd/rongorongo_real/glyph_svg_audit/607__Ab01-057__b.svg,3545,b704084fa2b20f8f0595935d2448ee03f03b85a3e0ed8f1b381e94463bc65e53,runs,,,
runs/iconic_grounding_phd/rongorongo_real/glyph_svg_audit/607__Ab01-103__b.svg,4266,172dfdc2f0fbe3f9c0ac99547e7aeb9b464fbeb219f189bc044cfa79ba468bf6,runs,,,
runs/iconic_grounding_phd/rongorongo_real/glyph_svg_audit/608__Aa04-073__b.svg,5156,5a4eb5c53f5e2881056acd77ce284c3970ca2c83bbb9033f12221683dbdbcd37,runs,,,
runs/iconic_grounding_phd/rongorongo_real/glyph_svg_audit/608__Aa05-031__b.svg,4596,c586b6d873d21055f6c4e5d9dee7e6a0312596c45e6615c4585cdb42c95dfd39,runs,,,
runs/iconic_grounding_phd/rongorongo_real/glyph_svg_audit/608__Bv06-058__b.svg,5599,4a846af684d575fb5a9f5cc619b27bd0639f4ad67504363b22e7ac2d91ec2bf1,runs,,,
runs/iconic_grounding_phd/rongorongo_real/glyph_svg_audit/610__Br05-015__b.svg,4452,e41ace5aef016116c5dd6255b6cc0eacd8922b71b21080c5dd4de645773d8aa1,runs,,,
runs/iconic_grounding_phd/rongorongo_real/glyph_svg_audit/610__Br05-018__b.svg,4125,2b3a30e6ea87e2dcfc38dd15f0155aefa5291aa3e271db40f9a645c5b25b2035,runs,,,
runs/iconic_grounding_phd/rongorongo_real/glyph_svg_audit/610__Bv06-061__b.svg,4285,4598d24e8f4ede354ce9f0d1b27212543d33ced8f8ec15d5480b53573f8b544e,runs,,,
runs/iconic_grounding_phd/rongorongo_real/glyph_svg_audit/613__Aa02-107__b.svg,5689,2b9f3fa263be8efe503478d880b7df505e89c2a473a0aa50634df17fdb06cd09,runs,,,
runs/iconic_grounding_phd/rongorongo_real/glyph_svg_audit/615__Ab01-075__b.svg,5841,59d8933806b202bee596ae4938f94812fd84a01ff65120fb805b57e2e2e4e2a5,runs,,,
runs/iconic_grounding_phd/rongorongo_real/glyph_svg_audit/618__Br06-046__b.svg,5216,7cab0a26c12ab5f4eb7369d4cbb9c1d85e49c106430f034acd2567251350b94d,runs,,,
runs/iconic_grounding_phd/rongorongo_real/glyph_svg_audit/622__Aa02-105__b.svg,5175,b4f1baf694e8053a493bec26e8981b83bff67f94875541589542fa58f018fbd6,runs,,,
runs/iconic_grounding_phd/rongorongo_real/glyph_svg_audit/622__Db05-011__b.svg,6897,c04f1272984901f61fef14e224e56aa53c313eee9e88041b1cd8ea6b76aba318,runs,,,
runs/iconic_grounding_phd/rongorongo_real/glyph_svg_audit/624__Br07-009__b.svg,6484,4e41f775ce651d0cb676b839e9aa09fb3a8707e4a3134d73095a2a453b40fde9,runs,,,
runs/iconic_grounding_phd/rongorongo_real/glyph_svg_audit/625__Aa08-080__b.svg,5049,9bb2a05857b6d965108e30ac19125eae4515fffc99f088eace316dc7fb148964,runs,,,
runs/iconic_grounding_phd/rongorongo_real/glyph_svg_audit/626__Aa02-104__b.svg,5914,0b901b774628ec62e016dbc412bfc97f00e37abfb72bef4205dbbddad7b51a4d,runs,,,
runs/iconic_grounding_phd/rongorongo_real/glyph_svg_audit/626__Ab02-109__b.svg,5863,21281f6940309b63fcf64fec6dfd18468a73ddc1679be0afaabb2f99cfe079d4,runs,,,
runs/iconic_grounding_phd/rongorongo_real/glyph_svg_audit/630__Aa01-092__b.svg,2974,a1e49f5c36f18f502a3e2afa4323e6ceceb128e1f91fe68bd55a52a6187f81c9,runs,,,
runs/iconic_grounding_phd/rongorongo_real/glyph_svg_audit/630__Aa06-001__b.svg,3351,ebece1934322939fe1e0437c070ab0e4e817892553db1574995bc3ea6a79f398,runs,,,
runs/iconic_grounding_phd/rongorongo_real/glyph_svg_audit/630__Ab03-051__b.svg,4017,1611b85b53e5fb4607c0727b695e386fe43f2a894fd844a7591e1c83e19774ed,runs,,,
runs/iconic_grounding_phd/rongorongo_real/glyph_svg_audit/631__Aa03-023__b.svg,4460,6d8dc1efebe75c5cafd8261c66710264de9f2eb91a51db38b4c05c5846ac523c,runs,,,
runs/iconic_grounding_phd/rongorongo_real/glyph_svg_audit/631__Aa06-028__b.svg,4456,0e98c43394dea0e90ac445415421cb2c0fc9142b3c91b6e1a4609fdaa16c6441,runs,,,
runs/iconic_grounding_phd/rongorongo_real/glyph_svg_audit/631__Aa08-115__b.svg,3965,8a0e076100db66cd9fd3ec2a0c2effac54435fb29e07823c30b8e1a41556a332,runs,,,
runs/iconic_grounding_phd/rongorongo_real/glyph_svg_audit/637__Ca09-007__b.svg,5241,6ee8ffacbd9121df40bb31d316d2c2cb5c434b17f69d92601110797ece0bec1c,runs,,,
runs/iconic_grounding_phd/rongorongo_real/glyph_svg_audit/638__Br07-027__b.svg,4269,63f26b524b5413087b805c443d49235170f34daec50b771a948cd0f55e00aee2,runs,,,
runs/iconic_grounding_phd/rongorongo_real/glyph_svg_audit/650__Br09-010__b.svg,3491,3abf5aa9bc02c1add146448f59956c3cd548c950e3ce89705c0106ae6ae51a16,runs,,,
runs/iconic_grounding_phd/rongorongo_real/glyph_svg_audit/650__Ev04-030__b.svg,3550,175eeb36f68dd09dcae72e2e553e5f329403aaa4fa1d74c65c22c57d3ef12e1f,runs,,,
runs/iconic_grounding_phd/rongorongo_real/glyph_svg_audit/651__Ab02-049__b.svg,7037,2f2a69bca32c7bc46407ee5f7d247b00e5f38bd966b51343e9f5759fe184a6cc,runs,,,
runs/iconic_grounding_phd/rongorongo_real/glyph_svg_audit/652__Ab06-122__b.svg,4772,e4f862729939437671c643d960496aa1b398dbff6c9954be64aa6ec1942cb29a,runs,,,
runs/iconic_grounding_phd/rongorongo_real/glyph_svg_audit/653__Br08-038__b.svg,5517,220e248c8ee306cfa2cc580fd35e04c14cf0b764fd75ca37f295455de5279aa8,runs,,,
runs/iconic_grounding_phd/rongorongo_real/glyph_svg_audit/654__Bv02-031__b.svg,7867,1ca6defef7506736dadcec1fcc59c6e43b4b6855cf4c245a0cef665e53005a68,runs,,,
runs/iconic_grounding_phd/rongorongo_real/glyph_svg_audit/655__Aa01-097__b.svg,3496,b2046be4040aaeb9ceedf852a95343bc8172dbbb6b0b76d885c9dc58425d743b,runs,,,
runs/iconic_grounding_phd/rongorongo_real/glyph_svg_audit/655__Aa02-028__b.svg,3165,a0af1da6536206f495969f584f2df9685e7e0b8caeb686cf827130872e62e706,runs,,,
runs/iconic_grounding_phd/rongorongo_real/glyph_svg_audit/656__Da02-006__b.svg,4206,a69189484f2c2b1c10a5634aa820f6d134860ac0b96a45e26773a5a71d3fba83,runs,,,
runs/iconic_grounding_phd/rongorongo_real/glyph_svg_audit/658__Aa01-103__b.svg,3952,6f0ba687d9fa8c6efdc13f5408e6c98f6c59e6e780b3dc7e440669b58715d4e6,runs,,,
runs/iconic_grounding_phd/rongorongo_real/glyph_svg_audit/660__Aa02-106__b.svg,5027,cd7facc61497bdee3029135fe83d204d39b4ef821c7ede715647029323f5588e,runs,,,
runs/iconic_grounding_phd/rongorongo_real/glyph_svg_audit/660__Aa04-069__b.svg,5088,f428f721d2a6f22048a06b21afa6095862ae7698fe946e13788bd676b9ba0e55,runs,,,
runs/iconic_grounding_phd/rongorongo_real/glyph_svg_audit/660__Ab01-085__b.svg,4839,195d3e5fdbf44f65c68d4c054878bf845e23f0876a981b3cbf9ff7c19d7b1824,runs,,,
runs/iconic_grounding_phd/rongorongo_real/glyph_svg_audit/661__Ab07-006__b.svg,6265,e161dfe64e93c8468c9cc5d16e4e64733d88063ff9316d23ce39830c964d0a2a,runs,,,
runs/iconic_grounding_phd/rongorongo_real/glyph_svg_audit/663__Bv05-018__b.svg,5166,088aee904e062ba1f9874f7bafaab6c738de3fe289b4e928ab198509c559ca10,runs,,,
runs/iconic_grounding_phd/rongorongo_real/glyph_svg_audit/663__Cb13-028__b.svg,4233,0b169d73044202faf232b3fc4ade7f6013b846631f9171ede8a7a8db73838f94,runs,,,
runs/iconic_grounding_phd/rongorongo_real/glyph_svg_audit/664__Aa05-069__b.svg,5018,c1ef263efc05a6043e2308ed333d5268eb2c676d47c99dc50e1687878067a8bc,runs,,,
runs/iconic_grounding_phd/rongorongo_real/glyph_svg_audit/664__Cb14-007__b.svg,4897,1527e63f023f10b386b9f361cb27f08b4e8f408191f1b678eaf460e38b13fdfc,runs,,,
runs/iconic_grounding_phd/rongorongo_real/glyph_svg_audit/664__Er07-047__b.svg,6093,8875ef4c140a2a6567fdbe2699765a5719e8fc814b4242c2ef71eee702ba2604,runs,,,
runs/iconic_grounding_phd/rongorongo_real/glyph_svg_audit/665__Aa08-109__b.svg,3226,e1b20e5a08bb6c4d3d4e796302a4de68d066e1167296da0cc620c46a931f2b92,runs,,,
runs/iconic_grounding_phd/rongorongo_real/glyph_svg_audit/665__Cb05-006__b.svg,3754,bbdbdd66df8bdc5b4f2acf1bddd496fb94890d6715cf98c03c496a914cc5f8ee,runs,,,
runs/iconic_grounding_phd/rongorongo_real/glyph_svg_audit/665__Cb10-007__b.svg,4233,7123755e092864f3d357a2d281b7b419f479b74ca9b09278bff4721847e9b1be,runs,,,
runs/iconic_grounding_phd/rongorongo_real/glyph_svg_audit/666__Ab02-037__b.svg,3617,14468eb9c4c4cb2e9574dba8e008ce31e1b80ea14c293166a281149e0c4f1274,runs,,,
runs/iconic_grounding_phd/rongorongo_real/glyph_svg_audit/666__Ab05-082__b.svg,3408,09ec2b1d7e8c27ef2b8d3708865525a3a8ccdeae5e9076780ebaa85f7627d2b0,runs,,,
runs/iconic_grounding_phd/rongorongo_real/glyph_svg_audit/666__Ab05-109__b.svg,3262,8464785a11231b78993a543d886825cb1e9fa48b8f070355aa1fb3dc4a2bb0f1,runs,,,
runs/iconic_grounding_phd/rongorongo_real/glyph_svg_audit/667__Ab04-081__b.svg,4416,77163a59d0c96bec8a06f945d2aad44502f13ce1cd6a275d6ff4af38dfeb24bd,runs,,,
runs/iconic_grounding_phd/rongorongo_real/glyph_svg_audit/667__Cb10-008__b.svg,5323,64b868790619f0b21cfb26bdd7e32eb59cb7dc82c9b8b9422e9777f7d1b1ce8b,runs,,,
runs/iconic_grounding_phd/rongorongo_real/glyph_svg_audit/670__Aa01-106__b.svg,3624,cc4dcb6a47a255a05fee2bf2c737e05634dec525517b95fe5158847966c380c8,runs,,,
runs/iconic_grounding_phd/rongorongo_real/glyph_svg_audit/670__Ab03-042__b.svg,3613,3aa2deb82c6be2cfb83cd2438a18f6bf4cb9e3bdde3e0b4d42775c15050cb225,runs,,,
runs/iconic_grounding_phd/rongorongo_real/glyph_svg_audit/670__Bv04-058__b.svg,3727,3309e4d48219d6d33109c1543f9fd976af8f379fc04ad4bd78b4c78b10349bbe,runs,,,
runs/iconic_grounding_phd/rongorongo_real/glyph_svg_audit/671__Cb08-014__b.svg,5146,a3d5451adeaad87936a9f1cd2cc932dd12d56c5fb28ffee47891b02e4e3ad08b,runs,,,
runs/iconic_grounding_phd/rongorongo_real/glyph_svg_audit/672__Ab01-030__b.svg,4306,43a6e29b131f6247af6c3d715aecdc60990d7b832225d99f944bca0f79a66351,runs,,,
runs/iconic_grounding_phd/rongorongo_real/glyph_svg_audit/672__Bv12-056__b.svg,3445,7469749ac984b39f8ac37efee4cc3705b4cc85477aa41773b75ed2472e7abf9f,runs,,,
runs/iconic_grounding_phd/rongorongo_real/glyph_svg_audit/673__Bv06-039__b.svg,4448,b9dcfcff782e64162d28b37fb70cac9e502122d1c539f07d456de6685dfe9d97,runs,,,
runs/iconic_grounding_phd/rongorongo_real/glyph_svg_audit/675__Ab05-071__b.svg,4191,6a26b3abf62adcff7716fadef971da6a6e5a9dcb55f29d5b4eec1a2f140d23a6,runs,,,
runs/iconic_grounding_phd/rongorongo_real/glyph_svg_audit/675__Fa02-006__b.svg,3874,ed118671e3e5d0e05c94f46af410602429c01cbd3da23e0b85f578bc9969b4f0,runs,,,
runs/iconic_grounding_phd/rongorongo_real/glyph_svg_audit/677__Fa02-004__b.svg,3077,46aba383dfbf2546a482e4e9247d24256950ef261556bc6989449d4886542a5c,runs,,,
runs/iconic_grounding_phd/rongorongo_real/glyph_svg_audit/678__Aa01-093__b.svg,1987,51d38ef331f2a58c264df87d3dcaeadd2cc9dd6356589407cfc6d5f6b2da08ea,runs,,,
runs/iconic_grounding_phd/rongorongo_real/glyph_svg_audit/678__Aa02-019__b.svg,2335,50b1d6ef49a0cb3ad1903dce02aee4bb9c7c18b3d09bb5378b60264e40973629,runs,,,
runs/iconic_grounding_phd/rongorongo_real/glyph_svg_audit/678__Aa02-025__b.svg,2600,20d398144553421c38503972e994dc8b1024e412a0b2e588285bac48fcbbf9ee,runs,,,
runs/iconic_grounding_phd/rongorongo_real/glyph_svg_audit/680__Aa03-016__b.svg,6761,bb91ffaa194fa81ea5d1a5e927fa5d86291e7f3e0e6fb265bdb566be954ae0c8,runs,,,
runs/iconic_grounding_phd/rongorongo_real/glyph_svg_audit/680__Aa03-067__b.svg,6129,d02a476847579a7776e4b627c5f65c1b1bd1b5b90c499232eb055c6d4e443872,runs,,,
runs/iconic_grounding_phd/rongorongo_real/glyph_svg_audit/680__Ab04-106__b.svg,6314,0d612b4d9c468b24d61b0f33d68d2cb6903c8d988c0972cd5a248dca7adb819c,runs,,,
runs/iconic_grounding_phd/rongorongo_real/glyph_svg_audit/681__Ab03-015__b.svg,5729,401fcf0304100015ecf790b7bc3597986fc485502f4af9e9e1ad6b0e44da643d,runs,,,
runs/iconic_grounding_phd/rongorongo_real/glyph_svg_audit/681__Ab05-025__b.svg,5470,aa8dd587a301c6c8d358289328af9502bf46b1a8baa146e33f1d4e45a36fa507,runs,,,
runs/iconic_grounding_phd/rongorongo_real/glyph_svg_audit/683__Ca14-034__b.svg,5552,837d8970a7690c7cc7d2e1f0bd020e44677b5ab4c0cf22813e758757d7d037cc,runs,,,
runs/iconic_grounding_phd/rongorongo_real/glyph_svg_audit/684__Ev05-046__b.svg,5105,f8ec301ffb320ef04eaec4fefa71017fcd370d620b40abf98d510aed96b0dcb3,runs,,,
runs/iconic_grounding_phd/rongorongo_real/glyph_svg_audit/685__Fa01-002__b.svg,4975,2f9e36fe2dc961026055ad012ab2ded4d96e4213a959f24aa6f886efcd8ebf9f,runs,,,
runs/iconic_grounding_phd/rongorongo_real/glyph_svg_audit/685__Fa04-006__b.svg,4660,f22f71745eb16eb37b9a4ed0cd43e495bef9bfca0fcb3dff7fc6cc1d860bf29b,runs,,,
runs/iconic_grounding_phd/rongorongo_real/glyph_svg_audit/685__Fa04-008__b.svg,4901,08c9e55b3f7457032db299e82d8aa0b220b484ecab901c5535da6fcbda0ebb58,runs,,,
runs/iconic_grounding_phd/rongorongo_real/glyph_svg_audit/694__Ev01-020__b.svg,5453,3c7ec734fd39ca070b3b60acdddd2c49d46ef8cb327e0390d4f3a4250586ce6e,runs,,,
runs/iconic_grounding_phd/rongorongo_real/glyph_svg_audit/695__Aa01-012__b.svg,3286,af07b9a1b4834b11eccb5e629707a267a3f9bdc3b940f5bf88881fe37d6ed86c,runs,,,
runs/iconic_grounding_phd/rongorongo_real/glyph_svg_audit/697__Ab04-059__b.svg,6474,b4374066293e8284c2e9cde47618ae39e2f54db1a2e1ce18c536c0a8624b7a3f,runs,,,
runs/iconic_grounding_phd/rongorongo_real/glyph_svg_audit/697__Br04-005__b.svg,3948,5834d39e8207dfa7da7f2e9b72c945b5a8bacc2c82382dc95d35157cabb656e1,runs,,,
runs/iconic_grounding_phd/rongorongo_real/glyph_svg_audit/697__Er07-035__b.svg,5475,7f8089a8c1561fa9679e3caae92aa8133e0bde01682a6c0cae05458cf14eb972,runs,,,
runs/iconic_grounding_phd/rongorongo_real/glyph_svg_audit/700__Aa03-019__b.svg,2280,1073350774e0f8dcf029932fcf8e947c3c96d2a23c328a04d8e34f29ae6bed81,runs,,,
runs/iconic_grounding_phd/rongorongo_real/glyph_svg_audit/700__Ab02-097__b.svg,2105,c54c10c9c1eb362da5a2e8fe215e4cbfce65401f9b8f901296960c4cdd3d3c4c,runs,,,
runs/iconic_grounding_phd/rongorongo_real/glyph_svg_audit/700__Br09-013__b.svg,2029,7c27ff7871afde0468755acfbda357d44cc3b3bf4665ac1a2cb25e3209a3236b,runs,,,
runs/iconic_grounding_phd/rongorongo_real/glyph_svg_audit/701__Aa02-020__b.svg,2425,70b4f224adddadd5250af1585d2419d17a4ca310320d34af34d31c6766037623,runs,,,
runs/iconic_grounding_phd/rongorongo_real/glyph_svg_audit/710__Aa07-035__b.svg,1675,a1ccf7c2f5a9b66815e69cf8b0e49dca7e7ca2db0dc45c58b3002345b094e1d1,runs,,,
runs/iconic_grounding_phd/rongorongo_real/glyph_svg_audit/710__Aa08-025__b.svg,1694,e00c0212bd33d05df1c7f2ed4b8c5217c606125ff59446cd36f42932ac517cd9,runs,,,
runs/iconic_grounding_phd/rongorongo_real/glyph_svg_audit/711__Aa01-107__b.svg,1940,0eae49211d893439ae1924afdc48851a4874075a4239f7f5909cf9e0e4aa6414,runs,,,
runs/iconic_grounding_phd/rongorongo_real/glyph_svg_audit/711__Aa07-085__b.svg,2152,5bce081a757bd3a3c26ed317ea5db5e7b7662bdebe161b9ba78f35ccbcbe870c,runs,,,
runs/iconic_grounding_phd/rongorongo_real/glyph_svg_audit/711__Ab01-094__b.svg,1581,9d1ebb159cfb2bbce686f98acd02c99d26e266eb38259a300376472244e14ab9,runs,,,
runs/iconic_grounding_phd/rongorongo_real/glyph_svg_audit/716__Aa05-034__b.svg,5971,68cba61313ed0029db1035d5603944537494e9b115a9232ec3964cc6934304d1,runs,,,
runs/iconic_grounding_phd/rongorongo_real/glyph_svg_audit/717__Ab08-033__b.svg,2954,7bb138cc3d2ab259d2b993a8e1805b27ffe18c2a940adc84b026e685a0b0953d,runs,,,
runs/iconic_grounding_phd/rongorongo_real/glyph_svg_audit/718__Ab07-063__b.svg,4482,db9d83210d849d59638983d61d50a6690056969f0126c9061430b20688074606,runs,,,
runs/iconic_grounding_phd/rongorongo_real/glyph_svg_audit/719__Ab03-028__b.svg,3506,6183813bc2ccd3c61fac64bb49dfbdd4e3f60e78ce40ffcb9b88fd7e859c2a36,runs,,,
runs/iconic_grounding_phd/rongorongo_real/glyph_svg_audit/719__Ab05-040__b.svg,4193,ecb5a17cfa17ce1c9c35afec08ab0779f462972936b18f456c43428619f69208,runs,,,
runs/iconic_grounding_phd/rongorongo_real/glyph_svg_audit/720__Aa06-096__b.svg,2968,d19983df1a056fa478a411e5a43d221d0c7c49de1cca3ed385be60892993ea25,runs,,,
runs/iconic_grounding_phd/rongorongo_real/glyph_svg_audit/721__Er04-050__b.svg,4221,085f2112c36909fb5eb7b5402d7faeed03053f39bce88ace4ca14e49c9ae3c95,runs,,,
runs/iconic_grounding_phd/rongorongo_real/glyph_svg_audit/721__Fa02-007__b.svg,4483,74f0dfd734c094e67834c280957dfd564015bf0012ab6dd27cc49b79fc4a4f46,runs,,,
runs/iconic_grounding_phd/rongorongo_real/glyph_svg_audit/722__Br07-031__b.svg,2694,f5e6492dff8f476990d3fda803f5cb983946ed7c5303748cddd3c7300709aeb3,runs,,,
runs/iconic_grounding_phd/rongorongo_real/glyph_svg_audit/722__Er01-030__b.svg,3371,94ac8fdb597257a892b220f93e893e0f00a462d4742968434820f5010b9c0e86,runs,,,
runs/iconic_grounding_phd/rongorongo_real/glyph_svg_audit/725__Cb14-008__b.svg,5177,9f45add243971d63e869e3c4389755040905dd9faba726ef0ee08739f982311e,runs,,,
runs/iconic_grounding_phd/rongorongo_real/glyph_svg_audit/727__Bv10-012__b.svg,3348,3424eef92fe71efd6bb14b99066d41430b0d2028309b997eed2c480ac8b7478e,runs,,,
runs/iconic_grounding_phd/rongorongo_real/glyph_svg_audit/730__Aa08-018__b.svg,3260,bc5d264c42b02ce46db75031ca68c435cb595e4712ad7cf1171a0b6258f50e34,runs,,,
runs/iconic_grounding_phd/rongorongo_real/glyph_svg_audit/730__Br05-022__b.svg,3588,0b5bd0dd458ba7d91fec8bb76fb4214c297347c236eafdd1502516607b16f622,runs,,,
runs/iconic_grounding_phd/rongorongo_real/glyph_svg_audit/730__Bv03-032__b.svg,3130,1e43dc8b0fa7b5dc4f2744ab208e959118f0d876800b64bb1342033714037268,runs,,,
runs/iconic_grounding_phd/rongorongo_real/glyph_svg_audit/732__Ab02-075__b.svg,4081,f740769205074e5ce24848fe9d1321647316e2588525321c76bf8a4a31cd0075,runs,,,
runs/iconic_grounding_phd/rongorongo_real/glyph_svg_audit/733__Bv10-013__b.svg,4010,77c0996f7e8bcbc6ef6db9444cf3de71d792cc373450596bd933a2309f8bdc77,runs,,,
runs/iconic_grounding_phd/rongorongo_real/glyph_svg_audit/734__Aa01-114__b.svg,6073,43f9839dd09b50fda05aa8e14612b6f816e282dc6e5675026372cd966987aede,runs,,,
runs/iconic_grounding_phd/rongorongo_real/glyph_svg_audit/734__Aa08-054__b.svg,4241,fec61363da6eb6aa62f88728f693891898227c21ef06f6c0fab51674552d0719,runs,,,
runs/iconic_grounding_phd/rongorongo_real/glyph_svg_audit/734__Ab02-090__b.svg,2782,f1ca4f28e26125827ba470fa618c49560034cd6d983b569be060ef32ef6a130d,runs,,,
runs/iconic_grounding_phd/rongorongo_real/glyph_svg_audit/735__Aa07-047__b.svg,2094,2e1f19c35d2639671cf241dd46e3d24299aa9fb3cc72e4921aa8582893f42685,runs,,,
runs/iconic_grounding_phd/rongorongo_real/glyph_svg_audit/735__Bv11-027__b.svg,3943,550bbadcacf6c62e5b527ec97364c6e1936e3f7a4e861f8bbd1b925561b07588,runs,,,
runs/iconic_grounding_phd/rongorongo_real/glyph_svg_audit/736__Ab03-069__b.svg,4799,280f46b788b2f1dde195f7518ee000b1a6282c4a0bf0d992bee46e30635adc38,runs,,,
runs/iconic_grounding_phd/rongorongo_real/glyph_svg_audit/736__Ab03-079__b.svg,4234,ca7828b067faf4897231b722913d6cf4432bab785f885637faa8ac5ecbaa5797,runs,,,
runs/iconic_grounding_phd/rongorongo_real/glyph_svg_audit/736__Ab04-109__b.svg,5961,fe3b8bde98d3f662375b243819d57aa47e86c82074f0753009281d6a9b6e9a2d,runs,,,
runs/iconic_grounding_phd/rongorongo_real/glyph_svg_audit/737__Aa04-039__b.svg,3805,ae15fc062c2163ca37b5a31c4058f689af1b217149b18386809969f7ed954615,runs,,,
runs/iconic_grounding_phd/rongorongo_real/glyph_svg_audit/738__Br08-024__b.svg,4911,627e8dfb008c0336be1a778998faec35dd3ab03286edf5f2ad39b01cf9362cb5,runs,,,
runs/iconic_grounding_phd/rongorongo_real/glyph_svg_audit/739__Aa01-080__b.svg,2692,762e64577abf94ebe8c1c702909107e426b6ffaf51d356f7ff9a99240d8085c2,runs,,,
runs/iconic_grounding_phd/rongorongo_real/glyph_svg_audit/739__Ab03-063__b.svg,2788,b6f1080d989cf64a180c31fa2754a1677cedd719bdb560101538cf6c1e22b4d5,runs,,,
runs/iconic_grounding_phd/rongorongo_real/glyph_svg_audit/739__Ab05-087__b.svg,2230,ce337d6e9259ddc44d0c1f5d5fa6412f938f0c6ff61e06fd4c9080c67c0ba8ee,runs,,,
runs/iconic_grounding_phd/rongorongo_real/glyph_svg_audit/740__Ab03-075__b.svg,4030,da2704cd038b20780afa1a0a5f4ca7d29e72457f44fa129183cdff7db7187ee7,runs,,,
runs/iconic_grounding_phd/rongorongo_real/glyph_svg_audit/741__Aa01-109__b.svg,4438,8cf1ee09f56858a54eb1d869f3ac5359490092ad23a62ea0ab668988b5e9612b,runs,,,
runs/iconic_grounding_phd/rongorongo_real/glyph_svg_audit/741__Ab01-064__b.svg,4426,6e30d5beeee8d6be60d5bd29e59d87157902d26176845302af18177a4d87939e,runs,,,
runs/iconic_grounding_phd/rongorongo_real/glyph_svg_audit/741__Ab01-098__b.svg,4605,03ef2e427ac5ca9f12544fb7552b27f0a95895752fdd4020adacd819648de2db,runs,,,
runs/iconic_grounding_phd/rongorongo_real/glyph_svg_audit/742__Ab01-079__b.svg,3848,e359dc9b0805b484d11f16e8af08be15aecd786239054957e2bb4bb2180cda7d,runs,,,
runs/iconic_grounding_phd/rongorongo_real/glyph_svg_audit/742__Ab06-023__b.svg,4808,b6e0eef7e5affddb978581430850fb1caf24fbbb5fdc59e77aba3a4b991242b2,runs,,,
runs/iconic_grounding_phd/rongorongo_real/glyph_svg_audit/742__Ab06-026__b.svg,3958,33b196fed52b31e2b6d8273245989c2c0ca45b3167aee36f4319d4e323fac5b0,runs,,,
runs/iconic_grounding_phd/rongorongo_real/glyph_svg_audit/743__Ab06-030__b.svg,5218,5528a88131dbe120e7e26558dc8455f6ebf1847300aa14a60b825878b2ed37ba,runs,,,
runs/iconic_grounding_phd/rongorongo_real/glyph_svg_audit/745__Aa04-036__b.svg,3405,820a9566328a0352a863f98fe10f0503e21216b4209ee57c26a3796e0a3b6752,runs,,,
runs/iconic_grounding_phd/rongorongo_real/glyph_svg_audit/745__Aa05-003__b.svg,3851,d6f47a2ae09cbd4ee6c66c566d32c8c3b7260fb0b825783766cdb3a90e3b210e,runs,,,
runs/iconic_grounding_phd/rongorongo_real/glyph_svg_audit/745__Aa05-056__b.svg,3999,0f21c9adbfc471303354a8c0dbc049ea43dee84e5b922ff972808cf1fe7edca3,runs,,,
runs/iconic_grounding_phd/rongorongo_real/glyph_svg_audit/746__Aa08-122__b.svg,3809,d0079617da7951cb03d657cfefd7d14e0a89adf63bcb4742281546d8e081a9bd,runs,,,
runs/iconic_grounding_phd/rongorongo_real/glyph_svg_audit/746__Ab01-047__b.svg,4904,0f24090e22e8d343e6c3b75ec0e3a32b3a2443322bb165f08e09dec6649c3617,runs,,,
runs/iconic_grounding_phd/rongorongo_real/glyph_svg_audit/746__Ab05-090__b.svg,4119,52f94e140acadd60786c02872fd460f649c0b321b357f51f6eb9167757bf0b28,runs,,,
runs/iconic_grounding_phd/rongorongo_real/glyph_svg_audit/747__Br08-030__b.svg,3704,c65569551c160600f177322f2b26ba81d55d0dba668845da3681d82b9b1be822,runs,,,
runs/iconic_grounding_phd/rongorongo_real/glyph_svg_audit/747__Br08-034__b.svg,2795,14c3dc04d9f92edc918f803e7e8d7038bd64a8cada65cba1094886ee79f66daa,runs,,,
runs/iconic_grounding_phd/rongorongo_real/glyph_svg_audit/747__Br08-037__b.svg,3289,34df57a04aadd125c13e6a90a64072fa7d800169519ddd6b050650368b99359c,runs,,,
runs/iconic_grounding_phd/rongorongo_real/glyph_svg_audit/748__Aa06-041__b.svg,5959,2202a67f099dd27adf241206fa139550466186ad13e94816e5502b09f2d150ea,runs,,,
runs/iconic_grounding_phd/rongorongo_real/glyph_svg_audit/748__Aa08-057__b.svg,6275,739e091d7d4d9f7123d4d6efc6980dc8122d1b336e9a11428404a4fecf6371bd,runs,,,
runs/iconic_grounding_phd/rongorongo_real/glyph_svg_audit/749__Br03-029__b.svg,5499,711083a1265b9835df7dba36f2684bf9f5c79e25c3c60a7ad41c0ba28236fe25,runs,,,
runs/iconic_grounding_phd/rongorongo_real/glyph_svg_audit/752__Ab03-052__b.svg,3752,0b524356c6c52417189be5a1da8c4a0bdb35c6304ddf482e931879c6330291c6,runs,,,
runs/iconic_grounding_phd/rongorongo_real/glyph_svg_audit/752__Ab03-054__b.svg,3855,a0a36471bf25ab326a3a721930772ba75c9f9a43541d2e0079f6f1016ff6b8d6,runs,,,
runs/iconic_grounding_phd/rongorongo_real/glyph_svg_audit/752__Ab03-093__b.svg,3666,8e0302ffe0c720b9c5d10544220bd8ec3dedd0d0ac2b61c30022a637573d899f,runs,,,
runs/iconic_grounding_phd/rongorongo_real/glyph_svg_audit/755__Aa03-072__b.svg,2772,1bc2163de64e7045ec7a466fe312993da6e70f2de712c41245bb71c6ba2250fb,runs,,,
runs/iconic_grounding_phd/rongorongo_real/glyph_svg_audit/755__Ab01-096__b.svg,3031,f3630e92ee00aca896942ef0690e103c17080aee517a44e1c0297a0552599a7f,runs,,,
runs/iconic_grounding_phd/rongorongo_real/glyph_svg_audit/755__Ab08-090__b.svg,3149,a92c08ab5cab4ca567ebbe37deab77d42d2d9ea9a61bb1f5e5f8907fd14b7836,runs,,,
runs/iconic_grounding_phd/rongorongo_real/glyph_svg_audit/756__Ab04-012__b.svg,3903,3098e93c82ff23004fcd9d9f764d24879f4f95c3553e9070d473c3a08cec1ccd,runs,,,
runs/iconic_grounding_phd/rongorongo_real/glyph_svg_audit/760__Br08-023__b.svg,3944,c0a8f261a757f03bc8a7015577fd0987acb2e3fada3614a8012d7d074f7aefe9,runs,,,
runs/iconic_grounding_phd/rongorongo_real/glyph_svg_audit/760__Ca04-016__b.svg,5460,621b48fd1d09701928b53b00e31f68fd2fde471170e94174a419c2d72e447dcb,runs,,,
runs/iconic_grounding_phd/rongorongo_real/glyph_svg_audit/760__Ca10-022__b.svg,7063,be076ffc32472b7eb4eb70fbb9ff94559177ce96076228cf6fa279ab67d1335b,runs,,,
runs/iconic_grounding_phd/rongorongo_real/glyph_svg_audit/761__Cb11-020__b.svg,5963,354e0d9e76a3817cf42248fbcefc1cc1ccb79aadef264fa6b0561558f6ee0455,runs,,,
runs/iconic_grounding_phd/rongorongo_real/glyph_svg_audit/762__Cb11-019__b.svg,8025,dad2e7131c315b5ee120ccdc924479ec66b441769735152b1c388368da800bc3,runs,,,
runs/iconic_grounding_phd/rongorongo_real/glyph_svg_audit/763__Ca11-034__b.svg,7658,99ae2a0631ed90bc905339222d974260cd575de1b089d7989db3451c8d88bb6e,runs,,,
runs/iconic_grounding_phd/rongorongo_real/glyph_svg_audit/770__Aa06-011__b.svg,7300,fe903223d383701bc4b3c792c58c985453ab1d4f8ddebe7b65703cfdf7d66ace,runs,,,
runs/iconic_grounding_phd/rongorongo_real/glyph_svg_audit/770__Ab08-109__b.svg,4835,f3c6b6b43a2f5ec2217a2dc563a824924da0825eb79023a123907d04ddb95dd5,runs,,,
runs/iconic_grounding_phd/rongorongo_real/glyph_svg_audit/770__Br07-001__b.svg,5943,7494c465fac9624b8a7c5057acc4dd094afe989e6139e80148d83764a840d8ea,runs,,,
runs/iconic_grounding_phd/rongorongo_real/glyph_svg_audit/771__Ab05-100__b.svg,3935,c530185dc4df9286a3e6356725767499738fff2c05d5940720149202f1060289,runs,,,
runs/iconic_grounding_phd/rongorongo_real/glyph_svg_audit/771__Br04-016__b.svg,5276,608eb888c39b57e657c6c22a318aa54d5a09f82ea504d16f8fa0d3cb8ff74d3b,runs,,,
runs/iconic_grounding_phd/rongorongo_real/glyph_svg_audit/772__Ab03-123__b.svg,4868,486cfef1f789617f9048adc329913206d6b24b3f66d10ff032a7c6ad5b75c5fe,runs,,,
runs/iconic_grounding_phd/rongorongo_real/glyph_svg_audit/772__Ab07-067__b.svg,4587,9193511a66da9115d3c29814d1121e0d630bda3ec5482cd21491b89430819c2d,runs,,,
runs/iconic_grounding_phd/rongorongo_real/glyph_svg_audit/773__Ab08-041__b.svg,2220,964ffd05224ba4484b33eb6377318ead0d006d6ad85ef7146be7099ae1bf45fd,runs,,,
runs/iconic_grounding_phd/rongorongo_real/glyph_svg_audit/773__Br05-039__b.svg,4260,54140cde6986a92638a7c00795ae97c69bca5e381a85f58c35e6862e921a9aeb,runs,,,
runs/iconic_grounding_phd/rongorongo_real/glyph_svg_audit/773__Ca06-021__b.svg,2962,369b491b7c4d44a7645347491eb0875e6209299ac0117ae044a5fbe8e7d90295,runs,,,
runs/iconic_grounding_phd/rongorongo_real/glyph_svg_audit/774__Aa08-088__b.svg,3836,7bf51a5947ac154f93adf22eea1453d6cee664d90934d0d83a723eebca760409,runs,,,
runs/iconic_grounding_phd/rongorongo_real/glyph_svg_audit/774__Aa08-090__b.svg,4028,25ab867ddda254e84f90da0de37d7ab303d00e9bbd4928f771661a69a1aa8ee3,runs,,,
runs/iconic_grounding_phd/rongorongo_real/glyph_svg_audit/774__Aa08-092__b.svg,5912,752bf7991c8c421660766a7a1c27b27789410f836cb81e328a4795b9abaff683,runs,,,
runs/iconic_grounding_phd/rongorongo_real/glyph_svg_audit/775__Br07-041__b.svg,4111,908075944d28617a1acc81a2d5575a4c6b773e749ec382a78072373618609d63,runs,,,
runs/iconic_grounding_phd/rongorongo_real/glyph_svg_audit/777__Ca04-028__b.svg,3756,f1160a5f7004b049181127f358101a468c3089783234f516bcb8aa8fffcdb4bd,runs,,,
runs/iconic_grounding_phd/rongorongo_real/glyph_svg_audit/777__Ca04-029__b.svg,4362,c5cb20f6d5c6370ab3861cede48099b8298b58ded11204a8a6029ddcd57f62d7,runs,,,
runs/iconic_grounding_phd/rongorongo_real/glyph_svg_audit/780__Br06-013__b.svg,5076,4cdecacd78a6b3fc6c76a10a3458ba37be451ec78fe01e3ffbd65276fbf7c3cc,runs,,,
runs/iconic_grounding_phd/rongorongo_real/glyph_svg_audit/___Ab02-089__b.svg,1614,dd02ba70558ac1d101e314eedcada8cbcdd943124dedf4fd4f527f99024b279b,runs,,,
runs/iconic_grounding_phd/rongorongo_real/glyph_svg_audit/___Ca07-011__b.svg,1154,6f1d8bcb1ee2e8b8fe8e28e8f24a37980d1af2422e96bebbeb8dc88ea0a473bb,runs,,,
runs/iconic_grounding_phd/rongorongo_real/glyph_svg_audit/___Da01-001__b.svg,2890,8bc6d01aa269e5af0eb9803e40fb66969abdbe87a98863846734e3a589f4292e,runs,,,
runs/iconic_grounding_phd/rongorongo_real/rapa_nui_referent_embeddings.npz,21283,bca10118bda8639649ef10b6f708ea8f002766db2d32fca9bdf7697e98cde32a,runs,,,
runs/iconic_grounding_phd/rongorongo_real/rapa_nui_referent_metadata.csv,2661,6983f1536174700e7e7f2bdf87d36da003fc8000b78db1831ffc8dba80eae0e8,runs,,,
runs/iconic_grounding_phd/rongorongo_real/real_iconic_candidates.csv,507383,78e2b98b698d31059a078024fd264b0cec483b8f692b3bc0ea5000779af4748e,runs,,,
runs/iconic_grounding_phd/rongorongo_real/real_iconic_report.md,2066,62842a3f360b4f5fc522d487258238cf5e964aa5af7266153ba75803474a370d,runs,,,
runs/iconic_grounding_phd/rongorongo_real/real_iconic_summary.json,896,37bbd8e8369ebe8aceb0c89a34de62a96c87448946d7cceac3e585988701ebab,runs,,,
runs/iconic_grounding_phd/rongorongo_real/rongorongo_real_glyph_embeddings.npz,579694,fde73a7bba120f7f0008a7f181db3ca47dc5ad6ec17506f90ea8de425426a429,runs,,,
runs/iconic_grounding_phd/rongorongo_real/rongorongo_real_glyph_metadata.csv,31463,6aa4e77687fe9aacc559c8721457bb2f7443a783c815d4a8d200c74a95ecb2aa,runs,,,
runs/iconic_grounding_real/glyph_svg_audit/000__Aa01-115__b.svg,2381,678c0ee024313bede41292376d1b8d3a8ad6c0d348115680ddcb7f89d73ed118,runs,,,
runs/iconic_grounding_real/glyph_svg_audit/000__Br01-055__b.svg,2220,a873979ad4c153046cd836e59e9efdfe9ddd7f0c1787cc60b20e76e32dc91342,runs,,,
runs/iconic_grounding_real/glyph_svg_audit/000__Bv02-013__b.svg,1949,c603816fdfce2370676f27466df833fafb1083f5d6b82dc2984488db0711129c,runs,,,
runs/iconic_grounding_real/glyph_svg_audit/000__Bv12-006__b.svg,1953,34f5023a532ae160b46f18b85c090fac20ac2638814f6cd1208c64752844f971,runs,,,
runs/iconic_grounding_real/glyph_svg_audit/000__Cb03-001__b.svg,3755,594c4ed8bce42785559b3927f3fd5cfc003bf079384fcb03ebaa814ef2c5d4d5,runs,,,
runs/iconic_grounding_real/glyph_svg_audit/001__Aa01-057__b.svg,1211,c7d5bb52a13ce2441de18512694ceb2570982353d589a9ec8bfba41d6d96eb33,runs,,,
runs/iconic_grounding_real/glyph_svg_audit/001__Aa07-120__b.svg,1067,90c9251607645d365ed7ff55aedded6985461dd7408dcb143e94e9b2f4d4970c,runs,,,
runs/iconic_grounding_real/glyph_svg_audit/001__Ab02-001__b.svg,659,1b791cd6f0e4d15a9cc9fdd9b7e16741adcbad951a0b2ff965ba1c7c46d36f52,runs,,,
runs/iconic_grounding_real/glyph_svg_audit/001__Ab03-057__b.svg,1071,3766805eb62c9cafeaed1aca2a32196c8e2b970d4244343c4699815c024cb54b,runs,,,
runs/iconic_grounding_real/glyph_svg_audit/001__Ab08-047__b.svg,807,fbf937b4220828b8c0045f072ee9e31f6a39899861dba47811e005b106ab33d1,runs,,,
runs/iconic_grounding_real/glyph_svg_audit/002__Aa01-070__b.svg,1963,954f5057bfc78e5d99b2b2e83e15c639154f28ef497029cf95af125b586be414,runs,,,
runs/iconic_grounding_real/glyph_svg_audit/002__Aa07-025__b.svg,2472,c82b77f1f981904329dc9db126522b51184a7b04067aa420a83707a286a91352,runs,,,
runs/iconic_grounding_real/glyph_svg_audit/002__Aa08-106__b.svg,2702,927d2cb6132a0448be6211f1e19885f6de4a3775bfd166c05edeb05b4ee8f2b9,runs,,,
runs/iconic_grounding_real/glyph_svg_audit/002__Ab05-061__b.svg,2319,c43fe1f7d97602cedefd599a8052445b2b2a9674c05b8d02d4eaa6cf180533e9,runs,,,
runs/iconic_grounding_real/glyph_svg_audit/002__Ab06-107__b.svg,2536,9126be34e12e9521af145e911b46a91fb20d143d3bf4f8e8382de5c3ed85093a,runs,,,
runs/iconic_grounding_real/glyph_svg_audit/003__Aa01-048__b.svg,1954,999fd6691c80dab8b9be94233c63741693acc95eb2e9e3ad0808a58ec5e6564f,runs,,,
runs/iconic_grounding_real/glyph_svg_audit/003__Ab03-002__b.svg,2126,0d2b0c20603399d9039814aca388212580cadac15d25e0f1cb83ba2882ca5bfb,runs,,,
runs/iconic_grounding_real/glyph_svg_audit/003__Ab03-023__b.svg,2429,e575bd00226bd29bf51853682a583cef0d48b55067bd96f4beaa5a12fcd65457,runs,,,
runs/iconic_grounding_real/glyph_svg_audit/003__Ab03-041__b.svg,2722,364e07957e733db9dac0ec0bb3f10c11f5897c8f8d1f6391c4e02bd3c97d53f5,runs,,,
runs/iconic_grounding_real/glyph_svg_audit/003__Ab04-110__b.svg,2996,6e9313740e095bfdbb95f5cf979cd2390e40446273281662c3f04d2b1ef3482d,runs,,,
runs/iconic_grounding_real/glyph_svg_audit/004__Aa01-013__b.svg,1336,3f89f0db0359dc856e4afe0c8b0d20812a58b8168e3de88f03ad0c561c0fdb07,runs,,,
runs/iconic_grounding_real/glyph_svg_audit/004__Aa04-089__b.svg,1046,bec0ca44bca7c85957a77bfd05950b145baac770b16ed809bc3a879955e6b73c,runs,,,
runs/iconic_grounding_real/glyph_svg_audit/004__Aa06-002__b.svg,1532,64ecf0db300562028028cbe2459803860bd5170fb8b24ff86b6222cfe601cac6,runs,,,
runs/iconic_grounding_real/glyph_svg_audit/004__Aa07-039__b.svg,1156,891219ac672519c72f9b43384748ec620b95e01de7c710c5ced0fc2dfdcf8cad,runs,,,
runs/iconic_grounding_real/glyph_svg_audit/004__Ab03-105__b.svg,1484,6990cd2c4b8c413697b42d00daca1abc0281a5dcffdea5f5f3db8baff072a329,runs,,,
runs/iconic_grounding_real/glyph_svg_audit/005__Aa01-036__b.svg,2055,565a12e6b11ebe6d405baf29ee1149240c04fcfb383b4b9c1e13d208852d498b,runs,,,
runs/iconic_grounding_real/glyph_svg_audit/005__Aa05-076__b.svg,1720,f3fabcd9c90c876d5db0f106355b29717dfff5e980e2b47c133e7c7fc3541651,runs,,,
runs/iconic_grounding_real/glyph_svg_audit/005__Aa07-046__b.svg,1131,3e41207f1f61bf8a0b99b2c82847eee61fb9db42833b299f528f15e95771f52c,runs,,,
runs/iconic_grounding_real/glyph_svg_audit/005__Aa07-107__b.svg,1992,0bc257954c0cb6120df1646dcb967efa4fc168a451ac246905354f7bb8b1a8de,runs,,,
runs/iconic_grounding_real/glyph_svg_audit/005__Aa08-103__b.svg,2255,97b1c638b1f0342fbf85c974aa919a81ab2808607d4266dfdadc2e64d844b661,runs,,,
runs/iconic_grounding_real/glyph_svg_audit/006__Aa01-039__b.svg,2194,fa98ae0b2cabb5e4eab2d6eb7cc05a0dff972e58cc9f3250ae5d7b11c559462e,runs,,,
runs/iconic_grounding_real/glyph_svg_audit/006__Aa07-116__b.svg,2637,b5e3335f92820c106437224f98b914b5921da23db94d70a8155b9284754a3a91,runs,,,
runs/iconic_grounding_real/glyph_svg_audit/006__Ab05-088__b.svg,2295,a299467cdb5abf45687b1f891508d679ab2b2d4974922421d95e45b6469d9ac6,runs,,,
runs/iconic_grounding_real/glyph_svg_audit/006__Ab06-056__b.svg,2047,8b469e3d01cb5d3251a327aa9ec811e3b10b234bf003541134268a51e84d8a7c,runs,,,
runs/iconic_grounding_real/glyph_svg_audit/006__Br08-048__b.svg,1728,eb05664fce6b2c9364949b1fc33a51b4251494d2a18b337abc05f4ea8f2d9e21,runs,,,
runs/iconic_grounding_real/glyph_svg_audit/007__Aa01-069__b.svg,3363,61cf53345c75c687e9b2245606d7a59cffe21c9d5dccd7b08053fbd267a30cd1,runs,,,
runs/iconic_grounding_real/glyph_svg_audit/007__Aa03-045__b.svg,2957,fee0a220152f30a7e5cbcebaed8b958774ac8b1ad9971824fe55500ef2f8c22f,runs,,,
runs/iconic_grounding_real/glyph_svg_audit/007__Aa04-083__b.svg,3734,343296acb091e301c219eacbfb9382169f8d4ee1a5f29d7267f7237f62085270,runs,,,
runs/iconic_grounding_real/glyph_svg_audit/007__Aa05-026__b.svg,3438,02dfadca0a5df76b60a63d96d43cfba1f48843a568c3f1fca405b8aeefe03466,runs,,,
runs/iconic_grounding_real/glyph_svg_audit/007__Ab01-090__b.svg,3683,e3f6f20b8408c36589379b900100bd47fed6968f20a5d5a778449dc4ed83cce2,runs,,,
runs/iconic_grounding_real/glyph_svg_audit/008__Aa01-032__b.svg,3852,1f3160cf229cf9f62d4fa3506bb80675bf03e1bb266c9f00f9227a70eaf575b0,runs,,,
runs/iconic_grounding_real/glyph_svg_audit/008__Aa03-051__b.svg,2462,76b7147709617ea596cf50ef451ff104ae2ff8949e40a4001f608077bacc2e98,runs,,,
runs/iconic_grounding_real/glyph_svg_audit/008__Aa08-044__b.svg,3044,7cea207f19fc2defbf2233f819009c3a5f5911b0a92448ba09cd9da1ddf911d2,runs,,,
runs/iconic_grounding_real/glyph_svg_audit/008__Ab04-083__b.svg,3711,8458e23a20ddb99486df605941defbb5ea5078b673ecfe285c3bfabf47b908e1,runs,,,
runs/iconic_grounding_real/glyph_svg_audit/008__Ab08-006__b.svg,4029,90c9094195b73a1c896a1a3ceaeee259051cac1f84dca1f80133587a467fe5f0,runs,,,
runs/iconic_grounding_real/glyph_svg_audit/009__Aa01-004__b.svg,1987,1021519c702b091032ad91a878d9c23d6dfaeab9ce71d44375a74bede509039a,runs,,,
runs/iconic_grounding_real/glyph_svg_audit/009__Aa07-007__b.svg,1721,5f85acf838fe46b4f79d0d1605fb330964d6040a3e5752047bb34dc24df8a768,runs,,,
runs/iconic_grounding_real/glyph_svg_audit/009__Aa07-066__b.svg,2123,618693d63afe001dc57e1cd331de1e1000d516305fb0610e7378d8d5d98869b1,runs,,,
runs/iconic_grounding_real/glyph_svg_audit/009__Aa08-004__b.svg,1488,15601d602d201dd95a198e548ffd6b84a28365c00b67f582b70666ab3096dbaf,runs,,,
runs/iconic_grounding_real/glyph_svg_audit/009__Ab01-029__b.svg,1915,6a53c05fcaf7ad6617889d884b6f1b818e477bc902040de9a7a2ec449ec08cc6,runs,,,
runs/iconic_grounding_real/glyph_svg_audit/010__Aa04-053__b.svg,1486,ff3ab564607b6ead681d58a2eb83516a8c708f2af1e8dec2d9ddd202546b6214,runs,,,
runs/iconic_grounding_real/glyph_svg_audit/010__Aa08-052__b.svg,1037,a3c83d9676d6a5b72eed1841c5431f2ed8880403265a00d822a918e7f732cb5e,runs,,,
runs/iconic_grounding_real/glyph_svg_audit/010__Ab04-038__b.svg,996,1b5b87ec2d9352f799356f26c8b965e39c2ad5c98c711d0ca5a8302884aafccc,runs,,,
runs/iconic_grounding_real/glyph_svg_audit/010__Ab06-100__b.svg,1405,1653d4634b704423171dbeaab81890b6e880912590cf50644e9cd5da3664a0e1,runs,,,
runs/iconic_grounding_real/glyph_svg_audit/010__Br08-044__b.svg,1378,c781f8537307a968afef7dbea597253477997f934a24aab0ceacbf3ccc95534f,runs,,,
runs/iconic_grounding_real/glyph_svg_audit/011__Aa02-047__b.svg,2134,e63100a58047d2bc9f3b984d4b093e5a5412d2d3c61356e7bf81d9e24fee0776,runs,,,
runs/iconic_grounding_real/glyph_svg_audit/011__Aa02-075__b.svg,2072,23c65ae76523760440f6747a80bca5183150d528ff984f38a98fd2a6f8b2b08c,runs,,,
runs/iconic_grounding_real/glyph_svg_audit/011__Aa05-046__b.svg,2333,bd5a6d35b0e6ff4e27042bc60ef4150eb17fbfd8164c7dbdc5518699b27a87d3,runs,,,
runs/iconic_grounding_real/glyph_svg_audit/012__Ab04-003__b.svg,3148,5cc15c125a84f32562bdcc74416539da636d2f99255be0ce77d920085166598d,runs,,,
runs/iconic_grounding_real/glyph_svg_audit/012__Db03-020__b.svg,3490,d84a3a71f7f722554f4e57855bd611a7d43ee67b8092fd3d3806f99047447a62,runs,,,
runs/iconic_grounding_real/glyph_svg_audit/013__Br05-004__b.svg,3243,b8e43a14e8188304ab5f41f2edcd97543328ec0c2164ec96756ba8f6534a85bd,runs,,,
runs/iconic_grounding_real/glyph_svg_audit/013__Bv03-054__b.svg,2137,f57ffe13229d242c6c7bb0f0c610bfd45d6829eb4737e8098c3276f29e635d1e,runs,,,
runs/iconic_grounding_real/glyph_svg_audit/013__Cb02-033__b.svg,2590,cb1880648c06c13b29ae35754b9dd7ee1ab53610fd007f5d85df72dd416b7c14,runs,,,
runs/iconic_grounding_real/glyph_svg_audit/014__Aa03-015__b.svg,3503,551f9e14018af681a5ca883dad750f1d9a7d989f6c52be9945ccff0a92cf0ac2,runs,,,
runs/iconic_grounding_real/glyph_svg_audit/014__Ab02-048__b.svg,2939,fbd065b27d24503fcd00d95665eeac229d21ea0326226f61279804c9dae023a7,runs,,,
runs/iconic_grounding_real/glyph_svg_audit/014__Ab05-093__b.svg,3043,a8b011832545796084bcf29a229105a46b4f83441176f63f96b8d941c0cc63cc,runs,,,
runs/iconic_grounding_real/glyph_svg_audit/015__Aa01-085__b.svg,2688,b708efa910009649e5a9628b1f576f6a262390ee56a5bd1067f0d9a75b4440f1,runs,,,
runs/iconic_grounding_real/glyph_svg_audit/015__Br03-018__b.svg,1372,09a2645e5442058714468dbdfddfb4ec61bff72fa7993d91fff4cb3ac08173d7,runs,,,
runs/iconic_grounding_real/glyph_svg_audit/015__Br03-050__b.svg,1204,37c8d82ebf3ee589afa4a7fc0a1b61f7f601aaad5114d4ef32393aeebbedeefe,runs,,,
runs/iconic_grounding_real/glyph_svg_audit/016__Aa06-035__b.svg,1200,f91b5d3e6e8adfc0bd97b816f8b1be30d90db28ab098796cda39a77a8d5b467e,runs,,,
runs/iconic_grounding_real/glyph_svg_audit/016__Br03-022__b.svg,1064,162995e0291055f460f1e91b98af197ea3f5472acfac99e251622237fc1a8d86,runs,,,
runs/iconic_grounding_real/glyph_svg_audit/016__Br03-056__b.svg,1182,5e67438f452755662bb52dd6ca693024232a2db3c148389cb6a0ae3be5da99a8,runs,,,
runs/iconic_grounding_real/glyph_svg_audit/017__Aa06-023__b.svg,1290,a393de2fe05c1692b0a1e2c921b5d213410108d23c7ad3a1a99fdefe5e3f72a0,runs,,,
runs/iconic_grounding_real/glyph_svg_audit/017__Ab04-058__b.svg,1596,c0d3fabce8642ff4bcfb07e957896cdedd8aa0a5c4ad4e79128dd62cdd9f8142,runs,,,
runs/iconic_grounding_real/glyph_svg_audit/017__Br02-025__b.svg,1716,75d2c7615a92eb45cc98303228514cb484f862cc76bf5f4c135deef1b0e29850,runs,,,
runs/iconic_grounding_real/glyph_svg_audit/019__Ab01-044__b.svg,3187,0e0f750bea3d30d97d8c5e6c1688a95a620432f469bd0a503cec6698a301438f,runs,,,
runs/iconic_grounding_real/glyph_svg_audit/019__Bv07-038__b.svg,2425,8c58f6c23cabf514159da65a52ee0b850d885e0c14dac824782be789d6d51966,runs,,,
runs/iconic_grounding_real/glyph_svg_audit/019__Cb13-010__b.svg,2414,6a7114ab31dcd2e93dc26aff768d24c1377e6eb7a9d9b6c1c87f5c4fb8f06e80,runs,,,
runs/iconic_grounding_real/glyph_svg_audit/020__Aa03-092__b.svg,1440,7dc5ba53d748598c84d95d886ea548122efd7d52c6f89b22cf7c6b9f3f63ae74,runs,,,
runs/iconic_grounding_real/glyph_svg_audit/020__Aa07-010__b.svg,3102,4ff3973885f187089fe59d0d34a493c172965898a834e0471bc22f132d8280f3,runs,,,
runs/iconic_grounding_real/glyph_svg_audit/020__Aa07-037__b.svg,1494,bb605104848c6ef15a6845eec009dbaa74a149adc90bd520e24fbae95d6088d8,runs,,,
runs/iconic_grounding_real/glyph_svg_audit/020__Aa07-075__b.svg,1224,8cfe5bedb3a002a115abd22bd6b5c94294c1b202817d0706ec81d8afc04c87e5,runs,,,
runs/iconic_grounding_real/glyph_svg_audit/020__Aa07-101__b.svg,1515,936fde4a31d6a3bf93729096d79fe20b36942121e1de435d218d1decebfd4d9b,runs,,,
runs/iconic_grounding_real/glyph_svg_audit/021__Aa02-031__b.svg,685,4f66f68b66157596e4561f39052a1fb7416d16987816638b9c3b0b545a7f9c68,runs,,,
runs/iconic_grounding_real/glyph_svg_audit/021__Aa06-077__b.svg,1546,e754743b01342b4a232d5819b4372a930b06c30e458e699de99b4dc2c5cf154c,runs,,,
runs/iconic_grounding_real/glyph_svg_audit/021__Aa07-048__b.svg,632,7c318d5761468f0681c15d9eb67a9e09b35e98485a8bf5a91eb83018403c783b,runs,,,
runs/iconic_grounding_real/glyph_svg_audit/022__Aa01-021__b.svg,1385,503a0df78191ac73a5b02a29deaea37af9c625b9a711350782a8e1b41aef4333,runs,,,
runs/iconic_grounding_real/glyph_svg_audit/022__Aa02-063__b.svg,1724,9a6b4eb95e197054041ebb1f312fe310e8f79a30c3da567e9f8962ca17dca23b,runs,,,
runs/iconic_grounding_real/glyph_svg_audit/022__Aa07-093__b.svg,2071,46a02133febccd3d83c66bd5de058f8c0b4dbfeff129a9f0164b8b2a30aa03b9,runs,,,
runs/iconic_grounding_real/glyph_svg_audit/022__Ab02-068__b.svg,1618,7dc83faf6a99753f41b73c60298bf0b92235b5f3f2f512666caedc6e91743ac7,runs,,,
runs/iconic_grounding_real/glyph_svg_audit/022__Ab07-011__b.svg,2026,2deea658bf6de9fb8d4539acc61400fd443669e5104059b8d9ab0670bc949731,runs,,,
runs/iconic_grounding_real/glyph_svg_audit/023__Ab07-047__b.svg,1201,518b6e652ae6fc6efde381be5545d7799e40b467cfef4edfcdfca12d995d3ee4,runs,,,
runs/iconic_grounding_real/glyph_svg_audit/024__Aa08-113__b.svg,1886,935d853ef49552edf9a9f7d0312549c0b70623359e9d9c9c6af4c317e11e8ecb,runs,,,
runs/iconic_grounding_real/glyph_svg_audit/024__Ab04-080__b.svg,1837,ffceda9d8556e11c0e8dad6fb0bed8da97974dd67a0dcf857bcf6e5ccf555d42,runs,,,
runs/iconic_grounding_real/glyph_svg_audit/024__Bv05-041__b.svg,2100,aac3556b4c0221aed004ff6f4e5f043ebeb632de7b444384a042d2bfff51b0de,runs,,,
runs/iconic_grounding_real/glyph_svg_audit/025__Aa01-089__b.svg,2272,4128a417999f1d012df2e1fb7c3825dc3e2bb0983dea4a228e971152032d80c5,runs,,,
runs/iconic_grounding_real/glyph_svg_audit/025__Aa04-007__b.svg,2062,2498681c8c8d0c0988051745ef6fcc993c963920cf0fcbe825a285621129297a,runs,,,
runs/iconic_grounding_real/glyph_svg_audit/025__Aa05-083__b.svg,2651,e2cedb6431026408740b943b35ac9d5631aa887e7cd83bb1510dbf5a314b04c3,runs,,,
runs/iconic_grounding_real/glyph_svg_audit/025__Aa07-004__b.svg,2784,72cc116d8899439963952407192a2cdc6df5cf69bfc37e318f46dc1eca30f6ba,runs,,,
runs/iconic_grounding_real/glyph_svg_audit/025__Aa07-043__b.svg,1223,684fe70a2b466b4d9639efb89a391703cd5175a5e37705f24661f24754c1ec01,runs,,,
runs/iconic_grounding_real/glyph_svg_audit/026__Br02-015__b.svg,2663,fadb10b864e90deefad4bada559e82da8309f0fdc9234200874a4b1e0b604f1d,runs,,,
runs/iconic_grounding_real/glyph_svg_audit/026__Br02-042__b.svg,2580,70f6af74535197787e7df25de8b6a692ff0f358986dd904592f3671884b04783,runs,,,
runs/iconic_grounding_real/glyph_svg_audit/027__Aa01-091__b.svg,2644,d5e86b35a2204d43e19fb6baecd7cd3afd03d212a16bda3f5feaa2672b4929a2,runs,,,
runs/iconic_grounding_real/glyph_svg_audit/027__Ab05-027__b.svg,1772,79ec573b08cb6603e4eaa4da7c7212b16352b152405813af57c3290cee1f4750,runs,,,
runs/iconic_grounding_real/glyph_svg_audit/027__Br09-035__b.svg,1556,39e086a8e7d63923738985bbb03333992148eafa0c42f994dfac370975ce76f7,runs,,,
runs/iconic_grounding_real/glyph_svg_audit/028__Aa02-087__b.svg,1902,5a9f290d3ef1ea289fa490e026c3ed57ab69ef25551e64ae9c8eaba9fde2b644,runs,,,
runs/iconic_grounding_real/glyph_svg_audit/028__Br05-047__b.svg,2447,eaf886cb04f503a3687f00af09f0d8ea68f41c553304e410b251de1497b5777e,runs,,,
runs/iconic_grounding_real/glyph_svg_audit/028__Ca12-019__b.svg,2406,d753ec1134c56309db3abb200a809f0f83df4270c77d6e4a0bb57a24c0d417b4,runs,,,
runs/iconic_grounding_real/glyph_svg_audit/029__Aa06-089__b.svg,2186,70aff382b40d689c88885f842003cdbab40b218592c4a86815f00cdb991489f6,runs,,,
runs/iconic_grounding_real/glyph_svg_audit/029__Aa08-065__b.svg,2163,6c6eef0f8c9681d130e2818614c3032a619294c2df37d723413659e992d495e3,runs,,,
runs/iconic_grounding_real/glyph_svg_audit/029__Ab04-055__b.svg,2613,e1327624074909f7faba19eebb91ac407e2470af267277b77f185a544199155a,runs,,,
runs/iconic_grounding_real/glyph_svg_audit/030__Bv12-008__b.svg,3361,75a7866bb7788429dc350265474f28bcc776100980afad25f8a4a6d33011c321,runs,,,
runs/iconic_grounding_real/glyph_svg_audit/030__Ca06-036__b.svg,3789,7306a6b6ef6a41ebde016b8ba4f66df05f26590b1c9193767d8501d5f7451bf6,runs,,,
runs/iconic_grounding_real/glyph_svg_audit/030__Cb06-034__b.svg,7466,d5e947895dd188cc2189e698679770a06b02bf30d1bd58aad306130e022d7cf5,runs,,,
runs/iconic_grounding_real/glyph_svg_audit/031__Aa04-102__b.svg,2363,ec4088d04cfddb7eb539bc6517f13c4bd532b6cdd08f3b296c83f9ba03d9caad,runs,,,
runs/iconic_grounding_real/glyph_svg_audit/031__Aa04-103__b.svg,1989,f516cebf635e327356aa0f7e6bf94f2b1e9b45d65a427235c48a91d4dba1a3aa,runs,,,
runs/iconic_grounding_real/glyph_svg_audit/031__Ca04-001__b.svg,3357,81728a52d77ff385ad5a0e19defcdaef08af6b8ee9ef82f9c043e08893c15fc6,runs,,,
runs/iconic_grounding_real/glyph_svg_audit/032__Bv04-045__b.svg,1887,b6e17353b7900969cc93edc70e5086fb84d6ae5752751459e83b0d6c76b953af,runs,,,
runs/iconic_grounding_real/glyph_svg_audit/032__Bv04-047__b.svg,1321,f4a92065af033b2f667528f59bc1137bd2cd08b9a8e250e369ad0af15bad125c,runs,,,
runs/iconic_grounding_real/glyph_svg_audit/032__Bv04-050__b.svg,1460,ab90e28e1ab901b5408b3c97f904307be10ab072bead6e7c7c27d8c3fec0f144,runs,,,
runs/iconic_grounding_real/glyph_svg_audit/033__Aa02-038__b.svg,3054,b752aea05c086d5dd364411b1c53e0fe9194721d96f84ef2376f6ff190554033,runs,,,
runs/iconic_grounding_real/glyph_svg_audit/033__Bv11-064__b.svg,931,f298b73322da4a6b20bfa7d264669a50adfb27edf3f4b6963ee5ed79459816d1,runs,,,
runs/iconic_grounding_real/glyph_svg_audit/033__Cb05-017__b.svg,3342,f915331bda536603f5acd39bdbcc9f1e97f1e89e2a377b6388e3e56e1f10cbad,runs,,,
runs/iconic_grounding_real/glyph_svg_audit/034__Aa01-017__b.svg,2857,a66e2062f870113d0279e1df5975b1d0a2380f407be92bd2c7a777945e5a6daf,runs,,,
runs/iconic_grounding_real/glyph_svg_audit/034__Br09-047__b.svg,3710,c834fb86ef60fe2d1fa32f275ad7f23d0b1a9aa9fc19c59e3438f90fe37ec326,runs,,,
runs/iconic_grounding_real/glyph_svg_audit/034__Bv06-037__b.svg,4247,330589eebdaa1ec9bb8ed29d8297dd23576bae7b573976d8326c7838c1680c35,runs,,,
runs/iconic_grounding_real/glyph_svg_audit/035__Ev07-003__b.svg,4133,14c1d4019f54aa343e1cbb17092b70bcd7ff7a8c2127504a5826d606a5254bb7,runs,,,
runs/iconic_grounding_real/glyph_svg_audit/035__Ev07-005__b.svg,3934,7818ff1a79e4e3084536772a5076eaf832c5bf5c98632f3a953ab05a568a77cd,runs,,,
runs/iconic_grounding_real/glyph_svg_audit/035__Ev07-007__b.svg,3890,b3095209b14954afd4b5722da3b13fe1076fd9796e64d261c7473a1f471be482,runs,,,
runs/iconic_grounding_real/glyph_svg_audit/036__Ca05-017__b.svg,2618,a9f875365172cc64c05f804d6963e6854630c17425d377315e722aa0d4c9be60,runs,,,
runs/iconic_grounding_real/glyph_svg_audit/037__Ab01-032__b.svg,1280,11edc44252c7c7a1e252708464b0aa7df7e74e00a0c441a69cd9eaf26272580b,runs,,,
runs/iconic_grounding_real/glyph_svg_audit/037__Ab06-083__b.svg,1551,91e2e431a08c16f31d220aad7a20e95a2ba88f815678029476ece99d1ed36709,runs,,,
runs/iconic_grounding_real/glyph_svg_audit/037__Br06-041__b.svg,1887,8281e52a0f79aea231fb420de4a1531eeb77f5792e944492cc54724f056b30f9,runs,,,
runs/iconic_grounding_real/glyph_svg_audit/038__Ab08-056__b.svg,5004,8c54e6ab70176a19cbaa69a8d236ab3b65bd5b5930d94c13d4845f445c665a11,runs,,,
runs/iconic_grounding_real/glyph_svg_audit/038__Br09-006__b.svg,5058,22199ecb5005de0983dc7139f5c687a4ce046d1e4d52c96a9989d75098035413,runs,,,
runs/iconic_grounding_real/glyph_svg_audit/038__Ca05-023__b.svg,4846,fb739f9e1f53b881b0d00d243db92e41df69360c4b261e4febacbe1d5c4fcd98,runs,,,
runs/iconic_grounding_real/glyph_svg_audit/039__Br06-063__b.svg,3707,710f91fa767acd40eb69a79be4cb5f771177ff3b35719f1006d1ec44f69dafa7,runs,,,
runs/iconic_grounding_real/glyph_svg_audit/039__Bv01-031__b.svg,3769,bd8591699e286786d4a4e767c5b9173c5f7435524c6664e04217bef6802329da,runs,,,
runs/iconic_grounding_real/glyph_svg_audit/039__Bv05-003__b.svg,3583,398b033d16627d29a318023d7a91b92d8abe664adb32a29a6fdb944d09f5dbb4,runs,,,
runs/iconic_grounding_real/glyph_svg_audit/040__Aa01-002__b.svg,997,d772182f7afa08f6a0718c68900d402136a845bda654764aeae53ea49740ab77,runs,,,
runs/iconic_grounding_real/glyph_svg_audit/040__Ab05-020__b.svg,1284,48c9b8ca053cee602700040bfbcae53a1ff3c69c7dafc099c373a220dc45341c,runs,,,
runs/iconic_grounding_real/glyph_svg_audit/040__Ab07-025__b.svg,1097,e597d4f7bd8b2dd53da026ca9e1b1a8ec79586ccf8b64a4cfffb8db8079cd82a,runs,,,
runs/iconic_grounding_real/glyph_svg_audit/040__Br01-013__b.svg,827,279dd2ce9c7b3357e737d21f8a57d08cd3143f9cd4f7f14ba47602d024dfd09d,runs,,,
runs/iconic_grounding_real/glyph_svg_audit/040__Ca06-033__b.svg,1613,773500f118ce8ca05c5ebd37f86e9c1c5b37f82606af6bd6e91370c84fa830c6,runs,,,
runs/iconic_grounding_real/glyph_svg_audit/041__Aa02-058__b.svg,1693,2485c654f564bef41daa9077f7ea640bdc47d37bf327fbb9ce80010d577eb338,runs,,,
runs/iconic_grounding_real/glyph_svg_audit/041__Ab07-005__b.svg,1099,17d7ae81b92358ef969387bad9d1de1cb52eef11146e45fe40d7b8ca35a9dfaa,runs,,,
runs/iconic_grounding_real/glyph_svg_audit/041__Br09-012__b.svg,2458,a8912de9c9f3cbd8bac8600ebdedd5f38747c68890b05cecdecb27cd0633ecdd,runs,,,
runs/iconic_grounding_real/glyph_svg_audit/041__Bv02-009__b.svg,959,db419632fc9f89df8501161dbb02074d397b12bfe8ade6d3dc74009b4393eb44,runs,,,
runs/iconic_grounding_real/glyph_svg_audit/041__Ca06-026__b.svg,1450,79fe6fe63c6f79b6abd05740629d4a8b68a704809ffbf620328d02131682c057,runs,,,
runs/iconic_grounding_real/glyph_svg_audit/042__Aa04-018__b.svg,1074,a6fffc54e44078345d4bf0a0b2820fb3793c009d4ddd90025113781c9b77a699,runs,,,
runs/iconic_grounding_real/glyph_svg_audit/042__Ab06-017__b.svg,1026,61367ebac250f9f2e1002f8d2e925ab9d38277cd571abfefb476efaf7e8cc26d,runs,,,
runs/iconic_grounding_real/glyph_svg_audit/042__Br07-029__b.svg,1079,5852a42bb461bbdeca48f1701de9a2614aa4c231fdab0f254cbbb235a2550a57,runs,,,
runs/iconic_grounding_real/glyph_svg_audit/043__Br03-013__b.svg,772,c893e22bda128d7f5ef363a574a3765fc20147d16449a4f95b60fb63f9c001dd,runs,,,
runs/iconic_grounding_real/glyph_svg_audit/043__Br03-042__b.svg,926,ac8c2d5d3b9ff6fc40eabb20dede99aabbca316692d56d8b85e1c3ea2dfda049,runs,,,
runs/iconic_grounding_real/glyph_svg_audit/043__Br06-022__b.svg,1047,ad06b223e45e59571d3fdb1f8a076551fef95c5564f54f42e17757a7f4ea82fa,runs,,,
runs/iconic_grounding_real/glyph_svg_audit/044__Aa01-098__b.svg,1521,6a42b952070a73611bf358d46f01982219c1bda1628b4d8d07d06a644d084622,runs,,,
runs/iconic_grounding_real/glyph_svg_audit/044__Aa06-074__b.svg,1738,911cecc59fecc0d8113b468688b880cda35cf1f45e9055f6461a7e75be1a2973,runs,,,
runs/iconic_grounding_real/glyph_svg_audit/044__Aa08-105__b.svg,1445,add5946b7bd41cb96b61aa51f27c3874c1d1b32659d063f3bc0dd1540308dd11,runs,,,
runs/iconic_grounding_real/glyph_svg_audit/044__Ab03-085__b.svg,2131,debc08b3d0fd04193d96b60d9c174e159d262de01baf608de77c67ed8bc80420,runs,,,
runs/iconic_grounding_real/glyph_svg_audit/044__Ab03-098__b.svg,1370,8f6ce8241ea4a6cc8d78fdbff81d34a7f2d8193a2fc90ce9f058004384b735c2,runs,,,
runs/iconic_grounding_real/glyph_svg_audit/045__Aa02-091__b.svg,1328,09dad807304ec07126cc651ffac9faa2adceb426a7259a81afafc38504ea6fc7,runs,,,
runs/iconic_grounding_real/glyph_svg_audit/045__Aa08-033__b.svg,1533,90024632d3faa6eba06c1c99e4a1a2b9357272217a589041d5c3b271ecf2ab18,runs,,,
runs/iconic_grounding_real/glyph_svg_audit/045__Ab06-111__b.svg,1269,5f6b707d01bdbee972af4e719faca8934274e45722b623bb9100d198be676820,runs,,,
runs/iconic_grounding_real/glyph_svg_audit/046__Aa05-013__b.svg,2494,5a8e219c13add68adc1de86ed21e0c61b0b31c03db7697cc0232e44f8f333b2a,runs,,,
runs/iconic_grounding_real/glyph_svg_audit/046__Ab02-017__b.svg,2409,6de7535236e7ae0498b763bcde39eb6e091614b24edf35b5e74212f12db9fc48,runs,,,
runs/iconic_grounding_real/glyph_svg_audit/046__Ab03-087__b.svg,2258,b6aab90053ed372f037b150158d4c6ccacffc0fac596a18985baf8d2f7386ab3,runs,,,
runs/iconic_grounding_real/glyph_svg_audit/047__Aa02-022__b.svg,2247,4a056d803efceb9967dbad97908d38366bd64a567f3c3a403d1dd4fcf074f4b6,runs,,,
runs/iconic_grounding_real/glyph_svg_audit/047__Bv02-055__b.svg,3335,b178857f6eecfff5c47818988ec6db1e35c91572348b9daee19d10e386e57a1a,runs,,,
runs/iconic_grounding_real/glyph_svg_audit/047__Ca10-015__b.svg,3172,229ed0ed2d2522d982623d3e3f8e4c4890047692fd31f7df7aa614acde3ba351,runs,,,
runs/iconic_grounding_real/glyph_svg_audit/048__Aa02-044__b.svg,1610,34bf33bc107e7f83579538a3ba91bcb722e3ddb7772b70ff9c7afa1868ad317d,runs,,,
runs/iconic_grounding_real/glyph_svg_audit/048__Aa05-094__b.svg,1835,156b7f7bc638781d2031907bafb125e1b9f9ab3f2c0e8149b9d97ba8fb566fd2,runs,,,
runs/iconic_grounding_real/glyph_svg_audit/048__Aa07-002__b.svg,1543,7b299f4411607b3e03b6d316d593408cd7e88f44bcc21be68af7a88c3901337b,runs,,,
runs/iconic_grounding_real/glyph_svg_audit/048__Aa07-059__b.svg,1517,ddeef6c01ddc0a2aa5ed9b8cec9a0cc5a8a1ebdecded280594e219f842c945c5,runs,,,
runs/iconic_grounding_real/glyph_svg_audit/048__Ab03-095__b.svg,3088,a08fef470c82a975915767fa0b06d188c677ffb51350034debeb9db46cbaf196,runs,,,
runs/iconic_grounding_real/glyph_svg_audit/049__Aa04-062__b.svg,2872,5e9d0df28028abb2fb82033e79df93c3c5e559cb1d1e4e5249b976da44b149d7,runs,,,
runs/iconic_grounding_real/glyph_svg_audit/049__Aa07-099__b.svg,3583,62f3a0ae8ae675b0b2b2935322c5ba3522afe16f4ebd3584811abc93b6e6dd63,runs,,,
runs/iconic_grounding_real/glyph_svg_audit/049__Aa08-046__b.svg,2715,df33f7084dcc56cb3fdb46edf032f078cea02bbb01c06cf60d6d5bfa01bf7065,runs,,,
runs/iconic_grounding_real/glyph_svg_audit/050__Aa02-013__b.svg,1830,7d6466fe06fe6d2f7a872c985b87cef1ef5339f0b8c6e459bfe65f5d1d6e5570,runs,,,
runs/iconic_grounding_real/glyph_svg_audit/050__Aa08-078__b.svg,2261,e1e991c6ad4d7039280dd6ae4fd0e98bcb12f5ada5087815f258f928832e5e1e,runs,,,
runs/iconic_grounding_real/glyph_svg_audit/050__Ab03-011__b.svg,1906,0255141795b064d7d836630a24f17977a35b934adce5d0da3eb580fbefa90140,runs,,,
runs/iconic_grounding_real/glyph_svg_audit/050__Ab03-078__b.svg,1515,43dc5bc1b2d8706b6169e2bffc03b9a4691c80ec2159a6259d196474ba8b58ac,runs,,,
runs/iconic_grounding_real/glyph_svg_audit/050__Ab06-128__b.svg,1630,b58c9973b877c912813362b4ae8fc68124310f7079f41e8b72d613456630b3f7,runs,,,
runs/iconic_grounding_real/glyph_svg_audit/052__Aa01-095__b.svg,1944,dffed96eaed4d333d594d9d87fc7d49dc63cb4564dab2c0c2c7a49ecf43e3c1c,runs,,,
runs/iconic_grounding_real/glyph_svg_audit/052__Ab04-032__b.svg,1512,69bed9d17d42c5359f3c71faf337d01e7f0c1d9e93959409c3d07964756e34a6,runs,,,
runs/iconic_grounding_real/glyph_svg_audit/052__Ab04-048__b.svg,2053,f1a4de687c102f79d5936665d622f84f7250b2c552a2220b324739a1a147cf54,runs,,,
runs/iconic_grounding_real/glyph_svg_audit/052__Ab04-068__b.svg,2013,e0ec6eb67267780a48ab6a28a30e582a70191a57e23b1d3f53b77e7cd60d53c9,runs,,,
runs/iconic_grounding_real/glyph_svg_audit/052__Ab05-042__b.svg,1696,173f0f0ad8e55fd94d860f079fd71dbfe208b39003a4dc5bffbbdc920d08e919,runs,,,
runs/iconic_grounding_real/glyph_svg_audit/053__Aa03-057__b.svg,2319,498f1a2c9b69d18bbe1b0dee0bb2098e5c2e2394562b2aee8528100e87b7289d,runs,,,
runs/iconic_grounding_real/glyph_svg_audit/053__Aa06-100__b.svg,2497,153794051ce79b7d48326c8de36b94a717ac5867fb69bdbb4987ce86a72a8f58,runs,,,
runs/iconic_grounding_real/glyph_svg_audit/053__Aa08-026__b.svg,2221,276a4b759350d05e87ad0dfa61f21e7459e54238062d22cd43a84ef66ef21b58,runs,,,
runs/iconic_grounding_real/glyph_svg_audit/053__Ab02-116__b.svg,2143,469f4ee76da619d4e93794b117b011e866ada2243ae058b49fc96b55dd7fa859,runs,,,
runs/iconic_grounding_real/glyph_svg_audit/053__Ab06-031__b.svg,2004,427a86f8f06765c9523f37e5623702a6e77f32a6ecc9b0b34e97d113669b9f1b,runs,,,
runs/iconic_grounding_real/glyph_svg_audit/054__Br07-032__b.svg,3628,28b7b2b1bd470875e79b28e98dd05a741cde1b14f94741fd08e614e5b630b32b,runs,,,
runs/iconic_grounding_real/glyph_svg_audit/054__Br09-016__b.svg,3596,64d570a3bf5f5bf5bf422cd3dd147ce555b826622f283a91819e933f21d779d7,runs,,,
runs/iconic_grounding_real/glyph_svg_audit/054__Bv03-013__b.svg,3387,b76d4f1308aefa1a36d8473599d73242f57b5a17eb47e9142cb5178bd1d32145,runs,,,
runs/iconic_grounding_real/glyph_svg_audit/055__Ab07-043__b.svg,1484,1964dc748d4e7a7a331e18e37f9468381bbc80845b850611255887545823ddea,runs,,,
runs/iconic_grounding_real/glyph_svg_audit/055__Da07-016__b.svg,1616,92af54c3e9438d9168dcd7d535c034db0caef0f618a6f1c89d6d730c630f76e6,runs,,,
runs/iconic_grounding_real/glyph_svg_audit/055__Er05-044__b.svg,2201,a1ffd037ab6572abb89b3e9560c72f86677969242176bda2a69dd445a01a4000,runs,,,
runs/iconic_grounding_real/glyph_svg_audit/056__Aa08-020__b.svg,2701,e1faf6f6756382ed5bf54bca070421df3946488015907559e344684cf4c4fe52,runs,,,
runs/iconic_grounding_real/glyph_svg_audit/056__Ab06-048__b.svg,2811,50864ad940a8d428d81957a4b14ea735c25991ab8d64f3d3e471528136ec1017,runs,,,
runs/iconic_grounding_real/glyph_svg_audit/056__Ab06-050__b.svg,2701,c9eff41c7a3922149bd81ac519e8896481f21df0b8d3592e771845529f716bc6,runs,,,
runs/iconic_grounding_real/glyph_svg_audit/057__Aa08-048__b.svg,2711,0ac53a153288e22e6d2659479aea0c49cc4c8aa2862103a7d6d3892edb6ff4df,runs,,,
runs/iconic_grounding_real/glyph_svg_audit/057__Ab02-022__b.svg,2339,47eee6bb46982c0a4833a178f2b81988e9b3c10eeb2593a1a55267c2ab9d30ba,runs,,,
runs/iconic_grounding_real/glyph_svg_audit/057__Ca14-011__b.svg,2002,191c0c90239924f073b39abd1b451987a87836c41b2411574d5f06b386b62686,runs,,,
runs/iconic_grounding_real/glyph_svg_audit/058__Aa05-036__b.svg,1660,7237a3ed00342e67f1afd8c69c1257fc3b4dfbc0cf746e2ef55114c3dab580cf,runs,,,
runs/iconic_grounding_real/glyph_svg_audit/058__Aa05-038__b.svg,1630,7697a99afd9b5b6722e23ec99ab70e323eaa6b68394bc7140c1d33b684d5bbe2,runs,,,
runs/iconic_grounding_real/glyph_svg_audit/058__Aa05-040__b.svg,1617,7798c8eeb6ca3df5f6c92f479548a8c9e7e9f05bb697cc5c8344bf19a64ffc69,runs,,,
runs/iconic_grounding_real/glyph_svg_audit/059__Aa04-019__b.svg,2471,b874ee467eef61b4d8d37eecc2e5b60ad03afda0c89e5fdf709f8179bdcc769e,runs,,,
runs/iconic_grounding_real/glyph_svg_audit/059__Br02-005__b.svg,4118,7b8a0415c51affde2bc592d2e08665e475bbb68877b71fedc30b48a3c46abfcb,runs,,,
runs/iconic_grounding_real/glyph_svg_audit/059__Br02-023__b.svg,4094,ca5683e903ecc3930663e6c61685f6ef22a20d80b3ec5c71caaf970ebfd95c6a,runs,,,
runs/iconic_grounding_real/glyph_svg_audit/060__Aa01-018__b.svg,1935,ac80cef38f964b886b5acf9ba10f7ef91b3ab39feb2c31bd22aea28ad6d865a0,runs,,,
runs/iconic_grounding_real/glyph_svg_audit/060__Aa05-088__b.svg,1775,586fc22b946651b18d1c72e4f1e9cdf7bc8a9f22bf86352647352c341dfa616c,runs,,,
runs/iconic_grounding_real/glyph_svg_audit/060__Aa08-118__b.svg,2016,fd21f6d1977dc25dbf307d9353fe4222144d826b40b7768190b29a63f7b9b01a,runs,,,
runs/iconic_grounding_real/glyph_svg_audit/060__Ab02-031__b.svg,1945,9d6bf104ccfa6ad303a81bdc841f1070a52a67473bdb4246dc3f3e786a18b0db,runs,,,
runs/iconic_grounding_real/glyph_svg_audit/060__Ab04-102__b.svg,1878,4e603e6475f8a429392260fe8cd2fc0beff046478107dd3295213dee61e9f9a2,runs,,,
runs/iconic_grounding_real/glyph_svg_audit/061__Aa01-023__b.svg,2781,d6f97b7e1c0ee66d1e4f574f82277376b439ab0bf431d4aed22db0aa200894e5,runs,,,
runs/iconic_grounding_real/glyph_svg_audit/061__Aa04-054__b.svg,1444,c4c9fefb1905a726c1d635b85c775662bf9d57cd163a3854efc51965438a2b9e,runs,,,
runs/iconic_grounding_real/glyph_svg_audit/061__Ab08-037__b.svg,1756,dfbad55598f6264a9caa5771f9cccebd7eae1cf6702e4f0373d52c95476aea2e,runs,,,
runs/iconic_grounding_real/glyph_svg_audit/062__Aa04-107__b.svg,1690,89134de778b7c2c74d88cde19bc7c17c5cb6a9ae9c6121d429732096511d3921,runs,,,
runs/iconic_grounding_real/glyph_svg_audit/062__Ab06-028__b.svg,1432,6635dfb0365ff31a123434a881217d0fc97449cf6adc69de5effe1d6cfc68ef7,runs,,,
runs/iconic_grounding_real/glyph_svg_audit/062__Br05-026__b.svg,1271,0be745d050b575d42031ff43b79db6aaf6c715665cea9868433dc094bea06eaf,runs,,,
runs/iconic_grounding_real/glyph_svg_audit/063__Aa01-083__b.svg,1654,a8f8873ccb30fc57d4146fba6e5b451684e3e1a5c6d9cc88f1b81db1a7ac624b,runs,,,
runs/iconic_grounding_real/glyph_svg_audit/063__Br04-032__b.svg,1467,e8657e89ba9a000de6857a99cdff3fd46d73a415cd2d76887659a431ec5ab728,runs,,,
runs/iconic_grounding_real/glyph_svg_audit/063__Br05-013__b.svg,1398,d4771abbbc8a589281b69485920a7a3d36387ee89eb9a25872d649633e3d9faf,runs,,,
runs/iconic_grounding_real/glyph_svg_audit/063__Br05-036__b.svg,1211,9315beba80ea871e680b7bc876253a90a4166a7f421d10a61177033e6839fc10,runs,,,
runs/iconic_grounding_real/glyph_svg_audit/063__Br06-029__b.svg,1288,da1e9edc707d37ae0eb7205de1cd8da1be6787155e96ee2f679d0ee95ea0178b,runs,,,
runs/iconic_grounding_real/glyph_svg_audit/064__Aa01-043__b.svg,1675,7cc345246ed2e367e7b55582abbff5f2ce5af0d088016268c104b6478fd297e8,runs,,,
runs/iconic_grounding_real/glyph_svg_audit/064__Aa04-098__b.svg,1961,605ca30c36bc52c0073e1069cd11fae2f5590db0e9ea6c32f2ae20287dee1563,runs,,,
runs/iconic_grounding_real/glyph_svg_audit/064__Aa06-065__b.svg,2014,cc1b3a68247eab782ffe4e324df4d696c66c7778d58646d1febc6062efc8be01,runs,,,
runs/iconic_grounding_real/glyph_svg_audit/064__Aa06-083__b.svg,1741,6ed2fb080e79c2277e39118ba982f63d21c98628c0bd234215f533175414dcae,runs,,,
runs/iconic_grounding_real/glyph_svg_audit/064__Br02-034__b.svg,2344,c216530ce73324f84364b54ca155da22a1c15b5b50cc0a4fab42f19f3443026d,runs,,,
runs/iconic_grounding_real/glyph_svg_audit/065__Aa01-047__b.svg,1669,5730a1dfb035ac98f7c729dc97e984c529c378f4ffd0ad96321fd739e52a9bed,runs,,,
runs/iconic_grounding_real/glyph_svg_audit/065__Aa01-056__b.svg,1343,58a72286e50cfb23b356df8f77bf6042cebea8e215816a38acc9227bbb37dfe2,runs,,,
runs/iconic_grounding_real/glyph_svg_audit/065__Aa01-062__b.svg,1616,160ee65c5a744fc273c6b142c00d0cf69088e21e3fb049dbcb51154edb5452f7,runs,,,
runs/iconic_grounding_real/glyph_svg_audit/065__Aa07-125__b.svg,1559,4263005cfeedae48af99e926bb1e867e2471b476bd6aba9b0b1a7956be55d539,runs,,,
runs/iconic_grounding_real/glyph_svg_audit/065__Br05-016__b.svg,1620,c6a2e620b599010270dc24dbaf002fb0cf00446c2897a6f324d9d5ce9d3d5e45,runs,,,
runs/iconic_grounding_real/glyph_svg_audit/066__Aa01-087__b.svg,2202,e944764c4eb62e7e0e59fa0a3cf8973ad947524bb8b908d9dfafc9f75c714bd8,runs,,,
runs/iconic_grounding_real/glyph_svg_audit/066__Ab04-041__b.svg,4645,0fec2b10b4afbd9276474debe60c306973de3799e6426d102612737e6773ee47,runs,,,
runs/iconic_grounding_real/glyph_svg_audit/066__Br05-020__b.svg,1865,5af2878acf0b2cb459426b446092c7a85cf6dd8783266a1e8abd1e083a2cab8e,runs,,,
runs/iconic_grounding_real/glyph_svg_audit/066__Br07-011__b.svg,2227,c72a82a28bfb6969c2ac3baff4e0dc8afb5c62cbedbef30ffcbee1de548b247c,runs,,,
runs/iconic_grounding_real/glyph_svg_audit/066__Br09-003__b.svg,2328,955d4c6e63be6538abf150bf86c5711c574cb2cf7ee5337f0129af6e9da05298,runs,,,
runs/iconic_grounding_real/glyph_svg_audit/067__Aa01-016__b.svg,2212,c6411d0d1383cfda290126c80689e393a33c4f0eca0721ba168e56ceed4de4cf,runs,,,
runs/iconic_grounding_real/glyph_svg_audit/067__Ab04-025__b.svg,3125,22c705349d6f797b9eef1d981910ac261bb24ac31994148ef1f7f1c0157bcd2e,runs,,,
runs/iconic_grounding_real/glyph_svg_audit/067__Bv02-001__b.svg,2138,102c9a4385a77a43ae27ba345f0ece02e13b4e0136ef56b6fca8c3000b3fa07e,runs,,,
runs/iconic_grounding_real/glyph_svg_audit/068__Br02-002__b.svg,1625,0974d4554dd73771e9f84406cc68103efa9f9df872676a1c2bfc151d8269913a,runs,,,
runs/iconic_grounding_real/glyph_svg_audit/068__Br03-034__b.svg,2959,94807a0f785739e4d0506f75ac0d64a3dadcaf6f5862f8cbe351f11510916b04,runs,,,
runs/iconic_grounding_real/glyph_svg_audit/068__Bv03-038__b.svg,2202,a3a71615e11d23ff5cbfcb13e2bfb49e37f2ab9742b56f529a4d4a4b3a1a9065,runs,,,
runs/iconic_grounding_real/glyph_svg_audit/069__Aa03-095__b.svg,2067,5275f797e6095d2c7cac138c2da1b3b2109ca00a555f3edfb277e8c1cddd8214,runs,,,
runs/iconic_grounding_real/glyph_svg_audit/069__Aa06-051__b.svg,2899,f03741d0e37665f56114a34d39438e5c4de0430c286ea7a01a8877e68b1959cd,runs,,,
runs/iconic_grounding_real/glyph_svg_audit/069__Br01-056__b.svg,1712,5ac8c4738db6bb5111dd51361c31f49a21f21c70d135a2c50f3e17d41a8b9f29,runs,,,
runs/iconic_grounding_real/glyph_svg_audit/070__Aa01-073__b.svg,2974,fa7e98741634626af1653f86d4e32c0853172039e4cc328364c3f88beab6343b,runs,,,
runs/iconic_grounding_real/glyph_svg_audit/070__Aa06-101__b.svg,3775,4dc2adc30e4fb55c6bdff7e8047c021a75c1cdb7ae19b2153be6ecdb747c8885,runs,,,
runs/iconic_grounding_real/glyph_svg_audit/070__Aa08-006__b.svg,3715,5d201b816d27471d78a07308b9d66e8379823d80f0dadf173a66d7e34b904194,runs,,,
runs/iconic_grounding_real/glyph_svg_audit/070__Ab02-083__b.svg,2615,35193bda19d9a642b5ce19f7e246a0a45eceadc0b6b173e9a714b7e821cf360f,runs,,,
runs/iconic_grounding_real/glyph_svg_audit/070__Ab06-084__b.svg,3449,0cd982b7c85f287298ca3425028e8671d11ebb63e9602af44d343ce8d1e38640,runs,,,
runs/iconic_grounding_real/glyph_svg_audit/071__Aa02-016__b.svg,1223,18599269d149c666fd6b8f29652ee947040df43df94344fc9a3e41a215fb4a68,runs,,,
runs/iconic_grounding_real/glyph_svg_audit/071__Ab01-058__b.svg,2482,1f47601f545bd1cd08aae7f261f08214d9880f0962e1c27f97cd5d136c3df6ad,runs,,,
runs/iconic_grounding_real/glyph_svg_audit/071__Br04-034__b.svg,2768,4ee2b38f939d0e44c53519759b0243fd4b268403c9fb750301a14ca618fec2b5,runs,,,
runs/iconic_grounding_real/glyph_svg_audit/072__Ca10-016__b.svg,4285,2659ba3f93041ee5a79cca97689f484557a69ae9335f7d7a7d0b9280c5592f75,runs,,,
runs/iconic_grounding_real/glyph_svg_audit/072__Ca10-018__b.svg,3933,29b00d33c07b044d07e0154b5e40b3f104dafccade48fe6a88fbfab8298cdd6d,runs,,,
runs/iconic_grounding_real/glyph_svg_audit/072__Cb03-007__b.svg,2918,fdcd91cda10568923419a19ca992dbbe21976dee54593929b6aa56d737bd4c25,runs,,,
runs/iconic_grounding_real/glyph_svg_audit/073__Aa02-017__b.svg,1412,1bca217872197166685d9294c442058b5e4aa98f3331a1a3379e99e7aface2ff,runs,,,
runs/iconic_grounding_real/glyph_svg_audit/073__Aa04-079__b.svg,3988,4cabfc1296f9ad944a7161c8262b229f37fa213c7835bd0159cdbaa637493fc8,runs,,,
runs/iconic_grounding_real/glyph_svg_audit/073__Bv11-061__b.svg,1480,91b2dd5c217acbbacc0e927fbaab2ab8972b95db8e105fbde74180a0ccbdeb28,runs,,,
runs/iconic_grounding_real/glyph_svg_audit/074__Aa01-055__b.svg,2642,cf99e78b8b88b6ede231fb09f16d9a6927267f8cb9c1c68a07d0e261152096a4,runs,,,
runs/iconic_grounding_real/glyph_svg_audit/074__Aa04-099__b.svg,1917,2ddcf4c298c1f98a1d9adeb251fb9acad030e6659205af42b36bc2e4affda439,runs,,,
runs/iconic_grounding_real/glyph_svg_audit/074__Aa06-017__b.svg,2003,8aa421d51e5735cd711c55bf611dabe9b6474abecc9daede947687bdc9814d4a,runs,,,
runs/iconic_grounding_real/glyph_svg_audit/074__Ab01-018__b.svg,1226,6b2aba48dc402720a71edb198c9f5b36148f70f395d6644a22cad2722b561ea5,runs,,,
runs/iconic_grounding_real/glyph_svg_audit/074__Ab02-117__b.svg,1392,648846a68e6759493c0750145b871d8be403281d45f1a63f659642ed5ae9c3fe,runs,,,
runs/iconic_grounding_real/glyph_svg_audit/075__Aa03-025__b.svg,2110,e7f4ea0406ac9e02063f03b23e991c4d677b5b0cb1fe74b690d517012cc0ca32,runs,,,
runs/iconic_grounding_real/glyph_svg_audit/075__Aa03-031__b.svg,2029,460320adaed3725a8b74fde1d7f2fca2df92fd6ad73a61709c3ee2ab29ed76b4,runs,,,
runs/iconic_grounding_real/glyph_svg_audit/075__Aa03-039__b.svg,2245,92916a8b397212804c48ae3e8083ffe17035beb4285fbfcc096eb287abc8410a,runs,,,
runs/iconic_grounding_real/glyph_svg_audit/076__Aa02-021__b.svg,1736,1f2d544ccf4499d552a211dbbd0c6b19bf017e37d920de4746e48cec3e463596,runs,,,
runs/iconic_grounding_real/glyph_svg_audit/076__Aa06-021__b.svg,1347,f1b6a422845e5cb077d957cc5abcf2948f13a2a3397f9531b94ae45dcb587b4b,runs,,,
runs/iconic_grounding_real/glyph_svg_audit/076__Ab04-019__b.svg,1020,6c94afc52e85c6987b4c21f1ae2b79d1c838db5e5a58f5fa680e7ebc7cb52398,runs,,,
runs/iconic_grounding_real/glyph_svg_audit/077__Aa02-096__b.svg,1825,e66a4faaa0952f788bf2aa4bec7205bab89ee84067563176dcd2837b06d27d3f,runs,,,
runs/iconic_grounding_real/glyph_svg_audit/077__Aa04-051__b.svg,1762,1a63bbf469c25c8bc9ca315ff01920c53597464bb69208b5e1885ebfe5a15c14,runs,,,
runs/iconic_grounding_real/glyph_svg_audit/077__Br06-054__b.svg,3041,c99d29112873e97fc575e8e39930948c0b04d48edd058e086495402acf6a77d5,runs,,,
runs/iconic_grounding_real/glyph_svg_audit/078__Aa08-071__b.svg,2474,77ac779f66835dbe0695784ca035e4a4f8836518bf0579a0f638e8b0b894da6b,runs,,,
runs/iconic_grounding_real/glyph_svg_audit/078__Ab07-052__b.svg,1715,0bfb734788b91d5c64ac00a661d363f197144215d24773ec3804ac9f4c2b45ad,runs,,,
runs/iconic_grounding_real/glyph_svg_audit/078__Ca06-031__b.svg,2231,2170915bec79f2db1d1b7a28507024729dd385274f892e22f7f2daedb0bb3edd,runs,,,
runs/iconic_grounding_real/glyph_svg_audit/079__Aa05-008__b.svg,2383,9e7e5181dcbd38dd855d53608299567ec59c63750a0d9660782ef8384003c95f,runs,,,
runs/iconic_grounding_real/glyph_svg_audit/079__Ab04-034__b.svg,3111,2b2d28d28c927095a287d5d03e153580af504b6ce48f05830cbf61d0ec0a6010,runs,,,
runs/iconic_grounding_real/glyph_svg_audit/079__Ab07-073__b.svg,1386,03f10c4f6f886160ae2c515090af1a1ac76eff3b9bafe1bd42f4e50c748fcea4,runs,,,
runs/iconic_grounding_real/glyph_svg_audit/080__Aa03-093__b.svg,4369,9abd1b4518f62cda96b2ab2a6db6155d6a63ca484c1108ebafb440483d93dba7,runs,,,
runs/iconic_grounding_real/glyph_svg_audit/080__Aa04-067__b.svg,4083,4359dac6b61c72a79281cc38c92900ecc3127c386b3b8ab06120b1945b119712,runs,,,
runs/iconic_grounding_real/glyph_svg_audit/080__Aa07-027__b.svg,4128,0eb85d178c1bcd24933b22065c090daeb225d05aedc2621404f54eec66878472,runs,,,
runs/iconic_grounding_real/glyph_svg_audit/081__Aa05-071__b.svg,4303,4e2bcc2f8dbfe2f8db9cec58fad79b4cb990238dd79704bd6b527666e55812f0,runs,,,
runs/iconic_grounding_real/glyph_svg_audit/081__Aa05-073__b.svg,3771,d95a1b6332f3b0a540a7757b769d693624f510f52a1b7dcb2c2a5141d078b87b,runs,,,
runs/iconic_grounding_real/glyph_svg_audit/081__Aa05-078__b.svg,4138,e52ad1e3749983b1ea752349b77e1e61a4fe01b5a534b49945bf783ebdd3235a,runs,,,
runs/iconic_grounding_real/glyph_svg_audit/082__Aa01-030__b.svg,3239,b8ec4f54fceddfa33d218ff451ebcc54906d57f76a1c7ae89eaf11f3a6e103ba,runs,,,
runs/iconic_grounding_real/glyph_svg_audit/083__Br06-067__b.svg,2371,32268962db0b75857a01b4563db903e7837166112b2d38f668c3a9496ef1ff20,runs,,,
runs/iconic_grounding_real/glyph_svg_audit/083__Br07-004__b.svg,2403,b24c519e7ea90f594a080efc4e3d9248691838678c7e67e674962009f97ab681,runs,,,
runs/iconic_grounding_real/glyph_svg_audit/083__Br09-011__b.svg,3212,50cfb030583b3341095160de421b9b98a80e4771c28d2d624d60f27d854067dc,runs,,,
runs/iconic_grounding_real/glyph_svg_audit/084__Ab04-104__b.svg,2347,4d196a7299e821a7f53250a80fe912800d2fce55ff857dda09c5befa92e2e067,runs,,,
runs/iconic_grounding_real/glyph_svg_audit/084__Ab07-019__b.svg,1997,65bf40cd88b1a2458709904cecde52ef0a6e5085057dcdf57e1d4b83f9221f79,runs,,,
runs/iconic_grounding_real/glyph_svg_audit/084__Br05-032__b.svg,2270,7d41bc4802bc6f0d4083f9367a213dd0e94ca41fc41b2b236b4a3f561b895ea8,runs,,,
runs/iconic_grounding_real/glyph_svg_audit/085__Aa06-038__b.svg,2733,c2338adbd5488bc61c9ee7dc034d3704970b94fabff4e2d02fda76e1f1804d28,runs,,,
runs/iconic_grounding_real/glyph_svg_audit/085__Ca13-026__b.svg,2812,ea2c0f11947b8fa5ad3c571102021ea6e214f2795fb40f8af22edfd24139dd50,runs,,,
runs/iconic_grounding_real/glyph_svg_audit/086__Aa02-042__b.svg,1874,12aa0c3d3ad73335a7899d9d17e0eff8be59c9756f8089afc767c617ae95f124,runs,,,
runs/iconic_grounding_real/glyph_svg_audit/086__Ca14-015__b.svg,2322,2a647fab7313533dd90244690e8ad4c8643b61fe7a8434cdd197deeb1271c0ee,runs,,,
runs/iconic_grounding_real/glyph_svg_audit/086__Ca14-022__b.svg,1130,6148e617f2b76b0faec7983b6acba7a6698690f962ace2d88e89caec0ea33a0f,runs,,,
runs/iconic_grounding_real/glyph_svg_audit/087__Aa02-005__b.svg,1491,96bb2a8411308c15a857533fd7d0cad848b5be49a0969b6a390193bd9b397027,runs,,,
runs/iconic_grounding_real/glyph_svg_audit/087__Aa08-040__b.svg,1958,e8ba7b509f4cafd491e11e25c8a9a34868c640520e1a2bcad69e1dd9c144c5dc,runs,,,
runs/iconic_grounding_real/glyph_svg_audit/087__Ab07-085__b.svg,1880,2c1925f288fcb564ab60237eaa117f4307a1a58495f116c7ed87615bbd1163ae,runs,,,
runs/iconic_grounding_real/glyph_svg_audit/088__Aa06-071__b.svg,2352,6c709bcf4ef4db3188a3ab4ff107608e1c5a8b9591a530d899685cbc6ceae3b2,runs,,,
runs/iconic_grounding_real/glyph_svg_audit/088__Ab02-013__b.svg,1855,d49ffdd5c126c5c0c7a0812beaadb2687da6af43ef306e5112c1dca00af99cde,runs,,,
runs/iconic_grounding_real/glyph_svg_audit/088__Ca13-034__b.svg,1555,74867465e11a366a632857f2b60533604e4820435b90bde5d6be791436523bc8,runs,,,
runs/iconic_grounding_real/glyph_svg_audit/090__Aa02-046__b.svg,1744,c80dc8b3b8a9236078eaf180b91d7a59c25b08c1f2dd6cb082119842e154ea59,runs,,,
runs/iconic_grounding_real/glyph_svg_audit/090__Aa02-048__b.svg,1680,89b2ee4747ae820b61c2b1e28c9c0084f3f9a3de0dae24669ce7937f82fd1d4e,runs,,,
runs/iconic_grounding_real/glyph_svg_audit/090__Aa08-108__b.svg,1784,a75494a8048415fbbee0e548ab5712285ac420ef5cd3dd6b538806f6fc9b68c8,runs,,,
runs/iconic_grounding_real/glyph_svg_audit/091__Aa05-060__b.svg,2566,43a6ded24ef78bc99605f43b74b247a1d215090bc82dbd4489d1e400f5de36ac,runs,,,
runs/iconic_grounding_real/glyph_svg_audit/091__Aa06-112__b.svg,2331,88a3f8e52889437dca8306601aa0f73680f09b8eaef2f2e65c41061f2640589f,runs,,,
runs/iconic_grounding_real/glyph_svg_audit/091__Ab01-081__b.svg,2715,edb31440fee4105c7578f2e03d32c24664253ac176abf07733a1f907b060e0ff,runs,,,
runs/iconic_grounding_real/glyph_svg_audit/091__Ab01-099__b.svg,2601,a531c038c9909aeeec6e7cfc623c8d77d5eb6ba1dd6501779eb01dfab2c6b64a,runs,,,
runs/iconic_grounding_real/glyph_svg_audit/091__Ab06-029__b.svg,3012,15adcb74a72ba1374c2256ec245b8572f3ea87249f09293328f368c1d664c442,runs,,,
runs/iconic_grounding_real/glyph_svg_audit/092__Br07-014__b.svg,3107,9f6300edf99601cd5b9f40ae9f3e26cf7c3fdb4e636936e1199e324bcb80581b,runs,,,
runs/iconic_grounding_real/glyph_svg_audit/092__Bv06-048__b.svg,3588,bda144af42a4109526bf1c3b05a5d35d62e8f24cfbd4315c4b76d05f16c772b9,runs,,,
runs/iconic_grounding_real/glyph_svg_audit/092__Er07-008__b.svg,2806,fd2d03de10b1c34989ba4214c3ef08f3c9a8b8fe61bedc6a2267c154dc702c06,runs,,,
runs/iconic_grounding_real/glyph_svg_audit/093__Aa01-072__b.svg,3193,d10349ac0d1a761224eefc694dc0d84cf32d45515a982975d92279bf058943f9,runs,,,
runs/iconic_grounding_real/glyph_svg_audit/093__Aa02-089__b.svg,3116,92a40fc64a8c78b5ad01a3bb90870805165eadf1d8102489566b7415c4b06e75,runs,,,
runs/iconic_grounding_real/glyph_svg_audit/093__Aa08-089__b.svg,3557,2edef72aa336dcf6649b2f8de2906b86de9182508e74071523afe4d9a9c19136,runs,,,
runs/iconic_grounding_real/glyph_svg_audit/094__Aa08-035__b.svg,4286,b715e4320a4b704cbc2fe601c2dc0c068f00af21106171c3c97ec70e19bdbbcb,runs,,,
runs/iconic_grounding_real/glyph_svg_audit/094__Ab08-088__b.svg,4618,400f069267da63c2744c576e4acf7c5f74729d9d5993df53181b4e2bbdb0af97,runs,,,
runs/iconic_grounding_real/glyph_svg_audit/094__Ca12-022__b.svg,3045,25c1e6cf7af5f03c96409de8d593d2827a74a638ebd18e23866707d0988839f5,runs,,,
runs/iconic_grounding_real/glyph_svg_audit/095__Aa01-052__b.svg,1881,616a1d5498edfc2ac5f4109c876b468212060a44706220d26df6fb3e1bd240a9,runs,,,
runs/iconic_grounding_real/glyph_svg_audit/095__Ab04-066__b.svg,2307,3f5cb1825f3cd4c945f74eceb0442caa7331e25f4228d9c445d2f13acc1b13d1,runs,,,
runs/iconic_grounding_real/glyph_svg_audit/095__Ab05-034__b.svg,2042,ec2f336185db8d0434aaa35a617fca9bfec71f0f66c6101792f58dd37d9fc564,runs,,,
runs/iconic_grounding_real/glyph_svg_audit/095__Br01-053__b.svg,1314,adc7bb5ab2ec474943bc62bef147e8a2e319ca1c4d48735fd70e5c0bf47c48ff,runs,,,
runs/iconic_grounding_real/glyph_svg_audit/095__Br06-005__b.svg,2033,1e821d6a6fa28d37e001d6710bbe9ee1c5d08fd70f2ee493bcd22c245621c937,runs,,,
runs/iconic_grounding_real/glyph_svg_audit/096__Ab06-014__b.svg,3169,9e7e58da4e6bfa60a75af8e6610e3a0241cc49fce397cac3489779b8ef5efcd6,runs,,,
runs/iconic_grounding_real/glyph_svg_audit/096__Ab06-068__b.svg,3204,6287cd82a6fe60344606d6e9c682c9c9cbb5ebf3e294e83ca5e5deb52cc3aa1f,runs,,,
runs/iconic_grounding_real/glyph_svg_audit/096__Ab06-076__b.svg,3116,a8e3b1519464b165964776c2b0c9cce0d8003964fb0d8fbe6be4aabdd2a2c1ec,runs,,,
runs/iconic_grounding_real/glyph_svg_audit/097__Aa06-050__b.svg,3150,3762b2d7e419b3902cdaaceabad53bf5973b6268a82a960500a47511f44fc93e,runs,,,
runs/iconic_grounding_real/glyph_svg_audit/097__Aa06-052__b.svg,3010,90203338a085f01b945361f2ddd4fcb6a1af9b5b10303485198a252ea790b5d7,runs,,,
runs/iconic_grounding_real/glyph_svg_audit/097__Aa06-054__b.svg,3199,ad78183b9204377ae6c0f35a0cde7932597164b8ab407c2722a9087eda0280e3,runs,,,
runs/iconic_grounding_real/glyph_svg_audit/099__Aa02-066__b.svg,3827,691bb1c9d7fb5a2b55cc861f47f421a5ba99585788e0b2319c6158d11b6b6e08,runs,,,
runs/iconic_grounding_real/glyph_svg_audit/099__Ab03-044__b.svg,4077,127774431f30d9dd6ee6a9499773b4731f4804eb464eb46cd26198b3a4921807,runs,,,
runs/iconic_grounding_real/glyph_svg_audit/099__Ab07-091__b.svg,3840,280d99624ad5f6df7e75441642983b0e4678832ec22546d60cfdfa5727ef0d71,runs,,,
runs/iconic_grounding_real/glyph_svg_audit/100__Bv03-049__b.svg,2162,c5c8ed6ef4e2349e48b408a074a55d435425ffd6dfb96a296f22886bf3740ae4,runs,,,
runs/iconic_grounding_real/glyph_svg_audit/101__Br10-004__b.svg,3099,0c2f37118f9fa6973629dcceb6d69783e491fb609d7a51fe666fd29b559f3020,runs,,,
runs/iconic_grounding_real/glyph_svg_audit/102__Bv07-041__b.svg,3169,f418bd70c8bc24c202a7cca8a2320355542d32aae8c6cc532258452c300e15f8,runs,,,
runs/iconic_grounding_real/glyph_svg_audit/103__Aa02-004__b.svg,1268,d1f45fac090392fa8a94d82e27c3386767cea7e18146450e21a54a6de139c3ff,runs,,,
runs/iconic_grounding_real/glyph_svg_audit/104__Br09-034__b.svg,4949,23e77b55ad9a7b95075369ba455913b9c47823463eb6a7a48d73df214c016022,runs,,,
runs/iconic_grounding_real/glyph_svg_audit/105__Bv06-019__b.svg,2726,54baf5918fbe33af3071e7b42ffafdbbd3332274a61ba75d137856c77b7f8d3b,runs,,,
runs/iconic_grounding_real/glyph_svg_audit/107__Ab07-033__b.svg,1959,9c792cd3a85c764bd54faa0d16d5949d383b5809b8c6d17e8583536b4507115b,runs,,,
runs/iconic_grounding_real/glyph_svg_audit/107__Ca13-015__b.svg,2224,c14f64c0f52c99bf7570083a424c46387b6088d82fdeba382efd5cfbbbd9e890,runs,,,
runs/iconic_grounding_real/glyph_svg_audit/107__Cb10-009__b.svg,2752,10da27abe6eea453971597cdd53f0bded110f42bed8624e5426a3bb3e959da5e,runs,,,
runs/iconic_grounding_real/glyph_svg_audit/108__Aa05-007__b.svg,1669,f736d220eb01dbca98d11161e370b7ab7d738b50175872bcdb05bb64912a05a9,runs,,,
runs/iconic_grounding_real/glyph_svg_audit/108__Ca13-013__b.svg,2499,76ab39c892f3e967438f5ede251208730dd4198a00e1dff1cb64de806cf5d22d,runs,,,
runs/iconic_grounding_real/glyph_svg_audit/108__Ev06-040__b.svg,1966,80ed13538209601e9cdd97dfd00e76c6188923bcc07569740cfe1d949477a41d,runs,,,
runs/iconic_grounding_real/glyph_svg_audit/109__Aa04-086__b.svg,1605,357862fe22e28cffc1f484ac8150ad95e9829d9273de46d1e385d47962f60819,runs,,,
runs/iconic_grounding_real/glyph_svg_audit/109__Aa06-067__b.svg,855,b42cc5642dd93b391afbf93bed5d879868587133e7e067bbd87e8c7e1ba28cb4,runs,,,
runs/iconic_grounding_real/glyph_svg_audit/109__Aa07-042__b.svg,1018,4597dd36ab868743b76d3915e0d00c4f7864ecf466399c5321161531a874b939,runs,,,
runs/iconic_grounding_real/glyph_svg_audit/110__Ev06-046__b.svg,2644,2396a983778f00deaf889eb3c164cee0548165e04adb67a2bfb3e13a86b92223,runs,,,
runs/iconic_grounding_real/glyph_svg_audit/116__Bv03-003__b.svg,2463,e915ea5fa884cc162dccadb169e3d93ccea3a4ce5f3de3642da6436fefb29b52,runs,,,
runs/iconic_grounding_real/glyph_svg_audit/117__Aa05-072__b.svg,1852,95cd8bc338d05679f5ed7284afc8731d3d95e74cb4a35e29bc69dbb7f7ea0a4a,runs,,,
runs/iconic_grounding_real/glyph_svg_audit/117__Aa05-079__b.svg,2112,7355e1bd0276ea992c38d8b9faece7522c59be2e1bbb388b5d2356897ab973be,runs,,,
runs/iconic_grounding_real/glyph_svg_audit/117__Aa06-022__b.svg,4171,5d6c01807c836f306dd6bd5b7191072d46f3f5350a32f8dfef4d3f4962e72ba9,runs,,,
runs/iconic_grounding_real/glyph_svg_audit/118__Er02-027__b.svg,5064,73d7a6191c6e15c6e67aa80069115c29ec0af1096bc3db5a84e497004578970d,runs,,,
runs/iconic_grounding_real/glyph_svg_audit/119__Br06-002__b.svg,3837,47027ea1674f0a3a05041e9c3c24f1e799e221ef1ff9fbea76aa25440cd87022,runs,,,
runs/iconic_grounding_real/glyph_svg_audit/120__Aa01-014__b.svg,2173,8e2045dc6fb86b2927ac8452e5e3460c03da74a29977d723282c08adee5e0712,runs,,,
runs/iconic_grounding_real/glyph_svg_audit/123__Ab05-096__b.svg,2482,3bd53fc44b3598f36e7aec156cc5638f431543c220413a53c84551bc7f56282a,runs,,,
runs/iconic_grounding_real/glyph_svg_audit/123__Ab05-097__b.svg,2389,21f29dc9e4398dd1b5e72a52a587f6460aaf4ff03780666fb24dd31fe5d601c8,runs,,,
runs/iconic_grounding_real/glyph_svg_audit/123__Er03-006__b.svg,3222,7fb5f380c8b9edaf8b44d8926f259290c79ad32611a543d571462ad81d67002e,runs,,,
runs/iconic_grounding_real/glyph_svg_audit/126__Aa05-051__b.svg,3805,1dd85a35a5b315fdab026636c0bd6fce409a7506ce260084129d01408f71cf6e,runs,,,
runs/iconic_grounding_real/glyph_svg_audit/126__Br04-015__b.svg,2407,4ac1357e25bfdb8f606ba50a8a0016f0ae4dd200bdfc5dd7cec99d0996371b12,runs,,,
runs/iconic_grounding_real/glyph_svg_audit/126__Br04-024__b.svg,3187,e8946a4751764ba3069c3cf3f269cb30e6215debe004a1bb44f1d2c64f6bbb73,runs,,,
runs/iconic_grounding_real/glyph_svg_audit/131__Aa02-012__b.svg,2994,9cfd6e252373b2b3b9303ac86234e8fb4721b9700ddeb0345e5b70186b45930c,runs,,,
runs/iconic_grounding_real/glyph_svg_audit/132__Bv12-025__b.svg,2064,91bfcb840ae0c45d37bcefa15472aa0414db75bde2b3c174ae4781fb867a792f,runs,,,
runs/iconic_grounding_real/glyph_svg_audit/133__Br05-038__b.svg,3671,9e25bc53a68c6e85923edbd4389b4569dfc8f381c273a47b07598ee8567082f5,runs,,,
runs/iconic_grounding_real/glyph_svg_audit/133__Br08-050__b.svg,2403,7d5c69a3adc6b58922e8ca7850caa1aaffb00d6a99c13ab27232a6ebfbe310f0,runs,,,
runs/iconic_grounding_real/glyph_svg_audit/133__Bv02-040__b.svg,2301,32bd903896d9a8de3ccc5c234aac4087bc6c82579403349e91817e256570fcff,runs,,,
runs/iconic_grounding_real/glyph_svg_audit/134__Ab07-082__b.svg,2332,e9c8eb38576f2eba3cea3813e1ba4d83520395c0fb61dea33515fbc357a0dea7,runs,,,
runs/iconic_grounding_real/glyph_svg_audit/134__Ab08-095__b.svg,2255,2ebf86a5a435e410a07383510d3aa1100008a6f67a75605ac7b2f8fb92dad5c8,runs,,,
runs/iconic_grounding_real/glyph_svg_audit/134__Bv04-064__b.svg,2230,c3e8078fad468f734ec145776421e9f9a0bc939afb85c06e941d36ca541efcac,runs,,,
runs/iconic_grounding_real/glyph_svg_audit/135__Br04-052__b.svg,1683,84e1040f7f222839fe907f45fda284331add62b4100b6d88e8fc5eb7f32deb50,runs,,,
runs/iconic_grounding_real/glyph_svg_audit/139__Aa07-133__b.svg,5038,af02e03f94abf10526a37f662cc3d60ff82892093387116b2868ed4826534058,runs,,,
runs/iconic_grounding_real/glyph_svg_audit/140__Bv09-011__b.svg,4224,062230cc9ccedd43e9be3a652fa347649a6cab45dd0e62fa6f019011ded0291a,runs,,,
runs/iconic_grounding_real/glyph_svg_audit/141__Bv01-014__b.svg,2402,480b7bdb6fa9b0613f9e57b6244d78fd513e8f892a9eb7d4f11c3cec3a64d226,runs,,,
runs/iconic_grounding_real/glyph_svg_audit/141__Er09-021__b.svg,1773,9256cbaca4eed3d52ed03eeb7dafbd2e8d0547b3d22d363e63d35e04fb53d32b,runs,,,
runs/iconic_grounding_real/glyph_svg_audit/143__Ca07-034__b.svg,1917,aee4734270145006cca7de421f41a59ae2c5c305418cdf472e720877f9b4e1bc,runs,,,
runs/iconic_grounding_real/glyph_svg_audit/144__Aa02-067__b.svg,3275,6cd6398c4ed7119c7ef6a29945c93b189590075b50b4f5ae18e39348953c7963,runs,,,
runs/iconic_grounding_real/glyph_svg_audit/144__Aa02-072__b.svg,4225,d9f60e78c22e5887a49e31fe0394909c088bee1e9a472643986f3de02dd12286,runs,,,
runs/iconic_grounding_real/glyph_svg_audit/144__Aa05-058__b.svg,4102,194d73adc7d8284225d88454337bfdd346e8268da252a2f1d2e015000025dc4e,runs,,,
runs/iconic_grounding_real/glyph_svg_audit/145__Cb14-001__b.svg,1512,38b72bb551e06f73eee05f6edc1da2e8783c4dc0b6ac6d9f41adeb4c8d0c7445,runs,,,
runs/iconic_grounding_real/glyph_svg_audit/152__Ca07-035__b.svg,4510,05f86db2a53508a55f0190b8256891a77d4ed273c87d4f2b90c1af5aca41c142,runs,,,
runs/iconic_grounding_real/glyph_svg_audit/154__Bv09-019__b.svg,2791,1e07d938b956e40e8df1d475304025236ce630244f743096f3758112ecf65825,runs,,,
runs/iconic_grounding_real/glyph_svg_audit/156__Bv09-016__b.svg,2053,9548397e38c5afa8690cf1d42a9026b6d241438ccb7726e5fd87cf0e0670839b,runs,,,
runs/iconic_grounding_real/glyph_svg_audit/160__Aa02-084__b.svg,3187,86f35e076fc2e9cf9cb00cadca56991d3b039a10efac2b5e014954de2db50425,runs,,,
runs/iconic_grounding_real/glyph_svg_audit/163__Ev04-021__b.svg,2694,fd5e0f9986a89307a1abc014dd7ef7ff356f9efa9e0441522d300b5767f7476d,runs,,,
runs/iconic_grounding_real/glyph_svg_audit/164__Br07-053__b.svg,2938,7143a85068d9a2d35b9a27e2ba9a9a9a0374e4019f6ee56c3173377dca7a63b1,runs,,,
runs/iconic_grounding_real/glyph_svg_audit/164__Br08-059__b.svg,2514,f4e6a73b5c9c5d4fa2a28c37728e820381b04498d0a6f1e09f98e78142b65ff4,runs,,,
runs/iconic_grounding_real/glyph_svg_audit/165__Ab02-016__b.svg,3719,c0ff10d4cc9b53c2b29244422d8b326e7f6431d2ff7dc68da72d7ac989365194,runs,,,
runs/iconic_grounding_real/glyph_svg_audit/165__Ab02-019__b.svg,3541,dd73e75b7fe13cb6e077d21b5c5813260b552339f32a4ee7935288426bab93a0,runs,,,
runs/iconic_grounding_real/glyph_svg_audit/165__Ab07-072__b.svg,3524,b9cde6341c3a63858f019306d3459367b74cc06d4c8e0224b29901f3845b5005,runs,,,
runs/iconic_grounding_real/glyph_svg_audit/166__Br09-045__b.svg,2967,fbe6dbf97f667ed63927453d48db6606db534ca6e1ee3a195d43781b75208b41,runs,,,
runs/iconic_grounding_real/glyph_svg_audit/166__Bv03-037__b.svg,3635,cc9d8b9e9c5d283857391d26c80881b6d73b8c1a07ce8711897d12cc781ceb9a,runs,,,
runs/iconic_grounding_real/glyph_svg_audit/166__Bv08-012__b.svg,3545,7cb45cfc82633dbb56bd2b9e482cf35dbcb3c2f4553b76e6f803600c69ca035d,runs,,,
runs/iconic_grounding_real/glyph_svg_audit/167__Bv10-007__b.svg,4471,812b4ee43756ebcf991176b4bcd6e3440b7e905c50201975124592a9a8485ae4,runs,,,
runs/iconic_grounding_real/glyph_svg_audit/167__Bv10-011__b.svg,4187,2ef40f94ea7164ffa055eca177520d90babe795a8fbadeaea5d54b3bb4e4a7dd,runs,,,
runs/iconic_grounding_real/glyph_svg_audit/169__Bv02-042__b.svg,3888,7c7d15d0049cadaf87488c0d10b9fb0418b41cb2b31bbb27aac1765750fa273f,runs,,,
runs/iconic_grounding_real/glyph_svg_audit/170__Ab02-003__b.svg,5534,75537d29f164ad842b7b0ee629a1719e259118ac87011c347bf345e5b0db0f8a,runs,,,
runs/iconic_grounding_real/glyph_svg_audit/171__Bv08-058__b.svg,5069,8efa0bba4a2a64ad241fa7810b9c262d54aabb0bbfc9da0c3ad85962a312cd4a,runs,,,
runs/iconic_grounding_real/glyph_svg_audit/172__Ev05-033__b.svg,5208,6487cf2fff1a6b39dc8ee3ab7eb3c1b6a5cbf0e2c359660a11229db6d135d0a6,runs,,,
runs/iconic_grounding_real/glyph_svg_audit/173__Da02-023__b.svg,3934,299a8148cb3f001cd894a5e8c4f23638bf547d395137220dd09340646707a4c6,runs,,,
runs/iconic_grounding_real/glyph_svg_audit/181__Aa05-061__b.svg,4494,4b6c078b61577787ca3cb6a36f3cfd09eb70e87a8e49561d33368022b3d8cde6,runs,,,
runs/iconic_grounding_real/glyph_svg_audit/182__Aa07-058__b.svg,5266,dfaf0c65a183734835ab808bac062df238a68ec77312e868856547d5e03e5ef0,runs,,,
runs/iconic_grounding_real/glyph_svg_audit/182__Aa07-091__b.svg,5060,349b16be87d6bf688dc92a8458d5fa2f5d2cb27ea6641125fa13c73f94820fb7,runs,,,
runs/iconic_grounding_real/glyph_svg_audit/188__Ev07-017__b.svg,4916,770c69103fba700c942a2d1e14d7b534557c22e470eca54787c7ea01c4554442,runs,,,
runs/iconic_grounding_real/glyph_svg_audit/190__Aa02-007__b.svg,4815,729e3fd6078e9c458da6deaae16e917ec1727474277b0042df84acbc73578cb4,runs,,,
runs/iconic_grounding_real/glyph_svg_audit/190__Cb05-004__b.svg,4895,7a36c5613b3e0cdd589c5835aa4ada1085316a11497a7c70ac254ea43f44f7b3,runs,,,
runs/iconic_grounding_real/glyph_svg_audit/191__Bv11-020__b.svg,4319,565cdc02ba15e56af559d309500e7b72d20597ed8357cdd71f25aeba87c211dc,runs,,,
runs/iconic_grounding_real/glyph_svg_audit/191__Er04-043__b.svg,4493,2e8e86db4bbe5942aecff22598f211b6d603ab49ab5e5249a466642b2f9aa34a,runs,,,
runs/iconic_grounding_real/glyph_svg_audit/195__Aa02-054__b.svg,3440,4675c40b7b29abbfbc21ec5857958c65c70e318e87848724c58110d4b535ea72,runs,,,
runs/iconic_grounding_real/glyph_svg_audit/196__Bv07-007__b.svg,7646,7bce40dc9265867fab37adb1888c4f330e4f0454d49614092ef9563943174688,runs,,,
runs/iconic_grounding_real/glyph_svg_audit/197__Aa03-088__b.svg,3150,742a2eacce6072f34a05a2a143d2c76cb8475596c053ab9295fb96cc0b0beaf1,runs,,,
runs/iconic_grounding_real/glyph_svg_audit/200__Aa01-074__b.svg,4578,ee00700cf039346edc2209b2b247b62cf4a1573463c4d3f14f0d3672ab499132,runs,,,
runs/iconic_grounding_real/glyph_svg_audit/200__Aa05-045__b.svg,4413,1826b2c2e8d1fe5ceb5f91f359892d2336d1035d76d591f7c834dad1e6be9a99,runs,,,
runs/iconic_grounding_real/glyph_svg_audit/200__Aa06-085__b.svg,4140,4a28b1ac0df958cde7661851b66dfd003692f9840174cc2ae55ef93008d5f0af,runs,,,
runs/iconic_grounding_real/glyph_svg_audit/200__Br01-016__b.svg,3953,15bf29733e8d4f5665b2e16457ffb2f630664b7aa3816639871ea8115ef2dd12,runs,,,
runs/iconic_grounding_real/glyph_svg_audit/200__Br08-018__b.svg,4655,54504ef7547a2dd79d8704ed805e661d5fe44865bc425f719accec0d63a64a21,runs,,,
runs/iconic_grounding_real/glyph_svg_audit/201__Aa02-001__b.svg,5111,682c62d428a3b0978dc0fd21e1b62df2c495f96de715458cbb307a91819b54b7,runs,,,
runs/iconic_grounding_real/glyph_svg_audit/201__Aa03-074__b.svg,6010,cddcb9acda5cd42ed42ae5bf334a9b116ff11b215bc671de6aa5cec2b4282642,runs,,,
runs/iconic_grounding_real/glyph_svg_audit/201__Ca02-005__b.svg,5457,f56b0d8e3274df6bfe07f548969ef38297c34e7cf55a0a3e0d20e395ea393d3b,runs,,,
runs/iconic_grounding_real/glyph_svg_audit/202__Aa07-008__b.svg,5421,074fd21e628e989cb958c3179cb2d17f76b7b864640cf91745ff6e64de951dbc,runs,,,
runs/iconic_grounding_real/glyph_svg_audit/202__Bv12-029__b.svg,6145,5aa5c2020f5b5a6321febdc8e8a9f179a7aa7ae17790c8001a42dbef3f707a55,runs,,,
runs/iconic_grounding_real/glyph_svg_audit/202__Da07-001__b.svg,4473,8fa13784e45ce92122beab88b84c6179dceb1405a9f2702e1e3555db8f8c3f72,runs,,,
runs/iconic_grounding_real/glyph_svg_audit/203__Br04-037__b.svg,6177,1cf13ab621f0703eb47c18eae248369a36b48027543b080774394057ea61b907,runs,,,
runs/iconic_grounding_real/glyph_svg_audit/203__Br05-021__b.svg,5775,da2c73f822c0ccdce7592c66bf5cca8e27879ca4f868a6f969c2ab48cb321fb3,runs,,,
runs/iconic_grounding_real/glyph_svg_audit/203__Er02-020__b.svg,5651,7580e67ed339b4d55d50ed8b43ac9eb4d53f471bc1a43adaf4bf8546a5c855de,runs,,,
runs/iconic_grounding_real/glyph_svg_audit/204__Bv01-013__b.svg,6266,031cb3209fe7cf581d47bf6dcf92c753094dc2998966dcfdd796a19d61322ff7,runs,,,
runs/iconic_grounding_real/glyph_svg_audit/204__Bv04-033__b.svg,5948,62ea8ed1b6272a888f2e6f4acda279ddd05b1e7a16b7d8081f5471ae7173c1f3,runs,,,
runs/iconic_grounding_real/glyph_svg_audit/204__Da04-022__b.svg,5758,57c9959bcc87fe430e6ebc335a43dafb57704576f02b874191bff26b22fb1120,runs,,,
runs/iconic_grounding_real/glyph_svg_audit/205__Aa08-007__b.svg,5116,96c805b885ffd198a9ebc4d195e55859d7db600ac992977451f0cc6344bb4c4f,runs,,,
runs/iconic_grounding_real/glyph_svg_audit/205__Br02-037__b.svg,5038,90912d3d90056ef354682d63e8332d77638f9fc1d352503efef6b856de4ca71e,runs,,,
runs/iconic_grounding_real/glyph_svg_audit/205__Bv08-005__b.svg,4885,aa0f0beff4c8e108b5cfbc1021c2e25dc37e289eb010b5d5ce40a59541683713,runs,,,
runs/iconic_grounding_real/glyph_svg_audit/206__Aa03-056__b.svg,6899,1880dbf6780fc136141da3080e3052711b6dc7582d8b5703494a002b7d7b97ea,runs,,,
runs/iconic_grounding_real/glyph_svg_audit/206__Bv03-004__b.svg,5148,7a17aa328fee6989e93a7c0dd0940e25be62716f8f8f52baee5ff87696f9d729,runs,,,
runs/iconic_grounding_real/glyph_svg_audit/206__Bv06-055__b.svg,5796,afa286f134a0cfdf4cb5986b3109c2d39f803eec75b4dccc4d4769599c9e5a3e,runs,,,
runs/iconic_grounding_real/glyph_svg_audit/207__Aa03-059__b.svg,5149,f42450caf787417eed285447fc67e25fcfcbcc6560bc6e72b014f306e3711ed5,runs,,,
runs/iconic_grounding_real/glyph_svg_audit/207__Ab04-060__b.svg,5294,f848927121b6d7a9d5648596e6d8529cd59ffcd71bb9f8c31c5d6e5010c92710,runs,,,
runs/iconic_grounding_real/glyph_svg_audit/207__Br09-055__b.svg,2361,512309f83e713e5092a015b751b32f755154b922f2c84935b5916d92587bb3d2,runs,,,
runs/iconic_grounding_real/glyph_svg_audit/208__Aa03-050__b.svg,5596,a453ee15fd20a223102863a31763923c86910249b633a2a95cc0513519170523,runs,,,
runs/iconic_grounding_real/glyph_svg_audit/208__Aa04-097__b.svg,5227,66b8ef5dbc18be73a21eb100c7afed25869b1945ff8729166684487ee2ebb7d8,runs,,,
runs/iconic_grounding_real/glyph_svg_audit/208__Ab05-008__b.svg,5349,5517ef790edbba0c128d8a4de4dada604124012e94e1198e3999154cd801dff2,runs,,,
runs/iconic_grounding_real/glyph_svg_audit/209__Aa06-036__b.svg,4864,d813e0515443aa98ffb9b32c42fe7ddd0530805775cdd78b2ebe5c90c5298970,runs,,,
runs/iconic_grounding_real/glyph_svg_audit/209__Bv06-036__b.svg,6788,49c9c3ebd093cd24a353fc193e2c0d05fa332ab02d7e5c8d4f249827192a95c4,runs,,,
runs/iconic_grounding_real/glyph_svg_audit/209__Cb14-002__b.svg,4042,92d2775a73abded77f73e265f6db349a03eb208241aec69e5a9a7671c3e0c9a7,runs,,,
runs/iconic_grounding_real/glyph_svg_audit/210__Aa07-126__b.svg,4626,9e08415bf7667dda38c5855608b8e93f8e54745cd05b230d1a09d43431a1a710,runs,,,
runs/iconic_grounding_real/glyph_svg_audit/211__Aa08-028__b.svg,5058,fef063ac63016c2887e732b59323d0a6e9800260fd7186fefe843eb053dccb67,runs,,,
runs/iconic_grounding_real/glyph_svg_audit/211__Br01-014__b.svg,6462,125b2adce0cf81bf851a0e9e1bcf9baabeab78a2deed68601f0a2246f17796cd,runs,,,
runs/iconic_grounding_real/glyph_svg_audit/211__Br01-030__b.svg,4991,81a8e16ecdf0aafd4f407e351a8ed91bfd87fad55851db54c85d3b5f2bff1e6f,runs,,,
runs/iconic_grounding_real/glyph_svg_audit/212__Ab03-053__b.svg,7494,38a3d2ddfd9b62a7b520640981996b243061f9e1d1b9ce1ece5b0ac3c29fcfb0,runs,,,
runs/iconic_grounding_real/glyph_svg_audit/212__Ab07-080__b.svg,5617,307f96bdf9d73ad46120ac0fdc91ae59ae9ca1633c17d611a2591b296168078f,runs,,,
runs/iconic_grounding_real/glyph_svg_audit/214__Ca05-027__b.svg,4054,0094f913782c721b1bad1a4442cacfd97725248e89eb6e7df716cfb8c51e8304,runs,,,
runs/iconic_grounding_real/glyph_svg_audit/214__Ca05-034__b.svg,4488,93a718ca6ca163b947cba011415bd155adcc53ec5affd5be1d207f11d8572b31,runs,,,
runs/iconic_grounding_real/glyph_svg_audit/215__Aa08-029__b.svg,4883,240b4180ff54b8f048195071f9d0d83eab49c384701a592d434bb00d2f7a9804,runs,,,
runs/iconic_grounding_real/glyph_svg_audit/215__Bv09-055__b.svg,4285,cb0e09e26c7fdeddf5ff10e7bd286f750ec31e566f4762dfc10c5d24b3c770ba,runs,,,
runs/iconic_grounding_real/glyph_svg_audit/215__Ca02-012__b.svg,5442,3191613ff62c4ff338030ed8ffa2d89439e6f3d1176cede8c8197ae01fb552c8,runs,,,
runs/iconic_grounding_real/glyph_svg_audit/216__Ab02-124__b.svg,6672,218ee77f7f83f07efa7f3b8ac2bf1a83cd21d260c3538f25767d9e1cca97a777,runs,,,
runs/iconic_grounding_real/glyph_svg_audit/216__Cb05-025__b.svg,6608,4d69930f3e05d321e870d927ad6b4a8a6a0838c6c114162090fca1b59848b002,runs,,,
runs/iconic_grounding_real/glyph_svg_audit/220__Aa06-003__b.svg,4271,b64122be5f7ad0c00b20c072bfefca8706cb4a04d4084ff91449b190cce793ab,runs,,,
runs/iconic_grounding_real/glyph_svg_audit/220__Br02-001__b.svg,4217,ac135e094dfe8cf3ea1bcb5e7c3bfe8af506adfd18e7891dcf3ca1fc993ad5bb,runs,,,
runs/iconic_grounding_real/glyph_svg_audit/220__Ca01-025__b.svg,4605,4f70fd62c200e4ce68c8d9d7902b424037440183ec5c7edcafeeb734d2d2dbb6,runs,,,
runs/iconic_grounding_real/glyph_svg_audit/222__Ca12-006__b.svg,6013,32ad13c2c6ccf99920a5277b1cf2bc9d22d6ffedd7e06841a914a3e49380e9b3,runs,,,
runs/iconic_grounding_real/glyph_svg_audit/224__Ev05-047__b.svg,6186,4dfe1a880acfda7554635ed9133df9d765a12c9d2402c3a81c7e9afdf29fe3c3,runs,,,
runs/iconic_grounding_real/glyph_svg_audit/225__Ca02-009__b.svg,5418,1e4c74e3db5bb6fe6cc2c9967299dcf9351f2b87daa437ff0eb50daba5192870,runs,,,
runs/iconic_grounding_real/glyph_svg_audit/225__Er09-005__b.svg,3818,7830344ebd5caac5f7531b4ddc7e3395f4fe60af5a03499221215e5791e66d62,runs,,,
runs/iconic_grounding_real/glyph_svg_audit/226__Aa06-060__b.svg,6560,c1d1a3157ec490862ee386911bbd391d328c205db2a70218d702dc066b8e0583,runs,,,
runs/iconic_grounding_real/glyph_svg_audit/226__Ca01-023__b.svg,5842,da87841d11b6ddb2ea37b6c1c265c2d1ee74fd545968928511682cd7320d307d,runs,,,
runs/iconic_grounding_real/glyph_svg_audit/226__Ca13-008__b.svg,5749,3c8c06e198202888a937a15aefbec960cd7a59e2622017ff4db471d2482da6ad,runs,,,
runs/iconic_grounding_real/glyph_svg_audit/231__Br03-016__b.svg,4597,59e88b7a2cd894817fc3994f3b54df5182a1539461ac364ce49a28dba675a0ee,runs,,,
runs/iconic_grounding_real/glyph_svg_audit/232__Aa06-059__b.svg,4666,5d97b12a1850684fa91f8a755c1b689900a224ae5f95ed9e59173c3181e1fdae,runs,,,
runs/iconic_grounding_real/glyph_svg_audit/232__Bv05-029__b.svg,4717,a32be0e3cc70f924361ef4f273524daabf64087608be19bdfb2b792efad572ec,runs,,,
runs/iconic_grounding_real/glyph_svg_audit/234__Aa03-076__b.svg,5102,1bd3f28a981d7a9765f109a51d4c0a5338a5b8ae9be17054640326f5ef97ccb3,runs,,,
runs/iconic_grounding_real/glyph_svg_audit/235__Br08-026__b.svg,4608,796b984918666c4277ceedc386f9501fc4593e98ea2ec7b77b9a32ec15baf237,runs,,,
runs/iconic_grounding_real/glyph_svg_audit/235__Bv03-046__b.svg,4416,be79f9f67b3b3f34da2ad4be572b78caa5a2752e3daa40edec65899a2f03953c,runs,,,
runs/iconic_grounding_real/glyph_svg_audit/236__Bv05-027__b.svg,6734,f58cb4d58ead6479368d733ce344ab551e15efb17ff1d37017231aa106e58b0e,runs,,,
runs/iconic_grounding_real/glyph_svg_audit/240__Aa05-084__b.svg,5257,3754e1d9132e5ee279b3666732a079903af506c68a9eaadb93fe5537ca92a4a1,runs,,,
runs/iconic_grounding_real/glyph_svg_audit/240__Aa08-112__b.svg,6145,68222eff45df3a1f2d99d2d19a8fd18daa04e0b6489d6e6ae34bb9b8e3be4141,runs,,,
runs/iconic_grounding_real/glyph_svg_audit/240__Ab01-051__b.svg,5287,38fe0002ffc11a0e6656e7808cf02aed10363e60014f16313feb6f6ad3ab08f0,runs,,,
runs/iconic_grounding_real/glyph_svg_audit/242__Aa08-031__b.svg,5595,e6091581641077a6b7dfafd41dac685809d1219872611bdeab6a96fc9e4c09d2,runs,,,
runs/iconic_grounding_real/glyph_svg_audit/242__Br10-006__b.svg,6164,5805579b4e1bc102d8b638b427889b03c3102b783b39577bbea0a38cdc6824f4,runs,,,
runs/iconic_grounding_real/glyph_svg_audit/243__Aa02-094__b.svg,6279,38742776e52f9d1ef3a19046bdf41d1aab65b2778b22d09966892ccc81293499,runs,,,
runs/iconic_grounding_real/glyph_svg_audit/243__Ab02-065__b.svg,7274,17e1abf9e4aa46832046883c7c63f4d81f9e74bcd103c62d0a5be446d70f9df9,runs,,,
runs/iconic_grounding_real/glyph_svg_audit/243__Ab02-069__b.svg,6873,1da65faf76b4796387aead549c41684ff33151d01139c37e56a551ba9610eae1,runs,,,
runs/iconic_grounding_real/glyph_svg_audit/244__Aa04-049__b.svg,6161,530603985c53ca19f5c6a4e0551527a16cdaaf69a7b7f0b18fc1fdcb05c30e8f,runs,,,
runs/iconic_grounding_real/glyph_svg_audit/244__Br10-005__b.svg,6818,8986db5b4c2bf3311c4329a8443b2d544e89c2c94b29cf5fadb8070d5e8899a5,runs,,,
runs/iconic_grounding_real/glyph_svg_audit/244__Br10-035__b.svg,6173,f0b4c105b86311c42220ae46cec9d0f85769c52827ad6ae7c6c7ac79135c52fc,runs,,,
runs/iconic_grounding_real/glyph_svg_audit/245__Cb04-035__b.svg,3594,e83216d9a5bef66987e1f1d546b7893635443e0cce4bf16030a2fc959b528931,runs,,,
runs/iconic_grounding_real/glyph_svg_audit/245__Ev03-041__b.svg,4777,875cda22082011dacbcfb2c620372b35874bd9e9cf89e9626f9323c3bf6fa251,runs,,,
runs/iconic_grounding_real/glyph_svg_audit/246__Aa02-035__b.svg,6673,9171f8fbd2c8d690be3b38635f0aefd9e971b5288f8cd36f5f2ce1c2e142f89d,runs,,,
runs/iconic_grounding_real/glyph_svg_audit/246__Aa06-070__b.svg,5963,54a4d6e56edbf82270572825f964d0a7ff5754471ffecad19d8f5ebed5850772,runs,,,
runs/iconic_grounding_real/glyph_svg_audit/246__Ab08-076__b.svg,7185,f989b83e17a046679a7147ff301b3eadbc3ce4b5ad573707516dce5fe41c6316,runs,,,
runs/iconic_grounding_real/glyph_svg_audit/247__Cb12-011__b.svg,6125,99e714825dadce9ed2a62de3410a756d2150cc4ebab2d5f4ccd629f58c12fde4,runs,,,
runs/iconic_grounding_real/glyph_svg_audit/248__Cb08-008__b.svg,6703,ed264f61a68e95c159cce074e2f0618bdaa8a7a66bc4a728518f57d56eeabc4d,runs,,,
runs/iconic_grounding_real/glyph_svg_audit/252__Ca03-024__b.svg,7159,f1e56705535159c3c563f7294a489c358332a58c2041bbbf65080dd80b8aca64,runs,,,
runs/iconic_grounding_real/glyph_svg_audit/253__Aa08-062__b.svg,7091,7dea43a4b43bf3f1edae9aca0df32ddb332269a29c8e7d5d9336009517146764,runs,,,
runs/iconic_grounding_real/glyph_svg_audit/253__Aa08-068__b.svg,7366,53f8c2ffb1619bddb85b8864c49d22db398fb70af610d84cf303a0a9698d3ba2,runs,,,
runs/iconic_grounding_real/glyph_svg_audit/254__Aa04-010__b.svg,6784,e1f1afd1e04e5826bc01192b0e43f0624e7734d4bd280142abffed92d426fbc1,runs,,,
runs/iconic_grounding_real/glyph_svg_audit/254__Aa04-080__b.svg,6376,8772d6b132d9339a5abc9685d8a45cbb3e3c9c1d3a716e2a6620687480d8545b,runs,,,
runs/iconic_grounding_real/glyph_svg_audit/254__Aa07-023__b.svg,6779,bbfb4cc6a9622430acaea4373df0a162e5faa377f02b7e23321deb0e5b259255,runs,,,
runs/iconic_grounding_real/glyph_svg_audit/255__Aa08-027__b.svg,5787,0ebb028ca3413d6cdfeb65149d6d6efe212e970698514e5ae9a91ee1dc9e522a,runs,,,
runs/iconic_grounding_real/glyph_svg_audit/255__Ab04-089__b.svg,6691,1369d4d9667566392ad152e71d41448398fa9a3258b8b21598161cb7b1dc41a9,runs,,,
runs/iconic_grounding_real/glyph_svg_audit/255__Cb03-023__b.svg,6041,e3cd8f1fa80c7af068b96465dd922a08413170b50fe81d4b3c7a8fa1183935e8,runs,,,
runs/iconic_grounding_real/glyph_svg_audit/256__Aa03-065__b.svg,8193,0bdf2f50bb806119003cf24b38755095acb0070382a32358d7f081280d92dafd,runs,,,
runs/iconic_grounding_real/glyph_svg_audit/256__Aa04-012__b.svg,7497,f797acdf5457a319e3032c497904a2f56a7bd7e16c79e63d46cc881662a48c11,runs,,,
runs/iconic_grounding_real/glyph_svg_audit/256__Aa07-032__b.svg,7835,6afc2999b606b5b037b4add472c612dea6ae7de80b3fd4f2ba6972292b19d605,runs,,,
runs/iconic_grounding_real/glyph_svg_audit/260__Aa01-019__b.svg,4472,f27ba5159f3736415a6544a8cba84ac57272dc79d51b091307e617e63448473b,runs,,,
runs/iconic_grounding_real/glyph_svg_audit/260__Bv08-022__b.svg,5352,ebe332bd5fdd22574d5ca36de921f88761ce35ec2a6a33fb99f4286526d69d14,runs,,,
runs/iconic_grounding_real/glyph_svg_audit/260__Bv08-026__b.svg,4769,5f04eb5a264c92aa0b12a8fbfb526291824b26f4152e38ca4c4ef1805843c69e,runs,,,
runs/iconic_grounding_real/glyph_svg_audit/262__Br04-007__b.svg,6275,aafa027990057e95dc6a34a4627cee0b6e86d18bece5ee682c52dbe859350e6a,runs,,,
runs/iconic_grounding_real/glyph_svg_audit/263__Br04-038__b.svg,6110,9dde7f6a415e870ce624764909fb90c6608db7a4d5f99301bb829afb1129a8a2,runs,,,
runs/iconic_grounding_real/glyph_svg_audit/263__Br04-040__b.svg,5678,78a2aec89795481e378157c36a236ce0dbe118dcd35467f23b89523c4a89841b,runs,,,
runs/iconic_grounding_real/glyph_svg_audit/263__Br04-045__b.svg,5735,1f460d84c2eb7acb45e8d3cc5b8860c3c85924b954a59a6bc19ae177a1570653,runs,,,
runs/iconic_grounding_real/glyph_svg_audit/264__Bv11-002__b.svg,5220,c79e4cefc99b1b5cfdc99fa9e11e836238b805192b34f7fb568e3a3bce831ef4,runs,,,
runs/iconic_grounding_real/glyph_svg_audit/275__Br05-029__b.svg,4448,a8d3a4a35cb172eb703f964c6f51a3d07d66f82688c04b6043e21ab4ed2ab753,runs,,,
runs/iconic_grounding_real/glyph_svg_audit/275__Bv11-044__b.svg,4583,3206789ba8943b7e8f63556c93d340e866b53d18f7fd569443cba58837fb5607,runs,,,
runs/iconic_grounding_real/glyph_svg_audit/275__Bv11-046__b.svg,4355,858af4e055f3fe80e0b4b1c23d4d48120f1cc6c7f7493c05e1dcdbe5e86af3fc,runs,,,
runs/iconic_grounding_real/glyph_svg_audit/276__Ev07-015__b.svg,5381,f1cc48ef2548b5ce33203668c6b9ae1d5ec31e67ce42e46a22e36daa8aabee79,runs,,,
runs/iconic_grounding_real/glyph_svg_audit/279__Er08-030__b.svg,5256,8d97073cff392b558b2a0f0303a23ab577efa89f73b6b1ede5fd4bc60dbbd805,runs,,,
runs/iconic_grounding_real/glyph_svg_audit/280__Aa02-082__b.svg,4200,f9843295cb3b195e640dbf598fd43daa6b3968144023013c94f4dc36bb2cc8d6,runs,,,
runs/iconic_grounding_real/glyph_svg_audit/280__Aa07-090__b.svg,5505,54d10200acc2607a0e112203ebb4d70efe9e2b85d8e08c9db4735e628597227d,runs,,,
runs/iconic_grounding_real/glyph_svg_audit/280__Aa08-094__b.svg,4292,1e6b9cd6c1a42e0d5ca321b883b32722ef97108b0eda5dec468169bb6d71ae30,runs,,,
runs/iconic_grounding_real/glyph_svg_audit/280__Aa08-097__b.svg,4837,051d2551408b3e9c7b1218a3de423491ba010ca85381deeac3be0273143cb3eb,runs,,,
runs/iconic_grounding_real/glyph_svg_audit/280__Ab01-062__b.svg,4010,016e3216113f51e1144a656ae237c12e83110825c10f7b92459c11984adda44a,runs,,,
runs/iconic_grounding_real/glyph_svg_audit/281__Cb06-016__b.svg,5427,fa4ecbaa833e9305dc677b5a30bb43cf80123b24e4226d3f5070d3b4860e3aea,runs,,,
runs/iconic_grounding_real/glyph_svg_audit/281__Cb06-018__b.svg,5294,d65b5341ed362d30b6bf786c19f71534b5ccea55bd763e7d8aa676762e60f9dc,runs,,,
runs/iconic_grounding_real/glyph_svg_audit/285__Aa04-015__b.svg,4549,47ec41f8e43b9a886197e00c9102cf18c1ed22ebea4d338bf5dac56534fdf673,runs,,,
runs/iconic_grounding_real/glyph_svg_audit/285__Da02-021__b.svg,4973,d9748983aeb61d25fc886b0dbec7286064325a706eb4f8973b6505a25ec992e6,runs,,,
runs/iconic_grounding_real/glyph_svg_audit/286__Aa08-037__b.svg,6473,55f04bea94b380242fd344a8d9d927e54b6688485be0d0480f0fe27f2a81f552,runs,,,
runs/iconic_grounding_real/glyph_svg_audit/286__Br09-008__b.svg,5979,f92faac172012438aa04a12b7517874e7f765042227a949fa79a93b5fc0215f6,runs,,,
runs/iconic_grounding_real/glyph_svg_audit/286__Ca03-035__b.svg,5625,27db35944fd3bc12f119fb34706c515a06b9d491f4a8ed4bf112348340953f08,runs,,,
runs/iconic_grounding_real/glyph_svg_audit/290__Aa01-101__b.svg,3604,e16f3744679fb7723daf81ea173984f6ea6da8df8b1aed73c5204bde04a89aa5,runs,,,
runs/iconic_grounding_real/glyph_svg_audit/290__Ab01-091__b.svg,3570,e321bc248046bb19b82669a32d718d8a6244767ddd2ec3d0a307b9ddbc111f97,runs,,,
runs/iconic_grounding_real/glyph_svg_audit/290__Ab06-117__b.svg,4628,2b8ccae00b0942c74d3c170241aed68b6fe9f683c60f2179202a19bc7da0b5c7,runs,,,
runs/iconic_grounding_real/glyph_svg_audit/291__Ab07-066__b.svg,4680,9213c47422e42382b896e5eb0cd8ef40699c295434d2e0e03bab54d7176af8c0,runs,,,
runs/iconic_grounding_real/glyph_svg_audit/291__Ab08-081__b.svg,4756,2ed2ee615626003d8ef81f812095e6722b370e83dd2b35c0ed6b920b9fa0bee8,runs,,,
runs/iconic_grounding_real/glyph_svg_audit/291__Br07-028__b.svg,3620,ae0a59a8f6c824903f07008a50ff5b1a3d54f174cf886fd587caae56152f9f69,runs,,,
runs/iconic_grounding_real/glyph_svg_audit/292__Bv05-007__b.svg,5138,1194e697bfab82ba80a7f2dde53ec45c30db620413af11f9f8a24e5c1936f128,runs,,,
runs/iconic_grounding_real/glyph_svg_audit/292__Ev05-009__b.svg,5106,7e6969cbd25dca8dfce86a81cc7029ceeccd4ff5cdd85868495ae3b992b22b3b,runs,,,
runs/iconic_grounding_real/glyph_svg_audit/293__Br03-032__b.svg,5840,b78a2f64f6ba527daa4e696b7d7677e923c72e010e2295290d9755e2dcfab39a,runs,,,
runs/iconic_grounding_real/glyph_svg_audit/294__Ev02-011__b.svg,5662,03c9202e311388cd00f4ee6a17ca59203cd99d9e5a13ad72fabcd7530cd27ad8,runs,,,
runs/iconic_grounding_real/glyph_svg_audit/296__Ab07-032__b.svg,5977,9c427172b831ce7123d98fc7732aa62bf490c2eebbe995b8fcb4c0b75237288a,runs,,,
runs/iconic_grounding_real/glyph_svg_audit/296__Cb07-027__b.svg,5420,4e7d7faf9a8fad8d7419026c45fa49d2b0def236793315c3404f2565997cdbbb,runs,,,
runs/iconic_grounding_real/glyph_svg_audit/298__Aa07-076__b.svg,6964,b0bcfb34c31a75ac01d521478e618e9c0bf89c93dd4e53559247b3e105477be2,runs,,,
runs/iconic_grounding_real/glyph_svg_audit/298__Ev07-046__b.svg,6141,704d6360cf9a24ed0ba5fb9e774737f5d686a35eee25d0a8765cff520b830b48,runs,,,
runs/iconic_grounding_real/glyph_svg_audit/299__Ca09-019__b.svg,7048,8ac227f4ebe9f14e2b802b91dff5b204a93047364c5a2fad9021e600ab39ee07,runs,,,
runs/iconic_grounding_real/glyph_svg_audit/300__Aa01-081__b.svg,3821,ed22015afa1a68c9db09b6a59c49ae44074f5cd321f75e496533f4f672604734,runs,,,
runs/iconic_grounding_real/glyph_svg_audit/300__Aa06-072__b.svg,3723,e4703f6a8ea3cbccaef8e1df1fabb3be22a348750e280a960abc9b8ef382bbfe,runs,,,
runs/iconic_grounding_real/glyph_svg_audit/300__Ab01-017__b.svg,3451,375ead27e7c658fd2546c64b14d5e4f5f803fd3b2521002c6cc197c686819131,runs,,,
runs/iconic_grounding_real/glyph_svg_audit/300__Ab03-071__b.svg,4020,313661a66fc29afeb15b4bf69b01df4f1b7499da6f8e04e57c309c4d280f60b9,runs,,,
runs/iconic_grounding_real/glyph_svg_audit/300__Br02-050__b.svg,3992,869cc44f772ce3f2887cdd77105fe439a1654f72339e503b95396e7f3b3af4cb,runs,,,
runs/iconic_grounding_real/glyph_svg_audit/301__Aa01-029__b.svg,4854,966420bea9f792e594d520f1a694daac4766f20059a21416640639df29800952,runs,,,
runs/iconic_grounding_real/glyph_svg_audit/301__Aa01-090__b.svg,4700,7124dc10675739434058a5ba34321968c216116c62584ae8e437ca3f70eba128,runs,,,
runs/iconic_grounding_real/glyph_svg_audit/301__Aa03-062__b.svg,4969,9bf6c0e8870c7c215c0214d60506777945a67ace871dc935320e57050364ed72,runs,,,
runs/iconic_grounding_real/glyph_svg_audit/302__Aa02-090__b.svg,4437,d10b626fb8f64e398a1d3e9615246078cffe8f9c2373b94d01151e572d35cf0e,runs,,,
runs/iconic_grounding_real/glyph_svg_audit/302__Aa07-109__b.svg,5271,5aacadb705045d6960505bc1337f2214d51f2cc70b9123e315d8ba42f539f50f,runs,,,
runs/iconic_grounding_real/glyph_svg_audit/302__Bv01-018__b.svg,4642,28a663559460fc59e1f144218b6b1e5ce83f0523a7aa200b44a7967dc5be38a2,runs,,,
runs/iconic_grounding_real/glyph_svg_audit/303__Aa06-066__b.svg,4491,a403d59281103e66687752aef42838dcef867b3c264ab663c1e96f9b2f1fd46c,runs,,,
runs/iconic_grounding_real/glyph_svg_audit/303__Br05-003__b.svg,4512,2d1f6187b9c5751331491f0f06c986162ef675245348006181ad75fcc6f8c568,runs,,,
runs/iconic_grounding_real/glyph_svg_audit/303__Br05-005__b.svg,5791,ed4c6da13fdc380a5610a45d777a48e4916e1d3f3321b36b9720aec545b15802,runs,,,
runs/iconic_grounding_real/glyph_svg_audit/304__Bv09-040__b.svg,6723,30f082cf1e38255f8c2b786a6561f10a35aa1e4d42a3789fbd23c2a11d28a5e0,runs,,,
runs/iconic_grounding_real/glyph_svg_audit/304__Bv09-042__b.svg,6388,c96204d8c2b76cc8bb9c681b3a3fa6d5bc67f69486d82e815e0242efc7fea4df,runs,,,
runs/iconic_grounding_real/glyph_svg_audit/305__Aa05-024__b.svg,4783,554f90707b91d6920ceda15d2fba2b2e8df811c82422bd36af3b2b84b6ac5dda,runs,,,
runs/iconic_grounding_real/glyph_svg_audit/305__Aa07-074__b.svg,4789,01c050c62b34982848d4ce64fd5721dd4a752c8c3dcc93863dc1f9208ee88d0f,runs,,,
runs/iconic_grounding_real/glyph_svg_audit/305__Ab01-005__b.svg,3680,f946f77c66954485b215b14a6b1d433d2d43a9cd49267ff958ed143d7517e3f6,runs,,,
runs/iconic_grounding_real/glyph_svg_audit/306__Aa02-081__b.svg,5360,97b3fdd0e7ea3e0208f47e1697917b95ae1b9be1a43712a4f910ad1d9fc504ca,runs,,,
runs/iconic_grounding_real/glyph_svg_audit/306__Aa05-067__b.svg,5538,79dd06c21ed0127f619f9653ca62935a610fc9e0090e65e82c4476ad9b510714,runs,,,
runs/iconic_grounding_real/glyph_svg_audit/306__Ab01-093__b.svg,5160,859619bb0c634a5bc9bdf83f54d1fe35cfaee0b0004e74f14e855d931af717b7,runs,,,
runs/iconic_grounding_real/glyph_svg_audit/307__Br09-023__b.svg,4837,069e3605c12632b3f0a27b9570477dd4c17aa6830d42ea1a35091b2d43254510,runs,,,
runs/iconic_grounding_real/glyph_svg_audit/307__Bv01-002__b.svg,4413,3e57bbbba7a2f107c91c642bd7daad02c501c8db05dd56defbd55ab53e5ff650,runs,,,
runs/iconic_grounding_real/glyph_svg_audit/307__Bv03-020__b.svg,4773,7e9d699c7be5c00bfadf648fb38b472e8b4ba5c226e09b37fc004d012120979d,runs,,,
runs/iconic_grounding_real/glyph_svg_audit/311__Aa06-103__b.svg,5275,25572f3cc911d851ea6ad31bcc3de593a3ae5bca1dceb489bc647744430eb91b,runs,,,
runs/iconic_grounding_real/glyph_svg_audit/311__Bv01-006__b.svg,6467,a6e544f78f1e790162891ec0a9d7253df7a6353830beb35afb462b2e2189abbb,runs,,,
runs/iconic_grounding_real/glyph_svg_audit/311__Cb01-032__b.svg,5325,c651f0199c9e869adc8cb380bfcfddbbcd1e8ac8a9340dd63eb4bc19aed4bf94,runs,,,
runs/iconic_grounding_real/glyph_svg_audit/315__Ca06-027__b.svg,4982,bb35dfe9d0cb64f79449817e28641dfdef0f7f4fb3c099b55dcf14c2dcd26193,runs,,,
runs/iconic_grounding_real/glyph_svg_audit/316__Aa03-022__b.svg,5964,b9c965b41d9326f81a25f904e9a9fa53b0b47f087ee1126b00b5872978941e34,runs,,,
runs/iconic_grounding_real/glyph_svg_audit/316__Aa03-028__b.svg,6765,d3d3cce752670b0c9d345e81ac2d5a49be7bcd152896997dcc2af880eb1ca2ab,runs,,,
runs/iconic_grounding_real/glyph_svg_audit/316__Aa03-035__b.svg,5987,1984d655f1d539da521c46a7123618c2ff2e9fa07a14eb9a9388df25cd295d9e,runs,,,
runs/iconic_grounding_real/glyph_svg_audit/320__Aa01-003__b.svg,4621,8507d7f33159ab94bc2b817f67b209becf30a48268309802f6b9a0690fe7b415,runs,,,
runs/iconic_grounding_real/glyph_svg_audit/320__Aa01-005__b.svg,4474,c54d6105057e60aeccf89f5f8d90137d0f887b99860503df8df32d9291388e98,runs,,,
runs/iconic_grounding_real/glyph_svg_audit/320__Aa03-083__b.svg,4793,f602914c48f220e86d750b534ade34c24da2076df21951c76ba330caa204595a,runs,,,
runs/iconic_grounding_real/glyph_svg_audit/321__Aa06-020__b.svg,4791,27c07f69714417fb09ad969efca0a9110265a0a5bb9e740737c0851eb84413c9,runs,,,
runs/iconic_grounding_real/glyph_svg_audit/323__Aa06-079__b.svg,4983,f514790fc54811ed32d7964b7743ce590b656d6c44c7537d10ef61f79f7a70ae,runs,,,
runs/iconic_grounding_real/glyph_svg_audit/324__Ab07-104__b.svg,5249,9b4adbaa98c80ea5020c30e22df3f3cdc809c8ca207453ae8daf96b7ab3ac692,runs,,,
runs/iconic_grounding_real/glyph_svg_audit/324__Br06-068__b.svg,5605,fcc8bd3921295013be1d8312b79f10fc98920dc72885535d0627bd5167c50b7b,runs,,,
runs/iconic_grounding_real/glyph_svg_audit/324__Br07-016__b.svg,5908,8676b3e9ab75a4ea06021e45bc927bd9a7ef8ac131c5d83edade4203d7e62812,runs,,,
runs/iconic_grounding_real/glyph_svg_audit/325__Aa03-052__b.svg,5658,75c1f701e870f353bfe43cef9d321b3f20547be11c18bb0f163569ed830cd4e1,runs,,,
runs/iconic_grounding_real/glyph_svg_audit/325__Aa05-102__b.svg,5129,a6a277f4cb9caaaed7b80dc2ee639e90bbf4adbd3eab0a019708daa983730e41,runs,,,
runs/iconic_grounding_real/glyph_svg_audit/325__Ab01-034__b.svg,4601,45b156fb230efac021aa6e9e1930fe74c6be016cfd07d27886ceccb03817a084,runs,,,
runs/iconic_grounding_real/glyph_svg_audit/326__Aa06-058__b.svg,5791,44b06856d8a01debadd545a98af4a25418d75a3503929e90c14fbeb66c0e8b79,runs,,,
runs/iconic_grounding_real/glyph_svg_audit/326__Ab04-107__b.svg,6222,b41e55c8f5cbfb2c34ae30cb75303876a2cd2f61a36cf75657b5d255bb520b1b,runs,,,
runs/iconic_grounding_real/glyph_svg_audit/326__Ab06-010__b.svg,5360,f4d5962a377a5aac1fe34d509447a5e82c0f83fe5e8e596eb8401d8c4f5bf7f1,runs,,,
runs/iconic_grounding_real/glyph_svg_audit/330__Aa06-018__b.svg,3697,39364ebf45ff6ca0f02172ac14ee0651fa0a86101df9f5c04b661855303ed481,runs,,,
runs/iconic_grounding_real/glyph_svg_audit/330__Br03-006__b.svg,3596,112cc3ec1eb7198f7e26394437b8db1e87e4ab4d32a9614a1b2bef8f79ca9d7c,runs,,,
runs/iconic_grounding_real/glyph_svg_audit/330__Br03-008__b.svg,3787,24fcfa74a861d259c67686cbbf6243b2bb0ff3cc59c4115bc59d88d326c0b6ad,runs,,,
runs/iconic_grounding_real/glyph_svg_audit/331__Br05-030__b.svg,4227,01de391f3d074d43a577074089005b24b21d3224eb51ecbc03320197276aa215,runs,,,
runs/iconic_grounding_real/glyph_svg_audit/340__Aa06-075__b.svg,4455,f5e70f6f684cb9a7b8c668db6bb3042f0d258099253befd91ee83474555a7771,runs,,,
runs/iconic_grounding_real/glyph_svg_audit/343__Ev02-034__b.svg,5684,4c3d6fc622bc33bd0674e556a165f0b9974094f3293eef7720150c165bb9e0be,runs,,,
runs/iconic_grounding_real/glyph_svg_audit/354__Cb05-011__b.svg,5782,4d4fb0f551414affe49c27b42567897771735ec594e0c3a13aa87658f1dd6d41,runs,,,
runs/iconic_grounding_real/glyph_svg_audit/360__Aa05-020__b.svg,4281,b7542138a6d973119bead5ce6bbe8def2e76ecf0f9356ec66c1aada540ab7696,runs,,,
runs/iconic_grounding_real/glyph_svg_audit/360__Ab03-055__b.svg,4285,1cf1d8383be30c6c9dc7aa95f4020452ae48c688c03b1dac92ce919df0412a29,runs,,,
runs/iconic_grounding_real/glyph_svg_audit/360__Ab07-049__b.svg,4738,6e0b8c610589095858db4a781726ebf0703a3c9958ca1749e41444d9885f6080,runs,,,
runs/iconic_grounding_real/glyph_svg_audit/361__Ab08-035__b.svg,5556,6d3e539529b8201769660868d3f3280225b901226057f6b42092785920d1f100,runs,,,
runs/iconic_grounding_real/glyph_svg_audit/366__Aa05-033__b.svg,6677,fd201014633aefe78a4863e6b3ed67417c09acc35b3a4d561f565f6819e6e02b,runs,,,
runs/iconic_grounding_real/glyph_svg_audit/370__Ca01-039__b.svg,3606,bc49b324a49d4ebdbf64c1e00f40e78aea84ca040b656d3b69a385726163e736,runs,,,
runs/iconic_grounding_real/glyph_svg_audit/370__Ca02-014__b.svg,4424,e03ab9685140e0fb34e6da6abeff78d6c1d4b76cad8eb674f9d924c46c9f2974,runs,,,
runs/iconic_grounding_real/glyph_svg_audit/370__Cb02-031__b.svg,4233,0ace9e9d4299adde1352ce4713c714d4755829f91114831a4570851fd81f6548,runs,,,
runs/iconic_grounding_real/glyph_svg_audit/371__Db01-005__b.svg,4374,1bf5cdfb2684760291cbcebb75e17a0be1f95dcd5b72ff12fae567e3ab1c08d3,runs,,,
runs/iconic_grounding_real/glyph_svg_audit/371__Db01-006__b.svg,4679,ef8bbb12482ce523247d787b7ec42359ef1dc3668c23038ddfab074737f29774,runs,,,
runs/iconic_grounding_real/glyph_svg_audit/373__Br04-051__b.svg,5361,557a41c47d43a2f7916815f8ba9fb9e6988df588ec276b60f8845a820fb8d4bf,runs,,,
runs/iconic_grounding_real/glyph_svg_audit/374__Bv02-060__b.svg,4430,4ced515c37bfc63a5bfe0fd109d5955962a1c43bc840129f531ccbe889809888,runs,,,
runs/iconic_grounding_real/glyph_svg_audit/375__Aa06-031__b.svg,4763,ccb51f7768aeff230b386a7379abc2160e66d05e54d4bb9ed955891abf2b26ad,runs,,,
runs/iconic_grounding_real/glyph_svg_audit/375__Ca06-039__b.svg,4742,b5849c78961e01bde3705935f3f152961bbce43ff461c867b9e2841df31bd411,runs,,,
runs/iconic_grounding_real/glyph_svg_audit/376__Aa01-112__b.svg,4799,067549585cb461b7f2ebba359230ec882a116e9229aa7cbb7cc5985dfb782e46,runs,,,
runs/iconic_grounding_real/glyph_svg_audit/376__Bv10-017__b.svg,6475,8526e85807dcd63789e9bc68eb26055808589007059c7d9c6965bd20aafd7a12,runs,,,
runs/iconic_grounding_real/glyph_svg_audit/376__Ev04-038__b.svg,6698,1c942317896e8692ef82c8175f068fdfeb50999ebefe1df0199d737a600e9b28,runs,,,
runs/iconic_grounding_real/glyph_svg_audit/378__Ca07-012__b.svg,4499,2fb88901368f6d9e965ee9f13f116e2ed8d69058da4c068d9cfe66ef4fbc64f2,runs,,,
runs/iconic_grounding_real/glyph_svg_audit/378__Ca07-025__b.svg,5313,8e7d62b20f40312fbff15de166034b14262b8fe2bb509c844e45d2a969919962,runs,,,
runs/iconic_grounding_real/glyph_svg_audit/378__Ca07-039__b.svg,5120,798a8a0b6191c7caed9b129ed3b804d2e35465e8742522ac6ae80c69123a5115,runs,,,
runs/iconic_grounding_real/glyph_svg_audit/379__Aa06-043__b.svg,2994,e2c20f58126eed5d8fb1022a2b8e38eb4a7ebb51ab585c0fc3332af8de486b87,runs,,,
runs/iconic_grounding_real/glyph_svg_audit/379__Ab07-042__b.svg,4544,b2dd7153a15da7b11f32b8e038d6f9195cefebeb35e55d41dd9c2a5ca8b714f5,runs,,,
runs/iconic_grounding_real/glyph_svg_audit/379__Br10-037__b.svg,4339,739596d72db08198e47fd95c6f908f3859ae83b5e44aa10c11171734e7bcf09b,runs,,,
runs/iconic_grounding_real/glyph_svg_audit/380__Aa08-077__b.svg,3431,3637b9d98510f2713f03cd13d121905f41bbed720e5b1fa30bc9c32c67dd8bfa,runs,,,
runs/iconic_grounding_real/glyph_svg_audit/380__Bv11-022__b.svg,3566,d8d8be708ff0d53672d9730efc2efcc68cee658814b84f515cf1052748a905d7,runs,,,
runs/iconic_grounding_real/glyph_svg_audit/380__Ca03-007__b.svg,3299,244d737e0180686019ad2462978614b3ad20791b7c16879f77c82c68d5f1ec17,runs,,,
runs/iconic_grounding_real/glyph_svg_audit/380__Ca03-026__b.svg,3206,758c76afa26d493dff4387730ce4e84e9c4dcf9ed9b43f68c5c23363ccd2774a,runs,,,
runs/iconic_grounding_real/glyph_svg_audit/380__Cb03-011__b.svg,3549,557d2628a914ab5e5b49d542f52c29f300dfeaaeda4e3de42ea4e6b30f6ece3e,runs,,,
runs/iconic_grounding_real/glyph_svg_audit/381__Ab04-020__b.svg,4403,3fb5e437d063a5f4e854ff441c634021d53bcb71902fc5dbe1c2a44370bfe701,runs,,,
runs/iconic_grounding_real/glyph_svg_audit/381__Br03-040__b.svg,4513,642a37b567d4f689a9ab85659b2672eae5d1cf738fd0b35fc8f3990963ad8e23,runs,,,
runs/iconic_grounding_real/glyph_svg_audit/381__Br09-043__b.svg,4404,1affb0877b027dc8f129fc7a7c7c8ee7e7ed13438bfcd5e8680ca692e89e1696,runs,,,
runs/iconic_grounding_real/glyph_svg_audit/383__Br04-023__b.svg,4243,bdb1f0063deaea92bc478f292cd739133faa177184aa79eaa0ab773276090c79,runs,,,
runs/iconic_grounding_real/glyph_svg_audit/383__Ca12-021__b.svg,4445,42738edbd5e269a7402363b46a89c70887451fea284f31d8cf37208b2fba522b,runs,,,
runs/iconic_grounding_real/glyph_svg_audit/383__Db03-001__b.svg,3772,ea0c339059d751ae78a4dabe8c108e0c1ab80c2e7f0e0bbb65489847fdc953d5,runs,,,
runs/iconic_grounding_real/glyph_svg_audit/384__Aa01-084__b.svg,3584,a645151bf4d9318b2488163b0d8a2a68ec090bb76dfa8a0f2ea00ba8b6c145c0,runs,,,
runs/iconic_grounding_real/glyph_svg_audit/384__Aa01-086__b.svg,4448,8f8f3ce5aafa3c13c5a8b34b4eddd0fc2ce93675c86d7b0ed22a0dc3e4d3514f,runs,,,
runs/iconic_grounding_real/glyph_svg_audit/384__Br03-045__b.svg,4105,d257fd07ce2a87ac32973612f519e2cf9df9e6974239a224ef04cf9d98f555c2,runs,,,
runs/iconic_grounding_real/glyph_svg_audit/385__Aa03-081__b.svg,3875,cf30b8992701b9178aa4487bcad68c12590ab7aa71d20c1fc5d71c9ded773d4a,runs,,,
runs/iconic_grounding_real/glyph_svg_audit/385__Bv05-032__b.svg,3387,904e0ccbc41cf28a41e9f1be5ce1d0d1b53741c935b34caae2cb78ad2e56df4c,runs,,,
runs/iconic_grounding_real/glyph_svg_audit/385__Bv07-003__b.svg,3828,3e8dcc921af1f302eeb63ec576cb600529fc20f798fa3645becbd8c419309d4d,runs,,,
runs/iconic_grounding_real/glyph_svg_audit/386__Aa02-078__b.svg,4836,50b93a117f0ac361baf65015c6c8c8516922236ad3ffefb15820b88988aec4da,runs,,,
runs/iconic_grounding_real/glyph_svg_audit/386__Aa06-069__b.svg,5031,cc9883b8daf00b12bf3ff2cf0c9d17ee7862fb0f7c056b98472655cd639fb43a,runs,,,
runs/iconic_grounding_real/glyph_svg_audit/386__Aa06-113__b.svg,3831,8c0a9afa900241fa87a33ed3c09d0362c4c97e1957365ec8fcc079d72924992f,runs,,,
runs/iconic_grounding_real/glyph_svg_audit/387__Aa06-055__b.svg,4846,08c8f0d9a516d806d89dfe59a503fa86729ce7580de44109f6d25224e9cf5ef1,runs,,,
runs/iconic_grounding_real/glyph_svg_audit/387__Aa06-056__b.svg,4097,5eb837f3bb9665eb8b1c679aa3656738f617bd94bf540234cc86465065e50473,runs,,,
runs/iconic_grounding_real/glyph_svg_audit/387__Bv07-018__b.svg,3450,d3c1b5240e2dbb3fffbc2a0aec24852c7ca36b7ca7348083da1d79b26a878ef1,runs,,,
runs/iconic_grounding_real/glyph_svg_audit/390__Ab06-110__b.svg,3526,8dd7de201d764559231d74967e5b55395e1c83b04124bde5ab8b58304fc5556b,runs,,,
runs/iconic_grounding_real/glyph_svg_audit/390__Ca06-025__b.svg,3315,d0f855f9d16001048057edf34655957bad25c35aa0f64f216a2f8eab1c195f4c,runs,,,
runs/iconic_grounding_real/glyph_svg_audit/390__Ca06-037__b.svg,3499,c953343ad9dfb98ce8f771a7e277db0cf8556f1ff1b9bcda7499d2f9fff05998,runs,,,
runs/iconic_grounding_real/glyph_svg_audit/391__Cb10-018__b.svg,4322,20f6ad1f363fd6438f086a46e7e478e0ee177f0fe1cf6f34aefa61e2d34c1c7d,runs,,,
runs/iconic_grounding_real/glyph_svg_audit/391__Fa04-004__b.svg,4967,b94d66d3f659c750d29e908e75a17076d3b2a5a7579dc1213fd5a6e43ddbbabd,runs,,,
runs/iconic_grounding_real/glyph_svg_audit/392__Br08-005__b.svg,4111,d52c401bc7c94e620f46bd20e68cf19886c7f686b61369ef6740062f2aa342bd,runs,,,
runs/iconic_grounding_real/glyph_svg_audit/393__Aa02-034__b.svg,4852,b824524ee85a607153536135ce76bf96294f2b46f70f01323d559d80174ced43,runs,,,
runs/iconic_grounding_real/glyph_svg_audit/394__Aa01-075__b.svg,4437,e7034021d95a2967849ea03c033c009cb5a6786cbf5a1aa632cd8832e307f46f,runs,,,
runs/iconic_grounding_real/glyph_svg_audit/394__Br01-004__b.svg,5749,a77affb97ad2edcf9aaf016f8db748615fb7ad037879e382207fec2a4da2c09a,runs,,,
runs/iconic_grounding_real/glyph_svg_audit/394__Br01-020__b.svg,4930,8c4e3930efeb46122c9d64ad20fc8047b25dcae3a0474fdd241fb1efb4ee8ad8,runs,,,
runs/iconic_grounding_real/glyph_svg_audit/395__Bv11-012__b.svg,4228,4584eece39d5151a8ad5dec0584d26e18422a4d83a0f8cbb481b941feb41a0f0,runs,,,
runs/iconic_grounding_real/glyph_svg_audit/400__Aa03-068__b.svg,4145,09d6ef37a5f1bc05c56aa43379e3d671bb2d0c6ffa582194c0d81e2d984beef3,runs,,,
runs/iconic_grounding_real/glyph_svg_audit/400__Ab02-092__b.svg,3049,8c6d572aaad866fc051632e9f6c638931ec522f2f3c2c326914ba3e4561aabac,runs,,,
runs/iconic_grounding_real/glyph_svg_audit/400__Ab06-051__b.svg,3146,5bc8b1b36e18a2059610b185458da0192d1a3294e3edf38d4cecd932181e7d03,runs,,,
runs/iconic_grounding_real/glyph_svg_audit/400__Ab07-037__b.svg,3307,b266487a77c1e1aa478781a7fd4909fdf8d814723cdda7bb691b2f53bd3e5858,runs,,,
runs/iconic_grounding_real/glyph_svg_audit/400__Br05-012__b.svg,3806,d2667d034fefaa434eb6d74b546f9e930316931b6cef19b6e4610e15c6c3f3e2,runs,,,
runs/iconic_grounding_real/glyph_svg_audit/401__Aa01-102__b.svg,4185,74c460fd722062b7f744d0c2e74613e61de33ffd9fc47083b0facc13a5aea5e0,runs,,,
runs/iconic_grounding_real/glyph_svg_audit/401__Cb11-015__b.svg,5351,300d5bd1b1bbfd4c91a84ecc5e10fb1604520a35d4b0a96fa2c4f7e6ba6be767,runs,,,
runs/iconic_grounding_real/glyph_svg_audit/405__Ab07-089__b.svg,3758,ed6cd73738b26d3915dfd17cc67ad955d674675ce15f919714201e4caa3beca9,runs,,,
runs/iconic_grounding_real/glyph_svg_audit/405__Bv01-023__b.svg,4355,dca503eb62e71c4c0f332e6cb6938864f2d844061124cbded1ec06632bd93632,runs,,,
runs/iconic_grounding_real/glyph_svg_audit/405__Bv03-009__b.svg,3537,4775adb98a53a8cdebddf74e776cbc82cfc97526fa8dcb9ac9d71146d73ae9cf,runs,,,
runs/iconic_grounding_real/glyph_svg_audit/407__Bv09-043__b.svg,4348,d07f28710bdd8619f511695a9bfd05d58bb20cb9d2d5c23677c850e5a574cabe,runs,,,
runs/iconic_grounding_real/glyph_svg_audit/407__Er06-036__b.svg,3776,b26c8c99f8f7cd8273e707c4ea5f7408448b575b5f9370e5aa4bd1209af9b14b,runs,,,
runs/iconic_grounding_real/glyph_svg_audit/407__Er07-036__b.svg,4395,11a8b1129d153c57e24e67eb181d7abbd2c895aaccc9eae4928c77071fbc0bb8,runs,,,
runs/iconic_grounding_real/glyph_svg_audit/408__Ca05-031__b.svg,5066,1ab1914aeff63e95ec9ba66ce491339498d3dfadaa2439eadeb1509931362e58,runs,,,
runs/iconic_grounding_real/glyph_svg_audit/410__Aa06-080__b.svg,6325,a0ae40530f485e7dc1da15d2074e7a24329023bc30b56a6c4851bd377d459475,runs,,,
runs/iconic_grounding_real/glyph_svg_audit/410__Cb09-033__b.svg,7239,3029fa73ac921e0adad434933a9634c2412b2c9b7b9ead15f4efd87a23c41bc4,runs,,,
runs/iconic_grounding_real/glyph_svg_audit/415__Bv11-028__b.svg,6516,46db768df91fd4d7de327531f43ff3985c4689cb706a7d4d2dab1b53b8e26043,runs,,,
runs/iconic_grounding_real/glyph_svg_audit/415__Er04-051__b.svg,6691,535263fcb2c83b915df861a01df3e05ef60f4dae197e8ede9e71191d62df2d89,runs,,,
runs/iconic_grounding_real/glyph_svg_audit/420__Aa01-100__b.svg,2740,a7fe2b12ceebe6f0dbbfd39053238a09bc523b545025dffebc602e6d2ed83bcb,runs,,,
runs/iconic_grounding_real/glyph_svg_audit/420__Aa06-008__b.svg,3007,436e249e06c3d12c3eddb19c91861d8773c244d0598fd0bf29d88eb3584e2ae3,runs,,,
runs/iconic_grounding_real/glyph_svg_audit/420__Aa06-068__b.svg,2362,9fb918e4a1211c35cf2385598536884132d2918767b0a14a91248aeab7034d14,runs,,,
runs/iconic_grounding_real/glyph_svg_audit/421__Aa01-079__b.svg,3707,dc58ad7ffdb7cc57c89f0d594899442290a21f5bc186f67362249c739d68dc57,runs,,,
runs/iconic_grounding_real/glyph_svg_audit/430__Aa01-001__b.svg,2450,34d903c15e460056b8d75a0335df4ff3f43db69edbf34a930732a3e350a2fc8c,runs,,,
runs/iconic_grounding_real/glyph_svg_audit/430__Aa05-104__b.svg,3459,9300414d3d9c8a3efb66786afeef70dd52d3479bbb0eaa6dab25d7d77e76defb,runs,,,
runs/iconic_grounding_real/glyph_svg_audit/430__Ab03-099__b.svg,2804,79afa6fd0aa1ea40e80fadbfc06f5c512ec3e21f51e70eb84f2e27d833ce0c14,runs,,,
runs/iconic_grounding_real/glyph_svg_audit/430__Ab06-009__b.svg,3175,e64c00faccfec356e3626a43dd2bc42115c7620506a34d7f3e80c4b5fb6b0fe0,runs,,,
runs/iconic_grounding_real/glyph_svg_audit/430__Br02-012__b.svg,3396,a0cb8f98710afa7c9cc60f8020fd0a85c4ced90c5705bed47b0e597036a843f4,runs,,,
runs/iconic_grounding_real/glyph_svg_audit/431__Aa07-009__b.svg,4766,a789fbf8edd2588a8e4c9cc699b4a8fade2498dbd1f8119f87a0a835adc4b802,runs,,,
runs/iconic_grounding_real/glyph_svg_audit/431__Aa08-056__b.svg,3539,9246e008ec73397393c71f3b5fd23c8e2c677e208745086f06ce59e94cf0d88d,runs,,,
runs/iconic_grounding_real/glyph_svg_audit/431__Ab04-018__b.svg,3582,d41532110a007e4538c194385436f5c7793aac4a2155addf470bfd6190b83fd3,runs,,,
runs/iconic_grounding_real/glyph_svg_audit/432__Aa06-073__b.svg,3178,d0874f4bf4052f38b5e1cc7ab51f7cb2afa6089951978de61fae6fe704901b00,runs,,,
runs/iconic_grounding_real/glyph_svg_audit/440__Aa01-007__b.svg,2325,5ae4be60ed46cca1c6d0d5d3ee9bb8f82c7af40d4e0219d3d6df3d3075f4c832,runs,,,
runs/iconic_grounding_real/glyph_svg_audit/440__Aa01-008__b.svg,1788,2145fe57665b48bea3404a98e6628a07fab6efed8005bff36a406c85b2fa29d7,runs,,,
runs/iconic_grounding_real/glyph_svg_audit/440__Aa01-009__b.svg,2265,2b73543619c88ee110120e012d3c11b86789bf3d65d1bb5604acf865a6f552d8,runs,,,
runs/iconic_grounding_real/glyph_svg_audit/441__Ab03-040__b.svg,4289,2bbc798e788a195164e17493b2e09e8d32b699e0ddea798e73606fae7f83e224,runs,,,
runs/iconic_grounding_real/glyph_svg_audit/441__Br07-040__b.svg,4449,a5f2ca2e48cf30a6667e38419c60a1235f69d2c45771dbd4dce20146baf408b1,runs,,,
runs/iconic_grounding_real/glyph_svg_audit/442__Aa02-014__b.svg,3232,3aacef8c9748bacbc646b3f2de9de839aeae8fb27ed481cfbf5c7dcbd0f70dd7,runs,,,
runs/iconic_grounding_real/glyph_svg_audit/445__Aa01-011__b.svg,3388,80a6dc640aa443869a19017182e1ceec6ec335d9e29a5f4fae3722e590430441,runs,,,
runs/iconic_grounding_real/glyph_svg_audit/445__Aa01-082__b.svg,3126,07ecdf95c8f07e52615831e5cbe1ce4b143c9639e004966fda478aaca5de1437,runs,,,
runs/iconic_grounding_real/glyph_svg_audit/445__Ab03-026__b.svg,3012,3ad637c69c67029563744387ac57a9940dd29e10c9b43caa6829947c48b65b24,runs,,,
runs/iconic_grounding_real/glyph_svg_audit/446__Aa05-092__b.svg,4914,57ef8b55144f328adef796b984a526e42653c87ecf7e4996d4336229ae709555,runs,,,
runs/iconic_grounding_real/glyph_svg_audit/446__Bv05-030__b.svg,4069,12c3b46c466d616a9485335407da46d1e4abdd0e9c02664edeabb0c3f90885a8,runs,,,
runs/iconic_grounding_real/glyph_svg_audit/447__Ab03-083__b.svg,4146,a3a2fd78777781763c06b0f25c19b3e3038d71f8509332d37d752b64735c4c70,runs,,,
runs/iconic_grounding_real/glyph_svg_audit/448__Ab03-077__b.svg,4563,c604b68fee1ce8221758e5fed4d8c64f692c9c6a7e75e1b1a7adec351a50dc2a,runs,,,
runs/iconic_grounding_real/glyph_svg_audit/450__Aa01-061__b.svg,1901,79aabbe056a5298481b99ae1915ef6be5681a19ba608ce951b1eb375de377964,runs,,,
runs/iconic_grounding_real/glyph_svg_audit/450__Ab04-077__b.svg,2280,b77eaea84e2eb0190760d272b39c06842bd399be03a24a0fa34ebd2246d9f4eb,runs,,,
runs/iconic_grounding_real/glyph_svg_audit/450__Ab06-067__b.svg,2351,6bf37d8cad5331ae8d2644f0c26abeb648ceec1a070b958e4318e0e0265aa58c,runs,,,
runs/iconic_grounding_real/glyph_svg_audit/451__Aa01-033__b.svg,2191,996a5631fbda07855293df221e6410d1fe153a9eef1f324842916e01a3c138c1,runs,,,
runs/iconic_grounding_real/glyph_svg_audit/451__Aa05-019__b.svg,2376,6467f6cfacb1a85c9ba3822232686247c6cd9b93e6a10c653d4c1dfde8e4c8a8,runs,,,
runs/iconic_grounding_real/glyph_svg_audit/451__Ab06-072__b.svg,2424,ad2ebacd2e3bce7af4b34cf0c98db4dec07e1d307fbad6273656fce5af463916,runs,,,
runs/iconic_grounding_real/glyph_svg_audit/453__Ab07-105__b.svg,3131,1d85582829c0db6f88b9ef6e90520491ce115e6020583ceaebab95a66735958d,runs,,,
runs/iconic_grounding_real/glyph_svg_audit/459__Bv11-040__b.svg,3640,58f82a336d7f3b392c8f8edb78b16a59ca1797ba7e7cd89383ab15fde6b1833a,runs,,,
runs/iconic_grounding_real/glyph_svg_audit/459__Bv11-042__b.svg,3497,6caebe5b7e99363eb46df083d60a802d463f5a2042a6aa978f17d4eff43a9743,runs,,,
runs/iconic_grounding_real/glyph_svg_audit/459__Ev08-033__b.svg,3610,c28fea7303105b92bcdd634d8c9ef87ffb3ef6ffcc0774082e1314a563c07c81,runs,,,
runs/iconic_grounding_real/glyph_svg_audit/460__Ab04-008__b.svg,4320,2c0a0e5b365718464f1dfc8083946897e91e052bdd94ba682383a12a589c5bba,runs,,,
runs/iconic_grounding_real/glyph_svg_audit/460__Cb12-010__b.svg,5878,8e34b36ceda6b121b41c292b3fbba311bfc84a9c383297cf776ae03d79be32ae,runs,,,
runs/iconic_grounding_real/glyph_svg_audit/460__Cb14-022__b.svg,4334,3c30c0b5062c4f9181a692b20cc61198082c7e6a96e31c09eeee74db3d98939d,runs,,,
runs/iconic_grounding_real/glyph_svg_audit/461__Aa03-004__b.svg,4534,1cfbb27e4f32e0805f2858dbe011fd27b39c8bb45c2b183cba375fdc1da99051,runs,,,
runs/iconic_grounding_real/glyph_svg_audit/461__Ab08-025__b.svg,3462,2ec0c6d6443d378f3f4ca6d56b452e655a337fb26c84123c6e57d6c2017dd4bb,runs,,,
runs/iconic_grounding_real/glyph_svg_audit/461__Ab08-093__b.svg,4240,47025bd6dcf6474582d7b117869fecee48e9e207ead6e31cee6feef18bb72cc6,runs,,,
runs/iconic_grounding_real/glyph_svg_audit/462__Br08-056__b.svg,3642,3d1208ab39e1868f0145baa8e18353c12cf354cfadbd3fef88c2205ec5bda607,runs,,,
runs/iconic_grounding_real/glyph_svg_audit/463__Br04-039__b.svg,5941,72e986872c0e70daff3505629302f77bc45587d917fe06f062c7f2cb48ed9a05,runs,,,
runs/iconic_grounding_real/glyph_svg_audit/465__Bv05-001__b.svg,5528,d15de41a40b5c34bdb3cb167e3edd1e5ce3a8abea3f5d287cc6694b7f1ec77e9,runs,,,
runs/iconic_grounding_real/glyph_svg_audit/465__Cb08-003__b.svg,5328,ffa11b33a631ebe66394ef2f565a28a131fb41a4c991ef5afe3a0448bb3cb490,runs,,,
runs/iconic_grounding_real/glyph_svg_audit/469__Aa05-081__b.svg,5135,9d79aa7757321da0a38dab562b803105e9328db06db43022830eeb3d507674c8,runs,,,
runs/iconic_grounding_real/glyph_svg_audit/469__Ab07-101__b.svg,5848,1d371e1a0bef3cbe0c23e019320ccb674cf16a8f292a1e96a407da40db9a7a61,runs,,,
runs/iconic_grounding_real/glyph_svg_audit/470__Aa03-058__b.svg,3215,985e566eaaf3bcc44d17e94bb88311482af4ce255c247e765c8b71e6b451f94a,runs,,,
runs/iconic_grounding_real/glyph_svg_audit/470__Ab04-028__b.svg,3368,f5ad2554bedb3ac86e028cabc2defb1b7f1f386068e924a517118d7320a35e4a,runs,,,
runs/iconic_grounding_real/glyph_svg_audit/470__Br04-020__b.svg,3645,30cd5c4715ea75d0c528cc94c14175c6bb7eb612ac6fc9dd3ae6fa219c364689,runs,,,
runs/iconic_grounding_real/glyph_svg_audit/471__Aa05-087__b.svg,3656,7a63974c89c0d1d2e4264f8feac90cf8fc96f9c9386309fce5e42028565c6acb,runs,,,
runs/iconic_grounding_real/glyph_svg_audit/474__Bv06-012__b.svg,4448,dc51ab90d9bc8702f7e34a463980d399a3d129a680c264cd24ee4a167926bc77,runs,,,
runs/iconic_grounding_real/glyph_svg_audit/476__Aa06-039__b.svg,4116,3b33a7c8ae1616bcc87d08ed7c36028b7ae9e5a967e77b7dcdd1bbe7ef4ab957,runs,,,
runs/iconic_grounding_real/glyph_svg_audit/477__Aa05-097__b.svg,4506,07f03f0f3586df46e9e0ab6a92b5e3570b0aeb1e1d7d125bf5f7d6b16bb46784,runs,,,
runs/iconic_grounding_real/glyph_svg_audit/480__Cb10-001__b.svg,4908,96835e723d1b4fb99184125a3b5c4ad4f44452be0d0dbcab6065c642a3b56eed,runs,,,
runs/iconic_grounding_real/glyph_svg_audit/480__Cb10-005__b.svg,5670,dfa4fe6af1388a8360a931c37bacb86e584b828bb1a16cfe8954ef09850a6b88,runs,,,
runs/iconic_grounding_real/glyph_svg_audit/480__Cb14-020__b.svg,3328,190cd7d80b7ceda425b9424d68f1296ad5d17532937008823272ef69a53b287c,runs,,,
runs/iconic_grounding_real/glyph_svg_audit/481__Ca10-007__b.svg,4463,9043dbce3d6735bcebd03e884a0a5f0c116b134d4843cce097cd62911cd4a6c8,runs,,,
runs/iconic_grounding_real/glyph_svg_audit/481__Ca12-023__b.svg,5146,c10eac3d528e8936452a269d23ec32ca5b96ffdfd9cd380c55d3eeebfcf7ae12,runs,,,
runs/iconic_grounding_real/glyph_svg_audit/482__Bv06-014__b.svg,5134,31c74c12bf05d4d92b7a51a0caccd6b0835e4b2510c270b9bb46cbd6f0c330fd,runs,,,
runs/iconic_grounding_real/glyph_svg_audit/483__Cb10-003__b.svg,4660,06af19f0dc30db283766991e7d6518477f15b30c708633466d6074ab4b3c2c07,runs,,,
runs/iconic_grounding_real/glyph_svg_audit/484__Bv02-049__b.svg,5462,81747b44c62b1c23a4c345a744ac71a31b167b3b8eb7d31c1f0cfc4671f04804,runs,,,
runs/iconic_grounding_real/glyph_svg_audit/486__Ca13-012__b.svg,6222,1771b667477f8251dd1df12981a79039f400fed5bcc334b6953fd8933f9dd0f1,runs,,,
runs/iconic_grounding_real/glyph_svg_audit/487__Ab04-010__b.svg,9461,6adb66b706bf022c5c08c4027f78732b78584c31eebf78aa792022bb0add4b38,runs,,,
runs/iconic_grounding_real/glyph_svg_audit/489__Ab03-094__b.svg,5968,2e7020e7a0ff1997ae21ff3eb03e214cd69131c5c6e3a706babd589c24f0c732,runs,,,
runs/iconic_grounding_real/glyph_svg_audit/490__Bv08-008__b.svg,1434,c378ec5822200bb3ecba893987d8f683616d39639984124d0d909a58e622fcf3,runs,,,
runs/iconic_grounding_real/glyph_svg_audit/490__Ev03-035__b.svg,1821,a1f926b519c8e96f9d86f885f861b1f6b2abced42b3002f524f576a66c6efaa9,runs,,,
runs/iconic_grounding_real/glyph_svg_audit/492__Bv08-056__b.svg,6965,d840b6305bff3e8eca8c1e041d70a46aad80eb354196d89ac35341a9cae89061,runs,,,
runs/iconic_grounding_real/glyph_svg_audit/492__Bv10-005__b.svg,5120,e54d53aeaad01706e3dfa7762738aac291146e928de5111463c4c3b00d7ef226,runs,,,
runs/iconic_grounding_real/glyph_svg_audit/493__Br03-035__b.svg,4857,445bc626695f34a7e2fffab83a5ec7fb6236bd823a43cb1e6d4081708c519634,runs,,,
runs/iconic_grounding_real/glyph_svg_audit/493__Br05-053__b.svg,5524,08bc8995cf162e832bcbcc755d0879385e70d46a7e63857f999bd109fa641f58,runs,,,
runs/iconic_grounding_real/glyph_svg_audit/493__Br09-048__b.svg,4401,1857f5de1ce8c2934115d2a68917540af96024864b2368755f30d839a288a18b,runs,,,
runs/iconic_grounding_real/glyph_svg_audit/494__Aa06-092__b.svg,6006,af3a2ea16426d092c695d2830776a8a473d5372f022f36d8ed57a2bfe6dcc8e0,runs,,,
runs/iconic_grounding_real/glyph_svg_audit/498__Aa01-088__b.svg,3596,b9153153950bc7ed327cbbe23865dc326147a2a70ad390239db6d3b2b7a05157,runs,,,
runs/iconic_grounding_real/glyph_svg_audit/500__Ab02-004__b.svg,3614,c81e4ec184b4fd5361f09b5618c1eb69f03971f075068af976cf3b1e3a6bcc35,runs,,,
runs/iconic_grounding_real/glyph_svg_audit/506__Ab02-085__b.svg,5009,f02c454f1336d4f72b5b124ef84419c9023af84a58e4efcf47da6aae888b4cfa,runs,,,
runs/iconic_grounding_real/glyph_svg_audit/507__Aa04-038__b.svg,6030,d579211af2daf1d41cce6b4696ea9942755778f48a981fa0a95038b72bd2395c,runs,,,
runs/iconic_grounding_real/glyph_svg_audit/509__Ev07-019__b.svg,4860,2b95fb86209c8dc808036920b09a15c99d0594d4453f030f73075f2bb5e39e1d,runs,,,
runs/iconic_grounding_real/glyph_svg_audit/515__Ev06-036__b.svg,4755,b102656b84c9396c3e1cf0aa79412231abdd9cf75b94df5edf67075bc7ef05a8,runs,,,
runs/iconic_grounding_real/glyph_svg_audit/520__Ab04-061__b.svg,1934,d221ee21fe9528702a68b0387045675325a0876a56ec80ecfa91c85cd669c08c,runs,,,
runs/iconic_grounding_real/glyph_svg_audit/520__Bv11-025__b.svg,4731,0233d3d9567d153c64b711956d5573cd429e29a1c81c78cbebbe2d6c42081665,runs,,,
runs/iconic_grounding_real/glyph_svg_audit/520__Ca09-003__b.svg,4316,ef75a931982c08c5b5d6ccfec15fe7777f9ebc4ada91cf92ac7f604202fed830,runs,,,
runs/iconic_grounding_real/glyph_svg_audit/521__Ev01-012__b.svg,6602,9795a8ed560959a1f8f07ee0fb80dfe603244ad2bf640c957efa791b425a0d43,runs,,,
runs/iconic_grounding_real/glyph_svg_audit/522__Aa02-098__b.svg,4763,6b0160834d8ca1036bea525f8cdd46922679ebcb528305ad09ae31a556813bfa,runs,,,
runs/iconic_grounding_real/glyph_svg_audit/522__Aa08-061__b.svg,3875,9a2ae79041c48af9d79463adde590206d5488aa3eaea66eae4646976570823af,runs,,,
runs/iconic_grounding_real/glyph_svg_audit/522__Bv02-047__b.svg,4272,29443f9020f360f7df7a79bd00fe903418ea790d74ec2c9d7585d9ca930f8360,runs,,,
runs/iconic_grounding_real/glyph_svg_audit/523__Cb05-018__b.svg,4670,f874336547e847928b400676d5b3f580cc9dbe415f0ea3b2da8253abdde5fa2b,runs,,,
runs/iconic_grounding_real/glyph_svg_audit/523__Cb05-034__b.svg,4873,15250350efc771e720b95ddb1bc2255fb34d25c226048669dface33df4f7d43b,runs,,,
runs/iconic_grounding_real/glyph_svg_audit/524__Aa06-107__b.svg,5980,5624ebbdef316397b2f62ceb952279e9c7bced9b70bb71343bc339f04675f751,runs,,,
runs/iconic_grounding_real/glyph_svg_audit/524__Db05-006__b.svg,5517,4763ce752be6ffae4520fe28eb7e9b399c03c1ce357f2454c78fbc15bdc7ee69,runs,,,
runs/iconic_grounding_real/glyph_svg_audit/526__Er04-053__b.svg,5757,8c8103dd425c14052191f1b7d001256d9bc461abcaa0110d1979497bd32e495c,runs,,,
runs/iconic_grounding_real/glyph_svg_audit/527__Aa05-089__b.svg,4619,6bc0afea2db9dd69184da72c5b253792a0fda88fcfbf5110c02fa5634d0e88b9,runs,,,
runs/iconic_grounding_real/glyph_svg_audit/527__Ab07-107__b.svg,5043,e2cf63760afcf99c4c1d050df1a2549eb80ffcbc0881fd541ad13c8c07c64ee6,runs,,,
runs/iconic_grounding_real/glyph_svg_audit/530__Aa02-015__b.svg,4575,d4ba6210692e9d122472af22ceac2dc1d1209f9f28a5f2f34b1386f1d5f32b11,runs,,,
runs/iconic_grounding_real/glyph_svg_audit/530__Aa02-023__b.svg,4608,fb902e6ae75281fa7a903907148bb9e576efa43004da91def31bcdedb4bb47f3,runs,,,
runs/iconic_grounding_real/glyph_svg_audit/530__Aa02-060__b.svg,4533,c439a37986924a941732291ce6aa9e64dd215580aa300f3d7f2dded6cbb2d4b8,runs,,,
runs/iconic_grounding_real/glyph_svg_audit/535__Aa03-091__b.svg,4468,7f0c399acd1c6728ce451022158b4aaaf69d9c5430dc88e5d1254d814c3dbbc3,runs,,,
runs/iconic_grounding_real/glyph_svg_audit/535__Aa04-001__b.svg,3712,2e25d2654c7745fd80c889b851414276fd4efbdb43165b2e0400dca1391888a9,runs,,,
runs/iconic_grounding_real/glyph_svg_audit/535__Aa04-008__b.svg,4058,9faaa99c7a66a4b6acdd37fabf1ff2bcd35e9541eedbead972c2bca8d1d2dfec,runs,,,
runs/iconic_grounding_real/glyph_svg_audit/536__Da07-006__b.svg,5476,e45e03a553e21df3c0a9d58f6676ce73c5ce03511e2ed311122e848711ad421f,runs,,,
runs/iconic_grounding_real/glyph_svg_audit/538__Aa02-057__b.svg,4823,6a0626e4c5b811850b44053f992e13c6a06bf1c86b6253e539feedc1410a3576,runs,,,
runs/iconic_grounding_real/glyph_svg_audit/539__Aa01-113__b.svg,2359,755cef8dc6c6d6183be5a1265e2c9a3930971cfbf6bb7f0c1e193980b42e3c27,runs,,,
runs/iconic_grounding_real/glyph_svg_audit/539__Aa02-008__b.svg,2417,312f5f62b960036110efe14d3c9abfd06c17816bbbf348f76dd842fe051bfc45,runs,,,
runs/iconic_grounding_real/glyph_svg_audit/539__Aa02-026__b.svg,4497,ccc196362ebaf742eed4b6cfd192c7f90e646c92bc2dd06fda61df47b727f76d,runs,,,
runs/iconic_grounding_real/glyph_svg_audit/540__Br09-037__b.svg,3933,d445a3f6f36b529ff3840d32d337b58a65bc7bb7920a48c5129f07185989d394,runs,,,
runs/iconic_grounding_real/glyph_svg_audit/540__Bv03-024__b.svg,4206,77682d56f2d45e82b7a629b799c19a05bec0fc3da52f0a3806f5be807b5daf5f,runs,,,
runs/iconic_grounding_real/glyph_svg_audit/540__Bv05-046__b.svg,4210,0f8a36acb691aff0975cc67ba1adb8d21d3205c86cce9206a7c26ca5857e936a,runs,,,
runs/iconic_grounding_real/glyph_svg_audit/541__Bv02-005__b.svg,4426,b6c0907b886149f69b67f396b4f1000ce24b8474211afc9ab26f6dbdbd90ac38,runs,,,
runs/iconic_grounding_real/glyph_svg_audit/543__Bv12-010__b.svg,4379,2bb2fc19ccb479718991e613074d007af18779cdd32f1f7d20655b539901e885,runs,,,
runs/iconic_grounding_real/glyph_svg_audit/544__Ab08-021__b.svg,5871,23bcf6ed7f7e3cab9ee24b390d86d69227cbf910d99ea7632cfbabe66045765d,runs,,,
runs/iconic_grounding_real/glyph_svg_audit/545__Aa02-053__b.svg,3488,7dcb3b8d0056a39380531ea2ee8306be6b61c0966040bb9b7ce883381e76bce8,runs,,,
runs/iconic_grounding_real/glyph_svg_audit/545__Bv08-068__b.svg,4170,aeb7c0f641393e8c2dd3285b9df36c346d2df2ff1d47dfae4e0bd9948002a8b4,runs,,,
runs/iconic_grounding_real/glyph_svg_audit/545__Ca12-033__b.svg,3150,85df099a0697deae00364a0fb5e2a0abb2b9c26c253e18c90f0f6e53a7822ff8,runs,,,
runs/iconic_grounding_real/glyph_svg_audit/546__Cb09-032__b.svg,2852,5775dbdc73f55ff5165281510a9cc7316aa22a1844e02556e622a4ad050c6b3f,runs,,,
runs/iconic_grounding_real/glyph_svg_audit/550__Ca05-018__b.svg,5129,8b333ac0df3fdcc6b05ddf7dbc912ae2e3a0887d5851057fb107756d9c3dfe27,runs,,,
runs/iconic_grounding_real/glyph_svg_audit/551__Aa01-022__b.svg,3916,60603c6158f301ebf359984c2cc95db49f47d4fa16486719b8312d8ad60c3efa,runs,,,
runs/iconic_grounding_real/glyph_svg_audit/551__Aa01-027__b.svg,5205,d9b816892af558e09b1e2265002e6061f32a24f051226aef5f7f5333e9c0ee15,runs,,,
runs/iconic_grounding_real/glyph_svg_audit/552__Aa01-025__b.svg,5480,890a85fcbd1db064bd7a588d8c8ecccc80fc7234b24ec429105147532be8b6c7,runs,,,
runs/iconic_grounding_real/glyph_svg_audit/553__Aa01-045__b.svg,4925,b9d6cbf73d74473950016140d99d55683257de8b66365cdeb72e52805b5ae68c,runs,,,
runs/iconic_grounding_real/glyph_svg_audit/554__Aa01-020__b.svg,4396,e22d167d5f856008c35d57f56fe14676a91fe0ff42955c58626c93c11509177a,runs,,,
runs/iconic_grounding_real/glyph_svg_audit/556__Cb11-024__b.svg,6178,905e77bc38e2eb9867b7784c29d690605ff38576c60047a859121a4844bed00e,runs,,,
runs/iconic_grounding_real/glyph_svg_audit/557__Cb11-021__b.svg,5921,0d939e0061553bcd814aa1ba1af34cbf6d603de7b6d9832e471e88b776fcdb30,runs,,,
runs/iconic_grounding_real/glyph_svg_audit/558__Br04-009__b.svg,4024,b5e8ab22e15f92e0a18cfc615ca48a4ab11eb7ae76a9b8ad877a33d0aa93ee25,runs,,,
runs/iconic_grounding_real/glyph_svg_audit/561__Er09-040__b.svg,4155,f14004da734a70f85f9424635749e95d50b0a65c842206c1e2ceda8eaf2555d4,runs,,,
runs/iconic_grounding_real/glyph_svg_audit/562__Er03-028__b.svg,5642,902a2004fe547d8c71ec4b164301ede308a18814c53c121a65bd9636f6c08d97,runs,,,
runs/iconic_grounding_real/glyph_svg_audit/566__Ab02-088__b.svg,5596,a7fbb70e1178fe107b2dd96d04d847a3b35dbe065ffb2e6fe0aded406df70378,runs,,,
runs/iconic_grounding_real/glyph_svg_audit/566__Ev07-001__b.svg,6076,92ff8f6f542fd12532cc0083b3ddbace348a0330ca2f419bba312ee62649ff35,runs,,,
runs/iconic_grounding_real/glyph_svg_audit/567__Bv08-043__b.svg,5061,dcaeaab752dc2d0ae231b8cb21c7ee7c2bc7680c1acf7b32b4109c7c26d2e03f,runs,,,
runs/iconic_grounding_real/glyph_svg_audit/568__Aa06-015__b.svg,2697,30895a7b518b02e04751480684544482f3b87ab2be670d3382a287938d9e60f8,runs,,,
runs/iconic_grounding_real/glyph_svg_audit/568__Aa06-037__b.svg,3777,ace819a2fd15d3d1d66f49d7b71f10d4bf4261502312b2654c4f90e191fcc6e6,runs,,,
runs/iconic_grounding_real/glyph_svg_audit/569__Br03-020__b.svg,2542,6d10ea196641886799d32cd08dcae98b6b5c8319697b5d6912125dd66831b808,runs,,,
runs/iconic_grounding_real/glyph_svg_audit/569__Br03-052__b.svg,1931,151daab4868c9e4535bc083f275d57263c23adc623d30c3649fc361bd30c3d17,runs,,,
runs/iconic_grounding_real/glyph_svg_audit/569__Br06-032__b.svg,2318,1c3547c26935d58bdc1a42ecbd5ef9f80d9f5eb782e26b8acd02ba04b388cd82,runs,,,
runs/iconic_grounding_real/glyph_svg_audit/570__Br07-042__b.svg,4556,e3c1ba327e3acc4bdf0863ac8fdff193d543214059d0c7cc3d30821b2eac85a9,runs,,,
runs/iconic_grounding_real/glyph_svg_audit/570__Br07-046__b.svg,4311,d2b9f62acc34b190c25bc20971a987e4ec61193c60e54657d9490e59672aa81b,runs,,,
runs/iconic_grounding_real/glyph_svg_audit/570__Br09-005__b.svg,5106,27e3e8eab0da9a7000d8afd775e2929a296aebfb2c3613305b9c42cd2dfa652d,runs,,,
runs/iconic_grounding_real/glyph_svg_audit/571__Aa03-087__b.svg,2950,552417f29dc955b028f67a4447028978a498a0d9341f873d76d2a1aed93a9f07,runs,,,
runs/iconic_grounding_real/glyph_svg_audit/571__Cb02-018__b.svg,3171,0862791d4f294b51b15bb47959d2a1d761d6b41c668bb208800a579f2951ac5e,runs,,,
runs/iconic_grounding_real/glyph_svg_audit/574__Bv04-031__b.svg,5429,09dfb0894d9acc5a2a47dfa31439bb8e3c83bc0f0f4e6a57832cb2a6b9382811,runs,,,
runs/iconic_grounding_real/glyph_svg_audit/575__Aa04-024__b.svg,4125,b4caa8b70839a23badaa96611553000b7e050a3cd6c1359d5e0022f733433bce,runs,,,
runs/iconic_grounding_real/glyph_svg_audit/575__Aa04-026__b.svg,4670,dd8483310d7c5e6c2f452cb3c730384a00d2e71bddbe94fd4d6cb15ddc32ce1c,runs,,,
runs/iconic_grounding_real/glyph_svg_audit/575__Aa04-034__b.svg,5573,ea5a94f690fd6cee1bbfe112b12ec14fb1133116f76b6c5b88cb11a80f7b99a5,runs,,,
runs/iconic_grounding_real/glyph_svg_audit/578__Ab07-027__b.svg,5745,de08c305126cd88e507e2762204c4b15506ca3a1d292585c9c029a67240fd9d7,runs,,,
runs/iconic_grounding_real/glyph_svg_audit/579__Aa04-027__b.svg,5423,24bba24c54f8c8ccc7c26cceff80968ebe311b7c51ca4b87820415e6fd38b206,runs,,,
runs/iconic_grounding_real/glyph_svg_audit/579__Aa04-028__b.svg,5319,932cc59216af355f56749b454f42c1fb82539e47fdbe34a63a77946dd8f35e85,runs,,,
runs/iconic_grounding_real/glyph_svg_audit/580__Ab04-030__b.svg,2574,6429465bfcaba4375e81211396cc1ce2ccd4c822aab745f9999104f093b39aa3,runs,,,
runs/iconic_grounding_real/glyph_svg_audit/580__Ab04-042__b.svg,3257,05ab10d600782699cf398ae593fac56e29fc080f5b47c0e3abece8608bd79866,runs,,,
runs/iconic_grounding_real/glyph_svg_audit/580__Ev03-038__b.svg,3519,e9d79eb8ba5ccef17ea5df00c45a3f9917e691e4ec3c4e39669355ec758b4f96,runs,,,
runs/iconic_grounding_real/glyph_svg_audit/581__Bv10-016__b.svg,4802,d47f9ccbc7485704580147766c66fbef341c0dfb8b458ca8026a9d6782abd034,runs,,,
runs/iconic_grounding_real/glyph_svg_audit/581__Ev05-041__b.svg,4454,f6f2d31752adf72f79da133d85582d5d9b2b203b495d7435de3571916758d234,runs,,,
runs/iconic_grounding_real/glyph_svg_audit/582__Bv05-038__b.svg,6165,2a4bfff1d279e3443bd2101ca9accb0f8760531d5b2fd5fdf9f12df284dacd30,runs,,,
runs/iconic_grounding_real/glyph_svg_audit/583__Aa04-029__b.svg,5136,e8b51034369a6133afdcfa7e521f2f1713a3786e5a99f70f3dbb4841e9228b84,runs,,,
runs/iconic_grounding_real/glyph_svg_audit/583__Aa04-030__b.svg,5515,63284fae3754af9ee0e83a26a8d6f3e8d67dc991dbae462523353ba700266a6f,runs,,,
runs/iconic_grounding_real/glyph_svg_audit/585__Aa03-078__b.svg,3872,5ca06b208f175fce93db0a6dfbc04177257edcb0387c4003e3f6c2d566033cbc,runs,,,
runs/iconic_grounding_real/glyph_svg_audit/586__Ab03-107__b.svg,5440,5eb4b919ac83311410152c5de2f4139fb7fe301140ecbf6de16bbd0c64b38dd2,runs,,,
runs/iconic_grounding_real/glyph_svg_audit/590__Ab03-115__b.svg,5046,a2a4cdfb7d2c8f261829f813881db774a0fb2f58ecfe5c79b451ebaf6fb1ee7c,runs,,,
runs/iconic_grounding_real/glyph_svg_audit/590__Br10-016__b.svg,4593,62632a73081565fec1bffc504e5e8fa75cf58977c7177e085179bd61242cdbb9,runs,,,
runs/iconic_grounding_real/glyph_svg_audit/590__Da02-008__b.svg,6029,dbb4e50646f5d040dd664392d896e552833d0a69c89a2120289bae5906c0ee97,runs,,,
runs/iconic_grounding_real/glyph_svg_audit/591__Ev02-040__b.svg,3116,2e4531a04f22053039ff119d285702aef403417ddb8ac7aa325976d27adbcfdb,runs,,,
runs/iconic_grounding_real/glyph_svg_audit/591__Ev02-043__b.svg,3039,84e7fe1d9eb7830b1baed0f487c1b361a852cb79fe0b490191d2920e0bf1c980,runs,,,
runs/iconic_grounding_real/glyph_svg_audit/593__Aa06-042__b.svg,2519,5e2de99abf7c20dd20ac98cf029aab815afff37d97832e19e06a68b8241887a9,runs,,,
runs/iconic_grounding_real/glyph_svg_audit/593__Aa08-117__b.svg,3450,8ad0dbf38d93705077163804eb09e6670ea180e5ae8d192aedd7191fd53b6798,runs,,,
runs/iconic_grounding_real/glyph_svg_audit/594__Ca02-025__b.svg,5015,1ce93f8d6a8f4f5b56c049d46f642c8a895f297f97553c3903d5753c871bddd1,runs,,,
runs/iconic_grounding_real/glyph_svg_audit/594__Da02-020__b.svg,6047,491ee48a9137f5ca3fbcf44f793a401d14d09ad7be85c174931f928eb133e1aa,runs,,,
runs/iconic_grounding_real/glyph_svg_audit/595__Ab03-113__b.svg,5051,adf9a9c29d58fcd35596a5b0b58155d6b20c31c7799d9ad0a8389315da784773,runs,,,
runs/iconic_grounding_real/glyph_svg_audit/595__Br01-001__b.svg,3529,72f6521f13468c12268145b7e733588cf797bcf1d47a0716fac733494e30600a,runs,,,
runs/iconic_grounding_real/glyph_svg_audit/595__Br01-007__b.svg,4843,58a44f55c258fc6e2ad144c68781c3a5381b5c98d040185eb6d6c5e17be656c3,runs,,,
runs/iconic_grounding_real/glyph_svg_audit/598__Ab04-035__b.svg,3163,8b61ceb8a747b2bad9b44dfacf111d6a94392e2c1ca8ce0048a4126e7b3b3efe,runs,,,
runs/iconic_grounding_real/glyph_svg_audit/599__Aa03-053__b.svg,3165,4c227a7a8d2889c161de7cd7165bd99a77c97387d7f27985ec442e4120aa3bdf,runs,,,
runs/iconic_grounding_real/glyph_svg_audit/599__Aa04-040__b.svg,3547,082438e3cea20db8f66cf799a699a5421829d3075714ae683662b66aa035e82d,runs,,,
runs/iconic_grounding_real/glyph_svg_audit/599__Aa08-001__b.svg,3464,067812d1d2a973ef1584c50d068fc07427fb4f7b48c6cc3b4b0ca20c88cd2839,runs,,,
runs/iconic_grounding_real/glyph_svg_audit/600__Aa02-102__b.svg,3612,899b726d631f818253bdb5c744358ba2fc097a1d035e5d09fe43f21c24a08137,runs,,,
runs/iconic_grounding_real/glyph_svg_audit/600__Aa03-040__b.svg,4523,c5ea2fb25ab62943025571ad0bd519555b53f5f1b53f70de3785875bbd7b072a,runs,,,
runs/iconic_grounding_real/glyph_svg_audit/600__Aa04-114__b.svg,4036,c9c9b501e00f78315548373796f780926304bc9a0fa0448189daa5d7ab7bf6b8,runs,,,
runs/iconic_grounding_real/glyph_svg_audit/600__Aa06-062__b.svg,3660,3d8ee3d18075b06160892d29588ca1aac3d474a4a522905149544dbcead12b31,runs,,,
runs/iconic_grounding_real/glyph_svg_audit/600__Ab02-033__b.svg,4093,2e812836dcb5732c35c0f98729b2f104ae68d6c677a3e49959ddcf5c8217bec1,runs,,,
runs/iconic_grounding_real/glyph_svg_audit/603__Ab02-103__b.svg,4605,6abf11a64557786690b1fe9303497c2acd9e70d8e2916dd03983e887be8f0d8c,runs,,,
runs/iconic_grounding_real/glyph_svg_audit/605__Aa03-075__b.svg,5182,cb5e640da6a1f262ebecd0fd586bcaf3d88a8a4c4157ed837826b118bf7becd8,runs,,,
runs/iconic_grounding_real/glyph_svg_audit/605__Aa03-080__b.svg,5046,770d1e71b7dd17d2eeedc52c5956dcd777d00081cc4d2f17f905a8203007e0ad,runs,,,
runs/iconic_grounding_real/glyph_svg_audit/605__Ab02-095__b.svg,4648,0e41408997dc7393943cc5fed5a438c3eac9d9d49cc03bdafdee417fb4cdb26b,runs,,,
runs/iconic_grounding_real/glyph_svg_audit/606__Aa08-100__b.svg,5660,2c89dcb29391b7f360490ff49519c55fe9583f91b1e34209b54471c5f0d93d8e,runs,,,
runs/iconic_grounding_real/glyph_svg_audit/606__Ab07-015__b.svg,5043,b8af91c1fda4017faca2b6274a1ebde1b1cc3b6862194000a6d00f68c25ca3fc,runs,,,
runs/iconic_grounding_real/glyph_svg_audit/606__Ab07-086__b.svg,5512,99a210a579c1e7fb2fcd6a04680a2061a9054848b33ed77f544a9722a240f741,runs,,,
runs/iconic_grounding_real/glyph_svg_audit/607__Aa02-108__b.svg,5584,78eea27b1125d4bfbbfddb581ac811bd26f3b4282b1cdbf80adb91558f491865,runs,,,
runs/iconic_grounding_real/glyph_svg_audit/607__Ab01-057__b.svg,3545,b704084fa2b20f8f0595935d2448ee03f03b85a3e0ed8f1b381e94463bc65e53,runs,,,
runs/iconic_grounding_real/glyph_svg_audit/607__Ab01-103__b.svg,4266,172dfdc2f0fbe3f9c0ac99547e7aeb9b464fbeb219f189bc044cfa79ba468bf6,runs,,,
runs/iconic_grounding_real/glyph_svg_audit/608__Aa04-073__b.svg,5156,5a4eb5c53f5e2881056acd77ce284c3970ca2c83bbb9033f12221683dbdbcd37,runs,,,
runs/iconic_grounding_real/glyph_svg_audit/608__Aa05-031__b.svg,4596,c586b6d873d21055f6c4e5d9dee7e6a0312596c45e6615c4585cdb42c95dfd39,runs,,,
runs/iconic_grounding_real/glyph_svg_audit/608__Bv06-058__b.svg,5599,4a846af684d575fb5a9f5cc619b27bd0639f4ad67504363b22e7ac2d91ec2bf1,runs,,,
runs/iconic_grounding_real/glyph_svg_audit/610__Br05-015__b.svg,4452,e41ace5aef016116c5dd6255b6cc0eacd8922b71b21080c5dd4de645773d8aa1,runs,,,
runs/iconic_grounding_real/glyph_svg_audit/610__Br05-018__b.svg,4125,2b3a30e6ea87e2dcfc38dd15f0155aefa5291aa3e271db40f9a645c5b25b2035,runs,,,
runs/iconic_grounding_real/glyph_svg_audit/610__Bv06-061__b.svg,4285,4598d24e8f4ede354ce9f0d1b27212543d33ced8f8ec15d5480b53573f8b544e,runs,,,
runs/iconic_grounding_real/glyph_svg_audit/613__Aa02-107__b.svg,5689,2b9f3fa263be8efe503478d880b7df505e89c2a473a0aa50634df17fdb06cd09,runs,,,
runs/iconic_grounding_real/glyph_svg_audit/615__Ab01-075__b.svg,5841,59d8933806b202bee596ae4938f94812fd84a01ff65120fb805b57e2e2e4e2a5,runs,,,
runs/iconic_grounding_real/glyph_svg_audit/618__Br06-046__b.svg,5216,7cab0a26c12ab5f4eb7369d4cbb9c1d85e49c106430f034acd2567251350b94d,runs,,,
runs/iconic_grounding_real/glyph_svg_audit/622__Aa02-105__b.svg,5175,b4f1baf694e8053a493bec26e8981b83bff67f94875541589542fa58f018fbd6,runs,,,
runs/iconic_grounding_real/glyph_svg_audit/622__Db05-011__b.svg,6897,c04f1272984901f61fef14e224e56aa53c313eee9e88041b1cd8ea6b76aba318,runs,,,
runs/iconic_grounding_real/glyph_svg_audit/624__Br07-009__b.svg,6484,4e41f775ce651d0cb676b839e9aa09fb3a8707e4a3134d73095a2a453b40fde9,runs,,,
runs/iconic_grounding_real/glyph_svg_audit/625__Aa08-080__b.svg,5049,9bb2a05857b6d965108e30ac19125eae4515fffc99f088eace316dc7fb148964,runs,,,
runs/iconic_grounding_real/glyph_svg_audit/626__Aa02-104__b.svg,5914,0b901b774628ec62e016dbc412bfc97f00e37abfb72bef4205dbbddad7b51a4d,runs,,,
runs/iconic_grounding_real/glyph_svg_audit/626__Ab02-109__b.svg,5863,21281f6940309b63fcf64fec6dfd18468a73ddc1679be0afaabb2f99cfe079d4,runs,,,
runs/iconic_grounding_real/glyph_svg_audit/630__Aa01-092__b.svg,2974,a1e49f5c36f18f502a3e2afa4323e6ceceb128e1f91fe68bd55a52a6187f81c9,runs,,,
runs/iconic_grounding_real/glyph_svg_audit/630__Aa06-001__b.svg,3351,ebece1934322939fe1e0437c070ab0e4e817892553db1574995bc3ea6a79f398,runs,,,
runs/iconic_grounding_real/glyph_svg_audit/630__Ab03-051__b.svg,4017,1611b85b53e5fb4607c0727b695e386fe43f2a894fd844a7591e1c83e19774ed,runs,,,
runs/iconic_grounding_real/glyph_svg_audit/631__Aa03-023__b.svg,4460,6d8dc1efebe75c5cafd8261c66710264de9f2eb91a51db38b4c05c5846ac523c,runs,,,
runs/iconic_grounding_real/glyph_svg_audit/631__Aa06-028__b.svg,4456,0e98c43394dea0e90ac445415421cb2c0fc9142b3c91b6e1a4609fdaa16c6441,runs,,,
runs/iconic_grounding_real/glyph_svg_audit/631__Aa08-115__b.svg,3965,8a0e076100db66cd9fd3ec2a0c2effac54435fb29e07823c30b8e1a41556a332,runs,,,
runs/iconic_grounding_real/glyph_svg_audit/637__Ca09-007__b.svg,5241,6ee8ffacbd9121df40bb31d316d2c2cb5c434b17f69d92601110797ece0bec1c,runs,,,
runs/iconic_grounding_real/glyph_svg_audit/638__Br07-027__b.svg,4269,63f26b524b5413087b805c443d49235170f34daec50b771a948cd0f55e00aee2,runs,,,
runs/iconic_grounding_real/glyph_svg_audit/650__Br09-010__b.svg,3491,3abf5aa9bc02c1add146448f59956c3cd548c950e3ce89705c0106ae6ae51a16,runs,,,
runs/iconic_grounding_real/glyph_svg_audit/650__Ev04-030__b.svg,3550,175eeb36f68dd09dcae72e2e553e5f329403aaa4fa1d74c65c22c57d3ef12e1f,runs,,,
runs/iconic_grounding_real/glyph_svg_audit/651__Ab02-049__b.svg,7037,2f2a69bca32c7bc46407ee5f7d247b00e5f38bd966b51343e9f5759fe184a6cc,runs,,,
runs/iconic_grounding_real/glyph_svg_audit/652__Ab06-122__b.svg,4772,e4f862729939437671c643d960496aa1b398dbff6c9954be64aa6ec1942cb29a,runs,,,
runs/iconic_grounding_real/glyph_svg_audit/653__Br08-038__b.svg,5517,220e248c8ee306cfa2cc580fd35e04c14cf0b764fd75ca37f295455de5279aa8,runs,,,
runs/iconic_grounding_real/glyph_svg_audit/654__Bv02-031__b.svg,7867,1ca6defef7506736dadcec1fcc59c6e43b4b6855cf4c245a0cef665e53005a68,runs,,,
runs/iconic_grounding_real/glyph_svg_audit/655__Aa01-097__b.svg,3496,b2046be4040aaeb9ceedf852a95343bc8172dbbb6b0b76d885c9dc58425d743b,runs,,,
runs/iconic_grounding_real/glyph_svg_audit/655__Aa02-028__b.svg,3165,a0af1da6536206f495969f584f2df9685e7e0b8caeb686cf827130872e62e706,runs,,,
runs/iconic_grounding_real/glyph_svg_audit/656__Da02-006__b.svg,4206,a69189484f2c2b1c10a5634aa820f6d134860ac0b96a45e26773a5a71d3fba83,runs,,,
runs/iconic_grounding_real/glyph_svg_audit/658__Aa01-103__b.svg,3952,6f0ba687d9fa8c6efdc13f5408e6c98f6c59e6e780b3dc7e440669b58715d4e6,runs,,,
runs/iconic_grounding_real/glyph_svg_audit/660__Aa02-106__b.svg,5027,cd7facc61497bdee3029135fe83d204d39b4ef821c7ede715647029323f5588e,runs,,,
runs/iconic_grounding_real/glyph_svg_audit/660__Aa04-069__b.svg,5088,f428f721d2a6f22048a06b21afa6095862ae7698fe946e13788bd676b9ba0e55,runs,,,
runs/iconic_grounding_real/glyph_svg_audit/660__Ab01-085__b.svg,4839,195d3e5fdbf44f65c68d4c054878bf845e23f0876a981b3cbf9ff7c19d7b1824,runs,,,
runs/iconic_grounding_real/glyph_svg_audit/661__Ab07-006__b.svg,6265,e161dfe64e93c8468c9cc5d16e4e64733d88063ff9316d23ce39830c964d0a2a,runs,,,
runs/iconic_grounding_real/glyph_svg_audit/663__Bv05-018__b.svg,5166,088aee904e062ba1f9874f7bafaab6c738de3fe289b4e928ab198509c559ca10,runs,,,
runs/iconic_grounding_real/glyph_svg_audit/663__Cb13-028__b.svg,4233,0b169d73044202faf232b3fc4ade7f6013b846631f9171ede8a7a8db73838f94,runs,,,
runs/iconic_grounding_real/glyph_svg_audit/664__Aa05-069__b.svg,5018,c1ef263efc05a6043e2308ed333d5268eb2c676d47c99dc50e1687878067a8bc,runs,,,
runs/iconic_grounding_real/glyph_svg_audit/664__Cb14-007__b.svg,4897,1527e63f023f10b386b9f361cb27f08b4e8f408191f1b678eaf460e38b13fdfc,runs,,,
runs/iconic_grounding_real/glyph_svg_audit/664__Er07-047__b.svg,6093,8875ef4c140a2a6567fdbe2699765a5719e8fc814b4242c2ef71eee702ba2604,runs,,,
runs/iconic_grounding_real/glyph_svg_audit/665__Aa08-109__b.svg,3226,e1b20e5a08bb6c4d3d4e796302a4de68d066e1167296da0cc620c46a931f2b92,runs,,,
runs/iconic_grounding_real/glyph_svg_audit/665__Cb05-006__b.svg,3754,bbdbdd66df8bdc5b4f2acf1bddd496fb94890d6715cf98c03c496a914cc5f8ee,runs,,,
runs/iconic_grounding_real/glyph_svg_audit/665__Cb10-007__b.svg,4233,7123755e092864f3d357a2d281b7b419f479b74ca9b09278bff4721847e9b1be,runs,,,
runs/iconic_grounding_real/glyph_svg_audit/666__Ab02-037__b.svg,3617,14468eb9c4c4cb2e9574dba8e008ce31e1b80ea14c293166a281149e0c4f1274,runs,,,
runs/iconic_grounding_real/glyph_svg_audit/666__Ab05-082__b.svg,3408,09ec2b1d7e8c27ef2b8d3708865525a3a8ccdeae5e9076780ebaa85f7627d2b0,runs,,,
runs/iconic_grounding_real/glyph_svg_audit/666__Ab05-109__b.svg,3262,8464785a11231b78993a543d886825cb1e9fa48b8f070355aa1fb3dc4a2bb0f1,runs,,,
runs/iconic_grounding_real/glyph_svg_audit/667__Ab04-081__b.svg,4416,77163a59d0c96bec8a06f945d2aad44502f13ce1cd6a275d6ff4af38dfeb24bd,runs,,,
runs/iconic_grounding_real/glyph_svg_audit/667__Cb10-008__b.svg,5323,64b868790619f0b21cfb26bdd7e32eb59cb7dc82c9b8b9422e9777f7d1b1ce8b,runs,,,
runs/iconic_grounding_real/glyph_svg_audit/670__Aa01-106__b.svg,3624,cc4dcb6a47a255a05fee2bf2c737e05634dec525517b95fe5158847966c380c8,runs,,,
runs/iconic_grounding_real/glyph_svg_audit/670__Ab01-045__b.svg,3390,d85b890aea65cde9856136c92fb5afca8b1247c06e6bd5dcda66dfe3a520c03f,runs,,,
runs/iconic_grounding_real/glyph_svg_audit/670__Ab03-042__b.svg,3613,3aa2deb82c6be2cfb83cd2438a18f6bf4cb9e3bdde3e0b4d42775c15050cb225,runs,,,
runs/iconic_grounding_real/glyph_svg_audit/670__Ab04-002__b.svg,3837,c9ced919a5214592333f05db746f5431928d3f9ac2508bf4c18b1c3ada1aa130,runs,,,
runs/iconic_grounding_real/glyph_svg_audit/670__Bv04-058__b.svg,3727,3309e4d48219d6d33109c1543f9fd976af8f379fc04ad4bd78b4c78b10349bbe,runs,,,
runs/iconic_grounding_real/glyph_svg_audit/671__Cb08-014__b.svg,5146,a3d5451adeaad87936a9f1cd2cc932dd12d56c5fb28ffee47891b02e4e3ad08b,runs,,,
runs/iconic_grounding_real/glyph_svg_audit/672__Ab01-030__b.svg,4306,43a6e29b131f6247af6c3d715aecdc60990d7b832225d99f944bca0f79a66351,runs,,,
runs/iconic_grounding_real/glyph_svg_audit/672__Bv12-056__b.svg,3445,7469749ac984b39f8ac37efee4cc3705b4cc85477aa41773b75ed2472e7abf9f,runs,,,
runs/iconic_grounding_real/glyph_svg_audit/673__Bv06-039__b.svg,4448,b9dcfcff782e64162d28b37fb70cac9e502122d1c539f07d456de6685dfe9d97,runs,,,
runs/iconic_grounding_real/glyph_svg_audit/675__Ab05-071__b.svg,4191,6a26b3abf62adcff7716fadef971da6a6e5a9dcb55f29d5b4eec1a2f140d23a6,runs,,,
runs/iconic_grounding_real/glyph_svg_audit/675__Fa02-006__b.svg,3874,ed118671e3e5d0e05c94f46af410602429c01cbd3da23e0b85f578bc9969b4f0,runs,,,
runs/iconic_grounding_real/glyph_svg_audit/677__Fa02-004__b.svg,3077,46aba383dfbf2546a482e4e9247d24256950ef261556bc6989449d4886542a5c,runs,,,
runs/iconic_grounding_real/glyph_svg_audit/678__Aa01-093__b.svg,1987,51d38ef331f2a58c264df87d3dcaeadd2cc9dd6356589407cfc6d5f6b2da08ea,runs,,,
runs/iconic_grounding_real/glyph_svg_audit/678__Aa02-019__b.svg,2335,50b1d6ef49a0cb3ad1903dce02aee4bb9c7c18b3d09bb5378b60264e40973629,runs,,,
runs/iconic_grounding_real/glyph_svg_audit/678__Aa02-025__b.svg,2600,20d398144553421c38503972e994dc8b1024e412a0b2e588285bac48fcbbf9ee,runs,,,
runs/iconic_grounding_real/glyph_svg_audit/680__Aa03-016__b.svg,6761,bb91ffaa194fa81ea5d1a5e927fa5d86291e7f3e0e6fb265bdb566be954ae0c8,runs,,,
runs/iconic_grounding_real/glyph_svg_audit/680__Aa03-067__b.svg,6129,d02a476847579a7776e4b627c5f65c1b1bd1b5b90c499232eb055c6d4e443872,runs,,,
runs/iconic_grounding_real/glyph_svg_audit/680__Ab04-106__b.svg,6314,0d612b4d9c468b24d61b0f33d68d2cb6903c8d988c0972cd5a248dca7adb819c,runs,,,
runs/iconic_grounding_real/glyph_svg_audit/681__Ab03-015__b.svg,5729,401fcf0304100015ecf790b7bc3597986fc485502f4af9e9e1ad6b0e44da643d,runs,,,
runs/iconic_grounding_real/glyph_svg_audit/681__Ab05-025__b.svg,5470,aa8dd587a301c6c8d358289328af9502bf46b1a8baa146e33f1d4e45a36fa507,runs,,,
runs/iconic_grounding_real/glyph_svg_audit/683__Ca14-034__b.svg,5552,837d8970a7690c7cc7d2e1f0bd020e44677b5ab4c0cf22813e758757d7d037cc,runs,,,
runs/iconic_grounding_real/glyph_svg_audit/684__Ev05-046__b.svg,5105,f8ec301ffb320ef04eaec4fefa71017fcd370d620b40abf98d510aed96b0dcb3,runs,,,
runs/iconic_grounding_real/glyph_svg_audit/685__Fa01-002__b.svg,4975,2f9e36fe2dc961026055ad012ab2ded4d96e4213a959f24aa6f886efcd8ebf9f,runs,,,
runs/iconic_grounding_real/glyph_svg_audit/685__Fa04-006__b.svg,4660,f22f71745eb16eb37b9a4ed0cd43e495bef9bfca0fcb3dff7fc6cc1d860bf29b,runs,,,
runs/iconic_grounding_real/glyph_svg_audit/685__Fa04-008__b.svg,4901,08c9e55b3f7457032db299e82d8aa0b220b484ecab901c5535da6fcbda0ebb58,runs,,,
runs/iconic_grounding_real/glyph_svg_audit/694__Ev01-020__b.svg,5453,3c7ec734fd39ca070b3b60acdddd2c49d46ef8cb327e0390d4f3a4250586ce6e,runs,,,
runs/iconic_grounding_real/glyph_svg_audit/695__Aa01-012__b.svg,3286,af07b9a1b4834b11eccb5e629707a267a3f9bdc3b940f5bf88881fe37d6ed86c,runs,,,
runs/iconic_grounding_real/glyph_svg_audit/697__Ab04-059__b.svg,6474,b4374066293e8284c2e9cde47618ae39e2f54db1a2e1ce18c536c0a8624b7a3f,runs,,,
runs/iconic_grounding_real/glyph_svg_audit/697__Br04-005__b.svg,3948,5834d39e8207dfa7da7f2e9b72c945b5a8bacc2c82382dc95d35157cabb656e1,runs,,,
runs/iconic_grounding_real/glyph_svg_audit/697__Er07-035__b.svg,5475,7f8089a8c1561fa9679e3caae92aa8133e0bde01682a6c0cae05458cf14eb972,runs,,,
runs/iconic_grounding_real/glyph_svg_audit/700__Aa03-019__b.svg,2280,1073350774e0f8dcf029932fcf8e947c3c96d2a23c328a04d8e34f29ae6bed81,runs,,,
runs/iconic_grounding_real/glyph_svg_audit/700__Ab01-053__b.svg,2295,bed9336713e4ab357f8a2d7c4b767fdee9cc4315de0293cf0939c4342e39e11b,runs,,,
runs/iconic_grounding_real/glyph_svg_audit/700__Ab02-097__b.svg,2105,c54c10c9c1eb362da5a2e8fe215e4cbfce65401f9b8f901296960c4cdd3d3c4c,runs,,,
runs/iconic_grounding_real/glyph_svg_audit/700__Ab05-070__b.svg,2171,5a9cd776e5395c3ee9731902ba1139ad0d50d080eef2927a92fa04353f45d0f3,runs,,,
runs/iconic_grounding_real/glyph_svg_audit/700__Br09-013__b.svg,2029,7c27ff7871afde0468755acfbda357d44cc3b3bf4665ac1a2cb25e3209a3236b,runs,,,
runs/iconic_grounding_real/glyph_svg_audit/701__Aa02-020__b.svg,2425,70b4f224adddadd5250af1585d2419d17a4ca310320d34af34d31c6766037623,runs,,,
runs/iconic_grounding_real/glyph_svg_audit/710__Aa07-035__b.svg,1675,a1ccf7c2f5a9b66815e69cf8b0e49dca7e7ca2db0dc45c58b3002345b094e1d1,runs,,,
runs/iconic_grounding_real/glyph_svg_audit/710__Aa08-025__b.svg,1694,e00c0212bd33d05df1c7f2ed4b8c5217c606125ff59446cd36f42932ac517cd9,runs,,,
runs/iconic_grounding_real/glyph_svg_audit/711__Aa01-107__b.svg,1940,0eae49211d893439ae1924afdc48851a4874075a4239f7f5909cf9e0e4aa6414,runs,,,
runs/iconic_grounding_real/glyph_svg_audit/711__Aa07-085__b.svg,2152,5bce081a757bd3a3c26ed317ea5db5e7b7662bdebe161b9ba78f35ccbcbe870c,runs,,,
runs/iconic_grounding_real/glyph_svg_audit/711__Ab01-094__b.svg,1581,9d1ebb159cfb2bbce686f98acd02c99d26e266eb38259a300376472244e14ab9,runs,,,
runs/iconic_grounding_real/glyph_svg_audit/716__Aa05-034__b.svg,5971,68cba61313ed0029db1035d5603944537494e9b115a9232ec3964cc6934304d1,runs,,,
runs/iconic_grounding_real/glyph_svg_audit/717__Ab08-033__b.svg,2954,7bb138cc3d2ab259d2b993a8e1805b27ffe18c2a940adc84b026e685a0b0953d,runs,,,
runs/iconic_grounding_real/glyph_svg_audit/718__Ab07-063__b.svg,4482,db9d83210d849d59638983d61d50a6690056969f0126c9061430b20688074606,runs,,,
runs/iconic_grounding_real/glyph_svg_audit/719__Ab03-028__b.svg,3506,6183813bc2ccd3c61fac64bb49dfbdd4e3f60e78ce40ffcb9b88fd7e859c2a36,runs,,,
runs/iconic_grounding_real/glyph_svg_audit/719__Ab05-040__b.svg,4193,ecb5a17cfa17ce1c9c35afec08ab0779f462972936b18f456c43428619f69208,runs,,,
runs/iconic_grounding_real/glyph_svg_audit/720__Aa06-096__b.svg,2968,d19983df1a056fa478a411e5a43d221d0c7c49de1cca3ed385be60892993ea25,runs,,,
runs/iconic_grounding_real/glyph_svg_audit/721__Er04-050__b.svg,4221,085f2112c36909fb5eb7b5402d7faeed03053f39bce88ace4ca14e49c9ae3c95,runs,,,
runs/iconic_grounding_real/glyph_svg_audit/721__Fa02-007__b.svg,4483,74f0dfd734c094e67834c280957dfd564015bf0012ab6dd27cc49b79fc4a4f46,runs,,,
runs/iconic_grounding_real/glyph_svg_audit/722__Br07-031__b.svg,2694,f5e6492dff8f476990d3fda803f5cb983946ed7c5303748cddd3c7300709aeb3,runs,,,
runs/iconic_grounding_real/glyph_svg_audit/722__Er01-030__b.svg,3371,94ac8fdb597257a892b220f93e893e0f00a462d4742968434820f5010b9c0e86,runs,,,
runs/iconic_grounding_real/glyph_svg_audit/725__Cb14-008__b.svg,5177,9f45add243971d63e869e3c4389755040905dd9faba726ef0ee08739f982311e,runs,,,
runs/iconic_grounding_real/glyph_svg_audit/727__Bv10-012__b.svg,3348,3424eef92fe71efd6bb14b99066d41430b0d2028309b997eed2c480ac8b7478e,runs,,,
runs/iconic_grounding_real/glyph_svg_audit/730__Aa08-018__b.svg,3260,bc5d264c42b02ce46db75031ca68c435cb595e4712ad7cf1171a0b6258f50e34,runs,,,
runs/iconic_grounding_real/glyph_svg_audit/730__Br05-022__b.svg,3588,0b5bd0dd458ba7d91fec8bb76fb4214c297347c236eafdd1502516607b16f622,runs,,,
runs/iconic_grounding_real/glyph_svg_audit/730__Bv03-032__b.svg,3130,1e43dc8b0fa7b5dc4f2744ab208e959118f0d876800b64bb1342033714037268,runs,,,
runs/iconic_grounding_real/glyph_svg_audit/732__Ab02-075__b.svg,4081,f740769205074e5ce24848fe9d1321647316e2588525321c76bf8a4a31cd0075,runs,,,
runs/iconic_grounding_real/glyph_svg_audit/733__Bv10-013__b.svg,4010,77c0996f7e8bcbc6ef6db9444cf3de71d792cc373450596bd933a2309f8bdc77,runs,,,
runs/iconic_grounding_real/glyph_svg_audit/734__Aa01-114__b.svg,6073,43f9839dd09b50fda05aa8e14612b6f816e282dc6e5675026372cd966987aede,runs,,,
runs/iconic_grounding_real/glyph_svg_audit/734__Aa08-054__b.svg,4241,fec61363da6eb6aa62f88728f693891898227c21ef06f6c0fab51674552d0719,runs,,,
runs/iconic_grounding_real/glyph_svg_audit/734__Ab02-090__b.svg,2782,f1ca4f28e26125827ba470fa618c49560034cd6d983b569be060ef32ef6a130d,runs,,,
runs/iconic_grounding_real/glyph_svg_audit/735__Aa07-047__b.svg,2094,2e1f19c35d2639671cf241dd46e3d24299aa9fb3cc72e4921aa8582893f42685,runs,,,
runs/iconic_grounding_real/glyph_svg_audit/735__Bv11-027__b.svg,3943,550bbadcacf6c62e5b527ec97364c6e1936e3f7a4e861f8bbd1b925561b07588,runs,,,
runs/iconic_grounding_real/glyph_svg_audit/736__Ab03-069__b.svg,4799,280f46b788b2f1dde195f7518ee000b1a6282c4a0bf0d992bee46e30635adc38,runs,,,
runs/iconic_grounding_real/glyph_svg_audit/736__Ab03-079__b.svg,4234,ca7828b067faf4897231b722913d6cf4432bab785f885637faa8ac5ecbaa5797,runs,,,
runs/iconic_grounding_real/glyph_svg_audit/736__Ab04-109__b.svg,5961,fe3b8bde98d3f662375b243819d57aa47e86c82074f0753009281d6a9b6e9a2d,runs,,,
runs/iconic_grounding_real/glyph_svg_audit/737__Aa04-039__b.svg,3805,ae15fc062c2163ca37b5a31c4058f689af1b217149b18386809969f7ed954615,runs,,,
runs/iconic_grounding_real/glyph_svg_audit/738__Br08-024__b.svg,4911,627e8dfb008c0336be1a778998faec35dd3ab03286edf5f2ad39b01cf9362cb5,runs,,,
runs/iconic_grounding_real/glyph_svg_audit/739__Aa01-080__b.svg,2692,762e64577abf94ebe8c1c702909107e426b6ffaf51d356f7ff9a99240d8085c2,runs,,,
runs/iconic_grounding_real/glyph_svg_audit/739__Ab03-063__b.svg,2788,b6f1080d989cf64a180c31fa2754a1677cedd719bdb560101538cf6c1e22b4d5,runs,,,
runs/iconic_grounding_real/glyph_svg_audit/739__Ab05-087__b.svg,2230,ce337d6e9259ddc44d0c1f5d5fa6412f938f0c6ff61e06fd4c9080c67c0ba8ee,runs,,,
runs/iconic_grounding_real/glyph_svg_audit/740__Ab03-075__b.svg,4030,da2704cd038b20780afa1a0a5f4ca7d29e72457f44fa129183cdff7db7187ee7,runs,,,
runs/iconic_grounding_real/glyph_svg_audit/741__Aa01-109__b.svg,4438,8cf1ee09f56858a54eb1d869f3ac5359490092ad23a62ea0ab668988b5e9612b,runs,,,
runs/iconic_grounding_real/glyph_svg_audit/741__Ab01-064__b.svg,4426,6e30d5beeee8d6be60d5bd29e59d87157902d26176845302af18177a4d87939e,runs,,,
runs/iconic_grounding_real/glyph_svg_audit/741__Ab01-098__b.svg,4605,03ef2e427ac5ca9f12544fb7552b27f0a95895752fdd4020adacd819648de2db,runs,,,
runs/iconic_grounding_real/glyph_svg_audit/742__Ab01-079__b.svg,3848,e359dc9b0805b484d11f16e8af08be15aecd786239054957e2bb4bb2180cda7d,runs,,,
runs/iconic_grounding_real/glyph_svg_audit/742__Ab06-023__b.svg,4808,b6e0eef7e5affddb978581430850fb1caf24fbbb5fdc59e77aba3a4b991242b2,runs,,,
runs/iconic_grounding_real/glyph_svg_audit/742__Ab06-026__b.svg,3958,33b196fed52b31e2b6d8273245989c2c0ca45b3167aee36f4319d4e323fac5b0,runs,,,
runs/iconic_grounding_real/glyph_svg_audit/743__Ab06-030__b.svg,5218,5528a88131dbe120e7e26558dc8455f6ebf1847300aa14a60b825878b2ed37ba,runs,,,
runs/iconic_grounding_real/glyph_svg_audit/745__Aa04-036__b.svg,3405,820a9566328a0352a863f98fe10f0503e21216b4209ee57c26a3796e0a3b6752,runs,,,
runs/iconic_grounding_real/glyph_svg_audit/745__Aa05-003__b.svg,3851,d6f47a2ae09cbd4ee6c66c566d32c8c3b7260fb0b825783766cdb3a90e3b210e,runs,,,
runs/iconic_grounding_real/glyph_svg_audit/745__Aa05-056__b.svg,3999,0f21c9adbfc471303354a8c0dbc049ea43dee84e5b922ff972808cf1fe7edca3,runs,,,
runs/iconic_grounding_real/glyph_svg_audit/746__Aa08-122__b.svg,3809,d0079617da7951cb03d657cfefd7d14e0a89adf63bcb4742281546d8e081a9bd,runs,,,
runs/iconic_grounding_real/glyph_svg_audit/746__Ab01-047__b.svg,4904,0f24090e22e8d343e6c3b75ec0e3a32b3a2443322bb165f08e09dec6649c3617,runs,,,
runs/iconic_grounding_real/glyph_svg_audit/746__Ab05-090__b.svg,4119,52f94e140acadd60786c02872fd460f649c0b321b357f51f6eb9167757bf0b28,runs,,,
runs/iconic_grounding_real/glyph_svg_audit/747__Br08-030__b.svg,3704,c65569551c160600f177322f2b26ba81d55d0dba668845da3681d82b9b1be822,runs,,,
runs/iconic_grounding_real/glyph_svg_audit/747__Br08-034__b.svg,2795,14c3dc04d9f92edc918f803e7e8d7038bd64a8cada65cba1094886ee79f66daa,runs,,,
runs/iconic_grounding_real/glyph_svg_audit/747__Br08-037__b.svg,3289,34df57a04aadd125c13e6a90a64072fa7d800169519ddd6b050650368b99359c,runs,,,
runs/iconic_grounding_real/glyph_svg_audit/748__Aa06-041__b.svg,5959,2202a67f099dd27adf241206fa139550466186ad13e94816e5502b09f2d150ea,runs,,,
runs/iconic_grounding_real/glyph_svg_audit/748__Aa08-057__b.svg,6275,739e091d7d4d9f7123d4d6efc6980dc8122d1b336e9a11428404a4fecf6371bd,runs,,,
runs/iconic_grounding_real/glyph_svg_audit/749__Br03-029__b.svg,5499,711083a1265b9835df7dba36f2684bf9f5c79e25c3c60a7ad41c0ba28236fe25,runs,,,
runs/iconic_grounding_real/glyph_svg_audit/752__Ab03-052__b.svg,3752,0b524356c6c52417189be5a1da8c4a0bdb35c6304ddf482e931879c6330291c6,runs,,,
runs/iconic_grounding_real/glyph_svg_audit/752__Ab03-054__b.svg,3855,a0a36471bf25ab326a3a721930772ba75c9f9a43541d2e0079f6f1016ff6b8d6,runs,,,
runs/iconic_grounding_real/glyph_svg_audit/752__Ab03-093__b.svg,3666,8e0302ffe0c720b9c5d10544220bd8ec3dedd0d0ac2b61c30022a637573d899f,runs,,,
runs/iconic_grounding_real/glyph_svg_audit/755__Aa03-072__b.svg,2772,1bc2163de64e7045ec7a466fe312993da6e70f2de712c41245bb71c6ba2250fb,runs,,,
runs/iconic_grounding_real/glyph_svg_audit/755__Ab01-096__b.svg,3031,f3630e92ee00aca896942ef0690e103c17080aee517a44e1c0297a0552599a7f,runs,,,
runs/iconic_grounding_real/glyph_svg_audit/755__Ab08-090__b.svg,3149,a92c08ab5cab4ca567ebbe37deab77d42d2d9ea9a61bb1f5e5f8907fd14b7836,runs,,,
runs/iconic_grounding_real/glyph_svg_audit/756__Ab04-012__b.svg,3903,3098e93c82ff23004fcd9d9f764d24879f4f95c3553e9070d473c3a08cec1ccd,runs,,,
runs/iconic_grounding_real/glyph_svg_audit/760__Br08-023__b.svg,3944,c0a8f261a757f03bc8a7015577fd0987acb2e3fada3614a8012d7d074f7aefe9,runs,,,
runs/iconic_grounding_real/glyph_svg_audit/760__Ca04-016__b.svg,5460,621b48fd1d09701928b53b00e31f68fd2fde471170e94174a419c2d72e447dcb,runs,,,
runs/iconic_grounding_real/glyph_svg_audit/760__Ca10-022__b.svg,7063,be076ffc32472b7eb4eb70fbb9ff94559177ce96076228cf6fa279ab67d1335b,runs,,,
runs/iconic_grounding_real/glyph_svg_audit/761__Cb11-020__b.svg,5963,354e0d9e76a3817cf42248fbcefc1cc1ccb79aadef264fa6b0561558f6ee0455,runs,,,
runs/iconic_grounding_real/glyph_svg_audit/762__Cb11-019__b.svg,8025,dad2e7131c315b5ee120ccdc924479ec66b441769735152b1c388368da800bc3,runs,,,
runs/iconic_grounding_real/glyph_svg_audit/763__Ca11-034__b.svg,7658,99ae2a0631ed90bc905339222d974260cd575de1b089d7989db3451c8d88bb6e,runs,,,
runs/iconic_grounding_real/glyph_svg_audit/770__Aa06-011__b.svg,7300,fe903223d383701bc4b3c792c58c985453ab1d4f8ddebe7b65703cfdf7d66ace,runs,,,
runs/iconic_grounding_real/glyph_svg_audit/770__Ab08-109__b.svg,4835,f3c6b6b43a2f5ec2217a2dc563a824924da0825eb79023a123907d04ddb95dd5,runs,,,
runs/iconic_grounding_real/glyph_svg_audit/770__Br07-001__b.svg,5943,7494c465fac9624b8a7c5057acc4dd094afe989e6139e80148d83764a840d8ea,runs,,,
runs/iconic_grounding_real/glyph_svg_audit/771__Ab05-100__b.svg,3935,c530185dc4df9286a3e6356725767499738fff2c05d5940720149202f1060289,runs,,,
runs/iconic_grounding_real/glyph_svg_audit/771__Br04-016__b.svg,5276,608eb888c39b57e657c6c22a318aa54d5a09f82ea504d16f8fa0d3cb8ff74d3b,runs,,,
runs/iconic_grounding_real/glyph_svg_audit/772__Ab03-123__b.svg,4868,486cfef1f789617f9048adc329913206d6b24b3f66d10ff032a7c6ad5b75c5fe,runs,,,
runs/iconic_grounding_real/glyph_svg_audit/772__Ab07-067__b.svg,4587,9193511a66da9115d3c29814d1121e0d630bda3ec5482cd21491b89430819c2d,runs,,,
runs/iconic_grounding_real/glyph_svg_audit/773__Ab08-041__b.svg,2220,964ffd05224ba4484b33eb6377318ead0d006d6ad85ef7146be7099ae1bf45fd,runs,,,
runs/iconic_grounding_real/glyph_svg_audit/773__Br05-039__b.svg,4260,54140cde6986a92638a7c00795ae97c69bca5e381a85f58c35e6862e921a9aeb,runs,,,
runs/iconic_grounding_real/glyph_svg_audit/773__Ca06-021__b.svg,2962,369b491b7c4d44a7645347491eb0875e6209299ac0117ae044a5fbe8e7d90295,runs,,,
runs/iconic_grounding_real/glyph_svg_audit/774__Aa08-088__b.svg,3836,7bf51a5947ac154f93adf22eea1453d6cee664d90934d0d83a723eebca760409,runs,,,
runs/iconic_grounding_real/glyph_svg_audit/774__Aa08-090__b.svg,4028,25ab867ddda254e84f90da0de37d7ab303d00e9bbd4928f771661a69a1aa8ee3,runs,,,
runs/iconic_grounding_real/glyph_svg_audit/774__Aa08-092__b.svg,5912,752bf7991c8c421660766a7a1c27b27789410f836cb81e328a4795b9abaff683,runs,,,
runs/iconic_grounding_real/glyph_svg_audit/775__Br07-041__b.svg,4111,908075944d28617a1acc81a2d5575a4c6b773e749ec382a78072373618609d63,runs,,,
runs/iconic_grounding_real/glyph_svg_audit/777__Ca04-028__b.svg,3756,f1160a5f7004b049181127f358101a468c3089783234f516bcb8aa8fffcdb4bd,runs,,,
runs/iconic_grounding_real/glyph_svg_audit/777__Ca04-029__b.svg,4362,c5cb20f6d5c6370ab3861cede48099b8298b58ded11204a8a6029ddcd57f62d7,runs,,,
runs/iconic_grounding_real/glyph_svg_audit/780__Br06-013__b.svg,5076,4cdecacd78a6b3fc6c76a10a3458ba37be451ec78fe01e3ffbd65276fbf7c3cc,runs,,,
runs/iconic_grounding_real/glyph_svg_audit/___Ab02-089__b.svg,1614,dd02ba70558ac1d101e314eedcada8cbcdd943124dedf4fd4f527f99024b279b,runs,,,
runs/iconic_grounding_real/glyph_svg_audit/___Bv12-001__b.svg,1709,8f9025ed34901d82b5f40f58be25487743433e5fa23b0cf8d650ceb0c22d211b,runs,,,
runs/iconic_grounding_real/glyph_svg_audit/___Ca07-011__b.svg,1154,6f1d8bcb1ee2e8b8fe8e28e8f24a37980d1af2422e96bebbeb8dc88ea0a473bb,runs,,,
runs/iconic_grounding_real/glyph_svg_audit/___Ca13-032__b.svg,1249,98723e7421c63c624f567e27a448f26da81894e38257cca719fe8ac272c96fc6,runs,,,
runs/iconic_grounding_real/glyph_svg_audit/___Da01-001__b.svg,2890,8bc6d01aa269e5af0eb9803e40fb66969abdbe87a98863846734e3a589f4292e,runs,,,
runs/iconic_grounding_real/rapa_nui_referent_embeddings.npz,21282,9ad8fb02a619a45ade4c249759a397df4d9230db580df2186980d31e52460562,runs,,,
runs/iconic_grounding_real/rapa_nui_referent_metadata.csv,2197,9bc2afa19f7615b6a1ef2d77bcec743bc49d3c7faff98a0e6cc8855663ad13a1,runs,,,
runs/iconic_grounding_real/real_iconic_candidates.csv,478263,eb62e96cd9139769492aa6f09c529d852660e31543fe35f3d6203c9ea1422df3,runs,,,
runs/iconic_grounding_real/real_iconic_report.md,2016,8c912fb0554c2559614b0665899b6288a2e8d1738c140688f21010940310f091,runs,,,
runs/iconic_grounding_real/real_iconic_summary.json,883,ad31cb6df21008b2bfa3a6b4e53e1827a3b0d2fea1d12f13faae070dc6127bfa,runs,,,
runs/iconic_grounding_real/rongorongo_real_glyph_embeddings.npz,579694,fde73a7bba120f7f0008a7f181db3ca47dc5ad6ec17506f90ea8de425426a429,runs,,,
runs/iconic_grounding_real/rongorongo_real_glyph_metadata.csv,31463,6aa4e77687fe9aacc559c8721457bb2f7443a783c815d4a8d200c74a95ecb2aa,runs,,,
runs/phd_audit/figures/fig1_spectral_comparison.png,165734,2c34f80614883987a7a9d7cb1c4884f33d093833c44bb40d0c8e51fb4c46abe6,runs,,,
runs/phd_audit/figures/fig2_neg_ctrl_gaps.png,49651,59aa97cd3a22641b51100c01e77f63472bc5923ef284d6c33ad78857f67f531f,runs,,,
runs/phd_audit/figures/fig3_claim_levels.png,57120,c41b81c5d0f30b1da114a9cef11035f5b4a76133f7fbdce942909161279ee72b,runs,,,
runs/phd_audit/figures/fig4_pmi_sensitivity.png,65242,f5a4bef008c05bd368c0e865625d6bccd80f8626a88a21f8f0aa1f355d1f05b9,runs,,,
runs/phd_audit/figures/fig5_overclaim_risk.png,105685,a7ab5361155165b9b7a1fde28a096517459c3024668ad6fc8c362f2321b29d63,runs,,,
runs/phd_audit/phd_audit_results.json,29349,967b4fa55835d1bd5b4ced51e53ed555c956a438820d4e65fa431950679bc543,runs,,,
runs/phd_audit/phd_audit_summary.txt,7360,882ffabd29546dfaf45092ff7c2920e5fb29a0b4dbfd450982190aea41f30e95,runs,,,
runs/phd_audit_v2/figures/fig10_experiment_summary.png,144348,6359721e9bfbcdcedcc3245e2d3ee7bb27b782a52855c281078ae3ed8f72429d,runs,,,
runs/phd_audit_v2/figures/fig1_coverage_vs_window.png,45513,b54a5d3a43ed89509cf422bea16113248e300ded237b522183711fc91973f059,runs,,,
runs/phd_audit_v2/figures/fig2_spectral_comparison_all.png,121631,ea1bb7bcd1675a48b29da3e082250af2715185dae63edbec1bc49e485c42f6cb,runs,,,
runs/phd_audit_v2/figures/fig3_neg_ctrl_multi.png,45217,4a497d2fc2e917e1ada411d4c27c5053f9b578c56d870e89d210a0f1018e9385,runs,,,
runs/phd_audit_v2/figures/fig4_sppmi_sensitivity.png,90800,a16c4862af955fd06e598bc6b5f8df154c6edf8e34bb9f2c7fb2e4411e38406d,runs,,,
runs/phd_audit_v2/figures/fig5_claim_levels.png,56782,b8f4f90b227d286e4d336499647dfdade0d3f14977493a55c6079ad5a122972d,runs,,,
runs/phd_audit_v2/figures/fig6_overclaim_risk.png,103362,ce53290c7477ec8f0685488afcbd310aa47a557dccf24975a74ac587a33ddac5,runs,,,
runs/phd_audit_v2/figures/fig7_epc_vs_coverage.png,67218,ac3881c6932cdc5579f2a58b4f033019c861c7f45c2a16e6a579dcbda12e74c4,runs,,,
runs/phd_audit_v2/figures/fig8_ot_sensitivity.png,30363,38588b72b2a1294db27141faa084f4bb88fd0de5fa10a9e6bdc2288251b9839b,runs,,,
runs/phd_audit_v2/figures/fig9_anchor_stability.png,121910,b777c5f2387b4a6576fbfe371a630ef7eb3b452dd1fe982429db6a78ef1c0a5f,runs,,,
runs/phd_audit_v2/phd_audit_v2_results.json,40379,6ee78450f41449453455f28f758bf08d174be6cc172e9f24756bc8883efbb3cc,runs,,,
runs/phd_audit_v2/phd_audit_v2_summary.txt,7111,d0c40c5f3594c9c1c010ed3847d61dbc512802676213036b188d953d53c4e0d6,runs,,,
