glyph_code,glyph_instances_total,glyph_instances_used,glyph_dispersion,referent_id,rank,iconicity,geodesic_distance,deiconization_rate,referent_images,referent_dispersion,anchor_power_global,bootstrap_assignment_stability,negative_control_gap,cross_script_acc_at_5,c25_admissible,max_claim_label,failed_criteria
001,309,8,0.46367930657532197,toki,1,0.6205865357598551,0.9013058440804574,0.3794134642401449,1,0.0,0.9703657150609888,0.819515306122449,143.27970361830896,0.2857142857142857,False,C2_FUNCTIONAL_OR_LOWER,cross_script_validation
001,309,8,0.46367930657532197,moray_eel,2,0.5933866225708847,0.9355365633088871,0.4066133774291153,1,0.0,0.9703657150609888,0.819515306122449,143.27970361830896,0.2857142857142857,False,C2_FUNCTIONAL_OR_LOWER,iconicity|cross_script_validation
001,309,8,0.46367930657532197,octopus,3,0.5857508127660048,0.9449902112204102,0.4142491872339952,1,0.0,0.9703657150609888,0.819515306122449,143.27970361830896,0.2857142857142857,False,C2_FUNCTIONAL_OR_LOWER,iconicity|cross_script_validation
001,309,8,0.46367930657532197,moai,4,0.5843099026435852,0.9467668947776813,0.4156900973564148,2,0.0,0.9703657150609888,0.819515306122449,143.27970361830896,0.2857142857142857,False,C2_FUNCTIONAL_OR_LOWER,iconicity|cross_script_validation
001,309,8,0.46367930657532197,sun,5,0.5835789710863818,0.9476672857082115,0.4164210289136182,1,0.0,0.9703657150609888,0.819515306122449,143.27970361830896,0.2857142857142857,False,C2_FUNCTIONAL_OR_LOWER,iconicity|cross_script_validation
002,231,8,0.32747329927793634,moray_eel,1,0.5844455307313257,0.9465997584463733,0.41555446926867434,1,0.0,0.9703657150609888,0.819515306122449,143.27970361830896,0.2857142857142857,False,C2_FUNCTIONAL_OR_LOWER,iconicity|cross_script_validation
002,231,8,0.32747329927793634,moai,2,0.5758220633413024,0.9571870445858262,0.42417793665869763,2,0.0,0.9703657150609888,0.819515306122449,143.27970361830896,0.2857142857142857,False,C2_FUNCTIONAL_OR_LOWER,iconicity|cross_script_validation
002,231,8,0.32747329927793634,sun,3,0.571393924041377,0.9625929666157746,0.428606075958623,1,0.0,0.9703657150609888,0.819515306122449,143.27970361830896,0.2857142857142857,False,C2_FUNCTIONAL_OR_LOWER,iconicity|cross_script_validation
002,231,8,0.32747329927793634,octopus,4,0.571350433678389,0.9626459589835035,0.428649566321611,1,0.0,0.9703657150609888,0.819515306122449,143.27970361830896,0.2857142857142857,False,C2_FUNCTIONAL_OR_LOWER,iconicity|cross_script_validation
002,231,8,0.32747329927793634,fairy_tern,5,0.5626914984729938,0.9731582771139795,0.4373085015270062,1,0.0,0.9703657150609888,0.819515306122449,143.27970361830896,0.2857142857142857,False,C2_FUNCTIONAL_OR_LOWER,iconicity|cross_script_validation
004,200,8,0.37182567531056787,octopus,1,0.5386818897509441,1.0019245067037652,0.4613181102490559,1,0.0,0.9703657150609888,0.819515306122449,143.27970361830896,0.2857142857142857,False,C2_FUNCTIONAL_OR_LOWER,iconicity|cross_script_validation
004,200,8,0.37182567531056787,sun,2,0.5382947963965151,1.002383892202108,0.4617052036034849,1,0.0,0.9703657150609888,0.819515306122449,143.27970361830896,0.2857142857142857,False,C2_FUNCTIONAL_OR_LOWER,iconicity|cross_script_validation
004,200,8,0.37182567531056787,toki,3,0.5364528971953009,1.0045679353613495,0.46354710280469913,1,0.0,0.9703657150609888,0.819515306122449,143.27970361830896,0.2857142857142857,False,C2_FUNCTIONAL_OR_LOWER,iconicity|cross_script_validation
004,200,8,0.37182567531056787,moray_eel,4,0.5356852324308891,1.0054773032248518,0.46431476756911094,1,0.0,0.9703657150609888,0.819515306122449,143.27970361830896,0.2857142857142857,False,C2_FUNCTIONAL_OR_LOWER,iconicity|cross_script_validation
004,200,8,0.37182567531056787,moai,5,0.5303267021130269,1.011810452050392,0.4696732978869731,2,0.0,0.9703657150609888,0.819515306122449,143.27970361830896,0.2857142857142857,False,C2_FUNCTIONAL_OR_LOWER,iconicity|cross_script_validation
003,177,8,0.5880894841949821,toki,1,0.6640619617871026,0.8445578115310782,0.33593803821289736,1,0.0,0.9703657150609888,0.819515306122449,143.27970361830896,0.2857142857142857,False,C2_FUNCTIONAL_OR_LOWER,cross_script_validation
003,177,8,0.5880894841949821,octopus,2,0.5917805940510875,0.9375303701057116,0.4082194059489125,1,0.0,0.9703657150609888,0.819515306122449,143.27970361830896,0.2857142857142857,False,C2_FUNCTIONAL_OR_LOWER,iconicity|cross_script_validation
003,177,8,0.5880894841949821,sun,3,0.5912298518593989,0.9382134178830346,0.4087701481406011,1,0.0,0.9703657150609888,0.819515306122449,143.27970361830896,0.2857142857142857,False,C2_FUNCTIONAL_OR_LOWER,iconicity|cross_script_validation
003,177,8,0.5880894841949821,moray_eel,4,0.5750900787948756,0.9580820743581892,0.4249099212051244,1,0.0,0.9703657150609888,0.819515306122449,143.27970361830896,0.2857142857142857,False,C2_FUNCTIONAL_OR_LOWER,iconicity|cross_script_validation
003,177,8,0.5880894841949821,moai,5,0.5734191368401733,0.9601231029356062,0.4265808631598267,2,0.0,0.9703657150609888,0.819515306122449,143.27970361830896,0.2857142857142857,False,C2_FUNCTIONAL_OR_LOWER,iconicity|cross_script_validation
022,149,8,0.2689884294679812,moray_eel,1,0.5559426157221025,0.9812997763320835,0.44405738427789754,1,0.0,0.9703657150609888,0.819515306122449,143.27970361830896,0.2857142857142857,False,C2_FUNCTIONAL_OR_LOWER,iconicity|cross_script_validation
022,149,8,0.2689884294679812,octopus,2,0.532022369718544,1.0098091025541989,0.467977630281456,1,0.0,0.9703657150609888,0.819515306122449,143.27970361830896,0.2857142857142857,False,C2_FUNCTIONAL_OR_LOWER,iconicity|cross_script_validation
022,149,8,0.2689884294679812,fairy_tern,3,0.5313339550212121,1.0106219222056627,0.46866604497878794,1,0.0,0.9703657150609888,0.819515306122449,143.27970361830896,0.2857142857142857,False,C2_FUNCTIONAL_OR_LOWER,iconicity|cross_script_validation
022,149,8,0.2689884294679812,sun,4,0.5242385522125145,1.0189756278723228,0.4757614477874855,1,0.0,0.9703657150609888,0.819515306122449,143.27970361830896,0.2857142857142857,False,C2_FUNCTIONAL_OR_LOWER,iconicity|cross_script_validation
022,149,8,0.2689884294679812,moai,5,0.5216994831273931,1.0219545286107588,0.4783005168726069,2,0.0,0.9703657150609888,0.819515306122449,143.27970361830896,0.2857142857142857,False,C2_FUNCTIONAL_OR_LOWER,iconicity|cross_script_validation
006,133,8,0.49471631280120654,toki,1,0.704606441896579,0.78892795475467,0.29539355810342105,1,0.0,0.9703657150609888,0.819515306122449,143.27970361830896,0.2857142857142857,False,C2_FUNCTIONAL_OR_LOWER,cross_script_validation
006,133,8,0.49471631280120654,fairy_tern,2,0.6846565548707391,0.8166639371624395,0.31534344512926094,1,0.0,0.9703657150609888,0.819515306122449,143.27970361830896,0.2857142857142857,False,C2_FUNCTIONAL_OR_LOWER,cross_script_validation
006,133,8,0.49471631280120654,octopus,3,0.6781339922495481,0.8255756752253772,0.32186600775045193,1,0.0,0.9703657150609888,0.819515306122449,143.27970361830896,0.2857142857142857,False,C2_FUNCTIONAL_OR_LOWER,cross_script_validation
006,133,8,0.49471631280120654,moray_eel,4,0.6692581852503061,0.8375863533540557,0.3307418147496939,1,0.0,0.9703657150609888,0.819515306122449,143.27970361830896,0.2857142857142857,False,C2_FUNCTIONAL_OR_LOWER,cross_script_validation
006,133,8,0.49471631280120654,moai,5,0.660562451690099,0.849228647255189,0.339437548309901,2,0.0,0.9703657150609888,0.819515306122449,143.27970361830896,0.2857142857142857,False,C2_FUNCTIONAL_OR_LOWER,cross_script_validation
005,120,8,0.5770546025499849,moray_eel,1,0.7687087208142229,0.6939765204387676,0.23129127918577708,1,0.0,0.9703657150609888,0.819515306122449,143.27970361830896,0.2857142857142857,False,C2_FUNCTIONAL_OR_LOWER,cross_script_validation
005,120,8,0.5770546025499849,fairy_tern,2,0.7676458152211604,0.6956366961141547,0.23235418477883962,1,0.0,0.9703657150609888,0.819515306122449,143.27970361830896,0.2857142857142857,False,C2_FUNCTIONAL_OR_LOWER,cross_script_validation
005,120,8,0.5770546025499849,octopus,3,0.7535462302634318,0.7173564290918151,0.24645376973656818,1,0.0,0.9703657150609888,0.819515306122449,143.27970361830896,0.2857142857142857,False,C2_FUNCTIONAL_OR_LOWER,cross_script_validation
005,120,8,0.5770546025499849,moai,4,0.7471025813320726,0.7271039217072796,0.25289741866792737,2,0.0,0.9703657150609888,0.819515306122449,143.27970361830896,0.2857142857142857,False,C2_FUNCTIONAL_OR_LOWER,cross_script_validation
005,120,8,0.5770546025499849,sun,5,0.7356705768370452,0.7441401615053252,0.2643294231629548,1,0.0,0.9703657150609888,0.819515306122449,143.27970361830896,0.2857142857142857,False,C2_FUNCTIONAL_OR_LOWER,cross_script_validation
600,104,8,0.42450866115068003,moai,1,0.7901677824752408,0.6597136216785654,0.20983221752475922,2,0.0,0.9703657150609888,0.819515306122449,143.27970361830896,0.2857142857142857,False,C2_FUNCTIONAL_OR_LOWER,cross_script_validation
600,104,8,0.42450866115068003,sun,2,0.7743122874827191,0.6851687263159354,0.22568771251728093,1,0.0,0.9703657150609888,0.819515306122449,143.27970361830896,0.2857142857142857,False,C2_FUNCTIONAL_OR_LOWER,cross_script_validation
600,104,8,0.42450866115068003,moray_eel,3,0.766190343889716,0.6979046887822018,0.23380965611028404,1,0.0,0.9703657150609888,0.819515306122449,143.27970361830896,0.2857142857142857,False,C2_FUNCTIONAL_OR_LOWER,cross_script_validation
600,104,8,0.42450866115068003,octopus,4,0.7652625340169975,0.6993472552663088,0.2347374659830025,1,0.0,0.9703657150609888,0.819515306122449,143.27970361830896,0.2857142857142857,False,C2_FUNCTIONAL_OR_LOWER,cross_script_validation
600,104,8,0.42450866115068003,fairy_tern,5,0.7649724483013016,0.6997977754114642,0.23502755169869838,1,0.0,0.9703657150609888,0.819515306122449,143.27970361830896,0.2857142857142857,False,C2_FUNCTIONAL_OR_LOWER,cross_script_validation
009,98,8,0.5661910972845301,moray_eel,1,0.7743785284434476,0.6850640410760925,0.22562147155655243,1,0.0,0.9703657150609888,0.819515306122449,143.27970361830896,0.2857142857142857,False,C2_FUNCTIONAL_OR_LOWER,cross_script_validation
009,98,8,0.5661910972845301,fairy_tern,2,0.7554843198955161,0.7144032905055598,0.24451568010448388,1,0.0,0.9703657150609888,0.819515306122449,143.27970361830896,0.2857142857142857,False,C2_FUNCTIONAL_OR_LOWER,cross_script_validation
009,98,8,0.5661910972845301,toki,3,0.7379501706435851,0.7407684700825161,0.26204982935641485,1,0.0,0.9703657150609888,0.819515306122449,143.27970361830896,0.2857142857142857,False,C2_FUNCTIONAL_OR_LOWER,cross_script_validation
009,98,8,0.5661910972845301,moai,4,0.7345765906570916,0.7457538704146536,0.2654234093429084,2,0.0,0.9703657150609888,0.819515306122449,143.27970361830896,0.2857142857142857,False,C2_FUNCTIONAL_OR_LOWER,cross_script_validation
009,98,8,0.5661910972845301,reimiro,5,0.7317609366077783,0.7498942668341689,0.2682390633922217,1,0.0,0.9703657150609888,0.819515306122449,143.27970361830896,0.2857142857142857,False,C2_FUNCTIONAL_OR_LOWER,cross_script_validation
040,93,8,0.2320729984433554,moray_eel,1,0.5124000823145055,1.032818993520766,0.4875999176854945,1,0.0,0.9703657150609888,0.819515306122449,143.27970361830896,0.2857142857142857,False,C2_FUNCTIONAL_OR_LOWER,iconicity|cross_script_validation
040,93,8,0.2320729984433554,sun,2,0.5080341947447604,1.0378953488865401,0.4919658052552396,1,0.0,0.9703657150609888,0.819515306122449,143.27970361830896,0.2857142857142857,False,C2_FUNCTIONAL_OR_LOWER,iconicity|cross_script_validation
040,93,8,0.2320729984433554,octopus,3,0.5048199151237013,1.0416229929776892,0.4951800848762987,1,0.0,0.9703657150609888,0.819515306122449,143.27970361830896,0.2857142857142857,False,C2_FUNCTIONAL_OR_LOWER,iconicity|cross_script_validation
040,93,8,0.2320729984433554,fairy_tern,4,0.4970403559375816,1.0506116955174272,0.5029596440624184,1,0.0,0.9703657150609888,0.819515306122449,143.27970361830896,0.2857142857142857,False,C2_FUNCTIONAL_OR_LOWER,iconicity|cross_script_validation
040,93,8,0.2320729984433554,moai,5,0.48146757788318423,1.0684679524918053,0.5185324221168157,2,0.0,0.9703657150609888,0.819515306122449,143.27970361830896,0.2857142857142857,False,C2_FUNCTIONAL_OR_LOWER,iconicity|cross_script_validation
010,83,8,0.5211848848947203,toki,1,0.6751795847254055,0.8295881976322723,0.3248204152745945,1,0.0,0.9703657150609888,0.819515306122449,143.27970361830896,0.2857142857142857,False,C2_FUNCTIONAL_OR_LOWER,cross_script_validation
010,83,8,0.5211848848947203,sun,2,0.6293235215652816,0.8901138902898441,0.3706764784347184,1,0.0,0.9703657150609888,0.819515306122449,143.27970361830896,0.2857142857142857,False,C2_FUNCTIONAL_OR_LOWER,cross_script_validation
010,83,8,0.5211848848947203,moai,3,0.6194552847358329,0.9027476902709543,0.3805447152641671,2,0.0,0.9703657150609888,0.819515306122449,143.27970361830896,0.2857142857142857,False,C2_FUNCTIONAL_OR_LOWER,cross_script_validation
010,83,8,0.5211848848947203,octopus,4,0.6181039599942327,0.9044678863904589,0.38189604000576727,1,0.0,0.9703657150609888,0.819515306122449,143.27970361830896,0.2857142857142857,False,C2_FUNCTIONAL_OR_LOWER,cross_script_validation
010,83,8,0.5211848848947203,foot,5,0.5909513693686232,0.9385586704389731,0.40904863063137675,1,1.4901161193847656e-08,0.9703657150609888,0.819515306122449,143.27970361830896,0.2857142857142857,False,C2_FUNCTIONAL_OR_LOWER,iconicity|cross_script_validation
008,81,8,0.46147397452191924,moai,1,0.7603793560046369,0.7068993187062168,0.2396206439953631,2,0.0,0.9703657150609888,0.819515306122449,143.27970361830896,0.2857142857142857,False,C2_FUNCTIONAL_OR_LOWER,cross_script_validation
008,81,8,0.46147397452191924,moray_eel,2,0.7547855411508892,0.7154692019263983,0.24521445884911075,1,0.0,0.9703657150609888,0.819515306122449,143.27970361830896,0.2857142857142857,False,C2_FUNCTIONAL_OR_LOWER,cross_script_validation
008,81,8,0.46147397452191924,fairy_tern,3,0.7403154616745918,0.7372568339066671,0.25968453832540817,1,0.0,0.9703657150609888,0.819515306122449,143.27970361830896,0.2857142857142857,False,C2_FUNCTIONAL_OR_LOWER,cross_script_validation
008,81,8,0.46147397452191924,octopus,4,0.7321028968736413,0.749392400915542,0.2678971031263587,1,0.0,0.9703657150609888,0.819515306122449,143.27970361830896,0.2857142857142857,False,C2_FUNCTIONAL_OR_LOWER,cross_script_validation
008,81,8,0.46147397452191924,tiger_shark,5,0.7282263043540435,0.7550660119508696,0.27177369564595655,2,0.0,0.9703657150609888,0.819515306122449,143.27970361830896,0.2857142857142857,False,C2_FUNCTIONAL_OR_LOWER,cross_script_validation
200,80,8,0.46920857711363634,moray_eel,1,0.7828397036785405,0.6715797209765133,0.2171602963214595,1,0.0,0.9703657150609888,0.819515306122449,143.27970361830896,0.2857142857142857,False,C2_FUNCTIONAL_OR_LOWER,cross_script_validation
200,80,8,0.46920857711363634,fairy_tern,2,0.7746489725796946,0.6846364999747006,0.22535102742030544,1,0.0,0.9703657150609888,0.819515306122449,143.27970361830896,0.2857142857142857,False,C2_FUNCTIONAL_OR_LOWER,cross_script_validation
200,80,8,0.46920857711363634,sun,3,0.7474121721617625,0.7266380456180422,0.2525878278382375,1,0.0,0.9703657150609888,0.819515306122449,143.27970361830896,0.2857142857142857,False,C2_FUNCTIONAL_OR_LOWER,cross_script_validation
200,80,8,0.46920857711363634,moai,4,0.743005448502465,0.7332465573722097,0.25699455149753503,2,0.0,0.9703657150609888,0.819515306122449,143.27970361830896,0.2857142857142857,False,C2_FUNCTIONAL_OR_LOWER,cross_script_validation
200,80,8,0.46920857711363634,octopus,5,0.742131881105635,0.7345508375877494,0.257868118894365,1,0.0,0.9703657150609888,0.819515306122449,143.27970361830896,0.2857142857142857,False,C2_FUNCTIONAL_OR_LOWER,cross_script_validation
700,80,8,0.3165024095640396,moray_eel,1,0.5910368221121646,0.9384527384958727,0.4089631778878354,1,0.0,0.9703657150609888,0.819515306122449,143.27970361830896,0.2857142857142857,False,C2_FUNCTIONAL_OR_LOWER,iconicity|cross_script_validation
700,80,8,0.3165024095640396,fairy_tern,2,0.5707821870856603,0.9633381795916494,0.4292178129143397,1,0.0,0.9703657150609888,0.819515306122449,143.27970361830896,0.2857142857142857,False,C2_FUNCTIONAL_OR_LOWER,iconicity|cross_script_validation
700,80,8,0.3165024095640396,octopus,3,0.5704923166151036,0.9636911626431337,0.4295076833848964,1,0.0,0.9703657150609888,0.819515306122449,143.27970361830896,0.2857142857142857,False,C2_FUNCTIONAL_OR_LOWER,iconicity|cross_script_validation
700,80,8,0.3165024095640396,toki,4,0.5668402363074293,0.9681310218646803,0.4331597636925707,1,0.0,0.9703657150609888,0.819515306122449,143.27970361830896,0.2857142857142857,False,C2_FUNCTIONAL_OR_LOWER,iconicity|cross_script_validation
700,80,8,0.3165024095640396,sun,5,0.5591728673005053,0.9774085489080073,0.4408271326994947,1,0.0,0.9703657150609888,0.819515306122449,143.27970361830896,0.2857142857142857,False,C2_FUNCTIONAL_OR_LOWER,iconicity|cross_script_validation
000,77,8,0.583032669090713,toki,1,0.7895548725310494,0.6607130095882646,0.2104451274689506,1,0.0,0.9703657150609888,0.819515306122449,143.27970361830896,0.2857142857142857,False,C2_FUNCTIONAL_OR_LOWER,cross_script_validation
000,77,8,0.583032669090713,moai,2,0.7662401525287081,0.6978271757422294,0.23375984747129186,2,0.0,0.9703657150609888,0.819515306122449,143.27970361830896,0.2857142857142857,False,C2_FUNCTIONAL_OR_LOWER,cross_script_validation
000,77,8,0.583032669090713,octopus,3,0.7636331722326221,0.701874633156465,0.23636682776737794,1,0.0,0.9703657150609888,0.819515306122449,143.27970361830896,0.2857142857142857,False,C2_FUNCTIONAL_OR_LOWER,cross_script_validation
000,77,8,0.583032669090713,fairy_tern,4,0.7610740141316399,0.7058290862416524,0.2389259858683601,1,0.0,0.9703657150609888,0.819515306122449,143.27970361830896,0.2857142857142857,False,C2_FUNCTIONAL_OR_LOWER,cross_script_validation
000,77,8,0.583032669090713,sun,5,0.7575551121093359,0.7112367939572516,0.2424448878906641,1,0.0,0.9703657150609888,0.819515306122449,143.27970361830896,0.2857142857142857,False,C2_FUNCTIONAL_OR_LOWER,cross_script_validation
063,77,8,0.4664548569227515,fairy_tern,1,0.6393635286056648,0.8771261101418202,0.3606364713943352,1,0.0,0.9703657150609888,0.819515306122449,143.27970361830896,0.2857142857142857,False,C2_FUNCTIONAL_OR_LOWER,cross_script_validation
063,77,8,0.4664548569227515,octopus,2,0.6295098513533259,0.8898741045879219,0.37049014864667407,1,0.0,0.9703657150609888,0.819515306122449,143.27970361830896,0.2857142857142857,False,C2_FUNCTIONAL_OR_LOWER,cross_script_validation
063,77,8,0.4664548569227515,sun,3,0.6239874994704406,0.8969611601805798,0.37601250052955937,1,0.0,0.9703657150609888,0.819515306122449,143.27970361830896,0.2857142857142857,False,C2_FUNCTIONAL_OR_LOWER,cross_script_validation
063,77,8,0.4664548569227515,toki,4,0.6196457905210864,0.9025049943750912,0.38035420947891363,1,0.0,0.9703657150609888,0.819515306122449,143.27970361830896,0.2857142857142857,False,C2_FUNCTIONAL_OR_LOWER,cross_script_validation
063,77,8,0.4664548569227515,moray_eel,5,0.6194671969686567,0.9027325159786712,0.3805328030313433,1,0.0,0.9703657150609888,0.819515306122449,143.27970361830896,0.2857142857142857,False,C2_FUNCTIONAL_OR_LOWER,cross_script_validation
007,75,8,0.3000523821148692,fairy_tern,1,0.6512338361893416,0.8615871511812996,0.3487661638106584,1,0.0,0.9703657150609888,0.819515306122449,143.27970361830896,0.2857142857142857,False,C2_FUNCTIONAL_OR_LOWER,cross_script_validation
007,75,8,0.3000523821148692,moray_eel,2,0.6495970780410489,0.8637419762948237,0.35040292195895106,1,0.0,0.9703657150609888,0.819515306122449,143.27970361830896,0.2857142857142857,False,C2_FUNCTIONAL_OR_LOWER,cross_script_validation
007,75,8,0.3000523821148692,octopus,3,0.6488166391195668,0.8647680436436271,0.3511833608804332,1,0.0,0.9703657150609888,0.819515306122449,143.27970361830896,0.2857142857142857,False,C2_FUNCTIONAL_OR_LOWER,cross_script_validation
007,75,8,0.3000523821148692,sun,4,0.6461427609407377,0.8682766950390951,0.35385723905926225,1,0.0,0.9703657150609888,0.819515306122449,143.27970361830896,0.2857142857142857,False,C2_FUNCTIONAL_OR_LOWER,cross_script_validation
007,75,8,0.3000523821148692,tiger_shark,5,0.633798206942422,0.8843425086953872,0.36620179305757805,2,0.0,0.9703657150609888,0.819515306122449,143.27970361830896,0.2857142857142857,False,C2_FUNCTIONAL_OR_LOWER,cross_script_validation
380,72,8,0.40826988873049275,moai,1,0.7505869796481281,0.7218463709448475,0.24941302035187185,2,0.0,0.9703657150609888,0.819515306122449,143.27970361830896,0.2857142857142857,False,C2_FUNCTIONAL_OR_LOWER,cross_script_validation
380,72,8,0.40826988873049275,sun,2,0.7503496724577515,0.7222054341807279,0.24965032754224847,1,0.0,0.9703657150609888,0.819515306122449,143.27970361830896,0.2857142857142857,False,C2_FUNCTIONAL_OR_LOWER,cross_script_validation
380,72,8,0.40826988873049275,octopus,3,0.7348327651028037,0.745376247581797,0.2651672348971963,1,0.0,0.9703657150609888,0.819515306122449,143.27970361830896,0.2857142857142857,False,C2_FUNCTIONAL_OR_LOWER,cross_script_validation
380,72,8,0.40826988873049275,foot,4,0.725050790060009,0.7596881871496141,0.27494920993999095,1,1.4901161193847656e-08,0.9703657150609888,0.819515306122449,143.27970361830896,0.2857142857142857,False,C2_FUNCTIONAL_OR_LOWER,cross_script_validation
380,72,8,0.40826988873049275,tiger_shark,5,0.7158887870094706,0.7729001065960369,0.28411121299052944,2,0.0,0.9703657150609888,0.819515306122449,143.27970361830896,0.2857142857142857,False,C2_FUNCTIONAL_OR_LOWER,cross_script_validation
300,67,8,0.4292087156688606,moai,1,0.741688704937231,0.7352118021880367,0.25831129506276895,2,0.0,0.9703657150609888,0.819515306122449,143.27970361830896,0.2857142857142857,False,C2_FUNCTIONAL_OR_LOWER,cross_script_validation
300,67,8,0.4292087156688606,sun,2,0.7372017783858517,0.7418767658883841,0.26279822161414834,1,0.0,0.9703657150609888,0.819515306122449,143.27970361830896,0.2857142857142857,False,C2_FUNCTIONAL_OR_LOWER,cross_script_validation
300,67,8,0.4292087156688606,fairy_tern,3,0.7329813762184749,0.7481018887554635,0.2670186237815251,1,0.0,0.9703657150609888,0.819515306122449,143.27970361830896,0.2857142857142857,False,C2_FUNCTIONAL_OR_LOWER,cross_script_validation
300,67,8,0.4292087156688606,moray_eel,4,0.7318489888606491,0.7497650659115644,0.2681510111393509,1,0.0,0.9703657150609888,0.819515306122449,143.27970361830896,0.2857142857142857,False,C2_FUNCTIONAL_OR_LOWER,cross_script_validation
300,67,8,0.4292087156688606,octopus,5,0.7294935122201595,0.7532151613600785,0.27050648777984054,1,0.0,0.9703657150609888,0.819515306122449,143.27970361830896,0.2857142857142857,False,C2_FUNCTIONAL_OR_LOWER,cross_script_validation
430,63,8,0.56343390680537,toki,1,0.7752683690274733,0.6836564605619212,0.22473163097252669,1,0.0,0.9703657150609888,0.819515306122449,143.27970361830896,0.2857142857142857,False,C2_FUNCTIONAL_OR_LOWER,cross_script_validation
430,63,8,0.56343390680537,moray_eel,2,0.7399844760105382,0.7377490484916605,0.2600155239894618,1,0.0,0.9703657150609888,0.819515306122449,143.27970361830896,0.2857142857142857,False,C2_FUNCTIONAL_OR_LOWER,cross_script_validation
430,63,8,0.56343390680537,octopus,3,0.7239645811215965,0.7612640784400337,0.27603541887840355,1,0.0,0.9703657150609888,0.819515306122449,143.27970361830896,0.2857142857142857,False,C2_FUNCTIONAL_OR_LOWER,cross_script_validation
430,63,8,0.56343390680537,moai,4,0.7216988938722398,0.76454282322013,0.27830110612776016,2,0.0,0.9703657150609888,0.819515306122449,143.27970361830896,0.2857142857142857,False,C2_FUNCTIONAL_OR_LOWER,cross_script_validation
430,63,8,0.56343390680537,fairy_tern,5,0.7192141706178297,0.7681257050332364,0.28078582938217034,1,0.0,0.9703657150609888,0.819515306122449,143.27970361830896,0.2857142857142857,False,C2_FUNCTIONAL_OR_LOWER,cross_script_validation
074,59,8,0.5066946357909811,toki,1,0.7568732542681257,0.7122807204812535,0.24312674573187432,1,0.0,0.9703657150609888,0.819515306122449,143.27970361830896,0.2857142857142857,False,C2_FUNCTIONAL_OR_LOWER,cross_script_validation
074,59,8,0.5066946357909811,moai,2,0.6682126349730373,0.838992607435192,0.3317873650269627,2,0.0,0.9703657150609888,0.819515306122449,143.27970361830896,0.2857142857142857,False,C2_FUNCTIONAL_OR_LOWER,cross_script_validation
074,59,8,0.5066946357909811,sun,3,0.665847178332985,0.8421675896961569,0.334152821667015,1,0.0,0.9703657150609888,0.819515306122449,143.27970361830896,0.2857142857142857,False,C2_FUNCTIONAL_OR_LOWER,cross_script_validation
074,59,8,0.5066946357909811,octopus,4,0.6612640243713794,0.8482937931675354,0.33873597562862057,1,0.0,0.9703657150609888,0.819515306122449,143.27970361830896,0.2857142857142857,False,C2_FUNCTIONAL_OR_LOWER,cross_script_validation
074,59,8,0.5066946357909811,fairy_tern,5,0.6477829985791232,0.8661256230422191,0.35221700142087675,1,0.0,0.9703657150609888,0.819515306122449,143.27970361830896,0.2857142857142857,False,C2_FUNCTIONAL_OR_LOWER,cross_script_validation
670,58,8,0.4468346495537703,fairy_tern,1,0.8001572559581502,0.6432389697154346,0.19984274404184976,1,0.0,0.9703657150609888,0.819515306122449,143.27970361830896,0.2857142857142857,False,C2_FUNCTIONAL_OR_LOWER,cross_script_validation
670,58,8,0.4468346495537703,tiger_shark,2,0.7976715630143703,0.6473718583129495,0.20232843698562974,2,0.0,0.9703657150609888,0.819515306122449,143.27970361830896,0.2857142857142857,False,C2_FUNCTIONAL_OR_LOWER,cross_script_validation
670,58,8,0.4468346495537703,moai,3,0.7975636211957808,0.6475508177892495,0.20243637880421916,2,0.0,0.9703657150609888,0.819515306122449,143.27970361830896,0.2857142857142857,False,C2_FUNCTIONAL_OR_LOWER,cross_script_validation
670,58,8,0.4468346495537703,octopus,4,0.7966613080393257,0.6490451330439648,0.20333869196067433,1,0.0,0.9703657150609888,0.819515306122449,143.27970361830896,0.2857142857142857,False,C2_FUNCTIONAL_OR_LOWER,cross_script_validation
670,58,8,0.4468346495537703,sun,5,0.7825759745634072,0.6720034575786822,0.21742402543659278,1,0.0,0.9703657150609888,0.819515306122449,143.27970361830896,0.2857142857142857,False,C2_FUNCTIONAL_OR_LOWER,cross_script_validation
065,56,8,0.4006396517549202,toki,1,0.7534444248606981,0.7175112772143575,0.24655557513930193,1,0.0,0.9703657150609888,0.819515306122449,143.27970361830896,0.2857142857142857,False,C2_FUNCTIONAL_OR_LOWER,cross_script_validation
065,56,8,0.4006396517549202,octopus,2,0.6189115849784244,0.9034400841537307,0.38108841502157564,1,0.0,0.9703657150609888,0.819515306122449,143.27970361830896,0.2857142857142857,False,C2_FUNCTIONAL_OR_LOWER,cross_script_validation
065,56,8,0.4006396517549202,sun,3,0.6154312082820874,0.9078633907650474,0.3845687917179126,1,0.0,0.9703657150609888,0.819515306122449,143.27970361830896,0.2857142857142857,False,C2_FUNCTIONAL_OR_LOWER,cross_script_validation
065,56,8,0.4006396517549202,moray_eel,4,0.614416595578299,0.909150013045677,0.385583404421701,1,0.0,0.9703657150609888,0.819515306122449,143.27970361830896,0.2857142857142857,False,C2_FUNCTIONAL_OR_LOWER,cross_script_validation
065,56,8,0.4006396517549202,fairy_tern,5,0.6114005013822513,0.9129671169189619,0.3885994986177487,1,0.0,0.9703657150609888,0.819515306122449,143.27970361830896,0.2857142857142857,False,C2_FUNCTIONAL_OR_LOWER,cross_script_validation
095,52,8,0.6288103918629829,moray_eel,1,0.7507374055553042,0.7216186896254788,0.24926259444469578,1,0.0,0.9703657150609888,0.819515306122449,143.27970361830896,0.2857142857142857,False,C2_FUNCTIONAL_OR_LOWER,cross_script_validation
095,52,8,0.6288103918629829,fairy_tern,2,0.7315736383055932,0.7501690339846384,0.2684263616944068,1,0.0,0.9703657150609888,0.819515306122449,143.27970361830896,0.2857142857142857,False,C2_FUNCTIONAL_OR_LOWER,cross_script_validation
095,52,8,0.6288103918629829,octopus,3,0.7109829322367058,0.779901322740577,0.28901706776329417,1,0.0,0.9703657150609888,0.819515306122449,143.27970361830896,0.2857142857142857,False,C2_FUNCTIONAL_OR_LOWER,cross_script_validation
095,52,8,0.6288103918629829,tiger_shark,4,0.6933642398690615,0.8046489500508571,0.3066357601309385,2,0.0,0.9703657150609888,0.819515306122449,143.27970361830896,0.2857142857142857,False,C2_FUNCTIONAL_OR_LOWER,cross_script_validation
095,52,8,0.6288103918629829,reimiro,5,0.6897118518169353,0.8097052980957985,0.3102881481830647,1,0.0,0.9703657150609888,0.819515306122449,143.27970361830896,0.2857142857142857,False,C2_FUNCTIONAL_OR_LOWER,cross_script_validation
050,51,8,0.21232466065165714,moray_eel,1,0.5709827993038714,0.9630938379899769,0.4290172006961286,1,0.0,0.9703657150609888,0.819515306122449,143.27970361830896,0.2857142857142857,False,C2_FUNCTIONAL_OR_LOWER,iconicity|cross_script_validation
050,51,8,0.21232466065165714,moai,2,0.5703031178728767,0.9639215083537463,0.4296968821271233,2,0.0,0.9703657150609888,0.819515306122449,143.27970361830896,0.2857142857142857,False,C2_FUNCTIONAL_OR_LOWER,iconicity|cross_script_validation
050,51,8,0.21232466065165714,sun,3,0.560202190627906,0.9761664602718713,0.439797809372094,1,0.0,0.9703657150609888,0.819515306122449,143.27970361830896,0.2857142857142857,False,C2_FUNCTIONAL_OR_LOWER,iconicity|cross_script_validation
050,51,8,0.21232466065165714,octopus,4,0.5527596799270172,0.9851241254373656,0.44724032007298276,1,0.0,0.9703657150609888,0.819515306122449,143.27970361830896,0.2857142857142857,False,C2_FUNCTIONAL_OR_LOWER,iconicity|cross_script_validation
050,51,8,0.21232466065165714,fairy_tern,5,0.5509673451570531,0.9872733777826732,0.44903265484294685,1,0.0,0.9703657150609888,0.819515306122449,143.27970361830896,0.2857142857142857,False,C2_FUNCTIONAL_OR_LOWER,iconicity|cross_script_validation
020,43,8,0.4017484671413243,moray_eel,1,0.5708534331654463,0.9632514080688495,0.42914656683455366,1,0.0,0.9703657150609888,0.819515306122449,143.27970361830896,0.2857142857142857,False,C2_FUNCTIONAL_OR_LOWER,iconicity|cross_script_validation
020,43,8,0.4017484671413243,octopus,2,0.5559218440633789,0.9813247654665064,0.44407815593662114,1,0.0,0.9703657150609888,0.819515306122449,143.27970361830896,0.2857142857142857,False,C2_FUNCTIONAL_OR_LOWER,iconicity|cross_script_validation
020,43,8,0.4017484671413243,moai,3,0.5525887784376946,0.9853291914643286,0.4474112215623054,2,0.0,0.9703657150609888,0.819515306122449,143.27970361830896,0.2857142857142857,False,C2_FUNCTIONAL_OR_LOWER,iconicity|cross_script_validation
020,43,8,0.4017484671413243,fairy_tern,4,0.5515690593168346,0.9865521816562365,0.44843094068316536,1,0.0,0.9703657150609888,0.819515306122449,143.27970361830896,0.2857142857142857,False,C2_FUNCTIONAL_OR_LOWER,iconicity|cross_script_validation
020,43,8,0.4017484671413243,sun,5,0.549375268257898,0.9891799390597384,0.45062473174210205,1,0.0,0.9703657150609888,0.819515306122449,143.27970361830896,0.2857142857142857,False,C2_FUNCTIONAL_OR_LOWER,iconicity|cross_script_validation
060,43,8,0.3345924962110456,sun,1,0.5981848636529127,0.9295622131529474,0.4018151363470873,1,0.0,0.9703657150609888,0.819515306122449,143.27970361830896,0.2857142857142857,False,C2_FUNCTIONAL_OR_LOWER,iconicity|cross_script_validation
060,43,8,0.3345924962110456,octopus,2,0.5967870774243439,0.931305351538078,0.4032129225756561,1,0.0,0.9703657150609888,0.819515306122449,143.27970361830896,0.2857142857142857,False,C2_FUNCTIONAL_OR_LOWER,iconicity|cross_script_validation
060,43,8,0.3345924962110456,toki,3,0.584405924561711,0.9466485677457456,0.41559407543828897,1,0.0,0.9703657150609888,0.819515306122449,143.27970361830896,0.2857142857142857,False,C2_FUNCTIONAL_OR_LOWER,iconicity|cross_script_validation
060,43,8,0.3345924962110456,fairy_tern,4,0.5835836859574025,0.9476614796079195,0.4164163140425975,1,0.0,0.9703657150609888,0.819515306122449,143.27970361830896,0.2857142857142857,False,C2_FUNCTIONAL_OR_LOWER,iconicity|cross_script_validation
060,43,8,0.3345924962110456,moai,5,0.5734563942320374,0.9600776254480773,0.4265436057679626,2,0.0,0.9703657150609888,0.819515306122449,143.27970361830896,0.2857142857142857,False,C2_FUNCTIONAL_OR_LOWER,iconicity|cross_script_validation
041,42,8,0.3920193176430465,toki,1,0.5847123782809511,0.946270859838541,0.41528762171904887,1,0.0,0.9703657150609888,0.819515306122449,143.27970361830896,0.2857142857142857,False,C2_FUNCTIONAL_OR_LOWER,iconicity|cross_script_validation
041,42,8,0.3920193176430465,moai,2,0.5690824651656983,0.9654067447165907,0.43091753483430173,2,0.0,0.9703657150609888,0.819515306122449,143.27970361830896,0.2857142857142857,False,C2_FUNCTIONAL_OR_LOWER,iconicity|cross_script_validation
041,42,8,0.3920193176430465,moray_eel,3,0.5647674607787022,0.9706448806956562,0.4352325392212978,1,0.0,0.9703657150609888,0.819515306122449,143.27970361830896,0.2857142857142857,False,C2_FUNCTIONAL_OR_LOWER,iconicity|cross_script_validation
041,42,8,0.3920193176430465,octopus,4,0.5614351452848342,0.9746772739468579,0.4385648547151658,1,0.0,0.9703657150609888,0.819515306122449,143.27970361830896,0.2857142857142857,False,C2_FUNCTIONAL_OR_LOWER,iconicity|cross_script_validation
041,42,8,0.3920193176430465,fairy_tern,5,0.555978352295247,0.9812567828309482,0.44402164770475305,1,0.0,0.9703657150609888,0.819515306122449,143.27970361830896,0.2857142857142857,False,C2_FUNCTIONAL_OR_LOWER,iconicity|cross_script_validation
053,41,8,0.3116432440857783,toki,1,0.654176860258757,0.8577025366433702,0.345823139741243,1,0.0,0.9703657150609888,0.819515306122449,143.27970361830896,0.2857142857142857,False,C2_FUNCTIONAL_OR_LOWER,cross_script_validation
053,41,8,0.3116432440857783,moray_eel,2,0.6382084479282554,0.8786274154796608,0.3617915520717446,1,0.0,0.9703657150609888,0.819515306122449,143.27970361830896,0.2857142857142857,False,C2_FUNCTIONAL_OR_LOWER,cross_script_validation
053,41,8,0.3116432440857783,octopus,3,0.637072886805282,0.8801015312857653,0.36292711319471804,1,0.0,0.9703657150609888,0.819515306122449,143.27970361830896,0.2857142857142857,False,C2_FUNCTIONAL_OR_LOWER,cross_script_validation
053,41,8,0.3116432440857783,fairy_tern,4,0.6335517356049866,0.8846611120200036,0.36644826439501343,1,0.0,0.9703657150609888,0.819515306122449,143.27970361830896,0.2857142857142857,False,C2_FUNCTIONAL_OR_LOWER,cross_script_validation
053,41,8,0.3116432440857783,sun,5,0.633304456326217,0.8849806762289281,0.366695543673783,1,0.0,0.9703657150609888,0.819515306122449,143.27970361830896,0.2857142857142857,False,C2_FUNCTIONAL_OR_LOWER,cross_script_validation
070,41,8,0.29754290245341214,moai,1,0.6762198299768347,0.8281770771305503,0.3237801700231653,2,0.0,0.9703657150609888,0.819515306122449,143.27970361830896,0.2857142857142857,False,C2_FUNCTIONAL_OR_LOWER,cross_script_validation
070,41,8,0.29754290245341214,moray_eel,2,0.6693044947546278,0.8375240263841636,0.33069550524537217,1,0.0,0.9703657150609888,0.819515306122449,143.27970361830896,0.2857142857142857,False,C2_FUNCTIONAL_OR_LOWER,cross_script_validation
070,41,8,0.29754290245341214,sun,3,0.6613995053651733,0.8481131743649083,0.33860049463482667,1,0.0,0.9703657150609888,0.819515306122449,143.27970361830896,0.2857142857142857,False,C2_FUNCTIONAL_OR_LOWER,cross_script_validation
070,41,8,0.29754290245341214,octopus,4,0.6551472646816469,0.8564187996278687,0.34485273531835314,1,0.0,0.9703657150609888,0.819515306122449,143.27970361830896,0.2857142857142857,False,C2_FUNCTIONAL_OR_LOWER,cross_script_validation
070,41,8,0.29754290245341214,fairy_tern,5,0.6488842543338853,0.8646791833516014,0.3511157456661147,1,0.0,0.9703657150609888,0.819515306122449,143.27970361830896,0.2857142857142857,False,C2_FUNCTIONAL_OR_LOWER,cross_script_validation
052,40,8,0.4408779032848162,toki,1,0.7839472334446137,0.6697977674285469,0.2160527665553863,1,0.0,0.9703657150609888,0.819515306122449,143.27970361830896,0.2857142857142857,False,C2_FUNCTIONAL_OR_LOWER,cross_script_validation
052,40,8,0.4408779032848162,moai,2,0.6626666000843182,0.8464225298061382,0.3373333999156818,2,0.0,0.9703657150609888,0.819515306122449,143.27970361830896,0.2857142857142857,False,C2_FUNCTIONAL_OR_LOWER,cross_script_validation
052,40,8,0.4408779032848162,octopus,3,0.6443804451771136,0.8705835083439637,0.35561955482288643,1,0.0,0.9703657150609888,0.819515306122449,143.27970361830896,0.2857142857142857,False,C2_FUNCTIONAL_OR_LOWER,cross_script_validation
052,40,8,0.4408779032848162,moray_eel,4,0.6418178029040069,0.873929947462684,0.3581821970959931,1,0.0,0.9703657150609888,0.819515306122449,143.27970361830896,0.2857142857142857,False,C2_FUNCTIONAL_OR_LOWER,cross_script_validation
052,40,8,0.4408779032848162,sun,5,0.6340603975931219,0.8840034943361549,0.36593960240687806,1,0.0,0.9703657150609888,0.819515306122449,143.27970361830896,0.2857142857142857,False,C2_FUNCTIONAL_OR_LOWER,cross_script_validation
064,40,8,0.29965071692896983,toki,1,0.6178515275069822,0.9047889674204804,0.38214847249301775,1,0.0,0.9703657150609888,0.819515306122449,143.27970361830896,0.2857142857142857,False,C2_FUNCTIONAL_OR_LOWER,cross_script_validation
064,40,8,0.29965071692896983,octopus,2,0.5696113165523294,0.9647634493897747,0.43038868344767056,1,0.0,0.9703657150609888,0.819515306122449,143.27970361830896,0.2857142857142857,False,C2_FUNCTIONAL_OR_LOWER,iconicity|cross_script_validation
064,40,8,0.29965071692896983,sun,3,0.5662760318230896,0.9688157179857833,0.4337239681769104,1,0.0,0.9703657150609888,0.819515306122449,143.27970361830896,0.2857142857142857,False,C2_FUNCTIONAL_OR_LOWER,iconicity|cross_script_validation
064,40,8,0.29965071692896983,fairy_tern,4,0.5617435645063881,0.9743045240968434,0.43825643549361193,1,0.0,0.9703657150609888,0.819515306122449,143.27970361830896,0.2857142857142857,False,C2_FUNCTIONAL_OR_LOWER,iconicity|cross_script_validation
064,40,8,0.29965071692896983,moray_eel,5,0.5569238498660148,0.9801188359780633,0.44307615013398516,1,0.0,0.9703657150609888,0.819515306122449,143.27970361830896,0.2857142857142857,False,C2_FUNCTIONAL_OR_LOWER,iconicity|cross_script_validation
_,40,8,0.6372609244420993,toki,1,0.7457092951604671,0.7291975451176164,0.25429070483953287,1,0.0,0.9703657150609888,0.819515306122449,143.27970361830896,0.2857142857142857,False,C2_FUNCTIONAL_OR_LOWER,cross_script_validation
_,40,8,0.6372609244420993,octopus,2,0.7347321512961591,0.7455245792730788,0.2652678487038409,1,0.0,0.9703657150609888,0.819515306122449,143.27970361830896,0.2857142857142857,False,C2_FUNCTIONAL_OR_LOWER,cross_script_validation
_,40,8,0.6372609244420993,moray_eel,3,0.7299465747004379,0.7525525432459327,0.2700534252995621,1,0.0,0.9703657150609888,0.819515306122449,143.27970361830896,0.2857142857142857,False,C2_FUNCTIONAL_OR_LOWER,cross_script_validation
_,40,8,0.6372609244420993,fairy_tern,4,0.729097539824492,0.7537939001769859,0.270902460175508,1,0.0,0.9703657150609888,0.819515306122449,143.27970361830896,0.2857142857142857,False,C2_FUNCTIONAL_OR_LOWER,cross_script_validation
_,40,8,0.6372609244420993,sun,5,0.72515615717699,0.7595351795865801,0.27484384282301,1,0.0,0.9703657150609888,0.819515306122449,143.27970361830896,0.2857142857142857,False,C2_FUNCTIONAL_OR_LOWER,cross_script_validation
025,38,8,0.4801617028928075,moray_eel,1,0.7019144914430078,0.7927144711835932,0.29808550855699223,1,0.0,0.9703657150609888,0.819515306122449,143.27970361830896,0.2857142857142857,False,C2_FUNCTIONAL_OR_LOWER,cross_script_validation
025,38,8,0.4801617028928075,moai,2,0.695562864176927,0.8015932970254015,0.30443713582307297,2,0.0,0.9703657150609888,0.819515306122449,143.27970361830896,0.2857142857142857,False,C2_FUNCTIONAL_OR_LOWER,cross_script_validation
025,38,8,0.4801617028928075,fairy_tern,3,0.6799810574363329,0.8230595268647258,0.32001894256366714,1,0.0,0.9703657150609888,0.819515306122449,143.27970361830896,0.2857142857142857,False,C2_FUNCTIONAL_OR_LOWER,cross_script_validation
025,38,8,0.4801617028928075,octopus,4,0.6786936653513814,0.8248138834749423,0.3213063346486186,1,0.0,0.9703657150609888,0.819515306122449,143.27970361830896,0.2857142857142857,False,C2_FUNCTIONAL_OR_LOWER,cross_script_validation
025,38,8,0.4801617028928075,sun,5,0.6737270064632598,0.8315556155176512,0.3262729935367402,1,0.0,0.9703657150609888,0.819515306122449,143.27970361830896,0.2857142857142857,False,C2_FUNCTIONAL_OR_LOWER,cross_script_validation
044,38,8,0.331036393397246,moray_eel,1,0.5359274831555345,1.0051903921822642,0.4640725168444655,1,0.0,0.9703657150609888,0.819515306122449,143.27970361830896,0.2857142857142857,False,C2_FUNCTIONAL_OR_LOWER,iconicity|cross_script_validation
044,38,8,0.331036393397246,octopus,2,0.5257488798861106,1.0172010805002403,0.47425112011388937,1,0.0,0.9703657150609888,0.819515306122449,143.27970361830896,0.2857142857142857,False,C2_FUNCTIONAL_OR_LOWER,iconicity|cross_script_validation
044,38,8,0.331036393397246,fairy_tern,3,0.522804277222129,1.0206590249160559,0.47719572277787103,1,0.0,0.9703657150609888,0.819515306122449,143.27970361830896,0.2857142857142857,False,C2_FUNCTIONAL_OR_LOWER,iconicity|cross_script_validation
044,38,8,0.331036393397246,sun,4,0.5186295212609011,1.025549057634635,0.4813704787390989,1,0.0,0.9703657150609888,0.819515306122449,143.27970361830896,0.2857142857142857,False,C2_FUNCTIONAL_OR_LOWER,iconicity|cross_script_validation
044,38,8,0.331036393397246,moai,5,0.5028973151274598,1.0438487763154702,0.49710268487254017,2,0.0,0.9703657150609888,0.819515306122449,143.27970361830896,0.2857142857142857,False,C2_FUNCTIONAL_OR_LOWER,iconicity|cross_script_validation
048,34,8,0.4486789489187277,toki,1,0.6467425674352979,0.8674905404261067,0.3532574325647021,1,0.0,0.9703657150609888,0.819515306122449,143.27970361830896,0.2857142857142857,False,C2_FUNCTIONAL_OR_LOWER,cross_script_validation
048,34,8,0.4486789489187277,moai,2,0.6077265960591371,0.9176015839384476,0.39227340394086285,2,0.0,0.9703657150609888,0.819515306122449,143.27970361830896,0.2857142857142857,False,C2_FUNCTIONAL_OR_LOWER,cross_script_validation
048,34,8,0.4486789489187277,octopus,3,0.6043200839493934,0.9218841066380424,0.3956799160506066,1,0.0,0.9703657150609888,0.819515306122449,143.27970361830896,0.2857142857142857,False,C2_FUNCTIONAL_OR_LOWER,cross_script_validation
048,34,8,0.4486789489187277,moray_eel,4,0.604161053425425,0.9220836926534094,0.39583894657457497,1,0.0,0.9703657150609888,0.819515306122449,143.27970361830896,0.2857142857142857,False,C2_FUNCTIONAL_OR_LOWER,cross_script_validation
048,34,8,0.4486789489187277,sun,5,0.6030057599214698,0.923532700527019,0.39699424007853024,1,0.0,0.9703657150609888,0.819515306122449,143.27970361830896,0.2857142857142857,False,C2_FUNCTIONAL_OR_LOWER,cross_script_validation
091,34,8,0.34257479554991344,moray_eel,1,0.6394363153837179,0.8770314434648036,0.3605636846162821,1,0.0,0.9703657150609888,0.819515306122449,143.27970361830896,0.2857142857142857,False,C2_FUNCTIONAL_OR_LOWER,cross_script_validation
091,34,8,0.34257479554991344,fairy_tern,2,0.6165147152979784,0.9064879753784706,0.3834852847020216,1,0.0,0.9703657150609888,0.819515306122449,143.27970361830896,0.2857142857142857,False,C2_FUNCTIONAL_OR_LOWER,cross_script_validation
091,34,8,0.34257479554991344,reimiro,3,0.6057868183392242,0.9200419025949055,0.3942131816607758,1,0.0,0.9703657150609888,0.819515306122449,143.27970361830896,0.2857142857142857,False,C2_FUNCTIONAL_OR_LOWER,cross_script_validation
091,34,8,0.34257479554991344,sun,4,0.6043976781986357,0.9217867135662196,0.39560232180136434,1,0.0,0.9703657150609888,0.819515306122449,143.27970361830896,0.2857142857142857,False,C2_FUNCTIONAL_OR_LOWER,cross_script_validation
091,34,8,0.34257479554991344,octopus,5,0.6003482928959064,0.9268597807658753,0.3996517071040936,1,0.0,0.9703657150609888,0.819515306122449,143.27970361830896,0.2857142857142857,False,C2_FUNCTIONAL_OR_LOWER,cross_script_validation
400,34,8,0.4626596648271639,moai,1,0.7724205522764076,0.6881527334489816,0.2275794477235924,2,0.0,0.9703657150609888,0.819515306122449,143.27970361830896,0.2857142857142857,False,C2_FUNCTIONAL_OR_LOWER,cross_script_validation
400,34,8,0.4626596648271639,sun,2,0.7653277321611319,0.699245965510279,0.23467226783886808,1,0.0,0.9703657150609888,0.819515306122449,143.27970361830896,0.2857142857142857,False,C2_FUNCTIONAL_OR_LOWER,cross_script_validation
400,34,8,0.4626596648271639,fairy_tern,3,0.7617524102071591,0.7047826094315504,0.23824758979284089,1,0.0,0.9703657150609888,0.819515306122449,143.27970361830896,0.2857142857142857,False,C2_FUNCTIONAL_OR_LOWER,cross_script_validation
400,34,8,0.4626596648271639,hand,4,0.7582814371474537,0.7101233950637355,0.24171856285254634,1,0.0,0.9703657150609888,0.819515306122449,143.27970361830896,0.2857142857142857,False,C2_FUNCTIONAL_OR_LOWER,cross_script_validation
400,34,8,0.4626596648271639,octopus,5,0.7574741502748596,0.7113608129207486,0.24252584972514035,1,0.0,0.9703657150609888,0.819515306122449,143.27970361830896,0.2857142857142857,False,C2_FUNCTIONAL_OR_LOWER,cross_script_validation
066,33,8,0.38728128607521034,toki,1,0.6627255132030965,0.8463438623924996,0.3372744867969035,1,0.0,0.9703657150609888,0.819515306122449,143.27970361830896,0.2857142857142857,False,C2_FUNCTIONAL_OR_LOWER,cross_script_validation
066,33,8,0.38728128607521034,moray_eel,2,0.6061687454187815,0.9195617819936015,0.3938312545812185,1,0.0,0.9703657150609888,0.819515306122449,143.27970361830896,0.2857142857142857,False,C2_FUNCTIONAL_OR_LOWER,cross_script_validation
066,33,8,0.38728128607521034,octopus,3,0.6010287182402653,0.9260086991724619,0.39897128175973473,1,0.0,0.9703657150609888,0.819515306122449,143.27970361830896,0.2857142857142857,False,C2_FUNCTIONAL_OR_LOWER,cross_script_validation
066,33,8,0.38728128607521034,moai,4,0.5995645781706181,0.92783938427135,0.40043542182938185,2,0.0,0.9703657150609888,0.819515306122449,143.27970361830896,0.2857142857142857,False,C2_FUNCTIONAL_OR_LOWER,iconicity|cross_script_validation
066,33,8,0.38728128607521034,sun,5,0.5975725793623318,0.9303260537046271,0.40242742063766823,1,0.0,0.9703657150609888,0.819515306122449,143.27970361830896,0.2857142857142857,False,C2_FUNCTIONAL_OR_LOWER,iconicity|cross_script_validation
280,33,8,0.33546556626787716,moray_eel,1,0.7520156731028036,0.719681548426555,0.2479843268971964,1,0.0,0.9703657150609888,0.819515306122449,143.27970361830896,0.2857142857142857,False,C2_FUNCTIONAL_OR_LOWER,cross_script_validation
280,33,8,0.33546556626787716,moai,2,0.7386452410868566,0.7397379343234984,0.2613547589131434,2,0.0,0.9703657150609888,0.819515306122449,143.27970361830896,0.2857142857142857,False,C2_FUNCTIONAL_OR_LOWER,cross_script_validation
280,33,8,0.33546556626787716,sun,3,0.7377620258815637,0.7410472203884894,0.2622379741184363,1,0.0,0.9703657150609888,0.819515306122449,143.27970361830896,0.2857142857142857,False,C2_FUNCTIONAL_OR_LOWER,cross_script_validation
280,33,8,0.33546556626787716,fairy_tern,4,0.7364211065058786,0.7430314383508781,0.26357889349412145,1,0.0,0.9703657150609888,0.819515306122449,143.27970361830896,0.2857142857142857,False,C2_FUNCTIONAL_OR_LOWER,cross_script_validation
280,33,8,0.33546556626787716,tiger_shark,5,0.725473199614326,0.7590746415237836,0.274526800385674,2,0.0,0.9703657150609888,0.819515306122449,143.27970361830896,0.2857142857142857,False,C2_FUNCTIONAL_OR_LOWER,cross_script_validation
522,31,8,0.46166635000015,moray_eel,1,0.7552954459096368,0.7146915264574447,0.24470455409036318,1,0.0,0.9703657150609888,0.819515306122449,143.27970361830896,0.2857142857142857,False,C2_FUNCTIONAL_OR_LOWER,cross_script_validation
522,31,8,0.46166635000015,fairy_tern,2,0.7477659643129375,0.726105355697924,0.2522340356870625,1,0.0,0.9703657150609888,0.819515306122449,143.27970361830896,0.2857142857142857,False,C2_FUNCTIONAL_OR_LOWER,cross_script_validation
522,31,8,0.46166635000015,moai,3,0.7410600018272265,0.7361486387162384,0.25893999817277347,2,0.0,0.9703657150609888,0.819515306122449,143.27970361830896,0.2857142857142857,False,C2_FUNCTIONAL_OR_LOWER,cross_script_validation
522,31,8,0.46166635000015,sun,4,0.735879066569422,0.7438323031906022,0.26412093343057796,1,0.0,0.9703657150609888,0.819515306122449,143.27970361830896,0.2857142857142857,False,C2_FUNCTIONAL_OR_LOWER,cross_script_validation
522,31,8,0.46166635000015,octopus,5,0.728847278779066,0.7541594886393925,0.27115272122093403,1,0.0,0.9703657150609888,0.819515306122449,143.27970361830896,0.2857142857142857,False,C2_FUNCTIONAL_OR_LOWER,cross_script_validation
711,31,8,0.39857494505208835,toki,1,0.6302690248097088,0.8888966507541561,0.3697309751902912,1,0.0,0.9703657150609888,0.819515306122449,143.27970361830896,0.2857142857142857,False,C2_FUNCTIONAL_OR_LOWER,cross_script_validation
711,31,8,0.39857494505208835,moai,2,0.5975887631446882,0.9303058696127485,0.40241123685531177,2,0.0,0.9703657150609888,0.819515306122449,143.27970361830896,0.2857142857142857,False,C2_FUNCTIONAL_OR_LOWER,iconicity|cross_script_validation
711,31,8,0.39857494505208835,sun,3,0.569186247429505,0.9652805264702478,0.43081375257049503,1,0.0,0.9703657150609888,0.819515306122449,143.27970361830896,0.2857142857142857,False,C2_FUNCTIONAL_OR_LOWER,iconicity|cross_script_validation
711,31,8,0.39857494505208835,foot,4,0.5607041353950187,0.9755603829998224,0.43929586460498127,1,1.4901161193847656e-08,0.9703657150609888,0.819515306122449,143.27970361830896,0.2857142857142857,False,C2_FUNCTIONAL_OR_LOWER,iconicity|cross_script_validation
711,31,8,0.39857494505208835,octopus,5,0.5573523888054799,0.9796027850260663,0.4426476111945201,1,0.0,0.9703657150609888,0.819515306122449,143.27970361830896,0.2857142857142857,False,C2_FUNCTIONAL_OR_LOWER,iconicity|cross_script_validation
739,31,8,0.39312021457768526,moray_eel,1,0.6572519542140197,0.8536296039762251,0.3427480457859803,1,0.0,0.9703657150609888,0.819515306122449,143.27970361830896,0.2857142857142857,False,C2_FUNCTIONAL_OR_LOWER,cross_script_validation
739,31,8,0.39312021457768526,toki,2,0.6442778435533983,0.8707176722573887,0.35572215644660166,1,0.0,0.9703657150609888,0.819515306122449,143.27970361830896,0.2857142857142857,False,C2_FUNCTIONAL_OR_LOWER,cross_script_validation
739,31,8,0.39312021457768526,fairy_tern,3,0.6292213858585076,0.8902453078238673,0.3707786141414924,1,0.0,0.9703657150609888,0.819515306122449,143.27970361830896,0.2857142857142857,False,C2_FUNCTIONAL_OR_LOWER,cross_script_validation
739,31,8,0.39312021457768526,moai,4,0.626692665316003,0.8934945597030112,0.373307334683997,2,0.0,0.9703657150609888,0.819515306122449,143.27970361830896,0.2857142857142857,False,C2_FUNCTIONAL_OR_LOWER,cross_script_validation
739,31,8,0.39312021457768526,octopus,5,0.6248742211805731,0.895825909308111,0.3751257788194269,1,0.0,0.9703657150609888,0.819515306122449,143.27970361830896,0.2857142857142857,False,C2_FUNCTIONAL_OR_LOWER,cross_script_validation
073,30,8,0.4320785112930632,toki,1,0.7014489541369617,0.7933678656032084,0.29855104586303827,1,0.0,0.9703657150609888,0.819515306122449,143.27970361830896,0.2857142857142857,False,C2_FUNCTIONAL_OR_LOWER,cross_script_validation
073,30,8,0.4320785112930632,sun,2,0.618519239376449,0.9039394960984426,0.38148076062355096,1,0.0,0.9703657150609888,0.819515306122449,143.27970361830896,0.2857142857142857,False,C2_FUNCTIONAL_OR_LOWER,cross_script_validation
073,30,8,0.4320785112930632,octopus,3,0.6180183243864921,0.9045768195243714,0.38198167561350793,1,0.0,0.9703657150609888,0.819515306122449,143.27970361830896,0.2857142857142857,False,C2_FUNCTIONAL_OR_LOWER,cross_script_validation
073,30,8,0.4320785112930632,moai,4,0.6094388049587289,0.9154437636209867,0.39056119504127107,2,0.0,0.9703657150609888,0.819515306122449,143.27970361830896,0.2857142857142857,False,C2_FUNCTIONAL_OR_LOWER,cross_script_validation
073,30,8,0.4320785112930632,moray_eel,5,0.6029401904969821,0.9236148922788778,0.3970598095030179,1,0.0,0.9703657150609888,0.819515306122449,143.27970361830896,0.2857142857142857,False,C2_FUNCTIONAL_OR_LOWER,cross_script_validation
059,29,8,0.44142774392124284,moray_eel,1,0.7486980418161249,0.7247004330858449,0.25130195818387513,1,0.0,0.9703657150609888,0.819515306122449,143.27970361830896,0.2857142857142857,False,C2_FUNCTIONAL_OR_LOWER,cross_script_validation
059,29,8,0.44142774392124284,fairy_tern,2,0.742016614496735,0.7347227957661084,0.25798338550326505,1,0.0,0.9703657150609888,0.819515306122449,143.27970361830896,0.2857142857142857,False,C2_FUNCTIONAL_OR_LOWER,cross_script_validation
059,29,8,0.44142774392124284,moai,3,0.7397282961665237,0.7381298351150175,0.2602717038334763,2,0.0,0.9703657150609888,0.819515306122449,143.27970361830896,0.2857142857142857,False,C2_FUNCTIONAL_OR_LOWER,cross_script_validation
059,29,8,0.44142774392124284,octopus,4,0.7316551295574293,0.7500494960411835,0.2683448704425707,1,0.0,0.9703657150609888,0.819515306122449,143.27970361830896,0.2857142857142857,False,C2_FUNCTIONAL_OR_LOWER,cross_script_validation
059,29,8,0.44142774392124284,sun,5,0.7234959593797361,0.7619431587907352,0.2765040406202639,1,0.0,0.9703657150609888,0.819515306122449,143.27970361830896,0.2857142857142857,False,C2_FUNCTIONAL_OR_LOWER,cross_script_validation
067,29,8,0.42474863630978377,toki,1,0.754312858134417,0.7161894880419495,0.24568714186558305,1,0.0,0.9703657150609888,0.819515306122449,143.27970361830896,0.2857142857142857,False,C2_FUNCTIONAL_OR_LOWER,cross_script_validation
067,29,8,0.42474863630978377,moai,2,0.654128782947839,0.8577661004993976,0.34587121705216095,2,0.0,0.9703657150609888,0.819515306122449,143.27970361830896,0.2857142857142857,False,C2_FUNCTIONAL_OR_LOWER,cross_script_validation
067,29,8,0.42474863630978377,octopus,3,0.6536749672575533,0.858365926152144,0.34632503274244675,1,0.0,0.9703657150609888,0.819515306122449,143.27970361830896,0.2857142857142857,False,C2_FUNCTIONAL_OR_LOWER,cross_script_validation
067,29,8,0.42474863630978377,moray_eel,4,0.6493942479662883,0.8640087297588219,0.3506057520337117,1,0.0,0.9703657150609888,0.819515306122449,143.27970361830896,0.2857142857142857,False,C2_FUNCTIONAL_OR_LOWER,cross_script_validation
067,29,8,0.42474863630978377,sun,5,0.6438732841050385,0.8712465345145258,0.3561267158949615,1,0.0,0.9703657150609888,0.819515306122449,143.27970361830896,0.2857142857142857,False,C2_FUNCTIONAL_OR_LOWER,cross_script_validation
755,29,8,0.48457192361464696,sun,1,0.7101908633418705,0.7810270453450407,0.28980913665812946,1,0.0,0.9703657150609888,0.819515306122449,143.27970361830896,0.2857142857142857,False,C2_FUNCTIONAL_OR_LOWER,cross_script_validation
755,29,8,0.48457192361464696,moai,2,0.7098832550904767,0.7814638869418425,0.2901167449095233,2,0.0,0.9703657150609888,0.819515306122449,143.27970361830896,0.2857142857142857,False,C2_FUNCTIONAL_OR_LOWER,cross_script_validation
755,29,8,0.48457192361464696,octopus,3,0.7090147636256141,0.782696215207957,0.2909852363743859,1,0.0,0.9703657150609888,0.819515306122449,143.27970361830896,0.2857142857142857,False,C2_FUNCTIONAL_OR_LOWER,cross_script_validation
755,29,8,0.48457192361464696,fairy_tern,4,0.7067744490869289,0.785868041584478,0.2932255509130711,1,0.0,0.9703657150609888,0.819515306122449,143.27970361830896,0.2857142857142857,False,C2_FUNCTIONAL_OR_LOWER,cross_script_validation
755,29,8,0.48457192361464696,moray_eel,5,0.6995634114866841,0.796009993360682,0.3004365885133159,1,0.0,0.9703657150609888,0.819515306122449,143.27970361830896,0.2857142857142857,False,C2_FUNCTIONAL_OR_LOWER,cross_script_validation
011,28,8,0.07903411122789486,moray_eel,1,0.501419838416646,1.045557285605006,0.49858016158335405,1,0.0,0.9703657150609888,0.819515306122449,143.27970361830896,0.2857142857142857,False,C2_FUNCTIONAL_OR_LOWER,iconicity|cross_script_validation
011,28,8,0.07903411122789486,octopus,2,0.4858641086155854,1.0634447867160763,0.5141358913844146,1,0.0,0.9703657150609888,0.819515306122449,143.27970361830896,0.2857142857142857,False,C2_FUNCTIONAL_OR_LOWER,iconicity|cross_script_validation
011,28,8,0.07903411122789486,sun,3,0.48406669431325483,1.065500071325958,0.5159333056867452,1,0.0,0.9703657150609888,0.819515306122449,143.27970361830896,0.2857142857142857,False,C2_FUNCTIONAL_OR_LOWER,iconicity|cross_script_validation
011,28,8,0.07903411122789486,fairy_tern,4,0.47752337327010075,1.072962552565028,0.5224766267298993,1,0.0,0.9703657150609888,0.819515306122449,143.27970361830896,0.2857142857142857,False,C2_FUNCTIONAL_OR_LOWER,iconicity|cross_script_validation
011,28,8,0.07903411122789486,moai,5,0.4742974755208874,1.0766304593826765,0.5257025244791126,2,0.0,0.9703657150609888,0.819515306122449,143.27970361830896,0.2857142857142857,False,C2_FUNCTIONAL_OR_LOWER,iconicity|cross_script_validation
061,28,8,0.4487283912101877,toki,1,0.7512912093618992,0.7207799561915795,0.2487087906381008,1,0.0,0.9703657150609888,0.819515306122449,143.27970361830896,0.2857142857142857,False,C2_FUNCTIONAL_OR_LOWER,cross_script_validation
061,28,8,0.4487283912101877,moai,2,0.6251338802176396,0.8954932781438898,0.3748661197823604,2,0.0,0.9703657150609888,0.819515306122449,143.27970361830896,0.2857142857142857,False,C2_FUNCTIONAL_OR_LOWER,cross_script_validation
061,28,8,0.4487283912101877,octopus,3,0.6216381700306562,0.8999639969436478,0.37836182996934375,1,0.0,0.9703657150609888,0.819515306122449,143.27970361830896,0.2857142857142857,False,C2_FUNCTIONAL_OR_LOWER,cross_script_validation
061,28,8,0.4487283912101877,sun,4,0.6199445605030657,0.9021242810248923,0.3800554394969343,1,0.0,0.9703657150609888,0.819515306122449,143.27970361830896,0.2857142857142857,False,C2_FUNCTIONAL_OR_LOWER,cross_script_validation
061,28,8,0.4487283912101877,fairy_tern,5,0.60081107681294,0.9262809860616754,0.39918892318706,1,0.0,0.9703657150609888,0.819515306122449,143.27970361830896,0.2857142857142857,False,C2_FUNCTIONAL_OR_LOWER,cross_script_validation
062,28,8,0.44625279536946905,toki,1,0.7123523832131428,0.7779519702910079,0.28764761678685724,1,0.0,0.9703657150609888,0.819515306122449,143.27970361830896,0.2857142857142857,False,C2_FUNCTIONAL_OR_LOWER,cross_script_validation
062,28,8,0.44625279536946905,sun,2,0.6149262027693905,0.9085039455824693,0.3850737972306095,1,0.0,0.9703657150609888,0.819515306122449,143.27970361830896,0.2857142857142857,False,C2_FUNCTIONAL_OR_LOWER,cross_script_validation
062,28,8,0.44625279536946905,octopus,3,0.614566505450064,0.9089599947599903,0.38543349454993603,1,0.0,0.9703657150609888,0.819515306122449,143.27970361830896,0.2857142857142857,False,C2_FUNCTIONAL_OR_LOWER,cross_script_validation
062,28,8,0.44625279536946905,moai,4,0.6069662366857244,0.9185586885833145,0.39303376331427564,2,0.0,0.9703657150609888,0.819515306122449,143.27970361830896,0.2857142857142857,False,C2_FUNCTIONAL_OR_LOWER,cross_script_validation
062,28,8,0.44625279536946905,fairy_tern,5,0.5932801234113859,0.9356688674957515,0.4067198765886141,1,0.0,0.9703657150609888,0.819515306122449,143.27970361830896,0.2857142857142857,False,C2_FUNCTIONAL_OR_LOWER,iconicity|cross_script_validation
306,28,8,0.35672609821621304,fairy_tern,1,0.7687277779242679,0.6939467245029228,0.23127222207573206,1,0.0,0.9703657150609888,0.819515306122449,143.27970361830896,0.2857142857142857,False,C2_FUNCTIONAL_OR_LOWER,cross_script_validation
306,28,8,0.35672609821621304,moray_eel,2,0.7656330925234448,0.6987714049185203,0.2343669074765552,1,0.0,0.9703657150609888,0.819515306122449,143.27970361830896,0.2857142857142857,False,C2_FUNCTIONAL_OR_LOWER,cross_script_validation
306,28,8,0.35672609821621304,tiger_shark,3,0.7473905950469079,0.7266705230403172,0.25260940495309214,2,0.0,0.9703657150609888,0.819515306122449,143.27970361830896,0.2857142857142857,False,C2_FUNCTIONAL_OR_LOWER,cross_script_validation
306,28,8,0.35672609821621304,hand,4,0.743287399176278,0.7328251875694552,0.25671260082372205,1,0.0,0.9703657150609888,0.819515306122449,143.27970361830896,0.2857142857142857,False,C2_FUNCTIONAL_OR_LOWER,cross_script_validation
306,28,8,0.35672609821621304,octopus,5,0.7397376779157481,0.7381158928620902,0.26026232208425193,1,0.0,0.9703657150609888,0.819515306122449,143.27970361830896,0.2857142857142857,False,C2_FUNCTIONAL_OR_LOWER,cross_script_validation
450,28,8,0.40133226445877773,toki,1,0.6348039016178372,0.883041625334959,0.3651960983821628,1,0.0,0.9703657150609888,0.819515306122449,143.27970361830896,0.2857142857142857,False,C2_FUNCTIONAL_OR_LOWER,cross_script_validation
450,28,8,0.40133226445877773,moray_eel,2,0.6211005509807875,0.9006501576043269,0.37889944901921246,1,0.0,0.9703657150609888,0.819515306122449,143.27970361830896,0.2857142857142857,False,C2_FUNCTIONAL_OR_LOWER,cross_script_validation
450,28,8,0.40133226445877773,fairy_tern,3,0.6085874154008559,0.9165171781963075,0.3914125845991441,1,0.0,0.9703657150609888,0.819515306122449,143.27970361830896,0.2857142857142857,False,C2_FUNCTIONAL_OR_LOWER,cross_script_validation
450,28,8,0.40133226445877773,octopus,4,0.6041910214553196,0.9220460845753261,0.39580897854468045,1,0.0,0.9703657150609888,0.819515306122449,143.27970361830896,0.2857142857142857,False,C2_FUNCTIONAL_OR_LOWER,cross_script_validation
450,28,8,0.40133226445877773,reimiro,5,0.602404717060027,0.9242859211869333,0.39759528293997304,1,0.0,0.9703657150609888,0.819515306122449,143.27970361830896,0.2857142857142857,False,C2_FUNCTIONAL_OR_LOWER,cross_script_validation
741,27,8,0.32007064134064833,moai,1,0.7921997836643626,0.6563910605912336,0.2078002163356374,2,0.0,0.9703657150609888,0.819515306122449,143.27970361830896,0.2857142857142857,False,C2_FUNCTIONAL_OR_LOWER,cross_script_validation
741,27,8,0.32007064134064833,fairy_tern,2,0.7839118756885836,0.6698547180098412,0.21608812431141644,1,0.0,0.9703657150609888,0.819515306122449,143.27970361830896,0.2857142857142857,False,C2_FUNCTIONAL_OR_LOWER,cross_script_validation
741,27,8,0.32007064134064833,tiger_shark,3,0.780409467335532,0.6754759108234093,0.21959053266446804,2,0.0,0.9703657150609888,0.819515306122449,143.27970361830896,0.2857142857142857,False,C2_FUNCTIONAL_OR_LOWER,cross_script_validation
741,27,8,0.32007064134064833,moray_eel,4,0.7783359683406418,0.6787852545368475,0.22166403165935822,1,0.0,0.9703657150609888,0.819515306122449,143.27970361830896,0.2857142857142857,False,C2_FUNCTIONAL_OR_LOWER,cross_script_validation
741,27,8,0.32007064134064833,octopus,5,0.7757705533871263,0.6828610136879502,0.2242294466128737,1,0.0,0.9703657150609888,0.819515306122449,143.27970361830896,0.2857142857142857,False,C2_FUNCTIONAL_OR_LOWER,cross_script_validation
290,26,8,0.4642853000079842,moray_eel,1,0.7876693409219053,0.6637794652450296,0.21233065907809467,1,0.0,0.9703657150609888,0.819515306122449,143.27970361830896,0.2857142857142857,False,C2_FUNCTIONAL_OR_LOWER,cross_script_validation
290,26,8,0.4642853000079842,fairy_tern,2,0.7811978511010832,0.6742140450323199,0.2188021488989168,1,0.0,0.9703657150609888,0.819515306122449,143.27970361830896,0.2857142857142857,False,C2_FUNCTIONAL_OR_LOWER,cross_script_validation
290,26,8,0.4642853000079842,sun,3,0.7529675667636472,0.7182362228380167,0.24703243323635282,1,0.0,0.9703657150609888,0.819515306122449,143.27970361830896,0.2857142857142857,False,C2_FUNCTIONAL_OR_LOWER,cross_script_validation
290,26,8,0.4642853000079842,moai,4,0.7509609266112883,0.7212802642563783,0.24903907338871167,2,0.0,0.9703657150609888,0.819515306122449,143.27970361830896,0.2857142857142857,False,C2_FUNCTIONAL_OR_LOWER,cross_script_validation
290,26,8,0.4642853000079842,tiger_shark,5,0.7469396610855948,0.7273489881541507,0.25306033891440516,2,0.0,0.9703657150609888,0.819515306122449,143.27970361830896,0.2857142857142857,False,C2_FUNCTIONAL_OR_LOWER,cross_script_validation
027,25,8,0.4163271014668686,toki,1,0.6953019743809795,0.8019563542001715,0.3046980256190205,1,0.0,0.9703657150609888,0.819515306122449,143.27970361830896,0.2857142857142857,False,C2_FUNCTIONAL_OR_LOWER,cross_script_validation
027,25,8,0.4163271014668686,moai,2,0.6835495569261532,0.8181816510982846,0.31645044307384684,2,0.0,0.9703657150609888,0.819515306122449,143.27970361830896,0.2857142857142857,False,C2_FUNCTIONAL_OR_LOWER,cross_script_validation
027,25,8,0.4163271014668686,moray_eel,3,0.6594083583012847,0.8507648204413713,0.34059164169871525,1,0.0,0.9703657150609888,0.819515306122449,143.27970361830896,0.2857142857142857,False,C2_FUNCTIONAL_OR_LOWER,cross_script_validation
027,25,8,0.4163271014668686,fairy_tern,4,0.6463908150112576,0.8679516389267281,0.3536091849887424,1,0.0,0.9703657150609888,0.819515306122449,143.27970361830896,0.2857142857142857,False,C2_FUNCTIONAL_OR_LOWER,cross_script_validation
027,25,8,0.4163271014668686,octopus,5,0.645143501059929,0.8695852449439542,0.354856498940071,1,0.0,0.9703657150609888,0.819515306122449,143.27970361830896,0.2857142857142857,False,C2_FUNCTIONAL_OR_LOWER,cross_script_validation
042,25,8,0.4533318154823269,hand,1,0.7357193492386024,0.7440681528468942,0.2642806507613976,1,0.0,0.9703657150609888,0.819515306122449,143.27970361830896,0.2857142857142857,False,C2_FUNCTIONAL_OR_LOWER,cross_script_validation
042,25,8,0.4533318154823269,fairy_tern,2,0.6334611121617879,0.8847782363050868,0.3665388878382121,1,0.0,0.9703657150609888,0.819515306122449,143.27970361830896,0.2857142857142857,False,C2_FUNCTIONAL_OR_LOWER,cross_script_validation
042,25,8,0.4533318154823269,moray_eel,3,0.632878924937824,0.8855304038499767,0.36712107506217595,1,0.0,0.9703657150609888,0.819515306122449,143.27970361830896,0.2857142857142857,False,C2_FUNCTIONAL_OR_LOWER,cross_script_validation
042,25,8,0.4533318154823269,moai,4,0.6247161683489127,0.89602833646448,0.37528383165108725,2,0.0,0.9703657150609888,0.819515306122449,143.27970361830896,0.2857142857142857,False,C2_FUNCTIONAL_OR_LOWER,cross_script_validation
042,25,8,0.4533318154823269,foot,5,0.6171088151498569,0.9057331896848082,0.38289118485014306,1,1.4901161193847656e-08,0.9703657150609888,0.819515306122449,143.27970361830896,0.2857142857142857,False,C2_FUNCTIONAL_OR_LOWER,cross_script_validation
077,25,8,0.4912640236958565,toki,1,0.6351223128622703,0.8826294651395568,0.3648776871377297,1,0.0,0.9703657150609888,0.819515306122449,143.27970361830896,0.2857142857142857,False,C2_FUNCTIONAL_OR_LOWER,cross_script_validation
077,25,8,0.4912640236958565,moray_eel,2,0.6079261709791985,0.9173502522752953,0.39207382902080146,1,0.0,0.9703657150609888,0.819515306122449,143.27970361830896,0.2857142857142857,False,C2_FUNCTIONAL_OR_LOWER,cross_script_validation
077,25,8,0.4912640236958565,octopus,3,0.606751314991951,0.91882909507331,0.393248685008049,1,0.0,0.9703657150609888,0.819515306122449,143.27970361830896,0.2857142857142857,False,C2_FUNCTIONAL_OR_LOWER,cross_script_validation
077,25,8,0.4912640236958565,sun,4,0.6021712093054392,0.9245784351886427,0.3978287906945608,1,0.0,0.9703657150609888,0.819515306122449,143.27970361830896,0.2857142857142857,False,C2_FUNCTIONAL_OR_LOWER,cross_script_validation
077,25,8,0.4912640236958565,fairy_tern,5,0.6013665377545262,0.9255859493767097,0.3986334622454738,1,0.0,0.9703657150609888,0.819515306122449,143.27970361830896,0.2857142857142857,False,C2_FUNCTIONAL_OR_LOWER,cross_script_validation
254,25,8,0.37032543465968176,tiger_shark,1,0.7874201383152737,0.6641838459207418,0.2125798616847263,2,0.0,0.9703657150609888,0.819515306122449,143.27970361830896,0.2857142857142857,False,C2_FUNCTIONAL_OR_LOWER,cross_script_validation
254,25,8,0.37032543465968176,fairy_tern,2,0.7841165641449008,0.6695249704225278,0.21588343585509917,1,0.0,0.9703657150609888,0.819515306122449,143.27970361830896,0.2857142857142857,False,C2_FUNCTIONAL_OR_LOWER,cross_script_validation
254,25,8,0.37032543465968176,moray_eel,3,0.7733495401249183,0.6866887131741576,0.2266504598750817,1,0.0,0.9703657150609888,0.819515306122449,143.27970361830896,0.2857142857142857,False,C2_FUNCTIONAL_OR_LOWER,cross_script_validation
254,25,8,0.37032543465968176,octopus,4,0.7715576822978997,0.6895102252862391,0.22844231770210033,1,0.0,0.9703657150609888,0.819515306122449,143.27970361830896,0.2857142857142857,False,C2_FUNCTIONAL_OR_LOWER,cross_script_validation
254,25,8,0.37032543465968176,moai,5,0.7702570017247102,0.6915522808550748,0.22974299827528977,2,0.0,0.9703657150609888,0.819515306122449,143.27970361830896,0.2857142857142857,False,C2_FUNCTIONAL_OR_LOWER,cross_script_validation
381,24,8,0.31704400131579474,moai,1,0.7702881118635638,0.6915034970758298,0.22971188813643617,2,0.0,0.9703657150609888,0.819515306122449,143.27970361830896,0.2857142857142857,False,C2_FUNCTIONAL_OR_LOWER,cross_script_validation
381,24,8,0.31704400131579474,moray_eel,2,0.7465878642120426,0.7278779349453329,0.2534121357879574,1,0.0,0.9703657150609888,0.819515306122449,143.27970361830896,0.2857142857142857,False,C2_FUNCTIONAL_OR_LOWER,cross_script_validation
381,24,8,0.31704400131579474,sun,3,0.7453742063287335,0.7297003350664817,0.2546257936712665,1,0.0,0.9703657150609888,0.819515306122449,143.27970361830896,0.2857142857142857,False,C2_FUNCTIONAL_OR_LOWER,cross_script_validation
381,24,8,0.31704400131579474,octopus,4,0.74459017742376,0.7308756423804909,0.25540982257624,1,0.0,0.9703657150609888,0.819515306122449,143.27970361830896,0.2857142857142857,False,C2_FUNCTIONAL_OR_LOWER,cross_script_validation
381,24,8,0.31704400131579474,fairy_tern,5,0.744523078052494,0.7309761568527131,0.25547692194750604,1,0.0,0.9703657150609888,0.819515306122449,143.27970361830896,0.2857142857142857,False,C2_FUNCTIONAL_OR_LOWER,cross_script_validation
760,23,8,0.356153011967546,moai,1,0.8052738796614306,0.6346590734238794,0.1947261203385694,2,0.0,0.9703657150609888,0.819515306122449,143.27970361830896,0.2857142857142857,False,C2_FUNCTIONAL_OR_LOWER,cross_script_validation
760,23,8,0.356153011967546,fairy_tern,2,0.8037872384234004,0.6371622146738328,0.19621276157659961,1,0.0,0.9703657150609888,0.819515306122449,143.27970361830896,0.2857142857142857,False,C2_FUNCTIONAL_OR_LOWER,cross_script_validation
760,23,8,0.356153011967546,tiger_shark,3,0.8004056447585168,0.6428247291512484,0.19959435524148317,2,0.0,0.9703657150609888,0.819515306122449,143.27970361830896,0.2857142857142857,False,C2_FUNCTIONAL_OR_LOWER,cross_script_validation
760,23,8,0.356153011967546,octopus,4,0.7999396097929734,0.6436017523857435,0.2000603902070266,1,0.0,0.9703657150609888,0.819515306122449,143.27970361830896,0.2857142857142857,False,C2_FUNCTIONAL_OR_LOWER,cross_script_validation
760,23,8,0.356153011967546,sun,5,0.7968142545231544,0.6487920466351381,0.20318574547684565,1,0.0,0.9703657150609888,0.819515306122449,143.27970361830896,0.2857142857142857,False,C2_FUNCTIONAL_OR_LOWER,cross_script_validation
079,22,8,0.41543974813065265,toki,1,0.6349644664216539,0.882833803327232,0.36503553357834606,1,0.0,0.9703657150609888,0.819515306122449,143.27970361830896,0.2857142857142857,False,C2_FUNCTIONAL_OR_LOWER,cross_script_validation
079,22,8,0.41543974813065265,sun,2,0.6303244990735717,0.888825195924536,0.3696755009264283,1,0.0,0.9703657150609888,0.819515306122449,143.27970361830896,0.2857142857142857,False,C2_FUNCTIONAL_OR_LOWER,cross_script_validation
079,22,8,0.41543974813065265,octopus,3,0.6283398167751466,0.8913790382299588,0.3716601832248534,1,0.0,0.9703657150609888,0.819515306122449,143.27970361830896,0.2857142857142857,False,C2_FUNCTIONAL_OR_LOWER,cross_script_validation
079,22,8,0.41543974813065265,fairy_tern,4,0.61760266198188,0.9051054321801303,0.38239733801812004,1,0.0,0.9703657150609888,0.819515306122449,143.27970361830896,0.2857142857142857,False,C2_FUNCTIONAL_OR_LOWER,cross_script_validation
079,22,8,0.41543974813065265,reimiro,5,0.6155898750183965,0.9076620699064095,0.38441012498160354,1,0.0,0.9703657150609888,0.819515306122449,143.27970361830896,0.2857142857142857,False,C2_FUNCTIONAL_OR_LOWER,cross_script_validation
208,22,8,0.3998922737890119,moai,1,0.7916636443981052,0.6572691000377848,0.20833635560189478,2,0.0,0.9703657150609888,0.819515306122449,143.27970361830896,0.2857142857142857,False,C2_FUNCTIONAL_OR_LOWER,cross_script_validation
208,22,8,0.3998922737890119,sun,2,0.7915036734295197,0.6575308922674228,0.20849632657048034,1,0.0,0.9703657150609888,0.819515306122449,143.27970361830896,0.2857142857142857,False,C2_FUNCTIONAL_OR_LOWER,cross_script_validation
208,22,8,0.3998922737890119,moray_eel,3,0.7835708432558948,0.6704038073835265,0.21642915674410523,1,0.0,0.9703657150609888,0.819515306122449,143.27970361830896,0.2857142857142857,False,C2_FUNCTIONAL_OR_LOWER,cross_script_validation
208,22,8,0.3998922737890119,fairy_tern,4,0.7829147432093317,0.6714591128140251,0.21708525679066826,1,0.0,0.9703657150609888,0.819515306122449,143.27970361830896,0.2857142857142857,False,C2_FUNCTIONAL_OR_LOWER,cross_script_validation
208,22,8,0.3998922737890119,tiger_shark,5,0.7822251058332447,0.672566852774103,0.21777489416675533,2,0.0,0.9703657150609888,0.819515306122449,143.27970361830896,0.2857142857142857,False,C2_FUNCTIONAL_OR_LOWER,cross_script_validation
607,22,8,0.4514049033285559,hand,1,0.7969531308634001,0.6485621694400762,0.20304686913659986,1,0.0,0.9703657150609888,0.819515306122449,143.27970361830896,0.2857142857142857,False,C2_FUNCTIONAL_OR_LOWER,cross_script_validation
607,22,8,0.4514049033285559,fairy_tern,2,0.7904668054754905,0.6592255784283536,0.20953319452450947,1,0.0,0.9703657150609888,0.819515306122449,143.27970361830896,0.2857142857142857,False,C2_FUNCTIONAL_OR_LOWER,cross_script_validation
607,22,8,0.4514049033285559,tiger_shark,3,0.77676410303904,0.6812849601848037,0.22323589696096002,2,0.0,0.9703657150609888,0.819515306122449,143.27970361830896,0.2857142857142857,False,C2_FUNCTIONAL_OR_LOWER,cross_script_validation
607,22,8,0.4514049033285559,moray_eel,4,0.7645424287586166,0.700465177827868,0.23545757124138345,1,0.0,0.9703657150609888,0.819515306122449,143.27970361830896,0.2857142857142857,False,C2_FUNCTIONAL_OR_LOWER,cross_script_validation
607,22,8,0.4514049033285559,moai,5,0.7641751845534587,0.7010347331583626,0.23582481544654132,2,0.0,0.9703657150609888,0.819515306122449,143.27970361830896,0.2857142857142857,False,C2_FUNCTIONAL_OR_LOWER,cross_script_validation
069,21,8,0.38839586603076615,toki,1,0.679044855859245,0.8243355911570445,0.320955144140755,1,0.0,0.9703657150609888,0.819515306122449,143.27970361830896,0.2857142857142857,False,C2_FUNCTIONAL_OR_LOWER,cross_script_validation
069,21,8,0.38839586603076615,moray_eel,2,0.6173747058931298,0.9053952388868903,0.3826252941068702,1,0.0,0.9703657150609888,0.819515306122449,143.27970361830896,0.2857142857142857,False,C2_FUNCTIONAL_OR_LOWER,cross_script_validation
069,21,8,0.38839586603076615,octopus,3,0.6068377474864427,0.9187203556311847,0.3931622525135573,1,0.0,0.9703657150609888,0.819515306122449,143.27970361830896,0.2857142857142857,False,C2_FUNCTIONAL_OR_LOWER,cross_script_validation
069,21,8,0.38839586603076615,fairy_tern,4,0.6018923625161958,0.9249276606475932,0.3981076374838042,1,0.0,0.9703657150609888,0.819515306122449,143.27970361830896,0.2857142857142857,False,C2_FUNCTIONAL_OR_LOWER,cross_script_validation
069,21,8,0.38839586603076615,sun,5,0.5895105523627716,0.940343551588406,0.4104894476372284,1,0.0,0.9703657150609888,0.819515306122449,143.27970361830896,0.2857142857142857,False,C2_FUNCTIONAL_OR_LOWER,iconicity|cross_script_validation
071,21,8,0.4466097688718754,toki,1,0.7505662805376386,0.7218776960507813,0.24943371946236137,1,0.0,0.9703657150609888,0.819515306122449,143.27970361830896,0.2857142857142857,False,C2_FUNCTIONAL_OR_LOWER,cross_script_validation
071,21,8,0.4466097688718754,moai,2,0.6762428515489768,0.8281458270891756,0.3237571484510232,2,0.0,0.9703657150609888,0.819515306122449,143.27970361830896,0.2857142857142857,False,C2_FUNCTIONAL_OR_LOWER,cross_script_validation
071,21,8,0.4466097688718754,sun,3,0.6467818244055102,0.8674390688169057,0.35321817559448976,1,0.0,0.9703657150609888,0.819515306122449,143.27970361830896,0.2857142857142857,False,C2_FUNCTIONAL_OR_LOWER,cross_script_validation
071,21,8,0.4466097688718754,octopus,4,0.6440708676591521,0.8709882718973635,0.3559291323408479,1,0.0,0.9703657150609888,0.819515306122449,143.27970361830896,0.2857142857142857,False,C2_FUNCTIONAL_OR_LOWER,cross_script_validation
071,21,8,0.4466097688718754,moray_eel,5,0.6306699529315785,0.888380133249221,0.36933004706842154,1,0.0,0.9703657150609888,0.819515306122449,143.27970361830896,0.2857142857142857,False,C2_FUNCTIONAL_OR_LOWER,cross_script_validation
385,21,8,0.4644422133703473,moai,1,0.8038887213518717,0.6369916116327369,0.19611127864812827,2,0.0,0.9703657150609888,0.819515306122449,143.27970361830896,0.2857142857142857,False,C2_FUNCTIONAL_OR_LOWER,cross_script_validation
385,21,8,0.4644422133703473,octopus,2,0.7875699395492556,0.6639407887502067,0.21243006045074442,1,0.0,0.9703657150609888,0.819515306122449,143.27970361830896,0.2857142857142857,False,C2_FUNCTIONAL_OR_LOWER,cross_script_validation
385,21,8,0.4644422133703473,sun,3,0.7845770303721823,0.6687826690709763,0.2154229696278177,1,0.0,0.9703657150609888,0.819515306122449,143.27970361830896,0.2857142857142857,False,C2_FUNCTIONAL_OR_LOWER,cross_script_validation
385,21,8,0.4644422133703473,tiger_shark,4,0.7790379748021938,0.6776663630116588,0.22096202519780617,2,0.0,0.9703657150609888,0.819515306122449,143.27970361830896,0.2857142857142857,False,C2_FUNCTIONAL_OR_LOWER,cross_script_validation
385,21,8,0.4644422133703473,fairy_tern,5,0.7764605766117532,0.6817667644126185,0.22353942338824684,1,0.0,0.9703657150609888,0.819515306122449,143.27970361830896,0.2857142857142857,False,C2_FUNCTIONAL_OR_LOWER,cross_script_validation
745,20,8,0.3528317380638016,moai,1,0.7807001273266704,0.6750109198088188,0.21929987267332962,2,0.0,0.9703657150609888,0.819515306122449,143.27970361830896,0.2857142857142857,False,C2_FUNCTIONAL_OR_LOWER,cross_script_validation
745,20,8,0.3528317380638016,sun,2,0.7686117657662738,0.6941280938705471,0.23138823423372623,1,0.0,0.9703657150609888,0.819515306122449,143.27970361830896,0.2857142857142857,False,C2_FUNCTIONAL_OR_LOWER,cross_script_validation
745,20,8,0.3528317380638016,octopus,3,0.7608054538449027,0.706243005718147,0.23919454615509728,1,0.0,0.9703657150609888,0.819515306122449,143.27970361830896,0.2857142857142857,False,C2_FUNCTIONAL_OR_LOWER,cross_script_validation
745,20,8,0.3528317380638016,tiger_shark,4,0.7594426987798868,0.7083402703809126,0.2405573012201132,2,0.0,0.9703657150609888,0.819515306122449,143.27970361830896,0.2857142857142857,False,C2_FUNCTIONAL_OR_LOWER,cross_script_validation
745,20,8,0.3528317380638016,fairy_tern,5,0.7571622117822063,0.711838479843137,0.24283778821779367,1,0.0,0.9703657150609888,0.819515306122449,143.27970361830896,0.2857142857142857,False,C2_FUNCTIONAL_OR_LOWER,cross_script_validation
076,19,8,0.6131035970623437,moai,1,0.7346800978287711,0.7456013106685655,0.2653199021712289,2,0.0,0.9703657150609888,0.819515306122449,143.27970361830896,0.2857142857142857,False,C2_FUNCTIONAL_OR_LOWER,cross_script_validation
076,19,8,0.6131035970623437,octopus,2,0.7256363894103447,0.7588375037150062,0.2743636105896553,1,0.0,0.9703657150609888,0.819515306122449,143.27970361830896,0.2857142857142857,False,C2_FUNCTIONAL_OR_LOWER,cross_script_validation
076,19,8,0.6131035970623437,sun,3,0.7231050163073421,0.762509305313722,0.27689498369265786,1,0.0,0.9703657150609888,0.819515306122449,143.27970361830896,0.2857142857142857,False,C2_FUNCTIONAL_OR_LOWER,cross_script_validation
076,19,8,0.6131035970623437,toki,4,0.7192028246196887,0.7681420350433332,0.28079717538031135,1,0.0,0.9703657150609888,0.819515306122449,143.27970361830896,0.2857142857142857,False,C2_FUNCTIONAL_OR_LOWER,cross_script_validation
076,19,8,0.6131035970623437,fairy_tern,5,0.7118716010173813,0.7786367809940612,0.28812839898261866,1,0.0,0.9703657150609888,0.819515306122449,143.27970361830896,0.2857142857142857,False,C2_FUNCTIONAL_OR_LOWER,cross_script_validation
093,19,8,0.3399136494621787,moray_eel,1,0.669238916500303,0.8376122857211289,0.330761083499697,1,0.0,0.9703657150609888,0.819515306122449,143.27970361830896,0.2857142857142857,False,C2_FUNCTIONAL_OR_LOWER,cross_script_validation
093,19,8,0.3399136494621787,fairy_tern,2,0.6473453668937613,0.8666999346403933,0.3526546331062387,1,0.0,0.9703657150609888,0.819515306122449,143.27970361830896,0.2857142857142857,False,C2_FUNCTIONAL_OR_LOWER,cross_script_validation
093,19,8,0.3399136494621787,toki,3,0.6451416932140183,0.8695876110418134,0.35485830678598174,1,0.0,0.9703657150609888,0.819515306122449,143.27970361830896,0.2857142857142857,False,C2_FUNCTIONAL_OR_LOWER,cross_script_validation
093,19,8,0.3399136494621787,moai,4,0.6428759971251676,0.872549238804266,0.35712400287483237,2,0.0,0.9703657150609888,0.819515306122449,143.27970361830896,0.2857142857142857,False,C2_FUNCTIONAL_OR_LOWER,cross_script_validation
093,19,8,0.3399136494621787,octopus,5,0.6404959545766031,0.8756524284246037,0.35950404542339687,1,0.0,0.9703657150609888,0.819515306122449,143.27970361830896,0.2857142857142857,False,C2_FUNCTIONAL_OR_LOWER,cross_script_validation
605,19,8,0.4050812777628795,fairy_tern,1,0.8032977440740103,0.6379845524787113,0.19670225592598967,1,0.0,0.9703657150609888,0.819515306122449,143.27970361830896,0.2857142857142857,False,C2_FUNCTIONAL_OR_LOWER,cross_script_validation
605,19,8,0.4050812777628795,moray_eel,2,0.794880344062238,0.6519859754771508,0.20511965593776205,1,0.0,0.9703657150609888,0.819515306122449,143.27970361830896,0.2857142857142857,False,C2_FUNCTIONAL_OR_LOWER,cross_script_validation
605,19,8,0.4050812777628795,tiger_shark,3,0.7904111345326484,0.6593164637093535,0.20958886546735156,2,0.0,0.9703657150609888,0.819515306122449,143.27970361830896,0.2857142857142857,False,C2_FUNCTIONAL_OR_LOWER,cross_script_validation
605,19,8,0.4050812777628795,hand,4,0.7861252103675392,0.666281771078674,0.21387478963246076,1,0.0,0.9703657150609888,0.819515306122449,143.27970361830896,0.2857142857142857,False,C2_FUNCTIONAL_OR_LOWER,cross_script_validation
605,19,8,0.4050812777628795,moai,5,0.7762103121744978,0.6821638079050268,0.22378968782550224,2,0.0,0.9703657150609888,0.819515306122449,143.27970361830896,0.2857142857142857,False,C2_FUNCTIONAL_OR_LOWER,cross_script_validation
631,19,8,0.405782447424374,sun,1,0.7497904914658526,0.7230509380888759,0.25020950853414736,1,0.0,0.9703657150609888,0.819515306122449,143.27970361830896,0.2857142857142857,False,C2_FUNCTIONAL_OR_LOWER,cross_script_validation
631,19,8,0.405782447424374,moai,2,0.7435595476414039,0.7324182797851884,0.25644045235859614,2,0.0,0.9703657150609888,0.819515306122449,143.27970361830896,0.2857142857142857,False,C2_FUNCTIONAL_OR_LOWER,cross_script_validation
631,19,8,0.405782447424374,octopus,3,0.7416617397274038,0.7352520032184939,0.2583382602725962,1,0.0,0.9703657150609888,0.819515306122449,143.27970361830896,0.2857142857142857,False,C2_FUNCTIONAL_OR_LOWER,cross_script_validation
631,19,8,0.405782447424374,fairy_tern,4,0.7370998977185937,0.7420275375493102,0.26290010228140626,1,0.0,0.9703657150609888,0.819515306122449,143.27970361830896,0.2857142857142857,False,C2_FUNCTIONAL_OR_LOWER,cross_script_validation
631,19,8,0.405782447424374,moray_eel,5,0.7340329712838293,0.7465547005316016,0.26596702871617073,1,0.0,0.9703657150609888,0.819515306122449,143.27970361830896,0.2857142857142857,False,C2_FUNCTIONAL_OR_LOWER,cross_script_validation
205,18,8,0.45570974209466303,moray_eel,1,0.8192388199443088,0.6107139331117779,0.1807611800556912,1,0.0,0.9703657150609888,0.819515306122449,143.27970361830896,0.2857142857142857,False,C2_FUNCTIONAL_OR_LOWER,cross_script_validation
205,18,8,0.45570974209466303,fairy_tern,2,0.8095448519015639,0.6274199300310048,0.1904551480984361,1,0.0,0.9703657150609888,0.819515306122449,143.27970361830896,0.2857142857142857,False,C2_FUNCTIONAL_OR_LOWER,cross_script_validation
205,18,8,0.45570974209466303,moai,3,0.787734440451117,0.66367379389982,0.21226555954888304,2,0.0,0.9703657150609888,0.819515306122449,143.27970361830896,0.2857142857142857,False,C2_FUNCTIONAL_OR_LOWER,cross_script_validation
205,18,8,0.45570974209466303,tiger_shark,4,0.786857241955254,0.6650964891482036,0.21314275804474603,2,0.0,0.9703657150609888,0.819515306122449,143.27970361830896,0.2857142857142857,False,C2_FUNCTIONAL_OR_LOWER,cross_script_validation
205,18,8,0.45570974209466303,sun,5,0.7767358044840758,0.6813298921407436,0.22326419551592425,1,0.0,0.9703657150609888,0.819515306122449,143.27970361830896,0.2857142857142857,False,C2_FUNCTIONAL_OR_LOWER,cross_script_validation
730,18,8,0.48240672129347506,sun,1,0.7263787666012718,0.7577579752785244,0.27362123339872824,1,0.0,0.9703657150609888,0.819515306122449,143.27970361830896,0.2857142857142857,False,C2_FUNCTIONAL_OR_LOWER,cross_script_validation
730,18,8,0.48240672129347506,moai,2,0.722481801730797,0.7634111241222926,0.277518198269203,2,0.0,0.9703657150609888,0.819515306122449,143.27970361830896,0.2857142857142857,False,C2_FUNCTIONAL_OR_LOWER,cross_script_validation
730,18,8,0.48240672129347506,moray_eel,3,0.7186908008474254,0.7688786909735064,0.2813091991525746,1,0.0,0.9703657150609888,0.819515306122449,143.27970361830896,0.2857142857142857,False,C2_FUNCTIONAL_OR_LOWER,cross_script_validation
730,18,8,0.48240672129347506,octopus,4,0.7174815641354351,0.7706162153211957,0.28251843586456493,1,0.0,0.9703657150609888,0.819515306122449,143.27970361830896,0.2857142857142857,False,C2_FUNCTIONAL_OR_LOWER,cross_script_validation
730,18,8,0.48240672129347506,fairy_tern,5,0.7052040463835164,0.788085429298956,0.2947959536164836,1,0.0,0.9703657150609888,0.819515306122449,143.27970361830896,0.2857142857142857,False,C2_FUNCTIONAL_OR_LOWER,cross_script_validation
034,17,8,0.45883854343792096,moai,1,0.7598294323627006,0.7077456143336889,0.24017056763729938,2,0.0,0.9703657150609888,0.819515306122449,143.27970361830896,0.2857142857142857,False,C2_FUNCTIONAL_OR_LOWER,cross_script_validation
034,17,8,0.45883854343792096,moray_eel,2,0.7533512024168906,0.7176530463833897,0.24664879758310942,1,0.0,0.9703657150609888,0.819515306122449,143.27970361830896,0.2857142857142857,False,C2_FUNCTIONAL_OR_LOWER,cross_script_validation
034,17,8,0.45883854343792096,octopus,3,0.7436239227097147,0.7323220012901714,0.25637607729028533,1,0.0,0.9703657150609888,0.819515306122449,143.27970361830896,0.2857142857142857,False,C2_FUNCTIONAL_OR_LOWER,cross_script_validation
034,17,8,0.45883854343792096,fairy_tern,4,0.7422162736064143,0.7344249175649147,0.2577837263935857,1,0.0,0.9703657150609888,0.819515306122449,143.27970361830896,0.2857142857142857,False,C2_FUNCTIONAL_OR_LOWER,cross_script_validation
034,17,8,0.45883854343792096,sun,5,0.7335074613962721,0.7473281943580662,0.2664925386037279,1,0.0,0.9703657150609888,0.819515306122449,143.27970361830896,0.2857142857142857,False,C2_FUNCTIONAL_OR_LOWER,cross_script_validation
047,17,8,0.44313434699404386,toki,1,0.6630677919362575,0.845886704979411,0.33693220806374247,1,0.0,0.9703657150609888,0.819515306122449,143.27970361830896,0.2857142857142857,False,C2_FUNCTIONAL_OR_LOWER,cross_script_validation
047,17,8,0.44313434699404386,moai,2,0.6510227747939865,0.861865241282945,0.3489772252060135,2,0.0,0.9703657150609888,0.819515306122449,143.27970361830896,0.2857142857142857,False,C2_FUNCTIONAL_OR_LOWER,cross_script_validation
047,17,8,0.44313434699404386,sun,3,0.6483940083361405,0.8653233149179718,0.35160599166385953,1,0.0,0.9703657150609888,0.819515306122449,143.27970361830896,0.2857142857142857,False,C2_FUNCTIONAL_OR_LOWER,cross_script_validation
047,17,8,0.44313434699404386,octopus,4,0.6417624897957691,0.8740020748959212,0.3582375102042309,1,0.0,0.9703657150609888,0.819515306122449,143.27970361830896,0.2857142857142857,False,C2_FUNCTIONAL_OR_LOWER,cross_script_validation
047,17,8,0.44313434699404386,foot,5,0.6288323372896735,0.8907457667971374,0.37116766271032653,1,1.4901161193847656e-08,0.9703657150609888,0.819515306122449,143.27970361830896,0.2857142857142857,False,C2_FUNCTIONAL_OR_LOWER,cross_script_validation
660,17,8,0.4559122188213598,hand,1,0.8121211131316166,0.6230181294744418,0.1878788868683834,1,0.0,0.9703657150609888,0.819515306122449,143.27970361830896,0.2857142857142857,False,C2_FUNCTIONAL_OR_LOWER,cross_script_validation
660,17,8,0.4559122188213598,tiger_shark,2,0.8032804194977284,0.6380136406026702,0.19671958050227156,2,0.0,0.9703657150609888,0.819515306122449,143.27970361830896,0.2857142857142857,False,C2_FUNCTIONAL_OR_LOWER,cross_script_validation
660,17,8,0.4559122188213598,moai,3,0.8009668840702769,0.6418878996810583,0.19903311592972306,2,0.0,0.9703657150609888,0.819515306122449,143.27970361830896,0.2857142857142857,False,C2_FUNCTIONAL_OR_LOWER,cross_script_validation
660,17,8,0.4559122188213598,fairy_tern,4,0.8007719475821303,0.6422134237121156,0.19922805241786967,1,0.0,0.9703657150609888,0.819515306122449,143.27970361830896,0.2857142857142857,False,C2_FUNCTIONAL_OR_LOWER,cross_script_validation
660,17,8,0.4559122188213598,moray_eel,5,0.7896874845236924,0.6604968864617041,0.21031251547630758,1,0.0,0.9703657150609888,0.819515306122449,143.27970361830896,0.2857142857142857,False,C2_FUNCTIONAL_OR_LOWER,cross_script_validation
017,16,8,0.3356058685166333,moray_eel,1,0.5600684131887886,0.9763279489921411,0.43993158681121136,1,0.0,0.9703657150609888,0.819515306122449,143.27970361830896,0.2857142857142857,False,C2_FUNCTIONAL_OR_LOWER,iconicity|cross_script_validation
017,16,8,0.3356058685166333,octopus,2,0.5515142042565963,0.9866179434898036,0.44848579574340375,1,0.0,0.9703657150609888,0.819515306122449,143.27970361830896,0.2857142857142857,False,C2_FUNCTIONAL_OR_LOWER,iconicity|cross_script_validation
017,16,8,0.3356058685166333,fairy_tern,3,0.5469076697520164,0.9921302534262071,0.45309233024798357,1,0.0,0.9703657150609888,0.819515306122449,143.27970361830896,0.2857142857142857,False,C2_FUNCTIONAL_OR_LOWER,iconicity|cross_script_validation
017,16,8,0.3356058685166333,sun,4,0.5353800427441373,1.0058386820750638,0.4646199572558627,1,0.0,0.9703657150609888,0.819515306122449,143.27970361830896,0.2857142857142857,False,C2_FUNCTIONAL_OR_LOWER,iconicity|cross_script_validation
017,16,8,0.3356058685166333,reimiro,5,0.5280736886678805,1.0144657529984422,0.4719263113321195,1,0.0,0.9703657150609888,0.819515306122449,143.27970361830896,0.2857142857142857,False,C2_FUNCTIONAL_OR_LOWER,iconicity|cross_script_validation
092,16,8,0.2623767563565864,moray_eel,1,0.6226070032324367,0.8987265351726799,0.3773929967675633,1,0.0,0.9703657150609888,0.819515306122449,143.27970361830896,0.2857142857142857,False,C2_FUNCTIONAL_OR_LOWER,cross_script_validation
092,16,8,0.2623767563565864,moai,2,0.5991555453366335,0.928350369022771,0.4008444546633665,2,0.0,0.9703657150609888,0.819515306122449,143.27970361830896,0.2857142857142857,False,C2_FUNCTIONAL_OR_LOWER,iconicity|cross_script_validation
092,16,8,0.2623767563565864,fairy_tern,3,0.5973604485212174,0.930590591011885,0.4026395514787826,1,0.0,0.9703657150609888,0.819515306122449,143.27970361830896,0.2857142857142857,False,C2_FUNCTIONAL_OR_LOWER,iconicity|cross_script_validation
092,16,8,0.2623767563565864,sun,4,0.5938942696162698,0.9349057345668067,0.4061057303837302,1,0.0,0.9703657150609888,0.819515306122449,143.27970361830896,0.2857142857142857,False,C2_FUNCTIONAL_OR_LOWER,iconicity|cross_script_validation
092,16,8,0.2623767563565864,octopus,5,0.58809037400828,0.942100593198879,0.41190962599172,1,0.0,0.9703657150609888,0.819515306122449,143.27970361830896,0.2857142857142857,False,C2_FUNCTIONAL_OR_LOWER,iconicity|cross_script_validation
326,16,8,0.29962909613609556,moray_eel,1,0.7857064164884713,0.6669590656398888,0.21429358351152872,1,0.0,0.9703657150609888,0.819515306122449,143.27970361830896,0.2857142857142857,False,C2_FUNCTIONAL_OR_LOWER,cross_script_validation
326,16,8,0.29962909613609556,fairy_tern,2,0.7840386055131497,0.6696505758705198,0.21596139448685026,1,0.0,0.9703657150609888,0.819515306122449,143.27970361830896,0.2857142857142857,False,C2_FUNCTIONAL_OR_LOWER,cross_script_validation
326,16,8,0.29962909613609556,tiger_shark,3,0.7810744392731066,0.6744117061326279,0.2189255607268934,2,0.0,0.9703657150609888,0.819515306122449,143.27970361830896,0.2857142857142857,False,C2_FUNCTIONAL_OR_LOWER,cross_script_validation
326,16,8,0.29962909613609556,moai,4,0.7714545472687913,0.6896723307224034,0.22854545273120874,2,0.0,0.9703657150609888,0.819515306122449,143.27970361830896,0.2857142857142857,False,C2_FUNCTIONAL_OR_LOWER,cross_script_validation
326,16,8,0.29962909613609556,sun,5,0.7690540747200437,0.6934363913191619,0.23094592527995628,1,0.0,0.9703657150609888,0.819515306122449,143.27970361830896,0.2857142857142857,False,C2_FUNCTIONAL_OR_LOWER,cross_script_validation
080,15,8,0.23986022843804822,moray_eel,1,0.6832965524327268,0.8185282218951409,0.3167034475672732,1,0.0,0.9703657150609888,0.819515306122449,143.27970361830896,0.2857142857142857,False,C2_FUNCTIONAL_OR_LOWER,cross_script_validation
080,15,8,0.23986022843804822,moai,2,0.6715561481554625,0.8344893365610341,0.3284438518445375,2,0.0,0.9703657150609888,0.819515306122449,143.27970361830896,0.2857142857142857,False,C2_FUNCTIONAL_OR_LOWER,cross_script_validation
080,15,8,0.23986022843804822,fairy_tern,3,0.665136158724221,0.8431201817003369,0.33486384127577895,1,0.0,0.9703657150609888,0.819515306122449,143.27970361830896,0.2857142857142857,False,C2_FUNCTIONAL_OR_LOWER,cross_script_validation
080,15,8,0.23986022843804822,octopus,4,0.6555227502589577,0.8559216905002025,0.3444772497410423,1,0.0,0.9703657150609888,0.819515306122449,143.27970361830896,0.2857142857142857,False,C2_FUNCTIONAL_OR_LOWER,cross_script_validation
080,15,8,0.23986022843804822,sun,5,0.6519068926823423,0.8606999022599767,0.34809310731765775,1,0.0,0.9703657150609888,0.819515306122449,143.27970361830896,0.2857142857142857,False,C2_FUNCTIONAL_OR_LOWER,cross_script_validation
203,15,8,0.31838879149427907,moray_eel,1,0.7866922339841583,0.6653638209969092,0.21330776601584167,1,0.0,0.9703657150609888,0.819515306122449,143.27970361830896,0.2857142857142857,False,C2_FUNCTIONAL_OR_LOWER,cross_script_validation
203,15,8,0.31838879149427907,fairy_tern,2,0.784630937039336,0.6686957224476805,0.21536906296066405,1,0.0,0.9703657150609888,0.819515306122449,143.27970361830896,0.2857142857142857,False,C2_FUNCTIONAL_OR_LOWER,cross_script_validation
203,15,8,0.31838879149427907,tiger_shark,3,0.7635530090497687,0.7019987828571463,0.23644699095023125,2,0.0,0.9703657150609888,0.819515306122449,143.27970361830896,0.2857142857142857,False,C2_FUNCTIONAL_OR_LOWER,cross_script_validation
203,15,8,0.31838879149427907,octopus,4,0.7483973901349857,0.725153849374752,0.25160260986501426,1,0.0,0.9703657150609888,0.819515306122449,143.27970361830896,0.2857142857142857,False,C2_FUNCTIONAL_OR_LOWER,cross_script_validation
203,15,8,0.31838879149427907,moai,5,0.7436490553355211,0.7322844104713809,0.25635094466447894,2,0.0,0.9703657150609888,0.819515306122449,143.27970361830896,0.2857142857142857,False,C2_FUNCTIONAL_OR_LOWER,cross_script_validation
630,15,8,0.5165025152314805,fairy_tern,1,0.7687754016165531,0.6938722598337386,0.2312245983834469,1,0.0,0.9703657150609888,0.819515306122449,143.27970361830896,0.2857142857142857,False,C2_FUNCTIONAL_OR_LOWER,cross_script_validation
630,15,8,0.5165025152314805,moray_eel,2,0.7634087905944764,0.7022220898664046,0.23659120940552358,1,0.0,0.9703657150609888,0.819515306122449,143.27970361830896,0.2857142857142857,False,C2_FUNCTIONAL_OR_LOWER,cross_script_validation
630,15,8,0.5165025152314805,sun,3,0.7610450657217295,0.7058737127436394,0.23895493427827053,1,0.0,0.9703657150609888,0.819515306122449,143.27970361830896,0.2857142857142857,False,C2_FUNCTIONAL_OR_LOWER,cross_script_validation
630,15,8,0.5165025152314805,octopus,4,0.7583058393306453,0.7100859634164202,0.24169416066935467,1,0.0,0.9703657150609888,0.819515306122449,143.27970361830896,0.2857142857142857,False,C2_FUNCTIONAL_OR_LOWER,cross_script_validation
630,15,8,0.5165025152314805,moai,5,0.7456046132039642,0.7293546473831024,0.2543953867960358,2,0.0,0.9703657150609888,0.819515306122449,143.27970361830896,0.2857142857142857,False,C2_FUNCTIONAL_OR_LOWER,cross_script_validation
028,14,8,0.23372826565370886,moray_eel,1,0.6930813444456251,0.8050414660234544,0.3069186555543749,1,0.0,0.9703657150609888,0.819515306122449,143.27970361830896,0.2857142857142857,False,C2_FUNCTIONAL_OR_LOWER,cross_script_validation
028,14,8,0.23372826565370886,moai,2,0.6842153235514189,0.817269132172342,0.3157846764485811,2,0.0,0.9703657150609888,0.819515306122449,143.27970361830896,0.2857142857142857,False,C2_FUNCTIONAL_OR_LOWER,cross_script_validation
028,14,8,0.23372826565370886,fairy_tern,3,0.6692291684433829,0.8376254046699275,0.33077083155661713,1,0.0,0.9703657150609888,0.819515306122449,143.27970361830896,0.2857142857142857,False,C2_FUNCTIONAL_OR_LOWER,cross_script_validation
028,14,8,0.23372826565370886,octopus,4,0.6610626159971716,0.8485622510454487,0.33893738400282836,1,0.0,0.9703657150609888,0.819515306122449,143.27970361830896,0.2857142857142857,False,C2_FUNCTIONAL_OR_LOWER,cross_script_validation
028,14,8,0.23372826565370886,sun,5,0.6575825752183344,0.8531908391683486,0.3424174247816656,1,0.0,0.9703657150609888,0.819515306122449,143.27970361830896,0.2857142857142857,False,C2_FUNCTIONAL_OR_LOWER,cross_script_validation
045,14,8,0.36135771111977427,moray_eel,1,0.561916932594029,0.9740949531627656,0.438083067405971,1,0.0,0.9703657150609888,0.819515306122449,143.27970361830896,0.2857142857142857,False,C2_FUNCTIONAL_OR_LOWER,iconicity|cross_script_validation
045,14,8,0.36135771111977427,octopus,2,0.5535835284902688,0.9841351913961762,0.4464164715097312,1,0.0,0.9703657150609888,0.819515306122449,143.27970361830896,0.2857142857142857,False,C2_FUNCTIONAL_OR_LOWER,iconicity|cross_script_validation
045,14,8,0.36135771111977427,sun,3,0.5505771408117729,0.9877408812212993,0.4494228591882271,1,0.0,0.9703657150609888,0.819515306122449,143.27970361830896,0.2857142857142857,False,C2_FUNCTIONAL_OR_LOWER,iconicity|cross_script_validation
045,14,8,0.36135771111977427,moai,4,0.5468606086244826,0.9921864653958256,0.4531393913755174,2,0.0,0.9703657150609888,0.819515306122449,143.27970361830896,0.2857142857142857,False,C2_FUNCTIONAL_OR_LOWER,iconicity|cross_script_validation
045,14,8,0.36135771111977427,fairy_tern,5,0.5423126914071155,0.9976090300501338,0.45768730859288453,1,0.0,0.9703657150609888,0.819515306122449,143.27970361830896,0.2857142857142857,False,C2_FUNCTIONAL_OR_LOWER,iconicity|cross_script_validation
099,14,8,0.47918619481597546,moai,1,0.7735750433419534,0.6863329413719859,0.22642495665804663,2,0.0,0.9703657150609888,0.819515306122449,143.27970361830896,0.2857142857142857,False,C2_FUNCTIONAL_OR_LOWER,cross_script_validation
099,14,8,0.47918619481597546,moray_eel,2,0.7632055641599,0.7025366644824506,0.23679443584009996,1,0.0,0.9703657150609888,0.819515306122449,143.27970361830896,0.2857142857142857,False,C2_FUNCTIONAL_OR_LOWER,cross_script_validation
099,14,8,0.47918619481597546,fairy_tern,3,0.7625204948249064,0.7035962248727891,0.23747950517509364,1,0.0,0.9703657150609888,0.819515306122449,143.27970361830896,0.2857142857142857,False,C2_FUNCTIONAL_OR_LOWER,cross_script_validation
099,14,8,0.47918619481597546,sun,4,0.7563917559857143,0.7130171361972074,0.2436082440142857,1,0.0,0.9703657150609888,0.819515306122449,143.27970361830896,0.2857142857142857,False,C2_FUNCTIONAL_OR_LOWER,cross_script_validation
099,14,8,0.47918619481597546,octopus,5,0.7461877086297456,0.7284792104146872,0.2538122913702544,1,0.0,0.9703657150609888,0.819515306122449,143.27970361830896,0.2857142857142857,False,C2_FUNCTIONAL_OR_LOWER,cross_script_validation
207,14,8,0.5307870055502286,fairy_tern,1,0.8103719533810015,0.6260096660737787,0.18962804661899846,1,0.0,0.9703657150609888,0.819515306122449,143.27970361830896,0.2857142857142857,False,C2_FUNCTIONAL_OR_LOWER,cross_script_validation
207,14,8,0.5307870055502286,hand,2,0.8065843566908787,0.6324454718512789,0.1934156433091213,1,0.0,0.9703657150609888,0.819515306122449,143.27970361830896,0.2857142857142857,False,C2_FUNCTIONAL_OR_LOWER,cross_script_validation
207,14,8,0.5307870055502286,moray_eel,3,0.8004091898440142,0.6428188153174106,0.1995908101559858,1,0.0,0.9703657150609888,0.819515306122449,143.27970361830896,0.2857142857142857,False,C2_FUNCTIONAL_OR_LOWER,cross_script_validation
207,14,8,0.5307870055502286,tiger_shark,4,0.7913804955535855,0.6577324121912628,0.20861950444641453,2,0.0,0.9703657150609888,0.819515306122449,143.27970361830896,0.2857142857142857,False,C2_FUNCTIONAL_OR_LOWER,cross_script_validation
207,14,8,0.5307870055502286,octopus,5,0.779542672033591,0.676860990332381,0.22045732796640904,1,0.0,0.9703657150609888,0.819515306122449,143.27970361830896,0.2857142857142857,False,C2_FUNCTIONAL_OR_LOWER,cross_script_validation
037,13,8,0.5120038853602004,toki,1,0.6386224230215105,0.8780895703109338,0.3613775769784895,1,0.0,0.9703657150609888,0.819515306122449,143.27970361830896,0.2857142857142857,False,C2_FUNCTIONAL_OR_LOWER,cross_script_validation
037,13,8,0.5120038853602004,moai,2,0.5782266831092032,0.9542428268080928,0.4217733168907968,2,0.0,0.9703657150609888,0.819515306122449,143.27970361830896,0.2857142857142857,False,C2_FUNCTIONAL_OR_LOWER,iconicity|cross_script_validation
037,13,8,0.5120038853602004,sun,3,0.5761071679485845,0.9568382819424707,0.4238928320514155,1,0.0,0.9703657150609888,0.819515306122449,143.27970361830896,0.2857142857142857,False,C2_FUNCTIONAL_OR_LOWER,iconicity|cross_script_validation
037,13,8,0.5120038853602004,octopus,4,0.5740415361740767,0.95936319361105,0.4259584638259233,1,0.0,0.9703657150609888,0.819515306122449,143.27970361830896,0.2857142857142857,False,C2_FUNCTIONAL_OR_LOWER,iconicity|cross_script_validation
037,13,8,0.5120038853602004,moray_eel,5,0.5655173088535923,0.969735966574771,0.4344826911464077,1,0.0,0.9703657150609888,0.819515306122449,143.27970361830896,0.2857142857142857,False,C2_FUNCTIONAL_OR_LOWER,iconicity|cross_script_validation
206,13,8,0.34372259657025794,moray_eel,1,0.7797585846182001,0.676516200314448,0.22024141538179987,1,0.0,0.9703657150609888,0.819515306122449,143.27970361830896,0.2857142857142857,False,C2_FUNCTIONAL_OR_LOWER,cross_script_validation
206,13,8,0.34372259657025794,fairy_tern,2,0.7777450631415833,0.6797258658996962,0.22225493685841669,1,0.0,0.9703657150609888,0.819515306122449,143.27970361830896,0.2857142857142857,False,C2_FUNCTIONAL_OR_LOWER,cross_script_validation
206,13,8,0.34372259657025794,tiger_shark,3,0.7463515006660861,0.7282331448211914,0.25364849933391387,2,0.0,0.9703657150609888,0.819515306122449,143.27970361830896,0.2857142857142857,False,C2_FUNCTIONAL_OR_LOWER,cross_script_validation
206,13,8,0.34372259657025794,octopus,4,0.7375189926950791,0.7414071662925236,0.26248100730492085,1,0.0,0.9703657150609888,0.819515306122449,143.27970361830896,0.2857142857142857,False,C2_FUNCTIONAL_OR_LOWER,cross_script_validation
206,13,8,0.34372259657025794,sun,5,0.7190748998248838,0.76832613489018,0.2809251001751162,1,0.0,0.9703657150609888,0.819515306122449,143.27970361830896,0.2857142857142857,False,C2_FUNCTIONAL_OR_LOWER,cross_script_validation
240,13,8,0.45276735787640365,sun,1,0.8045946149246231,0.6358038428375478,0.19540538507537686,1,0.0,0.9703657150609888,0.819515306122449,143.27970361830896,0.2857142857142857,False,C2_FUNCTIONAL_OR_LOWER,cross_script_validation
240,13,8,0.45276735787640365,octopus,2,0.7911001500913067,0.658190863605688,0.20889984990869326,1,0.0,0.9703657150609888,0.819515306122449,143.27970361830896,0.2857142857142857,False,C2_FUNCTIONAL_OR_LOWER,cross_script_validation
240,13,8,0.45276735787640365,tiger_shark,3,0.7898612618083757,0.6602135835455478,0.21013873819162432,2,0.0,0.9703657150609888,0.819515306122449,143.27970361830896,0.2857142857142857,False,C2_FUNCTIONAL_OR_LOWER,cross_script_validation
240,13,8,0.45276735787640365,fairy_tern,4,0.7866409250608006,0.6654469287799257,0.21335907493919937,1,0.0,0.9703657150609888,0.819515306122449,143.27970361830896,0.2857142857142857,False,C2_FUNCTIONAL_OR_LOWER,cross_script_validation
240,13,8,0.45276735787640365,moai,5,0.7817708491225975,0.673295668176117,0.21822915087740247,2,0.0,0.9703657150609888,0.819515306122449,143.27970361830896,0.2857142857142857,False,C2_FUNCTIONAL_OR_LOWER,cross_script_validation
244,13,8,0.35257768040003723,fairy_tern,1,0.7722691180700092,0.6883911361248694,0.2277308819299908,1,0.0,0.9703657150609888,0.819515306122449,143.27970361830896,0.2857142857142857,False,C2_FUNCTIONAL_OR_LOWER,cross_script_validation
244,13,8,0.35257768040003723,tiger_shark,2,0.7685553541759494,0.6942162715058552,0.23144464582405055,2,0.0,0.9703657150609888,0.819515306122449,143.27970361830896,0.2857142857142857,False,C2_FUNCTIONAL_OR_LOWER,cross_script_validation
244,13,8,0.35257768040003723,moray_eel,3,0.7587721877662342,0.7093702962680124,0.24122781223376577,1,0.0,0.9703657150609888,0.819515306122449,143.27970361830896,0.2857142857142857,False,C2_FUNCTIONAL_OR_LOWER,cross_script_validation
244,13,8,0.35257768040003723,moai,4,0.7570715792206111,0.7119772145997423,0.24292842077938892,2,0.0,0.9703657150609888,0.819515306122449,143.27970361830896,0.2857142857142857,False,C2_FUNCTIONAL_OR_LOWER,cross_script_validation
244,13,8,0.35257768040003723,octopus,5,0.7543471158455931,0.7161373053323818,0.2456528841544069,1,0.0,0.9703657150609888,0.819515306122449,143.27970361830896,0.2857142857142857,False,C2_FUNCTIONAL_OR_LOWER,cross_script_validation
305,13,8,0.44635884210411203,fairy_tern,1,0.76388255827802,0.7014882893079637,0.23611744172198001,1,0.0,0.9703657150609888,0.819515306122449,143.27970361830896,0.2857142857142857,False,C2_FUNCTIONAL_OR_LOWER,cross_script_validation
305,13,8,0.44635884210411203,moray_eel,2,0.763736716571873,0.7017142457871827,0.23626328342812697,1,0.0,0.9703657150609888,0.819515306122449,143.27970361830896,0.2857142857142857,False,C2_FUNCTIONAL_OR_LOWER,cross_script_validation
305,13,8,0.44635884210411203,moai,3,0.7618930136515771,0.7045655569831375,0.23810698634842287,2,0.0,0.9703657150609888,0.819515306122449,143.27970361830896,0.2857142857142857,False,C2_FUNCTIONAL_OR_LOWER,cross_script_validation
305,13,8,0.44635884210411203,sun,4,0.7552840677270125,0.7147088873646822,0.2447159322729875,1,0.0,0.9703657150609888,0.819515306122449,143.27970361830896,0.2857142857142857,False,C2_FUNCTIONAL_OR_LOWER,cross_script_validation
305,13,8,0.44635884210411203,octopus,5,0.7503890910655184,0.7221458010649394,0.24961090893448157,1,0.0,0.9703657150609888,0.819515306122449,143.27970361830896,0.2857142857142857,False,C2_FUNCTIONAL_OR_LOWER,cross_script_validation
360,13,8,0.45674362346384045,sun,1,0.75354878243729,0.7173525468294715,0.24645121756271005,1,0.0,0.9703657150609888,0.819515306122449,143.27970361830896,0.2857142857142857,False,C2_FUNCTIONAL_OR_LOWER,cross_script_validation
360,13,8,0.45674362346384045,fairy_tern,2,0.7532130532859962,0.7178630960287997,0.2467869467140038,1,0.0,0.9703657150609888,0.819515306122449,143.27970361830896,0.2857142857142857,False,C2_FUNCTIONAL_OR_LOWER,cross_script_validation
360,13,8,0.45674362346384045,moai,3,0.7522141974183013,0.7193803121720734,0.2477858025816987,2,0.0,0.9703657150609888,0.819515306122449,143.27970361830896,0.2857142857142857,False,C2_FUNCTIONAL_OR_LOWER,cross_script_validation
360,13,8,0.45674362346384045,octopus,4,0.7500130793921166,0.7227144734095283,0.2499869206078834,1,0.0,0.9703657150609888,0.819515306122449,143.27970361830896,0.2857142857142857,False,C2_FUNCTIONAL_OR_LOWER,cross_script_validation
360,13,8,0.45674362346384045,moray_eel,5,0.7397201890133652,0.738141883013809,0.2602798109866348,1,0.0,0.9703657150609888,0.819515306122449,143.27970361830896,0.2857142857142857,False,C2_FUNCTIONAL_OR_LOWER,cross_script_validation
021,12,8,0.4823197764229408,moray_eel,1,0.7369987994847268,0.7421771267931144,0.2630012005152732,1,0.0,0.9703657150609888,0.819515306122449,143.27970361830896,0.2857142857142857,False,C2_FUNCTIONAL_OR_LOWER,cross_script_validation
021,12,8,0.4823197764229408,moai,2,0.7348163717432722,0.7454004174086718,0.2651836282567278,2,0.0,0.9703657150609888,0.819515306122449,143.27970361830896,0.2857142857142857,False,C2_FUNCTIONAL_OR_LOWER,cross_script_validation
021,12,8,0.4823197764229408,fairy_tern,3,0.7175348426635618,0.7705397261617202,0.2824651573364382,1,0.0,0.9703657150609888,0.819515306122449,143.27970361830896,0.2857142857142857,False,C2_FUNCTIONAL_OR_LOWER,cross_script_validation
021,12,8,0.4823197764229408,octopus,4,0.7142929215427025,0.775183075030035,0.2857070784572975,1,0.0,0.9703657150609888,0.819515306122449,143.27970361830896,0.2857142857142857,False,C2_FUNCTIONAL_OR_LOWER,cross_script_validation
021,12,8,0.4823197764229408,tiger_shark,5,0.7091691489078539,0.7824772650214036,0.2908308510921461,2,0.0,0.9703657150609888,0.819515306122449,143.27970361830896,0.2857142857142857,False,C2_FUNCTIONAL_OR_LOWER,cross_script_validation
049,12,8,0.46975758267023476,toki,1,0.7185376712937979,0.7690988917048385,0.28146232870620214,1,0.0,0.9703657150609888,0.819515306122449,143.27970361830896,0.2857142857142857,False,C2_FUNCTIONAL_OR_LOWER,cross_script_validation
049,12,8,0.46975758267023476,moray_eel,2,0.6446152560215236,0.8702764079418224,0.3553847439784764,1,0.0,0.9703657150609888,0.819515306122449,143.27970361830896,0.2857142857142857,False,C2_FUNCTIONAL_OR_LOWER,cross_script_validation
049,12,8,0.46975758267023476,moai,3,0.6417590948666859,0.8740065016888642,0.3582409051333141,2,0.0,0.9703657150609888,0.819515306122449,143.27970361830896,0.2857142857142857,False,C2_FUNCTIONAL_OR_LOWER,cross_script_validation
049,12,8,0.46975758267023476,octopus,4,0.6415355294497593,0.8742979820947199,0.35846447055024067,1,0.0,0.9703657150609888,0.819515306122449,143.27970361830896,0.2857142857142857,False,C2_FUNCTIONAL_OR_LOWER,cross_script_validation
049,12,8,0.46975758267023476,fairy_tern,5,0.6409531372306709,0.8750569608011569,0.35904686276932907,1,0.0,0.9703657150609888,0.819515306122449,143.27970361830896,0.2857142857142857,False,C2_FUNCTIONAL_OR_LOWER,cross_script_validation
078,12,8,0.4931417327628378,toki,1,0.8506357910482908,0.5536029228461484,0.1493642089517092,1,0.0,0.9703657150609888,0.819515306122449,143.27970361830896,0.2857142857142857,False,C2_FUNCTIONAL_OR_LOWER,cross_script_validation
078,12,8,0.4931417327628378,moray_eel,2,0.6641901936516409,0.8443862915568294,0.3358098063483591,1,0.0,0.9703657150609888,0.819515306122449,143.27970361830896,0.2857142857142857,False,C2_FUNCTIONAL_OR_LOWER,cross_script_validation
078,12,8,0.4931417327628378,moai,3,0.659903961300566,0.8501053946282445,0.34009603869943394,2,0.0,0.9703657150609888,0.819515306122449,143.27970361830896,0.2857142857142857,False,C2_FUNCTIONAL_OR_LOWER,cross_script_validation
078,12,8,0.4931417327628378,octopus,4,0.6391910864555451,0.8773503591271329,0.3608089135444549,1,0.0,0.9703657150609888,0.819515306122449,143.27970361830896,0.2857142857142857,False,C2_FUNCTIONAL_OR_LOWER,cross_script_validation
078,12,8,0.4931417327628378,reimiro,5,0.6351617903594721,0.882578354659289,0.36483820964052793,1,0.0,0.9703657150609888,0.819515306122449,143.27970361830896,0.2857142857142857,False,C2_FUNCTIONAL_OR_LOWER,cross_script_validation
086,12,8,0.4723418754128754,toki,1,0.7148846124241028,0.7743372521831412,0.28511538757589716,1,0.0,0.9703657150609888,0.819515306122449,143.27970361830896,0.2857142857142857,False,C2_FUNCTIONAL_OR_LOWER,cross_script_validation
086,12,8,0.4723418754128754,moray_eel,2,0.6662894528711106,0.8415746415132388,0.33371054712888937,1,0.0,0.9703657150609888,0.819515306122449,143.27970361830896,0.2857142857142857,False,C2_FUNCTIONAL_OR_LOWER,cross_script_validation
086,12,8,0.4723418754128754,moai,3,0.6492889109685263,0.8641472405141054,0.35071108903147374,2,0.0,0.9703657150609888,0.819515306122449,143.27970361830896,0.2857142857142857,False,C2_FUNCTIONAL_OR_LOWER,cross_script_validation
086,12,8,0.4723418754128754,fairy_tern,4,0.6416407624399881,0.8741607901456684,0.35835923756001187,1,0.0,0.9703657150609888,0.819515306122449,143.27970361830896,0.2857142857142857,False,C2_FUNCTIONAL_OR_LOWER,cross_script_validation
086,12,8,0.4723418754128754,octopus,5,0.6394244963294191,0.8770468158650881,0.3605755036705809,1,0.0,0.9703657150609888,0.819515306122449,143.27970361830896,0.2857142857142857,False,C2_FUNCTIONAL_OR_LOWER,cross_script_validation
330,12,8,0.26829237480760015,fairy_tern,1,0.7108209847561249,0.7801315936432779,0.2891790152438751,1,0.0,0.9703657150609888,0.819515306122449,143.27970361830896,0.2857142857142857,False,C2_FUNCTIONAL_OR_LOWER,cross_script_validation
330,12,8,0.26829237480760015,sun,2,0.7041273524361596,0.7896028845072653,0.29587264756384035,1,0.0,0.9703657150609888,0.819515306122449,143.27970361830896,0.2857142857142857,False,C2_FUNCTIONAL_OR_LOWER,cross_script_validation
330,12,8,0.26829237480760015,hand,3,0.7008860468300484,0.7941573607739332,0.2991139531699516,1,0.0,0.9703657150609888,0.819515306122449,143.27970361830896,0.2857142857142857,False,C2_FUNCTIONAL_OR_LOWER,cross_script_validation
330,12,8,0.26829237480760015,octopus,4,0.6984639299353468,0.7975474974870799,0.3015360700646532,1,0.0,0.9703657150609888,0.819515306122449,143.27970361830896,0.2857142857142857,False,C2_FUNCTIONAL_OR_LOWER,cross_script_validation
330,12,8,0.26829237480760015,moray_eel,5,0.698156968751448,0.7979763370049422,0.30184303124855205,1,0.0,0.9703657150609888,0.819515306122449,143.27970361830896,0.2857142857142857,False,C2_FUNCTIONAL_OR_LOWER,cross_script_validation
390,12,8,0.4382612581124363,hand,1,0.7544724947160378,0.715946296556426,0.24552750528396217,1,0.0,0.9703657150609888,0.819515306122449,143.27970361830896,0.2857142857142857,False,C2_FUNCTIONAL_OR_LOWER,cross_script_validation
390,12,8,0.4382612581124363,fairy_tern,2,0.7483939660671933,0.7251590119149229,0.25160603393280667,1,0.0,0.9703657150609888,0.819515306122449,143.27970361830896,0.2857142857142857,False,C2_FUNCTIONAL_OR_LOWER,cross_script_validation
390,12,8,0.4382612581124363,moray_eel,3,0.7477686558454424,0.7261013019462851,0.2522313441545576,1,0.0,0.9703657150609888,0.819515306122449,143.27970361830896,0.2857142857142857,False,C2_FUNCTIONAL_OR_LOWER,cross_script_validation
390,12,8,0.4382612581124363,sun,4,0.7306187629210027,0.7515685819417535,0.2693812370789973,1,0.0,0.9703657150609888,0.819515306122449,143.27970361830896,0.2857142857142857,False,C2_FUNCTIONAL_OR_LOWER,cross_script_validation
390,12,8,0.4382612581124363,moai,5,0.729595537581679,0.7530659869318767,0.27040446241832095,2,0.0,0.9703657150609888,0.819515306122449,143.27970361830896,0.2857142857142857,False,C2_FUNCTIONAL_OR_LOWER,cross_script_validation
770,12,8,0.4538063230114457,moai,1,0.8185247382051305,0.6119580604071098,0.1814752617948695,2,0.0,0.9703657150609888,0.819515306122449,143.27970361830896,0.2857142857142857,False,C2_FUNCTIONAL_OR_LOWER,cross_script_validation
770,12,8,0.4538063230114457,tiger_shark,2,0.8011706826578087,0.6415474252018668,0.19882931734219134,2,0.0,0.9703657150609888,0.819515306122449,143.27970361830896,0.2857142857142857,False,C2_FUNCTIONAL_OR_LOWER,cross_script_validation
770,12,8,0.4538063230114457,sun,3,0.7946934708408365,0.6522938956229711,0.20530652915916348,1,0.0,0.9703657150609888,0.819515306122449,143.27970361830896,0.2857142857142857,False,C2_FUNCTIONAL_OR_LOWER,cross_script_validation
770,12,8,0.4538063230114457,fairy_tern,4,0.7934833538076674,0.6542848692110773,0.20651664619233256,1,0.0,0.9703657150609888,0.819515306122449,143.27970361830896,0.2857142857142857,False,C2_FUNCTIONAL_OR_LOWER,cross_script_validation
770,12,8,0.4538063230114457,octopus,5,0.7933758699528023,0.654461459589164,0.2066241300471977,1,0.0,0.9703657150609888,0.819515306122449,143.27970361830896,0.2857142857142857,False,C2_FUNCTIONAL_OR_LOWER,cross_script_validation
054,11,8,0.38799488868365234,moray_eel,1,0.6208048045854387,0.9010274582799485,0.37919519541456126,1,0.0,0.9703657150609888,0.819515306122449,143.27970361830896,0.2857142857142857,False,C2_FUNCTIONAL_OR_LOWER,cross_script_validation
054,11,8,0.38799488868365234,moai,2,0.6182506402928328,0.9042812794197473,0.38174935970716717,2,0.0,0.9703657150609888,0.819515306122449,143.27970361830896,0.2857142857142857,False,C2_FUNCTIONAL_OR_LOWER,cross_script_validation
054,11,8,0.38799488868365234,fairy_tern,3,0.6158770151390222,0.9072976578520806,0.38412298486097785,1,0.0,0.9703657150609888,0.819515306122449,143.27970361830896,0.2857142857142857,False,C2_FUNCTIONAL_OR_LOWER,cross_script_validation
054,11,8,0.38799488868365234,sun,4,0.6155076423037097,0.9077664130602362,0.3844923576962903,1,0.0,0.9703657150609888,0.819515306122449,143.27970361830896,0.2857142857142857,False,C2_FUNCTIONAL_OR_LOWER,cross_script_validation
054,11,8,0.38799488868365234,octopus,5,0.6141430567240612,0.9094966648324072,0.3858569432759388,1,0.0,0.9703657150609888,0.819515306122449,143.27970361830896,0.2857142857142857,False,C2_FUNCTIONAL_OR_LOWER,cross_script_validation
068,11,8,0.45439515454803825,toki,1,0.7431519363782342,0.7330276587003505,0.2568480636217658,1,0.0,0.9703657150609888,0.819515306122449,143.27970361830896,0.2857142857142857,False,C2_FUNCTIONAL_OR_LOWER,cross_script_validation
068,11,8,0.45439515454803825,moai,2,0.6878163581223214,0.8123198271281045,0.31218364187767855,2,0.0,0.9703657150609888,0.819515306122449,143.27970361830896,0.2857142857142857,False,C2_FUNCTIONAL_OR_LOWER,cross_script_validation
068,11,8,0.45439515454803825,moray_eel,3,0.6873361193635743,0.8129812108592804,0.3126638806364257,1,0.0,0.9703657150609888,0.819515306122449,143.27970361830896,0.2857142857142857,False,C2_FUNCTIONAL_OR_LOWER,cross_script_validation
068,11,8,0.45439515454803825,fairy_tern,4,0.6746052131125517,0.8303665674522908,0.3253947868874483,1,0.0,0.9703657150609888,0.819515306122449,143.27970361830896,0.2857142857142857,False,C2_FUNCTIONAL_OR_LOWER,cross_script_validation
068,11,8,0.45439515454803825,octopus,5,0.6745142985870747,0.8304897211124919,0.3254857014129253,1,0.0,0.9703657150609888,0.819515306122449,143.27970361830896,0.2857142857142857,False,C2_FUNCTIONAL_OR_LOWER,cross_script_validation
204,11,8,0.36207962634827984,fairy_tern,1,0.7980105247787233,0.6468096094203712,0.20198947522127675,1,0.0,0.9703657150609888,0.819515306122449,143.27970361830896,0.2857142857142857,False,C2_FUNCTIONAL_OR_LOWER,cross_script_validation
204,11,8,0.36207962634827984,moray_eel,2,0.7950376242530734,0.6517267209207042,0.20496237574692655,1,0.0,0.9703657150609888,0.819515306122449,143.27970361830896,0.2857142857142857,False,C2_FUNCTIONAL_OR_LOWER,cross_script_validation
204,11,8,0.36207962634827984,tiger_shark,3,0.7720134692122473,0.6887934471053264,0.22798653078775266,2,0.0,0.9703657150609888,0.819515306122449,143.27970361830896,0.2857142857142857,False,C2_FUNCTIONAL_OR_LOWER,cross_script_validation
204,11,8,0.36207962634827984,octopus,4,0.7629791022679132,0.7028870676767799,0.2370208977320868,1,0.0,0.9703657150609888,0.819515306122449,143.27970361830896,0.2857142857142857,False,C2_FUNCTIONAL_OR_LOWER,cross_script_validation
204,11,8,0.36207962634827984,moai,5,0.7562413036432478,0.7132471132631731,0.24375869635675218,2,0.0,0.9703657150609888,0.819515306122449,143.27970361830896,0.2857142857142857,False,C2_FUNCTIONAL_OR_LOWER,cross_script_validation
320,11,8,0.32607624833413174,sun,1,0.763478907179575,0.7021135291208943,0.236521092820425,1,0.0,0.9703657150609888,0.819515306122449,143.27970361830896,0.2857142857142857,False,C2_FUNCTIONAL_OR_LOWER,cross_script_validation
320,11,8,0.32607624833413174,foot,2,0.7495060212403143,0.723480757622793,0.2504939787596857,1,1.4901161193847656e-08,0.9703657150609888,0.819515306122449,143.27970361830896,0.2857142857142857,False,C2_FUNCTIONAL_OR_LOWER,cross_script_validation
320,11,8,0.32607624833413174,octopus,3,0.7454124735142256,0.7296429306925649,0.25458752648577443,1,0.0,0.9703657150609888,0.819515306122449,143.27970361830896,0.2857142857142857,False,C2_FUNCTIONAL_OR_LOWER,cross_script_validation
320,11,8,0.32607624833413174,tiger_shark,4,0.7447625125872429,0.7306174336375315,0.2552374874127571,2,0.0,0.9703657150609888,0.819515306122449,143.27970361830896,0.2857142857142857,False,C2_FUNCTIONAL_OR_LOWER,cross_script_validation
320,11,8,0.32607624833413174,hand,5,0.7439974907395062,0.7317630942619973,0.25600250926049384,1,0.0,0.9703657150609888,0.819515306122449,143.27970361830896,0.2857142857142857,False,C2_FUNCTIONAL_OR_LOWER,cross_script_validation
384,11,8,0.3796234567788307,moai,1,0.785435151306502,0.6673974585879489,0.214564848693498,2,0.0,0.9703657150609888,0.819515306122449,143.27970361830896,0.2857142857142857,False,C2_FUNCTIONAL_OR_LOWER,cross_script_validation
384,11,8,0.3796234567788307,fairy_tern,2,0.7846313110808736,0.6686951191187769,0.21536868891912642,1,0.0,0.9703657150609888,0.819515306122449,143.27970361830896,0.2857142857142857,False,C2_FUNCTIONAL_OR_LOWER,cross_script_validation
384,11,8,0.3796234567788307,moray_eel,3,0.77444304547915,0.6849620673808909,0.22555695452085,1,0.0,0.9703657150609888,0.819515306122449,143.27970361830896,0.2857142857142857,False,C2_FUNCTIONAL_OR_LOWER,cross_script_validation
384,11,8,0.3796234567788307,octopus,4,0.774138960018878,0.6854425844474483,0.22586103998112195,1,0.0,0.9703657150609888,0.819515306122449,143.27970361830896,0.2857142857142857,False,C2_FUNCTIONAL_OR_LOWER,cross_script_validation
384,11,8,0.3796234567788307,sun,5,0.7731511500439566,0.6870015815159504,0.22684884995604337,1,0.0,0.9703657150609888,0.819515306122449,143.27970361830896,0.2857142857142857,False,C2_FUNCTIONAL_OR_LOWER,cross_script_validation
420,11,8,0.5110538325445204,toki,1,0.7145281226766587,0.774846942219599,0.28547187732334134,1,0.0,0.9703657150609888,0.819515306122449,143.27970361830896,0.2857142857142857,False,C2_FUNCTIONAL_OR_LOWER,cross_script_validation
420,11,8,0.5110538325445204,moray_eel,2,0.6999522452624612,0.7954656980007092,0.30004775473753875,1,0.0,0.9703657150609888,0.819515306122449,143.27970361830896,0.2857142857142857,False,C2_FUNCTIONAL_OR_LOWER,cross_script_validation
420,11,8,0.5110538325445204,fairy_tern,3,0.6874899706984888,0.8127693722357855,0.31251002930151117,1,0.0,0.9703657150609888,0.819515306122449,143.27970361830896,0.2857142857142857,False,C2_FUNCTIONAL_OR_LOWER,cross_script_validation
420,11,8,0.5110538325445204,moai,4,0.6834968875649243,0.8182538079492864,0.3165031124350757,2,0.0,0.9703657150609888,0.819515306122449,143.27970361830896,0.2857142857142857,False,C2_FUNCTIONAL_OR_LOWER,cross_script_validation
420,11,8,0.5110538325445204,octopus,5,0.6799507436746759,0.8231008688636291,0.3200492563253241,1,0.0,0.9703657150609888,0.819515306122449,143.27970361830896,0.2857142857142857,False,C2_FUNCTIONAL_OR_LOWER,cross_script_validation
090,10,8,0.3920323724123441,moray_eel,1,0.6282396606970553,0.8915077769517664,0.3717603393029447,1,0.0,0.9703657150609888,0.819515306122449,143.27970361830896,0.2857142857142857,False,C2_FUNCTIONAL_OR_LOWER,cross_script_validation
090,10,8,0.3920323724123441,reimiro,2,0.6198050034215739,0.9023021285462832,0.38019499657842615,1,0.0,0.9703657150609888,0.819515306122449,143.27970361830896,0.2857142857142857,False,C2_FUNCTIONAL_OR_LOWER,cross_script_validation
090,10,8,0.3920323724123441,fairy_tern,3,0.6186239175772974,0.9038062716993106,0.3813760824227026,1,0.0,0.9703657150609888,0.819515306122449,143.27970361830896,0.2857142857142857,False,C2_FUNCTIONAL_OR_LOWER,cross_script_validation
090,10,8,0.3920323724123441,sun,4,0.6031122656452844,0.9233991839403171,0.3968877343547156,1,0.0,0.9703657150609888,0.819515306122449,143.27970361830896,0.2857142857142857,False,C2_FUNCTIONAL_OR_LOWER,cross_script_validation
090,10,8,0.3920323724123441,octopus,5,0.5993465949568331,0.9281117243903039,0.40065340504316693,1,0.0,0.9703657150609888,0.819515306122449,143.27970361830896,0.2857142857142857,False,C2_FUNCTIONAL_OR_LOWER,iconicity|cross_script_validation
144,10,8,0.4006393118896834,fairy_tern,1,0.7189827101081359,0.7684587857305377,0.28101728989186414,1,0.0,0.9703657150609888,0.819515306122449,143.27970361830896,0.2857142857142857,False,C2_FUNCTIONAL_OR_LOWER,cross_script_validation
144,10,8,0.4006393118896834,moray_eel,2,0.7100677324887457,0.781201929416659,0.28993226751125434,1,0.0,0.9703657150609888,0.819515306122449,143.27970361830896,0.2857142857142857,False,C2_FUNCTIONAL_OR_LOWER,cross_script_validation
144,10,8,0.4006393118896834,moai,3,0.705994501453784,0.7869699299031171,0.29400549854621605,2,0.0,0.9703657150609888,0.819515306122449,143.27970361830896,0.2857142857142857,False,C2_FUNCTIONAL_OR_LOWER,cross_script_validation
144,10,8,0.4006393118896834,octopus,4,0.7006235150043044,0.7945253605105442,0.2993764849956956,1,0.0,0.9703657150609888,0.819515306122449,143.27970361830896,0.2857142857142857,False,C2_FUNCTIONAL_OR_LOWER,cross_script_validation
144,10,8,0.4006393118896834,toki,5,0.6996379644662433,0.7959056554610814,0.30036203553375673,1,0.0,0.9703657150609888,0.819515306122449,143.27970361830896,0.2857142857142857,False,C2_FUNCTIONAL_OR_LOWER,cross_script_validation
301,10,8,0.3755402998774443,fairy_tern,1,0.8061955533411733,0.633102918251282,0.19380444665882668,1,0.0,0.9703657150609888,0.819515306122449,143.27970361830896,0.2857142857142857,False,C2_FUNCTIONAL_OR_LOWER,cross_script_validation
301,10,8,0.3755402998774443,moray_eel,2,0.8028808782614575,0.6386841577479047,0.1971191217385425,1,0.0,0.9703657150609888,0.819515306122449,143.27970361830896,0.2857142857142857,False,C2_FUNCTIONAL_OR_LOWER,cross_script_validation
301,10,8,0.3755402998774443,tiger_shark,3,0.7894570630329482,0.6608723751815373,0.21054293696705184,2,0.0,0.9703657150609888,0.819515306122449,143.27970361830896,0.2857142857142857,False,C2_FUNCTIONAL_OR_LOWER,cross_script_validation
301,10,8,0.3755402998774443,moai,4,0.7832502275919675,0.6709196775780274,0.2167497724080325,2,0.0,0.9703657150609888,0.819515306122449,143.27970361830896,0.2857142857142857,False,C2_FUNCTIONAL_OR_LOWER,cross_script_validation
301,10,8,0.3755402998774443,octopus,5,0.7829022743524073,0.6714791547980627,0.21709772564759267,1,0.0,0.9703657150609888,0.819515306122449,143.27970361830896,0.2857142857142857,False,C2_FUNCTIONAL_OR_LOWER,cross_script_validation
386,10,8,0.3784181291339017,fairy_tern,1,0.798037739730063,0.6467644487829802,0.20196226026993702,1,0.0,0.9703657150609888,0.819515306122449,143.27970361830896,0.2857142857142857,False,C2_FUNCTIONAL_OR_LOWER,cross_script_validation
386,10,8,0.3784181291339017,moray_eel,2,0.7858864604514045,0.6666679609162909,0.21411353954859547,1,0.0,0.9703657150609888,0.819515306122449,143.27970361830896,0.2857142857142857,False,C2_FUNCTIONAL_OR_LOWER,cross_script_validation
386,10,8,0.3784181291339017,moai,3,0.7840312831855912,0.6696623724400453,0.21596871681440877,2,0.0,0.9703657150609888,0.819515306122449,143.27970361830896,0.2857142857142857,False,C2_FUNCTIONAL_OR_LOWER,cross_script_validation
386,10,8,0.3784181291339017,tiger_shark,4,0.7813550555402703,0.673962189567398,0.2186449444597297,2,0.0,0.9703657150609888,0.819515306122449,143.27970361830896,0.2857142857142857,False,C2_FUNCTIONAL_OR_LOWER,cross_script_validation
386,10,8,0.3784181291339017,sun,5,0.7803729314740252,0.6755343409413946,0.2196270685259748,1,0.0,0.9703657150609888,0.819515306122449,143.27970361830896,0.2857142857142857,False,C2_FUNCTIONAL_OR_LOWER,cross_script_validation
405,10,8,0.4034876844920992,fairy_tern,1,0.7970537960125745,0.6483954983125626,0.20294620398742547,1,0.0,0.9703657150609888,0.819515306122449,143.27970361830896,0.2857142857142857,False,C2_FUNCTIONAL_OR_LOWER,cross_script_validation
405,10,8,0.4034876844920992,hand,2,0.78006897687569,0.67602027646207,0.21993102312431,1,0.0,0.9703657150609888,0.819515306122449,143.27970361830896,0.2857142857142857,False,C2_FUNCTIONAL_OR_LOWER,cross_script_validation
405,10,8,0.4034876844920992,moray_eel,3,0.779300977262353,0.6772467764040394,0.22069902273764697,1,0.0,0.9703657150609888,0.819515306122449,143.27970361830896,0.2857142857142857,False,C2_FUNCTIONAL_OR_LOWER,cross_script_validation
405,10,8,0.4034876844920992,tiger_shark,4,0.7748423676690253,0.6843306272054102,0.22515763233097474,2,0.0,0.9703657150609888,0.819515306122449,143.27970361830896,0.2857142857142857,False,C2_FUNCTIONAL_OR_LOWER,cross_script_validation
405,10,8,0.4034876844920992,octopus,5,0.7631349494348308,0.7026459418000938,0.23686505056516916,1,0.0,0.9703657150609888,0.819515306122449,143.27970361830896,0.2857142857142857,False,C2_FUNCTIONAL_OR_LOWER,cross_script_validation
680,10,8,0.37451912026484824,hand,1,0.8079787974367401,0.6300826759692741,0.19202120256325994,1,0.0,0.9703657150609888,0.819515306122449,143.27970361830896,0.2857142857142857,False,C2_FUNCTIONAL_OR_LOWER,cross_script_validation
680,10,8,0.37451912026484824,fairy_tern,2,0.7745569840323544,0.6847819484165556,0.2254430159676456,1,0.0,0.9703657150609888,0.819515306122449,143.27970361830896,0.2857142857142857,False,C2_FUNCTIONAL_OR_LOWER,cross_script_validation
680,10,8,0.37451912026484824,moray_eel,3,0.7718632197407033,0.6890298008672909,0.22813678025929673,1,0.0,0.9703657150609888,0.819515306122449,143.27970361830896,0.2857142857142857,False,C2_FUNCTIONAL_OR_LOWER,cross_script_validation
680,10,8,0.37451912026484824,tiger_shark,4,0.7695593031908332,0.6926455873949439,0.2304406968091668,2,0.0,0.9703657150609888,0.819515306122449,143.27970361830896,0.2857142857142857,False,C2_FUNCTIONAL_OR_LOWER,cross_script_validation
680,10,8,0.37451912026484824,octopus,5,0.7533463164886358,0.7176604760833941,0.24665368351136419,1,0.0,0.9703657150609888,0.819515306122449,143.27970361830896,0.2857142857142857,False,C2_FUNCTIONAL_OR_LOWER,cross_script_validation
016,9,8,0.3574925170189579,toki,1,0.5249323582191181,1.0181606872570852,0.4750676417808819,1,0.0,0.9703657150609888,0.819515306122449,143.27970361830896,0.2857142857142857,False,C2_FUNCTIONAL_OR_LOWER,iconicity|cross_script_validation
016,9,8,0.3574925170189579,sun,2,0.5081916308831512,1.0377125578944804,0.4918083691168488,1,0.0,0.9703657150609888,0.819515306122449,143.27970361830896,0.2857142857142857,False,C2_FUNCTIONAL_OR_LOWER,iconicity|cross_script_validation
016,9,8,0.3574925170189579,octopus,3,0.5056037117789702,1.0407147648118065,0.49439628822102977,1,0.0,0.9703657150609888,0.819515306122449,143.27970361830896,0.2857142857142857,False,C2_FUNCTIONAL_OR_LOWER,iconicity|cross_script_validation
016,9,8,0.3574925170189579,reimiro,4,0.4913540192082868,1.0571526258182362,0.5086459807917132,1,0.0,0.9703657150609888,0.819515306122449,143.27970361830896,0.2857142857142857,False,C2_FUNCTIONAL_OR_LOWER,iconicity|cross_script_validation
016,9,8,0.3574925170189579,moray_eel,5,0.4885365734543889,1.0603845591305334,0.511463426545611,1,0.0,0.9703657150609888,0.819515306122449,143.27970361830896,0.2857142857142857,False,C2_FUNCTIONAL_OR_LOWER,iconicity|cross_script_validation
032,9,8,0.2831043130573703,toki,1,0.5476979451071294,0.9911860035902157,0.45230205489287056,1,0.0,0.9703657150609888,0.819515306122449,143.27970361830896,0.2857142857142857,False,C2_FUNCTIONAL_OR_LOWER,iconicity|cross_script_validation
032,9,8,0.2831043130573703,sun,2,0.492573695640413,1.0557516899801833,0.507426304359587,1,0.0,0.9703657150609888,0.819515306122449,143.27970361830896,0.2857142857142857,False,C2_FUNCTIONAL_OR_LOWER,iconicity|cross_script_validation
032,9,8,0.2831043130573703,octopus,3,0.4857711550262205,1.0635511336126973,0.5142288449737795,1,0.0,0.9703657150609888,0.819515306122449,143.27970361830896,0.2857142857142857,False,C2_FUNCTIONAL_OR_LOWER,iconicity|cross_script_validation
032,9,8,0.2831043130573703,moai,4,0.48115831318188834,1.0688207733437103,0.5188416868181116,2,0.0,0.9703657150609888,0.819515306122449,143.27970361830896,0.2857142857142857,False,C2_FUNCTIONAL_OR_LOWER,iconicity|cross_script_validation
032,9,8,0.2831043130573703,reimiro,5,0.4756432267292073,1.0751011994923116,0.5243567732707928,1,0.0,0.9703657150609888,0.819515306122449,143.27970361830896,0.2857142857142857,False,C2_FUNCTIONAL_OR_LOWER,iconicity|cross_script_validation
046,9,8,0.18267894045302666,moray_eel,1,0.5507347729036669,0.9875520397305323,0.4492652270963331,1,0.0,0.9703657150609888,0.819515306122449,143.27970361830896,0.2857142857142857,False,C2_FUNCTIONAL_OR_LOWER,iconicity|cross_script_validation
046,9,8,0.18267894045302666,octopus,2,0.5368062173333235,1.0041492192777133,0.46319378266667655,1,0.0,0.9703657150609888,0.819515306122449,143.27970361830896,0.2857142857142857,False,C2_FUNCTIONAL_OR_LOWER,iconicity|cross_script_validation
046,9,8,0.18267894045302666,sun,3,0.5327315984572856,1.008971273139289,0.46726840154271443,1,0.0,0.9703657150609888,0.819515306122449,143.27970361830896,0.2857142857142857,False,C2_FUNCTIONAL_OR_LOWER,iconicity|cross_script_validation
046,9,8,0.18267894045302666,reimiro,4,0.5325083136069325,1.0092350926677542,0.4674916863930675,1,0.0,0.9703657150609888,0.819515306122449,143.27970361830896,0.2857142857142857,False,C2_FUNCTIONAL_OR_LOWER,iconicity|cross_script_validation
046,9,8,0.18267894045302666,moai,5,0.5310332029115113,1.010976893838631,0.46896679708848865,2,0.0,0.9703657150609888,0.819515306122449,143.27970361830896,0.2857142857142857,False,C2_FUNCTIONAL_OR_LOWER,iconicity|cross_script_validation
056,9,8,0.38259391632466566,toki,1,0.6530871991300399,0.8591423403256885,0.3469128008699601,1,0.0,0.9703657150609888,0.819515306122449,143.27970361830896,0.2857142857142857,False,C2_FUNCTIONAL_OR_LOWER,cross_script_validation
056,9,8,0.38259391632466566,fairy_tern,2,0.6462572961397093,0.8681266164366989,0.3537427038602907,1,0.0,0.9703657150609888,0.819515306122449,143.27970361830896,0.2857142857142857,False,C2_FUNCTIONAL_OR_LOWER,cross_script_validation
056,9,8,0.38259391632466566,octopus,3,0.6453619363179496,0.8692993233882957,0.3546380636820504,1,0.0,0.9703657150609888,0.819515306122449,143.27970361830896,0.2857142857142857,False,C2_FUNCTIONAL_OR_LOWER,cross_script_validation
056,9,8,0.38259391632466566,sun,4,0.6401171103274842,0.8761456384888664,0.3598828896725158,1,0.0,0.9703657150609888,0.819515306122449,143.27970361830896,0.2857142857142857,False,C2_FUNCTIONAL_OR_LOWER,cross_script_validation
056,9,8,0.38259391632466566,moai,5,0.6374379646954725,0.8796278056768626,0.36256203530452746,2,0.0,0.9703657150609888,0.819515306122449,143.27970361830896,0.2857142857142857,False,C2_FUNCTIONAL_OR_LOWER,cross_script_validation
081,9,8,0.4211840549527258,moray_eel,1,0.7186185160778901,0.7689826429203759,0.28138148392210993,1,0.0,0.9703657150609888,0.819515306122449,143.27970361830896,0.2857142857142857,False,C2_FUNCTIONAL_OR_LOWER,cross_script_validation
081,9,8,0.4211840549527258,moai,2,0.7172357295365038,0.7709690690106604,0.28276427046349617,2,0.0,0.9703657150609888,0.819515306122449,143.27970361830896,0.2857142857142857,False,C2_FUNCTIONAL_OR_LOWER,cross_script_validation
081,9,8,0.4211840549527258,fairy_tern,3,0.7003148390938005,0.7949578719604352,0.29968516090619945,1,0.0,0.9703657150609888,0.819515306122449,143.27970361830896,0.2857142857142857,False,C2_FUNCTIONAL_OR_LOWER,cross_script_validation
081,9,8,0.4211840549527258,octopus,4,0.697762019369859,0.7985278366051792,0.30223798063014096,1,0.0,0.9703657150609888,0.819515306122449,143.27970361830896,0.2857142857142857,False,C2_FUNCTIONAL_OR_LOWER,cross_script_validation
081,9,8,0.4211840549527258,sun,5,0.6849144277938932,0.8163100780815529,0.3150855722061068,1,0.0,0.9703657150609888,0.819515306122449,143.27970361830896,0.2857142857142857,False,C2_FUNCTIONAL_OR_LOWER,cross_script_validation
256,9,8,0.2817737776554017,hand,1,0.7583524234752207,0.710014501297679,0.2416475765247793,1,0.0,0.9703657150609888,0.819515306122449,143.27970361830896,0.2857142857142857,False,C2_FUNCTIONAL_OR_LOWER,cross_script_validation
256,9,8,0.2817737776554017,fairy_tern,2,0.7468964215392401,0.7274140182315342,0.2531035784607599,1,0.0,0.9703657150609888,0.819515306122449,143.27970361830896,0.2857142857142857,False,C2_FUNCTIONAL_OR_LOWER,cross_script_validation
256,9,8,0.2817737776554017,tiger_shark,3,0.7467530792701279,0.7276295637449022,0.2532469207298721,2,0.0,0.9703657150609888,0.819515306122449,143.27970361830896,0.2857142857142857,False,C2_FUNCTIONAL_OR_LOWER,cross_script_validation
256,9,8,0.2817737776554017,moray_eel,4,0.7423224384144139,0.7342664866601833,0.2576775615855861,1,0.0,0.9703657150609888,0.819515306122449,143.27970361830896,0.2857142857142857,False,C2_FUNCTIONAL_OR_LOWER,cross_script_validation
256,9,8,0.2817737776554017,octopus,5,0.7331972762921743,0.7477844504338664,0.26680272370782565,1,0.0,0.9703657150609888,0.819515306122449,143.27970361830896,0.2857142857142857,False,C2_FUNCTIONAL_OR_LOWER,cross_script_validation
431,9,8,0.5137910174369478,moai,1,0.7576199526367288,0.7111374570621013,0.24238004736327123,2,0.0,0.9703657150609888,0.819515306122449,143.27970361830896,0.2857142857142857,False,C2_FUNCTIONAL_OR_LOWER,cross_script_validation
431,9,8,0.5137910174369478,sun,2,0.7566321498957507,0.7126495500843282,0.24336785010424933,1,0.0,0.9703657150609888,0.819515306122449,143.27970361830896,0.2857142857142857,False,C2_FUNCTIONAL_OR_LOWER,cross_script_validation
431,9,8,0.5137910174369478,octopus,3,0.7393226361249455,0.738732483824534,0.26067736387505447,1,0.0,0.9703657150609888,0.819515306122449,143.27970361830896,0.2857142857142857,False,C2_FUNCTIONAL_OR_LOWER,cross_script_validation
431,9,8,0.5137910174369478,moray_eel,4,0.7318414611670002,0.7497761121555326,0.2681585388329998,1,0.0,0.9703657150609888,0.819515306122449,143.27970361830896,0.2857142857142857,False,C2_FUNCTIONAL_OR_LOWER,cross_script_validation
431,9,8,0.5137910174369478,fairy_tern,5,0.7192913463287354,0.7680146206454638,0.28070865367126463,1,0.0,0.9703657150609888,0.819515306122449,143.27970361830896,0.2857142857142857,False,C2_FUNCTIONAL_OR_LOWER,cross_script_validation
470,9,8,0.41377473713034957,fairy_tern,1,0.7518934308361533,0.7198669845537278,0.24810656916384666,1,0.0,0.9703657150609888,0.819515306122449,143.27970361830896,0.2857142857142857,False,C2_FUNCTIONAL_OR_LOWER,cross_script_validation
470,9,8,0.41377473713034957,moray_eel,2,0.7492852429470613,0.723814197889271,0.25071475705293866,1,0.0,0.9703657150609888,0.819515306122449,143.27970361830896,0.2857142857142857,False,C2_FUNCTIONAL_OR_LOWER,cross_script_validation
470,9,8,0.41377473713034957,reimiro,3,0.7171035268086161,0.7711587705250093,0.2828964731913839,1,0.0,0.9703657150609888,0.819515306122449,143.27970361830896,0.2857142857142857,False,C2_FUNCTIONAL_OR_LOWER,cross_script_validation
470,9,8,0.41377473713034957,octopus,4,0.7099231490276171,0.7814072434955325,0.2900768509723829,1,0.0,0.9703657150609888,0.819515306122449,143.27970361830896,0.2857142857142857,False,C2_FUNCTIONAL_OR_LOWER,cross_script_validation
470,9,8,0.41377473713034957,red_tailed_tropicbird,5,0.7052617716835905,0.7880040085956935,0.2947382283164095,1,0.0,0.9703657150609888,0.819515306122449,143.27970361830896,0.2857142857142857,False,C2_FUNCTIONAL_OR_LOWER,cross_script_validation
608,9,8,0.33741544321640937,hand,1,0.743571577343056,0.732400289106738,0.256428422656944,1,0.0,0.9703657150609888,0.819515306122449,143.27970361830896,0.2857142857142857,False,C2_FUNCTIONAL_OR_LOWER,cross_script_validation
608,9,8,0.33741544321640937,fairy_tern,2,0.7390745818360341,0.7391007969622457,0.26092541816396586,1,0.0,0.9703657150609888,0.819515306122449,143.27970361830896,0.2857142857142857,False,C2_FUNCTIONAL_OR_LOWER,cross_script_validation
608,9,8,0.33741544321640937,tiger_shark,3,0.7350902346258021,0.7449965599619713,0.26490976537419786,2,0.0,0.9703657150609888,0.819515306122449,143.27970361830896,0.2857142857142857,False,C2_FUNCTIONAL_OR_LOWER,cross_script_validation
608,9,8,0.33741544321640937,moray_eel,4,0.7340779515282799,0.746488464427234,0.2659220484717201,1,0.0,0.9703657150609888,0.819515306122449,143.27970361830896,0.2857142857142857,False,C2_FUNCTIONAL_OR_LOWER,cross_script_validation
608,9,8,0.33741544321640937,moai,5,0.7287979034658774,0.7542316006983757,0.27120209653412264,2,0.0,0.9703657150609888,0.819515306122449,143.27970361830896,0.2857142857142857,False,C2_FUNCTIONAL_OR_LOWER,cross_script_validation
678,9,8,0.5176564653668043,toki,1,0.7394642503904818,0.7385221469459938,0.2605357496095182,1,0.0,0.9703657150609888,0.819515306122449,143.27970361830896,0.2857142857142857,False,C2_FUNCTIONAL_OR_LOWER,cross_script_validation
678,9,8,0.5176564653668043,moai,2,0.6862390190609592,0.8144905846190196,0.3137609809390408,2,0.0,0.9703657150609888,0.819515306122449,143.27970361830896,0.2857142857142857,False,C2_FUNCTIONAL_OR_LOWER,cross_script_validation
678,9,8,0.5176564653668043,octopus,3,0.6814692235159164,0.8210280075301616,0.31853077648408357,1,0.0,0.9703657150609888,0.819515306122449,143.27970361830896,0.2857142857142857,False,C2_FUNCTIONAL_OR_LOWER,cross_script_validation
678,9,8,0.5176564653668043,moray_eel,4,0.6814221967202061,0.8210922633152895,0.3185778032797939,1,0.0,0.9703657150609888,0.819515306122449,143.27970361830896,0.2857142857142857,False,C2_FUNCTIONAL_OR_LOWER,cross_script_validation
678,9,8,0.5176564653668043,sun,5,0.674945011428672,0.8299061507177152,0.325054988571328,1,0.0,0.9703657150609888,0.819515306122449,143.27970361830896,0.2857142857142857,False,C2_FUNCTIONAL_OR_LOWER,cross_script_validation
019,8,8,0.15756128518097545,moray_eel,1,0.5609602623253264,0.9752510246123953,0.43903973767467364,1,0.0,0.9703657150609888,0.819515306122449,143.27970361830896,0.2857142857142857,False,C2_FUNCTIONAL_OR_LOWER,iconicity|cross_script_validation
019,8,8,0.15756128518097545,fairy_tern,2,0.5374477183566787,1.0033886976547026,0.4625522816433213,1,0.0,0.9703657150609888,0.819515306122449,143.27970361830896,0.2857142857142857,False,C2_FUNCTIONAL_OR_LOWER,iconicity|cross_script_validation
019,8,8,0.15756128518097545,octopus,3,0.5332380065393538,1.0083727703056138,0.4667619934606462,1,0.0,0.9703657150609888,0.819515306122449,143.27970361830896,0.2857142857142857,False,C2_FUNCTIONAL_OR_LOWER,iconicity|cross_script_validation
019,8,8,0.15756128518097545,moai,4,0.5226435818284408,1.0208475234656087,0.47735641817155916,2,0.0,0.9703657150609888,0.819515306122449,143.27970361830896,0.2857142857142857,False,C2_FUNCTIONAL_OR_LOWER,iconicity|cross_script_validation
019,8,8,0.15756128518097545,sun,5,0.520228841447012,1.0236774421785249,0.479771158552988,1,0.0,0.9703657150609888,0.819515306122449,143.27970361830896,0.2857142857142857,False,C2_FUNCTIONAL_OR_LOWER,iconicity|cross_script_validation
024,8,8,0.11609547784230365,moray_eel,1,0.6063443305972688,0.9193409948789907,0.3936556694027312,1,0.0,0.9703657150609888,0.819515306122449,143.27970361830896,0.2857142857142857,False,C2_FUNCTIONAL_OR_LOWER,cross_script_validation
024,8,8,0.11609547784230365,moai,2,0.582806517001121,0.9486181930165921,0.41719348299887904,2,0.0,0.9703657150609888,0.819515306122449,143.27970361830896,0.2857142857142857,False,C2_FUNCTIONAL_OR_LOWER,iconicity|cross_script_validation
024,8,8,0.11609547784230365,fairy_tern,3,0.5803778481725492,0.9516037238273233,0.4196221518274508,1,0.0,0.9703657150609888,0.819515306122449,143.27970361830896,0.2857142857142857,False,C2_FUNCTIONAL_OR_LOWER,iconicity|cross_script_validation
024,8,8,0.11609547784230365,octopus,4,0.5753361721084146,0.9577812281012379,0.4246638278915854,1,0.0,0.9703657150609888,0.819515306122449,143.27970361830896,0.2857142857142857,False,C2_FUNCTIONAL_OR_LOWER,iconicity|cross_script_validation
024,8,8,0.11609547784230365,sun,5,0.5663949771958261,0.9686713974200601,0.4336050228041739,1,0.0,0.9703657150609888,0.819515306122449,143.27970361830896,0.2857142857142857,False,C2_FUNCTIONAL_OR_LOWER,iconicity|cross_script_validation
379,8,8,0.44832184152309634,sun,1,0.7671101930491403,0.6964720461614393,0.2328898069508597,1,0.0,0.9703657150609888,0.819515306122449,143.27970361830896,0.2857142857142857,False,C2_FUNCTIONAL_OR_LOWER,cross_script_validation
379,8,8,0.44832184152309634,moai,2,0.7650565300634786,0.6996672163176982,0.23494346993652138,2,0.0,0.9703657150609888,0.819515306122449,143.27970361830896,0.2857142857142857,False,C2_FUNCTIONAL_OR_LOWER,cross_script_validation
379,8,8,0.44832184152309634,octopus,3,0.76442778785854,0.700643014533658,0.23557221214145996,1,0.0,0.9703657150609888,0.819515306122449,143.27970361830896,0.2857142857142857,False,C2_FUNCTIONAL_OR_LOWER,cross_script_validation
379,8,8,0.44832184152309634,fairy_tern,4,0.7416646857835553,0.7352476111833794,0.25833531421644473,1,0.0,0.9703657150609888,0.819515306122449,143.27970361830896,0.2857142857142857,False,C2_FUNCTIONAL_OR_LOWER,cross_script_validation
379,8,8,0.44832184152309634,tiger_shark,5,0.7398682649022135,0.7379218048541701,0.26013173509778653,2,0.0,0.9703657150609888,0.819515306122449,143.27970361830896,0.2857142857142857,False,C2_FUNCTIONAL_OR_LOWER,cross_script_validation
445,8,8,0.509455930589793,fairy_tern,1,0.7758781088382062,0.6826905475230056,0.22412189116179382,1,0.0,0.9703657150609888,0.819515306122449,143.27970361830896,0.2857142857142857,False,C2_FUNCTIONAL_OR_LOWER,cross_script_validation
445,8,8,0.509455930589793,moray_eel,2,0.7718588634846265,0.6890366525752614,0.2281411365153735,1,0.0,0.9703657150609888,0.819515306122449,143.27970361830896,0.2857142857142857,False,C2_FUNCTIONAL_OR_LOWER,cross_script_validation
445,8,8,0.509455930589793,tiger_shark,3,0.7348947534633611,0.7452848482719117,0.2651052465366389,2,0.0,0.9703657150609888,0.819515306122449,143.27970361830896,0.2857142857142857,False,C2_FUNCTIONAL_OR_LOWER,cross_script_validation
445,8,8,0.509455930589793,octopus,4,0.7329746653411188,0.7481117540321308,0.26702533465888123,1,0.0,0.9703657150609888,0.819515306122449,143.27970361830896,0.2857142857142857,False,C2_FUNCTIONAL_OR_LOWER,cross_script_validation
445,8,8,0.509455930589793,moai,5,0.7175792482817059,0.7704759707635683,0.28242075171829406,2,0.0,0.9703657150609888,0.819515306122449,143.27970361830896,0.2857142857142857,False,C2_FUNCTIONAL_OR_LOWER,cross_script_validation
590,8,8,0.44992578266003136,moai,1,0.7575110862009614,0.7113042359413936,0.24248891379903859,2,0.0,0.9703657150609888,0.819515306122449,143.27970361830896,0.2857142857142857,False,C2_FUNCTIONAL_OR_LOWER,cross_script_validation
590,8,8,0.44992578266003136,fairy_tern,2,0.7491939013785065,0.7239521137832867,0.2508060986214935,1,0.0,0.9703657150609888,0.819515306122449,143.27970361830896,0.2857142857142857,False,C2_FUNCTIONAL_OR_LOWER,cross_script_validation
590,8,8,0.44992578266003136,sun,3,0.7489514555899337,0.7243180764241687,0.2510485444100663,1,0.0,0.9703657150609888,0.819515306122449,143.27970361830896,0.2857142857142857,False,C2_FUNCTIONAL_OR_LOWER,cross_script_validation
590,8,8,0.44992578266003136,moray_eel,4,0.7463505289352269,0.7282346048575126,0.2536494710647731,1,0.0,0.9703657150609888,0.819515306122449,143.27970361830896,0.2857142857142857,False,C2_FUNCTIONAL_OR_LOWER,cross_script_validation
590,8,8,0.44992578266003136,octopus,5,0.7462350756994865,0.7284080576058501,0.25376492430051345,1,0.0,0.9703657150609888,0.819515306122449,143.27970361830896,0.2857142857142857,False,C2_FUNCTIONAL_OR_LOWER,cross_script_validation
606,8,8,0.3718944460206266,moray_eel,1,0.7585259369900113,0.7097482716665698,0.24147406300998875,1,0.0,0.9703657150609888,0.819515306122449,143.27970361830896,0.2857142857142857,False,C2_FUNCTIONAL_OR_LOWER,cross_script_validation
606,8,8,0.3718944460206266,fairy_tern,2,0.7577128810235787,0.7109950690683866,0.2422871189764213,1,0.0,0.9703657150609888,0.819515306122449,143.27970361830896,0.2857142857142857,False,C2_FUNCTIONAL_OR_LOWER,cross_script_validation
606,8,8,0.3718944460206266,hand,3,0.7488406922955103,0.7244852190089197,0.2511593077044897,1,0.0,0.9703657150609888,0.819515306122449,143.27970361830896,0.2857142857142857,False,C2_FUNCTIONAL_OR_LOWER,cross_script_validation
606,8,8,0.3718944460206266,tiger_shark,4,0.7337655310341693,0.7469484244546625,0.2662344689658307,2,0.0,0.9703657150609888,0.819515306122449,143.27970361830896,0.2857142857142857,False,C2_FUNCTIONAL_OR_LOWER,cross_script_validation
606,8,8,0.3718944460206266,octopus,5,0.7287124955804658,0.754356324836075,0.2712875044195342,1,0.0,0.9703657150609888,0.819515306122449,143.27970361830896,0.2857142857142857,False,C2_FUNCTIONAL_OR_LOWER,cross_script_validation
013,7,7,0.5494875024079248,moai,1,0.6923601882711007,0.8060413972426647,0.3076398117288993,2,0.0,0.9703657150609888,0.819515306122449,143.27970361830896,0.2857142857142857,False,C2_FUNCTIONAL_OR_LOWER,cross_script_validation
013,7,7,0.5494875024079248,octopus,2,0.6700891825504821,0.8364673991749818,0.3299108174495179,1,0.0,0.9703657150609888,0.819515306122449,143.27970361830896,0.2857142857142857,False,C2_FUNCTIONAL_OR_LOWER,cross_script_validation
013,7,7,0.5494875024079248,sun,3,0.6686306011268169,0.8384306607340004,0.33136939887318306,1,0.0,0.9703657150609888,0.819515306122449,143.27970361830896,0.2857142857142857,False,C2_FUNCTIONAL_OR_LOWER,cross_script_validation
013,7,7,0.5494875024079248,moray_eel,4,0.6685940595627633,0.8384798014223275,0.3314059404372367,1,0.0,0.9703657150609888,0.819515306122449,143.27970361830896,0.2857142857142857,False,C2_FUNCTIONAL_OR_LOWER,cross_script_validation
013,7,7,0.5494875024079248,fairy_tern,5,0.6580763989361846,0.8525351760573717,0.34192360106381536,1,0.0,0.9703657150609888,0.819515306122449,143.27970361830896,0.2857142857142857,False,C2_FUNCTIONAL_OR_LOWER,cross_script_validation
029,7,7,0.21950231802913994,moray_eel,1,0.658803603437135,0.8515689622705921,0.34119639656286505,1,0.0,0.9703657150609888,0.819515306122449,143.27970361830896,0.2857142857142857,False,C2_FUNCTIONAL_OR_LOWER,cross_script_validation
029,7,7,0.21950231802913994,moai,2,0.6446232183022963,0.8702659929760409,0.3553767816977037,2,0.0,0.9703657150609888,0.819515306122449,143.27970361830896,0.2857142857142857,False,C2_FUNCTIONAL_OR_LOWER,cross_script_validation
029,7,7,0.21950231802913994,fairy_tern,3,0.637685770534387,0.8793061466522896,0.362314229465613,1,0.0,0.9703657150609888,0.819515306122449,143.27970361830896,0.2857142857142857,False,C2_FUNCTIONAL_OR_LOWER,cross_script_validation
029,7,7,0.21950231802913994,octopus,4,0.6306478949847106,0.8884085562361597,0.36935210501528937,1,0.0,0.9703657150609888,0.819515306122449,143.27970361830896,0.2857142857142857,False,C2_FUNCTIONAL_OR_LOWER,cross_script_validation
029,7,7,0.21950231802913994,sun,5,0.6228790421183029,0.8983788489528217,0.3771209578816971,1,0.0,0.9703657150609888,0.819515306122449,143.27970361830896,0.2857142857142857,False,C2_FUNCTIONAL_OR_LOWER,cross_script_validation
058,7,7,0.443447543169953,toki,1,0.6492424950036323,0.8642082690500236,0.3507575049963677,1,0.0,0.9703657150609888,0.819515306122449,143.27970361830896,0.2857142857142857,False,C2_FUNCTIONAL_OR_LOWER,cross_script_validation
058,7,7,0.443447543169953,moai,2,0.6420078386898346,0.8736821105665014,0.3579921613101654,2,0.0,0.9703657150609888,0.819515306122449,143.27970361830896,0.2857142857142857,False,C2_FUNCTIONAL_OR_LOWER,cross_script_validation
058,7,7,0.443447543169953,octopus,3,0.6334549098150077,0.8847862519817595,0.36654509018499226,1,0.0,0.9703657150609888,0.819515306122449,143.27970361830896,0.2857142857142857,False,C2_FUNCTIONAL_OR_LOWER,cross_script_validation
058,7,7,0.443447543169953,sun,4,0.6272490718440425,0.8927803413910441,0.37275092815595745,1,0.0,0.9703657150609888,0.819515306122449,143.27970361830896,0.2857142857142857,False,C2_FUNCTIONAL_OR_LOWER,cross_script_validation
058,7,7,0.443447543169953,moray_eel,5,0.6261398110072587,0.894203812209247,0.3738601889927413,1,0.0,0.9703657150609888,0.819515306122449,143.27970361830896,0.2857142857142857,False,C2_FUNCTIONAL_OR_LOWER,cross_script_validation
084,7,7,0.45971825235950475,toki,1,0.7048705717702394,0.7885556614361053,0.2951294282297606,1,0.0,0.9703657150609888,0.819515306122449,143.27970361830896,0.2857142857142857,False,C2_FUNCTIONAL_OR_LOWER,cross_script_validation
084,7,7,0.45971825235950475,octopus,2,0.6497064197955755,0.8635981494587823,0.35029358020442447,1,0.0,0.9703657150609888,0.819515306122449,143.27970361830896,0.2857142857142857,False,C2_FUNCTIONAL_OR_LOWER,cross_script_validation
084,7,7,0.45971825235950475,fairy_tern,3,0.6495556759733415,0.8637964314662315,0.3504443240266585,1,0.0,0.9703657150609888,0.819515306122449,143.27970361830896,0.2857142857142857,False,C2_FUNCTIONAL_OR_LOWER,cross_script_validation
084,7,7,0.45971825235950475,moray_eel,4,0.6486973340565564,0.8649248186056344,0.3513026659434436,1,0.0,0.9703657150609888,0.819515306122449,143.27970361830896,0.2857142857142857,False,C2_FUNCTIONAL_OR_LOWER,cross_script_validation
084,7,7,0.45971825235950475,moai,5,0.6443133901256156,0.8706711925730526,0.3556866098743844,2,0.0,0.9703657150609888,0.819515306122449,143.27970361830896,0.2857142857142857,False,C2_FUNCTIONAL_OR_LOWER,cross_script_validation
201,7,7,0.37725650276960704,fairy_tern,1,0.8080336707310174,0.6299895399848908,0.1919663292689826,1,0.0,0.9703657150609888,0.819515306122449,143.27970361830896,0.2857142857142857,False,C2_FUNCTIONAL_OR_LOWER,cross_script_validation
201,7,7,0.37725650276960704,moray_eel,2,0.7993091377755326,0.6446516635704768,0.20069086222446741,1,0.0,0.9703657150609888,0.819515306122449,143.27970361830896,0.2857142857142857,False,C2_FUNCTIONAL_OR_LOWER,cross_script_validation
201,7,7,0.37725650276960704,tiger_shark,3,0.7865917617487388,0.6655265529476575,0.2134082382512612,2,0.0,0.9703657150609888,0.819515306122449,143.27970361830896,0.2857142857142857,False,C2_FUNCTIONAL_OR_LOWER,cross_script_validation
201,7,7,0.37725650276960704,octopus,4,0.7762333790443422,0.6821272205328777,0.2237666209556578,1,0.0,0.9703657150609888,0.819515306122449,143.27970361830896,0.2857142857142857,False,C2_FUNCTIONAL_OR_LOWER,cross_script_validation
201,7,7,0.37725650276960704,moai,5,0.7684704198975427,0.6943490156828986,0.23152958010245728,2,0.0,0.9703657150609888,0.819515306122449,143.27970361830896,0.2857142857142857,False,C2_FUNCTIONAL_OR_LOWER,cross_script_validation
211,7,7,0.4385428250746109,moray_eel,1,0.8287533963116152,0.5939199444063162,0.17124660368838485,1,0.0,0.9703657150609888,0.819515306122449,143.27970361830896,0.2857142857142857,False,C2_FUNCTIONAL_OR_LOWER,cross_script_validation
211,7,7,0.4385428250746109,fairy_tern,2,0.8250368061391276,0.6005289954602574,0.17496319386087245,1,0.0,0.9703657150609888,0.819515306122449,143.27970361830896,0.2857142857142857,False,C2_FUNCTIONAL_OR_LOWER,cross_script_validation
211,7,7,0.4385428250746109,octopus,3,0.8133800627520449,0.620857254348449,0.18661993724795511,1,0.0,0.9703657150609888,0.819515306122449,143.27970361830896,0.2857142857142857,False,C2_FUNCTIONAL_OR_LOWER,cross_script_validation
211,7,7,0.4385428250746109,tiger_shark,4,0.8101053571893095,0.6264645307110546,0.18989464281069046,2,0.0,0.9703657150609888,0.819515306122449,143.27970361830896,0.2857142857142857,False,C2_FUNCTIONAL_OR_LOWER,cross_script_validation
211,7,7,0.4385428250746109,moai,5,0.7952325249615012,0.6514053318839512,0.2047674750384988,2,0.0,0.9703657150609888,0.819515306122449,143.27970361830896,0.2857142857142857,False,C2_FUNCTIONAL_OR_LOWER,cross_script_validation
243,7,7,0.3098692317655503,tiger_shark,1,0.7491511847097457,0.7240166039521576,0.25084881529025427,2,0.0,0.9703657150609888,0.819515306122449,143.27970361830896,0.2857142857142857,False,C2_FUNCTIONAL_OR_LOWER,cross_script_validation
243,7,7,0.3098692317655503,moai,2,0.7471434798417566,0.7270423911143881,0.25285652015824345,2,0.0,0.9703657150609888,0.819515306122449,143.27970361830896,0.2857142857142857,False,C2_FUNCTIONAL_OR_LOWER,cross_script_validation
243,7,7,0.3098692317655503,fairy_tern,3,0.7427717033692299,0.7335957355458639,0.25722829663077007,1,0.0,0.9703657150609888,0.819515306122449,143.27970361830896,0.2857142857142857,False,C2_FUNCTIONAL_OR_LOWER,cross_script_validation
243,7,7,0.3098692317655503,hand,4,0.7394759123396096,0.7385048235170507,0.26052408766039037,1,0.0,0.9703657150609888,0.819515306122449,143.27970361830896,0.2857142857142857,False,C2_FUNCTIONAL_OR_LOWER,cross_script_validation
243,7,7,0.3098692317655503,octopus,5,0.736223866044838,0.7433229421865708,0.263776133955162,1,0.0,0.9703657150609888,0.819515306122449,143.27970361830896,0.2857142857142857,False,C2_FUNCTIONAL_OR_LOWER,cross_script_validation
255,7,7,0.42238026534891926,tiger_shark,1,0.8066943644731203,0.6322593473089592,0.19330563552687974,2,0.0,0.9703657150609888,0.819515306122449,143.27970361830896,0.2857142857142857,False,C2_FUNCTIONAL_OR_LOWER,cross_script_validation
255,7,7,0.42238026534891926,fairy_tern,2,0.8022679125390777,0.6397116722843034,0.1977320874609223,1,0.0,0.9703657150609888,0.819515306122449,143.27970361830896,0.2857142857142857,False,C2_FUNCTIONAL_OR_LOWER,cross_script_validation
255,7,7,0.42238026534891926,octopus,3,0.7992416016881461,0.6447640429804055,0.20075839831185394,1,0.0,0.9703657150609888,0.819515306122449,143.27970361830896,0.2857142857142857,False,C2_FUNCTIONAL_OR_LOWER,cross_script_validation
255,7,7,0.42238026534891926,moai,4,0.7942074092567591,0.6530942224213635,0.20579259074324086,2,0.0,0.9703657150609888,0.819515306122449,143.27970361830896,0.2857142857142857,False,C2_FUNCTIONAL_OR_LOWER,cross_script_validation
255,7,7,0.42238026534891926,sun,5,0.7925288354121319,0.655851674073393,0.20747116458786807,1,0.0,0.9703657150609888,0.819515306122449,143.27970361830896,0.2857142857142857,False,C2_FUNCTIONAL_OR_LOWER,cross_script_validation
325,7,7,0.523796327758723,sun,1,0.8220953674644307,0.6057147454575282,0.17790463253556932,1,0.0,0.9703657150609888,0.819515306122449,143.27970361830896,0.2857142857142857,False,C2_FUNCTIONAL_OR_LOWER,cross_script_validation
325,7,7,0.523796327758723,tiger_shark,2,0.8184942984132801,0.6120110458980664,0.18150570158671986,2,0.0,0.9703657150609888,0.819515306122449,143.27970361830896,0.2857142857142857,False,C2_FUNCTIONAL_OR_LOWER,cross_script_validation
325,7,7,0.523796327758723,moai,3,0.817570654056743,0.6136169046753488,0.182429345943257,2,0.0,0.9703657150609888,0.819515306122449,143.27970361830896,0.2857142857142857,False,C2_FUNCTIONAL_OR_LOWER,cross_script_validation
325,7,7,0.523796327758723,fairy_tern,4,0.8168088297774672,0.6149386707859343,0.18319117022253284,1,0.0,0.9703657150609888,0.819515306122449,143.27970361830896,0.2857142857142857,False,C2_FUNCTIONAL_OR_LOWER,cross_script_validation
325,7,7,0.523796327758723,octopus,5,0.8156378568477927,0.6169655019574858,0.18436214315220734,1,0.0,0.9703657150609888,0.819515306122449,143.27970361830896,0.2857142857142857,False,C2_FUNCTIONAL_OR_LOWER,cross_script_validation
440,7,7,0.38126103609379797,moray_eel,1,0.6332077878701049,0.8851055801866178,0.3667922121298951,1,0.0,0.9703657150609888,0.819515306122449,143.27970361830896,0.2857142857142857,False,C2_FUNCTIONAL_OR_LOWER,cross_script_validation
440,7,7,0.38126103609379797,fairy_tern,2,0.6115124745787347,0.9128256076280497,0.3884875254212653,1,0.0,0.9703657150609888,0.819515306122449,143.27970361830896,0.2857142857142857,False,C2_FUNCTIONAL_OR_LOWER,cross_script_validation
440,7,7,0.38126103609379797,toki,3,0.6104343589205488,0.9141874649832168,0.38956564107945124,1,0.0,0.9703657150609888,0.819515306122449,143.27970361830896,0.2857142857142857,False,C2_FUNCTIONAL_OR_LOWER,cross_script_validation
440,7,7,0.38126103609379797,reimiro,4,0.6028020525782308,0.9237880324622181,0.39719794742176917,1,0.0,0.9703657150609888,0.819515306122449,143.27970361830896,0.2857142857142857,False,C2_FUNCTIONAL_OR_LOWER,cross_script_validation
440,7,7,0.38126103609379797,octopus,5,0.5940457139648163,0.9347174850211944,0.4059542860351837,1,0.0,0.9703657150609888,0.819515306122449,143.27970361830896,0.2857142857142857,False,C2_FUNCTIONAL_OR_LOWER,iconicity|cross_script_validation
451,7,7,0.29298149062132534,moray_eel,1,0.6323459882888925,0.8862185359955851,0.36765401171110745,1,0.0,0.9703657150609888,0.819515306122449,143.27970361830896,0.2857142857142857,False,C2_FUNCTIONAL_OR_LOWER,cross_script_validation
451,7,7,0.29298149062132534,moai,2,0.6301631262924242,0.889033044130789,0.3698368737075758,2,0.0,0.9703657150609888,0.819515306122449,143.27970361830896,0.2857142857142857,False,C2_FUNCTIONAL_OR_LOWER,cross_script_validation
451,7,7,0.29298149062132534,sun,3,0.629695942173436,0.8896345799081795,0.37030405782656395,1,0.0,0.9703657150609888,0.819515306122449,143.27970361830896,0.2857142857142857,False,C2_FUNCTIONAL_OR_LOWER,cross_script_validation
451,7,7,0.29298149062132534,reimiro,4,0.6281882457768928,0.8915738595159787,0.3718117542231072,1,0.0,0.9703657150609888,0.819515306122449,143.27970361830896,0.2857142857142857,False,C2_FUNCTIONAL_OR_LOWER,cross_script_validation
451,7,7,0.29298149062132534,octopus,5,0.6268815307794818,0.8932521729573707,0.37311846922051817,1,0.0,0.9703657150609888,0.819515306122449,143.27970361830896,0.2857142857142857,False,C2_FUNCTIONAL_OR_LOWER,cross_script_validation
599,7,7,0.3535844933679875,moray_eel,1,0.6747504264677169,0.830169831337229,0.3252495735322831,1,0.0,0.9703657150609888,0.819515306122449,143.27970361830896,0.2857142857142857,False,C2_FUNCTIONAL_OR_LOWER,cross_script_validation
599,7,7,0.3535844933679875,reimiro,2,0.6635133193450047,0.8452913681659014,0.3364866806549953,1,0.0,0.9703657150609888,0.819515306122449,143.27970361830896,0.2857142857142857,False,C2_FUNCTIONAL_OR_LOWER,cross_script_validation
599,7,7,0.3535844933679875,octopus,3,0.6529540613456104,0.8593181368820431,0.3470459386543896,1,0.0,0.9703657150609888,0.819515306122449,143.27970361830896,0.2857142857142857,False,C2_FUNCTIONAL_OR_LOWER,cross_script_validation
599,7,7,0.3535844933679875,fairy_tern,4,0.6522686484619974,0.8602227421982751,0.3477313515380026,1,0.0,0.9703657150609888,0.819515306122449,143.27970361830896,0.2857142857142857,False,C2_FUNCTIONAL_OR_LOWER,cross_script_validation
599,7,7,0.3535844933679875,moai,5,0.6493014584520246,0.8641307423137561,0.3506985415479754,2,0.0,0.9703657150609888,0.819515306122449,143.27970361830896,0.2857142857142857,False,C2_FUNCTIONAL_OR_LOWER,cross_script_validation
015,6,6,0.29857899005217875,toki,1,0.6629443686974976,0.8460515739738667,0.3370556313025024,1,0.0,0.9703657150609888,0.819515306122449,143.27970361830896,0.2857142857142857,False,C2_FUNCTIONAL_OR_LOWER,cross_script_validation
015,6,6,0.29857899005217875,moray_eel,2,0.6322957164853866,0.8862834274042112,0.3677042835146134,1,0.0,0.9703657150609888,0.819515306122449,143.27970361830896,0.2857142857142857,False,C2_FUNCTIONAL_OR_LOWER,cross_script_validation
015,6,6,0.29857899005217875,moai,3,0.6273952656679465,0.8925926149366994,0.37260473433205354,2,0.0,0.9703657150609888,0.819515306122449,143.27970361830896,0.2857142857142857,False,C2_FUNCTIONAL_OR_LOWER,cross_script_validation
015,6,6,0.29857899005217875,octopus,4,0.6240964674621761,0.8968217062861147,0.37590353253782394,1,0.0,0.9703657150609888,0.819515306122449,143.27970361830896,0.2857142857142857,False,C2_FUNCTIONAL_OR_LOWER,cross_script_validation
015,6,6,0.29857899005217875,sun,5,0.6224185932432782,0.8989672809875281,0.3775814067567218,1,0.0,0.9703657150609888,0.819515306122449,143.27970361830896,0.2857142857142857,False,C2_FUNCTIONAL_OR_LOWER,cross_script_validation
055,6,6,0.43124480939915416,toki,1,0.66022182740482,0.8496822560011117,0.33977817259517995,1,0.0,0.9703657150609888,0.819515306122449,143.27970361830896,0.2857142857142857,False,C2_FUNCTIONAL_OR_LOWER,cross_script_validation
055,6,6,0.43124480939915416,fairy_tern,2,0.6321121329997895,0.8865203698462344,0.3678878670002105,1,0.0,0.9703657150609888,0.819515306122449,143.27970361830896,0.2857142857142857,False,C2_FUNCTIONAL_OR_LOWER,cross_script_validation
055,6,6,0.43124480939915416,moray_eel,3,0.6310314755181209,0.8879141961120715,0.3689685244818791,1,0.0,0.9703657150609888,0.819515306122449,143.27970361830896,0.2857142857142857,False,C2_FUNCTIONAL_OR_LOWER,cross_script_validation
055,6,6,0.43124480939915416,octopus,4,0.631017553301726,0.8879321425961926,0.36898244669827396,1,0.0,0.9703657150609888,0.819515306122449,143.27970361830896,0.2857142857142857,False,C2_FUNCTIONAL_OR_LOWER,cross_script_validation
055,6,6,0.43124480939915416,sun,5,0.6202681816442701,0.9017117713642426,0.3797318183557299,1,0.0,0.9703657150609888,0.819515306122449,143.27970361830896,0.2857142857142857,False,C2_FUNCTIONAL_OR_LOWER,cross_script_validation
057,6,6,0.5075772952716916,fairy_tern,1,0.7111403929919412,0.7796773800360997,0.2888596070080588,1,0.0,0.9703657150609888,0.819515306122449,143.27970361830896,0.2857142857142857,False,C2_FUNCTIONAL_OR_LOWER,cross_script_validation
057,6,6,0.5075772952716916,moray_eel,2,0.7093513198077454,0.7822188470600374,0.29064868019225465,1,0.0,0.9703657150609888,0.819515306122449,143.27970361830896,0.2857142857142857,False,C2_FUNCTIONAL_OR_LOWER,cross_script_validation
057,6,6,0.5075772952716916,moai,3,0.6871553602910422,0.8132300446303041,0.3128446397089578,2,0.0,0.9703657150609888,0.819515306122449,143.27970361830896,0.2857142857142857,False,C2_FUNCTIONAL_OR_LOWER,cross_script_validation
057,6,6,0.5075772952716916,octopus,4,0.6852832526750346,0.8158037635312638,0.31471674732496535,1,0.0,0.9703657150609888,0.819515306122449,143.27970361830896,0.2857142857142857,False,C2_FUNCTIONAL_OR_LOWER,cross_script_validation
057,6,6,0.5075772952716916,sun,5,0.6789830040460976,0.8244198435400298,0.32101699595390243,1,0.0,0.9703657150609888,0.819515306122449,143.27970361830896,0.2857142857142857,False,C2_FUNCTIONAL_OR_LOWER,cross_script_validation
109,6,6,0.5191598462310252,moai,1,0.7465922928937301,0.7278712781199524,0.2534077071062699,2,0.0,0.9703657150609888,0.819515306122449,143.27970361830896,0.2857142857142857,False,C2_FUNCTIONAL_OR_LOWER,cross_script_validation
109,6,6,0.5191598462310252,sun,2,0.7210701861684057,0.7654506589905957,0.2789298138315943,1,0.0,0.9703657150609888,0.819515306122449,143.27970361830896,0.2857142857142857,False,C2_FUNCTIONAL_OR_LOWER,cross_script_validation
109,6,6,0.5191598462310252,octopus,3,0.7085710757894046,0.7833251880134021,0.2914289242105954,1,0.0,0.9703657150609888,0.819515306122449,143.27970361830896,0.2857142857142857,False,C2_FUNCTIONAL_OR_LOWER,cross_script_validation
109,6,6,0.5191598462310252,tiger_shark,4,0.707544957372814,0.7847782965349682,0.292455042627186,2,0.0,0.9703657150609888,0.819515306122449,143.27970361830896,0.2857142857142857,False,C2_FUNCTIONAL_OR_LOWER,cross_script_validation
109,6,6,0.5191598462310252,moray_eel,5,0.7042474575169366,0.7894337257930469,0.2957525424830634,1,0.0,0.9703657150609888,0.819515306122449,143.27970361830896,0.2857142857142857,False,C2_FUNCTIONAL_OR_LOWER,cross_script_validation
215,6,6,0.42430810556454257,moray_eel,1,0.8047021323118018,0.6356227614169592,0.19529786768819823,1,0.0,0.9703657150609888,0.819515306122449,143.27970361830896,0.2857142857142857,False,C2_FUNCTIONAL_OR_LOWER,cross_script_validation
215,6,6,0.42430810556454257,fairy_tern,2,0.7893393721844567,0.6610640911008557,0.2106606278155433,1,0.0,0.9703657150609888,0.819515306122449,143.27970361830896,0.2857142857142857,False,C2_FUNCTIONAL_OR_LOWER,cross_script_validation
215,6,6,0.42430810556454257,octopus,3,0.7639152218387795,0.7014376744911703,0.23608477816122053,1,0.0,0.9703657150609888,0.819515306122449,143.27970361830896,0.2857142857142857,False,C2_FUNCTIONAL_OR_LOWER,cross_script_validation
215,6,6,0.42430810556454257,tiger_shark,4,0.763018236800407,0.7028265253976446,0.23698176319959297,2,0.0,0.9703657150609888,0.819515306122449,143.27970361830896,0.2857142857142857,False,C2_FUNCTIONAL_OR_LOWER,cross_script_validation
215,6,6,0.42430810556454257,sun,5,0.7580749383399563,0.7104400880006061,0.24192506166004368,1,0.0,0.9703657150609888,0.819515306122449,143.27970361830896,0.2857142857142857,False,C2_FUNCTIONAL_OR_LOWER,cross_script_validation
291,6,6,0.3632199542404521,moray_eel,1,0.7492266846732636,0.7239026170277161,0.2507733153267364,1,0.0,0.9703657150609888,0.819515306122449,143.27970361830896,0.2857142857142857,False,C2_FUNCTIONAL_OR_LOWER,cross_script_validation
291,6,6,0.3632199542404521,fairy_tern,2,0.7366557467086207,0.7426845405109076,0.26334425329137934,1,0.0,0.9703657150609888,0.819515306122449,143.27970361830896,0.2857142857142857,False,C2_FUNCTIONAL_OR_LOWER,cross_script_validation
291,6,6,0.3632199542404521,moai,3,0.7250045095522887,0.7597553850296298,0.2749954904477113,2,0.0,0.9703657150609888,0.819515306122449,143.27970361830896,0.2857142857142857,False,C2_FUNCTIONAL_OR_LOWER,cross_script_validation
291,6,6,0.3632199542404521,sun,4,0.7232221158922235,0.7623397620719481,0.2767778841077765,1,0.0,0.9703657150609888,0.819515306122449,143.27970361830896,0.2857142857142857,False,C2_FUNCTIONAL_OR_LOWER,cross_script_validation
291,6,6,0.3632199542404521,octopus,5,0.7150457516273087,0.7741067767683306,0.28495424837269134,1,0.0,0.9703657150609888,0.819515306122449,143.27970361830896,0.2857142857142857,False,C2_FUNCTIONAL_OR_LOWER,cross_script_validation
378,6,6,0.3189882891836191,octopus,1,0.797371141024396,0.647869830516558,0.202628858975604,1,0.0,0.9703657150609888,0.819515306122449,143.27970361830896,0.2857142857142857,False,C2_FUNCTIONAL_OR_LOWER,cross_script_validation
378,6,6,0.3189882891836191,moray_eel,2,0.7971187413742892,0.6482879489204951,0.20288125862571083,1,0.0,0.9703657150609888,0.819515306122449,143.27970361830896,0.2857142857142857,False,C2_FUNCTIONAL_OR_LOWER,cross_script_validation
378,6,6,0.3189882891836191,fairy_tern,3,0.7935593632527738,0.6541599651036406,0.20644063674722624,1,0.0,0.9703657150609888,0.819515306122449,143.27970361830896,0.2857142857142857,False,C2_FUNCTIONAL_OR_LOWER,cross_script_validation
378,6,6,0.3189882891836191,tiger_shark,4,0.7928201579778533,0.6553738180473692,0.20717984202214668,2,0.0,0.9703657150609888,0.819515306122449,143.27970361830896,0.2857142857142857,False,C2_FUNCTIONAL_OR_LOWER,cross_script_validation
378,6,6,0.3189882891836191,sun,5,0.7865472291137777,0.6655986703691704,0.21345277088622228,1,0.0,0.9703657150609888,0.819515306122449,143.27970361830896,0.2857142857142857,False,C2_FUNCTIONAL_OR_LOWER,cross_script_validation
493,6,6,0.38645492213405414,tiger_shark,1,0.8441154288432736,0.5658831309638738,0.15588457115672638,2,0.0,0.9703657150609888,0.819515306122449,143.27970361830896,0.2857142857142857,False,C2_FUNCTIONAL_OR_LOWER,cross_script_validation
493,6,6,0.38645492213405414,fairy_tern,2,0.8436535944366642,0.5667439196367127,0.1563464055633358,1,0.0,0.9703657150609888,0.819515306122449,143.27970361830896,0.2857142857142857,False,C2_FUNCTIONAL_OR_LOWER,cross_script_validation
493,6,6,0.38645492213405414,octopus,3,0.8349300336537894,0.5827906830290918,0.16506996634621063,1,0.0,0.9703657150609888,0.819515306122449,143.27970361830896,0.2857142857142857,False,C2_FUNCTIONAL_OR_LOWER,cross_script_validation
493,6,6,0.38645492213405414,sun,4,0.8242398083589499,0.6019379650446551,0.17576019164105006,1,0.0,0.9703657150609888,0.819515306122449,143.27970361830896,0.2857142857142857,False,C2_FUNCTIONAL_OR_LOWER,cross_script_validation
493,6,6,0.38645492213405414,moai,5,0.8240394888661339,0.6022916448140813,0.17596051113386613,2,0.0,0.9703657150609888,0.819515306122449,143.27970361830896,0.2857142857142857,False,C2_FUNCTIONAL_OR_LOWER,cross_script_validation
520,6,6,0.4553434443152729,moray_eel,1,0.7867295480695705,0.6653033758664347,0.21327045193042948,1,0.0,0.9703657150609888,0.819515306122449,143.27970361830896,0.2857142857142857,False,C2_FUNCTIONAL_OR_LOWER,cross_script_validation
520,6,6,0.4553434443152729,fairy_tern,2,0.772814993899646,0.6875314397230985,0.22718500610035397,1,0.0,0.9703657150609888,0.819515306122449,143.27970361830896,0.2857142857142857,False,C2_FUNCTIONAL_OR_LOWER,cross_script_validation
520,6,6,0.4553434443152729,moai,3,0.7609217130844506,0.7060638454241561,0.23907828691554944,2,0.0,0.9703657150609888,0.819515306122449,143.27970361830896,0.2857142857142857,False,C2_FUNCTIONAL_OR_LOWER,cross_script_validation
520,6,6,0.4553434443152729,octopus,4,0.7520960898699295,0.7195595383417926,0.24790391013007052,1,0.0,0.9703657150609888,0.819515306122449,143.27970361830896,0.2857142857142857,False,C2_FUNCTIONAL_OR_LOWER,cross_script_validation
520,6,6,0.4553434443152729,tiger_shark,5,0.75031889936854,0.7222519854088514,0.24968110063145998,2,0.0,0.9703657150609888,0.819515306122449,143.27970361830896,0.2857142857142857,False,C2_FUNCTIONAL_OR_LOWER,cross_script_validation
595,6,6,0.4711219707320307,moray_eel,1,0.8119278155441625,0.6233493320864711,0.1880721844558375,1,0.0,0.9703657150609888,0.819515306122449,143.27970361830896,0.2857142857142857,False,C2_FUNCTIONAL_OR_LOWER,cross_script_validation
595,6,6,0.4711219707320307,fairy_tern,2,0.8000494589394065,0.6434186726970402,0.1999505410605935,1,0.0,0.9703657150609888,0.819515306122449,143.27970361830896,0.2857142857142857,False,C2_FUNCTIONAL_OR_LOWER,cross_script_validation
595,6,6,0.4711219707320307,octopus,3,0.7773209570760715,0.6804002897233304,0.22267904292392848,1,0.0,0.9703657150609888,0.819515306122449,143.27970361830896,0.2857142857142857,False,C2_FUNCTIONAL_OR_LOWER,cross_script_validation
595,6,6,0.4711219707320307,moai,4,0.7767860222574383,0.6812501555177136,0.2232139777425617,2,0.0,0.9703657150609888,0.819515306122449,143.27970361830896,0.2857142857142857,False,C2_FUNCTIONAL_OR_LOWER,cross_script_validation
595,6,6,0.4711219707320307,tiger_shark,5,0.7765913399741222,0.6815592316043272,0.22340866002587778,2,0.0,0.9703657150609888,0.819515306122449,143.27970361830896,0.2857142857142857,False,C2_FUNCTIONAL_OR_LOWER,cross_script_validation
610,6,6,0.3137134312478666,moray_eel,1,0.7388092267827705,0.7394946337277842,0.2611907732172295,1,0.0,0.9703657150609888,0.819515306122449,143.27970361830896,0.2857142857142857,False,C2_FUNCTIONAL_OR_LOWER,cross_script_validation
610,6,6,0.3137134312478666,fairy_tern,2,0.7139654913230326,0.7756508232083494,0.28603450867696745,1,0.0,0.9703657150609888,0.819515306122449,143.27970361830896,0.2857142857142857,False,C2_FUNCTIONAL_OR_LOWER,cross_script_validation
610,6,6,0.3137134312478666,moai,3,0.7123905516088358,0.7778975840638922,0.2876094483911642,2,0.0,0.9703657150609888,0.819515306122449,143.27970361830896,0.2857142857142857,False,C2_FUNCTIONAL_OR_LOWER,cross_script_validation
610,6,6,0.3137134312478666,sun,4,0.6991501384462475,0.7965881814012629,0.3008498615537525,1,0.0,0.9703657150609888,0.819515306122449,143.27970361830896,0.2857142857142857,False,C2_FUNCTIONAL_OR_LOWER,cross_script_validation
610,6,6,0.3137134312478666,octopus,5,0.6919302101501927,0.8066371342826558,0.30806978984980726,1,0.0,0.9703657150609888,0.819515306122449,143.27970361830896,0.2857142857142857,False,C2_FUNCTIONAL_OR_LOWER,cross_script_validation
774,6,6,0.37533317396045335,moai,1,0.7149567311885843,0.7742341083189903,0.28504326881141573,2,0.0,0.9703657150609888,0.819515306122449,143.27970361830896,0.2857142857142857,False,C2_FUNCTIONAL_OR_LOWER,cross_script_validation
774,6,6,0.37533317396045335,moray_eel,2,0.7072946065366507,0.7851325029491134,0.29270539346334934,1,0.0,0.9703657150609888,0.819515306122449,143.27970361830896,0.2857142857142857,False,C2_FUNCTIONAL_OR_LOWER,cross_script_validation
774,6,6,0.37533317396045335,sun,3,0.7047711765643216,0.7886957759875779,0.29522882343567836,1,0.0,0.9703657150609888,0.819515306122449,143.27970361830896,0.2857142857142857,False,C2_FUNCTIONAL_OR_LOWER,cross_script_validation
774,6,6,0.37533317396045335,fairy_tern,4,0.6937745282683306,0.8040794133885761,0.30622547173166936,1,0.0,0.9703657150609888,0.819515306122449,143.27970361830896,0.2857142857142857,False,C2_FUNCTIONAL_OR_LOWER,cross_script_validation
774,6,6,0.37533317396045335,octopus,5,0.6933703982296338,0.8046404037081052,0.30662960177036624,1,0.0,0.9703657150609888,0.819515306122449,143.27970361830896,0.2857142857142857,False,C2_FUNCTIONAL_OR_LOWER,cross_script_validation
031,5,5,0.5375172358509281,sun,1,0.6573290264503067,0.8535273369649334,0.34267097354969334,1,0.0,0.9703657150609888,0.819515306122449,143.27970361830896,0.2857142857142857,False,C2_FUNCTIONAL_OR_LOWER,cross_script_validation
031,5,5,0.5375172358509281,moai,2,0.6534048918959694,0.858722747669472,0.3465951081040306,2,0.0,0.9703657150609888,0.819515306122449,143.27970361830896,0.2857142857142857,False,C2_FUNCTIONAL_OR_LOWER,cross_script_validation
031,5,5,0.5375172358509281,octopus,3,0.6431499094312588,0.8721915833694642,0.3568500905687412,1,0.0,0.9703657150609888,0.819515306122449,143.27970361830896,0.2857142857142857,False,C2_FUNCTIONAL_OR_LOWER,cross_script_validation
031,5,5,0.5375172358509281,moray_eel,4,0.6424419582297489,0.8731157565574633,0.3575580417702511,1,0.0,0.9703657150609888,0.819515306122449,143.27970361830896,0.2857142857142857,False,C2_FUNCTIONAL_OR_LOWER,cross_script_validation
031,5,5,0.5375172358509281,fairy_tern,5,0.6334903527408424,0.8847404461862037,0.3665096472591576,1,0.0,0.9703657150609888,0.819515306122449,143.27970361830896,0.2857142857142857,False,C2_FUNCTIONAL_OR_LOWER,cross_script_validation
035,5,5,0.39469728304781193,moray_eel,1,0.6822974242992983,0.8198957516875359,0.3177025757007017,1,0.0,0.9703657150609888,0.819515306122449,143.27970361830896,0.2857142857142857,False,C2_FUNCTIONAL_OR_LOWER,cross_script_validation
035,5,5,0.39469728304781193,moai,2,0.6654574981898155,0.8426897657696939,0.3345425018101845,2,0.0,0.9703657150609888,0.819515306122449,143.27970361830896,0.2857142857142857,False,C2_FUNCTIONAL_OR_LOWER,cross_script_validation
035,5,5,0.39469728304781193,fairy_tern,3,0.6629784877538338,0.8460060000817232,0.33702151224616617,1,0.0,0.9703657150609888,0.819515306122449,143.27970361830896,0.2857142857142857,False,C2_FUNCTIONAL_OR_LOWER,cross_script_validation
035,5,5,0.39469728304781193,octopus,4,0.6458858173198622,0.8686133059430792,0.35411418268013783,1,0.0,0.9703657150609888,0.819515306122449,143.27970361830896,0.2857142857142857,False,C2_FUNCTIONAL_OR_LOWER,cross_script_validation
035,5,5,0.39469728304781193,sun,5,0.6439119004398626,0.8711960632915469,0.3560880995601374,1,0.0,0.9703657150609888,0.819515306122449,143.27970361830896,0.2857142857142857,False,C2_FUNCTIONAL_OR_LOWER,cross_script_validation
075,5,5,0.5316941293389819,octopus,1,0.7114203561217932,0.7792790875493977,0.2885796438782068,1,0.0,0.9703657150609888,0.819515306122449,143.27970361830896,0.2857142857142857,False,C2_FUNCTIONAL_OR_LOWER,cross_script_validation
075,5,5,0.5316941293389819,moai,2,0.7103189038210725,0.7808451553499252,0.28968109617892746,2,0.0,0.9703657150609888,0.819515306122449,143.27970361830896,0.2857142857142857,False,C2_FUNCTIONAL_OR_LOWER,cross_script_validation
075,5,5,0.5316941293389819,sun,3,0.7000314328747695,0.7953548144060955,0.29996856712523046,1,0.0,0.9703657150609888,0.819515306122449,143.27970361830896,0.2857142857142857,False,C2_FUNCTIONAL_OR_LOWER,cross_script_validation
075,5,5,0.5316941293389819,fairy_tern,4,0.6923064155756473,0.8061159182319376,0.3076935844243527,1,0.0,0.9703657150609888,0.819515306122449,143.27970361830896,0.2857142857142857,False,C2_FUNCTIONAL_OR_LOWER,cross_script_validation
075,5,5,0.5316941293389819,tiger_shark,5,0.6874315576161145,0.812849806484473,0.3125684423838855,2,0.0,0.9703657150609888,0.819515306122449,143.27970361830896,0.2857142857142857,False,C2_FUNCTIONAL_OR_LOWER,cross_script_validation
083,5,5,0.3790202004361738,moray_eel,1,0.6101119852936592,0.9145944042362883,0.3898880147063408,1,0.0,0.9703657150609888,0.819515306122449,143.27970361830896,0.2857142857142857,False,C2_FUNCTIONAL_OR_LOWER,cross_script_validation
083,5,5,0.3790202004361738,octopus,2,0.6010107861784689,0.9260311357279609,0.3989892138215311,1,0.0,0.9703657150609888,0.819515306122449,143.27970361830896,0.2857142857142857,False,C2_FUNCTIONAL_OR_LOWER,cross_script_validation
083,5,5,0.3790202004361738,fairy_tern,3,0.5987349926268064,0.9288755413428894,0.4012650073731936,1,0.0,0.9703657150609888,0.819515306122449,143.27970361830896,0.2857142857142857,False,C2_FUNCTIONAL_OR_LOWER,iconicity|cross_script_validation
083,5,5,0.3790202004361738,sun,4,0.5942553298394012,0.9344568834595106,0.4057446701605988,1,0.0,0.9703657150609888,0.819515306122449,143.27970361830896,0.2857142857142857,False,C2_FUNCTIONAL_OR_LOWER,iconicity|cross_script_validation
083,5,5,0.3790202004361738,toki,5,0.59097766391375,0.9385260751434112,0.40902233608625005,1,0.0,0.9703657150609888,0.819515306122449,143.27970361830896,0.2857142857142857,False,C2_FUNCTIONAL_OR_LOWER,iconicity|cross_script_validation
088,5,5,0.3817057517493164,toki,1,0.6225150479861217,0.8988440391646331,0.3774849520138783,1,0.0,0.9703657150609888,0.819515306122449,143.27970361830896,0.2857142857142857,False,C2_FUNCTIONAL_OR_LOWER,cross_script_validation
088,5,5,0.3817057517493164,moray_eel,2,0.6065964116393019,0.919023954110245,0.3934035883606981,1,0.0,0.9703657150609888,0.819515306122449,143.27970361830896,0.2857142857142857,False,C2_FUNCTIONAL_OR_LOWER,cross_script_validation
088,5,5,0.3817057517493164,octopus,3,0.5926769044818463,0.9364180046923657,0.4073230955181537,1,0.0,0.9703657150609888,0.819515306122449,143.27970361830896,0.2857142857142857,False,C2_FUNCTIONAL_OR_LOWER,iconicity|cross_script_validation
088,5,5,0.3817057517493164,moai,4,0.5910017158872563,0.9384962591072552,0.40899828411274375,2,0.0,0.9703657150609888,0.819515306122449,143.27970361830896,0.2857142857142857,False,C2_FUNCTIONAL_OR_LOWER,iconicity|cross_script_validation
088,5,5,0.3817057517493164,fairy_tern,5,0.5815429032265887,0.9501723320979851,0.41845709677341125,1,0.0,0.9703657150609888,0.819515306122449,143.27970361830896,0.2857142857142857,False,C2_FUNCTIONAL_OR_LOWER,iconicity|cross_script_validation
094,5,5,0.4474239427481524,moai,1,0.7540368251478161,0.7166098383765046,0.24596317485218389,2,0.0,0.9703657150609888,0.819515306122449,143.27970361830896,0.2857142857142857,False,C2_FUNCTIONAL_OR_LOWER,cross_script_validation
094,5,5,0.4474239427481524,sun,2,0.7430445443630893,0.7331881411416051,0.2569554556369107,1,0.0,0.9703657150609888,0.819515306122449,143.27970361830896,0.2857142857142857,False,C2_FUNCTIONAL_OR_LOWER,cross_script_validation
094,5,5,0.4474239427481524,octopus,3,0.7249164653121478,0.7598832094495098,0.2750835346878522,1,0.0,0.9703657150609888,0.819515306122449,143.27970361830896,0.2857142857142857,False,C2_FUNCTIONAL_OR_LOWER,cross_script_validation
094,5,5,0.4474239427481524,fairy_tern,4,0.7125140860960493,0.7777215389238449,0.28748591390395073,1,0.0,0.9703657150609888,0.819515306122449,143.27970361830896,0.2857142857142857,False,C2_FUNCTIONAL_OR_LOWER,cross_script_validation
094,5,5,0.4474239427481524,tiger_shark,5,0.7121521146132109,0.7782372842539429,0.28784788538678907,2,0.0,0.9703657150609888,0.819515306122449,143.27970361830896,0.2857142857142857,False,C2_FUNCTIONAL_OR_LOWER,cross_script_validation
096,5,5,0.31236312268874133,reimiro,1,0.664658873657411,0.8437591735154456,0.33534112634258895,1,0.0,0.9703657150609888,0.819515306122449,143.27970361830896,0.2857142857142857,False,C2_FUNCTIONAL_OR_LOWER,cross_script_validation
096,5,5,0.31236312268874133,sun,2,0.6646228541774168,0.8438073818459743,0.33537714582258316,1,0.0,0.9703657150609888,0.819515306122449,143.27970361830896,0.2857142857142857,False,C2_FUNCTIONAL_OR_LOWER,cross_script_validation
096,5,5,0.31236312268874133,octopus,3,0.6444077460219374,0.870547806664167,0.3555922539780626,1,0.0,0.9703657150609888,0.819515306122449,143.27970361830896,0.2857142857142857,False,C2_FUNCTIONAL_OR_LOWER,cross_script_validation
096,5,5,0.31236312268874133,moai,4,0.6402218051363816,0.8760093585978284,0.3597781948636184,2,0.0,0.9703657150609888,0.819515306122449,143.27970361830896,0.2857142857142857,False,C2_FUNCTIONAL_OR_LOWER,cross_script_validation
096,5,5,0.31236312268874133,moray_eel,5,0.6379494113141234,0.8789638393595929,0.3620505886858766,1,0.0,0.9703657150609888,0.819515306122449,143.27970361830896,0.2857142857142857,False,C2_FUNCTIONAL_OR_LOWER,cross_script_validation
097,5,5,0.4189054586600413,moai,1,0.6819515257084057,0.8203687844239134,0.31804847429159433,2,0.0,0.9703657150609888,0.819515306122449,143.27970361830896,0.2857142857142857,False,C2_FUNCTIONAL_OR_LOWER,cross_script_validation
097,5,5,0.4189054586600413,toki,2,0.6747327976869808,0.8301937168251855,0.3252672023130192,1,0.0,0.9703657150609888,0.819515306122449,143.27970361830896,0.2857142857142857,False,C2_FUNCTIONAL_OR_LOWER,cross_script_validation
097,5,5,0.4189054586600413,sun,3,0.6643369500598488,0.844189961501068,0.33566304994015117,1,0.0,0.9703657150609888,0.819515306122449,143.27970361830896,0.2857142857142857,False,C2_FUNCTIONAL_OR_LOWER,cross_script_validation
097,5,5,0.4189054586600413,octopus,4,0.6571014820269309,0.8538292389697846,0.34289851797306914,1,0.0,0.9703657150609888,0.819515306122449,143.27970361830896,0.2857142857142857,False,C2_FUNCTIONAL_OR_LOWER,cross_script_validation
097,5,5,0.4189054586600413,foot,5,0.6522788690036325,0.8602092583400983,0.3477211309963675,1,1.4901161193847656e-08,0.9703657150609888,0.819515306122449,143.27970361830896,0.2857142857142857,False,C2_FUNCTIONAL_OR_LOWER,cross_script_validation
133,5,5,0.4702247933959173,toki,1,0.7381174890682287,0.7405205041296545,0.2618825109317713,1,0.0,0.9703657150609888,0.819515306122449,143.27970361830896,0.2857142857142857,False,C2_FUNCTIONAL_OR_LOWER,cross_script_validation
133,5,5,0.4702247933959173,moray_eel,2,0.7074705831462987,0.7848835372892219,0.29252941685370126,1,0.0,0.9703657150609888,0.819515306122449,143.27970361830896,0.2857142857142857,False,C2_FUNCTIONAL_OR_LOWER,cross_script_validation
133,5,5,0.4702247933959173,moai,3,0.6936759210897421,0.8042163222129484,0.3063240789102579,2,0.0,0.9703657150609888,0.819515306122449,143.27970361830896,0.2857142857142857,False,C2_FUNCTIONAL_OR_LOWER,cross_script_validation
133,5,5,0.4702247933959173,fairy_tern,4,0.6886573430876233,0.8111606248022076,0.3113426569123767,1,0.0,0.9703657150609888,0.819515306122449,143.27970361830896,0.2857142857142857,False,C2_FUNCTIONAL_OR_LOWER,cross_script_validation
133,5,5,0.4702247933959173,octopus,5,0.6836320074813862,0.8180686843176572,0.3163679925186138,1,0.0,0.9703657150609888,0.819515306122449,143.27970361830896,0.2857142857142857,False,C2_FUNCTIONAL_OR_LOWER,cross_script_validation
166,5,5,0.31212310930354675,reimiro,1,0.6748482624245815,0.8300372625141547,0.3251517375754185,1,0.0,0.9703657150609888,0.819515306122449,143.27970361830896,0.2857142857142857,False,C2_FUNCTIONAL_OR_LOWER,cross_script_validation
166,5,5,0.31212310930354675,moray_eel,2,0.6602088485173113,0.8496995363844352,0.3397911514826887,1,0.0,0.9703657150609888,0.819515306122449,143.27970361830896,0.2857142857142857,False,C2_FUNCTIONAL_OR_LOWER,cross_script_validation
166,5,5,0.31212310930354675,fairy_tern,3,0.658393565685672,0.8521138669746878,0.341606434314328,1,0.0,0.9703657150609888,0.819515306122449,143.27970361830896,0.2857142857142857,False,C2_FUNCTIONAL_OR_LOWER,cross_script_validation
166,5,5,0.31212310930354675,sun,4,0.6564477612443826,0.8546961428034503,0.34355223875561736,1,0.0,0.9703657150609888,0.819515306122449,143.27970361830896,0.2857142857142857,False,C2_FUNCTIONAL_OR_LOWER,cross_script_validation
166,5,5,0.31212310930354675,octopus,5,0.6524294994209265,0.8600105149901144,0.34757050057907346,1,0.0,0.9703657150609888,0.819515306122449,143.27970361830896,0.2857142857142857,False,C2_FUNCTIONAL_OR_LOWER,cross_script_validation
246,5,5,0.39150072225112625,fairy_tern,1,0.7904007079118965,0.6593334844447349,0.20959929208810346,1,0.0,0.9703657150609888,0.819515306122449,143.27970361830896,0.2857142857142857,False,C2_FUNCTIONAL_OR_LOWER,cross_script_validation
246,5,5,0.39150072225112625,tiger_shark,2,0.7859433559906606,0.6665759467649564,0.21405664400933944,2,0.0,0.9703657150609888,0.819515306122449,143.27970361830896,0.2857142857142857,False,C2_FUNCTIONAL_OR_LOWER,cross_script_validation
246,5,5,0.39150072225112625,moray_eel,3,0.7798970896055178,0.6762949442338096,0.22010291039448215,1,0.0,0.9703657150609888,0.819515306122449,143.27970361830896,0.2857142857142857,False,C2_FUNCTIONAL_OR_LOWER,cross_script_validation
246,5,5,0.39150072225112625,moai,4,0.7762113879451571,0.6821621016147245,0.2237886120548429,2,0.0,0.9703657150609888,0.819515306122449,143.27970361830896,0.2857142857142857,False,C2_FUNCTIONAL_OR_LOWER,cross_script_validation
246,5,5,0.39150072225112625,octopus,5,0.7737296660134089,0.6860889070351858,0.22627033398659113,1,0.0,0.9703657150609888,0.819515306122449,143.27970361830896,0.2857142857142857,False,C2_FUNCTIONAL_OR_LOWER,cross_script_validation
260,5,5,0.4644344695840287,fairy_tern,1,0.7825735309260505,0.6720073827434667,0.21742646907394947,1,0.0,0.9703657150609888,0.819515306122449,143.27970361830896,0.2857142857142857,False,C2_FUNCTIONAL_OR_LOWER,cross_script_validation
260,5,5,0.4644344695840287,moray_eel,2,0.777372727905179,0.6803179926107268,0.22262727209482103,1,0.0,0.9703657150609888,0.819515306122449,143.27970361830896,0.2857142857142857,False,C2_FUNCTIONAL_OR_LOWER,cross_script_validation
260,5,5,0.4644344695840287,octopus,3,0.7583294730316739,0.7100497090260384,0.24167052696832614,1,0.0,0.9703657150609888,0.819515306122449,143.27970361830896,0.2857142857142857,False,C2_FUNCTIONAL_OR_LOWER,cross_script_validation
260,5,5,0.4644344695840287,sun,4,0.7579431215426667,0.7106421853549778,0.24205687845733326,1,0.0,0.9703657150609888,0.819515306122449,143.27970361830896,0.2857142857142857,False,C2_FUNCTIONAL_OR_LOWER,cross_script_validation
260,5,5,0.4644344695840287,moai,5,0.7540450834103145,0.7165972654198307,0.2459549165896855,2,0.0,0.9703657150609888,0.819515306122449,143.27970361830896,0.2857142857142857,False,C2_FUNCTIONAL_OR_LOWER,cross_script_validation
275,5,5,0.3670995456231763,moai,1,0.7837374958886424,0.6701355309062649,0.2162625041113576,2,0.0,0.9703657150609888,0.819515306122449,143.27970361830896,0.2857142857142857,False,C2_FUNCTIONAL_OR_LOWER,cross_script_validation
275,5,5,0.3670995456231763,moray_eel,2,0.7721719982069926,0.6885439954423681,0.22782800179300744,1,0.0,0.9703657150609888,0.819515306122449,143.27970361830896,0.2857142857142857,False,C2_FUNCTIONAL_OR_LOWER,cross_script_validation
275,5,5,0.3670995456231763,octopus,3,0.769430137988488,0.6928478336360145,0.23056986201151197,1,0.0,0.9703657150609888,0.819515306122449,143.27970361830896,0.2857142857142857,False,C2_FUNCTIONAL_OR_LOWER,cross_script_validation
275,5,5,0.3670995456231763,sun,4,0.7689205633784432,0.6936452429612476,0.23107943662155683,1,0.0,0.9703657150609888,0.819515306122449,143.27970361830896,0.2857142857142857,False,C2_FUNCTIONAL_OR_LOWER,cross_script_validation
275,5,5,0.3670995456231763,tiger_shark,5,0.7651815620207342,0.6994730337982241,0.23481843797926583,2,0.0,0.9703657150609888,0.819515306122449,143.27970361830896,0.2857142857142857,False,C2_FUNCTIONAL_OR_LOWER,cross_script_validation
302,5,5,0.32545914194734155,moray_eel,1,0.7657771215060983,0.6985474764034671,0.23422287849390167,1,0.0,0.9703657150609888,0.819515306122449,143.27970361830896,0.2857142857142857,False,C2_FUNCTIONAL_OR_LOWER,cross_script_validation
302,5,5,0.32545914194734155,fairy_tern,2,0.7643933850294045,0.7006963746104318,0.23560661497059554,1,0.0,0.9703657150609888,0.819515306122449,143.27970361830896,0.2857142857142857,False,C2_FUNCTIONAL_OR_LOWER,cross_script_validation
302,5,5,0.32545914194734155,tiger_shark,3,0.7469142634521706,0.7273871854780793,0.2530857365478294,2,0.0,0.9703657150609888,0.819515306122449,143.27970361830896,0.2857142857142857,False,C2_FUNCTIONAL_OR_LOWER,cross_script_validation
302,5,5,0.32545914194734155,moai,4,0.7347514317984482,0.7454961564961076,0.26524856820155185,2,0.0,0.9703657150609888,0.819515306122449,143.27970361830896,0.2857142857142857,False,C2_FUNCTIONAL_OR_LOWER,cross_script_validation
302,5,5,0.32545914194734155,sun,5,0.7342881164826537,0.7461789210684134,0.2657118835173463,1,0.0,0.9703657150609888,0.819515306122449,143.27970361830896,0.2857142857142857,False,C2_FUNCTIONAL_OR_LOWER,cross_script_validation
324,5,5,0.29971179667908676,fairy_tern,1,0.7800935013056908,0.6759810799095467,0.21990649869430923,1,0.0,0.9703657150609888,0.819515306122449,143.27970361830896,0.2857142857142857,False,C2_FUNCTIONAL_OR_LOWER,cross_script_validation
324,5,5,0.29971179667908676,tiger_shark,2,0.7794340490340427,0.6770343940721167,0.22056595096595732,2,0.0,0.9703657150609888,0.819515306122449,143.27970361830896,0.2857142857142857,False,C2_FUNCTIONAL_OR_LOWER,cross_script_validation
324,5,5,0.29971179667908676,moray_eel,3,0.7738029378052858,0.6859732399033968,0.22619706219471425,1,0.0,0.9703657150609888,0.819515306122449,143.27970361830896,0.2857142857142857,False,C2_FUNCTIONAL_OR_LOWER,cross_script_validation
324,5,5,0.29971179667908676,sun,4,0.7682784296271447,0.694649000214168,0.23172157037285535,1,0.0,0.9703657150609888,0.819515306122449,143.27970361830896,0.2857142857142857,False,C2_FUNCTIONAL_OR_LOWER,cross_script_validation
324,5,5,0.29971179667908676,moai,5,0.7675605078726373,0.6957697963891416,0.2324394921273627,2,0.0,0.9703657150609888,0.819515306122449,143.27970361830896,0.2857142857142857,False,C2_FUNCTIONAL_OR_LOWER,cross_script_validation
407,5,5,0.3608578792499893,hand,1,0.8035292611193968,0.6375957236222543,0.19647073888060318,1,0.0,0.9703657150609888,0.819515306122449,143.27970361830896,0.2857142857142857,False,C2_FUNCTIONAL_OR_LOWER,cross_script_validation
407,5,5,0.3608578792499893,fairy_tern,2,0.7707374371327542,0.6907985896241404,0.22926256286724578,1,0.0,0.9703657150609888,0.819515306122449,143.27970361830896,0.2857142857142857,False,C2_FUNCTIONAL_OR_LOWER,cross_script_validation
407,5,5,0.3608578792499893,tiger_shark,3,0.7652300839522169,0.6993976641056122,0.23476991604778308,2,0.0,0.9703657150609888,0.819515306122449,143.27970361830896,0.2857142857142857,False,C2_FUNCTIONAL_OR_LOWER,cross_script_validation
407,5,5,0.3608578792499893,sun,4,0.7628034494682064,0.7031587544852861,0.23719655053179356,1,0.0,0.9703657150609888,0.819515306122449,143.27970361830896,0.2857142857142857,False,C2_FUNCTIONAL_OR_LOWER,cross_script_validation
407,5,5,0.3608578792499893,octopus,5,0.7567620489510597,0.7124508564695128,0.2432379510489403,1,0.0,0.9703657150609888,0.819515306122449,143.27970361830896,0.2857142857142857,False,C2_FUNCTIONAL_OR_LOWER,cross_script_validation
460,5,5,0.5245073985421789,fairy_tern,1,0.8089363595033173,0.6284557020068805,0.19106364049668267,1,0.0,0.9703657150609888,0.819515306122449,143.27970361830896,0.2857142857142857,False,C2_FUNCTIONAL_OR_LOWER,cross_script_validation
460,5,5,0.5245073985421789,moray_eel,2,0.8020771288046084,0.6400311936229927,0.19792287119539165,1,0.0,0.9703657150609888,0.819515306122449,143.27970361830896,0.2857142857142857,False,C2_FUNCTIONAL_OR_LOWER,cross_script_validation
460,5,5,0.5245073985421789,octopus,3,0.7921762315719687,0.6564296530465518,0.2078237684280313,1,0.0,0.9703657150609888,0.819515306122449,143.27970361830896,0.2857142857142857,False,C2_FUNCTIONAL_OR_LOWER,cross_script_validation
460,5,5,0.5245073985421789,tiger_shark,4,0.7879725152127129,0.663287222736726,0.21202748478728706,2,0.0,0.9703657150609888,0.819515306122449,143.27970361830896,0.2857142857142857,False,C2_FUNCTIONAL_OR_LOWER,cross_script_validation
460,5,5,0.5245073985421789,hand,5,0.7823228013523135,0.6724100216613605,0.21767719864768653,1,0.0,0.9703657150609888,0.819515306122449,143.27970361830896,0.2857142857142857,False,C2_FUNCTIONAL_OR_LOWER,cross_script_validation
742,5,5,0.30110837460648365,moai,1,0.7859343820444155,0.6665904605692021,0.21406561795558454,2,0.0,0.9703657150609888,0.819515306122449,143.27970361830896,0.2857142857142857,False,C2_FUNCTIONAL_OR_LOWER,cross_script_validation
742,5,5,0.30110837460648365,fairy_tern,2,0.782762572945701,0.6717036711775669,0.21723742705429905,1,0.0,0.9703657150609888,0.819515306122449,143.27970361830896,0.2857142857142857,False,C2_FUNCTIONAL_OR_LOWER,cross_script_validation
742,5,5,0.30110837460648365,octopus,3,0.7776181692153663,0.6799277146943195,0.2223818307846337,1,0.0,0.9703657150609888,0.819515306122449,143.27970361830896,0.2857142857142857,False,C2_FUNCTIONAL_OR_LOWER,cross_script_validation
742,5,5,0.30110837460648365,tiger_shark,4,0.7774579918556115,0.680182435160307,0.22254200814438851,2,0.0,0.9703657150609888,0.819515306122449,143.27970361830896,0.2857142857142857,False,C2_FUNCTIONAL_OR_LOWER,cross_script_validation
742,5,5,0.30110837460648365,sun,5,0.775546840511827,0.6832154650314299,0.22445315948817302,1,0.0,0.9703657150609888,0.819515306122449,143.27970361830896,0.2857142857142857,False,C2_FUNCTIONAL_OR_LOWER,cross_script_validation
014,4,4,0.20358470458701616,moray_eel,1,0.6453210253951694,0.8693528791319366,0.35467897460483055,1,0.0,0.9703657150609888,0.819515306122449,143.27970361830896,0.2857142857142857,False,C2_FUNCTIONAL_OR_LOWER,cross_script_validation
014,4,4,0.20358470458701616,toki,2,0.6385011363900444,0.8782471733137917,0.36149886360995565,1,0.0,0.9703657150609888,0.819515306122449,143.27970361830896,0.2857142857142857,False,C2_FUNCTIONAL_OR_LOWER,cross_script_validation
014,4,4,0.20358470458701616,fairy_tern,3,0.6335293218256973,0.8846900812638093,0.3664706781743027,1,0.0,0.9703657150609888,0.819515306122449,143.27970361830896,0.2857142857142857,False,C2_FUNCTIONAL_OR_LOWER,cross_script_validation
014,4,4,0.20358470458701616,moai,4,0.6293681035317139,0.8900565224983737,0.3706318964682861,2,0.0,0.9703657150609888,0.819515306122449,143.27970361830896,0.2857142857142857,False,C2_FUNCTIONAL_OR_LOWER,cross_script_validation
014,4,4,0.20358470458701616,octopus,5,0.6234559011326545,0.897641260932162,0.3765440988673455,1,0.0,0.9703657150609888,0.819515306122449,143.27970361830896,0.2857142857142857,False,C2_FUNCTIONAL_OR_LOWER,cross_script_validation
030,4,4,0.5955526721378666,moai,1,0.8207757381500844,0.6080286649939763,0.17922426184991558,2,0.0,0.9703657150609888,0.819515306122449,143.27970361830896,0.2857142857142857,False,C2_FUNCTIONAL_OR_LOWER,cross_script_validation
030,4,4,0.5955526721378666,fairy_tern,2,0.80168422265345,0.6406887945930865,0.19831577734655004,1,0.0,0.9703657150609888,0.819515306122449,143.27970361830896,0.2857142857142857,False,C2_FUNCTIONAL_OR_LOWER,cross_script_validation
030,4,4,0.5955526721378666,octopus,3,0.8011908503012092,0.6415137238512688,0.19880914969879082,1,0.0,0.9703657150609888,0.819515306122449,143.27970361830896,0.2857142857142857,False,C2_FUNCTIONAL_OR_LOWER,cross_script_validation
030,4,4,0.5955526721378666,tiger_shark,4,0.7989716029565163,0.6452131506443919,0.20102839704348374,2,0.0,0.9703657150609888,0.819515306122449,143.27970361830896,0.2857142857142857,False,C2_FUNCTIONAL_OR_LOWER,cross_script_validation
030,4,4,0.5955526721378666,moray_eel,5,0.7933156849660118,0.6545603226407355,0.2066843150339882,1,0.0,0.9703657150609888,0.819515306122449,143.27970361830896,0.2857142857142857,False,C2_FUNCTIONAL_OR_LOWER,cross_script_validation
107,4,4,0.45488000849113436,moai,1,0.6462709658796243,0.8681087033287177,0.3537290341203757,2,0.0,0.9703657150609888,0.819515306122449,143.27970361830896,0.2857142857142857,False,C2_FUNCTIONAL_OR_LOWER,cross_script_validation
107,4,4,0.45488000849113436,sun,2,0.6422385976094495,0.873381095059203,0.35776140239055054,1,0.0,0.9703657150609888,0.819515306122449,143.27970361830896,0.2857142857142857,False,C2_FUNCTIONAL_OR_LOWER,cross_script_validation
107,4,4,0.45488000849113436,octopus,3,0.641127213822011,0.8748301530731943,0.358872786177989,1,0.0,0.9703657150609888,0.819515306122449,143.27970361830896,0.2857142857142857,False,C2_FUNCTIONAL_OR_LOWER,cross_script_validation
107,4,4,0.45488000849113436,toki,4,0.635619548700733,0.8819855499581091,0.364380451299267,1,0.0,0.9703657150609888,0.819515306122449,143.27970361830896,0.2857142857142857,False,C2_FUNCTIONAL_OR_LOWER,cross_script_validation
107,4,4,0.45488000849113436,fairy_tern,5,0.6311514721347093,0.8877595031707922,0.36884852786529065,1,0.0,0.9703657150609888,0.819515306122449,143.27970361830896,0.2857142857142857,False,C2_FUNCTIONAL_OR_LOWER,cross_script_validation
117,4,4,0.29418819563427817,toki,1,0.7420468702970517,0.7346776624256557,0.25795312970294826,1,0.0,0.9703657150609888,0.819515306122449,143.27970361830896,0.2857142857142857,False,C2_FUNCTIONAL_OR_LOWER,cross_script_validation
117,4,4,0.29418819563427817,moray_eel,2,0.595300490685705,0.9331567541438072,0.404699509314295,1,0.0,0.9703657150609888,0.819515306122449,143.27970361830896,0.2857142857142857,False,C2_FUNCTIONAL_OR_LOWER,iconicity|cross_script_validation
117,4,4,0.29418819563427817,moai,3,0.5949700546157843,0.9335679357949145,0.40502994538421566,2,0.0,0.9703657150609888,0.819515306122449,143.27970361830896,0.2857142857142857,False,C2_FUNCTIONAL_OR_LOWER,iconicity|cross_script_validation
117,4,4,0.29418819563427817,octopus,4,0.5910846624984049,0.9383934293191997,0.40891533750159514,1,0.0,0.9703657150609888,0.819515306122449,143.27970361830896,0.2857142857142857,False,C2_FUNCTIONAL_OR_LOWER,iconicity|cross_script_validation
117,4,4,0.29418819563427817,sun,5,0.5875697950090889,0.9427440901681066,0.4124302049909111,1,0.0,0.9703657150609888,0.819515306122449,143.27970361830896,0.2857142857142857,False,C2_FUNCTIONAL_OR_LOWER,iconicity|cross_script_validation
165,4,4,0.27984094323689906,fairy_tern,1,0.6967656257592009,0.7999178667849987,0.30323437424079913,1,0.0,0.9703657150609888,0.819515306122449,143.27970361830896,0.2857142857142857,False,C2_FUNCTIONAL_OR_LOWER,cross_script_validation
165,4,4,0.27984094323689906,moray_eel,2,0.6903645888714811,0.8088034446141789,0.3096354111285189,1,0.0,0.9703657150609888,0.819515306122449,143.27970361830896,0.2857142857142857,False,C2_FUNCTIONAL_OR_LOWER,cross_script_validation
165,4,4,0.27984094323689906,reimiro,3,0.6868811117330629,0.8136074646705761,0.3131188882669371,1,0.0,0.9703657150609888,0.819515306122449,143.27970361830896,0.2857142857142857,False,C2_FUNCTIONAL_OR_LOWER,cross_script_validation
165,4,4,0.27984094323689906,tiger_shark,4,0.6844165862142965,0.8169931219787131,0.31558341378570354,2,0.0,0.9703657150609888,0.819515306122449,143.27970361830896,0.2857142857142857,False,C2_FUNCTIONAL_OR_LOWER,cross_script_validation
165,4,4,0.27984094323689906,moai,5,0.6748123036244473,0.8300859889609418,0.32518769637555267,2,0.0,0.9703657150609888,0.819515306122449,143.27970361830896,0.2857142857142857,False,C2_FUNCTIONAL_OR_LOWER,cross_script_validation
202,4,4,0.44823078636807423,moray_eel,1,0.8130795102541915,0.6213737184558215,0.18692048974580855,1,0.0,0.9703657150609888,0.819515306122449,143.27970361830896,0.2857142857142857,False,C2_FUNCTIONAL_OR_LOWER,cross_script_validation
202,4,4,0.44823078636807423,fairy_tern,2,0.8118925486035957,0.6234097431957788,0.18810745139640428,1,0.0,0.9703657150609888,0.819515306122449,143.27970361830896,0.2857142857142857,False,C2_FUNCTIONAL_OR_LOWER,cross_script_validation
202,4,4,0.44823078636807423,tiger_shark,3,0.7880614070211001,0.6631428366420911,0.21193859297889994,2,0.0,0.9703657150609888,0.819515306122449,143.27970361830896,0.2857142857142857,False,C2_FUNCTIONAL_OR_LOWER,cross_script_validation
202,4,4,0.44823078636807423,moai,4,0.7781443008825418,0.6790904736415271,0.22185569911745817,2,0.0,0.9703657150609888,0.819515306122449,143.27970361830896,0.2857142857142857,False,C2_FUNCTIONAL_OR_LOWER,cross_script_validation
202,4,4,0.44823078636807423,octopus,5,0.7749004762820839,0.684238700488869,0.22509952371791608,1,0.0,0.9703657150609888,0.819515306122449,143.27970361830896,0.2857142857142857,False,C2_FUNCTIONAL_OR_LOWER,cross_script_validation
226,4,4,0.2724948832123667,moray_eel,1,0.7583021051798673,0.7100916915101385,0.2416978948201327,1,0.0,0.9703657150609888,0.819515306122449,143.27970361830896,0.2857142857142857,False,C2_FUNCTIONAL_OR_LOWER,cross_script_validation
226,4,4,0.2724948832123667,fairy_tern,2,0.7521646149259107,0.719455557215138,0.2478353850740893,1,0.0,0.9703657150609888,0.819515306122449,143.27970361830896,0.2857142857142857,False,C2_FUNCTIONAL_OR_LOWER,cross_script_validation
226,4,4,0.2724948832123667,tiger_shark,3,0.7492160095730526,0.723918734773206,0.25078399042694743,2,0.0,0.9703657150609888,0.819515306122449,143.27970361830896,0.2857142857142857,False,C2_FUNCTIONAL_OR_LOWER,cross_script_validation
226,4,4,0.2724948832123667,moai,4,0.7317248415157794,0.7499472247427155,0.26827515848422057,2,0.0,0.9703657150609888,0.819515306122449,143.27970361830896,0.2857142857142857,False,C2_FUNCTIONAL_OR_LOWER,cross_script_validation
226,4,4,0.2724948832123667,octopus,5,0.7310348599702303,0.7509589721147524,0.2689651400297697,1,0.0,0.9703657150609888,0.819515306122449,143.27970361830896,0.2857142857142857,False,C2_FUNCTIONAL_OR_LOWER,cross_script_validation
263,4,4,0.32943650486128884,moai,1,0.7928355664755368,0.6553485352381656,0.20716443352446323,2,0.0,0.9703657150609888,0.819515306122449,143.27970361830896,0.2857142857142857,False,C2_FUNCTIONAL_OR_LOWER,cross_script_validation
263,4,4,0.32943650486128884,fairy_tern,2,0.78839858440559,0.6625949199147259,0.21160141559441004,1,0.0,0.9703657150609888,0.819515306122449,143.27970361830896,0.2857142857142857,False,C2_FUNCTIONAL_OR_LOWER,cross_script_validation
263,4,4,0.32943650486128884,moray_eel,3,0.7850959105853249,0.6679453641612535,0.2149040894146751,1,0.0,0.9703657150609888,0.819515306122449,143.27970361830896,0.2857142857142857,False,C2_FUNCTIONAL_OR_LOWER,cross_script_validation
263,4,4,0.32943650486128884,tiger_shark,4,0.7783571206090495,0.6787515637233131,0.2216428793909505,2,0.0,0.9703657150609888,0.819515306122449,143.27970361830896,0.2857142857142857,False,C2_FUNCTIONAL_OR_LOWER,cross_script_validation
263,4,4,0.32943650486128884,octopus,5,0.7759512456741257,0.6825746114956239,0.22404875432587434,1,0.0,0.9703657150609888,0.819515306122449,143.27970361830896,0.2857142857142857,False,C2_FUNCTIONAL_OR_LOWER,cross_script_validation
383,4,4,0.36533995241947254,fairy_tern,1,0.7833029258417298,0.6708349091921441,0.21669707415827022,1,0.0,0.9703657150609888,0.819515306122449,143.27970361830896,0.2857142857142857,False,C2_FUNCTIONAL_OR_LOWER,cross_script_validation
383,4,4,0.36533995241947254,moray_eel,2,0.764564740650684,0.700430562142597,0.23543525934931597,1,0.0,0.9703657150609888,0.819515306122449,143.27970361830896,0.2857142857142857,False,C2_FUNCTIONAL_OR_LOWER,cross_script_validation
383,4,4,0.36533995241947254,octopus,3,0.757149727097181,0.711857591956721,0.24285027290281902,1,0.0,0.9703657150609888,0.819515306122449,143.27970361830896,0.2857142857142857,False,C2_FUNCTIONAL_OR_LOWER,cross_script_validation
383,4,4,0.36533995241947254,tiger_shark,4,0.7541272579327879,0.71647214728782,0.2458727420672121,2,0.0,0.9703657150609888,0.819515306122449,143.27970361830896,0.2857142857142857,False,C2_FUNCTIONAL_OR_LOWER,cross_script_validation
383,4,4,0.36533995241947254,moai,5,0.7437749047934963,0.7320961540391324,0.2562250952065037,2,0.0,0.9703657150609888,0.819515306122449,143.27970361830896,0.2857142857142857,False,C2_FUNCTIONAL_OR_LOWER,cross_script_validation
461,4,4,0.42075150858074833,tiger_shark,1,0.8201022314873674,0.609206672307898,0.17989776851263262,2,0.0,0.9703657150609888,0.819515306122449,143.27970361830896,0.2857142857142857,False,C2_FUNCTIONAL_OR_LOWER,cross_script_validation
461,4,4,0.42075150858074833,fairy_tern,2,0.8170429965874205,0.6145326546321234,0.18295700341257948,1,0.0,0.9703657150609888,0.819515306122449,143.27970361830896,0.2857142857142857,False,C2_FUNCTIONAL_OR_LOWER,cross_script_validation
461,4,4,0.42075150858074833,moai,3,0.8111106807419184,0.6247477564080416,0.1888893192580816,2,0.0,0.9703657150609888,0.819515306122449,143.27970361830896,0.2857142857142857,False,C2_FUNCTIONAL_OR_LOWER,cross_script_validation
461,4,4,0.42075150858074833,octopus,4,0.8062393798301973,0.6330288393815386,0.19376062016980267,1,0.0,0.9703657150609888,0.819515306122449,143.27970361830896,0.2857142857142857,False,C2_FUNCTIONAL_OR_LOWER,cross_script_validation
461,4,4,0.42075150858074833,hand,5,0.7921643812016833,0.6564490703305863,0.2078356187983167,1,0.0,0.9703657150609888,0.819515306122449,143.27970361830896,0.2857142857142857,False,C2_FUNCTIONAL_OR_LOWER,cross_script_validation
530,4,4,0.39467219530804337,fairy_tern,1,0.7748995791741244,0.6842401197752684,0.22510042082587556,1,0.0,0.9703657150609888,0.819515306122449,143.27970361830896,0.2857142857142857,False,C2_FUNCTIONAL_OR_LOWER,cross_script_validation
530,4,4,0.39467219530804337,moray_eel,2,0.768117414836129,0.694900502350593,0.23188258516387095,1,0.0,0.9703657150609888,0.819515306122449,143.27970361830896,0.2857142857142857,False,C2_FUNCTIONAL_OR_LOWER,cross_script_validation
530,4,4,0.39467219530804337,sun,3,0.754739341578019,0.7155396282963392,0.24526065842198097,1,0.0,0.9703657150609888,0.819515306122449,143.27970361830896,0.2857142857142857,False,C2_FUNCTIONAL_OR_LOWER,cross_script_validation
530,4,4,0.39467219530804337,octopus,4,0.753762081539055,0.7170280238845272,0.246237918460945,1,0.0,0.9703657150609888,0.819515306122449,143.27970361830896,0.2857142857142857,False,C2_FUNCTIONAL_OR_LOWER,cross_script_validation
530,4,4,0.39467219530804337,tiger_shark,5,0.753405706246175,0.717570161815855,0.24659429375382502,2,0.0,0.9703657150609888,0.819515306122449,143.27970361830896,0.2857142857142857,False,C2_FUNCTIONAL_OR_LOWER,cross_script_validation
540,4,4,0.39524706997913284,fairy_tern,1,0.738797656372462,0.7395118025217714,0.261202343627538,1,0.0,0.9703657150609888,0.819515306122449,143.27970361830896,0.2857142857142857,False,C2_FUNCTIONAL_OR_LOWER,cross_script_validation
540,4,4,0.39524706997913284,moray_eel,2,0.7346436209895442,0.7456550769429128,0.26535637901045583,1,0.0,0.9703657150609888,0.819515306122449,143.27970361830896,0.2857142857142857,False,C2_FUNCTIONAL_OR_LOWER,cross_script_validation
540,4,4,0.39524706997913284,moai,3,0.7217296865511738,0.7644983374125414,0.27827031344882625,2,0.0,0.9703657150609888,0.819515306122449,143.27970361830896,0.2857142857142857,False,C2_FUNCTIONAL_OR_LOWER,cross_script_validation
540,4,4,0.39524706997913284,hand,4,0.718908205692478,0.768565976073685,0.28109179430752196,1,0.0,0.9703657150609888,0.819515306122449,143.27970361830896,0.2857142857142857,False,C2_FUNCTIONAL_OR_LOWER,cross_script_validation
540,4,4,0.39524706997913284,sun,5,0.7179904310492726,0.7698854157252759,0.2820095689507274,1,0.0,0.9703657150609888,0.819515306122449,143.27970361830896,0.2857142857142857,False,C2_FUNCTIONAL_OR_LOWER,cross_script_validation
569,4,4,0.4017848486323998,toki,1,0.6940291887388232,0.8037257524647476,0.30597081126117676,1,0.0,0.9703657150609888,0.819515306122449,143.27970361830896,0.2857142857142857,False,C2_FUNCTIONAL_OR_LOWER,cross_script_validation
569,4,4,0.4017848486323998,moray_eel,2,0.6203717041103483,0.9015797861358716,0.37962829588965175,1,0.0,0.9703657150609888,0.819515306122449,143.27970361830896,0.2857142857142857,False,C2_FUNCTIONAL_OR_LOWER,cross_script_validation
569,4,4,0.4017848486323998,moai,3,0.614434109142037,0.9091278151754747,0.385565890857963,2,0.0,0.9703657150609888,0.819515306122449,143.27970361830896,0.2857142857142857,False,C2_FUNCTIONAL_OR_LOWER,cross_script_validation
569,4,4,0.4017848486323998,octopus,4,0.6139790498876532,0.9097044634580534,0.38602095011234683,1,0.0,0.9703657150609888,0.819515306122449,143.27970361830896,0.2857142857142857,False,C2_FUNCTIONAL_OR_LOWER,cross_script_validation
569,4,4,0.4017848486323998,fairy_tern,5,0.6073689356454699,0.9180518772940026,0.3926310643545301,1,0.0,0.9703657150609888,0.819515306122449,143.27970361830896,0.2857142857142857,False,C2_FUNCTIONAL_OR_LOWER,cross_script_validation
575,4,4,0.3379467833511449,fairy_tern,1,0.7586015507216702,0.7096322282862094,0.24139844927832976,1,0.0,0.9703657150609888,0.819515306122449,143.27970361830896,0.2857142857142857,False,C2_FUNCTIONAL_OR_LOWER,cross_script_validation
575,4,4,0.3379467833511449,moray_eel,2,0.7548418192062671,0.7153834042631143,0.24515818079373286,1,0.0,0.9703657150609888,0.819515306122449,143.27970361830896,0.2857142857142857,False,C2_FUNCTIONAL_OR_LOWER,cross_script_validation
575,4,4,0.3379467833511449,moai,3,0.741136562836982,0.7360346062428504,0.25886343716301796,2,0.0,0.9703657150609888,0.819515306122449,143.27970361830896,0.2857142857142857,False,C2_FUNCTIONAL_OR_LOWER,cross_script_validation
575,4,4,0.3379467833511449,tiger_shark,4,0.7388607712431351,0.7394181453723904,0.2611392287568649,2,0.0,0.9703657150609888,0.819515306122449,143.27970361830896,0.2857142857142857,False,C2_FUNCTIONAL_OR_LOWER,cross_script_validation
575,4,4,0.3379467833511449,octopus,5,0.7386363387822544,0.7397511405461035,0.26136366121774557,1,0.0,0.9703657150609888,0.819515306122449,143.27970361830896,0.2857142857142857,False,C2_FUNCTIONAL_OR_LOWER,cross_script_validation
666,4,4,0.3027695167168752,moai,1,0.7367572027696513,0.7425345047802575,0.2632427972303487,2,0.0,0.9703657150609888,0.819515306122449,143.27970361830896,0.2857142857142857,False,C2_FUNCTIONAL_OR_LOWER,cross_script_validation
666,4,4,0.3027695167168752,fairy_tern,2,0.7321856816155894,0.7492708641113617,0.2678143183844106,1,0.0,0.9703657150609888,0.819515306122449,143.27970361830896,0.2857142857142857,False,C2_FUNCTIONAL_OR_LOWER,cross_script_validation
666,4,4,0.3027695167168752,octopus,3,0.7263508231617541,0.7577986315540124,0.27364917683824586,1,0.0,0.9703657150609888,0.819515306122449,143.27970361830896,0.2857142857142857,False,C2_FUNCTIONAL_OR_LOWER,cross_script_validation
666,4,4,0.3027695167168752,moray_eel,4,0.7229631639861027,0.7627146466369826,0.2770368360138973,1,0.0,0.9703657150609888,0.819515306122449,143.27970361830896,0.2857142857142857,False,C2_FUNCTIONAL_OR_LOWER,cross_script_validation
666,4,4,0.3027695167168752,sun,5,0.7211736996977431,0.7653012474564049,0.27882630030225686,1,0.0,0.9703657150609888,0.819515306122449,143.27970361830896,0.2857142857142857,False,C2_FUNCTIONAL_OR_LOWER,cross_script_validation
697,4,4,0.4420915156558737,hand,1,0.8168846954017778,0.6148071547867766,0.18311530459822223,1,0.0,0.9703657150609888,0.819515306122449,143.27970361830896,0.2857142857142857,False,C2_FUNCTIONAL_OR_LOWER,cross_script_validation
697,4,4,0.4420915156558737,fairy_tern,2,0.8033381316315374,0.6379167369640106,0.19666186836846256,1,0.0,0.9703657150609888,0.819515306122449,143.27970361830896,0.2857142857142857,False,C2_FUNCTIONAL_OR_LOWER,cross_script_validation
697,4,4,0.4420915156558737,tiger_shark,3,0.7953290014315609,0.6512461931524057,0.20467099856843907,2,0.0,0.9703657150609888,0.819515306122449,143.27970361830896,0.2857142857142857,False,C2_FUNCTIONAL_OR_LOWER,cross_script_validation
697,4,4,0.4420915156558737,octopus,4,0.7789412295833956,0.6778206525414743,0.22105877041660438,1,0.0,0.9703657150609888,0.819515306122449,143.27970361830896,0.2857142857142857,False,C2_FUNCTIONAL_OR_LOWER,cross_script_validation
697,4,4,0.4420915156558737,sun,5,0.775895999128394,0.6826621894809511,0.22410400087160598,1,0.0,0.9703657150609888,0.819515306122449,143.27970361830896,0.2857142857142857,False,C2_FUNCTIONAL_OR_LOWER,cross_script_validation
734,4,4,0.5244508400338136,fairy_tern,1,0.7897525426742771,0.660390836577865,0.21024745732572292,1,0.0,0.9703657150609888,0.819515306122449,143.27970361830896,0.2857142857142857,False,C2_FUNCTIONAL_OR_LOWER,cross_script_validation
734,4,4,0.5244508400338136,moray_eel,2,0.783109732275739,0.6711456287360852,0.216890267724261,1,0.0,0.9703657150609888,0.819515306122449,143.27970361830896,0.2857142857142857,False,C2_FUNCTIONAL_OR_LOWER,cross_script_validation
734,4,4,0.5244508400338136,octopus,3,0.7692626030567159,0.6931100856327922,0.2307373969432841,1,0.0,0.9703657150609888,0.819515306122449,143.27970361830896,0.2857142857142857,False,C2_FUNCTIONAL_OR_LOWER,cross_script_validation
734,4,4,0.5244508400338136,moai,4,0.7651502894766112,0.6995216062348165,0.23484971052338877,2,0.0,0.9703657150609888,0.819515306122449,143.27970361830896,0.2857142857142857,False,C2_FUNCTIONAL_OR_LOWER,cross_script_validation
734,4,4,0.5244508400338136,tiger_shark,5,0.7644579506722049,0.7005962281020275,0.2355420493277951,2,0.0,0.9703657150609888,0.819515306122449,143.27970361830896,0.2857142857142857,False,C2_FUNCTIONAL_OR_LOWER,cross_script_validation
736,4,4,0.3417866067635666,octopus,1,0.789625258525833,0.6605983061717732,0.21037474147416702,1,0.0,0.9703657150609888,0.819515306122449,143.27970361830896,0.2857142857142857,False,C2_FUNCTIONAL_OR_LOWER,cross_script_validation
736,4,4,0.3417866067635666,moai,2,0.7888965888272358,0.6617849530115344,0.2111034111727642,2,0.0,0.9703657150609888,0.819515306122449,143.27970361830896,0.2857142857142857,False,C2_FUNCTIONAL_OR_LOWER,cross_script_validation
736,4,4,0.3417866067635666,fairy_tern,3,0.7874959010101777,0.6640609280215265,0.21250409898982225,1,0.0,0.9703657150609888,0.819515306122449,143.27970361830896,0.2857142857142857,False,C2_FUNCTIONAL_OR_LOWER,cross_script_validation
736,4,4,0.3417866067635666,moray_eel,4,0.78602230664053,0.6664482462160869,0.21397769335947003,1,0.0,0.9703657150609888,0.819515306122449,143.27970361830896,0.2857142857142857,False,C2_FUNCTIONAL_OR_LOWER,cross_script_validation
736,4,4,0.3417866067635666,tiger_shark,5,0.7856257065127678,0.6670895269164955,0.21437429348723225,2,0.0,0.9703657150609888,0.819515306122449,143.27970361830896,0.2857142857142857,False,C2_FUNCTIONAL_OR_LOWER,cross_script_validation
752,4,4,0.35721306291349336,moai,1,0.7285245090283717,0.7546307899129694,0.27147549097162826,2,0.0,0.9703657150609888,0.819515306122449,143.27970361830896,0.2857142857142857,False,C2_FUNCTIONAL_OR_LOWER,cross_script_validation
752,4,4,0.35721306291349336,sun,2,0.7154254190959533,0.7735635281115418,0.28457458090404675,1,0.0,0.9703657150609888,0.819515306122449,143.27970361830896,0.2857142857142857,False,C2_FUNCTIONAL_OR_LOWER,cross_script_validation
752,4,4,0.35721306291349336,octopus,3,0.7102761525306572,0.7809058901063335,0.28972384746934277,1,0.0,0.9703657150609888,0.819515306122449,143.27970361830896,0.2857142857142857,False,C2_FUNCTIONAL_OR_LOWER,cross_script_validation
752,4,4,0.35721306291349336,fairy_tern,4,0.7039161009211189,0.7899003470996937,0.2960838990788811,1,0.0,0.9703657150609888,0.819515306122449,143.27970361830896,0.2857142857142857,False,C2_FUNCTIONAL_OR_LOWER,cross_script_validation
752,4,4,0.35721306291349336,moray_eel,5,0.6987340714812021,0.7971699482346916,0.30126592851879785,1,0.0,0.9703657150609888,0.819515306122449,143.27970361830896,0.2857142857142857,False,C2_FUNCTIONAL_OR_LOWER,cross_script_validation
033,3,3,0.6403782073122368,fairy_tern,1,0.6786306914788401,0.8248996263073752,0.32136930852115986,1,0.0,0.9703657150609888,0.819515306122449,143.27970361830896,0.2857142857142857,False,C2_FUNCTIONAL_OR_LOWER,cross_script_validation
033,3,3,0.6403782073122368,octopus,2,0.675737667865278,0.8288313698784276,0.324262332134722,1,0.0,0.9703657150609888,0.819515306122449,143.27970361830896,0.2857142857142857,False,C2_FUNCTIONAL_OR_LOWER,cross_script_validation
033,3,3,0.6403782073122368,moray_eel,3,0.6727974712535765,0.8328127573413897,0.3272025287464235,1,0.0,0.9703657150609888,0.819515306122449,143.27970361830896,0.2857142857142857,False,C2_FUNCTIONAL_OR_LOWER,cross_script_validation
033,3,3,0.6403782073122368,sun,4,0.6678901745404103,0.8394259549509522,0.33210982545958967,1,0.0,0.9703657150609888,0.819515306122449,143.27970361830896,0.2857142857142857,False,C2_FUNCTIONAL_OR_LOWER,cross_script_validation
033,3,3,0.6403782073122368,tiger_shark,5,0.6508521766698132,0.8620899693565467,0.3491478233301868,2,0.0,0.9703657150609888,0.819515306122449,143.27970361830896,0.2857142857142857,False,C2_FUNCTIONAL_OR_LOWER,cross_script_validation
038,3,3,0.2878352291059452,tiger_shark,1,0.7400245598942554,0.737689453233523,0.2599754401057446,2,0.0,0.9703657150609888,0.819515306122449,143.27970361830896,0.2857142857142857,False,C2_FUNCTIONAL_OR_LOWER,cross_script_validation
038,3,3,0.2878352291059452,fairy_tern,2,0.7388441675490403,0.7394427847874495,0.26115583245095975,1,0.0,0.9703657150609888,0.819515306122449,143.27970361830896,0.2857142857142857,False,C2_FUNCTIONAL_OR_LOWER,cross_script_validation
038,3,3,0.2878352291059452,octopus,3,0.7357344468655991,0.7440458612329321,0.2642655531344009,1,0.0,0.9703657150609888,0.819515306122449,143.27970361830896,0.2857142857142857,False,C2_FUNCTIONAL_OR_LOWER,cross_script_validation
038,3,3,0.2878352291059452,moray_eel,4,0.7268744008754459,0.7570365621847952,0.27312559912455414,1,0.0,0.9703657150609888,0.819515306122449,143.27970361830896,0.2857142857142857,False,C2_FUNCTIONAL_OR_LOWER,cross_script_validation
038,3,3,0.2878352291059452,reimiro,5,0.7238514902562841,0.7614280028385618,0.27614850974371585,1,0.0,0.9703657150609888,0.819515306122449,143.27970361830896,0.2857142857142857,False,C2_FUNCTIONAL_OR_LOWER,cross_script_validation
039,3,3,0.48630492174505563,fairy_tern,1,0.7871714732332539,0.6645871462509323,0.21282852676674613,1,0.0,0.9703657150609888,0.819515306122449,143.27970361830896,0.2857142857142857,False,C2_FUNCTIONAL_OR_LOWER,cross_script_validation
039,3,3,0.48630492174505563,moai,2,0.7804359132466671,0.6754336144390125,0.21956408675333294,2,0.0,0.9703657150609888,0.819515306122449,143.27970361830896,0.2857142857142857,False,C2_FUNCTIONAL_OR_LOWER,cross_script_validation
039,3,3,0.48630492174505563,moray_eel,3,0.7799243756263415,0.6762513487337939,0.22007562437365846,1,0.0,0.9703657150609888,0.819515306122449,143.27970361830896,0.2857142857142857,False,C2_FUNCTIONAL_OR_LOWER,cross_script_validation
039,3,3,0.48630492174505563,octopus,4,0.7775697797092279,0.680004674086852,0.22243022029077208,1,0.0,0.9703657150609888,0.819515306122449,143.27970361830896,0.2857142857142857,False,C2_FUNCTIONAL_OR_LOWER,cross_script_validation
039,3,3,0.48630492174505563,tiger_shark,5,0.7663150233392283,0.6977106470488035,0.2336849766607717,2,0.0,0.9703657150609888,0.819515306122449,143.27970361830896,0.2857142857142857,False,C2_FUNCTIONAL_OR_LOWER,cross_script_validation
043,3,3,0.20689558480568646,hand,1,0.7278364549687302,0.7556346837189021,0.2721635450312698,1,0.0,0.9703657150609888,0.819515306122449,143.27970361830896,0.2857142857142857,False,C2_FUNCTIONAL_OR_LOWER,cross_script_validation
043,3,3,0.20689558480568646,moai,2,0.6781412508508442,0.8255657987031169,0.3218587491491558,2,0.0,0.9703657150609888,0.819515306122449,143.27970361830896,0.2857142857142857,False,C2_FUNCTIONAL_OR_LOWER,cross_script_validation
043,3,3,0.20689558480568646,fairy_tern,3,0.6773555222650801,0.8266343900714074,0.3226444777349199,1,0.0,0.9703657150609888,0.819515306122449,143.27970361830896,0.2857142857142857,False,C2_FUNCTIONAL_OR_LOWER,cross_script_validation
043,3,3,0.20689558480568646,green_sea_turtle,4,0.6750120435171403,0.8298153013095703,0.3249879564828597,1,0.0,0.9703657150609888,0.819515306122449,143.27970361830896,0.2857142857142857,False,C2_FUNCTIONAL_OR_LOWER,cross_script_validation
043,3,3,0.20689558480568646,tiger_shark,5,0.6680432055005742,0.8392203210133724,0.33195679449942583,2,0.0,0.9703657150609888,0.819515306122449,143.27970361830896,0.2857142857142857,False,C2_FUNCTIONAL_OR_LOWER,cross_script_validation
072,3,3,0.38606929976405113,moai,1,0.6818087578214204,0.8205639654616897,0.31819124217857964,2,0.0,0.9703657150609888,0.819515306122449,143.27970361830896,0.2857142857142857,False,C2_FUNCTIONAL_OR_LOWER,cross_script_validation
072,3,3,0.38606929976405113,sun,2,0.6797513538365599,0.8233727578379582,0.32024864616344006,1,0.0,0.9703657150609888,0.819515306122449,143.27970361830896,0.2857142857142857,False,C2_FUNCTIONAL_OR_LOWER,cross_script_validation
072,3,3,0.38606929976405113,toki,3,0.6646853528111049,0.8437237326015442,0.33531464718889514,1,0.0,0.9703657150609888,0.819515306122449,143.27970361830896,0.2857142857142857,False,C2_FUNCTIONAL_OR_LOWER,cross_script_validation
072,3,3,0.38606929976405113,moray_eel,4,0.6627067359545377,0.8463689364785125,0.33729326404546234,1,0.0,0.9703657150609888,0.819515306122449,143.27970361830896,0.2857142857142857,False,C2_FUNCTIONAL_OR_LOWER,cross_script_validation
072,3,3,0.38606929976405113,octopus,5,0.6619701969845379,0.8473520309800425,0.33802980301546215,1,0.0,0.9703657150609888,0.819515306122449,143.27970361830896,0.2857142857142857,False,C2_FUNCTIONAL_OR_LOWER,cross_script_validation
087,3,3,0.25511201695032076,moray_eel,1,0.6090204556207053,0.9159713204837041,0.3909795443792947,1,0.0,0.9703657150609888,0.819515306122449,143.27970361830896,0.2857142857142857,False,C2_FUNCTIONAL_OR_LOWER,cross_script_validation
087,3,3,0.25511201695032076,toki,2,0.5923293476038339,0.9368494478728406,0.40767065239616607,1,0.0,0.9703657150609888,0.819515306122449,143.27970361830896,0.2857142857142857,False,C2_FUNCTIONAL_OR_LOWER,iconicity|cross_script_validation
087,3,3,0.25511201695032076,fairy_tern,3,0.5779287141570889,0.9546079930212567,0.4220712858429111,1,0.0,0.9703657150609888,0.819515306122449,143.27970361830896,0.2857142857142857,False,C2_FUNCTIONAL_OR_LOWER,iconicity|cross_script_validation
087,3,3,0.25511201695032076,octopus,4,0.5740828798128992,0.9593127013679494,0.4259171201871008,1,0.0,0.9703657150609888,0.819515306122449,143.27970361830896,0.2857142857142857,False,C2_FUNCTIONAL_OR_LOWER,iconicity|cross_script_validation
087,3,3,0.25511201695032076,moai,5,0.5724980379714639,0.9612469641004716,0.4275019620285361,2,0.0,0.9703657150609888,0.819515306122449,143.27970361830896,0.2857142857142857,False,C2_FUNCTIONAL_OR_LOWER,iconicity|cross_script_validation
108,3,3,0.4593062997712667,toki,1,0.6919595798337806,0.8065964532512255,0.30804042016621935,1,0.0,0.9703657150609888,0.819515306122449,143.27970361830896,0.2857142857142857,False,C2_FUNCTIONAL_OR_LOWER,cross_script_validation
108,3,3,0.4593062997712667,moai,2,0.6503585280873506,0.86274000649578,0.3496414719126494,2,0.0,0.9703657150609888,0.819515306122449,143.27970361830896,0.2857142857142857,False,C2_FUNCTIONAL_OR_LOWER,cross_script_validation
108,3,3,0.4593062997712667,sun,3,0.6158071687061232,0.9073863101269405,0.3841928312938768,1,0.0,0.9703657150609888,0.819515306122449,143.27970361830896,0.2857142857142857,False,C2_FUNCTIONAL_OR_LOWER,cross_script_validation
108,3,3,0.4593062997712667,octopus,4,0.5988193880850504,0.9287701676265848,0.4011806119149496,1,0.0,0.9703657150609888,0.819515306122449,143.27970361830896,0.2857142857142857,False,C2_FUNCTIONAL_OR_LOWER,iconicity|cross_script_validation
108,3,3,0.4593062997712667,foot,5,0.5962210544934313,0.9320105793869351,0.4037789455065687,1,1.4901161193847656e-08,0.9703657150609888,0.819515306122449,143.27970361830896,0.2857142857142857,False,C2_FUNCTIONAL_OR_LOWER,iconicity|cross_script_validation
123,3,3,0.3148610963144808,toki,1,0.7423729345289737,0.7341911209964596,0.2576270654710263,1,0.0,0.9703657150609888,0.819515306122449,143.27970361830896,0.2857142857142857,False,C2_FUNCTIONAL_OR_LOWER,cross_script_validation
123,3,3,0.3148610963144808,sun,2,0.6313685089800499,0.8874796619098605,0.3686314910199501,1,0.0,0.9703657150609888,0.819515306122449,143.27970361830896,0.2857142857142857,False,C2_FUNCTIONAL_OR_LOWER,cross_script_validation
123,3,3,0.3148610963144808,octopus,3,0.629902492209794,0.8893686669136684,0.370097507790206,1,0.0,0.9703657150609888,0.819515306122449,143.27970361830896,0.2857142857142857,False,C2_FUNCTIONAL_OR_LOWER,cross_script_validation
123,3,3,0.3148610963144808,moai,4,0.6236478269951856,0.89739576299604,0.3763521730048144,2,0.0,0.9703657150609888,0.819515306122449,143.27970361830896,0.2857142857142857,False,C2_FUNCTIONAL_OR_LOWER,cross_script_validation
123,3,3,0.3148610963144808,moray_eel,5,0.6230612358560075,0.8981459377867519,0.3769387641439925,1,0.0,0.9703657150609888,0.819515306122449,143.27970361830896,0.2857142857142857,False,C2_FUNCTIONAL_OR_LOWER,cross_script_validation
126,3,3,0.4632054649089943,sun,1,0.7207978504672273,0.7658436377076344,0.27920214953277267,1,0.0,0.9703657150609888,0.819515306122449,143.27970361830896,0.2857142857142857,False,C2_FUNCTIONAL_OR_LOWER,cross_script_validation
126,3,3,0.4632054649089943,octopus,2,0.7188195693696615,0.7686934826752119,0.2811804306303385,1,0.0,0.9703657150609888,0.819515306122449,143.27970361830896,0.2857142857142857,False,C2_FUNCTIONAL_OR_LOWER,cross_script_validation
126,3,3,0.4632054649089943,moai,3,0.7120076009588873,0.7784431152867778,0.28799239904111273,2,0.0,0.9703657150609888,0.819515306122449,143.27970361830896,0.2857142857142857,False,C2_FUNCTIONAL_OR_LOWER,cross_script_validation
126,3,3,0.4632054649089943,tiger_shark,4,0.6992373027566355,0.7964662617242887,0.30076269724336446,2,0.0,0.9703657150609888,0.819515306122449,143.27970361830896,0.2857142857142857,False,C2_FUNCTIONAL_OR_LOWER,cross_script_validation
126,3,3,0.4632054649089943,fairy_tern,5,0.6911278250085449,0.8077479348097851,0.30887217499145514,1,0.0,0.9703657150609888,0.819515306122449,143.27970361830896,0.2857142857142857,False,C2_FUNCTIONAL_OR_LOWER,cross_script_validation
134,3,3,0.32536069031671416,sun,1,0.6361753106823197,0.8812654397698431,0.3638246893176803,1,0.0,0.9703657150609888,0.819515306122449,143.27970361830896,0.2857142857142857,False,C2_FUNCTIONAL_OR_LOWER,cross_script_validation
134,3,3,0.32536069031671416,hand,2,0.6342400263580116,0.8837711786709791,0.3657599736419884,1,0.0,0.9703657150609888,0.819515306122449,143.27970361830896,0.2857142857142857,False,C2_FUNCTIONAL_OR_LOWER,cross_script_validation
134,3,3,0.32536069031671416,moai,3,0.6327144109846201,0.8857428668851919,0.3672855890153799,2,0.0,0.9703657150609888,0.819515306122449,143.27970361830896,0.2857142857142857,False,C2_FUNCTIONAL_OR_LOWER,cross_script_validation
134,3,3,0.32536069031671416,foot,4,0.631958446684824,0.8867186902244946,0.36804155331517596,1,1.4901161193847656e-08,0.9703657150609888,0.819515306122449,143.27970361830896,0.2857142857142857,False,C2_FUNCTIONAL_OR_LOWER,cross_script_validation
134,3,3,0.32536069031671416,octopus,5,0.6266984331537683,0.8934871580569607,0.3733015668462317,1,0.0,0.9703657150609888,0.819515306122449,143.27970361830896,0.2857142857142857,False,C2_FUNCTIONAL_OR_LOWER,cross_script_validation
209,3,3,0.504558678413923,fairy_tern,1,0.7925123590474693,0.6558786913658229,0.2074876409525307,1,0.0,0.9703657150609888,0.819515306122449,143.27970361830896,0.2857142857142857,False,C2_FUNCTIONAL_OR_LOWER,cross_script_validation
209,3,3,0.504558678413923,moray_eel,2,0.791920446937787,0.656848657282951,0.20807955306221304,1,0.0,0.9703657150609888,0.819515306122449,143.27970361830896,0.2857142857142857,False,C2_FUNCTIONAL_OR_LOWER,cross_script_validation
209,3,3,0.504558678413923,moai,3,0.790891715711688,0.6585315420835524,0.20910828428831196,2,0.0,0.9703657150609888,0.819515306122449,143.27970361830896,0.2857142857142857,False,C2_FUNCTIONAL_OR_LOWER,cross_script_validation
209,3,3,0.504558678413923,octopus,4,0.7807298261269716,0.6749633931575397,0.21927017387302838,1,0.0,0.9703657150609888,0.819515306122449,143.27970361830896,0.2857142857142857,False,C2_FUNCTIONAL_OR_LOWER,cross_script_validation
209,3,3,0.504558678413923,tiger_shark,5,0.7762508531937002,0.6820995029222999,0.22374914680629976,2,0.0,0.9703657150609888,0.819515306122449,143.27970361830896,0.2857142857142857,False,C2_FUNCTIONAL_OR_LOWER,cross_script_validation
220,3,3,0.3914653527525988,sun,1,0.76273164955127,0.7032697842378549,0.23726835044872996,1,0.0,0.9703657150609888,0.819515306122449,143.27970361830896,0.2857142857142857,False,C2_FUNCTIONAL_OR_LOWER,cross_script_validation
220,3,3,0.3914653527525988,moai,2,0.7599666862079445,0.7075344682974427,0.2400333137920555,2,0.0,0.9703657150609888,0.819515306122449,143.27970361830896,0.2857142857142857,False,C2_FUNCTIONAL_OR_LOWER,cross_script_validation
220,3,3,0.3914653527525988,octopus,3,0.7514417921895559,0.7205517606724263,0.24855820781044413,1,0.0,0.9703657150609888,0.819515306122449,143.27970361830896,0.2857142857142857,False,C2_FUNCTIONAL_OR_LOWER,cross_script_validation
220,3,3,0.3914653527525988,tiger_shark,4,0.7474369866454121,0.7266006939088029,0.25256301335458786,2,0.0,0.9703657150609888,0.819515306122449,143.27970361830896,0.2857142857142857,False,C2_FUNCTIONAL_OR_LOWER,cross_script_validation
220,3,3,0.3914653527525988,fairy_tern,5,0.7421155244459932,0.7345752409355234,0.25788447555400684,1,0.0,0.9703657150609888,0.819515306122449,143.27970361830896,0.2857142857142857,False,C2_FUNCTIONAL_OR_LOWER,cross_script_validation
286,3,3,0.3331812222607247,fairy_tern,1,0.7843007710730087,0.669228100534456,0.21569922892699134,1,0.0,0.9703657150609888,0.819515306122449,143.27970361830896,0.2857142857142857,False,C2_FUNCTIONAL_OR_LOWER,cross_script_validation
286,3,3,0.3331812222607247,moray_eel,2,0.7813902798355742,0.6739057462288605,0.2186097201644258,1,0.0,0.9703657150609888,0.819515306122449,143.27970361830896,0.2857142857142857,False,C2_FUNCTIONAL_OR_LOWER,cross_script_validation
286,3,3,0.3331812222607247,tiger_shark,3,0.7539349258233432,0.7167649621069254,0.2460650741766568,2,0.0,0.9703657150609888,0.819515306122449,143.27970361830896,0.2857142857142857,False,C2_FUNCTIONAL_OR_LOWER,cross_script_validation
286,3,3,0.3331812222607247,reimiro,4,0.7461444777934694,0.7285441449960061,0.2538555222065306,1,0.0,0.9703657150609888,0.819515306122449,143.27970361830896,0.2857142857142857,False,C2_FUNCTIONAL_OR_LOWER,cross_script_validation
286,3,3,0.3331812222607247,octopus,5,0.7452594890220743,0.7298723997324678,0.2547405109779257,1,0.0,0.9703657150609888,0.819515306122449,143.27970361830896,0.2857142857142857,False,C2_FUNCTIONAL_OR_LOWER,cross_script_validation
303,3,3,0.2012277327361444,fairy_tern,1,0.7379022039272027,0.7408395443696797,0.26209779607279726,1,0.0,0.9703657150609888,0.819515306122449,143.27970361830896,0.2857142857142857,False,C2_FUNCTIONAL_OR_LOWER,cross_script_validation
303,3,3,0.2012277327361444,moray_eel,2,0.7287518561223573,0.7542988473096814,0.27124814387764273,1,0.0,0.9703657150609888,0.819515306122449,143.27970361830896,0.2857142857142857,False,C2_FUNCTIONAL_OR_LOWER,cross_script_validation
303,3,3,0.2012277327361444,moai,3,0.7235172336095231,0.7619123407529236,0.27648276639047686,2,0.0,0.9703657150609888,0.819515306122449,143.27970361830896,0.2857142857142857,False,C2_FUNCTIONAL_OR_LOWER,cross_script_validation
303,3,3,0.2012277327361444,tiger_shark,4,0.7214091917638022,0.7649612513572259,0.27859080823619775,2,0.0,0.9703657150609888,0.819515306122449,143.27970361830896,0.2857142857142857,False,C2_FUNCTIONAL_OR_LOWER,cross_script_validation
303,3,3,0.2012277327361444,hand,5,0.711240055602935,0.7795356123756565,0.288759944397065,1,0.0,0.9703657150609888,0.819515306122449,143.27970361830896,0.2857142857142857,False,C2_FUNCTIONAL_OR_LOWER,cross_script_validation
307,3,3,0.31372213226554796,hand,1,0.7512893167116532,0.72078282396546,0.24871068328834678,1,0.0,0.9703657150609888,0.819515306122449,143.27970361830896,0.2857142857142857,False,C2_FUNCTIONAL_OR_LOWER,cross_script_validation
307,3,3,0.31372213226554796,fairy_tern,2,0.7311735183246847,0.7507557399592696,0.2688264816753153,1,0.0,0.9703657150609888,0.819515306122449,143.27970361830896,0.2857142857142857,False,C2_FUNCTIONAL_OR_LOWER,cross_script_validation
307,3,3,0.31372213226554796,tiger_shark,3,0.7267447721831596,0.7572252944660689,0.2732552278168404,2,0.0,0.9703657150609888,0.819515306122449,143.27970361830896,0.2857142857142857,False,C2_FUNCTIONAL_OR_LOWER,cross_script_validation
307,3,3,0.31372213226554796,moai,4,0.7263047632143035,0.7578656426097418,0.2736952367856965,2,0.0,0.9703657150609888,0.819515306122449,143.27970361830896,0.2857142857142857,False,C2_FUNCTIONAL_OR_LOWER,cross_script_validation
307,3,3,0.31372213226554796,sun,5,0.7233692522221473,0.7621266872884466,0.2766307477778527,1,0.0,0.9703657150609888,0.819515306122449,143.27970361830896,0.2857142857142857,False,C2_FUNCTIONAL_OR_LOWER,cross_script_validation
311,3,3,0.32074129731926804,moray_eel,1,0.7995566990250702,0.6442395802585669,0.2004433009749298,1,0.0,0.9703657150609888,0.819515306122449,143.27970361830896,0.2857142857142857,False,C2_FUNCTIONAL_OR_LOWER,cross_script_validation
311,3,3,0.32074129731926804,fairy_tern,2,0.790397487606565,0.6593387412943361,0.20960251239343497,1,0.0,0.9703657150609888,0.819515306122449,143.27970361830896,0.2857142857142857,False,C2_FUNCTIONAL_OR_LOWER,cross_script_validation
311,3,3,0.32074129731926804,tiger_shark,3,0.7663835541612581,0.6976039716943139,0.23361644583874186,2,0.0,0.9703657150609888,0.819515306122449,143.27970361830896,0.2857142857142857,False,C2_FUNCTIONAL_OR_LOWER,cross_script_validation
311,3,3,0.32074129731926804,octopus,4,0.7607895266853976,0.7062675471986227,0.23921047331460243,1,0.0,0.9703657150609888,0.819515306122449,143.27970361830896,0.2857142857142857,False,C2_FUNCTIONAL_OR_LOWER,cross_script_validation
311,3,3,0.32074129731926804,hand,5,0.7446051005919472,0.7308532860284566,0.2553948994080528,1,0.0,0.9703657150609888,0.819515306122449,143.27970361830896,0.2857142857142857,False,C2_FUNCTIONAL_OR_LOWER,cross_script_validation
316,3,3,0.29853963959134855,moray_eel,1,0.7372464481279372,0.741810651990035,0.26275355187206284,1,0.0,0.9703657150609888,0.819515306122449,143.27970361830896,0.2857142857142857,False,C2_FUNCTIONAL_OR_LOWER,cross_script_validation
316,3,3,0.29853963959134855,fairy_tern,2,0.7239996962833823,0.7612131735270214,0.27600030371661766,1,0.0,0.9703657150609888,0.819515306122449,143.27970361830896,0.2857142857142857,False,C2_FUNCTIONAL_OR_LOWER,cross_script_validation
316,3,3,0.29853963959134855,tiger_shark,3,0.6968951728411752,0.7997372468867191,0.3031048271588248,2,0.0,0.9703657150609888,0.819515306122449,143.27970361830896,0.2857142857142857,False,C2_FUNCTIONAL_OR_LOWER,cross_script_validation
316,3,3,0.29853963959134855,octopus,4,0.6945393753980207,0.8030168653086751,0.3054606246019793,1,0.0,0.9703657150609888,0.819515306122449,143.27970361830896,0.2857142857142857,False,C2_FUNCTIONAL_OR_LOWER,cross_script_validation
316,3,3,0.29853963959134855,hand,5,0.6917001113048752,0.8069557978068164,0.3082998886951248,1,0.0,0.9703657150609888,0.819515306122449,143.27970361830896,0.2857142857142857,False,C2_FUNCTIONAL_OR_LOWER,cross_script_validation
370,3,3,0.37683014170900364,moai,1,0.7535616760413992,0.717332933342864,0.24643832395860077,2,0.0,0.9703657150609888,0.819515306122449,143.27970361830896,0.2857142857142857,False,C2_FUNCTIONAL_OR_LOWER,cross_script_validation
370,3,3,0.37683014170900364,sun,2,0.7467869895777332,0.7275785771140603,0.25321301042226685,1,0.0,0.9703657150609888,0.819515306122449,143.27970361830896,0.2857142857142857,False,C2_FUNCTIONAL_OR_LOWER,cross_script_validation
370,3,3,0.37683014170900364,foot,3,0.7378520014035335,0.7409139256311593,0.26214799859646654,1,1.4901161193847656e-08,0.9703657150609888,0.819515306122449,143.27970361830896,0.2857142857142857,False,C2_FUNCTIONAL_OR_LOWER,cross_script_validation
370,3,3,0.37683014170900364,octopus,4,0.726839637414911,0.7570871795796784,0.273160362585089,1,0.0,0.9703657150609888,0.819515306122449,143.27970361830896,0.2857142857142857,False,C2_FUNCTIONAL_OR_LOWER,cross_script_validation
370,3,3,0.37683014170900364,tiger_shark,5,0.7169361763884519,0.7713988533917769,0.28306382361154814,2,0.0,0.9703657150609888,0.819515306122449,143.27970361830896,0.2857142857142857,False,C2_FUNCTIONAL_OR_LOWER,cross_script_validation
376,3,3,0.39304359998511185,tiger_shark,1,0.8105745760937071,0.6256637610726157,0.1894254239062929,2,0.0,0.9703657150609888,0.819515306122449,143.27970361830896,0.2857142857142857,False,C2_FUNCTIONAL_OR_LOWER,cross_script_validation
376,3,3,0.39304359998511185,fairy_tern,2,0.80966937491825,0.6272077853574067,0.19033062508175003,1,0.0,0.9703657150609888,0.819515306122449,143.27970361830896,0.2857142857142857,False,C2_FUNCTIONAL_OR_LOWER,cross_script_validation
376,3,3,0.39304359998511185,moai,3,0.7991203166507687,0.6449658179839747,0.20087968334923134,2,0.0,0.9703657150609888,0.819515306122449,143.27970361830896,0.2857142857142857,False,C2_FUNCTIONAL_OR_LOWER,cross_script_validation
376,3,3,0.39304359998511185,octopus,4,0.7984104426074605,0.6461457115836459,0.20158955739253948,1,0.0,0.9703657150609888,0.819515306122449,143.27970361830896,0.2857142857142857,False,C2_FUNCTIONAL_OR_LOWER,cross_script_validation
376,3,3,0.39304359998511185,moray_eel,5,0.7934155499770462,0.6543962721082766,0.20658445002295378,1,0.0,0.9703657150609888,0.819515306122449,143.27970361830896,0.2857142857142857,False,C2_FUNCTIONAL_OR_LOWER,cross_script_validation
387,3,3,0.3925714232815625,moai,1,0.7884471494283094,0.6625159695526986,0.2115528505716906,2,0.0,0.9703657150609888,0.819515306122449,143.27970361830896,0.2857142857142857,False,C2_FUNCTIONAL_OR_LOWER,cross_script_validation
387,3,3,0.3925714232815625,fairy_tern,2,0.7634848277325506,0.7021043617552964,0.23651517226744945,1,0.0,0.9703657150609888,0.819515306122449,143.27970361830896,0.2857142857142857,False,C2_FUNCTIONAL_OR_LOWER,cross_script_validation
387,3,3,0.3925714232815625,tiger_shark,3,0.7576837907895693,0.7110396446322801,0.24231620921043073,2,0.0,0.9703657150609888,0.819515306122449,143.27970361830896,0.2857142857142857,False,C2_FUNCTIONAL_OR_LOWER,cross_script_validation
387,3,3,0.3925714232815625,octopus,4,0.7576450522015404,0.7110990009863372,0.24235494779845956,1,0.0,0.9703657150609888,0.819515306122449,143.27970361830896,0.2857142857142857,False,C2_FUNCTIONAL_OR_LOWER,cross_script_validation
387,3,3,0.3925714232815625,moray_eel,5,0.7562879307374973,0.7131758469837761,0.24371206926250266,1,0.0,0.9703657150609888,0.819515306122449,143.27970361830896,0.2857142857142857,False,C2_FUNCTIONAL_OR_LOWER,cross_script_validation
394,3,3,0.3274255574402351,fairy_tern,1,0.7745317967017153,0.6848217690520639,0.22546820329828465,1,0.0,0.9703657150609888,0.819515306122449,143.27970361830896,0.2857142857142857,False,C2_FUNCTIONAL_OR_LOWER,cross_script_validation
394,3,3,0.3274255574402351,moray_eel,2,0.7734247769524044,0.6865700307419534,0.2265752230475956,1,0.0,0.9703657150609888,0.819515306122449,143.27970361830896,0.2857142857142857,False,C2_FUNCTIONAL_OR_LOWER,cross_script_validation
394,3,3,0.3274255574402351,tiger_shark,3,0.7593708808886555,0.7084506548148238,0.24062911911134455,2,0.0,0.9703657150609888,0.819515306122449,143.27970361830896,0.2857142857142857,False,C2_FUNCTIONAL_OR_LOWER,cross_script_validation
394,3,3,0.3274255574402351,octopus,4,0.7575874858217939,0.7111871982586582,0.24241251417820608,1,0.0,0.9703657150609888,0.819515306122449,143.27970361830896,0.2857142857142857,False,C2_FUNCTIONAL_OR_LOWER,cross_script_validation
394,3,3,0.3274255574402351,moai,5,0.7562962798225611,0.7131630853666062,0.2437037201774389,2,0.0,0.9703657150609888,0.819515306122449,143.27970361830896,0.2857142857142857,False,C2_FUNCTIONAL_OR_LOWER,cross_script_validation
459,3,3,0.3611588700924415,moray_eel,1,0.7813905453917186,0.6739053206870892,0.2186094546082814,1,0.0,0.9703657150609888,0.819515306122449,143.27970361830896,0.2857142857142857,False,C2_FUNCTIONAL_OR_LOWER,cross_script_validation
459,3,3,0.3611588700924415,moai,2,0.7653667233989982,0.6991853841377064,0.23463327660100175,2,0.0,0.9703657150609888,0.819515306122449,143.27970361830896,0.2857142857142857,False,C2_FUNCTIONAL_OR_LOWER,cross_script_validation
459,3,3,0.3611588700924415,fairy_tern,3,0.7541077076249337,0.7165019160267111,0.24589229237506627,1,0.0,0.9703657150609888,0.819515306122449,143.27970361830896,0.2857142857142857,False,C2_FUNCTIONAL_OR_LOWER,cross_script_validation
459,3,3,0.3611588700924415,octopus,4,0.74010747506275,0.7375661655775081,0.25989252493725,1,0.0,0.9703657150609888,0.819515306122449,143.27970361830896,0.2857142857142857,False,C2_FUNCTIONAL_OR_LOWER,cross_script_validation
459,3,3,0.3611588700924415,tiger_shark,5,0.7331654616923383,0.7478312343296498,0.2668345383076617,2,0.0,0.9703657150609888,0.819515306122449,143.27970361830896,0.2857142857142857,False,C2_FUNCTIONAL_OR_LOWER,cross_script_validation
480,3,3,0.43863404930274846,fairy_tern,1,0.8034245689076319,0.6377715776412807,0.19657543109236808,1,0.0,0.9703657150609888,0.819515306122449,143.27970361830896,0.2857142857142857,False,C2_FUNCTIONAL_OR_LOWER,cross_script_validation
480,3,3,0.43863404930274846,hand,2,0.7950257589813652,0.6517462822457235,0.20497424101863482,1,0.0,0.9703657150609888,0.819515306122449,143.27970361830896,0.2857142857142857,False,C2_FUNCTIONAL_OR_LOWER,cross_script_validation
480,3,3,0.43863404930274846,tiger_shark,3,0.7936165963672891,0.6540659021641484,0.2063834036327109,2,0.0,0.9703657150609888,0.819515306122449,143.27970361830896,0.2857142857142857,False,C2_FUNCTIONAL_OR_LOWER,cross_script_validation
480,3,3,0.43863404930274846,octopus,4,0.7894453192452489,0.6608915076879983,0.21055468075475114,1,0.0,0.9703657150609888,0.819515306122449,143.27970361830896,0.2857142857142857,False,C2_FUNCTIONAL_OR_LOWER,cross_script_validation
480,3,3,0.43863404930274846,moray_eel,5,0.7869502215561646,0.6649458113796027,0.21304977844383544,1,0.0,0.9703657150609888,0.819515306122449,143.27970361830896,0.2857142857142857,False,C2_FUNCTIONAL_OR_LOWER,cross_script_validation
535,3,3,0.4270786944051337,moai,1,0.7761510546214951,0.6822577913500951,0.22384894537850486,2,0.0,0.9703657150609888,0.819515306122449,143.27970361830896,0.2857142857142857,False,C2_FUNCTIONAL_OR_LOWER,cross_script_validation
535,3,3,0.4270786944051337,fairy_tern,2,0.7592498279845505,0.7086366815152063,0.24075017201544946,1,0.0,0.9703657150609888,0.819515306122449,143.27970361830896,0.2857142857142857,False,C2_FUNCTIONAL_OR_LOWER,cross_script_validation
535,3,3,0.4270786944051337,sun,3,0.7572881282077408,0.7116456976782448,0.24271187179225917,1,0.0,0.9703657150609888,0.819515306122449,143.27970361830896,0.2857142857142857,False,C2_FUNCTIONAL_OR_LOWER,cross_script_validation
535,3,3,0.4270786944051337,octopus,4,0.7546948723253993,0.7156074115865709,0.24530512767460066,1,0.0,0.9703657150609888,0.819515306122449,143.27970361830896,0.2857142857142857,False,C2_FUNCTIONAL_OR_LOWER,cross_script_validation
535,3,3,0.4270786944051337,tiger_shark,5,0.7532932942273255,0.7177410993769823,0.2467067057726745,2,0.0,0.9703657150609888,0.819515306122449,143.27970361830896,0.2857142857142857,False,C2_FUNCTIONAL_OR_LOWER,cross_script_validation
539,3,3,0.5933814268232522,moray_eel,1,0.7630680581023747,0.7027494441090294,0.23693194189762534,1,0.0,0.9703657150609888,0.819515306122449,143.27970361830896,0.2857142857142857,False,C2_FUNCTIONAL_OR_LOWER,cross_script_validation
539,3,3,0.5933814268232522,toki,2,0.750250870746345,0.7223548852939163,0.249749129253655,1,0.0,0.9703657150609888,0.819515306122449,143.27970361830896,0.2857142857142857,False,C2_FUNCTIONAL_OR_LOWER,cross_script_validation
539,3,3,0.5933814268232522,moai,3,0.7464276353661174,0.7281187441635704,0.25357236463388255,2,0.0,0.9703657150609888,0.819515306122449,143.27970361830896,0.2857142857142857,False,C2_FUNCTIONAL_OR_LOWER,cross_script_validation
539,3,3,0.5933814268232522,fairy_tern,4,0.7408422460927289,0.736472892807208,0.25915775390727114,1,0.0,0.9703657150609888,0.819515306122449,143.27970361830896,0.2857142857142857,False,C2_FUNCTIONAL_OR_LOWER,cross_script_validation
539,3,3,0.5933814268232522,octopus,5,0.7277136409075505,0.7558137610162688,0.27228635909244947,1,0.0,0.9703657150609888,0.819515306122449,143.27970361830896,0.2857142857142857,False,C2_FUNCTIONAL_OR_LOWER,cross_script_validation
545,3,3,0.4437428734303719,sun,1,0.7601188082032652,0.7073003887496689,0.23988119179673484,1,0.0,0.9703657150609888,0.819515306122449,143.27970361830896,0.2857142857142857,False,C2_FUNCTIONAL_OR_LOWER,cross_script_validation
545,3,3,0.4437428734303719,toki,2,0.7531259277778379,0.7179955405366141,0.24687407222216207,1,0.0,0.9703657150609888,0.819515306122449,143.27970361830896,0.2857142857142857,False,C2_FUNCTIONAL_OR_LOWER,cross_script_validation
545,3,3,0.4437428734303719,moai,3,0.7520146367968428,0.7196831206218655,0.24798536320315723,2,0.0,0.9703657150609888,0.819515306122449,143.27970361830896,0.2857142857142857,False,C2_FUNCTIONAL_OR_LOWER,cross_script_validation
545,3,3,0.4437428734303719,octopus,4,0.7514453279488075,0.7205464018162293,0.24855467205119253,1,0.0,0.9703657150609888,0.819515306122449,143.27970361830896,0.2857142857142857,False,C2_FUNCTIONAL_OR_LOWER,cross_script_validation
545,3,3,0.4437428734303719,fairy_tern,5,0.7436675655483314,0.7322567237775176,0.25633243445166864,1,0.0,0.9703657150609888,0.819515306122449,143.27970361830896,0.2857142857142857,False,C2_FUNCTIONAL_OR_LOWER,cross_script_validation
570,3,3,0.18271649796610123,toki,1,0.68736345074255,0.8129435812578656,0.31263654925745,1,0.0,0.9703657150609888,0.819515306122449,143.27970361830896,0.2857142857142857,False,C2_FUNCTIONAL_OR_LOWER,cross_script_validation
570,3,3,0.18271649796610123,moai,2,0.6719975314843468,0.833893479370549,0.3280024685156532,2,0.0,0.9703657150609888,0.819515306122449,143.27970361830896,0.2857142857142857,False,C2_FUNCTIONAL_OR_LOWER,cross_script_validation
570,3,3,0.18271649796610123,octopus,3,0.6675803360130614,0.8398421814675595,0.33241966398693856,1,0.0,0.9703657150609888,0.819515306122449,143.27970361830896,0.2857142857142857,False,C2_FUNCTIONAL_OR_LOWER,cross_script_validation
570,3,3,0.18271649796610123,sun,4,0.6670007310747604,0.8406203862461785,0.33299926892523957,1,0.0,0.9703657150609888,0.819515306122449,143.27970361830896,0.2857142857142857,False,C2_FUNCTIONAL_OR_LOWER,cross_script_validation
570,3,3,0.18271649796610123,fairy_tern,5,0.6654081449120612,0.8427558824097042,0.33459185508793876,1,0.0,0.9703657150609888,0.819515306122449,143.27970361830896,0.2857142857142857,False,C2_FUNCTIONAL_OR_LOWER,cross_script_validation
580,3,3,0.3156405718269114,toki,1,0.6090686554218621,0.9159105493163296,0.39093134457813794,1,0.0,0.9703657150609888,0.819515306122449,143.27970361830896,0.2857142857142857,False,C2_FUNCTIONAL_OR_LOWER,cross_script_validation
580,3,3,0.3156405718269114,sun,2,0.5869803009462939,0.9434724114537748,0.41301969905370606,1,0.0,0.9703657150609888,0.819515306122449,143.27970361830896,0.2857142857142857,False,C2_FUNCTIONAL_OR_LOWER,iconicity|cross_script_validation
580,3,3,0.3156405718269114,moai,3,0.5861636217360647,0.9444807855865435,0.41383637826393527,2,0.0,0.9703657150609888,0.819515306122449,143.27970361830896,0.2857142857142857,False,C2_FUNCTIONAL_OR_LOWER,iconicity|cross_script_validation
580,3,3,0.3156405718269114,moray_eel,4,0.5830855325070144,0.9482747939116636,0.41691446749298555,1,0.0,0.9703657150609888,0.819515306122449,143.27970361830896,0.2857142857142857,False,C2_FUNCTIONAL_OR_LOWER,iconicity|cross_script_validation
580,3,3,0.3156405718269114,octopus,5,0.5752490935871427,0.9578876878722544,0.4247509064128573,1,0.0,0.9703657150609888,0.819515306122449,143.27970361830896,0.2857142857142857,False,C2_FUNCTIONAL_OR_LOWER,iconicity|cross_script_validation
664,3,3,0.3512953453862298,hand,1,0.7772694491267291,0.6804821606470585,0.22273055087327087,1,0.0,0.9703657150609888,0.819515306122449,143.27970361830896,0.2857142857142857,False,C2_FUNCTIONAL_OR_LOWER,cross_script_validation
664,3,3,0.3512953453862298,fairy_tern,2,0.7623943189487618,0.7037912301080703,0.23760568105123825,1,0.0,0.9703657150609888,0.819515306122449,143.27970361830896,0.2857142857142857,False,C2_FUNCTIONAL_OR_LOWER,cross_script_validation
664,3,3,0.3512953453862298,tiger_shark,3,0.7538494189671179,0.7168951098922982,0.24615058103288212,2,0.0,0.9703657150609888,0.819515306122449,143.27970361830896,0.2857142857142857,False,C2_FUNCTIONAL_OR_LOWER,cross_script_validation
664,3,3,0.3512953453862298,moray_eel,4,0.7481256260652983,0.7255635003953723,0.2518743739347017,1,0.0,0.9703657150609888,0.819515306122449,143.27970361830896,0.2857142857142857,False,C2_FUNCTIONAL_OR_LOWER,cross_script_validation
664,3,3,0.3512953453862298,octopus,5,0.7405271981873164,0.7369418168537374,0.2594728018126836,1,0.0,0.9703657150609888,0.819515306122449,143.27970361830896,0.2857142857142857,False,C2_FUNCTIONAL_OR_LOWER,cross_script_validation
665,3,3,0.4513004699149086,moai,1,0.8142493945628934,0.6193613055564455,0.18575060543710664,2,0.0,0.9703657150609888,0.819515306122449,143.27970361830896,0.2857142857142857,False,C2_FUNCTIONAL_OR_LOWER,cross_script_validation
665,3,3,0.4513004699149086,octopus,2,0.7929485972198999,0.6551630449545504,0.20705140278010015,1,0.0,0.9703657150609888,0.819515306122449,143.27970361830896,0.2857142857142857,False,C2_FUNCTIONAL_OR_LOWER,cross_script_validation
665,3,3,0.4513004699149086,fairy_tern,3,0.7928946028839794,0.6552516585085417,0.2071053971160206,1,0.0,0.9703657150609888,0.819515306122449,143.27970361830896,0.2857142857142857,False,C2_FUNCTIONAL_OR_LOWER,cross_script_validation
665,3,3,0.4513004699149086,tiger_shark,4,0.7923017784617007,0.6562239096088325,0.2076982215382993,2,0.0,0.9703657150609888,0.819515306122449,143.27970361830896,0.2857142857142857,False,C2_FUNCTIONAL_OR_LOWER,cross_script_validation
665,3,3,0.4513004699149086,moray_eel,5,0.7840244161932465,0.6696734352861831,0.21597558380675352,1,0.0,0.9703657150609888,0.819515306122449,143.27970361830896,0.2857142857142857,False,C2_FUNCTIONAL_OR_LOWER,cross_script_validation
685,3,3,0.3491797022172243,fairy_tern,1,0.7824254794085316,0.6722451587536605,0.21757452059146842,1,0.0,0.9703657150609888,0.819515306122449,143.27970361830896,0.2857142857142857,False,C2_FUNCTIONAL_OR_LOWER,cross_script_validation
685,3,3,0.3491797022172243,moai,2,0.780348667701113,0.6755731425199449,0.219651332298887,2,0.0,0.9703657150609888,0.819515306122449,143.27970361830896,0.2857142857142857,False,C2_FUNCTIONAL_OR_LOWER,cross_script_validation
685,3,3,0.3491797022172243,moray_eel,3,0.7679753397392707,0.6951223580342444,0.23202466026072932,1,0.0,0.9703657150609888,0.819515306122449,143.27970361830896,0.2857142857142857,False,C2_FUNCTIONAL_OR_LOWER,cross_script_validation
685,3,3,0.3491797022172243,tiger_shark,4,0.7664294344946617,0.6975325465943191,0.23357056550533828,2,0.0,0.9703657150609888,0.819515306122449,143.27970361830896,0.2857142857142857,False,C2_FUNCTIONAL_OR_LOWER,cross_script_validation
685,3,3,0.3491797022172243,octopus,5,0.7581175420443849,0.7103747591929761,0.24188245795561514,1,0.0,0.9703657150609888,0.819515306122449,143.27970361830896,0.2857142857142857,False,C2_FUNCTIONAL_OR_LOWER,cross_script_validation
746,3,3,0.3598629484004377,fairy_tern,1,0.8089281217431565,0.6284697141410944,0.19107187825684346,1,0.0,0.9703657150609888,0.819515306122449,143.27970361830896,0.2857142857142857,False,C2_FUNCTIONAL_OR_LOWER,cross_script_validation
746,3,3,0.3598629484004377,moray_eel,2,0.7974682560174662,0.6477088909114417,0.20253174398253382,1,0.0,0.9703657150609888,0.819515306122449,143.27970361830896,0.2857142857142857,False,C2_FUNCTIONAL_OR_LOWER,cross_script_validation
746,3,3,0.3598629484004377,tiger_shark,3,0.783247554095105,0.6709239778213802,0.21675244590489495,2,0.0,0.9703657150609888,0.819515306122449,143.27970361830896,0.2857142857142857,False,C2_FUNCTIONAL_OR_LOWER,cross_script_validation
746,3,3,0.3598629484004377,octopus,4,0.7790026463202807,0.6777227083957427,0.2209973536797193,1,0.0,0.9703657150609888,0.819515306122449,143.27970361830896,0.2857142857142857,False,C2_FUNCTIONAL_OR_LOWER,cross_script_validation
746,3,3,0.3598629484004377,reimiro,5,0.7725751144054067,0.687909335187404,0.22742488559459328,1,0.0,0.9703657150609888,0.819515306122449,143.27970361830896,0.2857142857142857,False,C2_FUNCTIONAL_OR_LOWER,cross_script_validation
747,3,3,0.3171958178220307,fairy_tern,1,0.648842759446186,0.8647337169627312,0.35115724055381403,1,0.0,0.9703657150609888,0.819515306122449,143.27970361830896,0.2857142857142857,False,C2_FUNCTIONAL_OR_LOWER,cross_script_validation
747,3,3,0.3171958178220307,moray_eel,2,0.6430559913431768,0.8723142271070302,0.3569440086568232,1,0.0,0.9703657150609888,0.819515306122449,143.27970361830896,0.2857142857142857,False,C2_FUNCTIONAL_OR_LOWER,cross_script_validation
747,3,3,0.3171958178220307,octopus,3,0.6413164137548988,0.8745835921053663,0.3586835862451012,1,0.0,0.9703657150609888,0.819515306122449,143.27970361830896,0.2857142857142857,False,C2_FUNCTIONAL_OR_LOWER,cross_script_validation
747,3,3,0.3171958178220307,moai,4,0.641032240115998,0.8749539014613952,0.358967759884002,2,0.0,0.9703657150609888,0.819515306122449,143.27970361830896,0.2857142857142857,False,C2_FUNCTIONAL_OR_LOWER,cross_script_validation
747,3,3,0.3171958178220307,hand,5,0.6397643509090454,0.8766047070542222,0.3602356490909546,1,0.0,0.9703657150609888,0.819515306122449,143.27970361830896,0.2857142857142857,False,C2_FUNCTIONAL_OR_LOWER,cross_script_validation
773,3,3,0.39562995015033064,moray_eel,1,0.6666523709300126,0.8410878501467892,0.3333476290699874,1,0.0,0.9703657150609888,0.819515306122449,143.27970361830896,0.2857142857142857,False,C2_FUNCTIONAL_OR_LOWER,cross_script_validation
773,3,3,0.39562995015033064,moai,2,0.6526194641560878,0.8597598250345079,0.34738053584391215,2,0.0,0.9703657150609888,0.819515306122449,143.27970361830896,0.2857142857142857,False,C2_FUNCTIONAL_OR_LOWER,cross_script_validation
773,3,3,0.39562995015033064,octopus,3,0.6487151126417641,0.864901457664726,0.35128488735823593,1,0.0,0.9703657150609888,0.819515306122449,143.27970361830896,0.2857142857142857,False,C2_FUNCTIONAL_OR_LOWER,cross_script_validation
773,3,3,0.39562995015033064,fairy_tern,4,0.647066502037437,0.8670657477027913,0.352933497962563,1,0.0,0.9703657150609888,0.819515306122449,143.27970361830896,0.2857142857142857,False,C2_FUNCTIONAL_OR_LOWER,cross_script_validation
773,3,3,0.39562995015033064,sun,5,0.6470495316819515,0.8670880056357698,0.35295046831804855,1,0.0,0.9703657150609888,0.819515306122449,143.27970361830896,0.2857142857142857,False,C2_FUNCTIONAL_OR_LOWER,cross_script_validation
012,2,2,0.14704591643952541,toki,1,0.6828179510274468,0.819183512804534,0.3171820489725532,1,0.0,0.9703657150609888,0.819515306122449,143.27970361830896,0.2857142857142857,False,C2_FUNCTIONAL_OR_LOWER,cross_script_validation
012,2,2,0.14704591643952541,moai,2,0.6209365682279018,0.9008593737565426,0.3790634317720982,2,0.0,0.9703657150609888,0.819515306122449,143.27970361830896,0.2857142857142857,False,C2_FUNCTIONAL_OR_LOWER,cross_script_validation
012,2,2,0.14704591643952541,sun,3,0.577248895140329,0.955440770022233,0.42275110485967105,1,0.0,0.9703657150609888,0.819515306122449,143.27970361830896,0.2857142857142857,False,C2_FUNCTIONAL_OR_LOWER,iconicity|cross_script_validation
012,2,2,0.14704591643952541,moray_eel,4,0.5664871839532156,0.9685595098980849,0.4335128160467844,1,0.0,0.9703657150609888,0.819515306122449,143.27970361830896,0.2857142857142857,False,C2_FUNCTIONAL_OR_LOWER,iconicity|cross_script_validation
012,2,2,0.14704591643952541,octopus,5,0.5635650355933833,0.972101198876042,0.43643496440661667,1,0.0,0.9703657150609888,0.819515306122449,143.27970361830896,0.2857142857142857,False,C2_FUNCTIONAL_OR_LOWER,iconicity|cross_script_validation
026,2,2,0.27222477077752405,moai,1,0.6811712737365855,0.8214350508412391,0.3188287262634145,2,0.0,0.9703657150609888,0.819515306122449,143.27970361830896,0.2857142857142857,False,C2_FUNCTIONAL_OR_LOWER,cross_script_validation
026,2,2,0.27222477077752405,moray_eel,2,0.6752570032367197,0.8294832401670293,0.32474299676328033,1,0.0,0.9703657150609888,0.819515306122449,143.27970361830896,0.2857142857142857,False,C2_FUNCTIONAL_OR_LOWER,cross_script_validation
026,2,2,0.27222477077752405,fairy_tern,3,0.6592668392793618,0.8509530489242725,0.3407331607206382,1,0.0,0.9703657150609888,0.819515306122449,143.27970361830896,0.2857142857142857,False,C2_FUNCTIONAL_OR_LOWER,cross_script_validation
026,2,2,0.27222477077752405,octopus,4,0.6520925210600624,0.8604550807428554,0.34790747893993756,1,0.0,0.9703657150609888,0.819515306122449,143.27970361830896,0.2857142857142857,False,C2_FUNCTIONAL_OR_LOWER,cross_script_validation
026,2,2,0.27222477077752405,sun,5,0.6485702051591815,0.8650918515652953,0.3514297948408185,1,0.0,0.9703657150609888,0.819515306122449,143.27970361830896,0.2857142857142857,False,C2_FUNCTIONAL_OR_LOWER,cross_script_validation
085,2,2,0.24245666253410222,toki,1,0.6161117646520501,0.906999658036298,0.3838882353479499,1,0.0,0.9703657150609888,0.819515306122449,143.27970361830896,0.2857142857142857,False,C2_FUNCTIONAL_OR_LOWER,cross_script_validation
085,2,2,0.24245666253410222,moray_eel,2,0.5983203661234688,0.929393111452891,0.40167963387653116,1,0.0,0.9703657150609888,0.819515306122449,143.27970361830896,0.2857142857142857,False,C2_FUNCTIONAL_OR_LOWER,iconicity|cross_script_validation
085,2,2,0.24245666253410222,octopus,3,0.5846680812287574,0.9463254628458359,0.41533191877124265,1,0.0,0.9703657150609888,0.819515306122449,143.27970361830896,0.2857142857142857,False,C2_FUNCTIONAL_OR_LOWER,iconicity|cross_script_validation
085,2,2,0.24245666253410222,fairy_tern,4,0.5818057341092028,0.9498492145063472,0.4181942658907972,1,0.0,0.9703657150609888,0.819515306122449,143.27970361830896,0.2857142857142857,False,C2_FUNCTIONAL_OR_LOWER,iconicity|cross_script_validation
085,2,2,0.24245666253410222,sun,5,0.5818018601433456,0.9498539776034937,0.41819813985665444,1,0.0,0.9703657150609888,0.819515306122449,143.27970361830896,0.2857142857142857,False,C2_FUNCTIONAL_OR_LOWER,iconicity|cross_script_validation
141,2,2,0.1827758636143211,reimiro,1,0.614246653258316,0.9093653894655364,0.38575334674168404,1,0.0,0.9703657150609888,0.819515306122449,143.27970361830896,0.2857142857142857,False,C2_FUNCTIONAL_OR_LOWER,cross_script_validation
141,2,2,0.1827758636143211,sun,2,0.6094963360170995,0.9153711977024255,0.3905036639829005,1,0.0,0.9703657150609888,0.819515306122449,143.27970361830896,0.2857142857142857,False,C2_FUNCTIONAL_OR_LOWER,cross_script_validation
141,2,2,0.1827758636143211,octopus,3,0.5937811111393537,0.93504637663297,0.4062188888606463,1,0.0,0.9703657150609888,0.819515306122449,143.27970361830896,0.2857142857142857,False,C2_FUNCTIONAL_OR_LOWER,iconicity|cross_script_validation
141,2,2,0.1827758636143211,moray_eel,4,0.5909132971778183,0.9386058641835252,0.40908670282218174,1,0.0,0.9703657150609888,0.819515306122449,143.27970361830896,0.2857142857142857,False,C2_FUNCTIONAL_OR_LOWER,iconicity|cross_script_validation
141,2,2,0.1827758636143211,moai,5,0.5863290441057525,0.9442765939282086,0.4136709558942475,2,0.0,0.9703657150609888,0.819515306122449,143.27970361830896,0.2857142857142857,False,C2_FUNCTIONAL_OR_LOWER,iconicity|cross_script_validation
164,2,2,0.20922033893564415,fairy_tern,1,0.6253497260572847,0.8952167055621713,0.37465027394271533,1,0.0,0.9703657150609888,0.819515306122449,143.27970361830896,0.2857142857142857,False,C2_FUNCTIONAL_OR_LOWER,cross_script_validation
164,2,2,0.20922033893564415,moray_eel,2,0.6188953519148028,0.9034607509194331,0.3811046480851972,1,0.0,0.9703657150609888,0.819515306122449,143.27970361830896,0.2857142857142857,False,C2_FUNCTIONAL_OR_LOWER,cross_script_validation
164,2,2,0.20922033893564415,sun,3,0.6114395652035746,0.9129177506684968,0.38856043479642544,1,0.0,0.9703657150609888,0.819515306122449,143.27970361830896,0.2857142857142857,False,C2_FUNCTIONAL_OR_LOWER,cross_script_validation
164,2,2,0.20922033893564415,octopus,4,0.6086531645632131,0.9164343145003947,0.39134683543678694,1,0.0,0.9703657150609888,0.819515306122449,143.27970361830896,0.2857142857142857,False,C2_FUNCTIONAL_OR_LOWER,cross_script_validation
164,2,2,0.20922033893564415,reimiro,5,0.5997514002344037,0.9276059315100259,0.40024859976559635,1,0.0,0.9703657150609888,0.819515306122449,143.27970361830896,0.2857142857142857,False,C2_FUNCTIONAL_OR_LOWER,iconicity|cross_script_validation
167,2,2,0.1537906187804129,tiger_shark,1,0.763768375939243,0.7016652002113875,0.23623162406075704,2,0.0,0.9703657150609888,0.819515306122449,143.27970361830896,0.2857142857142857,False,C2_FUNCTIONAL_OR_LOWER,cross_script_validation
167,2,2,0.1537906187804129,fairy_tern,2,0.7594512250361339,0.7083271645407271,0.24054877496386606,1,0.0,0.9703657150609888,0.819515306122449,143.27970361830896,0.2857142857142857,False,C2_FUNCTIONAL_OR_LOWER,cross_script_validation
167,2,2,0.1537906187804129,octopus,3,0.7491349360344294,0.7240411336520642,0.2508650639655706,1,0.0,0.9703657150609888,0.819515306122449,143.27970361830896,0.2857142857142857,False,C2_FUNCTIONAL_OR_LOWER,cross_script_validation
167,2,2,0.1537906187804129,moai,4,0.748433630679558,0.7250992068876347,0.25156636932044196,2,0.0,0.9703657150609888,0.819515306122449,143.27970361830896,0.2857142857142857,False,C2_FUNCTIONAL_OR_LOWER,cross_script_validation
167,2,2,0.1537906187804129,reimiro,5,0.7355779207914405,0.7442769454420906,0.26442207920855954,1,0.0,0.9703657150609888,0.819515306122449,143.27970361830896,0.2857142857142857,False,C2_FUNCTIONAL_OR_LOWER,cross_script_validation
182,2,2,0.14707394041965036,moray_eel,1,0.7089804469567772,0.7827448767777998,0.2910195530432228,1,0.0,0.9703657150609888,0.819515306122449,143.27970361830896,0.2857142857142857,False,C2_FUNCTIONAL_OR_LOWER,cross_script_validation
182,2,2,0.14707394041965036,moai,2,0.6983783034192572,0.7976671398881855,0.3016216965807428,2,0.0,0.9703657150609888,0.819515306122449,143.27970361830896,0.2857142857142857,False,C2_FUNCTIONAL_OR_LOWER,cross_script_validation
182,2,2,0.14707394041965036,octopus,3,0.6982911494585367,0.7977889021831666,0.30170885054146335,1,0.0,0.9703657150609888,0.819515306122449,143.27970361830896,0.2857142857142857,False,C2_FUNCTIONAL_OR_LOWER,cross_script_validation
182,2,2,0.14707394041965036,fairy_tern,4,0.6973043854626529,0.7991664973607259,0.30269561453734706,1,0.0,0.9703657150609888,0.819515306122449,143.27970361830896,0.2857142857142857,False,C2_FUNCTIONAL_OR_LOWER,cross_script_validation
182,2,2,0.14707394041965036,tiger_shark,5,0.6874668870469669,0.8128011589322696,0.3125331129530331,2,0.0,0.9703657150609888,0.819515306122449,143.27970361830896,0.2857142857142857,False,C2_FUNCTIONAL_OR_LOWER,cross_script_validation
190,2,2,0.4005820016948768,sun,1,0.7799671014759827,0.6761830799076962,0.2200328985240173,1,0.0,0.9703657150609888,0.819515306122449,143.27970361830896,0.2857142857142857,False,C2_FUNCTIONAL_OR_LOWER,cross_script_validation
190,2,2,0.4005820016948768,octopus,2,0.7783863166456192,0.6787050586816025,0.2216136833543808,1,0.0,0.9703657150609888,0.819515306122449,143.27970361830896,0.2857142857142857,False,C2_FUNCTIONAL_OR_LOWER,cross_script_validation
190,2,2,0.4005820016948768,tiger_shark,3,0.7753614389480725,0.6835090988991313,0.22463856105192748,2,0.0,0.9703657150609888,0.819515306122449,143.27970361830896,0.2857142857142857,False,C2_FUNCTIONAL_OR_LOWER,cross_script_validation
190,2,2,0.4005820016948768,fairy_tern,4,0.7734768241838134,0.6864879187108085,0.22652317581618664,1,0.0,0.9703657150609888,0.819515306122449,143.27970361830896,0.2857142857142857,False,C2_FUNCTIONAL_OR_LOWER,cross_script_validation
190,2,2,0.4005820016948768,moai,5,0.7715895836479228,0.6894600769715814,0.22841041635207715,2,0.0,0.9703657150609888,0.819515306122449,143.27970361830896,0.2857142857142857,False,C2_FUNCTIONAL_OR_LOWER,cross_script_validation
191,2,2,0.25221048532500945,sun,1,0.7263339964041928,0.7578231127831362,0.2736660035958072,1,0.0,0.9703657150609888,0.819515306122449,143.27970361830896,0.2857142857142857,False,C2_FUNCTIONAL_OR_LOWER,cross_script_validation
191,2,2,0.25221048532500945,moai,2,0.7184459609263558,0.7692307474896908,0.2815540390736442,2,0.0,0.9703657150609888,0.819515306122449,143.27970361830896,0.2857142857142857,False,C2_FUNCTIONAL_OR_LOWER,cross_script_validation
191,2,2,0.25221048532500945,fairy_tern,3,0.7139152827467901,0.7757225285941943,0.28608471725320994,1,0.0,0.9703657150609888,0.819515306122449,143.27970361830896,0.2857142857142857,False,C2_FUNCTIONAL_OR_LOWER,cross_script_validation
191,2,2,0.25221048532500945,octopus,4,0.7131293878242387,0.7768442223642665,0.28687061217576126,1,0.0,0.9703657150609888,0.819515306122449,143.27970361830896,0.2857142857142857,False,C2_FUNCTIONAL_OR_LOWER,cross_script_validation
191,2,2,0.25221048532500945,moray_eel,5,0.7092465441274041,0.7823674844829298,0.29075345587259593,1,0.0,0.9703657150609888,0.819515306122449,143.27970361830896,0.2857142857142857,False,C2_FUNCTIONAL_OR_LOWER,cross_script_validation
212,2,2,0.28481305785290056,moray_eel,1,0.7560634731517843,0.7135188609669033,0.24393652684821565,1,0.0,0.9703657150609888,0.819515306122449,143.27970361830896,0.2857142857142857,False,C2_FUNCTIONAL_OR_LOWER,cross_script_validation
212,2,2,0.28481305785290056,fairy_tern,2,0.7345609503531184,0.7457769205467494,0.2654390496468816,1,0.0,0.9703657150609888,0.819515306122449,143.27970361830896,0.2857142857142857,False,C2_FUNCTIONAL_OR_LOWER,cross_script_validation
212,2,2,0.28481305785290056,tiger_shark,3,0.7179071188944731,0.7700051005996171,0.2820928811055269,2,0.0,0.9703657150609888,0.819515306122449,143.27970361830896,0.2857142857142857,False,C2_FUNCTIONAL_OR_LOWER,cross_script_validation
212,2,2,0.28481305785290056,octopus,4,0.7048784257236426,0.7885445891131653,0.29512157427635743,1,0.0,0.9703657150609888,0.819515306122449,143.27970361830896,0.2857142857142857,False,C2_FUNCTIONAL_OR_LOWER,cross_script_validation
212,2,2,0.28481305785290056,moai,5,0.6945358269199816,0.8030217974741378,0.3054641730800184,2,0.0,0.9703657150609888,0.819515306122449,143.27970361830896,0.2857142857142857,False,C2_FUNCTIONAL_OR_LOWER,cross_script_validation
214,2,2,0.23134652295602534,moray_eel,1,0.7656063517751189,0.698812973426701,0.23439364822488107,1,0.0,0.9703657150609888,0.819515306122449,143.27970361830896,0.2857142857142857,False,C2_FUNCTIONAL_OR_LOWER,cross_script_validation
214,2,2,0.23134652295602534,fairy_tern,2,0.7347991262342171,0.7454258429335385,0.26520087376578294,1,0.0,0.9703657150609888,0.819515306122449,143.27970361830896,0.2857142857142857,False,C2_FUNCTIONAL_OR_LOWER,cross_script_validation
214,2,2,0.23134652295602534,octopus,3,0.7187761358292389,0.7687559572795509,0.28122386417076106,1,0.0,0.9703657150609888,0.819515306122449,143.27970361830896,0.2857142857142857,False,C2_FUNCTIONAL_OR_LOWER,cross_script_validation
214,2,2,0.23134652295602534,tiger_shark,4,0.7089172699456202,0.7828344565368441,0.2910827300543798,2,0.0,0.9703657150609888,0.819515306122449,143.27970361830896,0.2857142857142857,False,C2_FUNCTIONAL_OR_LOWER,cross_script_validation
214,2,2,0.23134652295602534,reimiro,5,0.7063932571846651,0.7864067302854355,0.29360674281533494,1,0.0,0.9703657150609888,0.819515306122449,143.27970361830896,0.2857142857142857,False,C2_FUNCTIONAL_OR_LOWER,cross_script_validation
216,2,2,0.2671482852448034,moray_eel,1,0.7609257502522978,0.7060576233053638,0.2390742497477022,1,0.0,0.9703657150609888,0.819515306122449,143.27970361830896,0.2857142857142857,False,C2_FUNCTIONAL_OR_LOWER,cross_script_validation
216,2,2,0.2671482852448034,fairy_tern,2,0.7449023615171413,0.730407844121281,0.2550976384828587,1,0.0,0.9703657150609888,0.819515306122449,143.27970361830896,0.2857142857142857,False,C2_FUNCTIONAL_OR_LOWER,cross_script_validation
216,2,2,0.2671482852448034,tiger_shark,3,0.719734689965621,0.7673762374857079,0.28026531003437904,2,0.0,0.9703657150609888,0.819515306122449,143.27970361830896,0.2857142857142857,False,C2_FUNCTIONAL_OR_LOWER,cross_script_validation
216,2,2,0.2671482852448034,octopus,4,0.7102593037850264,0.7809298253078015,0.28974069621497356,1,0.0,0.9703657150609888,0.819515306122449,143.27970361830896,0.2857142857142857,False,C2_FUNCTIONAL_OR_LOWER,cross_script_validation
216,2,2,0.2671482852448034,hand,5,0.6939699562605245,0.8038080226053721,0.3060300437394755,1,0.0,0.9703657150609888,0.819515306122449,143.27970361830896,0.2857142857142857,False,C2_FUNCTIONAL_OR_LOWER,cross_script_validation
225,2,2,0.40781814499508584,moray_eel,1,0.7791581371032064,0.677474686662699,0.22084186289679364,1,0.0,0.9703657150609888,0.819515306122449,143.27970361830896,0.2857142857142857,False,C2_FUNCTIONAL_OR_LOWER,cross_script_validation
225,2,2,0.40781814499508584,fairy_tern,2,0.7746512303032547,0.6846329298308739,0.22534876969674533,1,0.0,0.9703657150609888,0.819515306122449,143.27970361830896,0.2857142857142857,False,C2_FUNCTIONAL_OR_LOWER,cross_script_validation
225,2,2,0.40781814499508584,tiger_shark,3,0.7668243912606028,0.6969174380107297,0.23317560873939724,2,0.0,0.9703657150609888,0.819515306122449,143.27970361830896,0.2857142857142857,False,C2_FUNCTIONAL_OR_LOWER,cross_script_validation
225,2,2,0.40781814499508584,octopus,4,0.7570626998350959,0.7119908054179025,0.2429373001649041,1,0.0,0.9703657150609888,0.819515306122449,143.27970361830896,0.2857142857142857,False,C2_FUNCTIONAL_OR_LOWER,cross_script_validation
225,2,2,0.40781814499508584,moai,5,0.7544667586894811,0.7159550360368571,0.2455332413105189,2,0.0,0.9703657150609888,0.819515306122449,143.27970361830896,0.2857142857142857,False,C2_FUNCTIONAL_OR_LOWER,cross_script_validation
232,2,2,0.13022883358879817,sun,1,0.7068193988994502,0.7858045007815951,0.2931806011005498,1,0.0,0.9703657150609888,0.819515306122449,143.27970361830896,0.2857142857142857,False,C2_FUNCTIONAL_OR_LOWER,cross_script_validation
232,2,2,0.13022883358879817,moai,2,0.7032856370491573,0.790787580477216,0.29671436295084275,2,0.0,0.9703657150609888,0.819515306122449,143.27970361830896,0.2857142857142857,False,C2_FUNCTIONAL_OR_LOWER,cross_script_validation
232,2,2,0.13022883358879817,moray_eel,3,0.6940133979151885,0.803747685551088,0.30598660208481154,1,0.0,0.9703657150609888,0.819515306122449,143.27970361830896,0.2857142857142857,False,C2_FUNCTIONAL_OR_LOWER,cross_script_validation
232,2,2,0.13022883358879817,fairy_tern,4,0.6926439432164365,0.8056480666334461,0.3073560567835635,1,0.0,0.9703657150609888,0.819515306122449,143.27970361830896,0.2857142857142857,False,C2_FUNCTIONAL_OR_LOWER,cross_script_validation
232,2,2,0.13022883358879817,tiger_shark,5,0.692540391072528,0.8057916239951263,0.30745960892747204,2,0.0,0.9703657150609888,0.819515306122449,143.27970361830896,0.2857142857142857,False,C2_FUNCTIONAL_OR_LOWER,cross_script_validation
235,2,2,0.3655276005180901,fairy_tern,1,0.760846608604713,0.7061795888352264,0.23915339139528702,1,0.0,0.9703657150609888,0.819515306122449,143.27970361830896,0.2857142857142857,False,C2_FUNCTIONAL_OR_LOWER,cross_script_validation
235,2,2,0.3655276005180901,moray_eel,2,0.7599899674708492,0.7074986481271677,0.24001003252915076,1,0.0,0.9703657150609888,0.819515306122449,143.27970361830896,0.2857142857142857,False,C2_FUNCTIONAL_OR_LOWER,cross_script_validation
235,2,2,0.3655276005180901,sun,3,0.7261341333521493,0.7581138448773687,0.27386586664785073,1,0.0,0.9703657150609888,0.819515306122449,143.27970361830896,0.2857142857142857,False,C2_FUNCTIONAL_OR_LOWER,cross_script_validation
235,2,2,0.3655276005180901,octopus,4,0.7251796274770557,0.7595010941214672,0.27482037252294433,1,0.0,0.9703657150609888,0.819515306122449,143.27970361830896,0.2857142857142857,False,C2_FUNCTIONAL_OR_LOWER,cross_script_validation
235,2,2,0.3655276005180901,tiger_shark,5,0.7221969960598388,0.7638229675575773,0.2778030039401612,2,0.0,0.9703657150609888,0.819515306122449,143.27970361830896,0.2857142857142857,False,C2_FUNCTIONAL_OR_LOWER,cross_script_validation
242,2,2,0.3935381606281524,sun,1,0.8102701780012042,0.6261833483020838,0.18972982199879584,1,0.0,0.9703657150609888,0.819515306122449,143.27970361830896,0.2857142857142857,False,C2_FUNCTIONAL_OR_LOWER,cross_script_validation
242,2,2,0.3935381606281524,tiger_shark,2,0.8061742348166806,0.6331389497418538,0.1938257651833194,2,0.0,0.9703657150609888,0.819515306122449,143.27970361830896,0.2857142857142857,False,C2_FUNCTIONAL_OR_LOWER,cross_script_validation
242,2,2,0.3935381606281524,fairy_tern,3,0.8060522276688823,0.6333451260249996,0.1939477723311177,1,0.0,0.9703657150609888,0.819515306122449,143.27970361830896,0.2857142857142857,False,C2_FUNCTIONAL_OR_LOWER,cross_script_validation
242,2,2,0.3935381606281524,moai,4,0.8007487479801829,0.6422521552451004,0.19925125201981708,2,0.0,0.9703657150609888,0.819515306122449,143.27970361830896,0.2857142857142857,False,C2_FUNCTIONAL_OR_LOWER,cross_script_validation
242,2,2,0.3935381606281524,octopus,5,0.797780958398993,0.6471904457034132,0.202219041601007,1,0.0,0.9703657150609888,0.819515306122449,143.27970361830896,0.2857142857142857,False,C2_FUNCTIONAL_OR_LOWER,cross_script_validation
245,2,2,0.4750886452289277,hand,1,0.817252511402259,0.6141691838681472,0.18274748859774104,1,0.0,0.9703657150609888,0.819515306122449,143.27970361830896,0.2857142857142857,False,C2_FUNCTIONAL_OR_LOWER,cross_script_validation
245,2,2,0.4750886452289277,fairy_tern,2,0.7698905237825028,0.69212673838149,0.23010947621749722,1,0.0,0.9703657150609888,0.819515306122449,143.27970361830896,0.2857142857142857,False,C2_FUNCTIONAL_OR_LOWER,cross_script_validation
245,2,2,0.4750886452289277,octopus,3,0.7573795846540842,0.7115056478463663,0.24262041534591583,1,0.0,0.9703657150609888,0.819515306122449,143.27970361830896,0.2857142857142857,False,C2_FUNCTIONAL_OR_LOWER,cross_script_validation
245,2,2,0.4750886452289277,moray_eel,4,0.7490855815625537,0.7241156371158504,0.25091441843744633,1,0.0,0.9703657150609888,0.819515306122449,143.27970361830896,0.2857142857142857,False,C2_FUNCTIONAL_OR_LOWER,cross_script_validation
245,2,2,0.4750886452289277,sun,5,0.7424465741580801,0.7340812022568158,0.25755342584191987,1,0.0,0.9703657150609888,0.819515306122449,143.27970361830896,0.2857142857142857,False,C2_FUNCTIONAL_OR_LOWER,cross_script_validation
253,2,2,0.23552742998523726,tiger_shark,1,0.7526776184042439,0.7186767242506932,0.24732238159575615,2,0.0,0.9703657150609888,0.819515306122449,143.27970361830896,0.2857142857142857,False,C2_FUNCTIONAL_OR_LOWER,cross_script_validation
253,2,2,0.23552742998523726,fairy_tern,2,0.7481320011710373,0.7255538928723684,0.2518679988289627,1,0.0,0.9703657150609888,0.819515306122449,143.27970361830896,0.2857142857142857,False,C2_FUNCTIONAL_OR_LOWER,cross_script_validation
253,2,2,0.23552742998523726,octopus,3,0.740199988151363,0.737428586899742,0.259800011848637,1,0.0,0.9703657150609888,0.819515306122449,143.27970361830896,0.2857142857142857,False,C2_FUNCTIONAL_OR_LOWER,cross_script_validation
253,2,2,0.23552742998523726,moai,4,0.7373484229718036,0.7416597052265776,0.2626515770281964,2,0.0,0.9703657150609888,0.819515306122449,143.27970361830896,0.2857142857142857,False,C2_FUNCTIONAL_OR_LOWER,cross_script_validation
253,2,2,0.23552742998523726,hand,5,0.7352684306452952,0.744733684600228,0.26473156935470477,1,0.0,0.9703657150609888,0.819515306122449,143.27970361830896,0.2857142857142857,False,C2_FUNCTIONAL_OR_LOWER,cross_script_validation
281,2,2,0.16605013215354159,moray_eel,1,0.7377545072159941,0.7410583580799501,0.2622454927840059,1,0.0,0.9703657150609888,0.819515306122449,143.27970361830896,0.2857142857142857,False,C2_FUNCTIONAL_OR_LOWER,cross_script_validation
281,2,2,0.16605013215354159,moai,2,0.7337764252129741,0.7469323893818517,0.26622357478702585,2,0.0,0.9703657150609888,0.819515306122449,143.27970361830896,0.2857142857142857,False,C2_FUNCTIONAL_OR_LOWER,cross_script_validation
281,2,2,0.16605013215354159,sun,3,0.7213619789221218,0.7650294254346308,0.27863802107787816,1,0.0,0.9703657150609888,0.819515306122449,143.27970361830896,0.2857142857142857,False,C2_FUNCTIONAL_OR_LOWER,cross_script_validation
281,2,2,0.16605013215354159,fairy_tern,4,0.7191419394322182,0.7682296608496338,0.28085806056778184,1,0.0,0.9703657150609888,0.819515306122449,143.27970361830896,0.2857142857142857,False,C2_FUNCTIONAL_OR_LOWER,cross_script_validation
281,2,2,0.16605013215354159,tiger_shark,5,0.7188881868836866,0.7685947753342667,0.2811118131163134,2,0.0,0.9703657150609888,0.819515306122449,143.27970361830896,0.2857142857142857,False,C2_FUNCTIONAL_OR_LOWER,cross_script_validation
285,2,2,0.3295380675971544,moray_eel,1,0.8057580329772783,0.6338420390349858,0.19424196702272167,1,0.0,0.9703657150609888,0.819515306122449,143.27970361830896,0.2857142857142857,False,C2_FUNCTIONAL_OR_LOWER,cross_script_validation
285,2,2,0.3295380675971544,fairy_tern,2,0.7940578614135865,0.6533402926852456,0.20594213858641353,1,0.0,0.9703657150609888,0.819515306122449,143.27970361830896,0.2857142857142857,False,C2_FUNCTIONAL_OR_LOWER,cross_script_validation
285,2,2,0.3295380675971544,tiger_shark,3,0.7690934486835189,0.6933747886509504,0.23090655131648108,2,0.0,0.9703657150609888,0.819515306122449,143.27970361830896,0.2857142857142857,False,C2_FUNCTIONAL_OR_LOWER,cross_script_validation
285,2,2,0.3295380675971544,octopus,4,0.7641259769119102,0.7011110195932477,0.2358740230880898,1,0.0,0.9703657150609888,0.819515306122449,143.27970361830896,0.2857142857142857,False,C2_FUNCTIONAL_OR_LOWER,cross_script_validation
285,2,2,0.3295380675971544,moai,5,0.7559949548819425,0.7136235428696562,0.24400504511805754,2,0.0,0.9703657150609888,0.819515306122449,143.27970361830896,0.2857142857142857,False,C2_FUNCTIONAL_OR_LOWER,cross_script_validation
292,2,2,0.32260054155358675,moray_eel,1,0.7671360792813557,0.6964316934924877,0.23286392071864426,1,0.0,0.9703657150609888,0.819515306122449,143.27970361830896,0.2857142857142857,False,C2_FUNCTIONAL_OR_LOWER,cross_script_validation
292,2,2,0.32260054155358675,fairy_tern,2,0.7631085594482044,0.7026867770698975,0.23689144055179556,1,0.0,0.9703657150609888,0.819515306122449,143.27970361830896,0.2857142857142857,False,C2_FUNCTIONAL_OR_LOWER,cross_script_validation
292,2,2,0.32260054155358675,moai,3,0.7454724717747793,0.7295529202455255,0.25452752822522073,2,0.0,0.9703657150609888,0.819515306122449,143.27970361830896,0.2857142857142857,False,C2_FUNCTIONAL_OR_LOWER,cross_script_validation
292,2,2,0.32260054155358675,sun,4,0.7372350201288407,0.7418275665683627,0.2627649798711593,1,0.0,0.9703657150609888,0.819515306122449,143.27970361830896,0.2857142857142857,False,C2_FUNCTIONAL_OR_LOWER,cross_script_validation
292,2,2,0.32260054155358675,tiger_shark,5,0.7365404721595529,0.7428549816109752,0.2634595278404471,2,0.0,0.9703657150609888,0.819515306122449,143.27970361830896,0.2857142857142857,False,C2_FUNCTIONAL_OR_LOWER,cross_script_validation
296,2,2,0.3231436739340359,fairy_tern,1,0.7379745334126079,0.7407323686346893,0.2620254665873921,1,0.0,0.9703657150609888,0.819515306122449,143.27970361830896,0.2857142857142857,False,C2_FUNCTIONAL_OR_LOWER,cross_script_validation
296,2,2,0.3231436739340359,moray_eel,2,0.7318414777354604,0.7497760878428841,0.2681585222645396,1,0.0,0.9703657150609888,0.819515306122449,143.27970361830896,0.2857142857142857,False,C2_FUNCTIONAL_OR_LOWER,cross_script_validation
296,2,2,0.3231436739340359,hand,3,0.7197280071733112,0.76738586336471,0.2802719928266888,1,0.0,0.9703657150609888,0.819515306122449,143.27970361830896,0.2857142857142857,False,C2_FUNCTIONAL_OR_LOWER,cross_script_validation
296,2,2,0.3231436739340359,tiger_shark,4,0.7077592135564102,0.784475058499061,0.29224078644358975,2,0.0,0.9703657150609888,0.819515306122449,143.27970361830896,0.2857142857142857,False,C2_FUNCTIONAL_OR_LOWER,cross_script_validation
296,2,2,0.3231436739340359,octopus,5,0.7001771148402072,0.7951507896454278,0.29982288515979283,1,0.0,0.9703657150609888,0.819515306122449,143.27970361830896,0.2857142857142857,False,C2_FUNCTIONAL_OR_LOWER,cross_script_validation
298,2,2,0.41155128330152535,hand,1,0.7847793425321657,0.6684563082433315,0.21522065746783425,1,0.0,0.9703657150609888,0.819515306122449,143.27970361830896,0.2857142857142857,False,C2_FUNCTIONAL_OR_LOWER,cross_script_validation
298,2,2,0.41155128330152535,moai,2,0.7816766574079816,0.6734467072386242,0.21832334259201835,2,0.0,0.9703657150609888,0.819515306122449,143.27970361830896,0.2857142857142857,False,C2_FUNCTIONAL_OR_LOWER,cross_script_validation
298,2,2,0.41155128330152535,tiger_shark,3,0.7736331566381522,0.6862412321752775,0.22636684336184776,2,0.0,0.9703657150609888,0.819515306122449,143.27970361830896,0.2857142857142857,False,C2_FUNCTIONAL_OR_LOWER,cross_script_validation
298,2,2,0.41155128330152535,sun,4,0.7723427748054724,0.6882751870531049,0.22765722519452758,1,0.0,0.9703657150609888,0.819515306122449,143.27970361830896,0.2857142857142857,False,C2_FUNCTIONAL_OR_LOWER,cross_script_validation
298,2,2,0.41155128330152535,octopus,5,0.7684571464601032,0.6943697588877241,0.2315428535398968,1,0.0,0.9703657150609888,0.819515306122449,143.27970361830896,0.2857142857142857,False,C2_FUNCTIONAL_OR_LOWER,cross_script_validation
304,2,2,0.20519533756479919,fairy_tern,1,0.7990223022073631,0.6451288394953575,0.20097769779263686,1,0.0,0.9703657150609888,0.819515306122449,143.27970361830896,0.2857142857142857,False,C2_FUNCTIONAL_OR_LOWER,cross_script_validation
304,2,2,0.20519533756479919,tiger_shark,2,0.794701632476129,0.6522804498899167,0.20529836752387098,2,0.0,0.9703657150609888,0.819515306122449,143.27970361830896,0.2857142857142857,False,C2_FUNCTIONAL_OR_LOWER,cross_script_validation
304,2,2,0.20519533756479919,moray_eel,3,0.7847056126698437,0.6685752615381223,0.21529438733015627,1,0.0,0.9703657150609888,0.819515306122449,143.27970361830896,0.2857142857142857,False,C2_FUNCTIONAL_OR_LOWER,cross_script_validation
304,2,2,0.20519533756479919,octopus,4,0.7816566106018737,0.6734788491657034,0.21834338939812625,1,0.0,0.9703657150609888,0.819515306122449,143.27970361830896,0.2857142857142857,False,C2_FUNCTIONAL_OR_LOWER,cross_script_validation
304,2,2,0.20519533756479919,sun,5,0.7757041931498017,0.6829661711538118,0.22429580685019834,1,0.0,0.9703657150609888,0.819515306122449,143.27970361830896,0.2857142857142857,False,C2_FUNCTIONAL_OR_LOWER,cross_script_validation
371,2,2,0.2530943884010309,fairy_tern,1,0.7539673491963026,0.7167156062420965,0.2460326508036974,1,0.0,0.9703657150609888,0.819515306122449,143.27970361830896,0.2857142857142857,False,C2_FUNCTIONAL_OR_LOWER,cross_script_validation
371,2,2,0.2530943884010309,moray_eel,2,0.7519972936948477,0.7197094316834292,0.2480027063051523,1,0.0,0.9703657150609888,0.819515306122449,143.27970361830896,0.2857142857142857,False,C2_FUNCTIONAL_OR_LOWER,cross_script_validation
371,2,2,0.2530943884010309,moai,3,0.7458767192337257,0.7289462246912826,0.25412328076627433,2,0.0,0.9703657150609888,0.819515306122449,143.27970361830896,0.2857142857142857,False,C2_FUNCTIONAL_OR_LOWER,cross_script_validation
371,2,2,0.2530943884010309,octopus,4,0.7412636673422058,0.7358452609275761,0.25873633265779417,1,0.0,0.9703657150609888,0.819515306122449,143.27970361830896,0.2857142857142857,False,C2_FUNCTIONAL_OR_LOWER,cross_script_validation
371,2,2,0.2530943884010309,tiger_shark,5,0.7408044267107239,0.7365291967918152,0.2591955732892761,2,0.0,0.9703657150609888,0.819515306122449,143.27970361830896,0.2857142857142857,False,C2_FUNCTIONAL_OR_LOWER,cross_script_validation
375,2,2,0.36140638528829955,moray_eel,1,0.7762362465486906,0.6821226721435084,0.2237637534513094,1,0.0,0.9703657150609888,0.819515306122449,143.27970361830896,0.2857142857142857,False,C2_FUNCTIONAL_OR_LOWER,cross_script_validation
375,2,2,0.36140638528829955,moai,2,0.7708562574761328,0.6906120821919073,0.22914374252386716,2,0.0,0.9703657150609888,0.819515306122449,143.27970361830896,0.2857142857142857,False,C2_FUNCTIONAL_OR_LOWER,cross_script_validation
375,2,2,0.36140638528829955,octopus,3,0.7647926909465709,0.7000768281928283,0.23520730905342913,1,0.0,0.9703657150609888,0.819515306122449,143.27970361830896,0.2857142857142857,False,C2_FUNCTIONAL_OR_LOWER,cross_script_validation
375,2,2,0.36140638528829955,fairy_tern,4,0.7617316987544794,0.7048145774490281,0.23826830124552056,1,0.0,0.9703657150609888,0.819515306122449,143.27970361830896,0.2857142857142857,False,C2_FUNCTIONAL_OR_LOWER,cross_script_validation
375,2,2,0.36140638528829955,tiger_shark,5,0.7539869055372715,0.7166858356209975,0.24601309446272845,2,0.0,0.9703657150609888,0.819515306122449,143.27970361830896,0.2857142857142857,False,C2_FUNCTIONAL_OR_LOWER,cross_script_validation
391,2,2,0.35954749349700865,moai,1,0.725106933348099,0.7596066624324106,0.27489306665190105,2,0.0,0.9703657150609888,0.819515306122449,143.27970361830896,0.2857142857142857,False,C2_FUNCTIONAL_OR_LOWER,cross_script_validation
391,2,2,0.35954749349700865,moray_eel,2,0.7028148753692566,0.7914495620885609,0.2971851246307434,1,0.0,0.9703657150609888,0.819515306122449,143.27970361830896,0.2857142857142857,False,C2_FUNCTIONAL_OR_LOWER,cross_script_validation
391,2,2,0.35954749349700865,sun,3,0.6961016242865732,0.8008431481881004,0.3038983757134268,1,0.0,0.9703657150609888,0.819515306122449,143.27970361830896,0.2857142857142857,False,C2_FUNCTIONAL_OR_LOWER,cross_script_validation
391,2,2,0.35954749349700865,fairy_tern,4,0.6841720827547578,0.8173284229674959,0.3158279172452422,1,0.0,0.9703657150609888,0.819515306122449,143.27970361830896,0.2857142857142857,False,C2_FUNCTIONAL_OR_LOWER,cross_script_validation
391,2,2,0.35954749349700865,octopus,5,0.6835103022155358,0.818235430384982,0.31648969778446423,1,0.0,0.9703657150609888,0.819515306122449,143.27970361830896,0.2857142857142857,False,C2_FUNCTIONAL_OR_LOWER,cross_script_validation
401,2,2,0.33207568665841836,moray_eel,1,0.7930957551737324,0.6549214827367383,0.20690424482626757,1,0.0,0.9703657150609888,0.819515306122449,143.27970361830896,0.2857142857142857,False,C2_FUNCTIONAL_OR_LOWER,cross_script_validation
401,2,2,0.33207568665841836,fairy_tern,2,0.7762881565487649,0.6820403289297695,0.22371184345123507,1,0.0,0.9703657150609888,0.819515306122449,143.27970361830896,0.2857142857142857,False,C2_FUNCTIONAL_OR_LOWER,cross_script_validation
401,2,2,0.33207568665841836,tiger_shark,3,0.7502266162879168,0.7223915696077404,0.24977338371208324,2,0.0,0.9703657150609888,0.819515306122449,143.27970361830896,0.2857142857142857,False,C2_FUNCTIONAL_OR_LOWER,cross_script_validation
401,2,2,0.33207568665841836,octopus,4,0.7484751043959089,0.7250366698346254,0.2515248956040911,1,0.0,0.9703657150609888,0.819515306122449,143.27970361830896,0.2857142857142857,False,C2_FUNCTIONAL_OR_LOWER,cross_script_validation
401,2,2,0.33207568665841836,red_tailed_tropicbird,5,0.7356501767454761,0.7441702789838291,0.26434982325452394,1,0.0,0.9703657150609888,0.819515306122449,143.27970361830896,0.2857142857142857,False,C2_FUNCTIONAL_OR_LOWER,cross_script_validation
410,2,2,0.34495281697052893,hand,1,0.8206495345317094,0.6082495551028726,0.1793504654682906,1,0.0,0.9703657150609888,0.819515306122449,143.27970361830896,0.2857142857142857,False,C2_FUNCTIONAL_OR_LOWER,cross_script_validation
410,2,2,0.34495281697052893,moai,2,0.8022605900730948,0.6397239383569454,0.1977394099269052,2,0.0,0.9703657150609888,0.819515306122449,143.27970361830896,0.2857142857142857,False,C2_FUNCTIONAL_OR_LOWER,cross_script_validation
410,2,2,0.34495281697052893,tiger_shark,3,0.7995377726835885,0.644271092480155,0.2004622273164115,2,0.0,0.9703657150609888,0.819515306122449,143.27970361830896,0.2857142857142857,False,C2_FUNCTIONAL_OR_LOWER,cross_script_validation
410,2,2,0.34495281697052893,fairy_tern,4,0.7954894840661889,0.6509814020912038,0.2045105159338111,1,0.0,0.9703657150609888,0.819515306122449,143.27970361830896,0.2857142857142857,False,C2_FUNCTIONAL_OR_LOWER,cross_script_validation
410,2,2,0.34495281697052893,octopus,5,0.7758458049096943,0.6827417502334188,0.22415419509030565,1,0.0,0.9703657150609888,0.819515306122449,143.27970361830896,0.2857142857142857,False,C2_FUNCTIONAL_OR_LOWER,cross_script_validation
415,2,2,0.19658061057531137,hand,1,0.7684383045847963,0.6943992033404326,0.23156169541520366,1,0.0,0.9703657150609888,0.819515306122449,143.27970361830896,0.2857142857142857,False,C2_FUNCTIONAL_OR_LOWER,cross_script_validation
415,2,2,0.19658061057531137,fairy_tern,2,0.7675302808612139,0.6958169528110412,0.2324697191387861,1,0.0,0.9703657150609888,0.819515306122449,143.27970361830896,0.2857142857142857,False,C2_FUNCTIONAL_OR_LOWER,cross_script_validation
415,2,2,0.19658061057531137,moray_eel,3,0.7614712369784136,0.7052164963150593,0.23852876302158643,1,0.0,0.9703657150609888,0.819515306122449,143.27970361830896,0.2857142857142857,False,C2_FUNCTIONAL_OR_LOWER,cross_script_validation
415,2,2,0.19658061057531137,tiger_shark,4,0.7583906281571487,0.7099558892071506,0.24160937184285125,2,0.0,0.9703657150609888,0.819515306122449,143.27970361830896,0.2857142857142857,False,C2_FUNCTIONAL_OR_LOWER,cross_script_validation
415,2,2,0.19658061057531137,octopus,5,0.739773607033399,0.7380624964883447,0.260226392966601,1,0.0,0.9703657150609888,0.819515306122449,143.27970361830896,0.2857142857142857,False,C2_FUNCTIONAL_OR_LOWER,cross_script_validation
441,2,2,0.23618363874909537,moai,1,0.7425940829007496,0.7338609819489325,0.2574059170992504,2,0.0,0.9703657150609888,0.819515306122449,143.27970361830896,0.2857142857142857,False,C2_FUNCTIONAL_OR_LOWER,cross_script_validation
441,2,2,0.23618363874909537,fairy_tern,2,0.738128654285288,0.7405039548807014,0.26187134571471204,1,0.0,0.9703657150609888,0.819515306122449,143.27970361830896,0.2857142857142857,False,C2_FUNCTIONAL_OR_LOWER,cross_script_validation
441,2,2,0.23618363874909537,moray_eel,3,0.7351808169743919,0.7448629419450947,0.26481918302560814,1,0.0,0.9703657150609888,0.819515306122449,143.27970361830896,0.2857142857142857,False,C2_FUNCTIONAL_OR_LOWER,cross_script_validation
441,2,2,0.23618363874909537,octopus,4,0.7225164100979288,0.7633610665926225,0.2774835899020712,1,0.0,0.9703657150609888,0.819515306122449,143.27970361830896,0.2857142857142857,False,C2_FUNCTIONAL_OR_LOWER,cross_script_validation
441,2,2,0.23618363874909537,sun,5,0.7153038752938987,0.7737374723996249,0.2846961247061013,1,0.0,0.9703657150609888,0.819515306122449,143.27970361830896,0.2857142857142857,False,C2_FUNCTIONAL_OR_LOWER,cross_script_validation
446,2,2,0.383969849132278,moai,1,0.7661569805732316,0.6979566053291978,0.23384301942676844,2,0.0,0.9703657150609888,0.819515306122449,143.27970361830896,0.2857142857142857,False,C2_FUNCTIONAL_OR_LOWER,cross_script_validation
446,2,2,0.383969849132278,sun,2,0.7545784094915411,0.7157849077232916,0.2454215905084589,1,0.0,0.9703657150609888,0.819515306122449,143.27970361830896,0.2857142857142857,False,C2_FUNCTIONAL_OR_LOWER,cross_script_validation
446,2,2,0.383969849132278,octopus,3,0.7531658150561126,0.717934908077975,0.24683418494388742,1,0.0,0.9703657150609888,0.819515306122449,143.27970361830896,0.2857142857142857,False,C2_FUNCTIONAL_OR_LOWER,cross_script_validation
446,2,2,0.383969849132278,fairy_tern,4,0.7518671367988523,0.7199068663237205,0.2481328632011477,1,0.0,0.9703657150609888,0.819515306122449,143.27970361830896,0.2857142857142857,False,C2_FUNCTIONAL_OR_LOWER,cross_script_validation
446,2,2,0.383969849132278,moray_eel,5,0.751031635878375,0.7211731787219808,0.24896836412162504,1,0.0,0.9703657150609888,0.819515306122449,143.27970361830896,0.2857142857142857,False,C2_FUNCTIONAL_OR_LOWER,cross_script_validation
465,2,2,0.4019297787899555,fairy_tern,1,0.7904068505817115,0.6593234570074437,0.20959314941828855,1,0.0,0.9703657150609888,0.819515306122449,143.27970361830896,0.2857142857142857,False,C2_FUNCTIONAL_OR_LOWER,cross_script_validation
465,2,2,0.4019297787899555,moray_eel,2,0.7815112087305165,0.6737119396511316,0.2184887912694835,1,0.0,0.9703657150609888,0.819515306122449,143.27970361830896,0.2857142857142857,False,C2_FUNCTIONAL_OR_LOWER,cross_script_validation
465,2,2,0.4019297787899555,tiger_shark,3,0.7695388659705618,0.6926775911766999,0.23046113402943824,2,0.0,0.9703657150609888,0.819515306122449,143.27970361830896,0.2857142857142857,False,C2_FUNCTIONAL_OR_LOWER,cross_script_validation
465,2,2,0.4019297787899555,hand,4,0.7607953106224034,0.7062586350585328,0.23920468937759665,1,0.0,0.9703657150609888,0.819515306122449,143.27970361830896,0.2857142857142857,False,C2_FUNCTIONAL_OR_LOWER,cross_script_validation
465,2,2,0.4019297787899555,octopus,5,0.7553244312076631,0.7146472989260545,0.24467556879233687,1,0.0,0.9703657150609888,0.819515306122449,143.27970361830896,0.2857142857142857,False,C2_FUNCTIONAL_OR_LOWER,cross_script_validation
469,2,2,0.27009937778158516,hand,1,0.7551632794231921,0.7148931655579093,0.24483672057680794,1,0.0,0.9703657150609888,0.819515306122449,143.27970361830896,0.2857142857142857,False,C2_FUNCTIONAL_OR_LOWER,cross_script_validation
469,2,2,0.27009937778158516,moray_eel,2,0.6748737450725593,0.8300027306010704,0.32512625492744074,1,0.0,0.9703657150609888,0.819515306122449,143.27970361830896,0.2857142857142857,False,C2_FUNCTIONAL_OR_LOWER,cross_script_validation
469,2,2,0.27009937778158516,fairy_tern,3,0.6616803257992983,0.8477387021528074,0.33831967420070175,1,0.0,0.9703657150609888,0.819515306122449,143.27970361830896,0.2857142857142857,False,C2_FUNCTIONAL_OR_LOWER,cross_script_validation
469,2,2,0.27009937778158516,moai,4,0.6563534150804743,0.8548212019191934,0.3436465849195257,2,0.0,0.9703657150609888,0.819515306122449,143.27970361830896,0.2857142857142857,False,C2_FUNCTIONAL_OR_LOWER,cross_script_validation
469,2,2,0.27009937778158516,tiger_shark,5,0.6446545691548449,0.8702249839806255,0.35534543084515513,2,0.0,0.9703657150609888,0.819515306122449,143.27970361830896,0.2857142857142857,False,C2_FUNCTIONAL_OR_LOWER,cross_script_validation
481,2,2,0.28904234196154743,moray_eel,1,0.7933959040031896,0.6544285477693735,0.2066040959968104,1,0.0,0.9703657150609888,0.819515306122449,143.27970361830896,0.2857142857142857,False,C2_FUNCTIONAL_OR_LOWER,cross_script_validation
481,2,2,0.28904234196154743,fairy_tern,2,0.7864039825770637,0.665830602993554,0.21359601742293632,1,0.0,0.9703657150609888,0.819515306122449,143.27970361830896,0.2857142857142857,False,C2_FUNCTIONAL_OR_LOWER,cross_script_validation
481,2,2,0.28904234196154743,tiger_shark,3,0.7804010813911811,0.6754893224541516,0.21959891860881886,2,0.0,0.9703657150609888,0.819515306122449,143.27970361830896,0.2857142857142857,False,C2_FUNCTIONAL_OR_LOWER,cross_script_validation
481,2,2,0.28904234196154743,octopus,4,0.7719596903058445,0.6888780531804332,0.22804030969415545,1,0.0,0.9703657150609888,0.819515306122449,143.27970361830896,0.2857142857142857,False,C2_FUNCTIONAL_OR_LOWER,cross_script_validation
481,2,2,0.28904234196154743,moai,5,0.7688352675483513,0.693778643673688,0.2311647324516487,2,0.0,0.9703657150609888,0.819515306122449,143.27970361830896,0.2857142857142857,False,C2_FUNCTIONAL_OR_LOWER,cross_script_validation
490,2,2,0.39405244680107443,hand,1,0.7185848719029486,0.7690310224370814,0.2814151280970514,1,0.0,0.9703657150609888,0.819515306122449,143.27970361830896,0.2857142857142857,False,C2_FUNCTIONAL_OR_LOWER,cross_script_validation
490,2,2,0.39405244680107443,fairy_tern,2,0.7100717810334638,0.7811961797155702,0.2899282189665362,1,0.0,0.9703657150609888,0.819515306122449,143.27970361830896,0.2857142857142857,False,C2_FUNCTIONAL_OR_LOWER,cross_script_validation
490,2,2,0.39405244680107443,octopus,3,0.6845711601274592,0.8167810918445907,0.3154288398725408,1,0.0,0.9703657150609888,0.819515306122449,143.27970361830896,0.2857142857142857,False,C2_FUNCTIONAL_OR_LOWER,cross_script_validation
490,2,2,0.39405244680107443,moray_eel,4,0.6802389918076052,0.8227076910470631,0.31976100819239484,1,0.0,0.9703657150609888,0.819515306122449,143.27970361830896,0.2857142857142857,False,C2_FUNCTIONAL_OR_LOWER,cross_script_validation
490,2,2,0.39405244680107443,green_sea_turtle,5,0.679470792257399,0.82375521702124,0.32052920774260096,1,0.0,0.9703657150609888,0.819515306122449,143.27970361830896,0.2857142857142857,False,C2_FUNCTIONAL_OR_LOWER,cross_script_validation
492,2,2,0.2668996708040318,tiger_shark,1,0.7938567317486434,0.653671112467959,0.20614326825135665,2,0.0,0.9703657150609888,0.819515306122449,143.27970361830896,0.2857142857142857,False,C2_FUNCTIONAL_OR_LOWER,cross_script_validation
492,2,2,0.2668996708040318,fairy_tern,2,0.7775881422432123,0.6799754709012021,0.22241185775678773,1,0.0,0.9703657150609888,0.819515306122449,143.27970361830896,0.2857142857142857,False,C2_FUNCTIONAL_OR_LOWER,cross_script_validation
492,2,2,0.2668996708040318,octopus,3,0.7719362805236437,0.6889148792129327,0.22806371947635629,1,0.0,0.9703657150609888,0.819515306122449,143.27970361830896,0.2857142857142857,False,C2_FUNCTIONAL_OR_LOWER,cross_script_validation
492,2,2,0.2668996708040318,hand,4,0.7679581677030127,0.6951491688261502,0.23204183229698727,1,0.0,0.9703657150609888,0.819515306122449,143.27970361830896,0.2857142857142857,False,C2_FUNCTIONAL_OR_LOWER,cross_script_validation
492,2,2,0.2668996708040318,moai,5,0.7678715485595525,0.6952843946216163,0.23212845144044747,2,0.0,0.9703657150609888,0.819515306122449,143.27970361830896,0.2857142857142857,False,C2_FUNCTIONAL_OR_LOWER,cross_script_validation
523,2,2,0.19525940442664688,sun,1,0.7283954539858088,0.7548191671380324,0.27160454601419115,1,0.0,0.9703657150609888,0.819515306122449,143.27970361830896,0.2857142857142857,False,C2_FUNCTIONAL_OR_LOWER,cross_script_validation
523,2,2,0.19525940442664688,moai,2,0.7198112932444112,0.7672658914329575,0.2801887067555888,2,0.0,0.9703657150609888,0.819515306122449,143.27970361830896,0.2857142857142857,False,C2_FUNCTIONAL_OR_LOWER,cross_script_validation
523,2,2,0.19525940442664688,octopus,3,0.7125719146482804,0.7776391184449715,0.2874280853517196,1,0.0,0.9703657150609888,0.819515306122449,143.27970361830896,0.2857142857142857,False,C2_FUNCTIONAL_OR_LOWER,cross_script_validation
523,2,2,0.19525940442664688,tiger_shark,4,0.7080122152600441,0.7841168650376537,0.2919877847399559,2,0.0,0.9703657150609888,0.819515306122449,143.27970361830896,0.2857142857142857,False,C2_FUNCTIONAL_OR_LOWER,cross_script_validation
523,2,2,0.19525940442664688,fairy_tern,5,0.7018539674469513,0.7927994420628579,0.2981460325530487,1,0.0,0.9703657150609888,0.819515306122449,143.27970361830896,0.2857142857142857,False,C2_FUNCTIONAL_OR_LOWER,cross_script_validation
524,2,2,0.3353379898006872,moray_eel,1,0.7764199821381091,0.6818311805723302,0.22358001786189086,1,0.0,0.9703657150609888,0.819515306122449,143.27970361830896,0.2857142857142857,False,C2_FUNCTIONAL_OR_LOWER,cross_script_validation
524,2,2,0.3353379898006872,fairy_tern,2,0.7754510301664935,0.6833672200273072,0.22454896983350647,1,0.0,0.9703657150609888,0.819515306122449,143.27970361830896,0.2857142857142857,False,C2_FUNCTIONAL_OR_LOWER,cross_script_validation
524,2,2,0.3353379898006872,tiger_shark,3,0.756406499808318,0.7129945959294309,0.24359350019168202,2,0.0,0.9703657150609888,0.819515306122449,143.27970361830896,0.2857142857142857,False,C2_FUNCTIONAL_OR_LOWER,cross_script_validation
524,2,2,0.3353379898006872,octopus,4,0.7484265413372675,0.7251098962662393,0.2515734586627325,1,0.0,0.9703657150609888,0.819515306122449,143.27970361830896,0.2857142857142857,False,C2_FUNCTIONAL_OR_LOWER,cross_script_validation
524,2,2,0.3353379898006872,moai,5,0.7423293517815618,0.7342561688023905,0.2576706482184382,2,0.0,0.9703657150609888,0.819515306122449,143.27970361830896,0.2857142857142857,False,C2_FUNCTIONAL_OR_LOWER,cross_script_validation
527,2,2,0.2183652992941893,hand,1,0.7349972507184311,0.745133700386421,0.26500274928156886,1,0.0,0.9703657150609888,0.819515306122449,143.27970361830896,0.2857142857142857,False,C2_FUNCTIONAL_OR_LOWER,cross_script_validation
527,2,2,0.2183652992941893,fairy_tern,2,0.6995774033405303,0.7959904123851241,0.3004225966594697,1,0.0,0.9703657150609888,0.819515306122449,143.27970361830896,0.2857142857142857,False,C2_FUNCTIONAL_OR_LOWER,cross_script_validation
527,2,2,0.2183652992941893,foot,3,0.6950454896219302,0.8023131570139576,0.30495451037806975,1,1.4901161193847656e-08,0.9703657150609888,0.819515306122449,143.27970361830896,0.2857142857142857,False,C2_FUNCTIONAL_OR_LOWER,cross_script_validation
527,2,2,0.2183652992941893,tiger_shark,4,0.6849102403409747,0.8163158251395622,0.3150897596590253,2,0.0,0.9703657150609888,0.819515306122449,143.27970361830896,0.2857142857142857,False,C2_FUNCTIONAL_OR_LOWER,cross_script_validation
527,2,2,0.2183652992941893,moray_eel,5,0.6738517208908835,0.8313868369724671,0.3261482791091165,1,0.0,0.9703657150609888,0.819515306122449,143.27970361830896,0.2857142857142857,False,C2_FUNCTIONAL_OR_LOWER,cross_script_validation
551,2,2,0.4244387491882956,fairy_tern,1,0.8029635623879661,0.6385454454970446,0.19703643761203393,1,0.0,0.9703657150609888,0.819515306122449,143.27970361830896,0.2857142857142857,False,C2_FUNCTIONAL_OR_LOWER,cross_script_validation
551,2,2,0.4244387491882956,hand,2,0.7978057393056118,0.6471493449684182,0.20219426069438817,1,0.0,0.9703657150609888,0.819515306122449,143.27970361830896,0.2857142857142857,False,C2_FUNCTIONAL_OR_LOWER,cross_script_validation
551,2,2,0.4244387491882956,sun,3,0.7951649524643392,0.6515167734969444,0.20483504753566084,1,0.0,0.9703657150609888,0.819515306122449,143.27970361830896,0.2857142857142857,False,C2_FUNCTIONAL_OR_LOWER,cross_script_validation
551,2,2,0.4244387491882956,moai,4,0.7939581758654032,0.6535042741861042,0.20604182413459682,2,0.0,0.9703657150609888,0.819515306122449,143.27970361830896,0.2857142857142857,False,C2_FUNCTIONAL_OR_LOWER,cross_script_validation
551,2,2,0.4244387491882956,octopus,5,0.7908305442394609,0.6586314961805896,0.20916945576053914,1,0.0,0.9703657150609888,0.819515306122449,143.27970361830896,0.2857142857142857,False,C2_FUNCTIONAL_OR_LOWER,cross_script_validation
566,2,2,0.2056648672929872,moray_eel,1,0.745579201779217,0.7293927796122995,0.254420798220783,1,0.0,0.9703657150609888,0.819515306122449,143.27970361830896,0.2857142857142857,False,C2_FUNCTIONAL_OR_LOWER,cross_script_validation
566,2,2,0.2056648672929872,fairy_tern,2,0.7346121714091262,0.7457014306059058,0.26538782859087384,1,0.0,0.9703657150609888,0.819515306122449,143.27970361830896,0.2857142857142857,False,C2_FUNCTIONAL_OR_LOWER,cross_script_validation
566,2,2,0.2056648672929872,tiger_shark,3,0.7238602770052941,0.7614152675190237,0.2761397229947059,2,0.0,0.9703657150609888,0.819515306122449,143.27970361830896,0.2857142857142857,False,C2_FUNCTIONAL_OR_LOWER,cross_script_validation
566,2,2,0.2056648672929872,moai,4,0.7201422247316632,0.766789043636285,0.2798577752683368,2,0.0,0.9703657150609888,0.819515306122449,143.27970361830896,0.2857142857142857,False,C2_FUNCTIONAL_OR_LOWER,cross_script_validation
566,2,2,0.2056648672929872,octopus,5,0.7128270239812403,0.7772754400000742,0.2871729760187597,1,0.0,0.9703657150609888,0.819515306122449,143.27970361830896,0.2857142857142857,False,C2_FUNCTIONAL_OR_LOWER,cross_script_validation
568,2,2,0.2604304453758579,sun,1,0.6290996963714945,0.8904018668643309,0.37090030362850546,1,0.0,0.9703657150609888,0.819515306122449,143.27970361830896,0.2857142857142857,False,C2_FUNCTIONAL_OR_LOWER,cross_script_validation
568,2,2,0.2604304453758579,octopus,2,0.6121658170420007,0.9119996187432312,0.3878341829579993,1,0.0,0.9703657150609888,0.819515306122449,143.27970361830896,0.2857142857142857,False,C2_FUNCTIONAL_OR_LOWER,cross_script_validation
568,2,2,0.2604304453758579,moai,3,0.6111630187617776,0.9132671911015638,0.3888369812382224,2,0.0,0.9703657150609888,0.819515306122449,143.27970361830896,0.2857142857142857,False,C2_FUNCTIONAL_OR_LOWER,cross_script_validation
568,2,2,0.2604304453758579,foot,4,0.6036067130554997,0.922779163313387,0.39639328694450027,1,1.4901161193847656e-08,0.9703657150609888,0.819515306122449,143.27970361830896,0.2857142857142857,False,C2_FUNCTIONAL_OR_LOWER,cross_script_validation
568,2,2,0.2604304453758579,tiger_shark,5,0.5920986450125508,0.9371357572683879,0.40790135498744917,2,0.0,0.9703657150609888,0.819515306122449,143.27970361830896,0.2857142857142857,False,C2_FUNCTIONAL_OR_LOWER,iconicity|cross_script_validation
571,2,2,0.23703400731773838,toki,1,0.6960098360963001,0.8009709890732747,0.30399016390369993,1,0.0,0.9703657150609888,0.819515306122449,143.27970361830896,0.2857142857142857,False,C2_FUNCTIONAL_OR_LOWER,cross_script_validation
571,2,2,0.23703400731773838,octopus,2,0.6002695700268907,0.9269582128719486,0.39973042997310926,1,0.0,0.9703657150609888,0.819515306122449,143.27970361830896,0.2857142857142857,False,C2_FUNCTIONAL_OR_LOWER,cross_script_validation
571,2,2,0.23703400731773838,sun,3,0.5995109490098544,0.9279063917023629,0.40048905099014565,1,0.0,0.9703657150609888,0.819515306122449,143.27970361830896,0.2857142857142857,False,C2_FUNCTIONAL_OR_LOWER,iconicity|cross_script_validation
571,2,2,0.23703400731773838,moai,4,0.5930358593465391,0.9359722686762946,0.40696414065346087,2,0.0,0.9703657150609888,0.819515306122449,143.27970361830896,0.2857142857142857,False,C2_FUNCTIONAL_OR_LOWER,iconicity|cross_script_validation
571,2,2,0.23703400731773838,moray_eel,5,0.5913159250595444,0.938106689754109,0.40868407494045556,1,0.0,0.9703657150609888,0.819515306122449,143.27970361830896,0.2857142857142857,False,C2_FUNCTIONAL_OR_LOWER,iconicity|cross_script_validation
579,2,2,0.22705847968580467,hand,1,0.7419206711379678,0.7348659019859592,0.2580793288620322,1,0.0,0.9703657150609888,0.819515306122449,143.27970361830896,0.2857142857142857,False,C2_FUNCTIONAL_OR_LOWER,cross_script_validation
579,2,2,0.22705847968580467,moai,2,0.7321634954477274,0.7493034373223745,0.2678365045522726,2,0.0,0.9703657150609888,0.819515306122449,143.27970361830896,0.2857142857142857,False,C2_FUNCTIONAL_OR_LOWER,cross_script_validation
579,2,2,0.22705847968580467,sun,3,0.7307272612644317,0.75140966300101,0.26927273873556834,1,0.0,0.9703657150609888,0.819515306122449,143.27970361830896,0.2857142857142857,False,C2_FUNCTIONAL_OR_LOWER,cross_script_validation
579,2,2,0.22705847968580467,fairy_tern,4,0.7295073087996503,0.7531949903434377,0.2704926912003497,1,0.0,0.9703657150609888,0.819515306122449,143.27970361830896,0.2857142857142857,False,C2_FUNCTIONAL_OR_LOWER,cross_script_validation
579,2,2,0.22705847968580467,tiger_shark,5,0.7258774366417537,0.7584871195247838,0.27412256335824625,2,0.0,0.9703657150609888,0.819515306122449,143.27970361830896,0.2857142857142857,False,C2_FUNCTIONAL_OR_LOWER,cross_script_validation
581,2,2,0.20368738449863064,fairy_tern,1,0.6918467252855183,0.8067527635853027,0.30815327471448173,1,0.0,0.9703657150609888,0.819515306122449,143.27970361830896,0.2857142857142857,False,C2_FUNCTIONAL_OR_LOWER,cross_script_validation
581,2,2,0.20368738449863064,moray_eel,2,0.6829054668521741,0.8190637179855671,0.3170945331478259,1,0.0,0.9703657150609888,0.819515306122449,143.27970361830896,0.2857142857142857,False,C2_FUNCTIONAL_OR_LOWER,cross_script_validation
581,2,2,0.20368738449863064,reimiro,3,0.6644644714000667,0.8440193362090399,0.3355355285999333,1,0.0,0.9703657150609888,0.819515306122449,143.27970361830896,0.2857142857142857,False,C2_FUNCTIONAL_OR_LOWER,cross_script_validation
581,2,2,0.20368738449863064,octopus,4,0.6633291737912996,0.8455374710876693,0.33667082620870037,1,0.0,0.9703657150609888,0.819515306122449,143.27970361830896,0.2857142857142857,False,C2_FUNCTIONAL_OR_LOWER,cross_script_validation
581,2,2,0.20368738449863064,sun,5,0.6553252213746023,0.8561832277012209,0.34467477862539775,1,0.0,0.9703657150609888,0.819515306122449,143.27970361830896,0.2857142857142857,False,C2_FUNCTIONAL_OR_LOWER,cross_script_validation
583,2,2,0.18067166641786148,moai,1,0.750602779891879,0.7218224588140614,0.24939722010812104,2,0.0,0.9703657150609888,0.819515306122449,143.27970361830896,0.2857142857142857,False,C2_FUNCTIONAL_OR_LOWER,cross_script_validation
583,2,2,0.18067166641786148,sun,2,0.7456242579538277,0.7293251674760691,0.2543757420461723,1,0.0,0.9703657150609888,0.819515306122449,143.27970361830896,0.2857142857142857,False,C2_FUNCTIONAL_OR_LOWER,cross_script_validation
583,2,2,0.18067166641786148,octopus,3,0.7352810803408378,0.744715020877689,0.26471891965916217,1,0.0,0.9703657150609888,0.819515306122449,143.27970361830896,0.2857142857142857,False,C2_FUNCTIONAL_OR_LOWER,cross_script_validation
583,2,2,0.18067166641786148,tiger_shark,4,0.7317667689003001,0.7498857095429564,0.2682332310996999,2,0.0,0.9703657150609888,0.819515306122449,143.27970361830896,0.2857142857142857,False,C2_FUNCTIONAL_OR_LOWER,cross_script_validation
583,2,2,0.18067166641786148,fairy_tern,5,0.7220259482649685,0.7640702262370261,0.27797405173503154,1,0.0,0.9703657150609888,0.819515306122449,143.27970361830896,0.2857142857142857,False,C2_FUNCTIONAL_OR_LOWER,cross_script_validation
591,2,2,0.23614872903436385,toki,1,0.5937589031003071,0.9350739767799586,0.4062410968996929,1,0.0,0.9703657150609888,0.819515306122449,143.27970361830896,0.2857142857142857,False,C2_FUNCTIONAL_OR_LOWER,iconicity|cross_script_validation
591,2,2,0.23614872903436385,moray_eel,2,0.5895690807839008,0.9402710920461866,0.4104309192160992,1,0.0,0.9703657150609888,0.819515306122449,143.27970361830896,0.2857142857142857,False,C2_FUNCTIONAL_OR_LOWER,iconicity|cross_script_validation
591,2,2,0.23614872903436385,reimiro,3,0.5871915192311787,0.9432114950129684,0.41280848076882126,1,0.0,0.9703657150609888,0.819515306122449,143.27970361830896,0.2857142857142857,False,C2_FUNCTIONAL_OR_LOWER,iconicity|cross_script_validation
591,2,2,0.23614872903436385,fairy_tern,4,0.5763469359021687,0.9565449123231943,0.4236530640978313,1,0.0,0.9703657150609888,0.819515306122449,143.27970361830896,0.2857142857142857,False,C2_FUNCTIONAL_OR_LOWER,iconicity|cross_script_validation
591,2,2,0.23614872903436385,octopus,5,0.574239839590808,0.9591209929337423,0.42576016040919196,1,0.0,0.9703657150609888,0.819515306122449,143.27970361830896,0.2857142857142857,False,C2_FUNCTIONAL_OR_LOWER,iconicity|cross_script_validation
593,2,2,0.33609498421639783,toki,1,0.6429757189895656,0.8724190414355397,0.3570242810104344,1,0.0,0.9703657150609888,0.819515306122449,143.27970361830896,0.2857142857142857,False,C2_FUNCTIONAL_OR_LOWER,cross_script_validation
593,2,2,0.33609498421639783,moray_eel,2,0.6120189614741158,0.9121853270390596,0.38798103852588417,1,0.0,0.9703657150609888,0.819515306122449,143.27970361830896,0.2857142857142857,False,C2_FUNCTIONAL_OR_LOWER,cross_script_validation
593,2,2,0.33609498421639783,octopus,3,0.6019259745283104,0.9248855701092688,0.3980740254716896,1,0.0,0.9703657150609888,0.819515306122449,143.27970361830896,0.2857142857142857,False,C2_FUNCTIONAL_OR_LOWER,cross_script_validation
593,2,2,0.33609498421639783,reimiro,4,0.601412119579353,0.9255288976514294,0.39858788042064697,1,0.0,0.9703657150609888,0.819515306122449,143.27970361830896,0.2857142857142857,False,C2_FUNCTIONAL_OR_LOWER,cross_script_validation
593,2,2,0.33609498421639783,sun,5,0.5938404903886955,0.9349725773512414,0.40615950961130454,1,0.0,0.9703657150609888,0.819515306122449,143.27970361830896,0.2857142857142857,False,C2_FUNCTIONAL_OR_LOWER,iconicity|cross_script_validation
594,2,2,0.3288754021313022,moray_eel,1,0.7807597053880637,0.6749155748687795,0.21924029461193628,1,0.0,0.9703657150609888,0.819515306122449,143.27970361830896,0.2857142857142857,False,C2_FUNCTIONAL_OR_LOWER,cross_script_validation
594,2,2,0.3288754021313022,fairy_tern,2,0.769502432122574,0.6927346419077327,0.23049756787742604,1,0.0,0.9703657150609888,0.819515306122449,143.27970361830896,0.2857142857142857,False,C2_FUNCTIONAL_OR_LOWER,cross_script_validation
594,2,2,0.3288754021313022,moai,3,0.7689037733388422,0.6936715038879218,0.2310962266611578,2,0.0,0.9703657150609888,0.819515306122449,143.27970361830896,0.2857142857142857,False,C2_FUNCTIONAL_OR_LOWER,cross_script_validation
594,2,2,0.3288754021313022,tiger_shark,4,0.762653174129069,0.7033911202122415,0.23734682587093103,2,0.0,0.9703657150609888,0.819515306122449,143.27970361830896,0.2857142857142857,False,C2_FUNCTIONAL_OR_LOWER,cross_script_validation
594,2,2,0.3288754021313022,hand,5,0.759438123305859,0.7083473033300505,0.24056187669414097,1,0.0,0.9703657150609888,0.819515306122449,143.27970361830896,0.2857142857142857,False,C2_FUNCTIONAL_OR_LOWER,cross_script_validation
622,2,2,0.25133696868304434,tiger_shark,1,0.7958891985653995,0.6503214858203799,0.20411080143460048,2,0.0,0.9703657150609888,0.819515306122449,143.27970361830896,0.2857142857142857,False,C2_FUNCTIONAL_OR_LOWER,cross_script_validation
622,2,2,0.25133696868304434,fairy_tern,2,0.7816551129048583,0.6734812504373077,0.21834488709514166,1,0.0,0.9703657150609888,0.819515306122449,143.27970361830896,0.2857142857142857,False,C2_FUNCTIONAL_OR_LOWER,cross_script_validation
622,2,2,0.25133696868304434,octopus,3,0.7801820128085047,0.6758395990845184,0.21981798719149526,1,0.0,0.9703657150609888,0.819515306122449,143.27970361830896,0.2857142857142857,False,C2_FUNCTIONAL_OR_LOWER,cross_script_validation
622,2,2,0.25133696868304434,moai,4,0.7745429533373709,0.6848041308872838,0.2254570466626291,2,0.0,0.9703657150609888,0.819515306122449,143.27970361830896,0.2857142857142857,False,C2_FUNCTIONAL_OR_LOWER,cross_script_validation
622,2,2,0.25133696868304434,sun,5,0.7698356501882089,0.6922127189735442,0.23016434981179112,1,0.0,0.9703657150609888,0.819515306122449,143.27970361830896,0.2857142857142857,False,C2_FUNCTIONAL_OR_LOWER,cross_script_validation
626,2,2,0.21290174199866546,hand,1,0.7380631395656595,0.7406010574830749,0.2619368604343405,1,0.0,0.9703657150609888,0.819515306122449,143.27970361830896,0.2857142857142857,False,C2_FUNCTIONAL_OR_LOWER,cross_script_validation
626,2,2,0.21290174199866546,fairy_tern,2,0.7330762503974035,0.7479624084324913,0.26692374960259646,1,0.0,0.9703657150609888,0.819515306122449,143.27970361830896,0.2857142857142857,False,C2_FUNCTIONAL_OR_LOWER,cross_script_validation
626,2,2,0.21290174199866546,moray_eel,3,0.7325088126498844,0.7487963213462411,0.26749118735011557,1,0.0,0.9703657150609888,0.819515306122449,143.27970361830896,0.2857142857142857,False,C2_FUNCTIONAL_OR_LOWER,cross_script_validation
626,2,2,0.21290174199866546,tiger_shark,4,0.73135323219136,0.7504922666695355,0.26864676780864005,2,0.0,0.9703657150609888,0.819515306122449,143.27970361830896,0.2857142857142857,False,C2_FUNCTIONAL_OR_LOWER,cross_script_validation
626,2,2,0.21290174199866546,octopus,5,0.717419250485634,0.7707056680810848,0.28258074951436596,1,0.0,0.9703657150609888,0.819515306122449,143.27970361830896,0.2857142857142857,False,C2_FUNCTIONAL_OR_LOWER,cross_script_validation
650,2,2,0.2111346207982579,toki,1,0.6899510070935437,0.8093749594464346,0.31004899290645627,1,0.0,0.9703657150609888,0.819515306122449,143.27970361830896,0.2857142857142857,False,C2_FUNCTIONAL_OR_LOWER,cross_script_validation
650,2,2,0.2111346207982579,moai,2,0.6758513841060771,0.8286770926100884,0.32414861589392285,2,0.0,0.9703657150609888,0.819515306122449,143.27970361830896,0.2857142857142857,False,C2_FUNCTIONAL_OR_LOWER,cross_script_validation
650,2,2,0.2111346207982579,moray_eel,3,0.6445235145242088,0.870396402709104,0.35547648547579125,1,0.0,0.9703657150609888,0.819515306122449,143.27970361830896,0.2857142857142857,False,C2_FUNCTIONAL_OR_LOWER,cross_script_validation
650,2,2,0.2111346207982579,octopus,4,0.6191999782673515,0.9030728664947497,0.3808000217326485,1,0.0,0.9703657150609888,0.819515306122449,143.27970361830896,0.2857142857142857,False,C2_FUNCTIONAL_OR_LOWER,cross_script_validation
650,2,2,0.2111346207982579,sun,5,0.6177802892784016,0.9048795640954037,0.38221971072159844,1,0.0,0.9703657150609888,0.819515306122449,143.27970361830896,0.2857142857142857,False,C2_FUNCTIONAL_OR_LOWER,cross_script_validation
655,2,2,0.3822626968408197,fairy_tern,1,0.7757775556882851,0.6828499167284735,0.2242224443117149,1,0.0,0.9703657150609888,0.819515306122449,143.27970361830896,0.2857142857142857,False,C2_FUNCTIONAL_OR_LOWER,cross_script_validation
655,2,2,0.3822626968408197,moray_eel,2,0.7635317603046462,0.7020316879926574,0.2364682396953538,1,0.0,0.9703657150609888,0.819515306122449,143.27970361830896,0.2857142857142857,False,C2_FUNCTIONAL_OR_LOWER,cross_script_validation
655,2,2,0.3822626968408197,sun,3,0.7602527003192434,0.7070943075997341,0.2397472996807566,1,0.0,0.9703657150609888,0.819515306122449,143.27970361830896,0.2857142857142857,False,C2_FUNCTIONAL_OR_LOWER,cross_script_validation
655,2,2,0.3822626968408197,octopus,4,0.7600832999394369,0.7073550332509819,0.2399167000605631,1,0.0,0.9703657150609888,0.819515306122449,143.27970361830896,0.2857142857142857,False,C2_FUNCTIONAL_OR_LOWER,cross_script_validation
655,2,2,0.3822626968408197,moai,5,0.7560185792873513,0.7135874510396172,0.24398142071264872,2,0.0,0.9703657150609888,0.819515306122449,143.27970361830896,0.2857142857142857,False,C2_FUNCTIONAL_OR_LOWER,cross_script_validation
663,2,2,0.24779596669428539,moai,1,0.7465233994021604,0.7279748274477995,0.2534766005978396,2,0.0,0.9703657150609888,0.819515306122449,143.27970361830896,0.2857142857142857,False,C2_FUNCTIONAL_OR_LOWER,cross_script_validation
663,2,2,0.24779596669428539,tiger_shark,2,0.7356099605057507,0.7442296489565621,0.26439003949424933,2,0.0,0.9703657150609888,0.819515306122449,143.27970361830896,0.2857142857142857,False,C2_FUNCTIONAL_OR_LOWER,cross_script_validation
663,2,2,0.24779596669428539,moray_eel,3,0.7333911404702278,0.7474993189274832,0.2666088595297722,1,0.0,0.9703657150609888,0.819515306122449,143.27970361830896,0.2857142857142857,False,C2_FUNCTIONAL_OR_LOWER,cross_script_validation
663,2,2,0.24779596669428539,fairy_tern,4,0.7287855251147125,0.7542496782656412,0.2712144748852875,1,0.0,0.9703657150609888,0.819515306122449,143.27970361830896,0.2857142857142857,False,C2_FUNCTIONAL_OR_LOWER,cross_script_validation
663,2,2,0.24779596669428539,octopus,5,0.7209962338671279,0.7655573875914211,0.27900376613287214,1,0.0,0.9703657150609888,0.819515306122449,143.27970361830896,0.2857142857142857,False,C2_FUNCTIONAL_OR_LOWER,cross_script_validation
667,2,2,0.3738509727064375,moai,1,0.8057968540934424,0.6337764870158622,0.19420314590655763,2,0.0,0.9703657150609888,0.819515306122449,143.27970361830896,0.2857142857142857,False,C2_FUNCTIONAL_OR_LOWER,cross_script_validation
667,2,2,0.3738509727064375,tiger_shark,2,0.7994442445081178,0.6444267968131255,0.2005557554918822,2,0.0,0.9703657150609888,0.819515306122449,143.27970361830896,0.2857142857142857,False,C2_FUNCTIONAL_OR_LOWER,cross_script_validation
667,2,2,0.3738509727064375,fairy_tern,3,0.7965667582446901,0.649201545993831,0.20343324175530986,1,0.0,0.9703657150609888,0.819515306122449,143.27970361830896,0.2857142857142857,False,C2_FUNCTIONAL_OR_LOWER,cross_script_validation
667,2,2,0.3738509727064375,octopus,4,0.7925632749727181,0.6557951983773778,0.20743672502728194,1,0.0,0.9703657150609888,0.819515306122449,143.27970361830896,0.2857142857142857,False,C2_FUNCTIONAL_OR_LOWER,cross_script_validation
667,2,2,0.3738509727064375,hand,5,0.7899278029882196,0.6601050764595361,0.21007219701178037,1,0.0,0.9703657150609888,0.819515306122449,143.27970361830896,0.2857142857142857,False,C2_FUNCTIONAL_OR_LOWER,cross_script_validation
672,2,2,0.2840459159645958,moai,1,0.7625674213747541,0.7035236882995702,0.23743257862524592,2,0.0,0.9703657150609888,0.819515306122449,143.27970361830896,0.2857142857142857,False,C2_FUNCTIONAL_OR_LOWER,cross_script_validation
672,2,2,0.2840459159645958,fairy_tern,2,0.7524753527348281,0.7189838832249725,0.24752464726517187,1,0.0,0.9703657150609888,0.819515306122449,143.27970361830896,0.2857142857142857,False,C2_FUNCTIONAL_OR_LOWER,cross_script_validation
672,2,2,0.2840459159645958,tiger_shark,3,0.7480171942679186,0.7257268952386942,0.2519828057320814,2,0.0,0.9703657150609888,0.819515306122449,143.27970361830896,0.2857142857142857,False,C2_FUNCTIONAL_OR_LOWER,cross_script_validation
672,2,2,0.2840459159645958,hand,4,0.7343225865271146,0.7461281416575272,0.2656774134728854,1,0.0,0.9703657150609888,0.819515306122449,143.27970361830896,0.2857142857142857,False,C2_FUNCTIONAL_OR_LOWER,cross_script_validation
672,2,2,0.2840459159645958,octopus,5,0.7338629300513064,0.7468050535988988,0.26613706994869357,1,0.0,0.9703657150609888,0.819515306122449,143.27970361830896,0.2857142857142857,False,C2_FUNCTIONAL_OR_LOWER,cross_script_validation
675,2,2,0.3050662286068897,hand,1,0.7763363621040349,0.681963854483282,0.2236636378959651,1,0.0,0.9703657150609888,0.819515306122449,143.27970361830896,0.2857142857142857,False,C2_FUNCTIONAL_OR_LOWER,cross_script_validation
675,2,2,0.3050662286068897,tiger_shark,2,0.7727283464611497,0.6876679602924199,0.22727165353885026,2,0.0,0.9703657150609888,0.819515306122449,143.27970361830896,0.2857142857142857,False,C2_FUNCTIONAL_OR_LOWER,cross_script_validation
675,2,2,0.3050662286068897,fairy_tern,3,0.7642525222888843,0.7009148228013643,0.2357474777111157,1,0.0,0.9703657150609888,0.819515306122449,143.27970361830896,0.2857142857142857,False,C2_FUNCTIONAL_OR_LOWER,cross_script_validation
675,2,2,0.3050662286068897,moai,4,0.7580963177639476,0.7104073052678535,0.2419036822360524,2,0.0,0.9703657150609888,0.819515306122449,143.27970361830896,0.2857142857142857,False,C2_FUNCTIONAL_OR_LOWER,cross_script_validation
675,2,2,0.3050662286068897,octopus,5,0.7525701170538612,0.7188399883375639,0.24742988294613877,1,0.0,0.9703657150609888,0.819515306122449,143.27970361830896,0.2857142857142857,False,C2_FUNCTIONAL_OR_LOWER,cross_script_validation
681,2,2,0.14343156028909718,moray_eel,1,0.7033615824302066,0.7906807460342135,0.29663841756979337,1,0.0,0.9703657150609888,0.819515306122449,143.27970361830896,0.2857142857142857,False,C2_FUNCTIONAL_OR_LOWER,cross_script_validation
681,2,2,0.14343156028909718,fairy_tern,2,0.6884085289682259,0.8115037196503148,0.3115914710317741,1,0.0,0.9703657150609888,0.819515306122449,143.27970361830896,0.2857142857142857,False,C2_FUNCTIONAL_OR_LOWER,cross_script_validation
681,2,2,0.14343156028909718,tiger_shark,3,0.6872379574608032,0.8131163482542823,0.3127620425391968,2,0.0,0.9703657150609888,0.819515306122449,143.27970361830896,0.2857142857142857,False,C2_FUNCTIONAL_OR_LOWER,cross_script_validation
681,2,2,0.14343156028909718,hand,4,0.6736400504689681,0.8316732794496134,0.32635994953103187,1,0.0,0.9703657150609888,0.819515306122449,143.27970361830896,0.2857142857142857,False,C2_FUNCTIONAL_OR_LOWER,cross_script_validation
681,2,2,0.14343156028909718,octopus,5,0.66326813967865,0.8456190288107013,0.33673186032135005,1,0.0,0.9703657150609888,0.819515306122449,143.27970361830896,0.2857142857142857,False,C2_FUNCTIONAL_OR_LOWER,cross_script_validation
710,2,2,0.2432809207815726,moai,1,0.53093524928168,1.0110924894781537,0.46906475071832,2,0.0,0.9703657150609888,0.819515306122449,143.27970361830896,0.2857142857142857,False,C2_FUNCTIONAL_OR_LOWER,iconicity|cross_script_validation
710,2,2,0.2432809207815726,sun,2,0.5308191856721551,1.0112294459726183,0.46918081432784486,1,0.0,0.9703657150609888,0.819515306122449,143.27970361830896,0.2857142857142857,False,C2_FUNCTIONAL_OR_LOWER,iconicity|cross_script_validation
710,2,2,0.2432809207815726,toki,3,0.5283440934460218,1.0141472979571982,0.47165590655397815,1,0.0,0.9703657150609888,0.819515306122449,143.27970361830896,0.2857142857142857,False,C2_FUNCTIONAL_OR_LOWER,iconicity|cross_script_validation
710,2,2,0.2432809207815726,octopus,4,0.5242985266340838,1.0189051984074,0.47570147336591617,1,0.0,0.9703657150609888,0.819515306122449,143.27970361830896,0.2857142857142857,False,C2_FUNCTIONAL_OR_LOWER,iconicity|cross_script_validation
710,2,2,0.2432809207815726,moray_eel,5,0.5211821930170492,1.0225607605836093,0.47881780698295084,1,0.0,0.9703657150609888,0.819515306122449,143.27970361830896,0.2857142857142857,False,C2_FUNCTIONAL_OR_LOWER,iconicity|cross_script_validation
719,2,2,0.1286865360344537,moray_eel,1,0.660044437146839,0.8499184146718268,0.339955562853161,1,0.0,0.9703657150609888,0.819515306122449,143.27970361830896,0.2857142857142857,False,C2_FUNCTIONAL_OR_LOWER,cross_script_validation
719,2,2,0.1286865360344537,moai,2,0.6457005261304187,0.8688559885658683,0.35429947386958127,2,0.0,0.9703657150609888,0.819515306122449,143.27970361830896,0.2857142857142857,False,C2_FUNCTIONAL_OR_LOWER,cross_script_validation
719,2,2,0.1286865360344537,fairy_tern,3,0.6358153520396077,0.8817318930061464,0.3641846479603923,1,0.0,0.9703657150609888,0.819515306122449,143.27970361830896,0.2857142857142857,False,C2_FUNCTIONAL_OR_LOWER,cross_script_validation
719,2,2,0.1286865360344537,octopus,4,0.62864938877428,0.8909810355882604,0.37135061122572,1,0.0,0.9703657150609888,0.819515306122449,143.27970361830896,0.2857142857142857,False,C2_FUNCTIONAL_OR_LOWER,cross_script_validation
719,2,2,0.1286865360344537,sun,5,0.625875227414322,0.8945431015420139,0.374124772585678,1,0.0,0.9703657150609888,0.819515306122449,143.27970361830896,0.2857142857142857,False,C2_FUNCTIONAL_OR_LOWER,cross_script_validation
721,2,2,0.26093617739892777,moray_eel,1,0.7407612015813446,0.7365935443559235,0.2592387984186554,1,0.0,0.9703657150609888,0.819515306122449,143.27970361830896,0.2857142857142857,False,C2_FUNCTIONAL_OR_LOWER,cross_script_validation
721,2,2,0.26093617739892777,fairy_tern,2,0.7335689171138552,0.7472377715269483,0.2664310828861448,1,0.0,0.9703657150609888,0.819515306122449,143.27970361830896,0.2857142857142857,False,C2_FUNCTIONAL_OR_LOWER,cross_script_validation
721,2,2,0.26093617739892777,hand,3,0.7318186080284215,0.7498096463710906,0.26818139197157853,1,0.0,0.9703657150609888,0.819515306122449,143.27970361830896,0.2857142857142857,False,C2_FUNCTIONAL_OR_LOWER,cross_script_validation
721,2,2,0.26093617739892777,tiger_shark,4,0.7151264485349349,0.7739913365575132,0.2848735514650651,2,0.0,0.9703657150609888,0.819515306122449,143.27970361830896,0.2857142857142857,False,C2_FUNCTIONAL_OR_LOWER,cross_script_validation
721,2,2,0.26093617739892777,moai,5,0.7131597603230581,0.7768008960264178,0.28684023967694194,2,0.0,0.9703657150609888,0.819515306122449,143.27970361830896,0.2857142857142857,False,C2_FUNCTIONAL_OR_LOWER,cross_script_validation
722,2,2,0.23410092308995636,toki,1,0.6555661721524139,0.8558641899835397,0.34443382784758614,1,0.0,0.9703657150609888,0.819515306122449,143.27970361830896,0.2857142857142857,False,C2_FUNCTIONAL_OR_LOWER,cross_script_validation
722,2,2,0.23410092308995636,moray_eel,2,0.563269138370193,0.9724593531193605,0.436730861629807,1,0.0,0.9703657150609888,0.819515306122449,143.27970361830896,0.2857142857142857,False,C2_FUNCTIONAL_OR_LOWER,iconicity|cross_script_validation
722,2,2,0.23410092308995636,sun,3,0.5627972639115577,0.9730303295261111,0.4372027360884423,1,0.0,0.9703657150609888,0.819515306122449,143.27970361830896,0.2857142857142857,False,C2_FUNCTIONAL_OR_LOWER,iconicity|cross_script_validation
722,2,2,0.23410092308995636,octopus,4,0.5627219428406056,0.973121448801783,0.4372780571593944,1,0.0,0.9703657150609888,0.819515306122449,143.27970361830896,0.2857142857142857,False,C2_FUNCTIONAL_OR_LOWER,iconicity|cross_script_validation
722,2,2,0.23410092308995636,moai,5,0.5557347196638193,0.9815498647641718,0.44426528033618073,2,0.0,0.9703657150609888,0.819515306122449,143.27970361830896,0.2857142857142857,False,C2_FUNCTIONAL_OR_LOWER,iconicity|cross_script_validation
735,2,2,0.5599099440408029,moray_eel,1,0.7921461168407226,0.6564789962248311,0.20785388315927744,1,0.0,0.9703657150609888,0.819515306122449,143.27970361830896,0.2857142857142857,False,C2_FUNCTIONAL_OR_LOWER,cross_script_validation
735,2,2,0.5599099440408029,tiger_shark,2,0.7887564108529848,0.662013027109578,0.21124358914701524,2,0.0,0.9703657150609888,0.819515306122449,143.27970361830896,0.2857142857142857,False,C2_FUNCTIONAL_OR_LOWER,cross_script_validation
735,2,2,0.5599099440408029,fairy_tern,3,0.7880076506177636,0.6632301558311227,0.21199234938223643,1,0.0,0.9703657150609888,0.819515306122449,143.27970361830896,0.2857142857142857,False,C2_FUNCTIONAL_OR_LOWER,cross_script_validation
735,2,2,0.5599099440408029,moai,4,0.7807544147493711,0.6749240421299917,0.21924558525062887,2,0.0,0.9703657150609888,0.819515306122449,143.27970361830896,0.2857142857142857,False,C2_FUNCTIONAL_OR_LOWER,cross_script_validation
735,2,2,0.5599099440408029,octopus,5,0.7796559093156034,0.6766801805872374,0.22034409068439664,1,0.0,0.9703657150609888,0.819515306122449,143.27970361830896,0.2857142857142857,False,C2_FUNCTIONAL_OR_LOWER,cross_script_validation
748,2,2,0.2105703024826857,moray_eel,1,0.7662151966476215,0.6978660133987549,0.2337848033523785,1,0.0,0.9703657150609888,0.819515306122449,143.27970361830896,0.2857142857142857,False,C2_FUNCTIONAL_OR_LOWER,cross_script_validation
748,2,2,0.2105703024826857,fairy_tern,2,0.7383372429400644,0.7401947265957146,0.2616627570599356,1,0.0,0.9703657150609888,0.819515306122449,143.27970361830896,0.2857142857142857,False,C2_FUNCTIONAL_OR_LOWER,cross_script_validation
748,2,2,0.2105703024826857,tiger_shark,3,0.7310105356039274,0.7509946198822834,0.26898946439607263,2,0.0,0.9703657150609888,0.819515306122449,143.27970361830896,0.2857142857142857,False,C2_FUNCTIONAL_OR_LOWER,cross_script_validation
748,2,2,0.2105703024826857,octopus,4,0.7253445541887711,0.7592615397113904,0.2746554458112289,1,0.0,0.9703657150609888,0.819515306122449,143.27970361830896,0.2857142857142857,False,C2_FUNCTIONAL_OR_LOWER,cross_script_validation
748,2,2,0.2105703024826857,moai,5,0.7125117240552012,0.7777249052895998,0.28748827594479875,2,0.0,0.9703657150609888,0.819515306122449,143.27970361830896,0.2857142857142857,False,C2_FUNCTIONAL_OR_LOWER,cross_script_validation
771,2,2,0.30292394318060073,moray_eel,1,0.7626791774755592,0.7033509166635536,0.23732082252444076,1,0.0,0.9703657150609888,0.819515306122449,143.27970361830896,0.2857142857142857,False,C2_FUNCTIONAL_OR_LOWER,cross_script_validation
771,2,2,0.30292394318060073,fairy_tern,2,0.748464905693263,0.725052048581382,0.25153509430673704,1,0.0,0.9703657150609888,0.819515306122449,143.27970361830896,0.2857142857142857,False,C2_FUNCTIONAL_OR_LOWER,cross_script_validation
771,2,2,0.30292394318060073,tiger_shark,3,0.7331913806025485,0.7477931203212065,0.2668086193974515,2,0.0,0.9703657150609888,0.819515306122449,143.27970361830896,0.2857142857142857,False,C2_FUNCTIONAL_OR_LOWER,cross_script_validation
771,2,2,0.30292394318060073,moai,4,0.7292486638566553,0.7535730649240651,0.2707513361433447,2,0.0,0.9703657150609888,0.819515306122449,143.27970361830896,0.2857142857142857,False,C2_FUNCTIONAL_OR_LOWER,cross_script_validation
771,2,2,0.30292394318060073,octopus,5,0.7281025078741626,0.7552466306081025,0.27189749212583736,1,0.0,0.9703657150609888,0.819515306122449,143.27970361830896,0.2857142857142857,False,C2_FUNCTIONAL_OR_LOWER,cross_script_validation
772,2,2,0.34029840385072707,moray_eel,1,0.7692997300854003,0.6930519757174123,0.2307002699145997,1,0.0,0.9703657150609888,0.819515306122449,143.27970361830896,0.2857142857142857,False,C2_FUNCTIONAL_OR_LOWER,cross_script_validation
772,2,2,0.34029840385072707,fairy_tern,2,0.7485386644723707,0.7249408208121717,0.2514613355276293,1,0.0,0.9703657150609888,0.819515306122449,143.27970361830896,0.2857142857142857,False,C2_FUNCTIONAL_OR_LOWER,cross_script_validation
772,2,2,0.34029840385072707,tiger_shark,3,0.7401797211059332,0.737458728344957,0.2598202788940668,2,0.0,0.9703657150609888,0.819515306122449,143.27970361830896,0.2857142857142857,False,C2_FUNCTIONAL_OR_LOWER,cross_script_validation
772,2,2,0.34029840385072707,moai,4,0.739885581341535,0.737896064774291,0.26011441865846496,2,0.0,0.9703657150609888,0.819515306122449,143.27970361830896,0.2857142857142857,False,C2_FUNCTIONAL_OR_LOWER,cross_script_validation
772,2,2,0.34029840385072707,octopus,5,0.724021846739323,0.7611810615816387,0.275978153260677,1,0.0,0.9703657150609888,0.819515306122449,143.27970361830896,0.2857142857142857,False,C2_FUNCTIONAL_OR_LOWER,cross_script_validation
777,2,2,0.2471626420047207,moai,1,0.7345631288657679,0.7457737099656009,0.2654368711342321,2,0.0,0.9703657150609888,0.819515306122449,143.27970361830896,0.2857142857142857,False,C2_FUNCTIONAL_OR_LOWER,cross_script_validation
777,2,2,0.2471626420047207,moray_eel,2,0.7317231351571154,0.7499497281993037,0.2682768648428846,1,0.0,0.9703657150609888,0.819515306122449,143.27970361830896,0.2857142857142857,False,C2_FUNCTIONAL_OR_LOWER,cross_script_validation
777,2,2,0.2471626420047207,fairy_tern,3,0.7093699756031285,0.7821923791463012,0.29063002439687147,1,0.0,0.9703657150609888,0.819515306122449,143.27970361830896,0.2857142857142857,False,C2_FUNCTIONAL_OR_LOWER,cross_script_validation
777,2,2,0.2471626420047207,octopus,4,0.6940319617254892,0.8037219008029688,0.3059680382745108,1,0.0,0.9703657150609888,0.819515306122449,143.27970361830896,0.2857142857142857,False,C2_FUNCTIONAL_OR_LOWER,cross_script_validation
777,2,2,0.2471626420047207,tiger_shark,5,0.6912582357334671,0.8075674780419793,0.3087417642665329,2,0.0,0.9703657150609888,0.819515306122449,143.27970361830896,0.2857142857142857,False,C2_FUNCTIONAL_OR_LOWER,cross_script_validation
023,1,1,0.0,moray_eel,1,0.5353827508946192,1.0058354756849686,0.4646172491053808,1,0.0,0.9703657150609888,0.819515306122449,143.27970361830896,0.2857142857142857,False,C2_FUNCTIONAL_OR_LOWER,iconicity|cross_script_validation
023,1,1,0.0,fairy_tern,2,0.5141345080720224,1.03079805649678,0.48586549192797757,1,0.0,0.9703657150609888,0.819515306122449,143.27970361830896,0.2857142857142857,False,C2_FUNCTIONAL_OR_LOWER,iconicity|cross_script_validation
023,1,1,0.0,octopus,3,0.512563910409418,1.0326282068866048,0.48743608959058204,1,0.0,0.9703657150609888,0.819515306122449,143.27970361830896,0.2857142857142857,False,C2_FUNCTIONAL_OR_LOWER,iconicity|cross_script_validation
023,1,1,0.0,moai,4,0.5063440127433841,1.0398564933708467,0.49365598725661586,2,0.0,0.9703657150609888,0.819515306122449,143.27970361830896,0.2857142857142857,False,C2_FUNCTIONAL_OR_LOWER,iconicity|cross_script_validation
023,1,1,0.0,sun,5,0.5046099208212008,1.0418662429373797,0.4953900791787992,1,0.0,0.9703657150609888,0.819515306122449,143.27970361830896,0.2857142857142857,False,C2_FUNCTIONAL_OR_LOWER,iconicity|cross_script_validation
036,1,1,0.0,toki,1,0.5998692867613908,0.9274585995405279,0.40013071323860916,1,0.0,0.9703657150609888,0.819515306122449,143.27970361830896,0.2857142857142857,False,C2_FUNCTIONAL_OR_LOWER,iconicity|cross_script_validation
036,1,1,0.0,reimiro,2,0.590004840339659,0.9397314910567468,0.40999515966034095,1,0.0,0.9703657150609888,0.819515306122449,143.27970361830896,0.2857142857142857,False,C2_FUNCTIONAL_OR_LOWER,iconicity|cross_script_validation
036,1,1,0.0,sun,3,0.5865129598489499,0.9440495392548732,0.4134870401510501,1,0.0,0.9703657150609888,0.819515306122449,143.27970361830896,0.2857142857142857,False,C2_FUNCTIONAL_OR_LOWER,iconicity|cross_script_validation
036,1,1,0.0,octopus,4,0.567229185978015,0.9676588201394551,0.43277081402198503,1,0.0,0.9703657150609888,0.819515306122449,143.27970361830896,0.2857142857142857,False,C2_FUNCTIONAL_OR_LOWER,iconicity|cross_script_validation
036,1,1,0.0,fairy_tern,5,0.564939768191,0.9704360715996173,0.435060231809,1,0.0,0.9703657150609888,0.819515306122449,143.27970361830896,0.2857142857142857,False,C2_FUNCTIONAL_OR_LOWER,iconicity|cross_script_validation
082,1,1,0.0,fairy_tern,1,0.6917160682402638,0.8069337022113979,0.30828393175973623,1,0.0,0.9703657150609888,0.819515306122449,143.27970361830896,0.2857142857142857,False,C2_FUNCTIONAL_OR_LOWER,cross_script_validation
082,1,1,0.0,moai,2,0.6767981444030108,0.827391787229032,0.3232018555969892,2,0.0,0.9703657150609888,0.819515306122449,143.27970361830896,0.2857142857142857,False,C2_FUNCTIONAL_OR_LOWER,cross_script_validation
082,1,1,0.0,octopus,3,0.674572137382702,0.8304113737468733,0.32542786261729795,1,0.0,0.9703657150609888,0.819515306122449,143.27970361830896,0.2857142857142857,False,C2_FUNCTIONAL_OR_LOWER,cross_script_validation
082,1,1,0.0,hand,4,0.672358747922579,0.8334056057965762,0.327641252077421,1,0.0,0.9703657150609888,0.819515306122449,143.27970361830896,0.2857142857142857,False,C2_FUNCTIONAL_OR_LOWER,cross_script_validation
082,1,1,0.0,tiger_shark,5,0.6646716298241236,0.8437421002162844,0.33532837017587636,2,0.0,0.9703657150609888,0.819515306122449,143.27970361830896,0.2857142857142857,False,C2_FUNCTIONAL_OR_LOWER,cross_script_validation
100,1,1,0.0,moray_eel,1,0.6431137226516483,0.8722388396806425,0.35688627734835165,1,0.0,0.9703657150609888,0.819515306122449,143.27970361830896,0.2857142857142857,False,C2_FUNCTIONAL_OR_LOWER,cross_script_validation
100,1,1,0.0,toki,2,0.6272545900232601,0.8927732560516632,0.3727454099767399,1,0.0,0.9703657150609888,0.819515306122449,143.27970361830896,0.2857142857142857,False,C2_FUNCTIONAL_OR_LOWER,cross_script_validation
100,1,1,0.0,fairy_tern,3,0.6232773010609507,0.8978696703009278,0.3767226989390493,1,0.0,0.9703657150609888,0.819515306122449,143.27970361830896,0.2857142857142857,False,C2_FUNCTIONAL_OR_LOWER,cross_script_validation
100,1,1,0.0,octopus,4,0.6036095170781585,0.922775646332415,0.39639048292184154,1,0.0,0.9703657150609888,0.819515306122449,143.27970361830896,0.2857142857142857,False,C2_FUNCTIONAL_OR_LOWER,cross_script_validation
100,1,1,0.0,moai,5,0.6026546902928501,0.9239727093776301,0.3973453097071499,2,0.0,0.9703657150609888,0.819515306122449,143.27970361830896,0.2857142857142857,False,C2_FUNCTIONAL_OR_LOWER,cross_script_validation
101,1,1,0.0,moray_eel,1,0.6681852702238327,0.8390293888706154,0.3318147297761673,1,0.0,0.9703657150609888,0.819515306122449,143.27970361830896,0.2857142857142857,False,C2_FUNCTIONAL_OR_LOWER,cross_script_validation
101,1,1,0.0,fairy_tern,2,0.6521242218096841,0.8604132661110445,0.3478757781903159,1,0.0,0.9703657150609888,0.819515306122449,143.27970361830896,0.2857142857142857,False,C2_FUNCTIONAL_OR_LOWER,cross_script_validation
101,1,1,0.0,moai,3,0.6490046443540667,0.8645209494436779,0.3509953556459333,2,0.0,0.9703657150609888,0.819515306122449,143.27970361830896,0.2857142857142857,False,C2_FUNCTIONAL_OR_LOWER,cross_script_validation
101,1,1,0.0,reimiro,4,0.6489381128412921,0.8646083973821705,0.3510618871587079,1,0.0,0.9703657150609888,0.819515306122449,143.27970361830896,0.2857142857142857,False,C2_FUNCTIONAL_OR_LOWER,cross_script_validation
101,1,1,0.0,octopus,5,0.6480450268543184,0.865781624564181,0.3519549731456816,1,0.0,0.9703657150609888,0.819515306122449,143.27970361830896,0.2857142857142857,False,C2_FUNCTIONAL_OR_LOWER,cross_script_validation
102,1,1,0.0,reimiro,1,0.4894402726938404,1.0593485515709946,0.5105597273061596,1,0.0,0.9703657150609888,0.819515306122449,143.27970361830896,0.2857142857142857,False,C2_FUNCTIONAL_OR_LOWER,iconicity|cross_script_validation
102,1,1,0.0,octopus,2,0.4841919823898076,1.0653568843712382,0.5158080176101925,1,0.0,0.9703657150609888,0.819515306122449,143.27970361830896,0.2857142857142857,False,C2_FUNCTIONAL_OR_LOWER,iconicity|cross_script_validation
102,1,1,0.0,moray_eel,3,0.4838896751489309,1.0657023604334148,0.5161103248510691,1,0.0,0.9703657150609888,0.819515306122449,143.27970361830896,0.2857142857142857,False,C2_FUNCTIONAL_OR_LOWER,iconicity|cross_script_validation
102,1,1,0.0,fairy_tern,4,0.47555059620126505,1.0752065017422117,0.524449403798735,1,0.0,0.9703657150609888,0.819515306122449,143.27970361830896,0.2857142857142857,False,C2_FUNCTIONAL_OR_LOWER,iconicity|cross_script_validation
102,1,1,0.0,sun,5,0.4694047429626541,1.0821798128446103,0.5305952570373459,1,0.0,0.9703657150609888,0.819515306122449,143.27970361830896,0.2857142857142857,False,C2_FUNCTIONAL_OR_LOWER,iconicity|cross_script_validation
103,1,1,0.0,moray_eel,1,0.7419769284596948,0.7347819930104414,0.25802307154030524,1,0.0,0.9703657150609888,0.819515306122449,143.27970361830896,0.2857142857142857,False,C2_FUNCTIONAL_OR_LOWER,cross_script_validation
103,1,1,0.0,moai,2,0.7376456045607228,0.7412196646157602,0.2623543954392772,2,0.0,0.9703657150609888,0.819515306122449,143.27970361830896,0.2857142857142857,False,C2_FUNCTIONAL_OR_LOWER,cross_script_validation
103,1,1,0.0,fairy_tern,3,0.7112068431499091,0.7795828585479792,0.2887931568500909,1,0.0,0.9703657150609888,0.819515306122449,143.27970361830896,0.2857142857142857,False,C2_FUNCTIONAL_OR_LOWER,cross_script_validation
103,1,1,0.0,tiger_shark,4,0.7009360063783916,0.79408731571508,0.2990639936216084,2,0.0,0.9703657150609888,0.819515306122449,143.27970361830896,0.2857142857142857,False,C2_FUNCTIONAL_OR_LOWER,cross_script_validation
103,1,1,0.0,octopus,5,0.6960982623651419,0.8008478308893295,0.30390173763485806,1,0.0,0.9703657150609888,0.819515306122449,143.27970361830896,0.2857142857142857,False,C2_FUNCTIONAL_OR_LOWER,cross_script_validation
104,1,1,0.0,tiger_shark,1,0.7464343909474285,0.7281085924597074,0.25356560905257153,2,0.0,0.9703657150609888,0.819515306122449,143.27970361830896,0.2857142857142857,False,C2_FUNCTIONAL_OR_LOWER,cross_script_validation
104,1,1,0.0,octopus,2,0.7351534971656528,0.744903243432415,0.2648465028343472,1,0.0,0.9703657150609888,0.819515306122449,143.27970361830896,0.2857142857142857,False,C2_FUNCTIONAL_OR_LOWER,cross_script_validation
104,1,1,0.0,moai,3,0.7350031569802364,0.7451249899451102,0.26499684301976356,2,0.0,0.9703657150609888,0.819515306122449,143.27970361830896,0.2857142857142857,False,C2_FUNCTIONAL_OR_LOWER,cross_script_validation
104,1,1,0.0,fairy_tern,4,0.7346185439711003,0.7456920382491401,0.26538145602889973,1,0.0,0.9703657150609888,0.819515306122449,143.27970361830896,0.2857142857142857,False,C2_FUNCTIONAL_OR_LOWER,cross_script_validation
104,1,1,0.0,sun,5,0.7281346660323252,0.7551997152930437,0.27186533396767476,1,0.0,0.9703657150609888,0.819515306122449,143.27970361830896,0.2857142857142857,False,C2_FUNCTIONAL_OR_LOWER,cross_script_validation
105,1,1,0.0,moray_eel,1,0.5978947299107871,0.9299242167801002,0.40210527008921293,1,0.0,0.9703657150609888,0.819515306122449,143.27970361830896,0.2857142857142857,False,C2_FUNCTIONAL_OR_LOWER,iconicity|cross_script_validation
105,1,1,0.0,moai,2,0.5853161696407336,0.9455263786107246,0.41468383035926637,2,0.0,0.9703657150609888,0.819515306122449,143.27970361830896,0.2857142857142857,False,C2_FUNCTIONAL_OR_LOWER,iconicity|cross_script_validation
105,1,1,0.0,sun,3,0.5840205830246155,0.9471233600750557,0.41597941697538454,1,0.0,0.9703657150609888,0.819515306122449,143.27970361830896,0.2857142857142857,False,C2_FUNCTIONAL_OR_LOWER,iconicity|cross_script_validation
105,1,1,0.0,octopus,4,0.5801814369981331,0.9518448915627504,0.41981856300186693,1,0.0,0.9703657150609888,0.819515306122449,143.27970361830896,0.2857142857142857,False,C2_FUNCTIONAL_OR_LOWER,iconicity|cross_script_validation
105,1,1,0.0,fairy_tern,5,0.5726657761242204,0.9610423673322591,0.4273342238757796,1,0.0,0.9703657150609888,0.819515306122449,143.27970361830896,0.2857142857142857,False,C2_FUNCTIONAL_OR_LOWER,iconicity|cross_script_validation
110,1,1,0.0,moai,1,0.5291987477748424,1.013140358294518,0.47080125222515756,2,0.0,0.9703657150609888,0.819515306122449,143.27970361830896,0.2857142857142857,False,C2_FUNCTIONAL_OR_LOWER,iconicity|cross_script_validation
110,1,1,0.0,octopus,2,0.5255657018076013,1.0174164076995131,0.4744342981923987,1,0.0,0.9703657150609888,0.819515306122449,143.27970361830896,0.2857142857142857,False,C2_FUNCTIONAL_OR_LOWER,iconicity|cross_script_validation
110,1,1,0.0,moray_eel,3,0.5253105473516723,1.017716295942421,0.47468945264832774,1,0.0,0.9703657150609888,0.819515306122449,143.27970361830896,0.2857142857142857,False,C2_FUNCTIONAL_OR_LOWER,iconicity|cross_script_validation
110,1,1,0.0,sun,4,0.5223586880589686,1.0211816553895705,0.47764131194103143,1,0.0,0.9703657150609888,0.819515306122449,143.27970361830896,0.2857142857142857,False,C2_FUNCTIONAL_OR_LOWER,iconicity|cross_script_validation
110,1,1,0.0,fairy_tern,5,0.5098926652391345,1.0357363144606047,0.49010733476086554,1,0.0,0.9703657150609888,0.819515306122449,143.27970361830896,0.2857142857142857,False,C2_FUNCTIONAL_OR_LOWER,iconicity|cross_script_validation
116,1,1,0.0,moray_eel,1,0.612945198884038,0.9110135930070604,0.387054801115962,1,0.0,0.9703657150609888,0.819515306122449,143.27970361830896,0.2857142857142857,False,C2_FUNCTIONAL_OR_LOWER,cross_script_validation
116,1,1,0.0,octopus,2,0.6034275013576467,0.9230039224377002,0.39657249864235333,1,0.0,0.9703657150609888,0.819515306122449,143.27970361830896,0.2857142857142857,False,C2_FUNCTIONAL_OR_LOWER,cross_script_validation
116,1,1,0.0,fairy_tern,3,0.6010980610511328,0.925921934040345,0.39890193894886716,1,0.0,0.9703657150609888,0.819515306122449,143.27970361830896,0.2857142857142857,False,C2_FUNCTIONAL_OR_LOWER,cross_script_validation
116,1,1,0.0,moai,4,0.5987068588968565,0.928910666455746,0.4012931411031435,2,0.0,0.9703657150609888,0.819515306122449,143.27970361830896,0.2857142857142857,False,C2_FUNCTIONAL_OR_LOWER,iconicity|cross_script_validation
116,1,1,0.0,sun,5,0.5951017028522486,0.9334041329105117,0.4048982971477514,1,0.0,0.9703657150609888,0.819515306122449,143.27970361830896,0.2857142857142857,False,C2_FUNCTIONAL_OR_LOWER,iconicity|cross_script_validation
118,1,1,0.0,moray_eel,1,0.6368117904931873,0.8804402165100244,0.36318820950681274,1,0.0,0.9703657150609888,0.819515306122449,143.27970361830896,0.2857142857142857,False,C2_FUNCTIONAL_OR_LOWER,cross_script_validation
118,1,1,0.0,moai,2,0.6280953227362027,0.891693282690591,0.3719046772637973,2,0.0,0.9703657150609888,0.819515306122449,143.27970361830896,0.2857142857142857,False,C2_FUNCTIONAL_OR_LOWER,cross_script_validation
118,1,1,0.0,fairy_tern,3,0.6165670588910201,0.9064214923717222,0.38343294110897985,1,0.0,0.9703657150609888,0.819515306122449,143.27970361830896,0.2857142857142857,False,C2_FUNCTIONAL_OR_LOWER,cross_script_validation
118,1,1,0.0,sun,4,0.6120533484731465,0.9121418448640125,0.3879466515268535,1,0.0,0.9703657150609888,0.819515306122449,143.27970361830896,0.2857142857142857,False,C2_FUNCTIONAL_OR_LOWER,cross_script_validation
118,1,1,0.0,tiger_shark,5,0.6076336519858531,0.917718615156555,0.39236634801414694,2,0.0,0.9703657150609888,0.819515306122449,143.27970361830896,0.2857142857142857,False,C2_FUNCTIONAL_OR_LOWER,cross_script_validation
119,1,1,0.0,hand,1,0.7504719418525626,0.7220204498748354,0.2495280581474374,1,0.0,0.9703657150609888,0.819515306122449,143.27970361830896,0.2857142857142857,False,C2_FUNCTIONAL_OR_LOWER,cross_script_validation
119,1,1,0.0,tiger_shark,2,0.7443148227993543,0.7312880503001611,0.25568517720064565,2,0.0,0.9703657150609888,0.819515306122449,143.27970361830896,0.2857142857142857,False,C2_FUNCTIONAL_OR_LOWER,cross_script_validation
119,1,1,0.0,moai,3,0.7436883837132533,0.7322255839400927,0.2563116162867467,2,0.0,0.9703657150609888,0.819515306122449,143.27970361830896,0.2857142857142857,False,C2_FUNCTIONAL_OR_LOWER,cross_script_validation
119,1,1,0.0,octopus,4,0.730006831474727,0.7524643804946951,0.269993168525273,1,0.0,0.9703657150609888,0.819515306122449,143.27970361830896,0.2857142857142857,False,C2_FUNCTIONAL_OR_LOWER,cross_script_validation
119,1,1,0.0,fairy_tern,5,0.7231342269983905,0.7624670152803665,0.2768657730016095,1,0.0,0.9703657150609888,0.819515306122449,143.27970361830896,0.2857142857142857,False,C2_FUNCTIONAL_OR_LOWER,cross_script_validation
120,1,1,0.0,toki,1,0.6468066278928363,0.8674065466719493,0.35319337210716373,1,0.0,0.9703657150609888,0.819515306122449,143.27970361830896,0.2857142857142857,False,C2_FUNCTIONAL_OR_LOWER,cross_script_validation
120,1,1,0.0,moray_eel,2,0.5737035944462413,0.9597758487875979,0.4262964055537587,1,0.0,0.9703657150609888,0.819515306122449,143.27970361830896,0.2857142857142857,False,C2_FUNCTIONAL_OR_LOWER,iconicity|cross_script_validation
120,1,1,0.0,fairy_tern,3,0.5685226466642378,0.966087396575157,0.4314773533357622,1,0.0,0.9703657150609888,0.819515306122449,143.27970361830896,0.2857142857142857,False,C2_FUNCTIONAL_OR_LOWER,iconicity|cross_script_validation
120,1,1,0.0,octopus,4,0.5575328629504119,0.9793854027279677,0.44246713704958807,1,0.0,0.9703657150609888,0.819515306122449,143.27970361830896,0.2857142857142857,False,C2_FUNCTIONAL_OR_LOWER,iconicity|cross_script_validation
120,1,1,0.0,sun,5,0.543048957083527,0.9967324595731333,0.45695104291647304,1,0.0,0.9703657150609888,0.819515306122449,143.27970361830896,0.2857142857142857,False,C2_FUNCTIONAL_OR_LOWER,iconicity|cross_script_validation
131,1,1,0.0,moray_eel,1,0.633803359988196,0.8843358466782598,0.36619664001180396,1,0.0,0.9703657150609888,0.819515306122449,143.27970361830896,0.2857142857142857,False,C2_FUNCTIONAL_OR_LOWER,cross_script_validation
131,1,1,0.0,fairy_tern,2,0.6033422012595206,0.9231108884964727,0.39665779874047935,1,0.0,0.9703657150609888,0.819515306122449,143.27970361830896,0.2857142857142857,False,C2_FUNCTIONAL_OR_LOWER,cross_script_validation
131,1,1,0.0,moai,3,0.6022118998829481,0.9245274669488524,0.3977881001170519,2,0.0,0.9703657150609888,0.819515306122449,143.27970361830896,0.2857142857142857,False,C2_FUNCTIONAL_OR_LOWER,cross_script_validation
131,1,1,0.0,sun,4,0.5930612801765132,0.9359406965429882,0.40693871982348684,1,0.0,0.9703657150609888,0.819515306122449,143.27970361830896,0.2857142857142857,False,C2_FUNCTIONAL_OR_LOWER,iconicity|cross_script_validation
131,1,1,0.0,octopus,5,0.5921291332106521,0.9370979238804508,0.4078708667893479,1,0.0,0.9703657150609888,0.819515306122449,143.27970361830896,0.2857142857142857,False,C2_FUNCTIONAL_OR_LOWER,iconicity|cross_script_validation
132,1,1,0.0,toki,1,0.665769409183624,0.8422718207204107,0.33423059081637596,1,0.0,0.9703657150609888,0.819515306122449,143.27970361830896,0.2857142857142857,False,C2_FUNCTIONAL_OR_LOWER,cross_script_validation
132,1,1,0.0,moray_eel,2,0.6131594798218256,0.9107423658325665,0.3868405201781744,1,0.0,0.9703657150609888,0.819515306122449,143.27970361830896,0.2857142857142857,False,C2_FUNCTIONAL_OR_LOWER,cross_script_validation
132,1,1,0.0,fairy_tern,3,0.6114920819002403,0.9128513806042234,0.3885079180997597,1,0.0,0.9703657150609888,0.819515306122449,143.27970361830896,0.2857142857142857,False,C2_FUNCTIONAL_OR_LOWER,cross_script_validation
132,1,1,0.0,octopus,4,0.6073232922594192,0.9181093310205379,0.39267670774058083,1,0.0,0.9703657150609888,0.819515306122449,143.27970361830896,0.2857142857142857,False,C2_FUNCTIONAL_OR_LOWER,cross_script_validation
132,1,1,0.0,sun,5,0.5881609429069107,0.9420133385571239,0.4118390570930893,1,0.0,0.9703657150609888,0.819515306122449,143.27970361830896,0.2857142857142857,False,C2_FUNCTIONAL_OR_LOWER,iconicity|cross_script_validation
135,1,1,0.0,toki,1,0.6053348675749387,0.9206098233573303,0.3946651324250613,1,0.0,0.9703657150609888,0.819515306122449,143.27970361830896,0.2857142857142857,False,C2_FUNCTIONAL_OR_LOWER,cross_script_validation
135,1,1,0.0,moai,2,0.5460193784917103,0.9931909214702045,0.45398062150828966,2,0.0,0.9703657150609888,0.819515306122449,143.27970361830896,0.2857142857142857,False,C2_FUNCTIONAL_OR_LOWER,iconicity|cross_script_validation
135,1,1,0.0,sun,3,0.5448685174428564,0.9945640228947025,0.45513148255714364,1,0.0,0.9703657150609888,0.819515306122449,143.27970361830896,0.2857142857142857,False,C2_FUNCTIONAL_OR_LOWER,iconicity|cross_script_validation
135,1,1,0.0,octopus,4,0.5412630777272732,0.9988578043360045,0.4587369222727268,1,0.0,0.9703657150609888,0.819515306122449,143.27970361830896,0.2857142857142857,False,C2_FUNCTIONAL_OR_LOWER,iconicity|cross_script_validation
135,1,1,0.0,foot,5,0.5248736910937261,1.0182296131757784,0.47512630890627394,1,1.4901161193847656e-08,0.9703657150609888,0.819515306122449,143.27970361830896,0.2857142857142857,False,C2_FUNCTIONAL_OR_LOWER,iconicity|cross_script_validation
139,1,1,0.0,moai,1,0.7552287241723789,0.7147933259780427,0.24477127582762115,2,0.0,0.9703657150609888,0.819515306122449,143.27970361830896,0.2857142857142857,False,C2_FUNCTIONAL_OR_LOWER,cross_script_validation
139,1,1,0.0,moray_eel,2,0.7249770209421319,0.7597952953998356,0.2750229790578681,1,0.0,0.9703657150609888,0.819515306122449,143.27970361830896,0.2857142857142857,False,C2_FUNCTIONAL_OR_LOWER,cross_script_validation
139,1,1,0.0,tiger_shark,3,0.7078883244697706,0.7842922825751882,0.29211167553022943,2,0.0,0.9703657150609888,0.819515306122449,143.27970361830896,0.2857142857142857,False,C2_FUNCTIONAL_OR_LOWER,cross_script_validation
139,1,1,0.0,fairy_tern,4,0.7046313527076579,0.7888928486320743,0.29536864729234213,1,0.0,0.9703657150609888,0.819515306122449,143.27970361830896,0.2857142857142857,False,C2_FUNCTIONAL_OR_LOWER,cross_script_validation
139,1,1,0.0,octopus,5,0.6952311872365731,0.8020548403933851,0.30476881276342693,1,0.0,0.9703657150609888,0.819515306122449,143.27970361830896,0.2857142857142857,False,C2_FUNCTIONAL_OR_LOWER,cross_script_validation
140,1,1,0.0,moray_eel,1,0.6266215209581865,0.893585852918963,0.37337847904181354,1,0.0,0.9703657150609888,0.819515306122449,143.27970361830896,0.2857142857142857,False,C2_FUNCTIONAL_OR_LOWER,cross_script_validation
140,1,1,0.0,fairy_tern,2,0.6120670435764326,0.9121245270722333,0.3879329564235674,1,0.0,0.9703657150609888,0.819515306122449,143.27970361830896,0.2857142857142857,False,C2_FUNCTIONAL_OR_LOWER,cross_script_validation
140,1,1,0.0,sun,3,0.6109511423062548,0.9135348516131953,0.3890488576937452,1,0.0,0.9703657150609888,0.819515306122449,143.27970361830896,0.2857142857142857,False,C2_FUNCTIONAL_OR_LOWER,cross_script_validation
140,1,1,0.0,octopus,4,0.6108357758935151,0.9136805691143149,0.3891642241064849,1,0.0,0.9703657150609888,0.819515306122449,143.27970361830896,0.2857142857142857,False,C2_FUNCTIONAL_OR_LOWER,cross_script_validation
140,1,1,0.0,moai,5,0.6077239247535383,0.917604947678956,0.3922760752464617,2,0.0,0.9703657150609888,0.819515306122449,143.27970361830896,0.2857142857142857,False,C2_FUNCTIONAL_OR_LOWER,cross_script_validation
143,1,1,0.0,moray_eel,1,0.6316256644946716,0.8871480102051766,0.3683743355053284,1,0.0,0.9703657150609888,0.819515306122449,143.27970361830896,0.2857142857142857,False,C2_FUNCTIONAL_OR_LOWER,cross_script_validation
143,1,1,0.0,fairy_tern,2,0.6039116434154735,0.9223966456551175,0.39608835658452646,1,0.0,0.9703657150609888,0.819515306122449,143.27970361830896,0.2857142857142857,False,C2_FUNCTIONAL_OR_LOWER,cross_script_validation
143,1,1,0.0,sun,3,0.6034835929683361,0.9229335790127873,0.3965164070316639,1,0.0,0.9703657150609888,0.819515306122449,143.27970361830896,0.2857142857142857,False,C2_FUNCTIONAL_OR_LOWER,cross_script_validation
143,1,1,0.0,octopus,4,0.6014170004754745,0.9255227884145707,0.39858299952452547,1,0.0,0.9703657150609888,0.819515306122449,143.27970361830896,0.2857142857142857,False,C2_FUNCTIONAL_OR_LOWER,cross_script_validation
143,1,1,0.0,moai,5,0.5986359193851948,0.9289992307227698,0.4013640806148052,2,0.0,0.9703657150609888,0.819515306122449,143.27970361830896,0.2857142857142857,False,C2_FUNCTIONAL_OR_LOWER,iconicity|cross_script_validation
145,1,1,0.0,toki,1,0.6824887532808727,0.8196340105085184,0.31751124671912734,1,0.0,0.9703657150609888,0.819515306122449,143.27970361830896,0.2857142857142857,False,C2_FUNCTIONAL_OR_LOWER,cross_script_validation
145,1,1,0.0,moray_eel,2,0.6662152194198513,0.8416741866734632,0.3337847805801487,1,0.0,0.9703657150609888,0.819515306122449,143.27970361830896,0.2857142857142857,False,C2_FUNCTIONAL_OR_LOWER,cross_script_validation
145,1,1,0.0,moai,3,0.6539789741575683,0.8579641429265972,0.34602102584243166,2,0.0,0.9703657150609888,0.819515306122449,143.27970361830896,0.2857142857142857,False,C2_FUNCTIONAL_OR_LOWER,cross_script_validation
145,1,1,0.0,domestic_chicken,4,0.643242425059228,0.8720707586933065,0.356757574940772,2,0.0,0.9703657150609888,0.819515306122449,143.27970361830896,0.2857142857142857,False,C2_FUNCTIONAL_OR_LOWER,cross_script_validation
145,1,1,0.0,tiger_shark,5,0.6427860521290859,0.8726666592422836,0.3572139478709141,2,0.0,0.9703657150609888,0.819515306122449,143.27970361830896,0.2857142857142857,False,C2_FUNCTIONAL_OR_LOWER,cross_script_validation
152,1,1,0.0,moai,1,0.7074135783094021,0.784964192566449,0.2925864216905979,2,0.0,0.9703657150609888,0.819515306122449,143.27970361830896,0.2857142857142857,False,C2_FUNCTIONAL_OR_LOWER,cross_script_validation
152,1,1,0.0,moray_eel,2,0.7042736814470857,0.7893967876409385,0.2957263185529143,1,0.0,0.9703657150609888,0.819515306122449,143.27970361830896,0.2857142857142857,False,C2_FUNCTIONAL_OR_LOWER,cross_script_validation
152,1,1,0.0,fairy_tern,3,0.6812974958898567,0.8212626316035829,0.31870250411014334,1,0.0,0.9703657150609888,0.819515306122449,143.27970361830896,0.2857142857142857,False,C2_FUNCTIONAL_OR_LOWER,cross_script_validation
152,1,1,0.0,octopus,4,0.6724026763158882,0.8333462595832578,0.32759732368411176,1,0.0,0.9703657150609888,0.819515306122449,143.27970361830896,0.2857142857142857,False,C2_FUNCTIONAL_OR_LOWER,cross_script_validation
152,1,1,0.0,tiger_shark,5,0.6710652757608098,0.8351516251357406,0.32893472423919023,2,0.0,0.9703657150609888,0.819515306122449,143.27970361830896,0.2857142857142857,False,C2_FUNCTIONAL_OR_LOWER,cross_script_validation
154,1,1,0.0,moray_eel,1,0.6603286530087378,0.8495400160114221,0.3396713469912622,1,0.0,0.9703657150609888,0.819515306122449,143.27970361830896,0.2857142857142857,False,C2_FUNCTIONAL_OR_LOWER,cross_script_validation
154,1,1,0.0,moai,2,0.635598348515434,0.8820130109402912,0.36440165148456605,2,0.0,0.9703657150609888,0.819515306122449,143.27970361830896,0.2857142857142857,False,C2_FUNCTIONAL_OR_LOWER,cross_script_validation
154,1,1,0.0,fairy_tern,3,0.6352924637925114,0.8824091598659939,0.36470753620748864,1,0.0,0.9703657150609888,0.819515306122449,143.27970361830896,0.2857142857142857,False,C2_FUNCTIONAL_OR_LOWER,cross_script_validation
154,1,1,0.0,octopus,4,0.6221082096666416,0.8993637812906439,0.3778917903333584,1,0.0,0.9703657150609888,0.819515306122449,143.27970361830896,0.2857142857142857,False,C2_FUNCTIONAL_OR_LOWER,cross_script_validation
154,1,1,0.0,sun,5,0.6116644350557375,0.9126335385237753,0.38833556494426247,1,0.0,0.9703657150609888,0.819515306122449,143.27970361830896,0.2857142857142857,False,C2_FUNCTIONAL_OR_LOWER,cross_script_validation
156,1,1,0.0,moray_eel,1,0.6099266875948656,0.9148282518516958,0.39007331240513443,1,0.0,0.9703657150609888,0.819515306122449,143.27970361830896,0.2857142857142857,False,C2_FUNCTIONAL_OR_LOWER,cross_script_validation
156,1,1,0.0,moai,2,0.5840312038849647,0.9471102759281577,0.41596879611503534,2,0.0,0.9703657150609888,0.819515306122449,143.27970361830896,0.2857142857142857,False,C2_FUNCTIONAL_OR_LOWER,iconicity|cross_script_validation
156,1,1,0.0,fairy_tern,3,0.582543995836272,0.9489412144600516,0.41745600416372797,1,0.0,0.9703657150609888,0.819515306122449,143.27970361830896,0.2857142857142857,False,C2_FUNCTIONAL_OR_LOWER,iconicity|cross_script_validation
156,1,1,0.0,octopus,4,0.5767444793178501,0.9560583617118729,0.4232555206821499,1,0.0,0.9703657150609888,0.819515306122449,143.27970361830896,0.2857142857142857,False,C2_FUNCTIONAL_OR_LOWER,iconicity|cross_script_validation
156,1,1,0.0,sun,5,0.568026432376973,0.9666904480777613,0.43197356762302697,1,0.0,0.9703657150609888,0.819515306122449,143.27970361830896,0.2857142857142857,False,C2_FUNCTIONAL_OR_LOWER,iconicity|cross_script_validation
160,1,1,0.0,moray_eel,1,0.5527237161715827,0.9851672809442966,0.44727628382841733,1,0.0,0.9703657150609888,0.819515306122449,143.27970361830896,0.2857142857142857,False,C2_FUNCTIONAL_OR_LOWER,iconicity|cross_script_validation
160,1,1,0.0,sun,2,0.5443690807296306,0.9951595235877561,0.45563091927036936,1,0.0,0.9703657150609888,0.819515306122449,143.27970361830896,0.2857142857142857,False,C2_FUNCTIONAL_OR_LOWER,iconicity|cross_script_validation
160,1,1,0.0,octopus,3,0.5433641186155977,0.9963570881198518,0.45663588138440225,1,0.0,0.9703657150609888,0.819515306122449,143.27970361830896,0.2857142857142857,False,C2_FUNCTIONAL_OR_LOWER,iconicity|cross_script_validation
160,1,1,0.0,fairy_tern,4,0.540658680361285,0.9995764286840852,0.45934131963871505,1,0.0,0.9703657150609888,0.819515306122449,143.27970361830896,0.2857142857142857,False,C2_FUNCTIONAL_OR_LOWER,iconicity|cross_script_validation
160,1,1,0.0,reimiro,5,0.528346495606867,1.0141444686555283,0.471653504393133,1,0.0,0.9703657150609888,0.819515306122449,143.27970361830896,0.2857142857142857,False,C2_FUNCTIONAL_OR_LOWER,iconicity|cross_script_validation
163,1,1,0.0,reimiro,1,0.7000218931252676,0.7953681732162309,0.29997810687473236,1,0.0,0.9703657150609888,0.819515306122449,143.27970361830896,0.2857142857142857,False,C2_FUNCTIONAL_OR_LOWER,cross_script_validation
163,1,1,0.0,sun,2,0.6999021300920603,0.7955358662639905,0.30009786990793974,1,0.0,0.9703657150609888,0.819515306122449,143.27970361830896,0.2857142857142857,False,C2_FUNCTIONAL_OR_LOWER,cross_script_validation
163,1,1,0.0,octopus,3,0.6869517318655498,0.8135102903302089,0.3130482681344502,1,0.0,0.9703657150609888,0.819515306122449,143.27970361830896,0.2857142857142857,False,C2_FUNCTIONAL_OR_LOWER,cross_script_validation
163,1,1,0.0,fairy_tern,4,0.6830104298163651,0.8189200231958911,0.31698957018363494,1,0.0,0.9703657150609888,0.819515306122449,143.27970361830896,0.2857142857142857,False,C2_FUNCTIONAL_OR_LOWER,cross_script_validation
163,1,1,0.0,moray_eel,5,0.6769068651799289,0.8272440925941069,0.32309313482007107,1,0.0,0.9703657150609888,0.819515306122449,143.27970361830896,0.2857142857142857,False,C2_FUNCTIONAL_OR_LOWER,cross_script_validation
169,1,1,0.0,fairy_tern,1,0.7345191667618247,0.745838496919266,0.2654808332381753,1,0.0,0.9703657150609888,0.819515306122449,143.27970361830896,0.2857142857142857,False,C2_FUNCTIONAL_OR_LOWER,cross_script_validation
169,1,1,0.0,octopus,2,0.7273588624338024,0.7563308786338354,0.27264113756619757,1,0.0,0.9703657150609888,0.819515306122449,143.27970361830896,0.2857142857142857,False,C2_FUNCTIONAL_OR_LOWER,cross_script_validation
169,1,1,0.0,moai,3,0.7253065975449705,0.7593166767152743,0.2746934024550295,2,0.0,0.9703657150609888,0.819515306122449,143.27970361830896,0.2857142857142857,False,C2_FUNCTIONAL_OR_LOWER,cross_script_validation
169,1,1,0.0,tiger_shark,4,0.7249049342923809,0.7598999491452225,0.2750950657076191,2,0.0,0.9703657150609888,0.819515306122449,143.27970361830896,0.2857142857142857,False,C2_FUNCTIONAL_OR_LOWER,cross_script_validation
169,1,1,0.0,sun,5,0.7180749990171436,0.7697639116568818,0.28192500098285644,1,0.0,0.9703657150609888,0.819515306122449,143.27970361830896,0.2857142857142857,False,C2_FUNCTIONAL_OR_LOWER,cross_script_validation
170,1,1,0.0,fairy_tern,1,0.7171657287622607,0.7710695197573835,0.2828342712377393,1,0.0,0.9703657150609888,0.819515306122449,143.27970361830896,0.2857142857142857,False,C2_FUNCTIONAL_OR_LOWER,cross_script_validation
170,1,1,0.0,tiger_shark,2,0.7046452676195996,0.7888732381956881,0.29535473238040044,2,0.0,0.9703657150609888,0.819515306122449,143.27970361830896,0.2857142857142857,False,C2_FUNCTIONAL_OR_LOWER,cross_script_validation
170,1,1,0.0,sun,3,0.7045124053942552,0.7890604667899745,0.2954875946057448,1,0.0,0.9703657150609888,0.819515306122449,143.27970361830896,0.2857142857142857,False,C2_FUNCTIONAL_OR_LOWER,cross_script_validation
170,1,1,0.0,hand,4,0.7032106814923965,0.7908930114370446,0.2967893185076035,1,0.0,0.9703657150609888,0.819515306122449,143.27970361830896,0.2857142857142857,False,C2_FUNCTIONAL_OR_LOWER,cross_script_validation
170,1,1,0.0,moray_eel,5,0.6944407403273302,0.8031539532248644,0.30555925967266984,1,0.0,0.9703657150609888,0.819515306122449,143.27970361830896,0.2857142857142857,False,C2_FUNCTIONAL_OR_LOWER,cross_script_validation
171,1,1,2.1073424255447017e-08,fairy_tern,1,0.7442454195837652,0.7313919679300405,0.2557545804162348,1,0.0,0.9703657150609888,0.819515306122449,143.27970361830896,0.2857142857142857,False,C2_FUNCTIONAL_OR_LOWER,cross_script_validation
171,1,1,2.1073424255447017e-08,tiger_shark,2,0.7406281500820212,0.7367915842834335,0.2593718499179788,2,0.0,0.9703657150609888,0.819515306122449,143.27970361830896,0.2857142857142857,False,C2_FUNCTIONAL_OR_LOWER,cross_script_validation
171,1,1,2.1073424255447017e-08,moray_eel,3,0.7396774036819759,0.7382054629050677,0.2603225963180241,1,0.0,0.9703657150609888,0.819515306122449,143.27970361830896,0.2857142857142857,False,C2_FUNCTIONAL_OR_LOWER,cross_script_validation
171,1,1,2.1073424255447017e-08,octopus,4,0.7267495847046084,0.7572182883718567,0.2732504152953916,1,0.0,0.9703657150609888,0.819515306122449,143.27970361830896,0.2857142857142857,False,C2_FUNCTIONAL_OR_LOWER,cross_script_validation
171,1,1,2.1073424255447017e-08,sun,5,0.7192975806370058,0.7680056466126831,0.2807024193629942,1,0.0,0.9703657150609888,0.819515306122449,143.27970361830896,0.2857142857142857,False,C2_FUNCTIONAL_OR_LOWER,cross_script_validation
172,1,1,0.0,fairy_tern,1,0.7071925981029074,0.7852767925847162,0.29280740189709265,1,0.0,0.9703657150609888,0.819515306122449,143.27970361830896,0.2857142857142857,False,C2_FUNCTIONAL_OR_LOWER,cross_script_validation
172,1,1,0.0,reimiro,2,0.7066756985356316,0.7860076206475425,0.2933243014643684,1,0.0,0.9703657150609888,0.819515306122449,143.27970361830896,0.2857142857142857,False,C2_FUNCTIONAL_OR_LOWER,cross_script_validation
172,1,1,0.0,moray_eel,3,0.6967114798989887,0.7999933497919793,0.30328852010101126,1,0.0,0.9703657150609888,0.819515306122449,143.27970361830896,0.2857142857142857,False,C2_FUNCTIONAL_OR_LOWER,cross_script_validation
172,1,1,0.0,red_tailed_tropicbird,4,0.6926152278362903,0.8056878775865405,0.30738477216370974,1,0.0,0.9703657150609888,0.819515306122449,143.27970361830896,0.2857142857142857,False,C2_FUNCTIONAL_OR_LOWER,cross_script_validation
172,1,1,0.0,octopus,5,0.685636017507077,0.8153192700622538,0.31436398249292297,1,0.0,0.9703657150609888,0.819515306122449,143.27970361830896,0.2857142857142857,False,C2_FUNCTIONAL_OR_LOWER,cross_script_validation
173,1,1,0.0,moai,1,0.7163529113562079,0.7722351493824163,0.28364708864379207,2,0.0,0.9703657150609888,0.819515306122449,143.27970361830896,0.2857142857142857,False,C2_FUNCTIONAL_OR_LOWER,cross_script_validation
173,1,1,0.0,tiger_shark,2,0.7075362748406417,0.7847905830325491,0.29246372515935826,2,0.0,0.9703657150609888,0.819515306122449,143.27970361830896,0.2857142857142857,False,C2_FUNCTIONAL_OR_LOWER,cross_script_validation
173,1,1,0.0,fairy_tern,3,0.7062990433976782,0.7865398256849956,0.29370095660232176,1,0.0,0.9703657150609888,0.819515306122449,143.27970361830896,0.2857142857142857,False,C2_FUNCTIONAL_OR_LOWER,cross_script_validation
173,1,1,0.0,moray_eel,4,0.703030884414286,0.7911458655439773,0.29696911558571404,1,0.0,0.9703657150609888,0.819515306122449,143.27970361830896,0.2857142857142857,False,C2_FUNCTIONAL_OR_LOWER,cross_script_validation
173,1,1,0.0,sun,5,0.7026047464370425,0.7917449041160879,0.2973952535629575,1,0.0,0.9703657150609888,0.819515306122449,143.27970361830896,0.2857142857142857,False,C2_FUNCTIONAL_OR_LOWER,cross_script_validation
181,1,1,0.0,octopus,1,0.6719235748141071,0.8339933416100758,0.32807642518589286,1,0.0,0.9703657150609888,0.819515306122449,143.27970361830896,0.2857142857142857,False,C2_FUNCTIONAL_OR_LOWER,cross_script_validation
181,1,1,0.0,sun,2,0.6667857084340688,0.8409089478677889,0.3332142915659312,1,0.0,0.9703657150609888,0.819515306122449,143.27970361830896,0.2857142857142857,False,C2_FUNCTIONAL_OR_LOWER,cross_script_validation
181,1,1,0.0,fairy_tern,3,0.6644413861717835,0.8440502264779144,0.3355586138282165,1,0.0,0.9703657150609888,0.819515306122449,143.27970361830896,0.2857142857142857,False,C2_FUNCTIONAL_OR_LOWER,cross_script_validation
181,1,1,0.0,moray_eel,4,0.6627461158532935,0.8463163501272076,0.33725388414670654,1,0.0,0.9703657150609888,0.819515306122449,143.27970361830896,0.2857142857142857,False,C2_FUNCTIONAL_OR_LOWER,cross_script_validation
181,1,1,0.0,moai,5,0.659988829632598,0.8499924345604327,0.340011170367402,2,0.0,0.9703657150609888,0.819515306122449,143.27970361830896,0.2857142857142857,False,C2_FUNCTIONAL_OR_LOWER,cross_script_validation
188,1,1,0.0,moray_eel,1,0.7089088890962927,0.7828463392797333,0.2910911109037073,1,0.0,0.9703657150609888,0.819515306122449,143.27970361830896,0.2857142857142857,False,C2_FUNCTIONAL_OR_LOWER,cross_script_validation
188,1,1,0.0,fairy_tern,2,0.7084812526164382,0.7834524731779482,0.29151874738356176,1,0.0,0.9703657150609888,0.819515306122449,143.27970361830896,0.2857142857142857,False,C2_FUNCTIONAL_OR_LOWER,cross_script_validation
188,1,1,0.0,hand,3,0.7005881696713587,0.7945748951017365,0.29941183032864127,1,0.0,0.9703657150609888,0.819515306122449,143.27970361830896,0.2857142857142857,False,C2_FUNCTIONAL_OR_LOWER,cross_script_validation
188,1,1,0.0,moai,4,0.6937379017712937,0.8041302686969458,0.3062620982287063,2,0.0,0.9703657150609888,0.819515306122449,143.27970361830896,0.2857142857142857,False,C2_FUNCTIONAL_OR_LOWER,cross_script_validation
188,1,1,0.0,tiger_shark,5,0.6884838354168301,0.8113998898502245,0.3115161645831699,2,0.0,0.9703657150609888,0.819515306122449,143.27970361830896,0.2857142857142857,False,C2_FUNCTIONAL_OR_LOWER,cross_script_validation
195,1,1,1.4901161193847656e-08,sun,1,0.6642236710299902,0.8443415086877022,0.33577632897000975,1,0.0,0.9703657150609888,0.819515306122449,143.27970361830896,0.2857142857142857,False,C2_FUNCTIONAL_OR_LOWER,cross_script_validation
195,1,1,1.4901161193847656e-08,foot,2,0.6633085392157633,0.8455650449998082,0.33669146078423673,1,1.4901161193847656e-08,0.9703657150609888,0.819515306122449,143.27970361830896,0.2857142857142857,False,C2_FUNCTIONAL_OR_LOWER,cross_script_validation
195,1,1,1.4901161193847656e-08,octopus,3,0.6434625525029256,0.8717832246757231,0.3565374474970744,1,0.0,0.9703657150609888,0.819515306122449,143.27970361830896,0.2857142857142857,False,C2_FUNCTIONAL_OR_LOWER,cross_script_validation
195,1,1,1.4901161193847656e-08,moai,4,0.6371133110409218,0.8800490858721755,0.36288668895907816,2,0.0,0.9703657150609888,0.819515306122449,143.27970361830896,0.2857142857142857,False,C2_FUNCTIONAL_OR_LOWER,cross_script_validation
195,1,1,1.4901161193847656e-08,hand,5,0.6200036282882467,0.9020489992151266,0.37999637171175327,1,0.0,0.9703657150609888,0.819515306122449,143.27970361830896,0.2857142857142857,False,C2_FUNCTIONAL_OR_LOWER,cross_script_validation
196,1,1,0.0,fairy_tern,1,0.7949891185348475,0.6518066852557034,0.20501088146515245,1,0.0,0.9703657150609888,0.819515306122449,143.27970361830896,0.2857142857142857,False,C2_FUNCTIONAL_OR_LOWER,cross_script_validation
196,1,1,0.0,tiger_shark,2,0.7859052531257347,0.6666375697065968,0.21409474687426533,2,0.0,0.9703657150609888,0.819515306122449,143.27970361830896,0.2857142857142857,False,C2_FUNCTIONAL_OR_LOWER,cross_script_validation
196,1,1,0.0,moray_eel,3,0.7722332046292955,0.6884476644730372,0.22776679537070454,1,0.0,0.9703657150609888,0.819515306122449,143.27970361830896,0.2857142857142857,False,C2_FUNCTIONAL_OR_LOWER,cross_script_validation
196,1,1,0.0,octopus,4,0.7651406694382031,0.6995365474902889,0.23485933056179686,1,0.0,0.9703657150609888,0.819515306122449,143.27970361830896,0.2857142857142857,False,C2_FUNCTIONAL_OR_LOWER,cross_script_validation
196,1,1,0.0,moai,5,0.7494490339895202,0.723566837210466,0.25055096601047977,2,0.0,0.9703657150609888,0.819515306122449,143.27970361830896,0.2857142857142857,False,C2_FUNCTIONAL_OR_LOWER,cross_script_validation
197,1,1,0.0,toki,1,0.7107610571126071,0.7802167903551906,0.28923894288739294,1,0.0,0.9703657150609888,0.819515306122449,143.27970361830896,0.2857142857142857,False,C2_FUNCTIONAL_OR_LOWER,cross_script_validation
197,1,1,0.0,moray_eel,2,0.6324937469175168,0.886027787595995,0.3675062530824832,1,0.0,0.9703657150609888,0.819515306122449,143.27970361830896,0.2857142857142857,False,C2_FUNCTIONAL_OR_LOWER,cross_script_validation
197,1,1,0.0,reimiro,3,0.6219699540957818,0.8995403560149101,0.3780300459042182,1,0.0,0.9703657150609888,0.819515306122449,143.27970361830896,0.2857142857142857,False,C2_FUNCTIONAL_OR_LOWER,cross_script_validation
197,1,1,0.0,fairy_tern,4,0.6207923947283409,0.9010432877832552,0.3792076052716591,1,0.0,0.9703657150609888,0.819515306122449,143.27970361830896,0.2857142857142857,False,C2_FUNCTIONAL_OR_LOWER,cross_script_validation
197,1,1,0.0,moai,5,0.6194499083915342,0.902754538820017,0.38055009160846576,2,0.0,0.9703657150609888,0.819515306122449,143.27970361830896,0.2857142857142857,False,C2_FUNCTIONAL_OR_LOWER,cross_script_validation
210,1,1,0.0,moray_eel,1,0.7153584074386249,0.7736594339535567,0.2846415925613751,1,0.0,0.9703657150609888,0.819515306122449,143.27970361830896,0.2857142857142857,False,C2_FUNCTIONAL_OR_LOWER,cross_script_validation
210,1,1,0.0,fairy_tern,2,0.7037368653784246,0.7901526593554623,0.2962631346215754,1,0.0,0.9703657150609888,0.819515306122449,143.27970361830896,0.2857142857142857,False,C2_FUNCTIONAL_OR_LOWER,cross_script_validation
210,1,1,0.0,sun,3,0.7016794735134134,0.7930443778657942,0.2983205264865866,1,0.0,0.9703657150609888,0.819515306122449,143.27970361830896,0.2857142857142857,False,C2_FUNCTIONAL_OR_LOWER,cross_script_validation
210,1,1,0.0,toki,4,0.6813695360506998,0.8211642124683124,0.31863046394930017,1,0.0,0.9703657150609888,0.819515306122449,143.27970361830896,0.2857142857142857,False,C2_FUNCTIONAL_OR_LOWER,cross_script_validation
210,1,1,0.0,reimiro,5,0.6790198630977637,0.8243696362156898,0.32098013690223626,1,0.0,0.9703657150609888,0.819515306122449,143.27970361830896,0.2857142857142857,False,C2_FUNCTIONAL_OR_LOWER,cross_script_validation
222,1,1,0.0,tiger_shark,1,0.7677108056061173,0.6955352810160498,0.23228919439388274,2,0.0,0.9703657150609888,0.819515306122449,143.27970361830896,0.2857142857142857,False,C2_FUNCTIONAL_OR_LOWER,cross_script_validation
222,1,1,0.0,fairy_tern,2,0.7656284907020632,0.698778558598928,0.23437150929793682,1,0.0,0.9703657150609888,0.819515306122449,143.27970361830896,0.2857142857142857,False,C2_FUNCTIONAL_OR_LOWER,cross_script_validation
222,1,1,0.0,moray_eel,3,0.7552112824486076,0.7148199354135865,0.24478871755139242,1,0.0,0.9703657150609888,0.819515306122449,143.27970361830896,0.2857142857142857,False,C2_FUNCTIONAL_OR_LOWER,cross_script_validation
222,1,1,0.0,moai,4,0.7456598254350033,0.7292717906373268,0.2543401745649967,2,0.0,0.9703657150609888,0.819515306122449,143.27970361830896,0.2857142857142857,False,C2_FUNCTIONAL_OR_LOWER,cross_script_validation
222,1,1,0.0,octopus,5,0.74538530861319,0.7296836809760223,0.25461469138681003,1,0.0,0.9703657150609888,0.819515306122449,143.27970361830896,0.2857142857142857,False,C2_FUNCTIONAL_OR_LOWER,cross_script_validation
224,1,1,0.0,fairy_tern,1,0.7656061659311214,0.698813262314103,0.2343938340688786,1,0.0,0.9703657150609888,0.819515306122449,143.27970361830896,0.2857142857142857,False,C2_FUNCTIONAL_OR_LOWER,cross_script_validation
224,1,1,0.0,moray_eel,2,0.7633531345900728,0.7023082515367831,0.2366468654099272,1,0.0,0.9703657150609888,0.819515306122449,143.27970361830896,0.2857142857142857,False,C2_FUNCTIONAL_OR_LOWER,cross_script_validation
224,1,1,0.0,tiger_shark,3,0.7549708819510256,0.7151866120551646,0.24502911804897443,2,0.0,0.9703657150609888,0.819515306122449,143.27970361830896,0.2857142857142857,False,C2_FUNCTIONAL_OR_LOWER,cross_script_validation
224,1,1,0.0,octopus,4,0.7417691450479221,0.7350918675873486,0.25823085495207787,1,0.0,0.9703657150609888,0.819515306122449,143.27970361830896,0.2857142857142857,False,C2_FUNCTIONAL_OR_LOWER,cross_script_validation
224,1,1,0.0,sun,5,0.7338085132361075,0.7468851576100464,0.2661914867638925,1,0.0,0.9703657150609888,0.819515306122449,143.27970361830896,0.2857142857142857,False,C2_FUNCTIONAL_OR_LOWER,cross_script_validation
231,1,1,0.0,moray_eel,1,0.7755673675037409,0.6831829484367681,0.2244326324962591,1,0.0,0.9703657150609888,0.819515306122449,143.27970361830896,0.2857142857142857,False,C2_FUNCTIONAL_OR_LOWER,cross_script_validation
231,1,1,0.0,fairy_tern,2,0.7640879632600054,0.701169947305598,0.2359120367399946,1,0.0,0.9703657150609888,0.819515306122449,143.27970361830896,0.2857142857142857,False,C2_FUNCTIONAL_OR_LOWER,cross_script_validation
231,1,1,0.0,tiger_shark,3,0.7376128620320458,0.7412681572679376,0.2623871379679542,2,0.0,0.9703657150609888,0.819515306122449,143.27970361830896,0.2857142857142857,False,C2_FUNCTIONAL_OR_LOWER,cross_script_validation
231,1,1,0.0,octopus,4,0.7366055537223888,0.7427587580737066,0.2633944462776112,1,0.0,0.9703657150609888,0.819515306122449,143.27970361830896,0.2857142857142857,False,C2_FUNCTIONAL_OR_LOWER,cross_script_validation
231,1,1,0.0,sun,5,0.7250193909459661,0.7597337782202083,0.2749806090540339,1,0.0,0.9703657150609888,0.819515306122449,143.27970361830896,0.2857142857142857,False,C2_FUNCTIONAL_OR_LOWER,cross_script_validation
234,1,1,0.0,fairy_tern,1,0.7263377670942773,0.7578176268657757,0.27366223290572267,1,0.0,0.9703657150609888,0.819515306122449,143.27970361830896,0.2857142857142857,False,C2_FUNCTIONAL_OR_LOWER,cross_script_validation
234,1,1,0.0,tiger_shark,2,0.7175525311977806,0.7705143303378195,0.2824474688022194,2,0.0,0.9703657150609888,0.819515306122449,143.27970361830896,0.2857142857142857,False,C2_FUNCTIONAL_OR_LOWER,cross_script_validation
234,1,1,0.0,octopus,3,0.7118875563678455,0.7786140623335471,0.2881124436321545,1,0.0,0.9703657150609888,0.819515306122449,143.27970361830896,0.2857142857142857,False,C2_FUNCTIONAL_OR_LOWER,cross_script_validation
234,1,1,0.0,moray_eel,4,0.7057693982801918,0.7872877243463712,0.2942306017198082,1,0.0,0.9703657150609888,0.819515306122449,143.27970361830896,0.2857142857142857,False,C2_FUNCTIONAL_OR_LOWER,cross_script_validation
234,1,1,0.0,sun,5,0.7031209042329601,0.7910192758338284,0.29687909576703986,1,0.0,0.9703657150609888,0.819515306122449,143.27970361830896,0.2857142857142857,False,C2_FUNCTIONAL_OR_LOWER,cross_script_validation
236,1,1,0.0,moai,1,0.745071366545945,0.7301544933236519,0.25492863345405503,2,0.0,0.9703657150609888,0.819515306122449,143.27970361830896,0.2857142857142857,False,C2_FUNCTIONAL_OR_LOWER,cross_script_validation
236,1,1,0.0,tiger_shark,2,0.7441194471959767,0.7315805560055278,0.25588055280402333,2,0.0,0.9703657150609888,0.819515306122449,143.27970361830896,0.2857142857142857,False,C2_FUNCTIONAL_OR_LOWER,cross_script_validation
236,1,1,0.0,moray_eel,3,0.7371112466018006,0.7420107437356754,0.2628887533981994,1,0.0,0.9703657150609888,0.819515306122449,143.27970361830896,0.2857142857142857,False,C2_FUNCTIONAL_OR_LOWER,cross_script_validation
236,1,1,0.0,fairy_tern,4,0.7347504940810913,0.7454975388730399,0.2652495059189087,1,0.0,0.9703657150609888,0.819515306122449,143.27970361830896,0.2857142857142857,False,C2_FUNCTIONAL_OR_LOWER,cross_script_validation
236,1,1,0.0,sun,5,0.7272441508196544,0.7564980192304057,0.27275584918034557,1,0.0,0.9703657150609888,0.819515306122449,143.27970361830896,0.2857142857142857,False,C2_FUNCTIONAL_OR_LOWER,cross_script_validation
247,1,1,0.0,hand,1,0.7187989532468229,0.7687231373144108,0.28120104675317714,1,0.0,0.9703657150609888,0.819515306122449,143.27970361830896,0.2857142857142857,False,C2_FUNCTIONAL_OR_LOWER,cross_script_validation
247,1,1,0.0,tiger_shark,2,0.6908970542044661,0.8080671892684466,0.3091029457955339,2,0.0,0.9703657150609888,0.819515306122449,143.27970361830896,0.2857142857142857,False,C2_FUNCTIONAL_OR_LOWER,cross_script_validation
247,1,1,0.0,fairy_tern,3,0.6816608896813694,0.8207660817402715,0.3183391103186306,1,0.0,0.9703657150609888,0.819515306122449,143.27970361830896,0.2857142857142857,False,C2_FUNCTIONAL_OR_LOWER,cross_script_validation
247,1,1,0.0,octopus,4,0.6769189311858768,0.8272276999703078,0.32308106881412324,1,0.0,0.9703657150609888,0.819515306122449,143.27970361830896,0.2857142857142857,False,C2_FUNCTIONAL_OR_LOWER,cross_script_validation
247,1,1,0.0,sun,5,0.6758827010812184,0.8286346014653245,0.3241172989187816,1,0.0,0.9703657150609888,0.819515306122449,143.27970361830896,0.2857142857142857,False,C2_FUNCTIONAL_OR_LOWER,cross_script_validation
248,1,1,0.0,hand,1,0.7320171097103182,0.749518328846666,0.2679828902896818,1,0.0,0.9703657150609888,0.819515306122449,143.27970361830896,0.2857142857142857,False,C2_FUNCTIONAL_OR_LOWER,cross_script_validation
248,1,1,0.0,moai,2,0.7066416624575175,0.7860557244662713,0.29335833754248253,2,0.0,0.9703657150609888,0.819515306122449,143.27970361830896,0.2857142857142857,False,C2_FUNCTIONAL_OR_LOWER,cross_script_validation
248,1,1,0.0,tiger_shark,3,0.6804489018460436,0.8224212780946482,0.31955109815395644,2,0.0,0.9703657150609888,0.819515306122449,143.27970361830896,0.2857142857142857,False,C2_FUNCTIONAL_OR_LOWER,cross_script_validation
248,1,1,0.0,fairy_tern,4,0.6795400098888514,0.8236608727194422,0.32045999011114856,1,0.0,0.9703657150609888,0.819515306122449,143.27970361830896,0.2857142857142857,False,C2_FUNCTIONAL_OR_LOWER,cross_script_validation
248,1,1,0.0,sun,5,0.6770044601918201,0.8271114949628194,0.32299553980817985,1,0.0,0.9703657150609888,0.819515306122449,143.27970361830896,0.2857142857142857,False,C2_FUNCTIONAL_OR_LOWER,cross_script_validation
252,1,1,0.0,tiger_shark,1,0.7507342983512517,0.7216233932165035,0.24926570164874828,2,0.0,0.9703657150609888,0.819515306122449,143.27970361830896,0.2857142857142857,False,C2_FUNCTIONAL_OR_LOWER,cross_script_validation
252,1,1,0.0,fairy_tern,2,0.7464695036451037,0.7280558262696597,0.25353049635489633,1,0.0,0.9703657150609888,0.819515306122449,143.27970361830896,0.2857142857142857,False,C2_FUNCTIONAL_OR_LOWER,cross_script_validation
252,1,1,0.0,hand,3,0.7463802182438493,0.7281899952649352,0.25361978175615074,1,0.0,0.9703657150609888,0.819515306122449,143.27970361830896,0.2857142857142857,False,C2_FUNCTIONAL_OR_LOWER,cross_script_validation
252,1,1,0.0,octopus,4,0.7320373105037243,0.7494886774111945,0.26796268949627566,1,0.0,0.9703657150609888,0.819515306122449,143.27970361830896,0.2857142857142857,False,C2_FUNCTIONAL_OR_LOWER,cross_script_validation
252,1,1,0.0,moray_eel,5,0.7317543725162359,0.7499038977458937,0.2682456274837641,1,0.0,0.9703657150609888,0.819515306122449,143.27970361830896,0.2857142857142857,False,C2_FUNCTIONAL_OR_LOWER,cross_script_validation
262,1,1,0.0,fairy_tern,1,0.7588073096392627,0.709316373419579,0.24119269036073732,1,0.0,0.9703657150609888,0.819515306122449,143.27970361830896,0.2857142857142857,False,C2_FUNCTIONAL_OR_LOWER,cross_script_validation
262,1,1,0.0,tiger_shark,2,0.7580685491108174,0.7104498848598664,0.24193145088918255,2,0.0,0.9703657150609888,0.819515306122449,143.27970361830896,0.2857142857142857,False,C2_FUNCTIONAL_OR_LOWER,cross_script_validation
262,1,1,0.0,octopus,3,0.745427794138876,0.7296199472830617,0.25457220586112395,1,0.0,0.9703657150609888,0.819515306122449,143.27970361830896,0.2857142857142857,False,C2_FUNCTIONAL_OR_LOWER,cross_script_validation
262,1,1,0.0,moray_eel,4,0.7440558798582451,0.7316757050119944,0.25594412014175494,1,0.0,0.9703657150609888,0.819515306122449,143.27970361830896,0.2857142857142857,False,C2_FUNCTIONAL_OR_LOWER,cross_script_validation
262,1,1,0.0,moai,5,0.7357182582444031,0.7440697636765828,0.26428174175559693,2,0.0,0.9703657150609888,0.819515306122449,143.27970361830896,0.2857142857142857,False,C2_FUNCTIONAL_OR_LOWER,cross_script_validation
264,1,1,0.0,moai,1,0.7231085836717748,0.7625041407310397,0.2768914163282252,2,0.0,0.9703657150609888,0.819515306122449,143.27970361830896,0.2857142857142857,False,C2_FUNCTIONAL_OR_LOWER,cross_script_validation
264,1,1,0.0,fairy_tern,2,0.7162019242277494,0.7724515204725193,0.2837980757722506,1,0.0,0.9703657150609888,0.819515306122449,143.27970361830896,0.2857142857142857,False,C2_FUNCTIONAL_OR_LOWER,cross_script_validation
264,1,1,0.0,moray_eel,3,0.7125739107536341,0.777636273361077,0.2874260892463659,1,0.0,0.9703657150609888,0.819515306122449,143.27970361830896,0.2857142857142857,False,C2_FUNCTIONAL_OR_LOWER,cross_script_validation
264,1,1,0.0,sun,4,0.7064001056979661,0.7863970547318023,0.2935998943020339,1,0.0,0.9703657150609888,0.819515306122449,143.27970361830896,0.2857142857142857,False,C2_FUNCTIONAL_OR_LOWER,cross_script_validation
264,1,1,0.0,octopus,5,0.6973011852157848,0.799170962136026,0.30269881478421523,1,0.0,0.9703657150609888,0.819515306122449,143.27970361830896,0.2857142857142857,False,C2_FUNCTIONAL_OR_LOWER,cross_script_validation
276,1,1,0.0,moray_eel,1,0.7766792963557083,0.6814196073203396,0.22332070364429168,1,0.0,0.9703657150609888,0.819515306122449,143.27970361830896,0.2857142857142857,False,C2_FUNCTIONAL_OR_LOWER,cross_script_validation
276,1,1,0.0,fairy_tern,2,0.7662510644010109,0.6978101935466539,0.23374893559898913,1,0.0,0.9703657150609888,0.819515306122449,143.27970361830896,0.2857142857142857,False,C2_FUNCTIONAL_OR_LOWER,cross_script_validation
276,1,1,0.0,reimiro,3,0.732237004423496,0.7491955087977349,0.26776299557650396,1,0.0,0.9703657150609888,0.819515306122449,143.27970361830896,0.2857142857142857,False,C2_FUNCTIONAL_OR_LOWER,cross_script_validation
276,1,1,0.0,red_tailed_tropicbird,4,0.7280572163305309,0.7553127021637622,0.2719427836694691,1,0.0,0.9703657150609888,0.819515306122449,143.27970361830896,0.2857142857142857,False,C2_FUNCTIONAL_OR_LOWER,cross_script_validation
276,1,1,0.0,octopus,5,0.7267405044142854,0.7572315074631513,0.2732594955857146,1,0.0,0.9703657150609888,0.819515306122449,143.27970361830896,0.2857142857142857,False,C2_FUNCTIONAL_OR_LOWER,cross_script_validation
279,1,1,0.0,moray_eel,1,0.7616669840655992,0.7049144564871491,0.23833301593440082,1,0.0,0.9703657150609888,0.819515306122449,143.27970361830896,0.2857142857142857,False,C2_FUNCTIONAL_OR_LOWER,cross_script_validation
279,1,1,0.0,fairy_tern,2,0.7410731948432998,0.7361289896298856,0.2589268051567002,1,0.0,0.9703657150609888,0.819515306122449,143.27970361830896,0.2857142857142857,False,C2_FUNCTIONAL_OR_LOWER,cross_script_validation
279,1,1,0.0,moai,3,0.7277294117641989,0.755790767162857,0.2722705882358011,2,0.0,0.9703657150609888,0.819515306122449,143.27970361830896,0.2857142857142857,False,C2_FUNCTIONAL_OR_LOWER,cross_script_validation
279,1,1,0.0,octopus,4,0.7227337033225796,0.7630467138893936,0.2772662966774204,1,0.0,0.9703657150609888,0.819515306122449,143.27970361830896,0.2857142857142857,False,C2_FUNCTIONAL_OR_LOWER,cross_script_validation
279,1,1,0.0,tiger_shark,5,0.7193343993540685,0.7679526458688822,0.2806656006459315,2,0.0,0.9703657150609888,0.819515306122449,143.27970361830896,0.2857142857142857,False,C2_FUNCTIONAL_OR_LOWER,cross_script_validation
293,1,1,0.0,fairy_tern,1,0.7462167837042435,0.7284355357400816,0.2537832162957565,1,0.0,0.9703657150609888,0.819515306122449,143.27970361830896,0.2857142857142857,False,C2_FUNCTIONAL_OR_LOWER,cross_script_validation
293,1,1,0.0,sun,2,0.7314768982713,0.7503109201701681,0.2685231017287,1,0.0,0.9703657150609888,0.819515306122449,143.27970361830896,0.2857142857142857,False,C2_FUNCTIONAL_OR_LOWER,cross_script_validation
293,1,1,0.0,moray_eel,3,0.7292985636723411,0.7535001356666621,0.27070143632765886,1,0.0,0.9703657150609888,0.819515306122449,143.27970361830896,0.2857142857142857,False,C2_FUNCTIONAL_OR_LOWER,cross_script_validation
293,1,1,0.0,octopus,4,0.728567095086983,0.754568620220254,0.27143290491301697,1,0.0,0.9703657150609888,0.819515306122449,143.27970361830896,0.2857142857142857,False,C2_FUNCTIONAL_OR_LOWER,cross_script_validation
293,1,1,0.0,tiger_shark,5,0.7151988356759957,0.773887772204466,0.28480116432400426,2,0.0,0.9703657150609888,0.819515306122449,143.27970361830896,0.2857142857142857,False,C2_FUNCTIONAL_OR_LOWER,cross_script_validation
294,1,1,0.0,moray_eel,1,0.7468513395437353,0.7274818142010148,0.2531486604562647,1,0.0,0.9703657150609888,0.819515306122449,143.27970361830896,0.2857142857142857,False,C2_FUNCTIONAL_OR_LOWER,cross_script_validation
294,1,1,0.0,fairy_tern,2,0.725934371793687,0.7584043401604813,0.274065628206313,1,0.0,0.9703657150609888,0.819515306122449,143.27970361830896,0.2857142857142857,False,C2_FUNCTIONAL_OR_LOWER,cross_script_validation
294,1,1,0.0,tiger_shark,3,0.7129066473874517,0.7771619030367307,0.2870933526125483,2,0.0,0.9703657150609888,0.819515306122449,143.27970361830896,0.2857142857142857,False,C2_FUNCTIONAL_OR_LOWER,cross_script_validation
294,1,1,0.0,octopus,4,0.7077678243138558,0.7844628697180321,0.29223217568614424,1,0.0,0.9703657150609888,0.819515306122449,143.27970361830896,0.2857142857142857,False,C2_FUNCTIONAL_OR_LOWER,cross_script_validation
294,1,1,0.0,moai,5,0.7068209429381853,0.7858023180654329,0.2931790570618147,2,0.0,0.9703657150609888,0.819515306122449,143.27970361830896,0.2857142857142857,False,C2_FUNCTIONAL_OR_LOWER,cross_script_validation
299,1,1,0.0,sun,1,0.7451591013446683,0.7300229442206639,0.25484089865533166,1,0.0,0.9703657150609888,0.819515306122449,143.27970361830896,0.2857142857142857,False,C2_FUNCTIONAL_OR_LOWER,cross_script_validation
299,1,1,0.0,tiger_shark,2,0.7302162975137912,0.7521578424128372,0.26978370248620875,2,0.0,0.9703657150609888,0.819515306122449,143.27970361830896,0.2857142857142857,False,C2_FUNCTIONAL_OR_LOWER,cross_script_validation
299,1,1,0.0,moai,3,0.7253946596500863,0.7591887500507875,0.2746053403499137,2,0.0,0.9703657150609888,0.819515306122449,143.27970361830896,0.2857142857142857,False,C2_FUNCTIONAL_OR_LOWER,cross_script_validation
299,1,1,0.0,fairy_tern,4,0.7241911567250409,0.7609355738460182,0.27580884327495914,1,0.0,0.9703657150609888,0.819515306122449,143.27970361830896,0.2857142857142857,False,C2_FUNCTIONAL_OR_LOWER,cross_script_validation
299,1,1,0.0,hand,5,0.7203198127153819,0.7665330551610899,0.2796801872846181,1,0.0,0.9703657150609888,0.819515306122449,143.27970361830896,0.2857142857142857,False,C2_FUNCTIONAL_OR_LOWER,cross_script_validation
315,1,1,0.0,moray_eel,1,0.7515428901628516,0.7203985219786937,0.24845710983714842,1,0.0,0.9703657150609888,0.819515306122449,143.27970361830896,0.2857142857142857,False,C2_FUNCTIONAL_OR_LOWER,cross_script_validation
315,1,1,0.0,fairy_tern,2,0.7434957430101585,0.7325136949720831,0.2565042569898415,1,0.0,0.9703657150609888,0.819515306122449,143.27970361830896,0.2857142857142857,False,C2_FUNCTIONAL_OR_LOWER,cross_script_validation
315,1,1,0.0,tiger_shark,3,0.7258058213755056,0.7585912323870057,0.27419417862449436,2,0.0,0.9703657150609888,0.819515306122449,143.27970361830896,0.2857142857142857,False,C2_FUNCTIONAL_OR_LOWER,cross_script_validation
315,1,1,0.0,octopus,4,0.725637912467213,0.7588352902190832,0.274362087532787,1,0.0,0.9703657150609888,0.819515306122449,143.27970361830896,0.2857142857142857,False,C2_FUNCTIONAL_OR_LOWER,cross_script_validation
315,1,1,0.0,sun,5,0.7008554054118592,0.7942003187439503,0.2991445945881408,1,0.0,0.9703657150609888,0.819515306122449,143.27970361830896,0.2857142857142857,False,C2_FUNCTIONAL_OR_LOWER,cross_script_validation
321,1,1,0.0,moray_eel,1,0.7048825149395633,0.7885388241823461,0.29511748506043667,1,0.0,0.9703657150609888,0.819515306122449,143.27970361830896,0.2857142857142857,False,C2_FUNCTIONAL_OR_LOWER,cross_script_validation
321,1,1,0.0,moai,2,0.702831637466793,0.7914259987855937,0.297168362533207,2,0.0,0.9703657150609888,0.819515306122449,143.27970361830896,0.2857142857142857,False,C2_FUNCTIONAL_OR_LOWER,cross_script_validation
321,1,1,0.0,fairy_tern,3,0.6967020098838517,0.8000065510677657,0.30329799011614833,1,0.0,0.9703657150609888,0.819515306122449,143.27970361830896,0.2857142857142857,False,C2_FUNCTIONAL_OR_LOWER,cross_script_validation
321,1,1,0.0,toki,4,0.6913815552262574,0.8073968051554322,0.30861844477374256,1,0.0,0.9703657150609888,0.819515306122449,143.27970361830896,0.2857142857142857,False,C2_FUNCTIONAL_OR_LOWER,cross_script_validation
321,1,1,0.0,octopus,5,0.6802825789240411,0.8226482246206038,0.3197174210759589,1,0.0,0.9703657150609888,0.819515306122449,143.27970361830896,0.2857142857142857,False,C2_FUNCTIONAL_OR_LOWER,cross_script_validation
323,1,1,0.0,sun,1,0.7475887472527741,0.7263722238760627,0.25241125274722587,1,0.0,0.9703657150609888,0.819515306122449,143.27970361830896,0.2857142857142857,False,C2_FUNCTIONAL_OR_LOWER,cross_script_validation
323,1,1,0.0,moai,2,0.746871110247412,0.7274520829223532,0.25312888975258796,2,0.0,0.9703657150609888,0.819515306122449,143.27970361830896,0.2857142857142857,False,C2_FUNCTIONAL_OR_LOWER,cross_script_validation
323,1,1,0.0,tiger_shark,3,0.7462790159045979,0.7283420474134467,0.2537209840954021,2,0.0,0.9703657150609888,0.819515306122449,143.27970361830896,0.2857142857142857,False,C2_FUNCTIONAL_OR_LOWER,cross_script_validation
323,1,1,0.0,fairy_tern,4,0.7460551424666577,0.7286783155418709,0.2539448575333423,1,0.0,0.9703657150609888,0.819515306122449,143.27970361830896,0.2857142857142857,False,C2_FUNCTIONAL_OR_LOWER,cross_script_validation
323,1,1,0.0,octopus,5,0.7403018903083782,0.7372770213679557,0.25969810969162177,1,0.0,0.9703657150609888,0.819515306122449,143.27970361830896,0.2857142857142857,False,C2_FUNCTIONAL_OR_LOWER,cross_script_validation
331,1,1,0.0,moai,1,0.6999298466001083,0.7954970598640065,0.30007015339989174,2,0.0,0.9703657150609888,0.819515306122449,143.27970361830896,0.2857142857142857,False,C2_FUNCTIONAL_OR_LOWER,cross_script_validation
331,1,1,0.0,sun,2,0.6965400752486771,0.8002322630417279,0.3034599247513229,1,0.0,0.9703657150609888,0.819515306122449,143.27970361830896,0.2857142857142857,False,C2_FUNCTIONAL_OR_LOWER,cross_script_validation
331,1,1,0.0,foot,3,0.696005304164046,0.8009773006538596,0.30399469583595395,1,1.4901161193847656e-08,0.9703657150609888,0.819515306122449,143.27970361830896,0.2857142857142857,False,C2_FUNCTIONAL_OR_LOWER,cross_script_validation
331,1,1,0.0,octopus,4,0.6822732209789831,0.8199288576700595,0.31772677902101687,1,0.0,0.9703657150609888,0.819515306122449,143.27970361830896,0.2857142857142857,False,C2_FUNCTIONAL_OR_LOWER,cross_script_validation
331,1,1,0.0,tiger_shark,5,0.663978496727564,0.8446694384255945,0.33602150327243596,2,0.0,0.9703657150609888,0.819515306122449,143.27970361830896,0.2857142857142857,False,C2_FUNCTIONAL_OR_LOWER,cross_script_validation
340,1,1,0.0,sun,1,0.6830494541112259,0.8188665938295294,0.31695054588877414,1,0.0,0.9703657150609888,0.819515306122449,143.27970361830896,0.2857142857142857,False,C2_FUNCTIONAL_OR_LOWER,cross_script_validation
340,1,1,0.0,moai,2,0.6743796902371407,0.830672037390428,0.3256203097628593,2,0.0,0.9703657150609888,0.819515306122449,143.27970361830896,0.2857142857142857,False,C2_FUNCTIONAL_OR_LOWER,cross_script_validation
340,1,1,0.0,octopus,3,0.6664701536752856,0.8413322893362537,0.3335298463247144,1,0.0,0.9703657150609888,0.819515306122449,143.27970361830896,0.2857142857142857,False,C2_FUNCTIONAL_OR_LOWER,cross_script_validation
340,1,1,0.0,toki,4,0.6576848380709729,0.8530550928313638,0.3423151619290271,1,0.0,0.9703657150609888,0.819515306122449,143.27970361830896,0.2857142857142857,False,C2_FUNCTIONAL_OR_LOWER,cross_script_validation
340,1,1,0.0,fairy_tern,5,0.6525573366716301,0.8598418185037471,0.3474426633283699,1,0.0,0.9703657150609888,0.819515306122449,143.27970361830896,0.2857142857142857,False,C2_FUNCTIONAL_OR_LOWER,cross_script_validation
343,1,1,0.0,hand,1,0.7362619389185543,0.7432666810709918,0.2637380610814457,1,0.0,0.9703657150609888,0.819515306122449,143.27970361830896,0.2857142857142857,False,C2_FUNCTIONAL_OR_LOWER,cross_script_validation
343,1,1,0.0,tiger_shark,2,0.7344716338693386,0.7459085410326564,0.26552836613066144,2,0.0,0.9703657150609888,0.819515306122449,143.27970361830896,0.2857142857142857,False,C2_FUNCTIONAL_OR_LOWER,cross_script_validation
343,1,1,0.0,fairy_tern,3,0.7305615455800345,0.7516523780455134,0.2694384544199655,1,0.0,0.9703657150609888,0.819515306122449,143.27970361830896,0.2857142857142857,False,C2_FUNCTIONAL_OR_LOWER,cross_script_validation
343,1,1,0.0,octopus,4,0.7255589540944766,0.7589500355514149,0.27444104590552343,1,0.0,0.9703657150609888,0.819515306122449,143.27970361830896,0.2857142857142857,False,C2_FUNCTIONAL_OR_LOWER,cross_script_validation
343,1,1,0.0,moai,5,0.7186254201296954,0.7689727147603588,0.28137457987030456,2,0.0,0.9703657150609888,0.819515306122449,143.27970361830896,0.2857142857142857,False,C2_FUNCTIONAL_OR_LOWER,cross_script_validation
354,1,1,1.4901161193847656e-08,sun,1,0.7825764903247227,0.6720026291193384,0.21742350967527735,1,0.0,0.9703657150609888,0.819515306122449,143.27970361830896,0.2857142857142857,False,C2_FUNCTIONAL_OR_LOWER,cross_script_validation
354,1,1,1.4901161193847656e-08,octopus,2,0.7711236112584711,0.6901922738947768,0.22887638874152894,1,0.0,0.9703657150609888,0.819515306122449,143.27970361830896,0.2857142857142857,False,C2_FUNCTIONAL_OR_LOWER,cross_script_validation
354,1,1,1.4901161193847656e-08,tiger_shark,3,0.7694133547673431,0.6928741091042591,0.23058664523265693,2,0.0,0.9703657150609888,0.819515306122449,143.27970361830896,0.2857142857142857,False,C2_FUNCTIONAL_OR_LOWER,cross_script_validation
354,1,1,1.4901161193847656e-08,hand,4,0.7652428646083745,0.6993778106370172,0.23475713539162546,1,0.0,0.9703657150609888,0.819515306122449,143.27970361830896,0.2857142857142857,False,C2_FUNCTIONAL_OR_LOWER,cross_script_validation
354,1,1,1.4901161193847656e-08,moai,5,0.7634182244303718,0.7022074843719923,0.23658177556962823,2,0.0,0.9703657150609888,0.819515306122449,143.27970361830896,0.2857142857142857,False,C2_FUNCTIONAL_OR_LOWER,cross_script_validation
361,1,1,0.0,moai,1,0.755807980826992,0.7139091366198459,0.24419201917300803,2,0.0,0.9703657150609888,0.819515306122449,143.27970361830896,0.2857142857142857,False,C2_FUNCTIONAL_OR_LOWER,cross_script_validation
361,1,1,0.0,tiger_shark,2,0.7476856864013073,0.7262262547841946,0.2523143135986927,2,0.0,0.9703657150609888,0.819515306122449,143.27970361830896,0.2857142857142857,False,C2_FUNCTIONAL_OR_LOWER,cross_script_validation
361,1,1,0.0,sun,3,0.7434656598699092,0.7325586786099676,0.2565343401300908,1,0.0,0.9703657150609888,0.819515306122449,143.27970361830896,0.2857142857142857,False,C2_FUNCTIONAL_OR_LOWER,cross_script_validation
361,1,1,0.0,octopus,4,0.7414851240633746,0.7355152661717338,0.25851487593662537,1,0.0,0.9703657150609888,0.819515306122449,143.27970361830896,0.2857142857142857,False,C2_FUNCTIONAL_OR_LOWER,cross_script_validation
361,1,1,0.0,fairy_tern,5,0.7405836940675328,0.7368577450104564,0.25941630593246723,1,0.0,0.9703657150609888,0.819515306122449,143.27970361830896,0.2857142857142857,False,C2_FUNCTIONAL_OR_LOWER,cross_script_validation
366,1,1,0.0,tiger_shark,1,0.7489072120707567,0.7243848439903946,0.2510927879292433,2,0.0,0.9703657150609888,0.819515306122449,143.27970361830896,0.2857142857142857,False,C2_FUNCTIONAL_OR_LOWER,cross_script_validation
366,1,1,0.0,fairy_tern,2,0.7485155971541887,0.7249756076818437,0.2514844028458113,1,0.0,0.9703657150609888,0.819515306122449,143.27970361830896,0.2857142857142857,False,C2_FUNCTIONAL_OR_LOWER,cross_script_validation
366,1,1,0.0,octopus,3,0.7447554434344471,0.7306280267701772,0.2552445565655529,1,0.0,0.9703657150609888,0.819515306122449,143.27970361830896,0.2857142857142857,False,C2_FUNCTIONAL_OR_LOWER,cross_script_validation
366,1,1,0.0,moray_eel,4,0.7442799296630686,0.7313402973955031,0.25572007033693145,1,0.0,0.9703657150609888,0.819515306122449,143.27970361830896,0.2857142857142857,False,C2_FUNCTIONAL_OR_LOWER,cross_script_validation
366,1,1,0.0,moai,5,0.7409058398957235,0.7363782090106843,0.25909416010427655,2,0.0,0.9703657150609888,0.819515306122449,143.27970361830896,0.2857142857142857,False,C2_FUNCTIONAL_OR_LOWER,cross_script_validation
373,1,1,0.0,tiger_shark,1,0.748776937016071,0.7245814118584198,0.25122306298392905,2,0.0,0.9703657150609888,0.819515306122449,143.27970361830896,0.2857142857142857,False,C2_FUNCTIONAL_OR_LOWER,cross_script_validation
373,1,1,0.0,fairy_tern,2,0.747748467412185,0.7261317075534532,0.25225153258781496,1,0.0,0.9703657150609888,0.819515306122449,143.27970361830896,0.2857142857142857,False,C2_FUNCTIONAL_OR_LOWER,cross_script_validation
373,1,1,0.0,moray_eel,3,0.7472049128269319,0.7269499590147742,0.2527950871730681,1,0.0,0.9703657150609888,0.819515306122449,143.27970361830896,0.2857142857142857,False,C2_FUNCTIONAL_OR_LOWER,cross_script_validation
373,1,1,0.0,octopus,4,0.7460534603845057,0.7286808416265175,0.2539465396154943,1,0.0,0.9703657150609888,0.819515306122449,143.27970361830896,0.2857142857142857,False,C2_FUNCTIONAL_OR_LOWER,cross_script_validation
373,1,1,0.0,moai,5,0.7440446241258319,0.7316925517921934,0.25595537587416806,2,0.0,0.9703657150609888,0.819515306122449,143.27970361830896,0.2857142857142857,False,C2_FUNCTIONAL_OR_LOWER,cross_script_validation
374,1,1,0.0,sun,1,0.7123358556244154,0.7779755195554013,0.28766414437558463,1,0.0,0.9703657150609888,0.819515306122449,143.27970361830896,0.2857142857142857,False,C2_FUNCTIONAL_OR_LOWER,cross_script_validation
374,1,1,0.0,moai,2,0.7037041122816275,0.7901987595105072,0.29629588771837245,2,0.0,0.9703657150609888,0.819515306122449,143.27970361830896,0.2857142857142857,False,C2_FUNCTIONAL_OR_LOWER,cross_script_validation
374,1,1,0.0,octopus,3,0.6990624626745684,0.7967108018146564,0.3009375373254316,1,0.0,0.9703657150609888,0.819515306122449,143.27970361830896,0.2857142857142857,False,C2_FUNCTIONAL_OR_LOWER,cross_script_validation
374,1,1,0.0,tiger_shark,4,0.6928051393974792,0.8054245562679201,0.30719486060252077,2,0.0,0.9703657150609888,0.819515306122449,143.27970361830896,0.2857142857142857,False,C2_FUNCTIONAL_OR_LOWER,cross_script_validation
374,1,1,0.0,fairy_tern,5,0.6878166714851165,0.8123193954302861,0.3121833285148835,1,0.0,0.9703657150609888,0.819515306122449,143.27970361830896,0.2857142857142857,False,C2_FUNCTIONAL_OR_LOWER,cross_script_validation
392,1,1,0.0,moai,1,0.6668325139653609,0.840846140920066,0.3331674860346391,2,0.0,0.9703657150609888,0.819515306122449,143.27970361830896,0.2857142857142857,False,C2_FUNCTIONAL_OR_LOWER,cross_script_validation
392,1,1,0.0,sun,2,0.6638120162083195,0.8448920578789695,0.33618798379168047,1,0.0,0.9703657150609888,0.819515306122449,143.27970361830896,0.2857142857142857,False,C2_FUNCTIONAL_OR_LOWER,cross_script_validation
392,1,1,0.0,moray_eel,3,0.651753477806384,0.8609021991556473,0.34824652219361596,1,0.0,0.9703657150609888,0.819515306122449,143.27970361830896,0.2857142857142857,False,C2_FUNCTIONAL_OR_LOWER,cross_script_validation
392,1,1,0.0,fairy_tern,4,0.6485073814293558,0.865174386047985,0.3514926185706442,1,0.0,0.9703657150609888,0.819515306122449,143.27970361830896,0.2857142857142857,False,C2_FUNCTIONAL_OR_LOWER,cross_script_validation
392,1,1,0.0,octopus,5,0.6413168118265463,0.8745830732940595,0.3586831881734537,1,0.0,0.9703657150609888,0.819515306122449,143.27970361830896,0.2857142857142857,False,C2_FUNCTIONAL_OR_LOWER,cross_script_validation
393,1,1,0.0,fairy_tern,1,0.7298125806066977,0.752748562626729,0.27018741939330226,1,0.0,0.9703657150609888,0.819515306122449,143.27970361830896,0.2857142857142857,False,C2_FUNCTIONAL_OR_LOWER,cross_script_validation
393,1,1,0.0,moray_eel,2,0.729222110349525,0.7536118709241814,0.270777889650475,1,0.0,0.9703657150609888,0.819515306122449,143.27970361830896,0.2857142857142857,False,C2_FUNCTIONAL_OR_LOWER,cross_script_validation
393,1,1,0.0,moai,3,0.7140778966919108,0.7754902724522191,0.2859221033080892,2,0.0,0.9703657150609888,0.819515306122449,143.27970361830896,0.2857142857142857,False,C2_FUNCTIONAL_OR_LOWER,cross_script_validation
393,1,1,0.0,tiger_shark,4,0.713061211591783,0.7769414687356014,0.28693878840821696,2,0.0,0.9703657150609888,0.819515306122449,143.27970361830896,0.2857142857142857,False,C2_FUNCTIONAL_OR_LOWER,cross_script_validation
393,1,1,0.0,octopus,5,0.7093958152449084,0.7821557179843113,0.29060418475509164,1,0.0,0.9703657150609888,0.819515306122449,143.27970361830896,0.2857142857142857,False,C2_FUNCTIONAL_OR_LOWER,cross_script_validation
395,1,1,0.0,moray_eel,1,0.7275851201969064,0.7560011228520438,0.27241487980309365,1,0.0,0.9703657150609888,0.819515306122449,143.27970361830896,0.2857142857142857,False,C2_FUNCTIONAL_OR_LOWER,cross_script_validation
395,1,1,0.0,fairy_tern,2,0.7180535546157906,0.7697947236058107,0.28194644538420943,1,0.0,0.9703657150609888,0.819515306122449,143.27970361830896,0.2857142857142857,False,C2_FUNCTIONAL_OR_LOWER,cross_script_validation
395,1,1,0.0,octopus,3,0.6963984084567196,0.8004296842082727,0.30360159154328037,1,0.0,0.9703657150609888,0.819515306122449,143.27970361830896,0.2857142857142857,False,C2_FUNCTIONAL_OR_LOWER,cross_script_validation
395,1,1,0.0,sun,4,0.6932850613012659,0.8047588248496927,0.3067149386987341,1,0.0,0.9703657150609888,0.819515306122449,143.27970361830896,0.2857142857142857,False,C2_FUNCTIONAL_OR_LOWER,cross_script_validation
395,1,1,0.0,hand,5,0.6835916546694096,0.8181239738226893,0.31640834533059037,1,0.0,0.9703657150609888,0.819515306122449,143.27970361830896,0.2857142857142857,False,C2_FUNCTIONAL_OR_LOWER,cross_script_validation
408,1,1,0.0,moai,1,0.7189530556230044,0.7685014513965599,0.2810469443769956,2,0.0,0.9703657150609888,0.819515306122449,143.27970361830896,0.2857142857142857,False,C2_FUNCTIONAL_OR_LOWER,cross_script_validation
408,1,1,0.0,foot,2,0.7149248359302657,0.7742797260853123,0.2850751640697343,1,1.4901161193847656e-08,0.9703657150609888,0.819515306122449,143.27970361830896,0.2857142857142857,False,C2_FUNCTIONAL_OR_LOWER,cross_script_validation
408,1,1,0.0,hand,3,0.7101107540658642,0.7811408289151455,0.2898892459341358,1,0.0,0.9703657150609888,0.819515306122449,143.27970361830896,0.2857142857142857,False,C2_FUNCTIONAL_OR_LOWER,cross_script_validation
408,1,1,0.0,sun,4,0.7097157156724634,0.7817017326540288,0.2902842843275366,1,0.0,0.9703657150609888,0.819515306122449,143.27970361830896,0.2857142857142857,False,C2_FUNCTIONAL_OR_LOWER,cross_script_validation
408,1,1,0.0,tiger_shark,5,0.6973027637053265,0.7991687599329924,0.3026972362946735,2,0.0,0.9703657150609888,0.819515306122449,143.27970361830896,0.2857142857142857,False,C2_FUNCTIONAL_OR_LOWER,cross_script_validation
421,1,1,0.0,fairy_tern,1,0.6802727919595337,0.8226615773795625,0.3197272080404663,1,0.0,0.9703657150609888,0.819515306122449,143.27970361830896,0.2857142857142857,False,C2_FUNCTIONAL_OR_LOWER,cross_script_validation
421,1,1,0.0,hand,2,0.6711951308273832,0.8349764623828801,0.32880486917261675,1,0.0,0.9703657150609888,0.819515306122449,143.27970361830896,0.2857142857142857,False,C2_FUNCTIONAL_OR_LOWER,cross_script_validation
421,1,1,0.0,moray_eel,3,0.6680764293017553,0.839175671822327,0.33192357069824474,1,0.0,0.9703657150609888,0.819515306122449,143.27970361830896,0.2857142857142857,False,C2_FUNCTIONAL_OR_LOWER,cross_script_validation
421,1,1,0.0,octopus,4,0.6527331263421265,0.8596098030540232,0.34726687365787345,1,0.0,0.9703657150609888,0.819515306122449,143.27970361830896,0.2857142857142857,False,C2_FUNCTIONAL_OR_LOWER,cross_script_validation
421,1,1,0.0,sun,5,0.6385899175085016,0.8781318108415467,0.3614100824914984,1,0.0,0.9703657150609888,0.819515306122449,143.27970361830896,0.2857142857142857,False,C2_FUNCTIONAL_OR_LOWER,cross_script_validation
432,1,1,0.0,toki,1,0.6852726662150587,0.815818299748687,0.31472733378494133,1,0.0,0.9703657150609888,0.819515306122449,143.27970361830896,0.2857142857142857,False,C2_FUNCTIONAL_OR_LOWER,cross_script_validation
432,1,1,0.0,sun,2,0.6093984773575354,0.9154946278094976,0.3906015226424646,1,0.0,0.9703657150609888,0.819515306122449,143.27970361830896,0.2857142857142857,False,C2_FUNCTIONAL_OR_LOWER,cross_script_validation
432,1,1,0.0,octopus,3,0.6013158822781528,0.9256493485787629,0.3986841177218472,1,0.0,0.9703657150609888,0.819515306122449,143.27970361830896,0.2857142857142857,False,C2_FUNCTIONAL_OR_LOWER,cross_script_validation
432,1,1,0.0,fairy_tern,4,0.5922049652008895,0.9370038179521524,0.4077950347991105,1,0.0,0.9703657150609888,0.819515306122449,143.27970361830896,0.2857142857142857,False,C2_FUNCTIONAL_OR_LOWER,iconicity|cross_script_validation
432,1,1,0.0,moray_eel,5,0.5881957069430629,0.9419703526634313,0.4118042930569371,1,0.0,0.9703657150609888,0.819515306122449,143.27970361830896,0.2857142857142857,False,C2_FUNCTIONAL_OR_LOWER,iconicity|cross_script_validation
442,1,1,0.0,moray_eel,1,0.7084733871257066,0.7834636183054361,0.2915266128742934,1,0.0,0.9703657150609888,0.819515306122449,143.27970361830896,0.2857142857142857,False,C2_FUNCTIONAL_OR_LOWER,cross_script_validation
442,1,1,0.0,fairy_tern,2,0.705934255093602,0.7870549939149842,0.29406574490639803,1,0.0,0.9703657150609888,0.819515306122449,143.27970361830896,0.2857142857142857,False,C2_FUNCTIONAL_OR_LOWER,cross_script_validation
442,1,1,0.0,tiger_shark,3,0.65452050811307,0.8572480919710945,0.34547949188692995,2,0.0,0.9703657150609888,0.819515306122449,143.27970361830896,0.2857142857142857,False,C2_FUNCTIONAL_OR_LOWER,cross_script_validation
442,1,1,0.0,red_tailed_tropicbird,4,0.6447546678161088,0.8700940387957603,0.3552453321838912,1,0.0,0.9703657150609888,0.819515306122449,143.27970361830896,0.2857142857142857,False,C2_FUNCTIONAL_OR_LOWER,cross_script_validation
442,1,1,0.0,octopus,5,0.6437197439769201,0.8714471889622138,0.3562802560230799,1,0.0,0.9703657150609888,0.819515306122449,143.27970361830896,0.2857142857142857,False,C2_FUNCTIONAL_OR_LOWER,cross_script_validation
447,1,1,0.0,moray_eel,1,0.6644161343605132,0.8440840148729376,0.33558386563948683,1,0.0,0.9703657150609888,0.819515306122449,143.27970361830896,0.2857142857142857,False,C2_FUNCTIONAL_OR_LOWER,cross_script_validation
447,1,1,0.0,fairy_tern,2,0.6598525215321304,0.8501738556980265,0.34014747846786964,1,0.0,0.9703657150609888,0.819515306122449,143.27970361830896,0.2857142857142857,False,C2_FUNCTIONAL_OR_LOWER,cross_script_validation
447,1,1,0.0,tiger_shark,3,0.624344726702476,0.8965039336954573,0.375655273297524,2,0.0,0.9703657150609888,0.819515306122449,143.27970361830896,0.2857142857142857,False,C2_FUNCTIONAL_OR_LOWER,cross_script_validation
447,1,1,0.0,moai,4,0.6241025123872618,0.8968139697216156,0.3758974876127382,2,0.0,0.9703657150609888,0.819515306122449,143.27970361830896,0.2857142857142857,False,C2_FUNCTIONAL_OR_LOWER,cross_script_validation
447,1,1,0.0,octopus,5,0.6167334483018908,0.9062101337059014,0.3832665516981092,1,0.0,0.9703657150609888,0.819515306122449,143.27970361830896,0.2857142857142857,False,C2_FUNCTIONAL_OR_LOWER,cross_script_validation
448,1,1,0.0,fairy_tern,1,0.7078936257900961,0.7842847770430759,0.29210637420990393,1,0.0,0.9703657150609888,0.819515306122449,143.27970361830896,0.2857142857142857,False,C2_FUNCTIONAL_OR_LOWER,cross_script_validation
448,1,1,0.0,moray_eel,2,0.6907703109399558,0.808242487832755,0.3092296890600442,1,0.0,0.9703657150609888,0.819515306122449,143.27970361830896,0.2857142857142857,False,C2_FUNCTIONAL_OR_LOWER,cross_script_validation
448,1,1,0.0,reimiro,3,0.6866626826493315,0.8139079698291302,0.3133373173506685,1,0.0,0.9703657150609888,0.819515306122449,143.27970361830896,0.2857142857142857,False,C2_FUNCTIONAL_OR_LOWER,cross_script_validation
448,1,1,0.0,tiger_shark,4,0.6822433942940233,0.819969654042146,0.31775660570597675,2,0.0,0.9703657150609888,0.819515306122449,143.27970361830896,0.2857142857142857,False,C2_FUNCTIONAL_OR_LOWER,cross_script_validation
448,1,1,0.0,sun,5,0.6819373387453148,0.8203881813144897,0.3180626612546852,1,0.0,0.9703657150609888,0.819515306122449,143.27970361830896,0.2857142857142857,False,C2_FUNCTIONAL_OR_LOWER,cross_script_validation
453,1,1,0.0,moray_eel,1,0.6917696935248454,0.8068594437624351,0.3082303064751546,1,0.0,0.9703657150609888,0.819515306122449,143.27970361830896,0.2857142857142857,False,C2_FUNCTIONAL_OR_LOWER,cross_script_validation
453,1,1,0.0,fairy_tern,2,0.6827654856010414,0.8192553229432283,0.31723451439895856,1,0.0,0.9703657150609888,0.819515306122449,143.27970361830896,0.2857142857142857,False,C2_FUNCTIONAL_OR_LOWER,cross_script_validation
453,1,1,0.0,reimiro,3,0.6571596954154045,0.8537520100177187,0.34284030458459547,1,0.0,0.9703657150609888,0.819515306122449,143.27970361830896,0.2857142857142857,False,C2_FUNCTIONAL_OR_LOWER,cross_script_validation
453,1,1,0.0,tiger_shark,4,0.6369531796692237,0.8802568230620216,0.3630468203307763,2,0.0,0.9703657150609888,0.819515306122449,143.27970361830896,0.2857142857142857,False,C2_FUNCTIONAL_OR_LOWER,cross_script_validation
453,1,1,0.0,red_tailed_tropicbird,5,0.6333175434442553,0.8849637655659262,0.3666824565557447,1,0.0,0.9703657150609888,0.819515306122449,143.27970361830896,0.2857142857142857,False,C2_FUNCTIONAL_OR_LOWER,cross_script_validation
462,1,1,0.0,moai,1,0.6445316218757304,0.870385799057207,0.35546837812426957,2,0.0,0.9703657150609888,0.819515306122449,143.27970361830896,0.2857142857142857,False,C2_FUNCTIONAL_OR_LOWER,cross_script_validation
462,1,1,0.0,moray_eel,2,0.6131140838516496,0.9107998307762144,0.38688591614835044,1,0.0,0.9703657150609888,0.819515306122449,143.27970361830896,0.2857142857142857,False,C2_FUNCTIONAL_OR_LOWER,cross_script_validation
462,1,1,0.0,sun,3,0.6051427806484462,0.9208511252709437,0.3948572193515538,1,0.0,0.9703657150609888,0.819515306122449,143.27970361830896,0.2857142857142857,False,C2_FUNCTIONAL_OR_LOWER,cross_script_validation
462,1,1,0.0,octopus,4,0.6045797307418634,0.9215581805375223,0.39542026925813656,1,0.0,0.9703657150609888,0.819515306122449,143.27970361830896,0.2857142857142857,False,C2_FUNCTIONAL_OR_LOWER,cross_script_validation
462,1,1,0.0,toki,5,0.6036094654141536,0.9227757111327329,0.3963905345858464,1,0.0,0.9703657150609888,0.819515306122449,143.27970361830896,0.2857142857142857,False,C2_FUNCTIONAL_OR_LOWER,cross_script_validation
463,1,1,0.0,tiger_shark,1,0.7760822310494007,0.6823669330123002,0.22391776895059934,2,0.0,0.9703657150609888,0.819515306122449,143.27970361830896,0.2857142857142857,False,C2_FUNCTIONAL_OR_LOWER,cross_script_validation
463,1,1,0.0,fairy_tern,2,0.7694542124399836,0.6928101417142616,0.23054578756001642,1,0.0,0.9703657150609888,0.819515306122449,143.27970361830896,0.2857142857142857,False,C2_FUNCTIONAL_OR_LOWER,cross_script_validation
463,1,1,0.0,moai,3,0.7684893192544426,0.6943194796211724,0.23151068074555736,2,0.0,0.9703657150609888,0.819515306122449,143.27970361830896,0.2857142857142857,False,C2_FUNCTIONAL_OR_LOWER,cross_script_validation
463,1,1,0.0,moray_eel,4,0.7666774755338718,0.6971462984202766,0.23332252446612822,1,0.0,0.9703657150609888,0.819515306122449,143.27970361830896,0.2857142857142857,False,C2_FUNCTIONAL_OR_LOWER,cross_script_validation
463,1,1,0.0,octopus,5,0.7626632250224633,0.7033755808390201,0.2373367749775367,1,0.0,0.9703657150609888,0.819515306122449,143.27970361830896,0.2857142857142857,False,C2_FUNCTIONAL_OR_LOWER,cross_script_validation
471,1,1,0.0,moray_eel,1,0.6525450162269368,0.8598580778658067,0.34745498377306316,1,0.0,0.9703657150609888,0.819515306122449,143.27970361830896,0.2857142857142857,False,C2_FUNCTIONAL_OR_LOWER,cross_script_validation
471,1,1,0.0,sun,2,0.6386800475805776,0.8780146842367961,0.3613199524194224,1,0.0,0.9703657150609888,0.819515306122449,143.27970361830896,0.2857142857142857,False,C2_FUNCTIONAL_OR_LOWER,cross_script_validation
471,1,1,0.0,moai,3,0.635324790034969,0.882367300502801,0.364675209965031,2,0.0,0.9703657150609888,0.819515306122449,143.27970361830896,0.2857142857142857,False,C2_FUNCTIONAL_OR_LOWER,cross_script_validation
471,1,1,0.0,reimiro,4,0.6338569051627272,0.8842666196662948,0.3661430948372728,1,0.0,0.9703657150609888,0.819515306122449,143.27970361830896,0.2857142857142857,False,C2_FUNCTIONAL_OR_LOWER,cross_script_validation
471,1,1,0.0,fairy_tern,5,0.6264061933458729,0.8938621228366899,0.3735938066541271,1,0.0,0.9703657150609888,0.819515306122449,143.27970361830896,0.2857142857142857,False,C2_FUNCTIONAL_OR_LOWER,cross_script_validation
474,1,1,0.0,octopus,1,0.7807802765236963,0.6748826514934784,0.2192197234763037,1,0.0,0.9703657150609888,0.819515306122449,143.27970361830896,0.2857142857142857,False,C2_FUNCTIONAL_OR_LOWER,cross_script_validation
474,1,1,0.0,tiger_shark,2,0.780705304480893,0.6750026350710737,0.21929469551910696,2,0.0,0.9703657150609888,0.819515306122449,143.27970361830896,0.2857142857142857,False,C2_FUNCTIONAL_OR_LOWER,cross_script_validation
474,1,1,0.0,sun,3,0.7744332735926198,0.6849775133501579,0.22556672640738018,1,0.0,0.9703657150609888,0.819515306122449,143.27970361830896,0.2857142857142857,False,C2_FUNCTIONAL_OR_LOWER,cross_script_validation
474,1,1,0.0,foot,4,0.7716891394767686,0.6893035574866034,0.22831086052323135,1,1.4901161193847656e-08,0.9703657150609888,0.819515306122449,143.27970361830896,0.2857142857142857,False,C2_FUNCTIONAL_OR_LOWER,cross_script_validation
474,1,1,0.0,fairy_tern,5,0.7693159571447369,0.6930265764197007,0.23068404285526312,1,0.0,0.9703657150609888,0.819515306122449,143.27970361830896,0.2857142857142857,False,C2_FUNCTIONAL_OR_LOWER,cross_script_validation
476,1,1,0.0,moray_eel,1,0.7475062832500492,0.7264963776974152,0.2524937167499508,1,0.0,0.9703657150609888,0.819515306122449,143.27970361830896,0.2857142857142857,False,C2_FUNCTIONAL_OR_LOWER,cross_script_validation
476,1,1,0.0,fairy_tern,2,0.7383968417917107,0.7401063533252721,0.2616031582082893,1,0.0,0.9703657150609888,0.819515306122449,143.27970361830896,0.2857142857142857,False,C2_FUNCTIONAL_OR_LOWER,cross_script_validation
476,1,1,0.0,red_tailed_tropicbird,3,0.7082715914494992,0.783749513155637,0.29172840855050075,1,0.0,0.9703657150609888,0.819515306122449,143.27970361830896,0.2857142857142857,False,C2_FUNCTIONAL_OR_LOWER,cross_script_validation
476,1,1,0.0,octopus,4,0.7035018085614965,0.7904834564188455,0.29649819143850353,1,0.0,0.9703657150609888,0.819515306122449,143.27970361830896,0.2857142857142857,False,C2_FUNCTIONAL_OR_LOWER,cross_script_validation
476,1,1,0.0,reimiro,5,0.6907134592726846,0.8083211098166057,0.30928654072731543,1,0.0,0.9703657150609888,0.819515306122449,143.27970361830896,0.2857142857142857,False,C2_FUNCTIONAL_OR_LOWER,cross_script_validation
477,1,1,1.4901161193847656e-08,hand,1,0.7487041617521091,0.7246912011283709,0.2512958382478909,1,0.0,0.9703657150609888,0.819515306122449,143.27970361830896,0.2857142857142857,False,C2_FUNCTIONAL_OR_LOWER,cross_script_validation
477,1,1,1.4901161193847656e-08,tiger_shark,2,0.7337455277426214,0.7469778664498103,0.26625447225737864,2,0.0,0.9703657150609888,0.819515306122449,143.27970361830896,0.2857142857142857,False,C2_FUNCTIONAL_OR_LOWER,cross_script_validation
477,1,1,1.4901161193847656e-08,fairy_tern,3,0.7324670301542349,0.7488576957903038,0.26753296984576513,1,0.0,0.9703657150609888,0.819515306122449,143.27970361830896,0.2857142857142857,False,C2_FUNCTIONAL_OR_LOWER,cross_script_validation
477,1,1,1.4901161193847656e-08,moai,4,0.7244739936579853,0.7605253386750471,0.27552600634201474,2,0.0,0.9703657150609888,0.819515306122449,143.27970361830896,0.2857142857142857,False,C2_FUNCTIONAL_OR_LOWER,cross_script_validation
477,1,1,1.4901161193847656e-08,octopus,5,0.7241524077821617,0.7609917627092558,0.2758475922178383,1,0.0,0.9703657150609888,0.819515306122449,143.27970361830896,0.2857142857142857,False,C2_FUNCTIONAL_OR_LOWER,cross_script_validation
482,1,1,0.0,fairy_tern,1,0.7866401983200224,0.6654481058572822,0.2133598016799776,1,0.0,0.9703657150609888,0.819515306122449,143.27970361830896,0.2857142857142857,False,C2_FUNCTIONAL_OR_LOWER,cross_script_validation
482,1,1,0.0,moray_eel,2,0.7759075083540722,0.6826439455924632,0.22409249164592782,1,0.0,0.9703657150609888,0.819515306122449,143.27970361830896,0.2857142857142857,False,C2_FUNCTIONAL_OR_LOWER,cross_script_validation
482,1,1,0.0,tiger_shark,3,0.7635977182510495,0.701929543418961,0.2364022817489505,2,0.0,0.9703657150609888,0.819515306122449,143.27970361830896,0.2857142857142857,False,C2_FUNCTIONAL_OR_LOWER,cross_script_validation
482,1,1,0.0,hand,4,0.7557980064388625,0.7139243693659487,0.24420199356113748,1,0.0,0.9703657150609888,0.819515306122449,143.27970361830896,0.2857142857142857,False,C2_FUNCTIONAL_OR_LOWER,cross_script_validation
482,1,1,0.0,octopus,5,0.7530537294298392,0.7181052781942827,0.24694627057016083,1,0.0,0.9703657150609888,0.819515306122449,143.27970361830896,0.2857142857142857,False,C2_FUNCTIONAL_OR_LOWER,cross_script_validation
483,1,1,0.0,moai,1,0.7080637251797176,0.7840439228263147,0.2919362748202824,2,0.0,0.9703657150609888,0.819515306122449,143.27970361830896,0.2857142857142857,False,C2_FUNCTIONAL_OR_LOWER,cross_script_validation
483,1,1,0.0,tiger_shark,2,0.7001382425208632,0.7952052335655008,0.2998617574791368,2,0.0,0.9703657150609888,0.819515306122449,143.27970361830896,0.2857142857142857,False,C2_FUNCTIONAL_OR_LOWER,cross_script_validation
483,1,1,0.0,hand,3,0.698678280635555,0.7972479328074323,0.30132171936444496,1,0.0,0.9703657150609888,0.819515306122449,143.27970361830896,0.2857142857142857,False,C2_FUNCTIONAL_OR_LOWER,cross_script_validation
483,1,1,0.0,octopus,4,0.6940510720524371,0.803695356285021,0.3059489279475629,1,0.0,0.9703657150609888,0.819515306122449,143.27970361830896,0.2857142857142857,False,C2_FUNCTIONAL_OR_LOWER,cross_script_validation
483,1,1,0.0,fairy_tern,5,0.6874378305645298,0.8128411689887792,0.3125621694354702,1,0.0,0.9703657150609888,0.819515306122449,143.27970361830896,0.2857142857142857,False,C2_FUNCTIONAL_OR_LOWER,cross_script_validation
484,1,1,0.0,fairy_tern,1,0.7838392278757054,0.6699717186720981,0.21616077212429463,1,0.0,0.9703657150609888,0.819515306122449,143.27970361830896,0.2857142857142857,False,C2_FUNCTIONAL_OR_LOWER,cross_script_validation
484,1,1,0.0,moray_eel,2,0.7723824788984108,0.6882126788226477,0.22761752110158917,1,0.0,0.9703657150609888,0.819515306122449,143.27970361830896,0.2857142857142857,False,C2_FUNCTIONAL_OR_LOWER,cross_script_validation
484,1,1,0.0,tiger_shark,3,0.7695481077651635,0.6926631190885604,0.23045189223483653,2,0.0,0.9703657150609888,0.819515306122449,143.27970361830896,0.2857142857142857,False,C2_FUNCTIONAL_OR_LOWER,cross_script_validation
484,1,1,0.0,octopus,4,0.7693367132087636,0.6929940869948548,0.23066328679123638,1,0.0,0.9703657150609888,0.819515306122449,143.27970361830896,0.2857142857142857,False,C2_FUNCTIONAL_OR_LOWER,cross_script_validation
484,1,1,0.0,sun,5,0.7672273658092048,0.6962893762405415,0.2327726341907952,1,0.0,0.9703657150609888,0.819515306122449,143.27970361830896,0.2857142857142857,False,C2_FUNCTIONAL_OR_LOWER,cross_script_validation
486,1,1,0.0,tiger_shark,1,0.7661362320937085,0.6979888903494127,0.2338637679062915,2,0.0,0.9703657150609888,0.819515306122449,143.27970361830896,0.2857142857142857,False,C2_FUNCTIONAL_OR_LOWER,cross_script_validation
486,1,1,0.0,hand,2,0.7601131731516119,0.7073090608962046,0.23988682684838813,1,0.0,0.9703657150609888,0.819515306122449,143.27970361830896,0.2857142857142857,False,C2_FUNCTIONAL_OR_LOWER,cross_script_validation
486,1,1,0.0,fairy_tern,3,0.7390147373473968,0.7391896322879455,0.26098526265260324,1,0.0,0.9703657150609888,0.819515306122449,143.27970361830896,0.2857142857142857,False,C2_FUNCTIONAL_OR_LOWER,cross_script_validation
486,1,1,0.0,octopus,4,0.7388414189962572,0.7394468634982626,0.2611585810037428,1,0.0,0.9703657150609888,0.819515306122449,143.27970361830896,0.2857142857142857,False,C2_FUNCTIONAL_OR_LOWER,cross_script_validation
486,1,1,0.0,sun,5,0.7288337943487481,0.7541791830392843,0.27116620565125193,1,0.0,0.9703657150609888,0.819515306122449,143.27970361830896,0.2857142857142857,False,C2_FUNCTIONAL_OR_LOWER,cross_script_validation
487,1,1,0.0,hand,1,0.7248186709462511,0.7600251691469213,0.2751813290537489,1,0.0,0.9703657150609888,0.819515306122449,143.27970361830896,0.2857142857142857,False,C2_FUNCTIONAL_OR_LOWER,cross_script_validation
487,1,1,0.0,moray_eel,2,0.6546470048678021,0.8570807658941522,0.34535299513219786,1,0.0,0.9703657150609888,0.819515306122449,143.27970361830896,0.2857142857142857,False,C2_FUNCTIONAL_OR_LOWER,cross_script_validation
487,1,1,0.0,fairy_tern,3,0.6481248326263759,0.865676833179913,0.3518751673736241,1,0.0,0.9703657150609888,0.819515306122449,143.27970361830896,0.2857142857142857,False,C2_FUNCTIONAL_OR_LOWER,cross_script_validation
487,1,1,0.0,moai,4,0.6426516856533231,0.8728420490148735,0.3573483143466769,2,0.0,0.9703657150609888,0.819515306122449,143.27970361830896,0.2857142857142857,False,C2_FUNCTIONAL_OR_LOWER,cross_script_validation
487,1,1,0.0,octopus,5,0.632430439303933,0.8861095179390133,0.36756956069606705,1,0.0,0.9703657150609888,0.819515306122449,143.27970361830896,0.2857142857142857,False,C2_FUNCTIONAL_OR_LOWER,cross_script_validation
489,1,1,0.0,octopus,1,0.7700174844200525,0.6919277715110373,0.22998251557994753,1,0.0,0.9703657150609888,0.819515306122449,143.27970361830896,0.2857142857142857,False,C2_FUNCTIONAL_OR_LOWER,cross_script_validation
489,1,1,0.0,fairy_tern,2,0.768771587687948,0.6938782235591702,0.23122841231205205,1,0.0,0.9703657150609888,0.819515306122449,143.27970361830896,0.2857142857142857,False,C2_FUNCTIONAL_OR_LOWER,cross_script_validation
489,1,1,0.0,moray_eel,3,0.7661668963066287,0.6979411758246882,0.2338331036933713,1,0.0,0.9703657150609888,0.819515306122449,143.27970361830896,0.2857142857142857,False,C2_FUNCTIONAL_OR_LOWER,cross_script_validation
489,1,1,0.0,tiger_shark,4,0.7584316930707732,0.7098928846063003,0.24156830692922682,2,0.0,0.9703657150609888,0.819515306122449,143.27970361830896,0.2857142857142857,False,C2_FUNCTIONAL_OR_LOWER,cross_script_validation
489,1,1,0.0,moai,5,0.755070254837031,0.7150350599448106,0.24492974516296895,2,0.0,0.9703657150609888,0.819515306122449,143.27970361830896,0.2857142857142857,False,C2_FUNCTIONAL_OR_LOWER,cross_script_validation
494,1,1,0.0,tiger_shark,1,0.7354110125554542,0.7445232932911539,0.26458898744454584,2,0.0,0.9703657150609888,0.819515306122449,143.27970361830896,0.2857142857142857,False,C2_FUNCTIONAL_OR_LOWER,cross_script_validation
494,1,1,0.0,moai,2,0.7328746541465229,0.7482587623405942,0.26712534585347714,2,0.0,0.9703657150609888,0.819515306122449,143.27970361830896,0.2857142857142857,False,C2_FUNCTIONAL_OR_LOWER,cross_script_validation
494,1,1,0.0,fairy_tern,3,0.7312552245542713,0.7506359620509399,0.2687447754457287,1,0.0,0.9703657150609888,0.819515306122449,143.27970361830896,0.2857142857142857,False,C2_FUNCTIONAL_OR_LOWER,cross_script_validation
494,1,1,0.0,octopus,4,0.7232043903945987,0.7623654279589405,0.2767956096054013,1,0.0,0.9703657150609888,0.819515306122449,143.27970361830896,0.2857142857142857,False,C2_FUNCTIONAL_OR_LOWER,cross_script_validation
494,1,1,0.0,moray_eel,5,0.7202844103632743,0.7665840921639204,0.2797155896367257,1,0.0,0.9703657150609888,0.819515306122449,143.27970361830896,0.2857142857142857,False,C2_FUNCTIONAL_OR_LOWER,cross_script_validation
498,1,1,2.1073424255447017e-08,fairy_tern,1,0.7452005952348918,0.729960721761086,0.2547994047651082,1,0.0,0.9703657150609888,0.819515306122449,143.27970361830896,0.2857142857142857,False,C2_FUNCTIONAL_OR_LOWER,cross_script_validation
498,1,1,2.1073424255447017e-08,tiger_shark,2,0.7366034060531543,0.7427619335783001,0.26339659394684567,2,0.0,0.9703657150609888,0.819515306122449,143.27970361830896,0.2857142857142857,False,C2_FUNCTIONAL_OR_LOWER,cross_script_validation
498,1,1,2.1073424255447017e-08,moray_eel,3,0.7346906207806858,0.7455857994248601,0.2653093792193142,1,0.0,0.9703657150609888,0.819515306122449,143.27970361830896,0.2857142857142857,False,C2_FUNCTIONAL_OR_LOWER,cross_script_validation
498,1,1,2.1073424255447017e-08,octopus,4,0.7321752284530436,0.7492862113414017,0.2678247715469564,1,0.0,0.9703657150609888,0.819515306122449,143.27970361830896,0.2857142857142857,False,C2_FUNCTIONAL_OR_LOWER,cross_script_validation
498,1,1,2.1073424255447017e-08,sun,5,0.7207135140055947,0.7659653021300604,0.2792864859944053,1,0.0,0.9703657150609888,0.819515306122449,143.27970361830896,0.2857142857142857,False,C2_FUNCTIONAL_OR_LOWER,cross_script_validation
500,1,1,0.0,moray_eel,1,0.6741349907405608,0.8310033856227584,0.3258650092594392,1,0.0,0.9703657150609888,0.819515306122449,143.27970361830896,0.2857142857142857,False,C2_FUNCTIONAL_OR_LOWER,cross_script_validation
500,1,1,0.0,moai,2,0.6723394404774725,0.8334316886831459,0.3276605595225275,2,0.0,0.9703657150609888,0.819515306122449,143.27970361830896,0.2857142857142857,False,C2_FUNCTIONAL_OR_LOWER,cross_script_validation
500,1,1,0.0,sun,3,0.6660451652703272,0.8419021915817583,0.3339548347296728,1,0.0,0.9703657150609888,0.819515306122449,143.27970361830896,0.2857142857142857,False,C2_FUNCTIONAL_OR_LOWER,cross_script_validation
500,1,1,0.0,hand,4,0.663884280272604,0.8447954310369007,0.33611571972739596,1,0.0,0.9703657150609888,0.819515306122449,143.27970361830896,0.2857142857142857,False,C2_FUNCTIONAL_OR_LOWER,cross_script_validation
500,1,1,0.0,fairy_tern,5,0.660666754696623,0.8490897109241057,0.33933324530337705,1,0.0,0.9703657150609888,0.819515306122449,143.27970361830896,0.2857142857142857,False,C2_FUNCTIONAL_OR_LOWER,cross_script_validation
506,1,1,0.0,fairy_tern,1,0.7041817700327353,0.7895262450487719,0.2958182299672647,1,0.0,0.9703657150609888,0.819515306122449,143.27970361830896,0.2857142857142857,False,C2_FUNCTIONAL_OR_LOWER,cross_script_validation
506,1,1,0.0,moray_eel,2,0.7013623166682712,0.7934894172981156,0.2986376833317288,1,0.0,0.9703657150609888,0.819515306122449,143.27970361830896,0.2857142857142857,False,C2_FUNCTIONAL_OR_LOWER,cross_script_validation
506,1,1,0.0,tiger_shark,3,0.6691012638629914,0.8377975244782534,0.3308987361370086,2,0.0,0.9703657150609888,0.819515306122449,143.27970361830896,0.2857142857142857,False,C2_FUNCTIONAL_OR_LOWER,cross_script_validation
506,1,1,0.0,reimiro,4,0.6611871194133442,0.8483963075325248,0.3388128805866558,1,0.0,0.9703657150609888,0.819515306122449,143.27970361830896,0.2857142857142857,False,C2_FUNCTIONAL_OR_LOWER,cross_script_validation
506,1,1,0.0,octopus,5,0.6587960279434527,0.8515790318034313,0.3412039720565473,1,0.0,0.9703657150609888,0.819515306122449,143.27970361830896,0.2857142857142857,False,C2_FUNCTIONAL_OR_LOWER,cross_script_validation
507,1,1,0.0,tiger_shark,1,0.730919757869097,0.7511276441596221,0.269080242130903,2,0.0,0.9703657150609888,0.819515306122449,143.27970361830896,0.2857142857142857,False,C2_FUNCTIONAL_OR_LOWER,cross_script_validation
507,1,1,0.0,moai,2,0.7217889061061846,0.7644127778430903,0.2782110938938154,2,0.0,0.9703657150609888,0.819515306122449,143.27970361830896,0.2857142857142857,False,C2_FUNCTIONAL_OR_LOWER,cross_script_validation
507,1,1,0.0,octopus,3,0.716650043699761,0.7718092054350493,0.28334995630023896,1,0.0,0.9703657150609888,0.819515306122449,143.27970361830896,0.2857142857142857,False,C2_FUNCTIONAL_OR_LOWER,cross_script_validation
507,1,1,0.0,fairy_tern,4,0.7135627507934952,0.7762258496334276,0.2864372492065048,1,0.0,0.9703657150609888,0.819515306122449,143.27970361830896,0.2857142857142857,False,C2_FUNCTIONAL_OR_LOWER,cross_script_validation
507,1,1,0.0,sun,5,0.7126679868660882,0.777502175705673,0.28733201313391177,1,0.0,0.9703657150609888,0.819515306122449,143.27970361830896,0.2857142857142857,False,C2_FUNCTIONAL_OR_LOWER,cross_script_validation
509,1,1,0.0,moai,1,0.7574575769298859,0.7113861981029216,0.2425424230701141,2,0.0,0.9703657150609888,0.819515306122449,143.27970361830896,0.2857142857142857,False,C2_FUNCTIONAL_OR_LOWER,cross_script_validation
509,1,1,0.0,hand,2,0.7335701776429874,0.7472359167558448,0.2664298223570126,1,0.0,0.9703657150609888,0.819515306122449,143.27970361830896,0.2857142857142857,False,C2_FUNCTIONAL_OR_LOWER,cross_script_validation
509,1,1,0.0,tiger_shark,3,0.7304841712953277,0.7517656825072772,0.2695158287046723,2,0.0,0.9703657150609888,0.819515306122449,143.27970361830896,0.2857142857142857,False,C2_FUNCTIONAL_OR_LOWER,cross_script_validation
509,1,1,0.0,moray_eel,4,0.7191532356409236,0.7682134039753513,0.2808467643590764,1,0.0,0.9703657150609888,0.819515306122449,143.27970361830896,0.2857142857142857,False,C2_FUNCTIONAL_OR_LOWER,cross_script_validation
509,1,1,0.0,sun,5,0.7187520073548825,0.7687906618224133,0.28124799264511746,1,0.0,0.9703657150609888,0.819515306122449,143.27970361830896,0.2857142857142857,False,C2_FUNCTIONAL_OR_LOWER,cross_script_validation
515,1,1,0.0,moai,1,0.7045264145146428,0.789040726868845,0.2954735854853572,2,0.0,0.9703657150609888,0.819515306122449,143.27970361830896,0.2857142857142857,False,C2_FUNCTIONAL_OR_LOWER,cross_script_validation
515,1,1,0.0,moray_eel,2,0.6987865132248708,0.7970966396281393,0.30121348677512916,1,0.0,0.9703657150609888,0.819515306122449,143.27970361830896,0.2857142857142857,False,C2_FUNCTIONAL_OR_LOWER,cross_script_validation
515,1,1,0.0,reimiro,3,0.6976200751555479,0.798725972364855,0.3023799248444521,1,0.0,0.9703657150609888,0.819515306122449,143.27970361830896,0.2857142857142857,False,C2_FUNCTIONAL_OR_LOWER,cross_script_validation
515,1,1,0.0,fairy_tern,4,0.6917581801713831,0.806875387503471,0.30824181982861687,1,0.0,0.9703657150609888,0.819515306122449,143.27970361830896,0.2857142857142857,False,C2_FUNCTIONAL_OR_LOWER,cross_script_validation
515,1,1,0.0,octopus,5,0.6905828800352563,0.80850166965856,0.30941711996474375,1,0.0,0.9703657150609888,0.819515306122449,143.27970361830896,0.2857142857142857,False,C2_FUNCTIONAL_OR_LOWER,cross_script_validation
521,1,1,0.0,tiger_shark,1,0.7501450414929091,0.722514938417715,0.24985495850709094,2,0.0,0.9703657150609888,0.819515306122449,143.27970361830896,0.2857142857142857,False,C2_FUNCTIONAL_OR_LOWER,cross_script_validation
521,1,1,0.0,moai,2,0.7493992445381263,0.7236420376135875,0.25060075546187366,2,0.0,0.9703657150609888,0.819515306122449,143.27970361830896,0.2857142857142857,False,C2_FUNCTIONAL_OR_LOWER,cross_script_validation
521,1,1,0.0,fairy_tern,3,0.7378965010604671,0.7408479941781595,0.2621034989395329,1,0.0,0.9703657150609888,0.819515306122449,143.27970361830896,0.2857142857142857,False,C2_FUNCTIONAL_OR_LOWER,cross_script_validation
521,1,1,0.0,octopus,4,0.7376889665042698,0.7411554403421442,0.26231103349573015,1,0.0,0.9703657150609888,0.819515306122449,143.27970361830896,0.2857142857142857,False,C2_FUNCTIONAL_OR_LOWER,cross_script_validation
521,1,1,0.0,moray_eel,5,0.7259585191383703,0.7583692295804714,0.2740414808616297,1,0.0,0.9703657150609888,0.819515306122449,143.27970361830896,0.2857142857142857,False,C2_FUNCTIONAL_OR_LOWER,cross_script_validation
526,1,1,0.0,moray_eel,1,0.7576337665319658,0.7111162924373564,0.2423662334680342,1,0.0,0.9703657150609888,0.819515306122449,143.27970361830896,0.2857142857142857,False,C2_FUNCTIONAL_OR_LOWER,cross_script_validation
526,1,1,0.0,fairy_tern,2,0.7572766047065318,0.7116633423267626,0.2427233952934682,1,0.0,0.9703657150609888,0.819515306122449,143.27970361830896,0.2857142857142857,False,C2_FUNCTIONAL_OR_LOWER,cross_script_validation
526,1,1,0.0,tiger_shark,3,0.724283600157137,0.7608015105677718,0.275716399842863,2,0.0,0.9703657150609888,0.819515306122449,143.27970361830896,0.2857142857142857,False,C2_FUNCTIONAL_OR_LOWER,cross_script_validation
526,1,1,0.0,reimiro,4,0.721220663916423,0.765233451590956,0.27877933608357697,1,0.0,0.9703657150609888,0.819515306122449,143.27970361830896,0.2857142857142857,False,C2_FUNCTIONAL_OR_LOWER,cross_script_validation
526,1,1,0.0,octopus,5,0.713626922453815,0.7761342489355296,0.286373077546185,1,0.0,0.9703657150609888,0.819515306122449,143.27970361830896,0.2857142857142857,False,C2_FUNCTIONAL_OR_LOWER,cross_script_validation
536,1,1,2.1073424255447017e-08,moray_eel,1,0.7375139703738066,0.7414146031422291,0.2624860296261934,1,0.0,0.9703657150609888,0.819515306122449,143.27970361830896,0.2857142857142857,False,C2_FUNCTIONAL_OR_LOWER,cross_script_validation
536,1,1,2.1073424255447017e-08,fairy_tern,2,0.7360274635214503,0.743613115798443,0.2639725364785497,1,0.0,0.9703657150609888,0.819515306122449,143.27970361830896,0.2857142857142857,False,C2_FUNCTIONAL_OR_LOWER,cross_script_validation
536,1,1,2.1073424255447017e-08,tiger_shark,3,0.711571477453562,0.7790640264508623,0.288428522546438,2,0.0,0.9703657150609888,0.819515306122449,143.27970361830896,0.2857142857142857,False,C2_FUNCTIONAL_OR_LOWER,cross_script_validation
536,1,1,2.1073424255447017e-08,octopus,4,0.7011805881398895,0.7937443337959901,0.2988194118601105,1,0.0,0.9703657150609888,0.819515306122449,143.27970361830896,0.2857142857142857,False,C2_FUNCTIONAL_OR_LOWER,cross_script_validation
536,1,1,2.1073424255447017e-08,hand,5,0.6910046028332588,0.8079184157623843,0.3089953971667412,1,0.0,0.9703657150609888,0.819515306122449,143.27970361830896,0.2857142857142857,False,C2_FUNCTIONAL_OR_LOWER,cross_script_validation
538,1,1,0.0,hand,1,0.7001044077275625,0.7952526196450169,0.29989559227243745,1,0.0,0.9703657150609888,0.819515306122449,143.27970361830896,0.2857142857142857,False,C2_FUNCTIONAL_OR_LOWER,cross_script_validation
538,1,1,0.0,foot,2,0.6837346196501234,0.8179280771005507,0.3162653803498766,1,1.4901161193847656e-08,0.9703657150609888,0.819515306122449,143.27970361830896,0.2857142857142857,False,C2_FUNCTIONAL_OR_LOWER,cross_script_validation
538,1,1,0.0,moai,3,0.6820044181093348,0.8202964650715431,0.31799558189066524,2,0.0,0.9703657150609888,0.819515306122449,143.27970361830896,0.2857142857142857,False,C2_FUNCTIONAL_OR_LOWER,cross_script_validation
538,1,1,0.0,sun,4,0.681082052055096,0.821556910815835,0.318917947944904,1,0.0,0.9703657150609888,0.819515306122449,143.27970361830896,0.2857142857142857,False,C2_FUNCTIONAL_OR_LOWER,cross_script_validation
538,1,1,0.0,fairy_tern,5,0.6755722055149963,0.8290558114240679,0.3244277944850037,1,0.0,0.9703657150609888,0.819515306122449,143.27970361830896,0.2857142857142857,False,C2_FUNCTIONAL_OR_LOWER,cross_script_validation
541,1,1,0.0,moai,1,0.7271625835356496,0.7566168488650907,0.27283741646435045,2,0.0,0.9703657150609888,0.819515306122449,143.27970361830896,0.2857142857142857,False,C2_FUNCTIONAL_OR_LOWER,cross_script_validation
541,1,1,0.0,moray_eel,2,0.7085550283330093,0.7833479294760785,0.2914449716669907,1,0.0,0.9703657150609888,0.819515306122449,143.27970361830896,0.2857142857142857,False,C2_FUNCTIONAL_OR_LOWER,cross_script_validation
541,1,1,0.0,sun,3,0.688191081212944,0.8118034713212589,0.31180891878705597,1,0.0,0.9703657150609888,0.819515306122449,143.27970361830896,0.2857142857142857,False,C2_FUNCTIONAL_OR_LOWER,cross_script_validation
541,1,1,0.0,fairy_tern,4,0.6870820356832148,0.813330966926973,0.3129179643167852,1,0.0,0.9703657150609888,0.819515306122449,143.27970361830896,0.2857142857142857,False,C2_FUNCTIONAL_OR_LOWER,cross_script_validation
541,1,1,0.0,tiger_shark,5,0.6842077780632587,0.817279478611327,0.3157922219367413,2,0.0,0.9703657150609888,0.819515306122449,143.27970361830896,0.2857142857142857,False,C2_FUNCTIONAL_OR_LOWER,cross_script_validation
543,1,1,1.4901161193847656e-08,moray_eel,1,0.8131392761168427,0.6212710475360282,0.18686072388315733,1,0.0,0.9703657150609888,0.819515306122449,143.27970361830896,0.2857142857142857,False,C2_FUNCTIONAL_OR_LOWER,cross_script_validation
543,1,1,1.4901161193847656e-08,fairy_tern,2,0.76703025117724,0.6965966509992947,0.23296974882276,1,0.0,0.9703657150609888,0.819515306122449,143.27970361830896,0.2857142857142857,False,C2_FUNCTIONAL_OR_LOWER,cross_script_validation
543,1,1,1.4901161193847656e-08,tiger_shark,3,0.7441834234214134,0.731484784783976,0.2558165765785866,2,0.0,0.9703657150609888,0.819515306122449,143.27970361830896,0.2857142857142857,False,C2_FUNCTIONAL_OR_LOWER,cross_script_validation
543,1,1,1.4901161193847656e-08,octopus,4,0.7152884595699271,0.7737595320035268,0.28471154043007285,1,0.0,0.9703657150609888,0.819515306122449,143.27970361830896,0.2857142857142857,False,C2_FUNCTIONAL_OR_LOWER,cross_script_validation
543,1,1,1.4901161193847656e-08,moai,5,0.7047318431556701,0.7887512177720052,0.29526815684432994,2,0.0,0.9703657150609888,0.819515306122449,143.27970361830896,0.2857142857142857,False,C2_FUNCTIONAL_OR_LOWER,cross_script_validation
544,1,1,0.0,hand,1,0.7451551077959216,0.730028932547006,0.25484489220407835,1,0.0,0.9703657150609888,0.819515306122449,143.27970361830896,0.2857142857142857,False,C2_FUNCTIONAL_OR_LOWER,cross_script_validation
544,1,1,0.0,foot,2,0.6658401146096596,0.8421770573353838,0.33415988539034036,1,1.4901161193847656e-08,0.9703657150609888,0.819515306122449,143.27970361830896,0.2857142857142857,False,C2_FUNCTIONAL_OR_LOWER,cross_script_validation
544,1,1,0.0,moai,3,0.6528171820332856,0.8594988460198818,0.34718281796671435,2,0.0,0.9703657150609888,0.819515306122449,143.27970361830896,0.2857142857142857,False,C2_FUNCTIONAL_OR_LOWER,cross_script_validation
544,1,1,0.0,tiger_shark,4,0.6420383407726795,0.8736423262080782,0.3579616592273205,2,0.0,0.9703657150609888,0.819515306122449,143.27970361830896,0.2857142857142857,False,C2_FUNCTIONAL_OR_LOWER,cross_script_validation
544,1,1,0.0,octopus,5,0.6408276013161742,0.8752204972951994,0.3591723986838258,1,0.0,0.9703657150609888,0.819515306122449,143.27970361830896,0.2857142857142857,False,C2_FUNCTIONAL_OR_LOWER,cross_script_validation
546,1,1,0.0,moray_eel,1,0.7087957244424465,0.7830067752924196,0.29120427555755346,1,0.0,0.9703657150609888,0.819515306122449,143.27970361830896,0.2857142857142857,False,C2_FUNCTIONAL_OR_LOWER,cross_script_validation
546,1,1,0.0,tiger_shark,2,0.7031374073768891,0.7909960666898991,0.2968625926231109,2,0.0,0.9703657150609888,0.819515306122449,143.27970361830896,0.2857142857142857,False,C2_FUNCTIONAL_OR_LOWER,cross_script_validation
546,1,1,0.0,octopus,3,0.6934383028762067,0.8045461635156863,0.30656169712379333,1,0.0,0.9703657150609888,0.819515306122449,143.27970361830896,0.2857142857142857,False,C2_FUNCTIONAL_OR_LOWER,cross_script_validation
546,1,1,0.0,fairy_tern,4,0.6924206641632823,0.8059575802487914,0.3075793358367177,1,0.0,0.9703657150609888,0.819515306122449,143.27970361830896,0.2857142857142857,False,C2_FUNCTIONAL_OR_LOWER,cross_script_validation
546,1,1,0.0,sun,5,0.6882159109207546,0.8117692478867905,0.3117840890792454,1,0.0,0.9703657150609888,0.819515306122449,143.27970361830896,0.2857142857142857,False,C2_FUNCTIONAL_OR_LOWER,cross_script_validation
550,1,1,0.0,moai,1,0.7010488983778517,0.793929019366184,0.29895110162214833,2,0.0,0.9703657150609888,0.819515306122449,143.27970361830896,0.2857142857142857,False,C2_FUNCTIONAL_OR_LOWER,cross_script_validation
550,1,1,0.0,moray_eel,2,0.671406637383021,0.8346910996546035,0.328593362616979,1,0.0,0.9703657150609888,0.819515306122449,143.27970361830896,0.2857142857142857,False,C2_FUNCTIONAL_OR_LOWER,cross_script_validation
550,1,1,0.0,octopus,3,0.6683900394467779,0.8387541255139475,0.3316099605532221,1,0.0,0.9703657150609888,0.819515306122449,143.27970361830896,0.2857142857142857,False,C2_FUNCTIONAL_OR_LOWER,cross_script_validation
550,1,1,0.0,fairy_tern,4,0.6681373641500328,0.8390937773325261,0.3318626358499672,1,0.0,0.9703657150609888,0.819515306122449,143.27970361830896,0.2857142857142857,False,C2_FUNCTIONAL_OR_LOWER,cross_script_validation
550,1,1,0.0,sun,5,0.6653452525583653,0.8428401311695873,0.3346547474416347,1,0.0,0.9703657150609888,0.819515306122449,143.27970361830896,0.2857142857142857,False,C2_FUNCTIONAL_OR_LOWER,cross_script_validation
552,1,1,1.4901161193847656e-08,fairy_tern,1,0.7501546751191278,0.722500370000406,0.2498453248808722,1,0.0,0.9703657150609888,0.819515306122449,143.27970361830896,0.2857142857142857,False,C2_FUNCTIONAL_OR_LOWER,cross_script_validation
552,1,1,1.4901161193847656e-08,tiger_shark,2,0.7336482335437843,0.7471210563008287,0.2663517664562157,2,0.0,0.9703657150609888,0.819515306122449,143.27970361830896,0.2857142857142857,False,C2_FUNCTIONAL_OR_LOWER,cross_script_validation
552,1,1,1.4901161193847656e-08,octopus,3,0.7304050646356273,0.7518815096096428,0.26959493536437273,1,0.0,0.9703657150609888,0.819515306122449,143.27970361830896,0.2857142857142857,False,C2_FUNCTIONAL_OR_LOWER,cross_script_validation
552,1,1,1.4901161193847656e-08,moray_eel,4,0.7277072653543056,0.7558230563912046,0.27229273464569437,1,0.0,0.9703657150609888,0.819515306122449,143.27970361830896,0.2857142857142857,False,C2_FUNCTIONAL_OR_LOWER,cross_script_validation
552,1,1,1.4901161193847656e-08,reimiro,5,0.7275081894821955,0.7561132572365146,0.27249181051780447,1,0.0,0.9703657150609888,0.819515306122449,143.27970361830896,0.2857142857142857,False,C2_FUNCTIONAL_OR_LOWER,cross_script_validation
553,1,1,0.0,fairy_tern,1,0.7437997580735165,0.732058971704585,0.2562002419264835,1,0.0,0.9703657150609888,0.819515306122449,143.27970361830896,0.2857142857142857,False,C2_FUNCTIONAL_OR_LOWER,cross_script_validation
553,1,1,0.0,moray_eel,2,0.7365968037529018,0.7427716955503654,0.2634031962470982,1,0.0,0.9703657150609888,0.819515306122449,143.27970361830896,0.2857142857142857,False,C2_FUNCTIONAL_OR_LOWER,cross_script_validation
553,1,1,0.0,octopus,3,0.7299910869907489,0.7524874173286126,0.2700089130092511,1,0.0,0.9703657150609888,0.819515306122449,143.27970361830896,0.2857142857142857,False,C2_FUNCTIONAL_OR_LOWER,cross_script_validation
553,1,1,0.0,tiger_shark,4,0.7284514096646445,0.7547374951835601,0.2715485903353555,2,0.0,0.9703657150609888,0.819515306122449,143.27970361830896,0.2857142857142857,False,C2_FUNCTIONAL_OR_LOWER,cross_script_validation
553,1,1,0.0,sun,5,0.7224937558919886,0.7633938339239097,0.2775062441080114,1,0.0,0.9703657150609888,0.819515306122449,143.27970361830896,0.2857142857142857,False,C2_FUNCTIONAL_OR_LOWER,cross_script_validation
554,1,1,0.0,moai,1,0.7490020915948723,0.7242416558213103,0.2509979084051277,2,0.0,0.9703657150609888,0.819515306122449,143.27970361830896,0.2857142857142857,False,C2_FUNCTIONAL_OR_LOWER,cross_script_validation
554,1,1,0.0,foot,2,0.7067863254525047,0.7858512536128045,0.29321367454749525,1,1.4901161193847656e-08,0.9703657150609888,0.819515306122449,143.27970361830896,0.2857142857142857,False,C2_FUNCTIONAL_OR_LOWER,cross_script_validation
554,1,1,0.0,sun,3,0.704065359946956,0.7896901850301912,0.29593464005304404,1,0.0,0.9703657150609888,0.819515306122449,143.27970361830896,0.2857142857142857,False,C2_FUNCTIONAL_OR_LOWER,cross_script_validation
554,1,1,0.0,tiger_shark,4,0.698338004901496,0.7977234425124079,0.301661995098504,2,0.0,0.9703657150609888,0.819515306122449,143.27970361830896,0.2857142857142857,False,C2_FUNCTIONAL_OR_LOWER,cross_script_validation
554,1,1,0.0,fairy_tern,5,0.6933755387316728,0.804633269857585,0.3066244612683272,1,0.0,0.9703657150609888,0.819515306122449,143.27970361830896,0.2857142857142857,False,C2_FUNCTIONAL_OR_LOWER,cross_script_validation
556,1,1,0.0,hand,1,0.7498913292007305,0.7228985273190446,0.25010867079926946,1,0.0,0.9703657150609888,0.819515306122449,143.27970361830896,0.2857142857142857,False,C2_FUNCTIONAL_OR_LOWER,cross_script_validation
556,1,1,0.0,fairy_tern,2,0.6750301209682339,0.8297907994265254,0.3249698790317661,1,0.0,0.9703657150609888,0.819515306122449,143.27970361830896,0.2857142857142857,False,C2_FUNCTIONAL_OR_LOWER,cross_script_validation
556,1,1,0.0,tiger_shark,3,0.6668481474092662,0.8408251620811393,0.33315185259073377,2,0.0,0.9703657150609888,0.819515306122449,143.27970361830896,0.2857142857142857,False,C2_FUNCTIONAL_OR_LOWER,cross_script_validation
556,1,1,0.0,moray_eel,4,0.6616433703954834,0.8477879890117865,0.3383566296045166,1,0.0,0.9703657150609888,0.819515306122449,143.27970361830896,0.2857142857142857,False,C2_FUNCTIONAL_OR_LOWER,cross_script_validation
556,1,1,0.0,moai,5,0.6516830936794046,0.8609949977512108,0.3483169063205954,2,0.0,0.9703657150609888,0.819515306122449,143.27970361830896,0.2857142857142857,False,C2_FUNCTIONAL_OR_LOWER,cross_script_validation
557,1,1,0.0,hand,1,0.7388747528731793,0.7393973965103448,0.2611252471268207,1,0.0,0.9703657150609888,0.819515306122449,143.27970361830896,0.2857142857142857,False,C2_FUNCTIONAL_OR_LOWER,cross_script_validation
557,1,1,0.0,fairy_tern,2,0.6585474598923508,0.8519093853469898,0.34145254010764925,1,0.0,0.9703657150609888,0.819515306122449,143.27970361830896,0.2857142857142857,False,C2_FUNCTIONAL_OR_LOWER,cross_script_validation
557,1,1,0.0,moray_eel,3,0.6580290056022811,0.8525981177629643,0.34197099439771894,1,0.0,0.9703657150609888,0.819515306122449,143.27970361830896,0.2857142857142857,False,C2_FUNCTIONAL_OR_LOWER,cross_script_validation
557,1,1,0.0,tiger_shark,4,0.647416669350696,0.8666063823072249,0.352583330649304,2,0.0,0.9703657150609888,0.819515306122449,143.27970361830896,0.2857142857142857,False,C2_FUNCTIONAL_OR_LOWER,cross_script_validation
557,1,1,0.0,moai,5,0.6468817598020092,0.8673080288065182,0.35311824019799076,2,0.0,0.9703657150609888,0.819515306122449,143.27970361830896,0.2857142857142857,False,C2_FUNCTIONAL_OR_LOWER,cross_script_validation
558,1,1,1.4901161193847656e-08,moray_eel,1,0.7572279750537707,0.7117377994991279,0.2427720249462293,1,0.0,0.9703657150609888,0.819515306122449,143.27970361830896,0.2857142857142857,False,C2_FUNCTIONAL_OR_LOWER,cross_script_validation
558,1,1,1.4901161193847656e-08,fairy_tern,2,0.7554796422105576,0.7144104301625332,0.24452035778944237,1,0.0,0.9703657150609888,0.819515306122449,143.27970361830896,0.2857142857142857,False,C2_FUNCTIONAL_OR_LOWER,cross_script_validation
558,1,1,1.4901161193847656e-08,sun,3,0.7324839913785084,0.7488327818813617,0.2675160086214916,1,0.0,0.9703657150609888,0.819515306122449,143.27970361830896,0.2857142857142857,False,C2_FUNCTIONAL_OR_LOWER,cross_script_validation
558,1,1,1.4901161193847656e-08,octopus,4,0.7289754339599932,0.753972293682245,0.2710245660400068,1,0.0,0.9703657150609888,0.819515306122449,143.27970361830896,0.2857142857142857,False,C2_FUNCTIONAL_OR_LOWER,cross_script_validation
558,1,1,1.4901161193847656e-08,tiger_shark,5,0.7280823693524588,0.7552760093680103,0.27191763064754115,2,0.0,0.9703657150609888,0.819515306122449,143.27970361830896,0.2857142857142857,False,C2_FUNCTIONAL_OR_LOWER,cross_script_validation
561,1,1,0.0,hand,1,0.6861124335398282,0.8146646006877735,0.3138875664601718,1,0.0,0.9703657150609888,0.819515306122449,143.27970361830896,0.2857142857142857,False,C2_FUNCTIONAL_OR_LOWER,cross_script_validation
561,1,1,0.0,fairy_tern,2,0.5586237183023055,0.9780707836401142,0.4413762816976945,1,0.0,0.9703657150609888,0.819515306122449,143.27970361830896,0.2857142857142857,False,C2_FUNCTIONAL_OR_LOWER,iconicity|cross_script_validation
561,1,1,0.0,moray_eel,3,0.5495398937300504,0.988982905888966,0.4504601062699496,1,0.0,0.9703657150609888,0.819515306122449,143.27970361830896,0.2857142857142857,False,C2_FUNCTIONAL_OR_LOWER,iconicity|cross_script_validation
561,1,1,0.0,octopus,4,0.5448839164148677,0.9945456583519067,0.45511608358513234,1,0.0,0.9703657150609888,0.819515306122449,143.27970361830896,0.2857142857142857,False,C2_FUNCTIONAL_OR_LOWER,iconicity|cross_script_validation
561,1,1,0.0,green_sea_turtle,5,0.5404707812074905,0.9997997718587668,0.4595292187925095,1,0.0,0.9703657150609888,0.819515306122449,143.27970361830896,0.2857142857142857,False,C2_FUNCTIONAL_OR_LOWER,iconicity|cross_script_validation
562,1,1,0.0,moai,1,0.7540637783527939,0.716568802260828,0.24593622164720608,2,0.0,0.9703657150609888,0.819515306122449,143.27970361830896,0.2857142857142857,False,C2_FUNCTIONAL_OR_LOWER,cross_script_validation
562,1,1,0.0,hand,2,0.7459070829368079,0.7289006381327325,0.25409291706319215,1,0.0,0.9703657150609888,0.819515306122449,143.27970361830896,0.2857142857142857,False,C2_FUNCTIONAL_OR_LOWER,cross_script_validation
562,1,1,0.0,sun,3,0.7381478906742527,0.7404754417191629,0.2618521093257473,1,0.0,0.9703657150609888,0.819515306122449,143.27970361830896,0.2857142857142857,False,C2_FUNCTIONAL_OR_LOWER,cross_script_validation
562,1,1,0.0,tiger_shark,4,0.7356428200279682,0.744181139761111,0.2643571799720318,2,0.0,0.9703657150609888,0.819515306122449,143.27970361830896,0.2857142857142857,False,C2_FUNCTIONAL_OR_LOWER,cross_script_validation
562,1,1,0.0,foot,5,0.733766756856963,0.7469466201877187,0.266233243143037,1,1.4901161193847656e-08,0.9703657150609888,0.819515306122449,143.27970361830896,0.2857142857142857,False,C2_FUNCTIONAL_OR_LOWER,cross_script_validation
567,1,1,0.0,fairy_tern,1,0.7203868806573434,0.7664363607574819,0.27961311934265665,1,0.0,0.9703657150609888,0.819515306122449,143.27970361830896,0.2857142857142857,False,C2_FUNCTIONAL_OR_LOWER,cross_script_validation
567,1,1,0.0,moray_eel,2,0.7105301031585282,0.7805450597011484,0.28946989684147184,1,0.0,0.9703657150609888,0.819515306122449,143.27970361830896,0.2857142857142857,False,C2_FUNCTIONAL_OR_LOWER,cross_script_validation
567,1,1,0.0,octopus,3,0.6945920980133731,0.8029435813605691,0.30540790198662693,1,0.0,0.9703657150609888,0.819515306122449,143.27970361830896,0.2857142857142857,False,C2_FUNCTIONAL_OR_LOWER,cross_script_validation
567,1,1,0.0,hand,4,0.6913237929495964,0.8074767510112972,0.30867620705040355,1,0.0,0.9703657150609888,0.819515306122449,143.27970361830896,0.2857142857142857,False,C2_FUNCTIONAL_OR_LOWER,cross_script_validation
567,1,1,0.0,sun,5,0.6871345259765734,0.8132587214792187,0.31286547402342657,1,0.0,0.9703657150609888,0.819515306122449,143.27970361830896,0.2857142857142857,False,C2_FUNCTIONAL_OR_LOWER,cross_script_validation
574,1,1,0.0,fairy_tern,1,0.7569369995199565,0.7121831797994085,0.24306300048004348,1,0.0,0.9703657150609888,0.819515306122449,143.27970361830896,0.2857142857142857,False,C2_FUNCTIONAL_OR_LOWER,cross_script_validation
574,1,1,0.0,moray_eel,2,0.7519615974136226,0.719763583700047,0.24803840258637744,1,0.0,0.9703657150609888,0.819515306122449,143.27970361830896,0.2857142857142857,False,C2_FUNCTIONAL_OR_LOWER,cross_script_validation
574,1,1,0.0,sun,3,0.7463086907335112,0.7282974649495415,0.25369130926648875,1,0.0,0.9703657150609888,0.819515306122449,143.27970361830896,0.2857142857142857,False,C2_FUNCTIONAL_OR_LOWER,cross_script_validation
574,1,1,0.0,tiger_shark,4,0.7430983602101084,0.7331077244124872,0.25690163978989156,2,0.0,0.9703657150609888,0.819515306122449,143.27970361830896,0.2857142857142857,False,C2_FUNCTIONAL_OR_LOWER,cross_script_validation
574,1,1,0.0,octopus,5,0.7365158269930676,0.7428914170269163,0.2634841730069324,1,0.0,0.9703657150609888,0.819515306122449,143.27970361830896,0.2857142857142857,False,C2_FUNCTIONAL_OR_LOWER,cross_script_validation
578,1,1,0.0,hand,1,0.7340289048469897,0.7465606883697044,0.2659710951530103,1,0.0,0.9703657150609888,0.819515306122449,143.27970361830896,0.2857142857142857,False,C2_FUNCTIONAL_OR_LOWER,cross_script_validation
578,1,1,0.0,sun,2,0.7332121702730833,0.7477625477773446,0.2667878297269167,1,0.0,0.9703657150609888,0.819515306122449,143.27970361830896,0.2857142857142857,False,C2_FUNCTIONAL_OR_LOWER,cross_script_validation
578,1,1,0.0,foot,3,0.7265187257318201,0.7575543156067941,0.2734812742681799,1,1.4901161193847656e-08,0.9703657150609888,0.819515306122449,143.27970361830896,0.2857142857142857,False,C2_FUNCTIONAL_OR_LOWER,cross_script_validation
578,1,1,0.0,moai,4,0.7206486300496302,0.7660588937463839,0.2793513699503698,2,0.0,0.9703657150609888,0.819515306122449,143.27970361830896,0.2857142857142857,False,C2_FUNCTIONAL_OR_LOWER,cross_script_validation
578,1,1,0.0,fairy_tern,5,0.7145459770234276,0.7748214213391301,0.2854540229765724,1,0.0,0.9703657150609888,0.819515306122449,143.27970361830896,0.2857142857142857,False,C2_FUNCTIONAL_OR_LOWER,cross_script_validation
582,1,1,0.0,fairy_tern,1,0.7620956520580016,0.7042526423536647,0.23790434794199844,1,0.0,0.9703657150609888,0.819515306122449,143.27970361830896,0.2857142857142857,False,C2_FUNCTIONAL_OR_LOWER,cross_script_validation
582,1,1,0.0,tiger_shark,2,0.7591068090361335,0.708856412276688,0.24089319096386652,2,0.0,0.9703657150609888,0.819515306122449,143.27970361830896,0.2857142857142857,False,C2_FUNCTIONAL_OR_LOWER,cross_script_validation
582,1,1,0.0,moray_eel,3,0.7515967629687443,0.7203168536444607,0.24840323703125566,1,0.0,0.9703657150609888,0.819515306122449,143.27970361830896,0.2857142857142857,False,C2_FUNCTIONAL_OR_LOWER,cross_script_validation
582,1,1,0.0,octopus,4,0.7424980154938002,0.7340044100200505,0.25750198450619977,1,0.0,0.9703657150609888,0.819515306122449,143.27970361830896,0.2857142857142857,False,C2_FUNCTIONAL_OR_LOWER,cross_script_validation
582,1,1,0.0,sun,5,0.7415258389770326,0.7354545833975938,0.2584741610229674,1,0.0,0.9703657150609888,0.819515306122449,143.27970361830896,0.2857142857142857,False,C2_FUNCTIONAL_OR_LOWER,cross_script_validation
585,1,1,0.0,moai,1,0.7175207726188854,0.7705599263648907,0.28247922738111464,2,0.0,0.9703657150609888,0.819515306122449,143.27970361830896,0.2857142857142857,False,C2_FUNCTIONAL_OR_LOWER,cross_script_validation
585,1,1,0.0,toki,2,0.6949428027701842,0.8024559729438254,0.30505719722981584,1,0.0,0.9703657150609888,0.819515306122449,143.27970361830896,0.2857142857142857,False,C2_FUNCTIONAL_OR_LOWER,cross_script_validation
585,1,1,0.0,sun,3,0.6914714734968745,0.807272341636258,0.30852852650312546,1,0.0,0.9703657150609888,0.819515306122449,143.27970361830896,0.2857142857142857,False,C2_FUNCTIONAL_OR_LOWER,cross_script_validation
585,1,1,0.0,octopus,4,0.6861805923775097,0.8145709068468674,0.3138194076224903,1,0.0,0.9703657150609888,0.819515306122449,143.27970361830896,0.2857142857142857,False,C2_FUNCTIONAL_OR_LOWER,cross_script_validation
585,1,1,0.0,moray_eel,5,0.685599806477944,0.8153690131112932,0.31440019352205595,1,0.0,0.9703657150609888,0.819515306122449,143.27970361830896,0.2857142857142857,False,C2_FUNCTIONAL_OR_LOWER,cross_script_validation
586,1,1,0.0,fairy_tern,1,0.7373271942615137,0.7416911307625293,0.2626728057384863,1,0.0,0.9703657150609888,0.819515306122449,143.27970361830896,0.2857142857142857,False,C2_FUNCTIONAL_OR_LOWER,cross_script_validation
586,1,1,0.0,moray_eel,2,0.7263530229927322,0.757795430975783,0.2736469770072678,1,0.0,0.9703657150609888,0.819515306122449,143.27970361830896,0.2857142857142857,False,C2_FUNCTIONAL_OR_LOWER,cross_script_validation
586,1,1,0.0,moai,3,0.7228316843136606,0.7629049334199844,0.2771683156863394,2,0.0,0.9703657150609888,0.819515306122449,143.27970361830896,0.2857142857142857,False,C2_FUNCTIONAL_OR_LOWER,cross_script_validation
586,1,1,0.0,sun,4,0.7179109078753779,0.7699996577324874,0.2820890921246221,1,0.0,0.9703657150609888,0.819515306122449,143.27970361830896,0.2857142857142857,False,C2_FUNCTIONAL_OR_LOWER,cross_script_validation
586,1,1,0.0,tiger_shark,5,0.7177906602680026,0.7701723783982848,0.28220933973199736,2,0.0,0.9703657150609888,0.819515306122449,143.27970361830896,0.2857142857142857,False,C2_FUNCTIONAL_OR_LOWER,cross_script_validation
598,1,1,0.0,moray_eel,1,0.5852055935232717,0.9456627500632346,0.4147944064767283,1,0.0,0.9703657150609888,0.819515306122449,143.27970361830896,0.2857142857142857,False,C2_FUNCTIONAL_OR_LOWER,iconicity|cross_script_validation
598,1,1,0.0,fairy_tern,2,0.5537586459531033,0.9839248995635153,0.4462413540468967,1,0.0,0.9703657150609888,0.819515306122449,143.27970361830896,0.2857142857142857,False,C2_FUNCTIONAL_OR_LOWER,iconicity|cross_script_validation
598,1,1,0.0,reimiro,3,0.5415525171760885,0.9985135450858812,0.45844748282391146,1,0.0,0.9703657150609888,0.819515306122449,143.27970361830896,0.2857142857142857,False,C2_FUNCTIONAL_OR_LOWER,iconicity|cross_script_validation
598,1,1,0.0,toki,4,0.5405773468905981,0.9996731082827718,0.4594226531094019,1,0.0,0.9703657150609888,0.819515306122449,143.27970361830896,0.2857142857142857,False,C2_FUNCTIONAL_OR_LOWER,iconicity|cross_script_validation
598,1,1,0.0,octopus,5,0.5402127830400146,1.000106384857482,0.45978721695998537,1,0.0,0.9703657150609888,0.819515306122449,143.27970361830896,0.2857142857142857,False,C2_FUNCTIONAL_OR_LOWER,iconicity|cross_script_validation
603,1,1,0.0,fairy_tern,1,0.713293709885628,0.7766097943263875,0.286706290114372,1,0.0,0.9703657150609888,0.819515306122449,143.27970361830896,0.2857142857142857,False,C2_FUNCTIONAL_OR_LOWER,cross_script_validation
603,1,1,0.0,moray_eel,2,0.710016890160366,0.7812741323246075,0.28998310983963405,1,0.0,0.9703657150609888,0.819515306122449,143.27970361830896,0.2857142857142857,False,C2_FUNCTIONAL_OR_LOWER,cross_script_validation
603,1,1,0.0,tiger_shark,3,0.6902547192129815,0.8089553002122695,0.30974528078701846,2,0.0,0.9703657150609888,0.819515306122449,143.27970361830896,0.2857142857142857,False,C2_FUNCTIONAL_OR_LOWER,cross_script_validation
603,1,1,0.0,hand,4,0.6835215617481508,0.81822000500675,0.3164784382518492,1,0.0,0.9703657150609888,0.819515306122449,143.27970361830896,0.2857142857142857,False,C2_FUNCTIONAL_OR_LOWER,cross_script_validation
603,1,1,0.0,octopus,5,0.6665929642371343,0.8411675483812884,0.3334070357628657,1,0.0,0.9703657150609888,0.819515306122449,143.27970361830896,0.2857142857142857,False,C2_FUNCTIONAL_OR_LOWER,cross_script_validation
613,1,1,0.0,hand,1,0.6688813364306511,0.8380934161003262,0.33111866356934894,1,0.0,0.9703657150609888,0.819515306122449,143.27970361830896,0.2857142857142857,False,C2_FUNCTIONAL_OR_LOWER,cross_script_validation
613,1,1,0.0,fairy_tern,2,0.6347861683615345,0.8830645756419656,0.36521383163846555,1,0.0,0.9703657150609888,0.819515306122449,143.27970361830896,0.2857142857142857,False,C2_FUNCTIONAL_OR_LOWER,cross_script_validation
613,1,1,0.0,moray_eel,3,0.6324634144976747,0.8860669475330719,0.36753658550232526,1,0.0,0.9703657150609888,0.819515306122449,143.27970361830896,0.2857142857142857,False,C2_FUNCTIONAL_OR_LOWER,cross_script_validation
613,1,1,0.0,tiger_shark,4,0.6065532944669818,0.9190781877474242,0.3934467055330182,2,0.0,0.9703657150609888,0.819515306122449,143.27970361830896,0.2857142857142857,False,C2_FUNCTIONAL_OR_LOWER,cross_script_validation
613,1,1,0.0,foot,5,0.6048548575357366,0.9212127348943028,0.39514514246426335,1,1.4901161193847656e-08,0.9703657150609888,0.819515306122449,143.27970361830896,0.2857142857142857,False,C2_FUNCTIONAL_OR_LOWER,cross_script_validation
615,1,1,0.0,fairy_tern,1,0.7133680082996394,0.7765037790492128,0.2866319917003606,1,0.0,0.9703657150609888,0.819515306122449,143.27970361830896,0.2857142857142857,False,C2_FUNCTIONAL_OR_LOWER,cross_script_validation
615,1,1,0.0,moray_eel,2,0.7126128710091254,0.7775807409807742,0.2873871289908746,1,0.0,0.9703657150609888,0.819515306122449,143.27970361830896,0.2857142857142857,False,C2_FUNCTIONAL_OR_LOWER,cross_script_validation
615,1,1,0.0,hand,3,0.6816856450607056,0.8207322470488798,0.3183143549392944,1,0.0,0.9703657150609888,0.819515306122449,143.27970361830896,0.2857142857142857,False,C2_FUNCTIONAL_OR_LOWER,cross_script_validation
615,1,1,0.0,tiger_shark,4,0.6805587413361575,0.8222713766136757,0.31944125866384254,2,0.0,0.9703657150609888,0.819515306122449,143.27970361830896,0.2857142857142857,False,C2_FUNCTIONAL_OR_LOWER,cross_script_validation
615,1,1,0.0,octopus,5,0.6738865065693939,0.8313397561798407,0.32611349343060614,1,0.0,0.9703657150609888,0.819515306122449,143.27970361830896,0.2857142857142857,False,C2_FUNCTIONAL_OR_LOWER,cross_script_validation
618,1,1,0.0,fairy_tern,1,0.7362789968978115,0.7432414730059531,0.2637210031021885,1,0.0,0.9703657150609888,0.819515306122449,143.27970361830896,0.2857142857142857,False,C2_FUNCTIONAL_OR_LOWER,cross_script_validation
618,1,1,0.0,tiger_shark,2,0.731099173478507,0.7508647130283653,0.26890082652149305,2,0.0,0.9703657150609888,0.819515306122449,143.27970361830896,0.2857142857142857,False,C2_FUNCTIONAL_OR_LOWER,cross_script_validation
618,1,1,0.0,moai,3,0.7297394585087655,0.7528555153296521,0.27026054149123446,2,0.0,0.9703657150609888,0.819515306122449,143.27970361830896,0.2857142857142857,False,C2_FUNCTIONAL_OR_LOWER,cross_script_validation
618,1,1,0.0,sun,4,0.7266995718776548,0.7572910947759818,0.27330042812234523,1,0.0,0.9703657150609888,0.819515306122449,143.27970361830896,0.2857142857142857,False,C2_FUNCTIONAL_OR_LOWER,cross_script_validation
618,1,1,0.0,hand,5,0.725593350079039,0.7589000516955284,0.274406649920961,1,0.0,0.9703657150609888,0.819515306122449,143.27970361830896,0.2857142857142857,False,C2_FUNCTIONAL_OR_LOWER,cross_script_validation
624,1,1,0.0,tiger_shark,1,0.7719231373838787,0.6889355540227373,0.22807686261612126,2,0.0,0.9703657150609888,0.819515306122449,143.27970361830896,0.2857142857142857,False,C2_FUNCTIONAL_OR_LOWER,cross_script_validation
624,1,1,0.0,fairy_tern,2,0.7695937869531665,0.6925915845518447,0.2304062130468335,1,0.0,0.9703657150609888,0.819515306122449,143.27970361830896,0.2857142857142857,False,C2_FUNCTIONAL_OR_LOWER,cross_script_validation
624,1,1,0.0,moray_eel,3,0.7693959168562121,0.6929014086608822,0.23060408314378789,1,0.0,0.9703657150609888,0.819515306122449,143.27970361830896,0.2857142857142857,False,C2_FUNCTIONAL_OR_LOWER,cross_script_validation
624,1,1,0.0,sun,4,0.763420697003915,0.7022036562841525,0.23657930299608498,1,0.0,0.9703657150609888,0.819515306122449,143.27970361830896,0.2857142857142857,False,C2_FUNCTIONAL_OR_LOWER,cross_script_validation
624,1,1,0.0,octopus,5,0.7628562238464534,0.7030771361178753,0.23714377615354665,1,0.0,0.9703657150609888,0.819515306122449,143.27970361830896,0.2857142857142857,False,C2_FUNCTIONAL_OR_LOWER,cross_script_validation
625,1,1,0.0,sun,1,0.772732455739949,0.6876614862791018,0.22726754426005102,1,0.0,0.9703657150609888,0.819515306122449,143.27970361830896,0.2857142857142857,False,C2_FUNCTIONAL_OR_LOWER,cross_script_validation
625,1,1,0.0,moai,2,0.7583891929174953,0.709958091166515,0.2416108070825047,2,0.0,0.9703657150609888,0.819515306122449,143.27970361830896,0.2857142857142857,False,C2_FUNCTIONAL_OR_LOWER,cross_script_validation
625,1,1,0.0,octopus,3,0.7480383132919719,0.7256950735421981,0.2519616867080281,1,0.0,0.9703657150609888,0.819515306122449,143.27970361830896,0.2857142857142857,False,C2_FUNCTIONAL_OR_LOWER,cross_script_validation
625,1,1,0.0,foot,4,0.7479659254394061,0.7258041412717682,0.2520340745605939,1,1.4901161193847656e-08,0.9703657150609888,0.819515306122449,143.27970361830896,0.2857142857142857,False,C2_FUNCTIONAL_OR_LOWER,cross_script_validation
625,1,1,0.0,tiger_shark,5,0.7397701935228033,0.7380675696418555,0.26022980647719673,2,0.0,0.9703657150609888,0.819515306122449,143.27970361830896,0.2857142857142857,False,C2_FUNCTIONAL_OR_LOWER,cross_script_validation
637,1,1,0.0,moai,1,0.7863635959925926,0.6658959811452538,0.21363640400740735,2,0.0,0.9703657150609888,0.819515306122449,143.27970361830896,0.2857142857142857,False,C2_FUNCTIONAL_OR_LOWER,cross_script_validation
637,1,1,0.0,sun,2,0.7763494756476763,0.6819430495975406,0.2236505243523237,1,0.0,0.9703657150609888,0.819515306122449,143.27970361830896,0.2857142857142857,False,C2_FUNCTIONAL_OR_LOWER,cross_script_validation
637,1,1,0.0,tiger_shark,3,0.7758394270052442,0.6827518590251014,0.22416057299475578,2,0.0,0.9703657150609888,0.819515306122449,143.27970361830896,0.2857142857142857,False,C2_FUNCTIONAL_OR_LOWER,cross_script_validation
637,1,1,0.0,octopus,4,0.7713205675400175,0.6898828696331849,0.22867943245998246,1,0.0,0.9703657150609888,0.819515306122449,143.27970361830896,0.2857142857142857,False,C2_FUNCTIONAL_OR_LOWER,cross_script_validation
637,1,1,0.0,fairy_tern,5,0.7642762148943014,0.7008780845590177,0.23572378510569858,1,0.0,0.9703657150609888,0.819515306122449,143.27970361830896,0.2857142857142857,False,C2_FUNCTIONAL_OR_LOWER,cross_script_validation
638,1,1,0.0,moai,1,0.7523312908375398,0.7192025887193217,0.2476687091624602,2,0.0,0.9703657150609888,0.819515306122449,143.27970361830896,0.2857142857142857,False,C2_FUNCTIONAL_OR_LOWER,cross_script_validation
638,1,1,0.0,sun,2,0.7396529183385859,0.7382418466351038,0.26034708166141407,1,0.0,0.9703657150609888,0.819515306122449,143.27970361830896,0.2857142857142857,False,C2_FUNCTIONAL_OR_LOWER,cross_script_validation
638,1,1,0.0,octopus,3,0.7290755364745606,0.7538260490051943,0.2709244635254394,1,0.0,0.9703657150609888,0.819515306122449,143.27970361830896,0.2857142857142857,False,C2_FUNCTIONAL_OR_LOWER,cross_script_validation
638,1,1,0.0,tiger_shark,4,0.7157010187091252,0.7731689959839737,0.28429898129087483,2,0.0,0.9703657150609888,0.819515306122449,143.27970361830896,0.2857142857142857,False,C2_FUNCTIONAL_OR_LOWER,cross_script_validation
638,1,1,0.0,fairy_tern,5,0.7086935088468183,0.783151666357503,0.29130649115318175,1,0.0,0.9703657150609888,0.819515306122449,143.27970361830896,0.2857142857142857,False,C2_FUNCTIONAL_OR_LOWER,cross_script_validation
651,1,1,0.0,moray_eel,1,0.6920210784558012,0.8065112641040144,0.3079789215441988,1,0.0,0.9703657150609888,0.819515306122449,143.27970361830896,0.2857142857142857,False,C2_FUNCTIONAL_OR_LOWER,cross_script_validation
651,1,1,0.0,fairy_tern,2,0.6819875247017615,0.8203195638212806,0.3180124752982385,1,0.0,0.9703657150609888,0.819515306122449,143.27970361830896,0.2857142857142857,False,C2_FUNCTIONAL_OR_LOWER,cross_script_validation
651,1,1,0.0,hand,3,0.6812192221770859,0.8213695566148335,0.31878077782291414,1,0.0,0.9703657150609888,0.819515306122449,143.27970361830896,0.2857142857142857,False,C2_FUNCTIONAL_OR_LOWER,cross_script_validation
651,1,1,0.0,tiger_shark,4,0.6647882786862191,0.8435859612735722,0.33521172131378085,2,0.0,0.9703657150609888,0.819515306122449,143.27970361830896,0.2857142857142857,False,C2_FUNCTIONAL_OR_LOWER,cross_script_validation
651,1,1,0.0,octopus,5,0.6509680126109224,0.861937383958131,0.3490319873890776,1,0.0,0.9703657150609888,0.819515306122449,143.27970361830896,0.2857142857142857,False,C2_FUNCTIONAL_OR_LOWER,cross_script_validation
652,1,1,1.4901161193847656e-08,hand,1,0.7429274779895297,0.7333630479987061,0.25707252201047026,1,0.0,0.9703657150609888,0.819515306122449,143.27970361830896,0.2857142857142857,False,C2_FUNCTIONAL_OR_LOWER,cross_script_validation
652,1,1,1.4901161193847656e-08,fairy_tern,2,0.6983471117231471,0.7977107192886989,0.3016528882768529,1,0.0,0.9703657150609888,0.819515306122449,143.27970361830896,0.2857142857142857,False,C2_FUNCTIONAL_OR_LOWER,cross_script_validation
652,1,1,1.4901161193847656e-08,tiger_shark,3,0.6907627595994746,0.8082529311624206,0.30923724040052536,2,0.0,0.9703657150609888,0.819515306122449,143.27970361830896,0.2857142857142857,False,C2_FUNCTIONAL_OR_LOWER,cross_script_validation
652,1,1,1.4901161193847656e-08,moai,4,0.6794603810236816,0.8237694069204144,0.32053961897631844,2,0.0,0.9703657150609888,0.819515306122449,143.27970361830896,0.2857142857142857,False,C2_FUNCTIONAL_OR_LOWER,cross_script_validation
652,1,1,1.4901161193847656e-08,octopus,5,0.6731842696391329,0.8322898100165872,0.3268157303608671,1,0.0,0.9703657150609888,0.819515306122449,143.27970361830896,0.2857142857142857,False,C2_FUNCTIONAL_OR_LOWER,cross_script_validation
653,1,1,0.0,fairy_tern,1,0.7256920726195172,0.7587565745814854,0.2743079273804828,1,0.0,0.9703657150609888,0.819515306122449,143.27970361830896,0.2857142857142857,False,C2_FUNCTIONAL_OR_LOWER,cross_script_validation
653,1,1,0.0,tiger_shark,2,0.71995647467583,0.7670567247708932,0.28004352532417,2,0.0,0.9703657150609888,0.819515306122449,143.27970361830896,0.2857142857142857,False,C2_FUNCTIONAL_OR_LOWER,cross_script_validation
653,1,1,0.0,moai,3,0.7197853202430604,0.7673033066270091,0.2802146797569396,2,0.0,0.9703657150609888,0.819515306122449,143.27970361830896,0.2857142857142857,False,C2_FUNCTIONAL_OR_LOWER,cross_script_validation
653,1,1,0.0,foot,4,0.7133749148916966,0.7764939235568472,0.2866250851083034,1,1.4901161193847656e-08,0.9703657150609888,0.819515306122449,143.27970361830896,0.2857142857142857,False,C2_FUNCTIONAL_OR_LOWER,cross_script_validation
653,1,1,0.0,octopus,5,0.7056548398156465,0.7874494161961506,0.2943451601843535,1,0.0,0.9703657150609888,0.819515306122449,143.27970361830896,0.2857142857142857,False,C2_FUNCTIONAL_OR_LOWER,cross_script_validation
654,1,1,0.0,hand,1,0.7520109775779489,0.719688672055153,0.24798902242205112,1,0.0,0.9703657150609888,0.819515306122449,143.27970361830896,0.2857142857142857,False,C2_FUNCTIONAL_OR_LOWER,cross_script_validation
654,1,1,0.0,tiger_shark,2,0.723151288602833,0.7624423133271275,0.27684871139716705,2,0.0,0.9703657150609888,0.819515306122449,143.27970361830896,0.2857142857142857,False,C2_FUNCTIONAL_OR_LOWER,cross_script_validation
654,1,1,0.0,moray_eel,3,0.7198492636491118,0.7672111908655012,0.28015073635088816,1,0.0,0.9703657150609888,0.819515306122449,143.27970361830896,0.2857142857142857,False,C2_FUNCTIONAL_OR_LOWER,cross_script_validation
654,1,1,0.0,fairy_tern,4,0.7139192486188597,0.7757168649240768,0.2860807513811403,1,0.0,0.9703657150609888,0.819515306122449,143.27970361830896,0.2857142857142857,False,C2_FUNCTIONAL_OR_LOWER,cross_script_validation
654,1,1,0.0,moai,5,0.7125454619779016,0.7776768211226851,0.2874545380220984,2,0.0,0.9703657150609888,0.819515306122449,143.27970361830896,0.2857142857142857,False,C2_FUNCTIONAL_OR_LOWER,cross_script_validation
656,1,1,0.0,moai,1,0.7738059161016992,0.6859685380075919,0.22619408389830076,2,0.0,0.9703657150609888,0.819515306122449,143.27970361830896,0.2857142857142857,False,C2_FUNCTIONAL_OR_LOWER,cross_script_validation
656,1,1,0.0,moray_eel,2,0.7686151420461944,0.6941228160705076,0.2313848579538056,1,0.0,0.9703657150609888,0.819515306122449,143.27970361830896,0.2857142857142857,False,C2_FUNCTIONAL_OR_LOWER,cross_script_validation
656,1,1,0.0,fairy_tern,3,0.7629737897960259,0.7028952858943944,0.23702621020397407,1,0.0,0.9703657150609888,0.819515306122449,143.27970361830896,0.2857142857142857,False,C2_FUNCTIONAL_OR_LOWER,cross_script_validation
656,1,1,0.0,hand,4,0.7487486043722308,0.7246241563007408,0.2512513956277692,1,0.0,0.9703657150609888,0.819515306122449,143.27970361830896,0.2857142857142857,False,C2_FUNCTIONAL_OR_LOWER,cross_script_validation
656,1,1,0.0,octopus,5,0.7486274893922528,0.7248068548594357,0.25137251060774723,1,0.0,0.9703657150609888,0.819515306122449,143.27970361830896,0.2857142857142857,False,C2_FUNCTIONAL_OR_LOWER,cross_script_validation
658,1,1,0.0,fairy_tern,1,0.7089550999186522,0.7827808177433839,0.29104490008134776,1,0.0,0.9703657150609888,0.819515306122449,143.27970361830896,0.2857142857142857,False,C2_FUNCTIONAL_OR_LOWER,cross_script_validation
658,1,1,0.0,sun,2,0.7082929910637277,0.7837191990522028,0.2917070089362723,1,0.0,0.9703657150609888,0.819515306122449,143.27970361830896,0.2857142857142857,False,C2_FUNCTIONAL_OR_LOWER,cross_script_validation
658,1,1,0.0,moray_eel,3,0.7062626660616349,0.7865912110570527,0.2937373339383651,1,0.0,0.9703657150609888,0.819515306122449,143.27970361830896,0.2857142857142857,False,C2_FUNCTIONAL_OR_LOWER,cross_script_validation
658,1,1,0.0,octopus,4,0.7038477141217201,0.7899966235483256,0.2961522858782799,1,0.0,0.9703657150609888,0.819515306122449,143.27970361830896,0.2857142857142857,False,C2_FUNCTIONAL_OR_LOWER,cross_script_validation
658,1,1,0.0,reimiro,5,0.699667335980792,0.795864546703469,0.300332664019208,1,0.0,0.9703657150609888,0.819515306122449,143.27970361830896,0.2857142857142857,False,C2_FUNCTIONAL_OR_LOWER,cross_script_validation
661,1,1,0.0,hand,1,0.7182621362084325,0.769494985829412,0.2817378637915675,1,0.0,0.9703657150609888,0.819515306122449,143.27970361830896,0.2857142857142857,False,C2_FUNCTIONAL_OR_LOWER,cross_script_validation
661,1,1,0.0,fairy_tern,2,0.6630023039190024,0.8459741869939108,0.3369976960809976,1,0.0,0.9703657150609888,0.819515306122449,143.27970361830896,0.2857142857142857,False,C2_FUNCTIONAL_OR_LOWER,cross_script_validation
661,1,1,0.0,moray_eel,3,0.6553949231641407,0.8560909461479723,0.3446050768358593,1,0.0,0.9703657150609888,0.819515306122449,143.27970361830896,0.2857142857142857,False,C2_FUNCTIONAL_OR_LOWER,cross_script_validation
661,1,1,0.0,octopus,4,0.6434054512669041,0.8718578179055265,0.35659454873309593,1,0.0,0.9703657150609888,0.819515306122449,143.27970361830896,0.2857142857142857,False,C2_FUNCTIONAL_OR_LOWER,cross_script_validation
661,1,1,0.0,tiger_shark,5,0.6413784130978559,0.8745027849448732,0.3586215869021441,2,0.0,0.9703657150609888,0.819515306122449,143.27970361830896,0.2857142857142857,False,C2_FUNCTIONAL_OR_LOWER,cross_script_validation
671,1,1,0.0,hand,1,0.7247937805408523,0.7600612970298086,0.2752062194591477,1,0.0,0.9703657150609888,0.819515306122449,143.27970361830896,0.2857142857142857,False,C2_FUNCTIONAL_OR_LOWER,cross_script_validation
671,1,1,0.0,fairy_tern,2,0.7238776919739737,0.7613900261460148,0.27612230802602633,1,0.0,0.9703657150609888,0.819515306122449,143.27970361830896,0.2857142857142857,False,C2_FUNCTIONAL_OR_LOWER,cross_script_validation
671,1,1,0.0,tiger_shark,3,0.7199224755096222,0.767105712322656,0.2800775244903778,2,0.0,0.9703657150609888,0.819515306122449,143.27970361830896,0.2857142857142857,False,C2_FUNCTIONAL_OR_LOWER,cross_script_validation
671,1,1,0.0,octopus,4,0.7157003709727184,0.773169923432136,0.28429962902728156,1,0.0,0.9703657150609888,0.819515306122449,143.27970361830896,0.2857142857142857,False,C2_FUNCTIONAL_OR_LOWER,cross_script_validation
671,1,1,0.0,moray_eel,5,0.7154593954151901,0.7735148982348187,0.2845406045848099,1,0.0,0.9703657150609888,0.819515306122449,143.27970361830896,0.2857142857142857,False,C2_FUNCTIONAL_OR_LOWER,cross_script_validation
673,1,1,0.0,moai,1,0.7013871616320364,0.79345456149398,0.2986128383679636,2,0.0,0.9703657150609888,0.819515306122449,143.27970361830896,0.2857142857142857,False,C2_FUNCTIONAL_OR_LOWER,cross_script_validation
673,1,1,0.0,moray_eel,2,0.6903226873902251,0.8088613610557951,0.30967731260977494,1,0.0,0.9703657150609888,0.819515306122449,143.27970361830896,0.2857142857142857,False,C2_FUNCTIONAL_OR_LOWER,cross_script_validation
673,1,1,0.0,tiger_shark,3,0.6859772577243508,0.8148503942368626,0.3140227422756492,2,0.0,0.9703657150609888,0.819515306122449,143.27970361830896,0.2857142857142857,False,C2_FUNCTIONAL_OR_LOWER,cross_script_validation
673,1,1,0.0,fairy_tern,4,0.684707086372159,0.816594605956733,0.31529291362784095,1,0.0,0.9703657150609888,0.819515306122449,143.27970361830896,0.2857142857142857,False,C2_FUNCTIONAL_OR_LOWER,cross_script_validation
673,1,1,0.0,sun,5,0.6743578932721721,0.8307015567856472,0.3256421067278279,1,0.0,0.9703657150609888,0.819515306122449,143.27970361830896,0.2857142857142857,False,C2_FUNCTIONAL_OR_LOWER,cross_script_validation
677,1,1,0.0,fairy_tern,1,0.6324683601194263,0.8860605626931509,0.3675316398805737,1,0.0,0.9703657150609888,0.819515306122449,143.27970361830896,0.2857142857142857,False,C2_FUNCTIONAL_OR_LOWER,cross_script_validation
677,1,1,0.0,moai,2,0.6321802618821204,0.8864324444951612,0.3678197381178796,2,0.0,0.9703657150609888,0.819515306122449,143.27970361830896,0.2857142857142857,False,C2_FUNCTIONAL_OR_LOWER,cross_script_validation
677,1,1,0.0,octopus,3,0.6296814239288719,0.8896532685736782,0.37031857607112806,1,0.0,0.9703657150609888,0.819515306122449,143.27970361830896,0.2857142857142857,False,C2_FUNCTIONAL_OR_LOWER,cross_script_validation
677,1,1,0.0,moray_eel,4,0.6231677470471763,0.8980097569665512,0.37683225295282374,1,0.0,0.9703657150609888,0.819515306122449,143.27970361830896,0.2857142857142857,False,C2_FUNCTIONAL_OR_LOWER,cross_script_validation
677,1,1,0.0,sun,5,0.6192119769256202,0.9030575860296223,0.38078802307437976,1,0.0,0.9703657150609888,0.819515306122449,143.27970361830896,0.2857142857142857,False,C2_FUNCTIONAL_OR_LOWER,cross_script_validation
683,1,1,0.0,moray_eel,1,0.7228606985319063,0.7628629452260367,0.27713930146809374,1,0.0,0.9703657150609888,0.819515306122449,143.27970361830896,0.2857142857142857,False,C2_FUNCTIONAL_OR_LOWER,cross_script_validation
683,1,1,0.0,tiger_shark,2,0.7154881091636027,0.7734737987210503,0.2845118908363973,2,0.0,0.9703657150609888,0.819515306122449,143.27970361830896,0.2857142857142857,False,C2_FUNCTIONAL_OR_LOWER,cross_script_validation
683,1,1,0.0,fairy_tern,3,0.7095589429903728,0.7819242418707412,0.2904410570096272,1,0.0,0.9703657150609888,0.819515306122449,143.27970361830896,0.2857142857142857,False,C2_FUNCTIONAL_OR_LOWER,cross_script_validation
683,1,1,0.0,octopus,4,0.6832122405722384,0.818643689058627,0.3167877594277616,1,0.0,0.9703657150609888,0.819515306122449,143.27970361830896,0.2857142857142857,False,C2_FUNCTIONAL_OR_LOWER,cross_script_validation
683,1,1,0.0,moai,5,0.6787837378396796,0.8246912323869644,0.3212162621603204,2,0.0,0.9703657150609888,0.819515306122449,143.27970361830896,0.2857142857142857,False,C2_FUNCTIONAL_OR_LOWER,cross_script_validation
684,1,1,0.0,moray_eel,1,0.6966702720471456,0.8000507926283529,0.3033297279528544,1,0.0,0.9703657150609888,0.819515306122449,143.27970361830896,0.2857142857142857,False,C2_FUNCTIONAL_OR_LOWER,cross_script_validation
684,1,1,0.0,tiger_shark,2,0.6864832175918243,0.8141548061722403,0.3135167824081757,2,0.0,0.9703657150609888,0.819515306122449,143.27970361830896,0.2857142857142857,False,C2_FUNCTIONAL_OR_LOWER,cross_script_validation
684,1,1,0.0,fairy_tern,3,0.6843297962233594,0.817112153926853,0.31567020377664057,1,0.0,0.9703657150609888,0.819515306122449,143.27970361830896,0.2857142857142857,False,C2_FUNCTIONAL_OR_LOWER,cross_script_validation
684,1,1,0.0,hand,4,0.6840201843255633,0.8175366764993606,0.31597981567443667,1,0.0,0.9703657150609888,0.819515306122449,143.27970361830896,0.2857142857142857,False,C2_FUNCTIONAL_OR_LOWER,cross_script_validation
684,1,1,0.0,octopus,5,0.6596874346323598,0.8503935416800028,0.3403125653676402,1,0.0,0.9703657150609888,0.819515306122449,143.27970361830896,0.2857142857142857,False,C2_FUNCTIONAL_OR_LOWER,cross_script_validation
694,1,1,0.0,fairy_tern,1,0.6945881687783825,0.8029490431397098,0.3054118312216175,1,0.0,0.9703657150609888,0.819515306122449,143.27970361830896,0.2857142857142857,False,C2_FUNCTIONAL_OR_LOWER,cross_script_validation
694,1,1,0.0,moray_eel,2,0.6866522407949898,0.8139223331382152,0.31334775920501023,1,0.0,0.9703657150609888,0.819515306122449,143.27970361830896,0.2857142857142857,False,C2_FUNCTIONAL_OR_LOWER,cross_script_validation
694,1,1,0.0,hand,3,0.6697464129754157,0.8369290819573235,0.3302535870245843,1,0.0,0.9703657150609888,0.819515306122449,143.27970361830896,0.2857142857142857,False,C2_FUNCTIONAL_OR_LOWER,cross_script_validation
694,1,1,0.0,tiger_shark,4,0.663789512366724,0.8449221468711593,0.336210487633276,2,0.0,0.9703657150609888,0.819515306122449,143.27970361830896,0.2857142857142857,False,C2_FUNCTIONAL_OR_LOWER,cross_script_validation
694,1,1,0.0,octopus,5,0.652078248401315,0.8604739064934591,0.347921751598685,1,0.0,0.9703657150609888,0.819515306122449,143.27970361830896,0.2857142857142857,False,C2_FUNCTIONAL_OR_LOWER,cross_script_validation
695,1,1,0.0,fairy_tern,1,0.6766044224240084,0.8276549043223292,0.3233955775759916,1,0.0,0.9703657150609888,0.819515306122449,143.27970361830896,0.2857142857142857,False,C2_FUNCTIONAL_OR_LOWER,cross_script_validation
695,1,1,0.0,moray_eel,2,0.6754979538955559,0.8291565150930094,0.3245020461044441,1,0.0,0.9703657150609888,0.819515306122449,143.27970361830896,0.2857142857142857,False,C2_FUNCTIONAL_OR_LOWER,cross_script_validation
695,1,1,0.0,reimiro,3,0.6371518881446927,0.879999034762058,0.3628481118553073,1,0.0,0.9703657150609888,0.819515306122449,143.27970361830896,0.2857142857142857,False,C2_FUNCTIONAL_OR_LOWER,cross_script_validation
695,1,1,0.0,tiger_shark,4,0.632113897986563,0.8865180920801108,0.36788610201343697,2,0.0,0.9703657150609888,0.819515306122449,143.27970361830896,0.2857142857142857,False,C2_FUNCTIONAL_OR_LOWER,cross_script_validation
695,1,1,0.0,octopus,5,0.6287106199197047,0.8909022983217639,0.37128938008029533,1,0.0,0.9703657150609888,0.819515306122449,143.27970361830896,0.2857142857142857,False,C2_FUNCTIONAL_OR_LOWER,cross_script_validation
701,1,1,0.0,moray_eel,1,0.5829613322150543,0.948427664212784,0.4170386677849457,1,0.0,0.9703657150609888,0.819515306122449,143.27970361830896,0.2857142857142857,False,C2_FUNCTIONAL_OR_LOWER,iconicity|cross_script_validation
701,1,1,0.0,fairy_tern,2,0.574731063913563,0.9585208518667087,0.425268936086437,1,0.0,0.9703657150609888,0.819515306122449,143.27970361830896,0.2857142857142857,False,C2_FUNCTIONAL_OR_LOWER,iconicity|cross_script_validation
701,1,1,0.0,octopus,3,0.5576511383413884,0.9792429220235307,0.44234886165861165,1,0.0,0.9703657150609888,0.819515306122449,143.27970361830896,0.2857142857142857,False,C2_FUNCTIONAL_OR_LOWER,iconicity|cross_script_validation
701,1,1,0.0,reimiro,4,0.549942292197944,0.9885011848689443,0.450057707802056,1,0.0,0.9703657150609888,0.819515306122449,143.27970361830896,0.2857142857142857,False,C2_FUNCTIONAL_OR_LOWER,iconicity|cross_script_validation
701,1,1,0.0,sun,5,0.5455592226696607,0.9937400842630693,0.4544407773303393,1,0.0,0.9703657150609888,0.819515306122449,143.27970361830896,0.2857142857142857,False,C2_FUNCTIONAL_OR_LOWER,iconicity|cross_script_validation
716,1,1,0.0,tiger_shark,1,0.7345080904850354,0.7458548193120985,0.2654919095149646,2,0.0,0.9703657150609888,0.819515306122449,143.27970361830896,0.2857142857142857,False,C2_FUNCTIONAL_OR_LOWER,cross_script_validation
716,1,1,0.0,moai,2,0.7258193715564591,0.7585715342783707,0.27418062844354085,2,0.0,0.9703657150609888,0.819515306122449,143.27970361830896,0.2857142857142857,False,C2_FUNCTIONAL_OR_LOWER,cross_script_validation
716,1,1,0.0,octopus,3,0.7134120282428978,0.7764409622639881,0.28658797175710216,1,0.0,0.9703657150609888,0.819515306122449,143.27970361830896,0.2857142857142857,False,C2_FUNCTIONAL_OR_LOWER,cross_script_validation
716,1,1,0.0,fairy_tern,4,0.7128756565600509,0.7772060951734111,0.2871243434399491,1,0.0,0.9703657150609888,0.819515306122449,143.27970361830896,0.2857142857142857,False,C2_FUNCTIONAL_OR_LOWER,cross_script_validation
716,1,1,0.0,sun,5,0.7045008454008609,0.7890767554127317,0.2954991545991391,1,0.0,0.9703657150609888,0.819515306122449,143.27970361830896,0.2857142857142857,False,C2_FUNCTIONAL_OR_LOWER,cross_script_validation
717,1,1,0.0,moai,1,0.6527259829543309,0.8596192321361577,0.34727401704566907,2,0.0,0.9703657150609888,0.819515306122449,143.27970361830896,0.2857142857142857,False,C2_FUNCTIONAL_OR_LOWER,cross_script_validation
717,1,1,0.0,toki,2,0.6448826815817204,0.8699265550757036,0.35511731841827965,1,0.0,0.9703657150609888,0.819515306122449,143.27970361830896,0.2857142857142857,False,C2_FUNCTIONAL_OR_LOWER,cross_script_validation
717,1,1,0.0,fairy_tern,3,0.6254710551102994,0.8950612145000645,0.37452894488970057,1,0.0,0.9703657150609888,0.819515306122449,143.27970361830896,0.2857142857142857,False,C2_FUNCTIONAL_OR_LOWER,cross_script_validation
717,1,1,0.0,octopus,4,0.62534075270435,0.8952282047272871,0.37465924729565003,1,0.0,0.9703657150609888,0.819515306122449,143.27970361830896,0.2857142857142857,False,C2_FUNCTIONAL_OR_LOWER,cross_script_validation
717,1,1,0.0,moray_eel,5,0.6185172211498932,0.9039420645668267,0.38148277885010684,1,0.0,0.9703657150609888,0.819515306122449,143.27970361830896,0.2857142857142857,False,C2_FUNCTIONAL_OR_LOWER,cross_script_validation
718,1,1,0.0,moai,1,0.7055180532922474,0.7876424474121808,0.29448194670775263,2,0.0,0.9703657150609888,0.819515306122449,143.27970361830896,0.2857142857142857,False,C2_FUNCTIONAL_OR_LOWER,cross_script_validation
718,1,1,0.0,octopus,2,0.692546203967351,0.8057835659334183,0.307453796032649,1,0.0,0.9703657150609888,0.819515306122449,143.27970361830896,0.2857142857142857,False,C2_FUNCTIONAL_OR_LOWER,cross_script_validation
718,1,1,0.0,fairy_tern,3,0.6922188223637785,0.8062372980396075,0.3077811776362215,1,0.0,0.9703657150609888,0.819515306122449,143.27970361830896,0.2857142857142857,False,C2_FUNCTIONAL_OR_LOWER,cross_script_validation
718,1,1,0.0,tiger_shark,4,0.6899176444503017,0.809421048595795,0.3100823555496983,2,0.0,0.9703657150609888,0.819515306122449,143.27970361830896,0.2857142857142857,False,C2_FUNCTIONAL_OR_LOWER,cross_script_validation
718,1,1,0.0,moray_eel,5,0.6848571418779145,0.8163886972835663,0.31514285812208553,1,0.0,0.9703657150609888,0.819515306122449,143.27970361830896,0.2857142857142857,False,C2_FUNCTIONAL_OR_LOWER,cross_script_validation
720,1,1,0.0,toki,1,0.6448128257485036,0.870017952202155,0.3551871742514964,1,0.0,0.9703657150609888,0.819515306122449,143.27970361830896,0.2857142857142857,False,C2_FUNCTIONAL_OR_LOWER,cross_script_validation
720,1,1,0.0,sun,2,0.6094602236175352,0.9154167479970295,0.39053977638246484,1,0.0,0.9703657150609888,0.819515306122449,143.27970361830896,0.2857142857142857,False,C2_FUNCTIONAL_OR_LOWER,cross_script_validation
720,1,1,0.0,moray_eel,3,0.6094468926854705,0.915433562535371,0.3905531073145295,1,0.0,0.9703657150609888,0.819515306122449,143.27970361830896,0.2857142857142857,False,C2_FUNCTIONAL_OR_LOWER,cross_script_validation
720,1,1,0.0,moai,4,0.5994461533382358,0.9279873467432613,0.4005538466617642,2,0.0,0.9703657150609888,0.819515306122449,143.27970361830896,0.2857142857142857,False,C2_FUNCTIONAL_OR_LOWER,iconicity|cross_script_validation
720,1,1,0.0,octopus,5,0.5985646060976261,0.9290882557215677,0.4014353939023739,1,0.0,0.9703657150609888,0.819515306122449,143.27970361830896,0.2857142857142857,False,C2_FUNCTIONAL_OR_LOWER,iconicity|cross_script_validation
725,1,1,0.0,hand,1,0.7450998642828432,0.7301117660844614,0.25490013571715675,1,0.0,0.9703657150609888,0.819515306122449,143.27970361830896,0.2857142857142857,False,C2_FUNCTIONAL_OR_LOWER,cross_script_validation
725,1,1,0.0,moray_eel,2,0.7173685125447715,0.7707784975432185,0.2826314874552285,1,0.0,0.9703657150609888,0.819515306122449,143.27970361830896,0.2857142857142857,False,C2_FUNCTIONAL_OR_LOWER,cross_script_validation
725,1,1,0.0,fairy_tern,3,0.713787543073398,0.7759049363992927,0.286212456926602,1,0.0,0.9703657150609888,0.819515306122449,143.27970361830896,0.2857142857142857,False,C2_FUNCTIONAL_OR_LOWER,cross_script_validation
725,1,1,0.0,tiger_shark,4,0.7049384496019694,0.7884599648056833,0.2950615503980306,2,0.0,0.9703657150609888,0.819515306122449,143.27970361830896,0.2857142857142857,False,C2_FUNCTIONAL_OR_LOWER,cross_script_validation
725,1,1,0.0,octopus,5,0.6940844668712775,0.8036489687724014,0.30591553312872255,1,0.0,0.9703657150609888,0.819515306122449,143.27970361830896,0.2857142857142857,False,C2_FUNCTIONAL_OR_LOWER,cross_script_validation
727,1,1,1.4901161193847656e-08,moai,1,0.7240911299608908,0.7610806133639373,0.27590887003910924,2,0.0,0.9703657150609888,0.819515306122449,143.27970361830896,0.2857142857142857,False,C2_FUNCTIONAL_OR_LOWER,cross_script_validation
727,1,1,1.4901161193847656e-08,fairy_tern,2,0.7161094742236471,0.7725839816170769,0.2838905257763529,1,0.0,0.9703657150609888,0.819515306122449,143.27970361830896,0.2857142857142857,False,C2_FUNCTIONAL_OR_LOWER,cross_script_validation
727,1,1,1.4901161193847656e-08,octopus,3,0.7131220482959394,0.7768546919072432,0.2868779517040606,1,0.0,0.9703657150609888,0.819515306122449,143.27970361830896,0.2857142857142857,False,C2_FUNCTIONAL_OR_LOWER,cross_script_validation
727,1,1,1.4901161193847656e-08,hand,4,0.7113700033206382,0.779350734332164,0.28862999667936184,1,0.0,0.9703657150609888,0.819515306122449,143.27970361830896,0.2857142857142857,False,C2_FUNCTIONAL_OR_LOWER,cross_script_validation
727,1,1,1.4901161193847656e-08,tiger_shark,5,0.7107332426508223,0.7802563305609321,0.2892667573491777,2,0.0,0.9703657150609888,0.819515306122449,143.27970361830896,0.2857142857142857,False,C2_FUNCTIONAL_OR_LOWER,cross_script_validation
732,1,1,0.0,fairy_tern,1,0.7240892236448616,0.7610833773212378,0.2759107763551384,1,0.0,0.9703657150609888,0.819515306122449,143.27970361830896,0.2857142857142857,False,C2_FUNCTIONAL_OR_LOWER,cross_script_validation
732,1,1,0.0,moray_eel,2,0.7240802263795248,0.7610964222993344,0.27591977362047515,1,0.0,0.9703657150609888,0.819515306122449,143.27970361830896,0.2857142857142857,False,C2_FUNCTIONAL_OR_LOWER,cross_script_validation
732,1,1,0.0,moai,3,0.710041787645656,0.781238775221551,0.28995821235434405,2,0.0,0.9703657150609888,0.819515306122449,143.27970361830896,0.2857142857142857,False,C2_FUNCTIONAL_OR_LOWER,cross_script_validation
732,1,1,0.0,tiger_shark,4,0.7090626648627345,0.7826282865278282,0.2909373351372655,2,0.0,0.9703657150609888,0.819515306122449,143.27970361830896,0.2857142857142857,False,C2_FUNCTIONAL_OR_LOWER,cross_script_validation
732,1,1,0.0,octopus,5,0.705504966424565,0.7876609134712913,0.29449503357543505,1,0.0,0.9703657150609888,0.819515306122449,143.27970361830896,0.2857142857142857,False,C2_FUNCTIONAL_OR_LOWER,cross_script_validation
733,1,1,0.0,moray_eel,1,0.7262587189730917,0.7579326260729422,0.2737412810269083,1,0.0,0.9703657150609888,0.819515306122449,143.27970361830896,0.2857142857142857,False,C2_FUNCTIONAL_OR_LOWER,cross_script_validation
733,1,1,0.0,fairy_tern,2,0.7136551480546948,0.7760939560956684,0.28634485194530523,1,0.0,0.9703657150609888,0.819515306122449,143.27970361830896,0.2857142857142857,False,C2_FUNCTIONAL_OR_LOWER,cross_script_validation
733,1,1,0.0,moai,3,0.7089404341560268,0.7828016125453656,0.2910595658439732,2,0.0,0.9703657150609888,0.819515306122449,143.27970361830896,0.2857142857142857,False,C2_FUNCTIONAL_OR_LOWER,cross_script_validation
733,1,1,0.0,tiger_shark,4,0.7072966056163169,0.7851296750681818,0.2927033943836831,2,0.0,0.9703657150609888,0.819515306122449,143.27970361830896,0.2857142857142857,False,C2_FUNCTIONAL_OR_LOWER,cross_script_validation
733,1,1,0.0,hand,5,0.7050421208419859,0.7883137877596083,0.2949578791580141,1,0.0,0.9703657150609888,0.819515306122449,143.27970361830896,0.2857142857142857,False,C2_FUNCTIONAL_OR_LOWER,cross_script_validation
737,1,1,0.0,hand,1,0.7425616256895347,0.733909442924611,0.25743837431046535,1,0.0,0.9703657150609888,0.819515306122449,143.27970361830896,0.2857142857142857,False,C2_FUNCTIONAL_OR_LOWER,cross_script_validation
737,1,1,0.0,moray_eel,2,0.739581612242718,0.7383477948669066,0.260418387757282,1,0.0,0.9703657150609888,0.819515306122449,143.27970361830896,0.2857142857142857,False,C2_FUNCTIONAL_OR_LOWER,cross_script_validation
737,1,1,0.0,tiger_shark,3,0.7392396853811397,0.7388556663723571,0.2607603146188603,2,0.0,0.9703657150609888,0.819515306122449,143.27970361830896,0.2857142857142857,False,C2_FUNCTIONAL_OR_LOWER,cross_script_validation
737,1,1,0.0,fairy_tern,4,0.7347654674458121,0.7454754649871329,0.26523453255418794,1,0.0,0.9703657150609888,0.819515306122449,143.27970361830896,0.2857142857142857,False,C2_FUNCTIONAL_OR_LOWER,cross_script_validation
737,1,1,0.0,moai,5,0.7243058018783867,0.7607693103845904,0.27569419812161333,2,0.0,0.9703657150609888,0.819515306122449,143.27970361830896,0.2857142857142857,False,C2_FUNCTIONAL_OR_LOWER,cross_script_validation
738,1,1,0.0,moray_eel,1,0.7345660988884131,0.7457693328792983,0.26543390111158693,1,0.0,0.9703657150609888,0.819515306122449,143.27970361830896,0.2857142857142857,False,C2_FUNCTIONAL_OR_LOWER,cross_script_validation
738,1,1,0.0,moai,2,0.73158434477331,0.7501533297488978,0.26841565522669,2,0.0,0.9703657150609888,0.819515306122449,143.27970361830896,0.2857142857142857,False,C2_FUNCTIONAL_OR_LOWER,cross_script_validation
738,1,1,0.0,tiger_shark,3,0.7270005424351172,0.7568528707784798,0.27299945756488275,2,0.0,0.9703657150609888,0.819515306122449,143.27970361830896,0.2857142857142857,False,C2_FUNCTIONAL_OR_LOWER,cross_script_validation
738,1,1,0.0,octopus,4,0.7237518098895761,0.7615724654438322,0.2762481901104239,1,0.0,0.9703657150609888,0.819515306122449,143.27970361830896,0.2857142857142857,False,C2_FUNCTIONAL_OR_LOWER,cross_script_validation
738,1,1,0.0,fairy_tern,5,0.7217694285650916,0.7644409195594799,0.27823057143490837,1,0.0,0.9703657150609888,0.819515306122449,143.27970361830896,0.2857142857142857,False,C2_FUNCTIONAL_OR_LOWER,cross_script_validation
740,1,1,0.0,sun,1,0.6978921136926245,0.7983462081704551,0.3021078863073755,1,0.0,0.9703657150609888,0.819515306122449,143.27970361830896,0.2857142857142857,False,C2_FUNCTIONAL_OR_LOWER,cross_script_validation
740,1,1,0.0,foot,2,0.6771246782165317,0.8269481383011894,0.32287532178346834,1,1.4901161193847656e-08,0.9703657150609888,0.819515306122449,143.27970361830896,0.2857142857142857,False,C2_FUNCTIONAL_OR_LOWER,cross_script_validation
740,1,1,0.0,octopus,3,0.6745786685140298,0.8304025264444084,0.3254213314859702,1,0.0,0.9703657150609888,0.819515306122449,143.27970361830896,0.2857142857142857,False,C2_FUNCTIONAL_OR_LOWER,cross_script_validation
740,1,1,0.0,moai,4,0.6635678086293502,0.8452185351908189,0.33643219137064984,2,0.0,0.9703657150609888,0.819515306122449,143.27970361830896,0.2857142857142857,False,C2_FUNCTIONAL_OR_LOWER,cross_script_validation
740,1,1,0.0,tiger_shark,5,0.6585219029232696,0.8519433458229768,0.3414780970767304,2,0.0,0.9703657150609888,0.819515306122449,143.27970361830896,0.2857142857142857,False,C2_FUNCTIONAL_OR_LOWER,cross_script_validation
743,1,1,0.0,hand,1,0.7519031258155551,0.7198522791294636,0.24809687418444493,1,0.0,0.9703657150609888,0.819515306122449,143.27970361830896,0.2857142857142857,False,C2_FUNCTIONAL_OR_LOWER,cross_script_validation
743,1,1,0.0,moai,2,0.7397583951965714,0.7380851040758672,0.2602416048034286,2,0.0,0.9703657150609888,0.819515306122449,143.27970361830896,0.2857142857142857,False,C2_FUNCTIONAL_OR_LOWER,cross_script_validation
743,1,1,0.0,tiger_shark,3,0.7363062872602543,0.7432011422170269,0.26369371273974573,2,0.0,0.9703657150609888,0.819515306122449,143.27970361830896,0.2857142857142857,False,C2_FUNCTIONAL_OR_LOWER,cross_script_validation
743,1,1,0.0,sun,4,0.7341390268461522,0.7463985197705112,0.2658609731538478,1,0.0,0.9703657150609888,0.819515306122449,143.27970361830896,0.2857142857142857,False,C2_FUNCTIONAL_OR_LOWER,cross_script_validation
743,1,1,0.0,fairy_tern,5,0.7288320747759995,0.7541816944952598,0.27116792522400046,1,0.0,0.9703657150609888,0.819515306122449,143.27970361830896,0.2857142857142857,False,C2_FUNCTIONAL_OR_LOWER,cross_script_validation
749,1,1,0.0,hand,1,0.7449083724200257,0.730398834571042,0.2550916275799743,1,0.0,0.9703657150609888,0.819515306122449,143.27970361830896,0.2857142857142857,False,C2_FUNCTIONAL_OR_LOWER,cross_script_validation
749,1,1,0.0,moai,2,0.7414077989737781,0.7356305026895806,0.25859220102622194,2,0.0,0.9703657150609888,0.819515306122449,143.27970361830896,0.2857142857142857,False,C2_FUNCTIONAL_OR_LOWER,cross_script_validation
749,1,1,0.0,tiger_shark,3,0.7367385175420818,0.7425621387991622,0.26326148245791825,2,0.0,0.9703657150609888,0.819515306122449,143.27970361830896,0.2857142857142857,False,C2_FUNCTIONAL_OR_LOWER,cross_script_validation
749,1,1,0.0,fairy_tern,4,0.7363968572609053,0.7430672815615966,0.2636031427390947,1,0.0,0.9703657150609888,0.819515306122449,143.27970361830896,0.2857142857142857,False,C2_FUNCTIONAL_OR_LOWER,cross_script_validation
749,1,1,0.0,foot,5,0.7348476075034922,0.74535436389138,0.2651523924965078,1,1.4901161193847656e-08,0.9703657150609888,0.819515306122449,143.27970361830896,0.2857142857142857,False,C2_FUNCTIONAL_OR_LOWER,cross_script_validation
756,1,1,0.0,moray_eel,1,0.6803282267228677,0.8225859432616247,0.31967177327713225,1,0.0,0.9703657150609888,0.819515306122449,143.27970361830896,0.2857142857142857,False,C2_FUNCTIONAL_OR_LOWER,cross_script_validation
756,1,1,0.0,octopus,2,0.6746796247952324,0.8302657583802798,0.32532037520476764,1,0.0,0.9703657150609888,0.819515306122449,143.27970361830896,0.2857142857142857,False,C2_FUNCTIONAL_OR_LOWER,cross_script_validation
756,1,1,0.0,sun,3,0.6721240346851551,0.8337226436011453,0.32787596531484486,1,0.0,0.9703657150609888,0.819515306122449,143.27970361830896,0.2857142857142857,False,C2_FUNCTIONAL_OR_LOWER,cross_script_validation
756,1,1,0.0,toki,4,0.6716182176504314,0.8344055636423203,0.3283817823495686,1,0.0,0.9703657150609888,0.819515306122449,143.27970361830896,0.2857142857142857,False,C2_FUNCTIONAL_OR_LOWER,cross_script_validation
756,1,1,0.0,moai,5,0.6698032492150731,0.8368525414570548,0.33019675078492694,2,0.0,0.9703657150609888,0.819515306122449,143.27970361830896,0.2857142857142857,False,C2_FUNCTIONAL_OR_LOWER,cross_script_validation
761,1,1,0.0,hand,1,0.7731587069206343,0.6869896662341196,0.22684129307936574,1,0.0,0.9703657150609888,0.819515306122449,143.27970361830896,0.2857142857142857,False,C2_FUNCTIONAL_OR_LOWER,cross_script_validation
761,1,1,0.0,tiger_shark,2,0.7501870008122645,0.7224514838253161,0.24981299918773547,2,0.0,0.9703657150609888,0.819515306122449,143.27970361830896,0.2857142857142857,False,C2_FUNCTIONAL_OR_LOWER,cross_script_validation
761,1,1,0.0,moai,3,0.7382834322055408,0.7402745098929986,0.2617165677944592,2,0.0,0.9703657150609888,0.819515306122449,143.27970361830896,0.2857142857142857,False,C2_FUNCTIONAL_OR_LOWER,cross_script_validation
761,1,1,0.0,fairy_tern,4,0.7368863519522654,0.7423434802844366,0.2631136480477346,1,0.0,0.9703657150609888,0.819515306122449,143.27970361830896,0.2857142857142857,False,C2_FUNCTIONAL_OR_LOWER,cross_script_validation
761,1,1,0.0,octopus,5,0.7216035467373059,0.7646805569792879,0.27839645326269413,1,0.0,0.9703657150609888,0.819515306122449,143.27970361830896,0.2857142857142857,False,C2_FUNCTIONAL_OR_LOWER,cross_script_validation
762,1,1,0.0,hand,1,0.7550426388345316,0.7150771793531849,0.2449573611654684,1,0.0,0.9703657150609888,0.819515306122449,143.27970361830896,0.2857142857142857,False,C2_FUNCTIONAL_OR_LOWER,cross_script_validation
762,1,1,0.0,fairy_tern,2,0.6912630701564462,0.8075607877760261,0.30873692984355383,1,0.0,0.9703657150609888,0.819515306122449,143.27970361830896,0.2857142857142857,False,C2_FUNCTIONAL_OR_LOWER,cross_script_validation
762,1,1,0.0,moai,3,0.6795942736712763,0.8235869048931166,0.32040572632872366,2,0.0,0.9703657150609888,0.819515306122449,143.27970361830896,0.2857142857142857,False,C2_FUNCTIONAL_OR_LOWER,cross_script_validation
762,1,1,0.0,moray_eel,4,0.6756358917402246,0.8289694296546649,0.32436410825977535,1,0.0,0.9703657150609888,0.819515306122449,143.27970361830896,0.2857142857142857,False,C2_FUNCTIONAL_OR_LOWER,cross_script_validation
762,1,1,0.0,tiger_shark,5,0.6722192417648455,0.8335940540865542,0.3277807582351545,2,0.0,0.9703657150609888,0.819515306122449,143.27970361830896,0.2857142857142857,False,C2_FUNCTIONAL_OR_LOWER,cross_script_validation
763,1,1,0.0,moai,1,0.7610090866922573,0.7059291743033973,0.2389909133077427,2,0.0,0.9703657150609888,0.819515306122449,143.27970361830896,0.2857142857142857,False,C2_FUNCTIONAL_OR_LOWER,cross_script_validation
763,1,1,0.0,hand,2,0.7593388951422133,0.7084998124794254,0.2406611048577867,1,0.0,0.9703657150609888,0.819515306122449,143.27970361830896,0.2857142857142857,False,C2_FUNCTIONAL_OR_LOWER,cross_script_validation
763,1,1,0.0,sun,3,0.7494147151470955,0.7236186719835165,0.25058528485290454,1,0.0,0.9703657150609888,0.819515306122449,143.27970361830896,0.2857142857142857,False,C2_FUNCTIONAL_OR_LOWER,cross_script_validation
763,1,1,0.0,tiger_shark,4,0.7491370881053168,0.724037884832282,0.25086291189468324,2,0.0,0.9703657150609888,0.819515306122449,143.27970361830896,0.2857142857142857,False,C2_FUNCTIONAL_OR_LOWER,cross_script_validation
763,1,1,0.0,fairy_tern,5,0.742346591849787,0.7342304383412959,0.257653408150213,1,0.0,0.9703657150609888,0.819515306122449,143.27970361830896,0.2857142857142857,False,C2_FUNCTIONAL_OR_LOWER,cross_script_validation
775,1,1,0.0,reimiro,1,0.5982405803362181,0.9294926835300774,0.4017594196637819,1,0.0,0.9703657150609888,0.819515306122449,143.27970361830896,0.2857142857142857,False,C2_FUNCTIONAL_OR_LOWER,iconicity|cross_script_validation
775,1,1,0.0,moray_eel,2,0.5931453676075029,0.9358362565000194,0.4068546323924971,1,0.0,0.9703657150609888,0.819515306122449,143.27970361830896,0.2857142857142857,False,C2_FUNCTIONAL_OR_LOWER,iconicity|cross_script_validation
775,1,1,0.0,sun,3,0.5817938823415698,0.9498637863752355,0.4182061176584302,1,0.0,0.9703657150609888,0.819515306122449,143.27970361830896,0.2857142857142857,False,C2_FUNCTIONAL_OR_LOWER,iconicity|cross_script_validation
775,1,1,0.0,octopus,4,0.5785778945020673,0.9538122896590896,0.4214221054979327,1,0.0,0.9703657150609888,0.819515306122449,143.27970361830896,0.2857142857142857,False,C2_FUNCTIONAL_OR_LOWER,iconicity|cross_script_validation
775,1,1,0.0,fairy_tern,5,0.5752215694167288,0.9579213364973483,0.42477843058327125,1,0.0,0.9703657150609888,0.819515306122449,143.27970361830896,0.2857142857142857,False,C2_FUNCTIONAL_OR_LOWER,iconicity|cross_script_validation
780,1,1,0.0,octopus,1,0.7858107639653168,0.6667903641677216,0.2141892360346832,1,0.0,0.9703657150609888,0.819515306122449,143.27970361830896,0.2857142857142857,False,C2_FUNCTIONAL_OR_LOWER,cross_script_validation
780,1,1,0.0,moai,2,0.784674885091295,0.6686248310980069,0.21532511490870498,2,0.0,0.9703657150609888,0.819515306122449,143.27970361830896,0.2857142857142857,False,C2_FUNCTIONAL_OR_LOWER,cross_script_validation
780,1,1,0.0,fairy_tern,3,0.776541709204198,0.6816380061950426,0.22345829079580204,1,0.0,0.9703657150609888,0.819515306122449,143.27970361830896,0.2857142857142857,False,C2_FUNCTIONAL_OR_LOWER,cross_script_validation
780,1,1,0.0,tiger_shark,4,0.7738418374186391,0.6859118261824253,0.2261581625813609,2,0.0,0.9703657150609888,0.819515306122449,143.27970361830896,0.2857142857142857,False,C2_FUNCTIONAL_OR_LOWER,cross_script_validation
780,1,1,0.0,sun,5,0.7583154687743805,0.7100711919149197,0.2416845312256195,1,0.0,0.9703657150609888,0.819515306122449,143.27970361830896,0.2857142857142857,False,C2_FUNCTIONAL_OR_LOWER,cross_script_validation
