doc_id,line_id,position,token,lemma,pos,translation,source,raw_token
tatoeba_maori_tatoeba_raw,1,1.0,nō,nō,UNKNOWN,,opus_tatoeba_v2023-04-12_maori_tatoeba_raw,
tatoeba_maori_tatoeba_raw,1,2.0,mā,mātou,UNKNOWN,,opus_tatoeba_v2023-04-12_maori_tatoeba_raw,mātou
tatoeba_maori_tatoeba_raw,1,2.1,tou,mātou,UNKNOWN,,opus_tatoeba_v2023-04-12_maori_tatoeba_raw,mātou
tatoeba_maori_tatoeba_raw,1,3.0,tēnei,tēnei,UNKNOWN,,opus_tatoeba_v2023-04-12_maori_tatoeba_raw,
tatoeba_maori_tatoeba_raw,1,4.0,kura,kura,UNKNOWN,,opus_tatoeba_v2023-04-12_maori_tatoeba_raw,
tatoeba_maori_tatoeba_raw,2,1.0,e,e,UNKNOWN,,opus_tatoeba_v2023-04-12_maori_tatoeba_raw,
tatoeba_maori_tatoeba_raw,2,2.0,mōhio,mōhio,UNKNOWN,,opus_tatoeba_v2023-04-12_maori_tatoeba_raw,
tatoeba_maori_tatoeba_raw,2,3.0,ana,ana,UNKNOWN,,opus_tatoeba_v2023-04-12_maori_tatoeba_raw,
tatoeba_maori_tatoeba_raw,2,4.0,ahau,ahau,UNKNOWN,,opus_tatoeba_v2023-04-12_maori_tatoeba_raw,
tatoeba_maori_tatoeba_raw,2,5.0,ki,ki,UNKNOWN,,opus_tatoeba_v2023-04-12_maori_tatoeba_raw,
tatoeba_maori_tatoeba_raw,2,6.0,te,te,UNKNOWN,,opus_tatoeba_v2023-04-12_maori_tatoeba_raw,
tatoeba_maori_tatoeba_raw,2,7.0,rangatira,rangatira,UNKNOWN,,opus_tatoeba_v2023-04-12_maori_tatoeba_raw,
tatoeba_maori_tatoeba_raw,3,1.0,he,he,UNKNOWN,,opus_tatoeba_v2023-04-12_maori_tatoeba_raw,
tatoeba_maori_tatoeba_raw,3,2.0,taraka,taraka,UNKNOWN,,opus_tatoeba_v2023-04-12_maori_tatoeba_raw,
tatoeba_maori_tatoeba_raw,3,3.0,tō,tōku,UNKNOWN,,opus_tatoeba_v2023-04-12_maori_tatoeba_raw,tōku
tatoeba_maori_tatoeba_raw,3,3.1,ku,tōku,UNKNOWN,,opus_tatoeba_v2023-04-12_maori_tatoeba_raw,tōku
tatoeba_maori_tatoeba_raw,4,1.0,tokowhā,tokowhā,UNKNOWN,,opus_tatoeba_v2023-04-12_maori_tatoeba_raw,
tatoeba_maori_tatoeba_raw,4,2.0,ā,āku,UNKNOWN,,opus_tatoeba_v2023-04-12_maori_tatoeba_raw,āku
tatoeba_maori_tatoeba_raw,4,2.1,ku,āku,UNKNOWN,,opus_tatoeba_v2023-04-12_maori_tatoeba_raw,āku
tatoeba_maori_tatoeba_raw,4,3.0,tamariki,tamariki,UNKNOWN,,opus_tatoeba_v2023-04-12_maori_tatoeba_raw,
tatoeba_maori_tatoeba_raw,5,1.0,he,he,UNKNOWN,,opus_tatoeba_v2023-04-12_maori_tatoeba_raw,
tatoeba_maori_tatoeba_raw,5,2.0,ka,kairīpoata,UNKNOWN,,opus_tatoeba_v2023-04-12_maori_tatoeba_raw,kairīpoata
tatoeba_maori_tatoeba_raw,5,2.1,irīpoata,kairīpoata,UNKNOWN,,opus_tatoeba_v2023-04-12_maori_tatoeba_raw,kairīpoata
tatoeba_maori_tatoeba_raw,5,3.0,i,ia,UNKNOWN,,opus_tatoeba_v2023-04-12_maori_tatoeba_raw,ia
tatoeba_maori_tatoeba_raw,5,3.1,a,ia,UNKNOWN,,opus_tatoeba_v2023-04-12_maori_tatoeba_raw,ia
tatoeba_maori_tatoeba_raw,6,1.0,tokorua,tokorua,UNKNOWN,,opus_tatoeba_v2023-04-12_maori_tatoeba_raw,
tatoeba_maori_tatoeba_raw,6,2.0,ā,āku,UNKNOWN,,opus_tatoeba_v2023-04-12_maori_tatoeba_raw,āku
tatoeba_maori_tatoeba_raw,6,2.1,ku,āku,UNKNOWN,,opus_tatoeba_v2023-04-12_maori_tatoeba_raw,āku
tatoeba_maori_tatoeba_raw,6,3.0,tamāhine,tamāhine,UNKNOWN,,opus_tatoeba_v2023-04-12_maori_tatoeba_raw,
tatoeba_maori_tatoeba_raw,7,1.0,e,e,UNKNOWN,,opus_tatoeba_v2023-04-12_maori_tatoeba_raw,
tatoeba_maori_tatoeba_raw,7,2.0,aroha,aroha,UNKNOWN,,opus_tatoeba_v2023-04-12_maori_tatoeba_raw,
tatoeba_maori_tatoeba_raw,7,3.0,ana,ana,UNKNOWN,,opus_tatoeba_v2023-04-12_maori_tatoeba_raw,
tatoeba_maori_tatoeba_raw,7,4.0,ahau,ahau,UNKNOWN,,opus_tatoeba_v2023-04-12_maori_tatoeba_raw,
tatoeba_maori_tatoeba_raw,7,5.0,ki,ki,UNKNOWN,,opus_tatoeba_v2023-04-12_maori_tatoeba_raw,
tatoeba_maori_tatoeba_raw,7,6.0,tāku,tāku,UNKNOWN,,opus_tatoeba_v2023-04-12_maori_tatoeba_raw,
tatoeba_maori_tatoeba_raw,7,7.0,wahine,wahine,UNKNOWN,,opus_tatoeba_v2023-04-12_maori_tatoeba_raw,
tatoeba_maori_tatoeba_raw,8,1.0,ko,ko,UNKNOWN,,opus_tatoeba_v2023-04-12_maori_tatoeba_raw,
tatoeba_maori_tatoeba_raw,8,2.0,ahau,ahau,UNKNOWN,,opus_tatoeba_v2023-04-12_maori_tatoeba_raw,
tatoeba_maori_tatoeba_raw,8,3.0,te,te,UNKNOWN,,opus_tatoeba_v2023-04-12_maori_tatoeba_raw,
tatoeba_maori_tatoeba_raw,8,4.0,rēwera,rēwera,UNKNOWN,,opus_tatoeba_v2023-04-12_maori_tatoeba_raw,
tatoeba_maori_tatoeba_raw,9,1.0,e,ehara,UNKNOWN,,opus_tatoeba_v2023-04-12_maori_tatoeba_raw,ehara
tatoeba_maori_tatoeba_raw,9,1.1,hara,ehara,UNKNOWN,,opus_tatoeba_v2023-04-12_maori_tatoeba_raw,ehara
tatoeba_maori_tatoeba_raw,9,2.0,ahau,ahau,UNKNOWN,,opus_tatoeba_v2023-04-12_maori_tatoeba_raw,
tatoeba_maori_tatoeba_raw,9,3.0,i,i,UNKNOWN,,opus_tatoeba_v2023-04-12_maori_tatoeba_raw,
tatoeba_maori_tatoeba_raw,9,4.0,tō,tōu,UNKNOWN,,opus_tatoeba_v2023-04-12_maori_tatoeba_raw,tōu
tatoeba_maori_tatoeba_raw,9,4.1,u,tōu,UNKNOWN,,opus_tatoeba_v2023-04-12_maori_tatoeba_raw,tōu
tatoeba_maori_tatoeba_raw,9,5.0,ka,kaiako,UNKNOWN,,opus_tatoeba_v2023-04-12_maori_tatoeba_raw,kaiako
tatoeba_maori_tatoeba_raw,9,5.1,iako,kaiako,UNKNOWN,,opus_tatoeba_v2023-04-12_maori_tatoeba_raw,kaiako
tatoeba_maori_tatoeba_raw,10,1.0,e,ehara,UNKNOWN,,opus_tatoeba_v2023-04-12_maori_tatoeba_raw,ehara
tatoeba_maori_tatoeba_raw,10,1.1,hara,ehara,UNKNOWN,,opus_tatoeba_v2023-04-12_maori_tatoeba_raw,ehara
tatoeba_maori_tatoeba_raw,10,2.0,ahau,ahau,UNKNOWN,,opus_tatoeba_v2023-04-12_maori_tatoeba_raw,
tatoeba_maori_tatoeba_raw,10,3.0,i,i,UNKNOWN,,opus_tatoeba_v2023-04-12_maori_tatoeba_raw,
tatoeba_maori_tatoeba_raw,10,4.0,te,te,UNKNOWN,,opus_tatoeba_v2023-04-12_maori_tatoeba_raw,
tatoeba_maori_tatoeba_raw,10,5.0,rata,rata,UNKNOWN,,opus_tatoeba_v2023-04-12_maori_tatoeba_raw,
tatoeba_maori_tatoeba_raw,11,1.0,kua,kua,UNKNOWN,,opus_tatoeba_v2023-04-12_maori_tatoeba_raw,
tatoeba_maori_tatoeba_raw,11,2.0,ko,kore,UNKNOWN,,opus_tatoeba_v2023-04-12_maori_tatoeba_raw,kore
tatoeba_maori_tatoeba_raw,11,2.1,re,kore,UNKNOWN,,opus_tatoeba_v2023-04-12_maori_tatoeba_raw,kore
tatoeba_maori_tatoeba_raw,11,3.0,ahau,ahau,UNKNOWN,,opus_tatoeba_v2023-04-12_maori_tatoeba_raw,
tatoeba_maori_tatoeba_raw,11,4.0,i,i,UNKNOWN,,opus_tatoeba_v2023-04-12_maori_tatoeba_raw,
tatoeba_maori_tatoeba_raw,11,5.0,tō,tōu,UNKNOWN,,opus_tatoeba_v2023-04-12_maori_tatoeba_raw,tōu
tatoeba_maori_tatoeba_raw,11,5.1,u,tōu,UNKNOWN,,opus_tatoeba_v2023-04-12_maori_tatoeba_raw,tōu
tatoeba_maori_tatoeba_raw,11,6.0,ka,kaiako,UNKNOWN,,opus_tatoeba_v2023-04-12_maori_tatoeba_raw,kaiako
tatoeba_maori_tatoeba_raw,11,6.1,iako,kaiako,UNKNOWN,,opus_tatoeba_v2023-04-12_maori_tatoeba_raw,kaiako
tatoeba_maori_tatoeba_raw,12,1.0,kei,kei,UNKNOWN,,opus_tatoeba_v2023-04-12_maori_tatoeba_raw,
tatoeba_maori_tatoeba_raw,12,2.0,te,te,UNKNOWN,,opus_tatoeba_v2023-04-12_maori_tatoeba_raw,
tatoeba_maori_tatoeba_raw,12,3.0,ā,ātaahua,UNKNOWN,,opus_tatoeba_v2023-04-12_maori_tatoeba_raw,ātaahua
tatoeba_maori_tatoeba_raw,12,3.1,taahua,ātaahua,UNKNOWN,,opus_tatoeba_v2023-04-12_maori_tatoeba_raw,ātaahua
tatoeba_maori_tatoeba_raw,12,4.0,te,te,UNKNOWN,,opus_tatoeba_v2023-04-12_maori_tatoeba_raw,
tatoeba_maori_tatoeba_raw,12,5.0,ao,ao,UNKNOWN,,opus_tatoeba_v2023-04-12_maori_tatoeba_raw,
tatoeba_maori_tatoeba_raw,13,1.0,tokorua,tokorua,UNKNOWN,,opus_tatoeba_v2023-04-12_maori_tatoeba_raw,
tatoeba_maori_tatoeba_raw,13,2.0,ā,āku,UNKNOWN,,opus_tatoeba_v2023-04-12_maori_tatoeba_raw,āku
tatoeba_maori_tatoeba_raw,13,2.1,ku,āku,UNKNOWN,,opus_tatoeba_v2023-04-12_maori_tatoeba_raw,āku
tatoeba_maori_tatoeba_raw,13,3.0,tama,tama,UNKNOWN,,opus_tatoeba_v2023-04-12_maori_tatoeba_raw,
tatoeba_maori_tatoeba_raw,14,1.0,he,he,UNKNOWN,,opus_tatoeba_v2023-04-12_maori_tatoeba_raw,
tatoeba_maori_tatoeba_raw,14,2.0,pōtae,pōtae,UNKNOWN,,opus_tatoeba_v2023-04-12_maori_tatoeba_raw,
tatoeba_maori_tatoeba_raw,14,3.0,ēnei,ēnei,UNKNOWN,,opus_tatoeba_v2023-04-12_maori_tatoeba_raw,
tatoeba_maori_tatoeba_raw,15,1.0,nōku,nōku,UNKNOWN,,opus_tatoeba_v2023-04-12_maori_tatoeba_raw,
tatoeba_maori_tatoeba_raw,15,2.0,tēnei,tēnei,UNKNOWN,,opus_tatoeba_v2023-04-12_maori_tatoeba_raw,
tatoeba_maori_tatoeba_raw,15,3.0,whare,whare,UNKNOWN,,opus_tatoeba_v2023-04-12_maori_tatoeba_raw,
tatoeba_maori_tatoeba_raw,16,1.0,he,he,UNKNOWN,,opus_tatoeba_v2023-04-12_maori_tatoeba_raw,
tatoeba_maori_tatoeba_raw,16,2.0,tāone,tāone,UNKNOWN,,opus_tatoeba_v2023-04-12_maori_tatoeba_raw,
tatoeba_maori_tatoeba_raw,16,3.0,a,a,UNKNOWN,,opus_tatoeba_v2023-04-12_maori_tatoeba_raw,
tatoeba_maori_tatoeba_raw,16,4.0,ā,ākarana,UNKNOWN,,opus_tatoeba_v2023-04-12_maori_tatoeba_raw,ākarana
tatoeba_maori_tatoeba_raw,16,4.1,karana,ākarana,UNKNOWN,,opus_tatoeba_v2023-04-12_maori_tatoeba_raw,ākarana
tatoeba_maori_tatoeba_raw,17,1.0,nōku,nōku,UNKNOWN,,opus_tatoeba_v2023-04-12_maori_tatoeba_raw,
tatoeba_maori_tatoeba_raw,17,2.0,te,te,UNKNOWN,,opus_tatoeba_v2023-04-12_maori_tatoeba_raw,
tatoeba_maori_tatoeba_raw,17,3.0,pōtae,pōtae,UNKNOWN,,opus_tatoeba_v2023-04-12_maori_tatoeba_raw,
tatoeba_maori_tatoeba_raw,17,4.0,mangu,mangu,UNKNOWN,,opus_tatoeba_v2023-04-12_maori_tatoeba_raw,
tatoeba_maori_tatoeba_raw,18,1.0,e,ehara,UNKNOWN,,opus_tatoeba_v2023-04-12_maori_tatoeba_raw,ehara
tatoeba_maori_tatoeba_raw,18,1.1,hara,ehara,UNKNOWN,,opus_tatoeba_v2023-04-12_maori_tatoeba_raw,ehara
tatoeba_maori_tatoeba_raw,18,2.0,tēnei,tēnei,UNKNOWN,,opus_tatoeba_v2023-04-12_maori_tatoeba_raw,
tatoeba_maori_tatoeba_raw,18,3.0,i,i,UNKNOWN,,opus_tatoeba_v2023-04-12_maori_tatoeba_raw,
tatoeba_maori_tatoeba_raw,18,4.0,te,te,UNKNOWN,,opus_tatoeba_v2023-04-12_maori_tatoeba_raw,
tatoeba_maori_tatoeba_raw,18,5.0,whare,whare,UNKNOWN,,opus_tatoeba_v2023-04-12_maori_tatoeba_raw,
tatoeba_maori_tatoeba_raw,19,1.0,he,he,UNKNOWN,,opus_tatoeba_v2023-04-12_maori_tatoeba_raw,
tatoeba_maori_tatoeba_raw,19,2.0,hōiho,hōiho,UNKNOWN,,opus_tatoeba_v2023-04-12_maori_tatoeba_raw,
tatoeba_maori_tatoeba_raw,19,3.0,tāu,tāu,UNKNOWN,,opus_tatoeba_v2023-04-12_maori_tatoeba_raw,
tatoeba_maori_tatoeba_raw,20,1.0,ka,ka,UNKNOWN,,opus_tatoeba_v2023-04-12_maori_tatoeba_raw,
tatoeba_maori_tatoeba_raw,20,2.0,hoko,hoko,UNKNOWN,,opus_tatoeba_v2023-04-12_maori_tatoeba_raw,
tatoeba_maori_tatoeba_raw,20,3.0,ahau,ahau,UNKNOWN,,opus_tatoeba_v2023-04-12_maori_tatoeba_raw,
tatoeba_maori_tatoeba_raw,20,4.0,i,i,UNKNOWN,,opus_tatoeba_v2023-04-12_maori_tatoeba_raw,
tatoeba_maori_tatoeba_raw,20,5.0,te,te,UNKNOWN,,opus_tatoeba_v2023-04-12_maori_tatoeba_raw,
tatoeba_maori_tatoeba_raw,20,6.0,pukapuka,pukapuka,UNKNOWN,,opus_tatoeba_v2023-04-12_maori_tatoeba_raw,
tatoeba_maori_tatoeba_raw,20,7.0,mō,mō,UNKNOWN,,opus_tatoeba_v2023-04-12_maori_tatoeba_raw,
tatoeba_maori_tatoeba_raw,20,8.0,tāku,tāku,UNKNOWN,,opus_tatoeba_v2023-04-12_maori_tatoeba_raw,
tatoeba_maori_tatoeba_raw,20,9.0,wahine,wahine,UNKNOWN,,opus_tatoeba_v2023-04-12_maori_tatoeba_raw,
tatoeba_maori_tatoeba_raw,21,1.0,nōku,nōku,UNKNOWN,,opus_tatoeba_v2023-04-12_maori_tatoeba_raw,
tatoeba_maori_tatoeba_raw,21,2.0,tēnei,tēnei,UNKNOWN,,opus_tatoeba_v2023-04-12_maori_tatoeba_raw,
tatoeba_maori_tatoeba_raw,21,3.0,kāinga,kāinga,UNKNOWN,,opus_tatoeba_v2023-04-12_maori_tatoeba_raw,
tatoeba_maori_tatoeba_raw,22,1.0,ki,kia,UNKNOWN,,opus_tatoeba_v2023-04-12_maori_tatoeba_raw,kia
tatoeba_maori_tatoeba_raw,22,1.1,a,kia,UNKNOWN,,opus_tatoeba_v2023-04-12_maori_tatoeba_raw,kia
tatoeba_maori_tatoeba_raw,22,2.0,atawhai,atawhai,UNKNOWN,,opus_tatoeba_v2023-04-12_maori_tatoeba_raw,
tatoeba_maori_tatoeba_raw,22,3.0,ki,ki,UNKNOWN,,opus_tatoeba_v2023-04-12_maori_tatoeba_raw,
tatoeba_maori_tatoeba_raw,22,4.0,tō,tōu,UNKNOWN,,opus_tatoeba_v2023-04-12_maori_tatoeba_raw,tōu
tatoeba_maori_tatoeba_raw,22,4.1,u,tōu,UNKNOWN,,opus_tatoeba_v2023-04-12_maori_tatoeba_raw,tōu
tatoeba_maori_tatoeba_raw,22,5.0,tamaiti,tamaiti,UNKNOWN,,opus_tatoeba_v2023-04-12_maori_tatoeba_raw,
tatoeba_maori_tatoeba_raw,23,1.0,he,he,UNKNOWN,,opus_tatoeba_v2023-04-12_maori_tatoeba_raw,
tatoeba_maori_tatoeba_raw,23,2.0,whero,whero,UNKNOWN,,opus_tatoeba_v2023-04-12_maori_tatoeba_raw,
tatoeba_maori_tatoeba_raw,23,3.0,te,te,UNKNOWN,,opus_tatoeba_v2023-04-12_maori_tatoeba_raw,
tatoeba_maori_tatoeba_raw,23,4.0,pōtae,pōtae,UNKNOWN,,opus_tatoeba_v2023-04-12_maori_tatoeba_raw,
tatoeba_maori_tatoeba_raw,24,1.0,i,i,UNKNOWN,,opus_tatoeba_v2023-04-12_maori_tatoeba_raw,
tatoeba_maori_tatoeba_raw,24,2.0,whakatau,whakatau,UNKNOWN,,opus_tatoeba_v2023-04-12_maori_tatoeba_raw,
tatoeba_maori_tatoeba_raw,24,3.0,i,ia,UNKNOWN,,opus_tatoeba_v2023-04-12_maori_tatoeba_raw,ia
tatoeba_maori_tatoeba_raw,24,3.1,a,ia,UNKNOWN,,opus_tatoeba_v2023-04-12_maori_tatoeba_raw,ia
tatoeba_maori_tatoeba_raw,24,4.0,ki,ki,UNKNOWN,,opus_tatoeba_v2023-04-12_maori_tatoeba_raw,
tatoeba_maori_tatoeba_raw,24,5.0,te,te,UNKNOWN,,opus_tatoeba_v2023-04-12_maori_tatoeba_raw,
tatoeba_maori_tatoeba_raw,24,6.0,neke,neke,UNKNOWN,,opus_tatoeba_v2023-04-12_maori_tatoeba_raw,
tatoeba_maori_tatoeba_raw,24,7.0,ki,ki,UNKNOWN,,opus_tatoeba_v2023-04-12_maori_tatoeba_raw,
tatoeba_maori_tatoeba_raw,24,8.0,belgium,belgium,UNKNOWN,,opus_tatoeba_v2023-04-12_maori_tatoeba_raw,
tatoeba_maori_tatoeba_raw,25,1.0,nō,nō,UNKNOWN,,opus_tatoeba_v2023-04-12_maori_tatoeba_raw,
tatoeba_maori_tatoeba_raw,25,2.0,mā,mātou,UNKNOWN,,opus_tatoeba_v2023-04-12_maori_tatoeba_raw,mātou
tatoeba_maori_tatoeba_raw,25,2.1,tou,mātou,UNKNOWN,,opus_tatoeba_v2023-04-12_maori_tatoeba_raw,mātou
tatoeba_maori_tatoeba_raw,25,3.0,tēnei,tēnei,UNKNOWN,,opus_tatoeba_v2023-04-12_maori_tatoeba_raw,
tatoeba_maori_tatoeba_raw,25,4.0,kura,kura,UNKNOWN,,opus_tatoeba_v2023-04-12_maori_tatoeba_raw,
tatoeba_maori_tatoeba_raw,26,1.0,e,e,UNKNOWN,,opus_tatoeba_v2023-04-12_maori_tatoeba_raw,
tatoeba_maori_tatoeba_raw,26,2.0,mōhio,mōhio,UNKNOWN,,opus_tatoeba_v2023-04-12_maori_tatoeba_raw,
tatoeba_maori_tatoeba_raw,26,3.0,ana,ana,UNKNOWN,,opus_tatoeba_v2023-04-12_maori_tatoeba_raw,
tatoeba_maori_tatoeba_raw,26,4.0,ahau,ahau,UNKNOWN,,opus_tatoeba_v2023-04-12_maori_tatoeba_raw,
tatoeba_maori_tatoeba_raw,26,5.0,ki,ki,UNKNOWN,,opus_tatoeba_v2023-04-12_maori_tatoeba_raw,
tatoeba_maori_tatoeba_raw,26,6.0,te,te,UNKNOWN,,opus_tatoeba_v2023-04-12_maori_tatoeba_raw,
tatoeba_maori_tatoeba_raw,26,7.0,rangatira,rangatira,UNKNOWN,,opus_tatoeba_v2023-04-12_maori_tatoeba_raw,
tatoeba_maori_tatoeba_raw,27,1.0,he,he,UNKNOWN,,opus_tatoeba_v2023-04-12_maori_tatoeba_raw,
tatoeba_maori_tatoeba_raw,27,2.0,taraka,taraka,UNKNOWN,,opus_tatoeba_v2023-04-12_maori_tatoeba_raw,
tatoeba_maori_tatoeba_raw,27,3.0,tō,tōku,UNKNOWN,,opus_tatoeba_v2023-04-12_maori_tatoeba_raw,tōku
tatoeba_maori_tatoeba_raw,27,3.1,ku,tōku,UNKNOWN,,opus_tatoeba_v2023-04-12_maori_tatoeba_raw,tōku
tatoeba_maori_tatoeba_raw,28,1.0,tokowhā,tokowhā,UNKNOWN,,opus_tatoeba_v2023-04-12_maori_tatoeba_raw,
tatoeba_maori_tatoeba_raw,28,2.0,ā,āku,UNKNOWN,,opus_tatoeba_v2023-04-12_maori_tatoeba_raw,āku
tatoeba_maori_tatoeba_raw,28,2.1,ku,āku,UNKNOWN,,opus_tatoeba_v2023-04-12_maori_tatoeba_raw,āku
tatoeba_maori_tatoeba_raw,28,3.0,tamariki,tamariki,UNKNOWN,,opus_tatoeba_v2023-04-12_maori_tatoeba_raw,
tatoeba_maori_tatoeba_raw,29,1.0,he,he,UNKNOWN,,opus_tatoeba_v2023-04-12_maori_tatoeba_raw,
tatoeba_maori_tatoeba_raw,29,2.0,ka,kairīpoata,UNKNOWN,,opus_tatoeba_v2023-04-12_maori_tatoeba_raw,kairīpoata
tatoeba_maori_tatoeba_raw,29,2.1,irīpoata,kairīpoata,UNKNOWN,,opus_tatoeba_v2023-04-12_maori_tatoeba_raw,kairīpoata
tatoeba_maori_tatoeba_raw,29,3.0,i,ia,UNKNOWN,,opus_tatoeba_v2023-04-12_maori_tatoeba_raw,ia
tatoeba_maori_tatoeba_raw,29,3.1,a,ia,UNKNOWN,,opus_tatoeba_v2023-04-12_maori_tatoeba_raw,ia
tatoeba_maori_tatoeba_raw,30,1.0,tokorua,tokorua,UNKNOWN,,opus_tatoeba_v2023-04-12_maori_tatoeba_raw,
tatoeba_maori_tatoeba_raw,30,2.0,ā,āku,UNKNOWN,,opus_tatoeba_v2023-04-12_maori_tatoeba_raw,āku
tatoeba_maori_tatoeba_raw,30,2.1,ku,āku,UNKNOWN,,opus_tatoeba_v2023-04-12_maori_tatoeba_raw,āku
tatoeba_maori_tatoeba_raw,30,3.0,tamāhine,tamāhine,UNKNOWN,,opus_tatoeba_v2023-04-12_maori_tatoeba_raw,
tatoeba_maori_tatoeba_raw,31,1.0,e,e,UNKNOWN,,opus_tatoeba_v2023-04-12_maori_tatoeba_raw,
tatoeba_maori_tatoeba_raw,31,2.0,aroha,aroha,UNKNOWN,,opus_tatoeba_v2023-04-12_maori_tatoeba_raw,
tatoeba_maori_tatoeba_raw,31,3.0,ana,ana,UNKNOWN,,opus_tatoeba_v2023-04-12_maori_tatoeba_raw,
tatoeba_maori_tatoeba_raw,31,4.0,ahau,ahau,UNKNOWN,,opus_tatoeba_v2023-04-12_maori_tatoeba_raw,
tatoeba_maori_tatoeba_raw,31,5.0,ki,ki,UNKNOWN,,opus_tatoeba_v2023-04-12_maori_tatoeba_raw,
tatoeba_maori_tatoeba_raw,31,6.0,tāku,tāku,UNKNOWN,,opus_tatoeba_v2023-04-12_maori_tatoeba_raw,
tatoeba_maori_tatoeba_raw,31,7.0,wahine,wahine,UNKNOWN,,opus_tatoeba_v2023-04-12_maori_tatoeba_raw,
tatoeba_maori_tatoeba_raw,32,1.0,ko,ko,UNKNOWN,,opus_tatoeba_v2023-04-12_maori_tatoeba_raw,
tatoeba_maori_tatoeba_raw,32,2.0,ahau,ahau,UNKNOWN,,opus_tatoeba_v2023-04-12_maori_tatoeba_raw,
tatoeba_maori_tatoeba_raw,32,3.0,te,te,UNKNOWN,,opus_tatoeba_v2023-04-12_maori_tatoeba_raw,
tatoeba_maori_tatoeba_raw,32,4.0,rēwera,rēwera,UNKNOWN,,opus_tatoeba_v2023-04-12_maori_tatoeba_raw,
tatoeba_maori_tatoeba_raw,33,1.0,e,ehara,UNKNOWN,,opus_tatoeba_v2023-04-12_maori_tatoeba_raw,ehara
tatoeba_maori_tatoeba_raw,33,1.1,hara,ehara,UNKNOWN,,opus_tatoeba_v2023-04-12_maori_tatoeba_raw,ehara
tatoeba_maori_tatoeba_raw,33,2.0,ahau,ahau,UNKNOWN,,opus_tatoeba_v2023-04-12_maori_tatoeba_raw,
tatoeba_maori_tatoeba_raw,33,3.0,i,i,UNKNOWN,,opus_tatoeba_v2023-04-12_maori_tatoeba_raw,
tatoeba_maori_tatoeba_raw,33,4.0,tō,tōu,UNKNOWN,,opus_tatoeba_v2023-04-12_maori_tatoeba_raw,tōu
tatoeba_maori_tatoeba_raw,33,4.1,u,tōu,UNKNOWN,,opus_tatoeba_v2023-04-12_maori_tatoeba_raw,tōu
tatoeba_maori_tatoeba_raw,33,5.0,ka,kaiako,UNKNOWN,,opus_tatoeba_v2023-04-12_maori_tatoeba_raw,kaiako
tatoeba_maori_tatoeba_raw,33,5.1,iako,kaiako,UNKNOWN,,opus_tatoeba_v2023-04-12_maori_tatoeba_raw,kaiako
tatoeba_maori_tatoeba_raw,34,1.0,e,ehara,UNKNOWN,,opus_tatoeba_v2023-04-12_maori_tatoeba_raw,ehara
tatoeba_maori_tatoeba_raw,34,1.1,hara,ehara,UNKNOWN,,opus_tatoeba_v2023-04-12_maori_tatoeba_raw,ehara
tatoeba_maori_tatoeba_raw,34,2.0,ahau,ahau,UNKNOWN,,opus_tatoeba_v2023-04-12_maori_tatoeba_raw,
tatoeba_maori_tatoeba_raw,34,3.0,i,i,UNKNOWN,,opus_tatoeba_v2023-04-12_maori_tatoeba_raw,
tatoeba_maori_tatoeba_raw,34,4.0,te,te,UNKNOWN,,opus_tatoeba_v2023-04-12_maori_tatoeba_raw,
tatoeba_maori_tatoeba_raw,34,5.0,rata,rata,UNKNOWN,,opus_tatoeba_v2023-04-12_maori_tatoeba_raw,
tatoeba_maori_tatoeba_raw,35,1.0,kua,kua,UNKNOWN,,opus_tatoeba_v2023-04-12_maori_tatoeba_raw,
tatoeba_maori_tatoeba_raw,35,2.0,ko,kore,UNKNOWN,,opus_tatoeba_v2023-04-12_maori_tatoeba_raw,kore
tatoeba_maori_tatoeba_raw,35,2.1,re,kore,UNKNOWN,,opus_tatoeba_v2023-04-12_maori_tatoeba_raw,kore
tatoeba_maori_tatoeba_raw,35,3.0,ahau,ahau,UNKNOWN,,opus_tatoeba_v2023-04-12_maori_tatoeba_raw,
tatoeba_maori_tatoeba_raw,35,4.0,i,i,UNKNOWN,,opus_tatoeba_v2023-04-12_maori_tatoeba_raw,
tatoeba_maori_tatoeba_raw,35,5.0,tō,tōu,UNKNOWN,,opus_tatoeba_v2023-04-12_maori_tatoeba_raw,tōu
tatoeba_maori_tatoeba_raw,35,5.1,u,tōu,UNKNOWN,,opus_tatoeba_v2023-04-12_maori_tatoeba_raw,tōu
tatoeba_maori_tatoeba_raw,35,6.0,ka,kaiako,UNKNOWN,,opus_tatoeba_v2023-04-12_maori_tatoeba_raw,kaiako
tatoeba_maori_tatoeba_raw,35,6.1,iako,kaiako,UNKNOWN,,opus_tatoeba_v2023-04-12_maori_tatoeba_raw,kaiako
tatoeba_maori_tatoeba_raw,36,1.0,kei,kei,UNKNOWN,,opus_tatoeba_v2023-04-12_maori_tatoeba_raw,
tatoeba_maori_tatoeba_raw,36,2.0,te,te,UNKNOWN,,opus_tatoeba_v2023-04-12_maori_tatoeba_raw,
tatoeba_maori_tatoeba_raw,36,3.0,ā,ātaahua,UNKNOWN,,opus_tatoeba_v2023-04-12_maori_tatoeba_raw,ātaahua
tatoeba_maori_tatoeba_raw,36,3.1,taahua,ātaahua,UNKNOWN,,opus_tatoeba_v2023-04-12_maori_tatoeba_raw,ātaahua
tatoeba_maori_tatoeba_raw,36,4.0,te,te,UNKNOWN,,opus_tatoeba_v2023-04-12_maori_tatoeba_raw,
tatoeba_maori_tatoeba_raw,36,5.0,ao,ao,UNKNOWN,,opus_tatoeba_v2023-04-12_maori_tatoeba_raw,
tatoeba_maori_tatoeba_raw,37,1.0,tokorua,tokorua,UNKNOWN,,opus_tatoeba_v2023-04-12_maori_tatoeba_raw,
tatoeba_maori_tatoeba_raw,37,2.0,ā,āku,UNKNOWN,,opus_tatoeba_v2023-04-12_maori_tatoeba_raw,āku
tatoeba_maori_tatoeba_raw,37,2.1,ku,āku,UNKNOWN,,opus_tatoeba_v2023-04-12_maori_tatoeba_raw,āku
tatoeba_maori_tatoeba_raw,37,3.0,tama,tama,UNKNOWN,,opus_tatoeba_v2023-04-12_maori_tatoeba_raw,
tatoeba_maori_tatoeba_raw,38,1.0,he,he,UNKNOWN,,opus_tatoeba_v2023-04-12_maori_tatoeba_raw,
tatoeba_maori_tatoeba_raw,38,2.0,pōtae,pōtae,UNKNOWN,,opus_tatoeba_v2023-04-12_maori_tatoeba_raw,
tatoeba_maori_tatoeba_raw,38,3.0,ēnei,ēnei,UNKNOWN,,opus_tatoeba_v2023-04-12_maori_tatoeba_raw,
tatoeba_maori_tatoeba_raw,39,1.0,nōku,nōku,UNKNOWN,,opus_tatoeba_v2023-04-12_maori_tatoeba_raw,
tatoeba_maori_tatoeba_raw,39,2.0,tēnei,tēnei,UNKNOWN,,opus_tatoeba_v2023-04-12_maori_tatoeba_raw,
tatoeba_maori_tatoeba_raw,39,3.0,whare,whare,UNKNOWN,,opus_tatoeba_v2023-04-12_maori_tatoeba_raw,
tatoeba_maori_tatoeba_raw,40,1.0,tahi,tahi,UNKNOWN,,opus_tatoeba_v2023-04-12_maori_tatoeba_raw,
tatoeba_maori_tatoeba_raw,40,2.0,rua,rua,UNKNOWN,,opus_tatoeba_v2023-04-12_maori_tatoeba_raw,
tatoeba_maori_tatoeba_raw,40,3.0,toru,toru,UNKNOWN,,opus_tatoeba_v2023-04-12_maori_tatoeba_raw,
tatoeba_maori_tatoeba_raw,40,4.0,whā,whā,UNKNOWN,,opus_tatoeba_v2023-04-12_maori_tatoeba_raw,
tatoeba_maori_tatoeba_raw,40,5.0,rima,rima,UNKNOWN,,opus_tatoeba_v2023-04-12_maori_tatoeba_raw,
tatoeba_maori_tatoeba_raw,40,6.0,o,ono,UNKNOWN,,opus_tatoeba_v2023-04-12_maori_tatoeba_raw,ono
tatoeba_maori_tatoeba_raw,40,6.1,no,ono,UNKNOWN,,opus_tatoeba_v2023-04-12_maori_tatoeba_raw,ono
tatoeba_maori_tatoeba_raw,40,7.0,whitu,whitu,UNKNOWN,,opus_tatoeba_v2023-04-12_maori_tatoeba_raw,
tatoeba_maori_tatoeba_raw,40,8.0,waru,waru,UNKNOWN,,opus_tatoeba_v2023-04-12_maori_tatoeba_raw,
tatoeba_maori_tatoeba_raw,40,9.0,i,iwa,UNKNOWN,,opus_tatoeba_v2023-04-12_maori_tatoeba_raw,iwa
tatoeba_maori_tatoeba_raw,40,9.1,wa,iwa,UNKNOWN,,opus_tatoeba_v2023-04-12_maori_tatoeba_raw,iwa
tatoeba_maori_tatoeba_raw,40,10.0,te,tekau,UNKNOWN,,opus_tatoeba_v2023-04-12_maori_tatoeba_raw,tekau
tatoeba_maori_tatoeba_raw,40,10.1,kau,tekau,UNKNOWN,,opus_tatoeba_v2023-04-12_maori_tatoeba_raw,tekau
tatoeba_maori_tatoeba_raw,41,1.0,ko,ko,UNKNOWN,,opus_tatoeba_v2023-04-12_maori_tatoeba_raw,
tatoeba_maori_tatoeba_raw,41,2.0,tāku,tāku,UNKNOWN,,opus_tatoeba_v2023-04-12_maori_tatoeba_raw,
tatoeba_maori_tatoeba_raw,41,3.0,kurī,kurī,UNKNOWN,,opus_tatoeba_v2023-04-12_maori_tatoeba_raw,
tatoeba_maori_tatoeba_raw,41,4.0,tēnei,tēnei,UNKNOWN,,opus_tatoeba_v2023-04-12_maori_tatoeba_raw,
tatoeba_maori_tatoeba_raw,42,1.0,ko,ko,UNKNOWN,,opus_tatoeba_v2023-04-12_maori_tatoeba_raw,
tatoeba_maori_tatoeba_raw,42,2.0,tāku,tāku,UNKNOWN,,opus_tatoeba_v2023-04-12_maori_tatoeba_raw,
tatoeba_maori_tatoeba_raw,42,3.0,ngeru,ngeru,UNKNOWN,,opus_tatoeba_v2023-04-12_maori_tatoeba_raw,
tatoeba_maori_tatoeba_raw,42,4.0,tēnei,tēnei,UNKNOWN,,opus_tatoeba_v2023-04-12_maori_tatoeba_raw,
tatoeba_maori_tatoeba_raw,43,1.0,i,i,UNKNOWN,,opus_tatoeba_v2023-04-12_maori_tatoeba_raw,
tatoeba_maori_tatoeba_raw,43,2.0,ki,kite,UNKNOWN,,opus_tatoeba_v2023-04-12_maori_tatoeba_raw,kite
tatoeba_maori_tatoeba_raw,43,2.1,te,kite,UNKNOWN,,opus_tatoeba_v2023-04-12_maori_tatoeba_raw,kite
tatoeba_maori_tatoeba_raw,43,3.0,ko,koe,UNKNOWN,,opus_tatoeba_v2023-04-12_maori_tatoeba_raw,koe
tatoeba_maori_tatoeba_raw,43,3.1,e,koe,UNKNOWN,,opus_tatoeba_v2023-04-12_maori_tatoeba_raw,koe
tatoeba_maori_tatoeba_raw,43,4.0,i,i,UNKNOWN,,opus_tatoeba_v2023-04-12_maori_tatoeba_raw,
tatoeba_maori_tatoeba_raw,43,5.0,te,te,UNKNOWN,,opus_tatoeba_v2023-04-12_maori_tatoeba_raw,
tatoeba_maori_tatoeba_raw,43,6.0,tāne,tāne,UNKNOWN,,opus_tatoeba_v2023-04-12_maori_tatoeba_raw,
tatoeba_maori_tatoeba_raw,44,1.0,ko,ko,UNKNOWN,,opus_tatoeba_v2023-04-12_maori_tatoeba_raw,
tatoeba_maori_tatoeba_raw,44,2.0,wai,wai,UNKNOWN,,opus_tatoeba_v2023-04-12_maori_tatoeba_raw,
tatoeba_maori_tatoeba_raw,44,3.0,te,te,UNKNOWN,,opus_tatoeba_v2023-04-12_maori_tatoeba_raw,
tatoeba_maori_tatoeba_raw,44,4.0,i,ingoa,UNKNOWN,,opus_tatoeba_v2023-04-12_maori_tatoeba_raw,ingoa
tatoeba_maori_tatoeba_raw,44,4.1,ngoa,ingoa,UNKNOWN,,opus_tatoeba_v2023-04-12_maori_tatoeba_raw,ingoa
tatoeba_maori_tatoeba_raw,44,5.0,o,o,UNKNOWN,,opus_tatoeba_v2023-04-12_maori_tatoeba_raw,
tatoeba_maori_tatoeba_raw,44,6.0,tēnei,tēnei,UNKNOWN,,opus_tatoeba_v2023-04-12_maori_tatoeba_raw,
tatoeba_maori_tatoeba_raw,44,7.0,rākau,rākau,UNKNOWN,,opus_tatoeba_v2023-04-12_maori_tatoeba_raw,
tatoeba_maori_tatoeba_raw,45,1.0,he,he,UNKNOWN,,opus_tatoeba_v2023-04-12_maori_tatoeba_raw,
tatoeba_maori_tatoeba_raw,45,2.0,pōtae,pōtae,UNKNOWN,,opus_tatoeba_v2023-04-12_maori_tatoeba_raw,
tatoeba_maori_tatoeba_raw,45,3.0,tēnei,tēnei,UNKNOWN,,opus_tatoeba_v2023-04-12_maori_tatoeba_raw,
tatoeba_maori_tatoeba_raw,46,1.0,e,ehara,UNKNOWN,,opus_tatoeba_v2023-04-12_maori_tatoeba_raw,ehara
tatoeba_maori_tatoeba_raw,46,1.1,hara,ehara,UNKNOWN,,opus_tatoeba_v2023-04-12_maori_tatoeba_raw,ehara
tatoeba_maori_tatoeba_raw,46,2.0,tēnei,tēnei,UNKNOWN,,opus_tatoeba_v2023-04-12_maori_tatoeba_raw,
tatoeba_maori_tatoeba_raw,46,3.0,i,i,UNKNOWN,,opus_tatoeba_v2023-04-12_maori_tatoeba_raw,
tatoeba_maori_tatoeba_raw,46,4.0,te,te,UNKNOWN,,opus_tatoeba_v2023-04-12_maori_tatoeba_raw,
tatoeba_maori_tatoeba_raw,46,5.0,pōtae,pōtae,UNKNOWN,,opus_tatoeba_v2023-04-12_maori_tatoeba_raw,
tatoeba_maori_tatoeba_raw,47,1.0,kei,kei,UNKNOWN,,opus_tatoeba_v2023-04-12_maori_tatoeba_raw,
tatoeba_maori_tatoeba_raw,47,2.0,te,te,UNKNOWN,,opus_tatoeba_v2023-04-12_maori_tatoeba_raw,
tatoeba_maori_tatoeba_raw,47,3.0,ngenge,ngenge,UNKNOWN,,opus_tatoeba_v2023-04-12_maori_tatoeba_raw,
tatoeba_maori_tatoeba_raw,47,4.0,ahau,ahau,UNKNOWN,,opus_tatoeba_v2023-04-12_maori_tatoeba_raw,
tatoeba_maori_tatoeba_raw,48,1.0,i,i,UNKNOWN,,opus_tatoeba_v2023-04-12_maori_tatoeba_raw,
tatoeba_maori_tatoeba_raw,48,2.0,tatū,tatū,UNKNOWN,,opus_tatoeba_v2023-04-12_maori_tatoeba_raw,
tatoeba_maori_tatoeba_raw,48,3.0,te,te,UNKNOWN,,opus_tatoeba_v2023-04-12_maori_tatoeba_raw,
tatoeba_maori_tatoeba_raw,48,4.0,rererangi,rererangi,UNKNOWN,,opus_tatoeba_v2023-04-12_maori_tatoeba_raw,
tatoeba_maori_tatoeba_raw,48,5.0,i,i,UNKNOWN,,opus_tatoeba_v2023-04-12_maori_tatoeba_raw,
tatoeba_maori_tatoeba_raw,48,6.0,te,te,UNKNOWN,,opus_tatoeba_v2023-04-12_maori_tatoeba_raw,
tatoeba_maori_tatoeba_raw,48,7.0,wā,wā,UNKNOWN,,opus_tatoeba_v2023-04-12_maori_tatoeba_raw,
tatoeba_maori_tatoeba_raw,48,8.0,tika,tika,UNKNOWN,,opus_tatoeba_v2023-04-12_maori_tatoeba_raw,
tatoeba_maori_tatoeba_raw,49,1.0,he,he,UNKNOWN,,opus_tatoeba_v2023-04-12_maori_tatoeba_raw,
tatoeba_maori_tatoeba_raw,49,2.0,te,tere,UNKNOWN,,opus_tatoeba_v2023-04-12_maori_tatoeba_raw,tere
tatoeba_maori_tatoeba_raw,49,2.1,re,tere,UNKNOWN,,opus_tatoeba_v2023-04-12_maori_tatoeba_raw,tere
tatoeba_maori_tatoeba_raw,49,3.0,i,ia,UNKNOWN,,opus_tatoeba_v2023-04-12_maori_tatoeba_raw,ia
tatoeba_maori_tatoeba_raw,49,3.1,a,ia,UNKNOWN,,opus_tatoeba_v2023-04-12_maori_tatoeba_raw,ia
tatoeba_maori_tatoeba_raw,50,1.0,ka,ka,UNKNOWN,,opus_tatoeba_v2023-04-12_maori_tatoeba_raw,
tatoeba_maori_tatoeba_raw,50,2.0,haere,haere,UNKNOWN,,opus_tatoeba_v2023-04-12_maori_tatoeba_raw,
tatoeba_maori_tatoeba_raw,50,3.0,ahau,ahau,UNKNOWN,,opus_tatoeba_v2023-04-12_maori_tatoeba_raw,
tatoeba_maori_tatoeba_raw,50,4.0,i,i,UNKNOWN,,opus_tatoeba_v2023-04-12_maori_tatoeba_raw,
tatoeba_maori_tatoeba_raw,50,5.0,te,te,UNKNOWN,,opus_tatoeba_v2023-04-12_maori_tatoeba_raw,
tatoeba_maori_tatoeba_raw,50,6.0,te,tekau,UNKNOWN,,opus_tatoeba_v2023-04-12_maori_tatoeba_raw,tekau
tatoeba_maori_tatoeba_raw,50,6.1,kau,tekau,UNKNOWN,,opus_tatoeba_v2023-04-12_maori_tatoeba_raw,tekau
tatoeba_maori_tatoeba_raw,50,7.0,ka,karaka,UNKNOWN,,opus_tatoeba_v2023-04-12_maori_tatoeba_raw,karaka
tatoeba_maori_tatoeba_raw,50,7.1,raka,karaka,UNKNOWN,,opus_tatoeba_v2023-04-12_maori_tatoeba_raw,karaka
tatoeba_maori_tatoeba_raw,51,1.0,he,he,UNKNOWN,,opus_tatoeba_v2023-04-12_maori_tatoeba_raw,
tatoeba_maori_tatoeba_raw,51,2.0,ngeru,ngeru,UNKNOWN,,opus_tatoeba_v2023-04-12_maori_tatoeba_raw,
tatoeba_maori_tatoeba_raw,51,3.0,he,he,UNKNOWN,,opus_tatoeba_v2023-04-12_maori_tatoeba_raw,
tatoeba_maori_tatoeba_raw,51,4.0,kurī,kurī,UNKNOWN,,opus_tatoeba_v2023-04-12_maori_tatoeba_raw,
tatoeba_maori_tatoeba_raw,51,5.0,rānei,rānei,UNKNOWN,,opus_tatoeba_v2023-04-12_maori_tatoeba_raw,
tatoeba_maori_tatoeba_raw,52,1.0,kei,kei,UNKNOWN,,opus_tatoeba_v2023-04-12_maori_tatoeba_raw,
tatoeba_maori_tatoeba_raw,52,2.0,te,te,UNKNOWN,,opus_tatoeba_v2023-04-12_maori_tatoeba_raw,
tatoeba_maori_tatoeba_raw,52,3.0,wātea,wātea,UNKNOWN,,opus_tatoeba_v2023-04-12_maori_tatoeba_raw,
tatoeba_maori_tatoeba_raw,52,4.0,ko,koe,UNKNOWN,,opus_tatoeba_v2023-04-12_maori_tatoeba_raw,koe
tatoeba_maori_tatoeba_raw,52,4.1,e,koe,UNKNOWN,,opus_tatoeba_v2023-04-12_maori_tatoeba_raw,koe
tatoeba_maori_tatoeba_raw,52,5.0,ā,āpōpō,UNKNOWN,,opus_tatoeba_v2023-04-12_maori_tatoeba_raw,āpōpō
tatoeba_maori_tatoeba_raw,52,5.1,pōpō,āpōpō,UNKNOWN,,opus_tatoeba_v2023-04-12_maori_tatoeba_raw,āpōpō
tatoeba_maori_tatoeba_raw,53,1.0,kāore,kāore,UNKNOWN,,opus_tatoeba_v2023-04-12_maori_tatoeba_raw,
tatoeba_maori_tatoeba_raw,53,2.0,e,e,UNKNOWN,,opus_tatoeba_v2023-04-12_maori_tatoeba_raw,
tatoeba_maori_tatoeba_raw,53,3.0,pai,pai,UNKNOWN,,opus_tatoeba_v2023-04-12_maori_tatoeba_raw,
tatoeba_maori_tatoeba_raw,53,4.0,ki,ki,UNKNOWN,,opus_tatoeba_v2023-04-12_maori_tatoeba_raw,
tatoeba_maori_tatoeba_raw,53,5.0,a,a,UNKNOWN,,opus_tatoeba_v2023-04-12_maori_tatoeba_raw,
tatoeba_maori_tatoeba_raw,53,6.0,au,au,UNKNOWN,,opus_tatoeba_v2023-04-12_maori_tatoeba_raw,
tatoeba_maori_tatoeba_raw,53,7.0,te,te,UNKNOWN,,opus_tatoeba_v2023-04-12_maori_tatoeba_raw,
tatoeba_maori_tatoeba_raw,53,8.0,tiakarete,tiakarete,UNKNOWN,,opus_tatoeba_v2023-04-12_maori_tatoeba_raw,
tatoeba_maori_tatoeba_raw,54,1.0,he,he,UNKNOWN,,opus_tatoeba_v2023-04-12_maori_tatoeba_raw,
tatoeba_maori_tatoeba_raw,54,2.0,whakaaro,whakaaro,UNKNOWN,,opus_tatoeba_v2023-04-12_maori_tatoeba_raw,
tatoeba_maori_tatoeba_raw,54,3.0,tō,tōku,UNKNOWN,,opus_tatoeba_v2023-04-12_maori_tatoeba_raw,tōku
tatoeba_maori_tatoeba_raw,54,3.1,ku,tōku,UNKNOWN,,opus_tatoeba_v2023-04-12_maori_tatoeba_raw,tōku
tatoeba_maori_tatoeba_raw,55,1.0,he,he,UNKNOWN,,opus_tatoeba_v2023-04-12_maori_tatoeba_raw,
tatoeba_maori_tatoeba_raw,55,2.0,nui,nui,UNKNOWN,,opus_tatoeba_v2023-04-12_maori_tatoeba_raw,
tatoeba_maori_tatoeba_raw,55,3.0,rawa,rawa,UNKNOWN,,opus_tatoeba_v2023-04-12_maori_tatoeba_raw,
tatoeba_maori_tatoeba_raw,55,4.0,te,te,UNKNOWN,,opus_tatoeba_v2023-04-12_maori_tatoeba_raw,
tatoeba_maori_tatoeba_raw,55,5.0,utu,utu,UNKNOWN,,opus_tatoeba_v2023-04-12_maori_tatoeba_raw,
tatoeba_maori_tatoeba_raw,56,1.0,kāore,kāore,UNKNOWN,,opus_tatoeba_v2023-04-12_maori_tatoeba_raw,
tatoeba_maori_tatoeba_raw,56,2.0,anō,anō,UNKNOWN,,opus_tatoeba_v2023-04-12_maori_tatoeba_raw,
tatoeba_maori_tatoeba_raw,56,3.0,au,au,UNKNOWN,,opus_tatoeba_v2023-04-12_maori_tatoeba_raw,
tatoeba_maori_tatoeba_raw,56,4.0,ki,kia,UNKNOWN,,opus_tatoeba_v2023-04-12_maori_tatoeba_raw,kia
tatoeba_maori_tatoeba_raw,56,4.1,a,kia,UNKNOWN,,opus_tatoeba_v2023-04-12_maori_tatoeba_raw,kia
tatoeba_maori_tatoeba_raw,56,5.0,whakatau,whakatau,UNKNOWN,,opus_tatoeba_v2023-04-12_maori_tatoeba_raw,
tatoeba_maori_tatoeba_raw,57,1.0,ā,āhea,UNKNOWN,,opus_tatoeba_v2023-04-12_maori_tatoeba_raw,āhea
tatoeba_maori_tatoeba_raw,57,1.1,hea,āhea,UNKNOWN,,opus_tatoeba_v2023-04-12_maori_tatoeba_raw,āhea
tatoeba_maori_tatoeba_raw,57,2.0,te,te,UNKNOWN,,opus_tatoeba_v2023-04-12_maori_tatoeba_raw,
tatoeba_maori_tatoeba_raw,57,3.0,pāti,pāti,UNKNOWN,,opus_tatoeba_v2023-04-12_maori_tatoeba_raw,
tatoeba_maori_tatoeba_raw,58,1.0,ka,kaua,UNKNOWN,,opus_tatoeba_v2023-04-12_maori_tatoeba_raw,kaua
tatoeba_maori_tatoeba_raw,58,1.1,ua,kaua,UNKNOWN,,opus_tatoeba_v2023-04-12_maori_tatoeba_raw,kaua
tatoeba_maori_tatoeba_raw,58,2.0,e,e,UNKNOWN,,opus_tatoeba_v2023-04-12_maori_tatoeba_raw,
tatoeba_maori_tatoeba_raw,58,3.0,wareware,wareware,UNKNOWN,,opus_tatoeba_v2023-04-12_maori_tatoeba_raw,
tatoeba_maori_tatoeba_raw,58,4.0,ki,ki,UNKNOWN,,opus_tatoeba_v2023-04-12_maori_tatoeba_raw,
tatoeba_maori_tatoeba_raw,58,5.0,te,te,UNKNOWN,,opus_tatoeba_v2023-04-12_maori_tatoeba_raw,
tatoeba_maori_tatoeba_raw,58,6.0,tīketi,tīketi,UNKNOWN,,opus_tatoeba_v2023-04-12_maori_tatoeba_raw,
tatoeba_maori_tatoeba_raw,59,1.0,he,he,UNKNOWN,,opus_tatoeba_v2023-04-12_maori_tatoeba_raw,
tatoeba_maori_tatoeba_raw,59,2.0,tino,tino,UNKNOWN,,opus_tatoeba_v2023-04-12_maori_tatoeba_raw,
tatoeba_maori_tatoeba_raw,59,3.0,makariri,makariri,UNKNOWN,,opus_tatoeba_v2023-04-12_maori_tatoeba_raw,
tatoeba_maori_tatoeba_raw,59,4.0,tēnei,tēnei,UNKNOWN,,opus_tatoeba_v2023-04-12_maori_tatoeba_raw,
tatoeba_maori_tatoeba_raw,59,5.0,rangi,rangi,UNKNOWN,,opus_tatoeba_v2023-04-12_maori_tatoeba_raw,
tatoeba_maori_tatoeba_raw,60,1.0,ki,kia,UNKNOWN,,opus_tatoeba_v2023-04-12_maori_tatoeba_raw,kia
tatoeba_maori_tatoeba_raw,60,1.1,a,kia,UNKNOWN,,opus_tatoeba_v2023-04-12_maori_tatoeba_raw,kia
tatoeba_maori_tatoeba_raw,60,2.0,o,ora,UNKNOWN,,opus_tatoeba_v2023-04-12_maori_tatoeba_raw,ora
tatoeba_maori_tatoeba_raw,60,2.1,ra,ora,UNKNOWN,,opus_tatoeba_v2023-04-12_maori_tatoeba_raw,ora
tatoeba_maori_tatoeba_raw,60,3.0,mo,mo,UNKNOWN,,opus_tatoeba_v2023-04-12_maori_tatoeba_raw,
tatoeba_maori_tatoeba_raw,60,4.0,ngā,ngā,UNKNOWN,,opus_tatoeba_v2023-04-12_maori_tatoeba_raw,
tatoeba_maori_tatoeba_raw,60,5.0,maumaharatanga,maumaharatanga,UNKNOWN,,opus_tatoeba_v2023-04-12_maori_tatoeba_raw,
tatoeba_maori_tatoeba_raw,61,1.0,ki,kia,UNKNOWN,,opus_tatoeba_v2023-04-12_maori_tatoeba_raw,kia
tatoeba_maori_tatoeba_raw,61,1.1,a,kia,UNKNOWN,,opus_tatoeba_v2023-04-12_maori_tatoeba_raw,kia
tatoeba_maori_tatoeba_raw,61,2.0,pai,pai,UNKNOWN,,opus_tatoeba_v2023-04-12_maori_tatoeba_raw,
tatoeba_maori_tatoeba_raw,61,3.0,te,te,UNKNOWN,,opus_tatoeba_v2023-04-12_maori_tatoeba_raw,
tatoeba_maori_tatoeba_raw,61,4.0,mahi,mahi,UNKNOWN,,opus_tatoeba_v2023-04-12_maori_tatoeba_raw,
tatoeba_maori_tatoeba_raw,61,5.0,ki,ki,UNKNOWN,,opus_tatoeba_v2023-04-12_maori_tatoeba_raw,
tatoeba_maori_tatoeba_raw,61,6.0,te,te,UNKNOWN,,opus_tatoeba_v2023-04-12_maori_tatoeba_raw,
tatoeba_maori_tatoeba_raw,61,7.0,hunga,hunga,UNKNOWN,,opus_tatoeba_v2023-04-12_maori_tatoeba_raw,
tatoeba_maori_tatoeba_raw,61,8.0,e,e,UNKNOWN,,opus_tatoeba_v2023-04-12_maori_tatoeba_raw,
tatoeba_maori_tatoeba_raw,61,9.0,ki,kino,UNKNOWN,,opus_tatoeba_v2023-04-12_maori_tatoeba_raw,kino
tatoeba_maori_tatoeba_raw,61,9.1,no,kino,UNKNOWN,,opus_tatoeba_v2023-04-12_maori_tatoeba_raw,kino
tatoeba_maori_tatoeba_raw,61,10.0,ana,ana,UNKNOWN,,opus_tatoeba_v2023-04-12_maori_tatoeba_raw,
tatoeba_maori_tatoeba_raw,61,11.0,ki,ki,UNKNOWN,,opus_tatoeba_v2023-04-12_maori_tatoeba_raw,
tatoeba_maori_tatoeba_raw,61,12.0,a,a,UNKNOWN,,opus_tatoeba_v2023-04-12_maori_tatoeba_raw,
tatoeba_maori_tatoeba_raw,61,13.0,ko,koutou,UNKNOWN,,opus_tatoeba_v2023-04-12_maori_tatoeba_raw,koutou
tatoeba_maori_tatoeba_raw,61,13.1,utou,koutou,UNKNOWN,,opus_tatoeba_v2023-04-12_maori_tatoeba_raw,koutou
tatoeba_maori_tatoeba_raw,62,1.0,kei,kei,UNKNOWN,,opus_tatoeba_v2023-04-12_maori_tatoeba_raw,
tatoeba_maori_tatoeba_raw,62,2.0,te,te,UNKNOWN,,opus_tatoeba_v2023-04-12_maori_tatoeba_raw,
tatoeba_maori_tatoeba_raw,62,3.0,tāhoe,tāhoe,UNKNOWN,,opus_tatoeba_v2023-04-12_maori_tatoeba_raw,
tatoeba_maori_tatoeba_raw,62,4.0,au,au,UNKNOWN,,opus_tatoeba_v2023-04-12_maori_tatoeba_raw,
tatoeba_maori_tatoeba_raw,62,5.0,i,i,UNKNOWN,,opus_tatoeba_v2023-04-12_maori_tatoeba_raw,
tatoeba_maori_tatoeba_raw,62,6.0,roto,roto,UNKNOWN,,opus_tatoeba_v2023-04-12_maori_tatoeba_raw,
tatoeba_maori_tatoeba_raw,62,7.0,ki,ki,UNKNOWN,,opus_tatoeba_v2023-04-12_maori_tatoeba_raw,
tatoeba_maori_tatoeba_raw,62,8.0,te,te,UNKNOWN,,opus_tatoeba_v2023-04-12_maori_tatoeba_raw,
tatoeba_maori_tatoeba_raw,62,9.0,moana,moana,UNKNOWN,,opus_tatoeba_v2023-04-12_maori_tatoeba_raw,
tatoeba_maori_tatoeba_raw,63,1.0,he,he,UNKNOWN,,opus_tatoeba_v2023-04-12_maori_tatoeba_raw,
tatoeba_maori_tatoeba_raw,63,2.0,ā,āporo,UNKNOWN,,opus_tatoeba_v2023-04-12_maori_tatoeba_raw,āporo
tatoeba_maori_tatoeba_raw,63,2.1,poro,āporo,UNKNOWN,,opus_tatoeba_v2023-04-12_maori_tatoeba_raw,āporo
tatoeba_maori_tatoeba_raw,63,3.0,mā,māku,UNKNOWN,,opus_tatoeba_v2023-04-12_maori_tatoeba_raw,māku
tatoeba_maori_tatoeba_raw,63,3.1,ku,māku,UNKNOWN,,opus_tatoeba_v2023-04-12_maori_tatoeba_raw,māku
tatoeba_maori_tatoeba_raw,64,1.0,ko,ko,UNKNOWN,,opus_tatoeba_v2023-04-12_maori_tatoeba_raw,
tatoeba_maori_tatoeba_raw,64,2.0,roberto,roberto,UNKNOWN,,opus_tatoeba_v2023-04-12_maori_tatoeba_raw,
tatoeba_maori_tatoeba_raw,64,3.0,ahau,ahau,UNKNOWN,,opus_tatoeba_v2023-04-12_maori_tatoeba_raw,
tatoeba_maori_tatoeba_raw,65,1.0,he,he,UNKNOWN,,opus_tatoeba_v2023-04-12_maori_tatoeba_raw,
tatoeba_maori_tatoeba_raw,65,2.0,nui,nui,UNKNOWN,,opus_tatoeba_v2023-04-12_maori_tatoeba_raw,
tatoeba_maori_tatoeba_raw,65,3.0,te,te,UNKNOWN,,opus_tatoeba_v2023-04-12_maori_tatoeba_raw,
tatoeba_maori_tatoeba_raw,65,4.0,whare,whare,UNKNOWN,,opus_tatoeba_v2023-04-12_maori_tatoeba_raw,
tatoeba_maori_tatoeba_raw,66,1.0,e,e,UNKNOWN,,opus_tatoeba_v2023-04-12_maori_tatoeba_raw,
tatoeba_maori_tatoeba_raw,66,2.0,rua,rua,UNKNOWN,,opus_tatoeba_v2023-04-12_maori_tatoeba_raw,
tatoeba_maori_tatoeba_raw,66,3.0,aku,aku,UNKNOWN,,opus_tatoeba_v2023-04-12_maori_tatoeba_raw,
tatoeba_maori_tatoeba_raw,66,4.0,ngeru,ngeru,UNKNOWN,,opus_tatoeba_v2023-04-12_maori_tatoeba_raw,
tatoeba_maori_tatoeba_raw,67,1.0,tēnei,tēnei,UNKNOWN,,opus_tatoeba_v2023-04-12_maori_tatoeba_raw,
tatoeba_maori_tatoeba_raw,67,2.0,he,he,UNKNOWN,,opus_tatoeba_v2023-04-12_maori_tatoeba_raw,
tatoeba_maori_tatoeba_raw,67,3.0,wharekura,wharekura,UNKNOWN,,opus_tatoeba_v2023-04-12_maori_tatoeba_raw,
tatoeba_maori_tatoeba_raw,68,1.0,he,he,UNKNOWN,,opus_tatoeba_v2023-04-12_maori_tatoeba_raw,
tatoeba_maori_tatoeba_raw,68,2.0,tauira,tauira,UNKNOWN,,opus_tatoeba_v2023-04-12_maori_tatoeba_raw,
tatoeba_maori_tatoeba_raw,68,3.0,au,au,UNKNOWN,,opus_tatoeba_v2023-04-12_maori_tatoeba_raw,
tatoeba_maori_tatoeba_raw,69,1.0,he,he,UNKNOWN,,opus_tatoeba_v2023-04-12_maori_tatoeba_raw,
tatoeba_maori_tatoeba_raw,69,2.0,tauira,tauira,UNKNOWN,,opus_tatoeba_v2023-04-12_maori_tatoeba_raw,
tatoeba_maori_tatoeba_raw,69,3.0,i,ia,UNKNOWN,,opus_tatoeba_v2023-04-12_maori_tatoeba_raw,ia
tatoeba_maori_tatoeba_raw,69,3.1,a,ia,UNKNOWN,,opus_tatoeba_v2023-04-12_maori_tatoeba_raw,ia
tatoeba_maori_tatoeba_raw,70,1.0,nā,nāu,UNKNOWN,,opus_tatoeba_v2023-04-12_maori_tatoeba_raw,nāu
tatoeba_maori_tatoeba_raw,70,1.1,u,nāu,UNKNOWN,,opus_tatoeba_v2023-04-12_maori_tatoeba_raw,nāu
tatoeba_maori_tatoeba_raw,70,2.0,tēnei,tēnei,UNKNOWN,,opus_tatoeba_v2023-04-12_maori_tatoeba_raw,
tatoeba_maori_tatoeba_raw,70,3.0,kurī,kurī,UNKNOWN,,opus_tatoeba_v2023-04-12_maori_tatoeba_raw,
tatoeba_maori_tatoeba_raw,71,1.0,nā,nāku,UNKNOWN,,opus_tatoeba_v2023-04-12_maori_tatoeba_raw,nāku
tatoeba_maori_tatoeba_raw,71,1.1,ku,nāku,UNKNOWN,,opus_tatoeba_v2023-04-12_maori_tatoeba_raw,nāku
tatoeba_maori_tatoeba_raw,71,2.0,tēnei,tēnei,UNKNOWN,,opus_tatoeba_v2023-04-12_maori_tatoeba_raw,
tatoeba_maori_tatoeba_raw,71,3.0,kurī,kurī,UNKNOWN,,opus_tatoeba_v2023-04-12_maori_tatoeba_raw,
tatoeba_maori_tatoeba_raw,72,1.0,tēnei,tēnei,UNKNOWN,,opus_tatoeba_v2023-04-12_maori_tatoeba_raw,
tatoeba_maori_tatoeba_raw,72,2.0,he,he,UNKNOWN,,opus_tatoeba_v2023-04-12_maori_tatoeba_raw,
tatoeba_maori_tatoeba_raw,72,3.0,ā,āporo,UNKNOWN,,opus_tatoeba_v2023-04-12_maori_tatoeba_raw,āporo
tatoeba_maori_tatoeba_raw,72,3.1,poro,āporo,UNKNOWN,,opus_tatoeba_v2023-04-12_maori_tatoeba_raw,āporo
tatoeba_maori_tatoeba_raw,72,4.0,kākāriki,kākāriki,UNKNOWN,,opus_tatoeba_v2023-04-12_maori_tatoeba_raw,
tatoeba_maori_tatoeba_raw,73,1.0,he,he,UNKNOWN,,opus_tatoeba_v2023-04-12_maori_tatoeba_raw,
tatoeba_maori_tatoeba_raw,73,2.0,tāne,tāne,UNKNOWN,,opus_tatoeba_v2023-04-12_maori_tatoeba_raw,
tatoeba_maori_tatoeba_raw,73,3.0,mā,mārena,UNKNOWN,,opus_tatoeba_v2023-04-12_maori_tatoeba_raw,mārena
tatoeba_maori_tatoeba_raw,73,3.1,rena,mārena,UNKNOWN,,opus_tatoeba_v2023-04-12_maori_tatoeba_raw,mārena
tatoeba_maori_tatoeba_raw,73,4.0,ahau,ahau,UNKNOWN,,opus_tatoeba_v2023-04-12_maori_tatoeba_raw,
tatoeba_maori_tatoeba_raw,74,1.0,he,he,UNKNOWN,,opus_tatoeba_v2023-04-12_maori_tatoeba_raw,
tatoeba_maori_tatoeba_raw,74,2.0,ngeru,ngeru,UNKNOWN,,opus_tatoeba_v2023-04-12_maori_tatoeba_raw,
tatoeba_maori_tatoeba_raw,74,3.0,au,au,UNKNOWN,,opus_tatoeba_v2023-04-12_maori_tatoeba_raw,
tatoeba_maori_tatoeba_raw,75,1.0,he,he,UNKNOWN,,opus_tatoeba_v2023-04-12_maori_tatoeba_raw,
tatoeba_maori_tatoeba_raw,75,2.0,wahine,wahine,UNKNOWN,,opus_tatoeba_v2023-04-12_maori_tatoeba_raw,
tatoeba_maori_tatoeba_raw,75,3.0,au,au,UNKNOWN,,opus_tatoeba_v2023-04-12_maori_tatoeba_raw,
tatoeba_maori_tatoeba_raw,76,1.0,kāore,kāore,UNKNOWN,,opus_tatoeba_v2023-04-12_maori_tatoeba_raw,
tatoeba_maori_tatoeba_raw,76,2.0,te,te,UNKNOWN,,opus_tatoeba_v2023-04-12_maori_tatoeba_raw,
tatoeba_maori_tatoeba_raw,76,3.0,taro,taro,UNKNOWN,,opus_tatoeba_v2023-04-12_maori_tatoeba_raw,
tatoeba_maori_tatoeba_raw,76,4.0,i,i,UNKNOWN,,opus_tatoeba_v2023-04-12_maori_tatoeba_raw,
tatoeba_maori_tatoeba_raw,76,5.0,te,te,UNKNOWN,,opus_tatoeba_v2023-04-12_maori_tatoeba_raw,
tatoeba_maori_tatoeba_raw,76,6.0,hou,hou,UNKNOWN,,opus_tatoeba_v2023-04-12_maori_tatoeba_raw,
tatoeba_maori_tatoeba_raw,77,1.0,kei,kei,UNKNOWN,,opus_tatoeba_v2023-04-12_maori_tatoeba_raw,
tatoeba_maori_tatoeba_raw,77,2.0,te,te,UNKNOWN,,opus_tatoeba_v2023-04-12_maori_tatoeba_raw,
tatoeba_maori_tatoeba_raw,77,3.0,ka,kai,UNKNOWN,,opus_tatoeba_v2023-04-12_maori_tatoeba_raw,kai
tatoeba_maori_tatoeba_raw,77,3.1,i,kai,UNKNOWN,,opus_tatoeba_v2023-04-12_maori_tatoeba_raw,kai
tatoeba_maori_tatoeba_raw,77,4.0,ahau,ahau,UNKNOWN,,opus_tatoeba_v2023-04-12_maori_tatoeba_raw,
tatoeba_maori_tatoeba_raw,78,1.0,kei,kei,UNKNOWN,,opus_tatoeba_v2023-04-12_maori_tatoeba_raw,
tatoeba_maori_tatoeba_raw,78,2.0,te,te,UNKNOWN,,opus_tatoeba_v2023-04-12_maori_tatoeba_raw,
tatoeba_maori_tatoeba_raw,78,3.0,ka,kai,UNKNOWN,,opus_tatoeba_v2023-04-12_maori_tatoeba_raw,kai
tatoeba_maori_tatoeba_raw,78,3.1,i,kai,UNKNOWN,,opus_tatoeba_v2023-04-12_maori_tatoeba_raw,kai
tatoeba_maori_tatoeba_raw,78,4.0,ko,koe,UNKNOWN,,opus_tatoeba_v2023-04-12_maori_tatoeba_raw,koe
tatoeba_maori_tatoeba_raw,78,4.1,e,koe,UNKNOWN,,opus_tatoeba_v2023-04-12_maori_tatoeba_raw,koe
tatoeba_maori_tatoeba_raw,79,1.0,i,i,UNKNOWN,,opus_tatoeba_v2023-04-12_maori_tatoeba_raw,
tatoeba_maori_tatoeba_raw,79,2.0,ka,kai,UNKNOWN,,opus_tatoeba_v2023-04-12_maori_tatoeba_raw,kai
tatoeba_maori_tatoeba_raw,79,2.1,i,kai,UNKNOWN,,opus_tatoeba_v2023-04-12_maori_tatoeba_raw,kai
tatoeba_maori_tatoeba_raw,79,3.0,au,au,UNKNOWN,,opus_tatoeba_v2023-04-12_maori_tatoeba_raw,
tatoeba_maori_tatoeba_raw,79,4.0,i,i,UNKNOWN,,opus_tatoeba_v2023-04-12_maori_tatoeba_raw,
tatoeba_maori_tatoeba_raw,79,5.0,te,te,UNKNOWN,,opus_tatoeba_v2023-04-12_maori_tatoeba_raw,
tatoeba_maori_tatoeba_raw,79,6.0,miraka,miraka,UNKNOWN,,opus_tatoeba_v2023-04-12_maori_tatoeba_raw,
tatoeba_maori_tatoeba_raw,79,7.0,te,tepe,UNKNOWN,,opus_tatoeba_v2023-04-12_maori_tatoeba_raw,tepe
tatoeba_maori_tatoeba_raw,79,7.1,pe,tepe,UNKNOWN,,opus_tatoeba_v2023-04-12_maori_tatoeba_raw,tepe
tatoeba_maori_tatoeba_raw,80,1.0,i,i,UNKNOWN,,opus_tatoeba_v2023-04-12_maori_tatoeba_raw,
tatoeba_maori_tatoeba_raw,80,2.0,haere,haere,UNKNOWN,,opus_tatoeba_v2023-04-12_maori_tatoeba_raw,
tatoeba_maori_tatoeba_raw,80,3.0,anō,anō,UNKNOWN,,opus_tatoeba_v2023-04-12_maori_tatoeba_raw,
tatoeba_maori_tatoeba_raw,80,4.0,i,ia,UNKNOWN,,opus_tatoeba_v2023-04-12_maori_tatoeba_raw,ia
tatoeba_maori_tatoeba_raw,80,4.1,a,ia,UNKNOWN,,opus_tatoeba_v2023-04-12_maori_tatoeba_raw,ia
tatoeba_maori_tatoeba_raw,81,1.0,kāore,kāore,UNKNOWN,,opus_tatoeba_v2023-04-12_maori_tatoeba_raw,
tatoeba_maori_tatoeba_raw,81,2.0,au,au,UNKNOWN,,opus_tatoeba_v2023-04-12_maori_tatoeba_raw,
tatoeba_maori_tatoeba_raw,81,3.0,e,e,UNKNOWN,,opus_tatoeba_v2023-04-12_maori_tatoeba_raw,
tatoeba_maori_tatoeba_raw,81,4.0,hiahia,hiahia,UNKNOWN,,opus_tatoeba_v2023-04-12_maori_tatoeba_raw,
tatoeba_maori_tatoeba_raw,81,5.0,ana,ana,UNKNOWN,,opus_tatoeba_v2023-04-12_maori_tatoeba_raw,
tatoeba_maori_tatoeba_raw,81,6.0,ki,ki,UNKNOWN,,opus_tatoeba_v2023-04-12_maori_tatoeba_raw,
tatoeba_maori_tatoeba_raw,81,7.0,te,te,UNKNOWN,,opus_tatoeba_v2023-04-12_maori_tatoeba_raw,
tatoeba_maori_tatoeba_raw,81,8.0,haere,haere,UNKNOWN,,opus_tatoeba_v2023-04-12_maori_tatoeba_raw,
tatoeba_maori_tatoeba_raw,81,9.0,ki,ki,UNKNOWN,,opus_tatoeba_v2023-04-12_maori_tatoeba_raw,
tatoeba_maori_tatoeba_raw,81,10.0,te,te,UNKNOWN,,opus_tatoeba_v2023-04-12_maori_tatoeba_raw,
tatoeba_maori_tatoeba_raw,81,11.0,kura,kura,UNKNOWN,,opus_tatoeba_v2023-04-12_maori_tatoeba_raw,
tatoeba_maori_tatoeba_raw,82,1.0,he,he,UNKNOWN,,opus_tatoeba_v2023-04-12_maori_tatoeba_raw,
tatoeba_maori_tatoeba_raw,82,2.0,pāika,pāika,UNKNOWN,,opus_tatoeba_v2023-04-12_maori_tatoeba_raw,
tatoeba_maori_tatoeba_raw,82,3.0,tō,tōku,UNKNOWN,,opus_tatoeba_v2023-04-12_maori_tatoeba_raw,tōku
tatoeba_maori_tatoeba_raw,82,3.1,ku,tōku,UNKNOWN,,opus_tatoeba_v2023-04-12_maori_tatoeba_raw,tōku
tatoeba_maori_tatoeba_raw,83,1.0,e,e,UNKNOWN,,opus_tatoeba_v2023-04-12_maori_tatoeba_raw,
tatoeba_maori_tatoeba_raw,83,2.0,hia,hia,UNKNOWN,,opus_tatoeba_v2023-04-12_maori_tatoeba_raw,
tatoeba_maori_tatoeba_raw,83,3.0,ngā,ngā,UNKNOWN,,opus_tatoeba_v2023-04-12_maori_tatoeba_raw,
tatoeba_maori_tatoeba_raw,83,4.0,pereti,pereti,UNKNOWN,,opus_tatoeba_v2023-04-12_maori_tatoeba_raw,
tatoeba_maori_tatoeba_raw,83,5.0,e,e,UNKNOWN,,opus_tatoeba_v2023-04-12_maori_tatoeba_raw,
tatoeba_maori_tatoeba_raw,83,6.0,hia,hia,UNKNOWN,,opus_tatoeba_v2023-04-12_maori_tatoeba_raw,
tatoeba_maori_tatoeba_raw,83,7.0,ngā,ngā,UNKNOWN,,opus_tatoeba_v2023-04-12_maori_tatoeba_raw,
tatoeba_maori_tatoeba_raw,83,8.0,ka,kapu,UNKNOWN,,opus_tatoeba_v2023-04-12_maori_tatoeba_raw,kapu
tatoeba_maori_tatoeba_raw,83,8.1,pu,kapu,UNKNOWN,,opus_tatoeba_v2023-04-12_maori_tatoeba_raw,kapu
tatoeba_maori_tatoeba_raw,84,1.0,tokohia,tokohia,UNKNOWN,,opus_tatoeba_v2023-04-12_maori_tatoeba_raw,
tatoeba_maori_tatoeba_raw,84,2.0,ā,ā,UNKNOWN,,opus_tatoeba_v2023-04-12_maori_tatoeba_raw,
tatoeba_maori_tatoeba_raw,84,3.0,ko,koutou,UNKNOWN,,opus_tatoeba_v2023-04-12_maori_tatoeba_raw,koutou
tatoeba_maori_tatoeba_raw,84,3.1,utou,koutou,UNKNOWN,,opus_tatoeba_v2023-04-12_maori_tatoeba_raw,koutou
tatoeba_maori_tatoeba_raw,84,4.0,ā,ākonga,UNKNOWN,,opus_tatoeba_v2023-04-12_maori_tatoeba_raw,ākonga
tatoeba_maori_tatoeba_raw,84,4.1,konga,ākonga,UNKNOWN,,opus_tatoeba_v2023-04-12_maori_tatoeba_raw,ākonga
tatoeba_maori_tatoeba_raw,85,1.0,tokoiwa,tokoiwa,UNKNOWN,,opus_tatoeba_v2023-04-12_maori_tatoeba_raw,
tatoeba_maori_tatoeba_raw,85,2.0,pea,pea,UNKNOWN,,opus_tatoeba_v2023-04-12_maori_tatoeba_raw,
tatoeba_maori_tatoeba_raw,85,3.0,ā,ā,UNKNOWN,,opus_tatoeba_v2023-04-12_maori_tatoeba_raw,
tatoeba_maori_tatoeba_raw,85,4.0,mā,mātou,UNKNOWN,,opus_tatoeba_v2023-04-12_maori_tatoeba_raw,mātou
tatoeba_maori_tatoeba_raw,85,4.1,tou,mātou,UNKNOWN,,opus_tatoeba_v2023-04-12_maori_tatoeba_raw,mātou
tatoeba_maori_tatoeba_raw,85,5.0,ā,ākonga,UNKNOWN,,opus_tatoeba_v2023-04-12_maori_tatoeba_raw,ākonga
tatoeba_maori_tatoeba_raw,85,5.1,konga,ākonga,UNKNOWN,,opus_tatoeba_v2023-04-12_maori_tatoeba_raw,ākonga
tatoeba_maori_tatoeba_raw,86,1.0,tokotoru,tokotoru,UNKNOWN,,opus_tatoeba_v2023-04-12_maori_tatoeba_raw,
tatoeba_maori_tatoeba_raw,86,2.0,ā,āu,UNKNOWN,,opus_tatoeba_v2023-04-12_maori_tatoeba_raw,āu
tatoeba_maori_tatoeba_raw,86,2.1,u,āu,UNKNOWN,,opus_tatoeba_v2023-04-12_maori_tatoeba_raw,āu
tatoeba_maori_tatoeba_raw,86,3.0,tamariki,tamariki,UNKNOWN,,opus_tatoeba_v2023-04-12_maori_tatoeba_raw,
tatoeba_maori_tatoeba_raw,87,1.0,e,e,UNKNOWN,,opus_tatoeba_v2023-04-12_maori_tatoeba_raw,
tatoeba_maori_tatoeba_raw,87,2.0,whitu,whitu,UNKNOWN,,opus_tatoeba_v2023-04-12_maori_tatoeba_raw,
tatoeba_maori_tatoeba_raw,87,3.0,ngā,ngā,UNKNOWN,,opus_tatoeba_v2023-04-12_maori_tatoeba_raw,
tatoeba_maori_tatoeba_raw,87,4.0,parāikete,parāikete,UNKNOWN,,opus_tatoeba_v2023-04-12_maori_tatoeba_raw,
tatoeba_maori_tatoeba_raw,88,1.0,ko,kotahi,UNKNOWN,,opus_tatoeba_v2023-04-12_maori_tatoeba_raw,kotahi
tatoeba_maori_tatoeba_raw,88,1.1,tahi,kotahi,UNKNOWN,,opus_tatoeba_v2023-04-12_maori_tatoeba_raw,kotahi
tatoeba_maori_tatoeba_raw,88,2.0,rau,rau,UNKNOWN,,opus_tatoeba_v2023-04-12_maori_tatoeba_raw,
tatoeba_maori_tatoeba_raw,88,3.0,ngā,ngā,UNKNOWN,,opus_tatoeba_v2023-04-12_maori_tatoeba_raw,
tatoeba_maori_tatoeba_raw,88,4.0,marae,marae,UNKNOWN,,opus_tatoeba_v2023-04-12_maori_tatoeba_raw,
tatoeba_maori_tatoeba_raw,88,5.0,o,o,UNKNOWN,,opus_tatoeba_v2023-04-12_maori_tatoeba_raw,
tatoeba_maori_tatoeba_raw,88,6.0,tēnei,tēnei,UNKNOWN,,opus_tatoeba_v2023-04-12_maori_tatoeba_raw,
tatoeba_maori_tatoeba_raw,88,7.0,rohe,rohe,UNKNOWN,,opus_tatoeba_v2023-04-12_maori_tatoeba_raw,
tatoeba_maori_tatoeba_raw,89,1.0,e,e,UNKNOWN,,opus_tatoeba_v2023-04-12_maori_tatoeba_raw,
tatoeba_maori_tatoeba_raw,89,2.0,whā,whā,UNKNOWN,,opus_tatoeba_v2023-04-12_maori_tatoeba_raw,
tatoeba_maori_tatoeba_raw,89,3.0,te,tekau,UNKNOWN,,opus_tatoeba_v2023-04-12_maori_tatoeba_raw,tekau
tatoeba_maori_tatoeba_raw,89,3.1,kau,tekau,UNKNOWN,,opus_tatoeba_v2023-04-12_maori_tatoeba_raw,tekau
tatoeba_maori_tatoeba_raw,89,4.0,mā,mā,UNKNOWN,,opus_tatoeba_v2023-04-12_maori_tatoeba_raw,
tatoeba_maori_tatoeba_raw,89,5.0,whā,whā,UNKNOWN,,opus_tatoeba_v2023-04-12_maori_tatoeba_raw,
tatoeba_maori_tatoeba_raw,89,6.0,ō,ō,UNKNOWN,,opus_tatoeba_v2023-04-12_maori_tatoeba_raw,
tatoeba_maori_tatoeba_raw,89,7.0,tātou,tātou,UNKNOWN,,opus_tatoeba_v2023-04-12_maori_tatoeba_raw,
tatoeba_maori_tatoeba_raw,89,8.0,manuhiri,manuhiri,UNKNOWN,,opus_tatoeba_v2023-04-12_maori_tatoeba_raw,
tatoeba_maori_tatoeba_raw,90,1.0,e,e,UNKNOWN,,opus_tatoeba_v2023-04-12_maori_tatoeba_raw,
tatoeba_maori_tatoeba_raw,90,2.0,whitu,whitu,UNKNOWN,,opus_tatoeba_v2023-04-12_maori_tatoeba_raw,
tatoeba_maori_tatoeba_raw,90,3.0,ōu,ōu,UNKNOWN,,opus_tatoeba_v2023-04-12_maori_tatoeba_raw,
tatoeba_maori_tatoeba_raw,90,4.0,parāikete,parāikete,UNKNOWN,,opus_tatoeba_v2023-04-12_maori_tatoeba_raw,
tatoeba_maori_tatoeba_raw,91,1.0,ko,kotahi,UNKNOWN,,opus_tatoeba_v2023-04-12_maori_tatoeba_raw,kotahi
tatoeba_maori_tatoeba_raw,91,1.1,tahi,kotahi,UNKNOWN,,opus_tatoeba_v2023-04-12_maori_tatoeba_raw,kotahi
tatoeba_maori_tatoeba_raw,91,2.0,anake,anake,UNKNOWN,,opus_tatoeba_v2023-04-12_maori_tatoeba_raw,
tatoeba_maori_tatoeba_raw,91,3.0,te,te,UNKNOWN,,opus_tatoeba_v2023-04-12_maori_tatoeba_raw,
tatoeba_maori_tatoeba_raw,91,4.0,urunga,urunga,UNKNOWN,,opus_tatoeba_v2023-04-12_maori_tatoeba_raw,
tatoeba_maori_tatoeba_raw,92,1.0,e,e,UNKNOWN,,opus_tatoeba_v2023-04-12_maori_tatoeba_raw,
tatoeba_maori_tatoeba_raw,92,2.0,rua,rua,UNKNOWN,,opus_tatoeba_v2023-04-12_maori_tatoeba_raw,
tatoeba_maori_tatoeba_raw,92,3.0,te,tekau,UNKNOWN,,opus_tatoeba_v2023-04-12_maori_tatoeba_raw,tekau
tatoeba_maori_tatoeba_raw,92,3.1,kau,tekau,UNKNOWN,,opus_tatoeba_v2023-04-12_maori_tatoeba_raw,tekau
tatoeba_maori_tatoeba_raw,92,4.0,ā,āna,UNKNOWN,,opus_tatoeba_v2023-04-12_maori_tatoeba_raw,āna
tatoeba_maori_tatoeba_raw,92,4.1,na,āna,UNKNOWN,,opus_tatoeba_v2023-04-12_maori_tatoeba_raw,āna
tatoeba_maori_tatoeba_raw,92,5.0,tamariki,tamariki,UNKNOWN,,opus_tatoeba_v2023-04-12_maori_tatoeba_raw,
tatoeba_maori_tatoeba_raw,93,1.0,te,tekau,UNKNOWN,,opus_tatoeba_v2023-04-12_maori_tatoeba_raw,tekau
tatoeba_maori_tatoeba_raw,93,1.1,kau,tekau,UNKNOWN,,opus_tatoeba_v2023-04-12_maori_tatoeba_raw,tekau
tatoeba_maori_tatoeba_raw,93,2.0,mā,mā,UNKNOWN,,opus_tatoeba_v2023-04-12_maori_tatoeba_raw,
tatoeba_maori_tatoeba_raw,93,3.0,waru,waru,UNKNOWN,,opus_tatoeba_v2023-04-12_maori_tatoeba_raw,
tatoeba_maori_tatoeba_raw,93,4.0,rātou,rātou,UNKNOWN,,opus_tatoeba_v2023-04-12_maori_tatoeba_raw,
tatoeba_maori_tatoeba_raw,94,1.0,tokorua,tokorua,UNKNOWN,,opus_tatoeba_v2023-04-12_maori_tatoeba_raw,
tatoeba_maori_tatoeba_raw,94,2.0,ōku,ōku,UNKNOWN,,opus_tatoeba_v2023-04-12_maori_tatoeba_raw,
tatoeba_maori_tatoeba_raw,94,3.0,tuākana,tuākana,UNKNOWN,,opus_tatoeba_v2023-04-12_maori_tatoeba_raw,
tatoeba_maori_tatoeba_raw,95,1.0,ko,kotahi,UNKNOWN,,opus_tatoeba_v2023-04-12_maori_tatoeba_raw,kotahi
tatoeba_maori_tatoeba_raw,95,1.1,tahi,kotahi,UNKNOWN,,opus_tatoeba_v2023-04-12_maori_tatoeba_raw,kotahi
tatoeba_maori_tatoeba_raw,95,2.0,tō,tōku,UNKNOWN,,opus_tatoeba_v2023-04-12_maori_tatoeba_raw,tōku
tatoeba_maori_tatoeba_raw,95,2.1,ku,tōku,UNKNOWN,,opus_tatoeba_v2023-04-12_maori_tatoeba_raw,tōku
tatoeba_maori_tatoeba_raw,95,3.0,tungāne,tungāne,UNKNOWN,,opus_tatoeba_v2023-04-12_maori_tatoeba_raw,
tatoeba_maori_tatoeba_raw,96,1.0,ka,ka,UNKNOWN,,opus_tatoeba_v2023-04-12_maori_tatoeba_raw,
tatoeba_maori_tatoeba_raw,96,2.0,ki,kite,UNKNOWN,,opus_tatoeba_v2023-04-12_maori_tatoeba_raw,kite
tatoeba_maori_tatoeba_raw,96,2.1,te,kite,UNKNOWN,,opus_tatoeba_v2023-04-12_maori_tatoeba_raw,kite
tatoeba_maori_tatoeba_raw,96,3.0,mā,mātou,UNKNOWN,,opus_tatoeba_v2023-04-12_maori_tatoeba_raw,mātou
tatoeba_maori_tatoeba_raw,96,3.1,tou,mātou,UNKNOWN,,opus_tatoeba_v2023-04-12_maori_tatoeba_raw,mātou
tatoeba_maori_tatoeba_raw,96,4.0,i,i,UNKNOWN,,opus_tatoeba_v2023-04-12_maori_tatoeba_raw,
tatoeba_maori_tatoeba_raw,96,5.0,tāna,tāna,UNKNOWN,,opus_tatoeba_v2023-04-12_maori_tatoeba_raw,
tatoeba_maori_tatoeba_raw,96,6.0,kāhui,kāhui,UNKNOWN,,opus_tatoeba_v2023-04-12_maori_tatoeba_raw,
tatoeba_maori_tatoeba_raw,96,7.0,kuihi,kuihi,UNKNOWN,,opus_tatoeba_v2023-04-12_maori_tatoeba_raw,
tatoeba_maori_tatoeba_raw,97,1.0,he,he,UNKNOWN,,opus_tatoeba_v2023-04-12_maori_tatoeba_raw,
tatoeba_maori_tatoeba_raw,97,2.0,ki,kiore,UNKNOWN,,opus_tatoeba_v2023-04-12_maori_tatoeba_raw,kiore
tatoeba_maori_tatoeba_raw,97,2.1,ore,kiore,UNKNOWN,,opus_tatoeba_v2023-04-12_maori_tatoeba_raw,kiore
tatoeba_maori_tatoeba_raw,97,3.0,te,te,UNKNOWN,,opus_tatoeba_v2023-04-12_maori_tatoeba_raw,
tatoeba_maori_tatoeba_raw,97,4.0,mōkai,mōkai,UNKNOWN,,opus_tatoeba_v2023-04-12_maori_tatoeba_raw,
tatoeba_maori_tatoeba_raw,97,5.0,a,a,UNKNOWN,,opus_tatoeba_v2023-04-12_maori_tatoeba_raw,
tatoeba_maori_tatoeba_raw,97,6.0,tāku,tāku,UNKNOWN,,opus_tatoeba_v2023-04-12_maori_tatoeba_raw,
tatoeba_maori_tatoeba_raw,97,7.0,tamāhine,tamāhine,UNKNOWN,,opus_tatoeba_v2023-04-12_maori_tatoeba_raw,
tatoeba_maori_tatoeba_raw,98,1.0,na,na,UNKNOWN,,opus_tatoeba_v2023-04-12_maori_tatoeba_raw,
tatoeba_maori_tatoeba_raw,98,2.0,wai,wai,UNKNOWN,,opus_tatoeba_v2023-04-12_maori_tatoeba_raw,
tatoeba_maori_tatoeba_raw,98,3.0,ēnei,ēnei,UNKNOWN,,opus_tatoeba_v2023-04-12_maori_tatoeba_raw,
tatoeba_maori_tatoeba_raw,98,4.0,kūkū,kūkū,UNKNOWN,,opus_tatoeba_v2023-04-12_maori_tatoeba_raw,
tatoeba_maori_tatoeba_raw,99,1.0,ka,kaua,UNKNOWN,,opus_tatoeba_v2023-04-12_maori_tatoeba_raw,kaua
tatoeba_maori_tatoeba_raw,99,1.1,ua,kaua,UNKNOWN,,opus_tatoeba_v2023-04-12_maori_tatoeba_raw,kaua
tatoeba_maori_tatoeba_raw,99,2.0,e,e,UNKNOWN,,opus_tatoeba_v2023-04-12_maori_tatoeba_raw,
tatoeba_maori_tatoeba_raw,99,3.0,unuhia,unuhia,UNKNOWN,,opus_tatoeba_v2023-04-12_maori_tatoeba_raw,
tatoeba_maori_tatoeba_raw,99,4.0,ō,ō,UNKNOWN,,opus_tatoeba_v2023-04-12_maori_tatoeba_raw,
tatoeba_maori_tatoeba_raw,99,5.0,hū,hū,UNKNOWN,,opus_tatoeba_v2023-04-12_maori_tatoeba_raw,
tatoeba_maori_tatoeba_raw,100,1.0,ka,kaua,UNKNOWN,,opus_tatoeba_v2023-04-12_maori_tatoeba_raw,kaua
tatoeba_maori_tatoeba_raw,100,1.1,ua,kaua,UNKNOWN,,opus_tatoeba_v2023-04-12_maori_tatoeba_raw,kaua
tatoeba_maori_tatoeba_raw,100,2.0,e,e,UNKNOWN,,opus_tatoeba_v2023-04-12_maori_tatoeba_raw,
tatoeba_maori_tatoeba_raw,100,3.0,ka,katia,UNKNOWN,,opus_tatoeba_v2023-04-12_maori_tatoeba_raw,katia
tatoeba_maori_tatoeba_raw,100,3.1,tia,katia,UNKNOWN,,opus_tatoeba_v2023-04-12_maori_tatoeba_raw,katia
tatoeba_maori_tatoeba_raw,100,4.0,te,te,UNKNOWN,,opus_tatoeba_v2023-04-12_maori_tatoeba_raw,
tatoeba_maori_tatoeba_raw,100,5.0,kūaha,kūaha,UNKNOWN,,opus_tatoeba_v2023-04-12_maori_tatoeba_raw,
tatoeba_maori_tatoeba_raw,101,1.0,whakapaitia,whakapaitia,UNKNOWN,,opus_tatoeba_v2023-04-12_maori_tatoeba_raw,
tatoeba_maori_tatoeba_raw,101,2.0,tō,tō,UNKNOWN,,opus_tatoeba_v2023-04-12_maori_tatoeba_raw,
tatoeba_maori_tatoeba_raw,101,3.0,moenga,moenga,UNKNOWN,,opus_tatoeba_v2023-04-12_maori_tatoeba_raw,
tatoeba_maori_tatoeba_raw,102,1.0,he,he,UNKNOWN,,opus_tatoeba_v2023-04-12_maori_tatoeba_raw,
tatoeba_maori_tatoeba_raw,102,2.0,pai,pai,UNKNOWN,,opus_tatoeba_v2023-04-12_maori_tatoeba_raw,
tatoeba_maori_tatoeba_raw,102,3.0,ki,ki,UNKNOWN,,opus_tatoeba_v2023-04-12_maori_tatoeba_raw,
tatoeba_maori_tatoeba_raw,102,4.0,a,a,UNKNOWN,,opus_tatoeba_v2023-04-12_maori_tatoeba_raw,
tatoeba_maori_tatoeba_raw,102,5.0,au,au,UNKNOWN,,opus_tatoeba_v2023-04-12_maori_tatoeba_raw,
tatoeba_maori_tatoeba_raw,103,1.0,kei,kei,UNKNOWN,,opus_tatoeba_v2023-04-12_maori_tatoeba_raw,
tatoeba_maori_tatoeba_raw,103,2.0,te,te,UNKNOWN,,opus_tatoeba_v2023-04-12_maori_tatoeba_raw,
tatoeba_maori_tatoeba_raw,103,3.0,aroha,aroha,UNKNOWN,,opus_tatoeba_v2023-04-12_maori_tatoeba_raw,
tatoeba_maori_tatoeba_raw,103,4.0,au,au,UNKNOWN,,opus_tatoeba_v2023-04-12_maori_tatoeba_raw,
tatoeba_maori_tatoeba_raw,103,5.0,ki,ki,UNKNOWN,,opus_tatoeba_v2023-04-12_maori_tatoeba_raw,
tatoeba_maori_tatoeba_raw,103,6.0,a,a,UNKNOWN,,opus_tatoeba_v2023-04-12_maori_tatoeba_raw,
tatoeba_maori_tatoeba_raw,103,7.0,ko,koe,UNKNOWN,,opus_tatoeba_v2023-04-12_maori_tatoeba_raw,koe
tatoeba_maori_tatoeba_raw,103,7.1,e,koe,UNKNOWN,,opus_tatoeba_v2023-04-12_maori_tatoeba_raw,koe
tatoeba_maori_tatoeba_raw,104,1.0,ko,ko,UNKNOWN,,opus_tatoeba_v2023-04-12_maori_tatoeba_raw,
tatoeba_maori_tatoeba_raw,104,2.0,burj,burj,UNKNOWN,,opus_tatoeba_v2023-04-12_maori_tatoeba_raw,
tatoeba_maori_tatoeba_raw,104,3.0,khalifa,khalifa,UNKNOWN,,opus_tatoeba_v2023-04-12_maori_tatoeba_raw,
tatoeba_maori_tatoeba_raw,104,4.0,te,te,UNKNOWN,,opus_tatoeba_v2023-04-12_maori_tatoeba_raw,
tatoeba_maori_tatoeba_raw,104,5.0,hangatanga,hangatanga,UNKNOWN,,opus_tatoeba_v2023-04-12_maori_tatoeba_raw,
tatoeba_maori_tatoeba_raw,104,6.0,nui,nui,UNKNOWN,,opus_tatoeba_v2023-04-12_maori_tatoeba_raw,
tatoeba_maori_tatoeba_raw,104,7.0,o,o,UNKNOWN,,opus_tatoeba_v2023-04-12_maori_tatoeba_raw,
tatoeba_maori_tatoeba_raw,104,8.0,te,te,UNKNOWN,,opus_tatoeba_v2023-04-12_maori_tatoeba_raw,
tatoeba_maori_tatoeba_raw,104,9.0,ao,ao,UNKNOWN,,opus_tatoeba_v2023-04-12_maori_tatoeba_raw,
tatoeba_maori_tatoeba_raw,104,10.0,i,i,UNKNOWN,,opus_tatoeba_v2023-04-12_maori_tatoeba_raw,
tatoeba_maori_tatoeba_raw,104,11.0,tēnei,tēnei,UNKNOWN,,opus_tatoeba_v2023-04-12_maori_tatoeba_raw,
tatoeba_maori_tatoeba_raw,104,12.0,wā,wā,UNKNOWN,,opus_tatoeba_v2023-04-12_maori_tatoeba_raw,
tatoeba_maori_tatoeba_raw,105,1.0,e,e,UNKNOWN,,opus_tatoeba_v2023-04-12_maori_tatoeba_raw,
tatoeba_maori_tatoeba_raw,105,2.0,rua,rua,UNKNOWN,,opus_tatoeba_v2023-04-12_maori_tatoeba_raw,
tatoeba_maori_tatoeba_raw,105,3.0,tāra,tāra,UNKNOWN,,opus_tatoeba_v2023-04-12_maori_tatoeba_raw,
tatoeba_maori_tatoeba_raw,105,4.0,te,te,UNKNOWN,,opus_tatoeba_v2023-04-12_maori_tatoeba_raw,
tatoeba_maori_tatoeba_raw,105,5.0,utu,utu,UNKNOWN,,opus_tatoeba_v2023-04-12_maori_tatoeba_raw,
tatoeba_maori_tatoeba_raw,105,6.0,mō,mō,UNKNOWN,,opus_tatoeba_v2023-04-12_maori_tatoeba_raw,
tatoeba_maori_tatoeba_raw,105,7.0,te,te,UNKNOWN,,opus_tatoeba_v2023-04-12_maori_tatoeba_raw,
tatoeba_maori_tatoeba_raw,105,8.0,pukapuka,pukapuka,UNKNOWN,,opus_tatoeba_v2023-04-12_maori_tatoeba_raw,
tatoeba_maori_tatoeba_raw,106,1.0,i,i,UNKNOWN,,opus_tatoeba_v2023-04-12_maori_tatoeba_raw,
tatoeba_maori_tatoeba_raw,106,2.0,whakatangitangihia,whakatangitangihia,UNKNOWN,,opus_tatoeba_v2023-04-12_maori_tatoeba_raw,
tatoeba_maori_tatoeba_raw,106,3.0,e,e,UNKNOWN,,opus_tatoeba_v2023-04-12_maori_tatoeba_raw,
tatoeba_maori_tatoeba_raw,106,4.0,rāuarātou,rāuarātou,UNKNOWN,,opus_tatoeba_v2023-04-12_maori_tatoeba_raw,
tatoeba_maori_tatoeba_raw,106,5.0,te,te,UNKNOWN,,opus_tatoeba_v2023-04-12_maori_tatoeba_raw,
tatoeba_maori_tatoeba_raw,106,6.0,rakuraku,rakuraku,UNKNOWN,,opus_tatoeba_v2023-04-12_maori_tatoeba_raw,
tatoeba_maori_tatoeba_raw,106,7.0,me,me,UNKNOWN,,opus_tatoeba_v2023-04-12_maori_tatoeba_raw,
tatoeba_maori_tatoeba_raw,106,8.0,te,te,UNKNOWN,,opus_tatoeba_v2023-04-12_maori_tatoeba_raw,
tatoeba_maori_tatoeba_raw,106,9.0,akōtiana,akōtiana,UNKNOWN,,opus_tatoeba_v2023-04-12_maori_tatoeba_raw,
tatoeba_maori_tatoeba_raw,107,1.0,ko,kotahi,UNKNOWN,,opus_tatoeba_v2023-04-12_maori_tatoeba_raw,kotahi
tatoeba_maori_tatoeba_raw,107,1.1,tahi,kotahi,UNKNOWN,,opus_tatoeba_v2023-04-12_maori_tatoeba_raw,kotahi
tatoeba_maori_tatoeba_raw,107,2.0,te,te,UNKNOWN,,opus_tatoeba_v2023-04-12_maori_tatoeba_raw,
tatoeba_maori_tatoeba_raw,107,3.0,tūngou,tūngou,UNKNOWN,,opus_tatoeba_v2023-04-12_maori_tatoeba_raw,
tatoeba_maori_tatoeba_raw,107,4.0,mai,mai,UNKNOWN,,opus_tatoeba_v2023-04-12_maori_tatoeba_raw,
tatoeba_maori_tatoeba_raw,107,5.0,a,a,UNKNOWN,,opus_tatoeba_v2023-04-12_maori_tatoeba_raw,
tatoeba_maori_tatoeba_raw,107,6.0,tom,tom,UNKNOWN,,opus_tatoeba_v2023-04-12_maori_tatoeba_raw,
tatoeba_maori_tatoeba_raw,108,1.0,he,he,UNKNOWN,,opus_tatoeba_v2023-04-12_maori_tatoeba_raw,
tatoeba_maori_tatoeba_raw,108,2.0,waewae,waewae,UNKNOWN,,opus_tatoeba_v2023-04-12_maori_tatoeba_raw,
tatoeba_maori_tatoeba_raw,108,3.0,i,iti,UNKNOWN,,opus_tatoeba_v2023-04-12_maori_tatoeba_raw,iti
tatoeba_maori_tatoeba_raw,108,3.1,ti,iti,UNKNOWN,,opus_tatoeba_v2023-04-12_maori_tatoeba_raw,iti
tatoeba_maori_tatoeba_raw,108,4.0,ōna,ōna,UNKNOWN,,opus_tatoeba_v2023-04-12_maori_tatoeba_raw,
tatoeba_maori_tatoeba_raw,109,1.0,e,e,UNKNOWN,,opus_tatoeba_v2023-04-12_maori_tatoeba_raw,
tatoeba_maori_tatoeba_raw,109,2.0,hiahia,hiahia,UNKNOWN,,opus_tatoeba_v2023-04-12_maori_tatoeba_raw,
tatoeba_maori_tatoeba_raw,109,3.0,ana,ana,UNKNOWN,,opus_tatoeba_v2023-04-12_maori_tatoeba_raw,
tatoeba_maori_tatoeba_raw,109,4.0,ahau,ahau,UNKNOWN,,opus_tatoeba_v2023-04-12_maori_tatoeba_raw,
tatoeba_maori_tatoeba_raw,109,5.0,ki,ki,UNKNOWN,,opus_tatoeba_v2023-04-12_maori_tatoeba_raw,
tatoeba_maori_tatoeba_raw,109,6.0,te,te,UNKNOWN,,opus_tatoeba_v2023-04-12_maori_tatoeba_raw,
tatoeba_maori_tatoeba_raw,109,7.0,pokanga,pokanga,UNKNOWN,,opus_tatoeba_v2023-04-12_maori_tatoeba_raw,
tatoeba_maori_tatoeba_raw,109,8.0,caesarian,caesarian,UNKNOWN,,opus_tatoeba_v2023-04-12_maori_tatoeba_raw,
tatoeba_maori_tatoeba_raw,110,1.0,kua,kua,UNKNOWN,,opus_tatoeba_v2023-04-12_maori_tatoeba_raw,
tatoeba_maori_tatoeba_raw,110,2.0,wera,wera,UNKNOWN,,opus_tatoeba_v2023-04-12_maori_tatoeba_raw,
tatoeba_maori_tatoeba_raw,110,3.0,te,te,UNKNOWN,,opus_tatoeba_v2023-04-12_maori_tatoeba_raw,
tatoeba_maori_tatoeba_raw,110,4.0,ā,āhua,UNKNOWN,,opus_tatoeba_v2023-04-12_maori_tatoeba_raw,āhua
tatoeba_maori_tatoeba_raw,110,4.1,hua,āhua,UNKNOWN,,opus_tatoeba_v2023-04-12_maori_tatoeba_raw,āhua
tatoeba_maori_tatoeba_raw,110,5.0,o,o,UNKNOWN,,opus_tatoeba_v2023-04-12_maori_tatoeba_raw,
tatoeba_maori_tatoeba_raw,110,6.0,te,te,UNKNOWN,,opus_tatoeba_v2023-04-12_maori_tatoeba_raw,
tatoeba_maori_tatoeba_raw,110,7.0,rangi,rangi,UNKNOWN,,opus_tatoeba_v2023-04-12_maori_tatoeba_raw,
tatoeba_maori_tatoeba_raw,110,8.0,i,i,UNKNOWN,,opus_tatoeba_v2023-04-12_maori_tatoeba_raw,
tatoeba_maori_tatoeba_raw,110,9.0,tēnei,tēnei,UNKNOWN,,opus_tatoeba_v2023-04-12_maori_tatoeba_raw,
tatoeba_maori_tatoeba_raw,110,10.0,marama,marama,UNKNOWN,,opus_tatoeba_v2023-04-12_maori_tatoeba_raw,
tatoeba_maori_tatoeba_raw,110,11.0,hāunga,hāunga,UNKNOWN,,opus_tatoeba_v2023-04-12_maori_tatoeba_raw,
tatoeba_maori_tatoeba_raw,110,12.0,tēnei,tēnei,UNKNOWN,,opus_tatoeba_v2023-04-12_maori_tatoeba_raw,
tatoeba_maori_tatoeba_raw,110,13.0,rā,rā,UNKNOWN,,opus_tatoeba_v2023-04-12_maori_tatoeba_raw,
tatoeba_maori_tatoeba_raw,111,1.0,kāore,kāore,UNKNOWN,,opus_tatoeba_v2023-04-12_maori_tatoeba_raw,
tatoeba_maori_tatoeba_raw,111,2.0,i,i,UNKNOWN,,opus_tatoeba_v2023-04-12_maori_tatoeba_raw,
tatoeba_maori_tatoeba_raw,111,3.0,te,te,UNKNOWN,,opus_tatoeba_v2023-04-12_maori_tatoeba_raw,
tatoeba_maori_tatoeba_raw,111,4.0,tika,tika,UNKNOWN,,opus_tatoeba_v2023-04-12_maori_tatoeba_raw,
tatoeba_maori_tatoeba_raw,112,1.0,kāore,kāore,UNKNOWN,,opus_tatoeba_v2023-04-12_maori_tatoeba_raw,
tatoeba_maori_tatoeba_raw,112,2.0,ko,koe,UNKNOWN,,opus_tatoeba_v2023-04-12_maori_tatoeba_raw,koe
tatoeba_maori_tatoeba_raw,112,2.1,e,koe,UNKNOWN,,opus_tatoeba_v2023-04-12_maori_tatoeba_raw,koe
tatoeba_maori_tatoeba_raw,112,3.0,i,i,UNKNOWN,,opus_tatoeba_v2023-04-12_maori_tatoeba_raw,
tatoeba_maori_tatoeba_raw,112,4.0,te,te,UNKNOWN,,opus_tatoeba_v2023-04-12_maori_tatoeba_raw,
tatoeba_maori_tatoeba_raw,112,5.0,ki,kite,UNKNOWN,,opus_tatoeba_v2023-04-12_maori_tatoeba_raw,kite
tatoeba_maori_tatoeba_raw,112,5.1,te,kite,UNKNOWN,,opus_tatoeba_v2023-04-12_maori_tatoeba_raw,kite
tatoeba_maori_tatoeba_raw,112,6.0,i,i,UNKNOWN,,opus_tatoeba_v2023-04-12_maori_tatoeba_raw,
tatoeba_maori_tatoeba_raw,112,7.0,te,te,UNKNOWN,,opus_tatoeba_v2023-04-12_maori_tatoeba_raw,
tatoeba_maori_tatoeba_raw,112,8.0,whakaparakoretanga,whakaparakoretanga,UNKNOWN,,opus_tatoeba_v2023-04-12_maori_tatoeba_raw,
tatoeba_maori_tatoeba_raw,112,9.0,o,o,UNKNOWN,,opus_tatoeba_v2023-04-12_maori_tatoeba_raw,
tatoeba_maori_tatoeba_raw,112,10.0,te,te,UNKNOWN,,opus_tatoeba_v2023-04-12_maori_tatoeba_raw,
tatoeba_maori_tatoeba_raw,112,11.0,poroutīni,poroutīni,UNKNOWN,,opus_tatoeba_v2023-04-12_maori_tatoeba_raw,
tatoeba_maori_tatoeba_raw,112,12.0,i,i,UNKNOWN,,opus_tatoeba_v2023-04-12_maori_tatoeba_raw,
tatoeba_maori_tatoeba_raw,112,13.0,roto,roto,UNKNOWN,,opus_tatoeba_v2023-04-12_maori_tatoeba_raw,
tatoeba_maori_tatoeba_raw,112,14.0,i,i,UNKNOWN,,opus_tatoeba_v2023-04-12_maori_tatoeba_raw,
tatoeba_maori_tatoeba_raw,112,15.0,tētahi,tētahi,UNKNOWN,,opus_tatoeba_v2023-04-12_maori_tatoeba_raw,
tatoeba_maori_tatoeba_raw,112,16.0,whakamātautau,whakamātautau,UNKNOWN,,opus_tatoeba_v2023-04-12_maori_tatoeba_raw,
tatoeba_maori_tatoeba_raw,112,17.0,o,o,UNKNOWN,,opus_tatoeba_v2023-04-12_maori_tatoeba_raw,
tatoeba_maori_tatoeba_raw,112,18.0,te,te,UNKNOWN,,opus_tatoeba_v2023-04-12_maori_tatoeba_raw,
tatoeba_maori_tatoeba_raw,112,19.0,i,iranga,UNKNOWN,,opus_tatoeba_v2023-04-12_maori_tatoeba_raw,iranga
tatoeba_maori_tatoeba_raw,112,19.1,ranga,iranga,UNKNOWN,,opus_tatoeba_v2023-04-12_maori_tatoeba_raw,iranga
tatoeba_maori_tatoeba_raw,113,1.0,he,he,UNKNOWN,,opus_tatoeba_v2023-04-12_maori_tatoeba_raw,
tatoeba_maori_tatoeba_raw,113,2.0,roa,roa,UNKNOWN,,opus_tatoeba_v2023-04-12_maori_tatoeba_raw,
tatoeba_maori_tatoeba_raw,113,3.0,atu,atu,UNKNOWN,,opus_tatoeba_v2023-04-12_maori_tatoeba_raw,
tatoeba_maori_tatoeba_raw,113,4.0,te,te,UNKNOWN,,opus_tatoeba_v2023-04-12_maori_tatoeba_raw,
tatoeba_maori_tatoeba_raw,113,5.0,wā,wā,UNKNOWN,,opus_tatoeba_v2023-04-12_maori_tatoeba_raw,
tatoeba_maori_tatoeba_raw,113,6.0,e,e,UNKNOWN,,opus_tatoeba_v2023-04-12_maori_tatoeba_raw,
tatoeba_maori_tatoeba_raw,113,7.0,whakapaua,whakapaua,UNKNOWN,,opus_tatoeba_v2023-04-12_maori_tatoeba_raw,
tatoeba_maori_tatoeba_raw,113,8.0,ana,ana,UNKNOWN,,opus_tatoeba_v2023-04-12_maori_tatoeba_raw,
tatoeba_maori_tatoeba_raw,113,9.0,e,e,UNKNOWN,,opus_tatoeba_v2023-04-12_maori_tatoeba_raw,
tatoeba_maori_tatoeba_raw,113,10.0,ētahi,ētahi,UNKNOWN,,opus_tatoeba_v2023-04-12_maori_tatoeba_raw,
tatoeba_maori_tatoeba_raw,113,11.0,ka,kaimahi,UNKNOWN,,opus_tatoeba_v2023-04-12_maori_tatoeba_raw,kaimahi
tatoeba_maori_tatoeba_raw,113,11.1,imahi,kaimahi,UNKNOWN,,opus_tatoeba_v2023-04-12_maori_tatoeba_raw,kaimahi
tatoeba_maori_tatoeba_raw,113,12.0,hauora,hauora,UNKNOWN,,opus_tatoeba_v2023-04-12_maori_tatoeba_raw,
tatoeba_maori_tatoeba_raw,113,13.0,e,e,UNKNOWN,,opus_tatoeba_v2023-04-12_maori_tatoeba_raw,
tatoeba_maori_tatoeba_raw,113,14.0,wherawhera,wherawhera,UNKNOWN,,opus_tatoeba_v2023-04-12_maori_tatoeba_raw,
tatoeba_maori_tatoeba_raw,113,15.0,pepa,pepa,UNKNOWN,,opus_tatoeba_v2023-04-12_maori_tatoeba_raw,
tatoeba_maori_tatoeba_raw,113,16.0,ana,ana,UNKNOWN,,opus_tatoeba_v2023-04-12_maori_tatoeba_raw,
tatoeba_maori_tatoeba_raw,113,17.0,i,i,UNKNOWN,,opus_tatoeba_v2023-04-12_maori_tatoeba_raw,
tatoeba_maori_tatoeba_raw,113,18.0,te,te,UNKNOWN,,opus_tatoeba_v2023-04-12_maori_tatoeba_raw,
tatoeba_maori_tatoeba_raw,113,19.0,wā,wā,UNKNOWN,,opus_tatoeba_v2023-04-12_maori_tatoeba_raw,
tatoeba_maori_tatoeba_raw,113,20.0,e,e,UNKNOWN,,opus_tatoeba_v2023-04-12_maori_tatoeba_raw,
tatoeba_maori_tatoeba_raw,113,21.0,manaaki,manaaki,UNKNOWN,,opus_tatoeba_v2023-04-12_maori_tatoeba_raw,
tatoeba_maori_tatoeba_raw,113,22.0,ana,ana,UNKNOWN,,opus_tatoeba_v2023-04-12_maori_tatoeba_raw,
tatoeba_maori_tatoeba_raw,113,23.0,i,i,UNKNOWN,,opus_tatoeba_v2023-04-12_maori_tatoeba_raw,
tatoeba_maori_tatoeba_raw,113,24.0,ngā,ngā,UNKNOWN,,opus_tatoeba_v2023-04-12_maori_tatoeba_raw,
tatoeba_maori_tatoeba_raw,113,25.0,tūroro,tūroro,UNKNOWN,,opus_tatoeba_v2023-04-12_maori_tatoeba_raw,
tatoeba_maori_tatoeba_raw,114,1.0,mahia,mahia,UNKNOWN,,opus_tatoeba_v2023-04-12_maori_tatoeba_raw,
tatoeba_maori_tatoeba_raw,114,2.0,ai,ai,UNKNOWN,,opus_tatoeba_v2023-04-12_maori_tatoeba_raw,
tatoeba_maori_tatoeba_raw,114,3.0,he,he,UNKNOWN,,opus_tatoeba_v2023-04-12_maori_tatoeba_raw,
tatoeba_maori_tatoeba_raw,114,4.0,taputapu,taputapu,UNKNOWN,,opus_tatoeba_v2023-04-12_maori_tatoeba_raw,
tatoeba_maori_tatoeba_raw,114,5.0,i,i,UNKNOWN,,opus_tatoeba_v2023-04-12_maori_tatoeba_raw,
tatoeba_maori_tatoeba_raw,114,6.0,roto,roto,UNKNOWN,,opus_tatoeba_v2023-04-12_maori_tatoeba_raw,
tatoeba_maori_tatoeba_raw,114,7.0,i,i,UNKNOWN,,opus_tatoeba_v2023-04-12_maori_tatoeba_raw,
tatoeba_maori_tatoeba_raw,114,8.0,tā,tā,UNKNOWN,,opus_tatoeba_v2023-04-12_maori_tatoeba_raw,
tatoeba_maori_tatoeba_raw,114,9.0,mā,mātou,UNKNOWN,,opus_tatoeba_v2023-04-12_maori_tatoeba_raw,mātou
tatoeba_maori_tatoeba_raw,114,9.1,tou,mātou,UNKNOWN,,opus_tatoeba_v2023-04-12_maori_tatoeba_raw,mātou
tatoeba_maori_tatoeba_raw,114,10.0,wheketere,wheketere,UNKNOWN,,opus_tatoeba_v2023-04-12_maori_tatoeba_raw,
tatoeba_maori_tatoeba_raw,115,1.0,ka,kaua,UNKNOWN,,opus_tatoeba_v2023-04-12_maori_tatoeba_raw,kaua
tatoeba_maori_tatoeba_raw,115,1.1,ua,kaua,UNKNOWN,,opus_tatoeba_v2023-04-12_maori_tatoeba_raw,kaua
tatoeba_maori_tatoeba_raw,115,2.0,e,e,UNKNOWN,,opus_tatoeba_v2023-04-12_maori_tatoeba_raw,
tatoeba_maori_tatoeba_raw,115,3.0,whakararuraru,whakararuraru,UNKNOWN,,opus_tatoeba_v2023-04-12_maori_tatoeba_raw,
tatoeba_maori_tatoeba_raw,115,4.0,i,i,UNKNOWN,,opus_tatoeba_v2023-04-12_maori_tatoeba_raw,
tatoeba_maori_tatoeba_raw,115,5.0,a,a,UNKNOWN,,opus_tatoeba_v2023-04-12_maori_tatoeba_raw,
tatoeba_maori_tatoeba_raw,115,6.0,au,au,UNKNOWN,,opus_tatoeba_v2023-04-12_maori_tatoeba_raw,
tatoeba_maori_tatoeba_raw,116,1.0,i,i,UNKNOWN,,opus_tatoeba_v2023-04-12_maori_tatoeba_raw,
tatoeba_maori_tatoeba_raw,116,2.0,torona,torona,UNKNOWN,,opus_tatoeba_v2023-04-12_maori_tatoeba_raw,
tatoeba_maori_tatoeba_raw,116,3.0,tā,tā,UNKNOWN,,opus_tatoeba_v2023-04-12_maori_tatoeba_raw,
tatoeba_maori_tatoeba_raw,116,4.0,mary,mary,UNKNOWN,,opus_tatoeba_v2023-04-12_maori_tatoeba_raw,
tatoeba_maori_tatoeba_raw,116,5.0,rua,rua,UNKNOWN,,opus_tatoeba_v2023-04-12_maori_tatoeba_raw,
tatoeba_maori_tatoeba_raw,116,6.0,tūpāpaku,tūpāpaku,UNKNOWN,,opus_tatoeba_v2023-04-12_maori_tatoeba_raw,
tatoeba_maori_tatoeba_raw,116,7.0,e,e,UNKNOWN,,opus_tatoeba_v2023-04-12_maori_tatoeba_raw,
tatoeba_maori_tatoeba_raw,116,8.0,tom,tom,UNKNOWN,,opus_tatoeba_v2023-04-12_maori_tatoeba_raw,
tatoeba_maori_tatoeba_raw,117,1.0,i,i,UNKNOWN,,opus_tatoeba_v2023-04-12_maori_tatoeba_raw,
tatoeba_maori_tatoeba_raw,117,2.0,whakakāhoretia,whakakāhoretia,UNKNOWN,,opus_tatoeba_v2023-04-12_maori_tatoeba_raw,
tatoeba_maori_tatoeba_raw,117,3.0,e,e,UNKNOWN,,opus_tatoeba_v2023-04-12_maori_tatoeba_raw,
tatoeba_maori_tatoeba_raw,117,4.0,te,te,UNKNOWN,,opus_tatoeba_v2023-04-12_maori_tatoeba_raw,
tatoeba_maori_tatoeba_raw,117,5.0,ngārahu,ngārahu,UNKNOWN,,opus_tatoeba_v2023-04-12_maori_tatoeba_raw,
tatoeba_maori_tatoeba_raw,117,6.0,te,te,UNKNOWN,,opus_tatoeba_v2023-04-12_maori_tatoeba_raw,
tatoeba_maori_tatoeba_raw,117,7.0,tono,tono,UNKNOWN,,opus_tatoeba_v2023-04-12_maori_tatoeba_raw,
tatoeba_maori_tatoeba_raw,117,8.0,mō,mō,UNKNOWN,,opus_tatoeba_v2023-04-12_maori_tatoeba_raw,
tatoeba_maori_tatoeba_raw,117,9.0,te,te,UNKNOWN,,opus_tatoeba_v2023-04-12_maori_tatoeba_raw,
tatoeba_maori_tatoeba_raw,117,10.0,whakawhitiwhiti,whakawhitiwhiti,UNKNOWN,,opus_tatoeba_v2023-04-12_maori_tatoeba_raw,
tatoeba_maori_tatoeba_raw,117,11.0,kōrero,kōrero,UNKNOWN,,opus_tatoeba_v2023-04-12_maori_tatoeba_raw,
tatoeba_maori_tatoeba_raw,118,1.0,i,i,UNKNOWN,,opus_tatoeba_v2023-04-12_maori_tatoeba_raw,
tatoeba_maori_tatoeba_raw,118,2.0,pēhea,pēhea,UNKNOWN,,opus_tatoeba_v2023-04-12_maori_tatoeba_raw,
tatoeba_maori_tatoeba_raw,118,3.0,ko,koe,UNKNOWN,,opus_tatoeba_v2023-04-12_maori_tatoeba_raw,koe
tatoeba_maori_tatoeba_raw,118,3.1,e,koe,UNKNOWN,,opus_tatoeba_v2023-04-12_maori_tatoeba_raw,koe
tatoeba_maori_tatoeba_raw,118,4.0,i,i,UNKNOWN,,opus_tatoeba_v2023-04-12_maori_tatoeba_raw,
tatoeba_maori_tatoeba_raw,118,5.0,uru,uru,UNKNOWN,,opus_tatoeba_v2023-04-12_maori_tatoeba_raw,
tatoeba_maori_tatoeba_raw,118,6.0,mai,mai,UNKNOWN,,opus_tatoeba_v2023-04-12_maori_tatoeba_raw,
tatoeba_maori_tatoeba_raw,118,7.0,ai,ai,UNKNOWN,,opus_tatoeba_v2023-04-12_maori_tatoeba_raw,
tatoeba_maori_tatoeba_raw,119,1.0,he,he,UNKNOWN,,opus_tatoeba_v2023-04-12_maori_tatoeba_raw,
tatoeba_maori_tatoeba_raw,119,2.0,kī,kī,UNKNOWN,,opus_tatoeba_v2023-04-12_maori_tatoeba_raw,
tatoeba_maori_tatoeba_raw,119,3.0,tāu,tāu,UNKNOWN,,opus_tatoeba_v2023-04-12_maori_tatoeba_raw,
tatoeba_maori_tatoeba_raw,120,1.0,he,he,UNKNOWN,,opus_tatoeba_v2023-04-12_maori_tatoeba_raw,
tatoeba_maori_tatoeba_raw,120,2.0,rite,rite,UNKNOWN,,opus_tatoeba_v2023-04-12_maori_tatoeba_raw,
tatoeba_maori_tatoeba_raw,120,3.0,tonu,tonu,UNKNOWN,,opus_tatoeba_v2023-04-12_maori_tatoeba_raw,
tatoeba_maori_tatoeba_raw,120,4.0,tana,tana,UNKNOWN,,opus_tatoeba_v2023-04-12_maori_tatoeba_raw,
tatoeba_maori_tatoeba_raw,120,5.0,o,oho,UNKNOWN,,opus_tatoeba_v2023-04-12_maori_tatoeba_raw,oho
tatoeba_maori_tatoeba_raw,120,5.1,ho,oho,UNKNOWN,,opus_tatoeba_v2023-04-12_maori_tatoeba_raw,oho
tatoeba_maori_tatoeba_raw,120,6.0,wawe,wawe,UNKNOWN,,opus_tatoeba_v2023-04-12_maori_tatoeba_raw,
tatoeba_maori_tatoeba_raw,120,7.0,ake,ake,UNKNOWN,,opus_tatoeba_v2023-04-12_maori_tatoeba_raw,
tatoeba_maori_tatoeba_raw,120,8.0,i,i,UNKNOWN,,opus_tatoeba_v2023-04-12_maori_tatoeba_raw,
tatoeba_maori_tatoeba_raw,120,9.0,ngā,ngā,UNKNOWN,,opus_tatoeba_v2023-04-12_maori_tatoeba_raw,
tatoeba_maori_tatoeba_raw,120,10.0,ata,ata,UNKNOWN,,opus_tatoeba_v2023-04-12_maori_tatoeba_raw,
tatoeba_maori_tatoeba_raw,121,1.0,he,he,UNKNOWN,,opus_tatoeba_v2023-04-12_maori_tatoeba_raw,
tatoeba_maori_tatoeba_raw,121,2.0,me,mea,UNKNOWN,,opus_tatoeba_v2023-04-12_maori_tatoeba_raw,mea
tatoeba_maori_tatoeba_raw,121,2.1,a,mea,UNKNOWN,,opus_tatoeba_v2023-04-12_maori_tatoeba_raw,mea
tatoeba_maori_tatoeba_raw,121,3.0,pōuri,pōuri,UNKNOWN,,opus_tatoeba_v2023-04-12_maori_tatoeba_raw,
tatoeba_maori_tatoeba_raw,121,4.0,kāore,kāore,UNKNOWN,,opus_tatoeba_v2023-04-12_maori_tatoeba_raw,
tatoeba_maori_tatoeba_raw,121,5.0,ōna,ōna,UNKNOWN,,opus_tatoeba_v2023-04-12_maori_tatoeba_raw,
tatoeba_maori_tatoeba_raw,121,6.0,whakaaro,whakaaro,UNKNOWN,,opus_tatoeba_v2023-04-12_maori_tatoeba_raw,
tatoeba_maori_tatoeba_raw,121,7.0,e,e,UNKNOWN,,opus_tatoeba_v2023-04-12_maori_tatoeba_raw,
tatoeba_maori_tatoeba_raw,121,8.0,hāngai,hāngai,UNKNOWN,,opus_tatoeba_v2023-04-12_maori_tatoeba_raw,
tatoeba_maori_tatoeba_raw,121,9.0,ana,ana,UNKNOWN,,opus_tatoeba_v2023-04-12_maori_tatoeba_raw,
tatoeba_maori_tatoeba_raw,121,10.0,ki,ki,UNKNOWN,,opus_tatoeba_v2023-04-12_maori_tatoeba_raw,
tatoeba_maori_tatoeba_raw,121,11.0,ngā,ngā,UNKNOWN,,opus_tatoeba_v2023-04-12_maori_tatoeba_raw,
tatoeba_maori_tatoeba_raw,121,12.0,ā,āhuatanga,UNKNOWN,,opus_tatoeba_v2023-04-12_maori_tatoeba_raw,āhuatanga
tatoeba_maori_tatoeba_raw,121,12.1,huatanga,āhuatanga,UNKNOWN,,opus_tatoeba_v2023-04-12_maori_tatoeba_raw,āhuatanga
tatoeba_maori_tatoeba_raw,121,13.0,o,o,UNKNOWN,,opus_tatoeba_v2023-04-12_maori_tatoeba_raw,
tatoeba_maori_tatoeba_raw,121,14.0,te,te,UNKNOWN,,opus_tatoeba_v2023-04-12_maori_tatoeba_raw,
tatoeba_maori_tatoeba_raw,121,15.0,wā,wā,UNKNOWN,,opus_tatoeba_v2023-04-12_maori_tatoeba_raw,
tatoeba_maori_tatoeba_raw,122,1.0,he,he,UNKNOWN,,opus_tatoeba_v2023-04-12_maori_tatoeba_raw,
tatoeba_maori_tatoeba_raw,122,2.0,wuruwhi,wuruwhi,UNKNOWN,,opus_tatoeba_v2023-04-12_maori_tatoeba_raw,
tatoeba_maori_tatoeba_raw,122,3.0,ko,koe,UNKNOWN,,opus_tatoeba_v2023-04-12_maori_tatoeba_raw,koe
tatoeba_maori_tatoeba_raw,122,3.1,e,koe,UNKNOWN,,opus_tatoeba_v2023-04-12_maori_tatoeba_raw,koe
tatoeba_maori_tatoeba_raw,122,4.0,i,i,UNKNOWN,,opus_tatoeba_v2023-04-12_maori_tatoeba_raw,
tatoeba_maori_tatoeba_raw,122,5.0,roto,roto,UNKNOWN,,opus_tatoeba_v2023-04-12_maori_tatoeba_raw,
tatoeba_maori_tatoeba_raw,122,6.0,i,i,UNKNOWN,,opus_tatoeba_v2023-04-12_maori_tatoeba_raw,
tatoeba_maori_tatoeba_raw,122,7.0,ngā,ngā,UNKNOWN,,opus_tatoeba_v2023-04-12_maori_tatoeba_raw,
tatoeba_maori_tatoeba_raw,122,8.0,kākahu,kākahu,UNKNOWN,,opus_tatoeba_v2023-04-12_maori_tatoeba_raw,
tatoeba_maori_tatoeba_raw,122,9.0,o,o,UNKNOWN,,opus_tatoeba_v2023-04-12_maori_tatoeba_raw,
tatoeba_maori_tatoeba_raw,122,10.0,te,te,UNKNOWN,,opus_tatoeba_v2023-04-12_maori_tatoeba_raw,
tatoeba_maori_tatoeba_raw,122,11.0,hipi,hipi,UNKNOWN,,opus_tatoeba_v2023-04-12_maori_tatoeba_raw,
tatoeba_maori_tatoeba_raw,123,1.0,ki,kia,UNKNOWN,,opus_tatoeba_v2023-04-12_maori_tatoeba_raw,kia
tatoeba_maori_tatoeba_raw,123,1.1,a,kia,UNKNOWN,,opus_tatoeba_v2023-04-12_maori_tatoeba_raw,kia
tatoeba_maori_tatoeba_raw,123,2.0,tīmata,tīmata,UNKNOWN,,opus_tatoeba_v2023-04-12_maori_tatoeba_raw,
tatoeba_maori_tatoeba_raw,123,3.0,tātou,tātou,UNKNOWN,,opus_tatoeba_v2023-04-12_maori_tatoeba_raw,
tatoeba_maori_tatoeba_raw,123,4.0,ki,ki,UNKNOWN,,opus_tatoeba_v2023-04-12_maori_tatoeba_raw,
tatoeba_maori_tatoeba_raw,123,5.0,te,te,UNKNOWN,,opus_tatoeba_v2023-04-12_maori_tatoeba_raw,
tatoeba_maori_tatoeba_raw,123,6.0,rārangi,rārangi,UNKNOWN,,opus_tatoeba_v2023-04-12_maori_tatoeba_raw,
tatoeba_maori_tatoeba_raw,123,7.0,tuarima,tuarima,UNKNOWN,,opus_tatoeba_v2023-04-12_maori_tatoeba_raw,
tatoeba_maori_tatoeba_raw,123,8.0,i,i,UNKNOWN,,opus_tatoeba_v2023-04-12_maori_tatoeba_raw,
tatoeba_maori_tatoeba_raw,123,9.0,runga,runga,UNKNOWN,,opus_tatoeba_v2023-04-12_maori_tatoeba_raw,
tatoeba_maori_tatoeba_raw,123,10.0,i,i,UNKNOWN,,opus_tatoeba_v2023-04-12_maori_tatoeba_raw,
tatoeba_maori_tatoeba_raw,123,11.0,te,te,UNKNOWN,,opus_tatoeba_v2023-04-12_maori_tatoeba_raw,
tatoeba_maori_tatoeba_raw,123,12.0,whārangi,whārangi,UNKNOWN,,opus_tatoeba_v2023-04-12_maori_tatoeba_raw,
tatoeba_maori_tatoeba_raw,123,13.0,te,tekau,UNKNOWN,,opus_tatoeba_v2023-04-12_maori_tatoeba_raw,tekau
tatoeba_maori_tatoeba_raw,123,13.1,kau,tekau,UNKNOWN,,opus_tatoeba_v2023-04-12_maori_tatoeba_raw,tekau
tatoeba_maori_tatoeba_raw,124,1.0,i,i,UNKNOWN,,opus_tatoeba_v2023-04-12_maori_tatoeba_raw,
tatoeba_maori_tatoeba_raw,124,2.0,mahia,mahia,UNKNOWN,,opus_tatoeba_v2023-04-12_maori_tatoeba_raw,
tatoeba_maori_tatoeba_raw,124,3.0,e,e,UNKNOWN,,opus_tatoeba_v2023-04-12_maori_tatoeba_raw,
tatoeba_maori_tatoeba_raw,124,4.0,mā,māuamātou,UNKNOWN,,opus_tatoeba_v2023-04-12_maori_tatoeba_raw,māuamātou
tatoeba_maori_tatoeba_raw,124,4.1,uamātou,māuamātou,UNKNOWN,,opus_tatoeba_v2023-04-12_maori_tatoeba_raw,māuamātou
tatoeba_maori_tatoeba_raw,124,5.0,he,he,UNKNOWN,,opus_tatoeba_v2023-04-12_maori_tatoeba_raw,
tatoeba_maori_tatoeba_raw,124,6.0,panikeke,panikeke,UNKNOWN,,opus_tatoeba_v2023-04-12_maori_tatoeba_raw,
tatoeba_maori_tatoeba_raw,124,7.0,mō,mō,UNKNOWN,,opus_tatoeba_v2023-04-12_maori_tatoeba_raw,
tatoeba_maori_tatoeba_raw,124,8.0,te,te,UNKNOWN,,opus_tatoeba_v2023-04-12_maori_tatoeba_raw,
tatoeba_maori_tatoeba_raw,124,9.0,parakuihi,parakuihi,UNKNOWN,,opus_tatoeba_v2023-04-12_maori_tatoeba_raw,
tatoeba_maori_tatoeba_raw,125,1.0,nā,nā,UNKNOWN,,opus_tatoeba_v2023-04-12_maori_tatoeba_raw,
tatoeba_maori_tatoeba_raw,125,2.0,te,te,UNKNOWN,,opus_tatoeba_v2023-04-12_maori_tatoeba_raw,
tatoeba_maori_tatoeba_raw,125,3.0,aitua,aitua,UNKNOWN,,opus_tatoeba_v2023-04-12_maori_tatoeba_raw,
tatoeba_maori_tatoeba_raw,125,4.0,motokā,motokā,UNKNOWN,,opus_tatoeba_v2023-04-12_maori_tatoeba_raw,
tatoeba_maori_tatoeba_raw,125,5.0,ōku,ōku,UNKNOWN,,opus_tatoeba_v2023-04-12_maori_tatoeba_raw,
tatoeba_maori_tatoeba_raw,125,6.0,mā,mātua,UNKNOWN,,opus_tatoeba_v2023-04-12_maori_tatoeba_raw,mātua
tatoeba_maori_tatoeba_raw,125,6.1,tua,mātua,UNKNOWN,,opus_tatoeba_v2023-04-12_maori_tatoeba_raw,mātua
tatoeba_maori_tatoeba_raw,125,7.0,i,i,UNKNOWN,,opus_tatoeba_v2023-04-12_maori_tatoeba_raw,
tatoeba_maori_tatoeba_raw,125,8.0,mate,mate,UNKNOWN,,opus_tatoeba_v2023-04-12_maori_tatoeba_raw,
tatoeba_maori_tatoeba_raw,125,9.0,ai,ai,UNKNOWN,,opus_tatoeba_v2023-04-12_maori_tatoeba_raw,
tatoeba_maori_tatoeba_raw,125,10.0,ka,ka,UNKNOWN,,opus_tatoeba_v2023-04-12_maori_tatoeba_raw,
tatoeba_maori_tatoeba_raw,125,11.0,te,tekau,UNKNOWN,,opus_tatoeba_v2023-04-12_maori_tatoeba_raw,tekau
tatoeba_maori_tatoeba_raw,125,11.1,kau,tekau,UNKNOWN,,opus_tatoeba_v2023-04-12_maori_tatoeba_raw,tekau
tatoeba_maori_tatoeba_raw,125,12.0,mā,mā,UNKNOWN,,opus_tatoeba_v2023-04-12_maori_tatoeba_raw,
tatoeba_maori_tatoeba_raw,125,13.0,toru,toru,UNKNOWN,,opus_tatoeba_v2023-04-12_maori_tatoeba_raw,
tatoeba_maori_tatoeba_raw,125,14.0,ana,ana,UNKNOWN,,opus_tatoeba_v2023-04-12_maori_tatoeba_raw,
tatoeba_maori_tatoeba_raw,125,15.0,ōku,ōku,UNKNOWN,,opus_tatoeba_v2023-04-12_maori_tatoeba_raw,
tatoeba_maori_tatoeba_raw,125,16.0,tau,tau,UNKNOWN,,opus_tatoeba_v2023-04-12_maori_tatoeba_raw,
tatoeba_maori_tatoeba_raw,126,1.0,i,i,UNKNOWN,,opus_tatoeba_v2023-04-12_maori_tatoeba_raw,
tatoeba_maori_tatoeba_raw,126,2.0,pikia,pikia,UNKNOWN,,opus_tatoeba_v2023-04-12_maori_tatoeba_raw,
tatoeba_maori_tatoeba_raw,126,3.0,te,te,UNKNOWN,,opus_tatoeba_v2023-04-12_maori_tatoeba_raw,
tatoeba_maori_tatoeba_raw,126,4.0,taiapa,taiapa,UNKNOWN,,opus_tatoeba_v2023-04-12_maori_tatoeba_raw,
tatoeba_maori_tatoeba_raw,126,5.0,waea,waea,UNKNOWN,,opus_tatoeba_v2023-04-12_maori_tatoeba_raw,
tatoeba_maori_tatoeba_raw,126,6.0,te,teitei,UNKNOWN,,opus_tatoeba_v2023-04-12_maori_tatoeba_raw,teitei
tatoeba_maori_tatoeba_raw,126,6.1,itei,teitei,UNKNOWN,,opus_tatoeba_v2023-04-12_maori_tatoeba_raw,teitei
tatoeba_maori_tatoeba_raw,126,7.0,e,e,UNKNOWN,,opus_tatoeba_v2023-04-12_maori_tatoeba_raw,
tatoeba_maori_tatoeba_raw,126,8.0,tom,tom,UNKNOWN,,opus_tatoeba_v2023-04-12_maori_tatoeba_raw,
tatoeba_maori_tatoeba_raw,126,9.0,ki,kia,UNKNOWN,,opus_tatoeba_v2023-04-12_maori_tatoeba_raw,kia
tatoeba_maori_tatoeba_raw,126,9.1,a,kia,UNKNOWN,,opus_tatoeba_v2023-04-12_maori_tatoeba_raw,kia
tatoeba_maori_tatoeba_raw,126,10.0,taea,taea,UNKNOWN,,opus_tatoeba_v2023-04-12_maori_tatoeba_raw,
tatoeba_maori_tatoeba_raw,126,11.0,ai,ai,UNKNOWN,,opus_tatoeba_v2023-04-12_maori_tatoeba_raw,
tatoeba_maori_tatoeba_raw,126,12.0,e,e,UNKNOWN,,opus_tatoeba_v2023-04-12_maori_tatoeba_raw,
tatoeba_maori_tatoeba_raw,126,13.0,i,ia,UNKNOWN,,opus_tatoeba_v2023-04-12_maori_tatoeba_raw,ia
tatoeba_maori_tatoeba_raw,126,13.1,a,ia,UNKNOWN,,opus_tatoeba_v2023-04-12_maori_tatoeba_raw,ia
tatoeba_maori_tatoeba_raw,126,14.0,te,te,UNKNOWN,,opus_tatoeba_v2023-04-12_maori_tatoeba_raw,
tatoeba_maori_tatoeba_raw,126,15.0,uru,uru,UNKNOWN,,opus_tatoeba_v2023-04-12_maori_tatoeba_raw,
tatoeba_maori_tatoeba_raw,126,16.0,atu,atu,UNKNOWN,,opus_tatoeba_v2023-04-12_maori_tatoeba_raw,
tatoeba_maori_tatoeba_raw,126,17.0,ki,ki,UNKNOWN,,opus_tatoeba_v2023-04-12_maori_tatoeba_raw,
tatoeba_maori_tatoeba_raw,126,18.0,roto,roto,UNKNOWN,,opus_tatoeba_v2023-04-12_maori_tatoeba_raw,
tatoeba_maori_tatoeba_raw,126,19.0,i,i,UNKNOWN,,opus_tatoeba_v2023-04-12_maori_tatoeba_raw,
tatoeba_maori_tatoeba_raw,126,20.0,te,te,UNKNOWN,,opus_tatoeba_v2023-04-12_maori_tatoeba_raw,
tatoeba_maori_tatoeba_raw,126,21.0,wheketere,wheketere,UNKNOWN,,opus_tatoeba_v2023-04-12_maori_tatoeba_raw,
tatoeba_maori_tatoeba_raw,126,22.0,tawhito,tawhito,UNKNOWN,,opus_tatoeba_v2023-04-12_maori_tatoeba_raw,
tatoeba_maori_tatoeba_raw,126,23.0,ahakoa,ahakoa,UNKNOWN,,opus_tatoeba_v2023-04-12_maori_tatoeba_raw,
tatoeba_maori_tatoeba_raw,126,24.0,i,i,UNKNOWN,,opus_tatoeba_v2023-04-12_maori_tatoeba_raw,
tatoeba_maori_tatoeba_raw,126,25.0,ka,katia,UNKNOWN,,opus_tatoeba_v2023-04-12_maori_tatoeba_raw,katia
tatoeba_maori_tatoeba_raw,126,25.1,tia,katia,UNKNOWN,,opus_tatoeba_v2023-04-12_maori_tatoeba_raw,katia
tatoeba_maori_tatoeba_raw,126,26.0,i,ia,UNKNOWN,,opus_tatoeba_v2023-04-12_maori_tatoeba_raw,ia
tatoeba_maori_tatoeba_raw,126,26.1,a,ia,UNKNOWN,,opus_tatoeba_v2023-04-12_maori_tatoeba_raw,ia
tatoeba_maori_tatoeba_raw,126,27.0,e,e,UNKNOWN,,opus_tatoeba_v2023-04-12_maori_tatoeba_raw,
tatoeba_maori_tatoeba_raw,126,28.0,tō,tōna,UNKNOWN,,opus_tatoeba_v2023-04-12_maori_tatoeba_raw,tōna
tatoeba_maori_tatoeba_raw,126,28.1,na,tōna,UNKNOWN,,opus_tatoeba_v2023-04-12_maori_tatoeba_raw,tōna
tatoeba_maori_tatoeba_raw,126,29.0,pāpā,pāpā,UNKNOWN,,opus_tatoeba_v2023-04-12_maori_tatoeba_raw,
tatoeba_maori_tatoeba_raw,127,1.0,kua,kua,UNKNOWN,,opus_tatoeba_v2023-04-12_maori_tatoeba_raw,
tatoeba_maori_tatoeba_raw,127,2.0,pau,pau,UNKNOWN,,opus_tatoeba_v2023-04-12_maori_tatoeba_raw,
tatoeba_maori_tatoeba_raw,127,3.0,tā,tā,UNKNOWN,,opus_tatoeba_v2023-04-12_maori_tatoeba_raw,
tatoeba_maori_tatoeba_raw,127,4.0,rāuarātou,rāuarātou,UNKNOWN,,opus_tatoeba_v2023-04-12_maori_tatoeba_raw,
tatoeba_maori_tatoeba_raw,127,5.0,huka,huka,UNKNOWN,,opus_tatoeba_v2023-04-12_maori_tatoeba_raw,
tatoeba_maori_tatoeba_raw,127,6.0,i,ināianei,UNKNOWN,,opus_tatoeba_v2023-04-12_maori_tatoeba_raw,ināianei
tatoeba_maori_tatoeba_raw,127,6.1,nāianei,ināianei,UNKNOWN,,opus_tatoeba_v2023-04-12_maori_tatoeba_raw,ināianei
tatoeba_maori_tatoeba_raw,128,1.0,ka,ka,UNKNOWN,,opus_tatoeba_v2023-04-12_maori_tatoeba_raw,
tatoeba_maori_tatoeba_raw,128,2.0,tuarihia,tuarihia,UNKNOWN,,opus_tatoeba_v2023-04-12_maori_tatoeba_raw,
tatoeba_maori_tatoeba_raw,128,3.0,tēnā,tēnā,UNKNOWN,,opus_tatoeba_v2023-04-12_maori_tatoeba_raw,
tatoeba_maori_tatoeba_raw,128,4.0,e,e,UNKNOWN,,opus_tatoeba_v2023-04-12_maori_tatoeba_raw,
tatoeba_maori_tatoeba_raw,128,5.0,ko,koe,UNKNOWN,,opus_tatoeba_v2023-04-12_maori_tatoeba_raw,koe
tatoeba_maori_tatoeba_raw,128,5.1,e,koe,UNKNOWN,,opus_tatoeba_v2023-04-12_maori_tatoeba_raw,koe
tatoeba_maori_tatoeba_raw,129,1.0,tiaki,tiaki,UNKNOWN,,opus_tatoeba_v2023-04-12_maori_tatoeba_raw,
tatoeba_maori_tatoeba_raw,129,2.0,ai,ai,UNKNOWN,,opus_tatoeba_v2023-04-12_maori_tatoeba_raw,
tatoeba_maori_tatoeba_raw,129,3.0,te,te,UNKNOWN,,opus_tatoeba_v2023-04-12_maori_tatoeba_raw,
tatoeba_maori_tatoeba_raw,129,4.0,pēke,pēke,UNKNOWN,,opus_tatoeba_v2023-04-12_maori_tatoeba_raw,
tatoeba_maori_tatoeba_raw,129,5.0,nei,nei,UNKNOWN,,opus_tatoeba_v2023-04-12_maori_tatoeba_raw,
tatoeba_maori_tatoeba_raw,129,6.0,i,i,UNKNOWN,,opus_tatoeba_v2023-04-12_maori_tatoeba_raw,
tatoeba_maori_tatoeba_raw,129,7.0,ōna,ōna,UNKNOWN,,opus_tatoeba_v2023-04-12_maori_tatoeba_raw,
tatoeba_maori_tatoeba_raw,129,8.0,ake,ake,UNKNOWN,,opus_tatoeba_v2023-04-12_maori_tatoeba_raw,
tatoeba_maori_tatoeba_raw,129,9.0,painga,painga,UNKNOWN,,opus_tatoeba_v2023-04-12_maori_tatoeba_raw,
tatoeba_maori_tatoeba_raw,129,10.0,i,i,UNKNOWN,,opus_tatoeba_v2023-04-12_maori_tatoeba_raw,
tatoeba_maori_tatoeba_raw,129,11.0,ngā,ngā,UNKNOWN,,opus_tatoeba_v2023-04-12_maori_tatoeba_raw,
tatoeba_maori_tatoeba_raw,129,12.0,wā,wā,UNKNOWN,,opus_tatoeba_v2023-04-12_maori_tatoeba_raw,
tatoeba_maori_tatoeba_raw,129,13.0,ka,katoa,UNKNOWN,,opus_tatoeba_v2023-04-12_maori_tatoeba_raw,katoa
tatoeba_maori_tatoeba_raw,129,13.1,toa,katoa,UNKNOWN,,opus_tatoeba_v2023-04-12_maori_tatoeba_raw,katoa
tatoeba_maori_tatoeba_raw,130,1.0,kāore,kāore,UNKNOWN,,opus_tatoeba_v2023-04-12_maori_tatoeba_raw,
tatoeba_maori_tatoeba_raw,130,2.0,i,i,UNKNOWN,,opus_tatoeba_v2023-04-12_maori_tatoeba_raw,
tatoeba_maori_tatoeba_raw,130,3.0,wareware,wareware,UNKNOWN,,opus_tatoeba_v2023-04-12_maori_tatoeba_raw,
tatoeba_maori_tatoeba_raw,130,4.0,i,i,UNKNOWN,,opus_tatoeba_v2023-04-12_maori_tatoeba_raw,
tatoeba_maori_tatoeba_raw,130,5.0,a,a,UNKNOWN,,opus_tatoeba_v2023-04-12_maori_tatoeba_raw,
tatoeba_maori_tatoeba_raw,130,6.0,mā,māuamātou,UNKNOWN,,opus_tatoeba_v2023-04-12_maori_tatoeba_raw,māuamātou
tatoeba_maori_tatoeba_raw,130,6.1,uamātou,māuamātou,UNKNOWN,,opus_tatoeba_v2023-04-12_maori_tatoeba_raw,māuamātou
tatoeba_maori_tatoeba_raw,131,1.0,i,i,UNKNOWN,,opus_tatoeba_v2023-04-12_maori_tatoeba_raw,
tatoeba_maori_tatoeba_raw,131,2.0,haere,haere,UNKNOWN,,opus_tatoeba_v2023-04-12_maori_tatoeba_raw,
tatoeba_maori_tatoeba_raw,131,3.0,i,ia,UNKNOWN,,opus_tatoeba_v2023-04-12_maori_tatoeba_raw,ia
tatoeba_maori_tatoeba_raw,131,3.1,a,ia,UNKNOWN,,opus_tatoeba_v2023-04-12_maori_tatoeba_raw,ia
tatoeba_maori_tatoeba_raw,131,4.0,ki,ki,UNKNOWN,,opus_tatoeba_v2023-04-12_maori_tatoeba_raw,
tatoeba_maori_tatoeba_raw,131,5.0,rānana,rānana,UNKNOWN,,opus_tatoeba_v2023-04-12_maori_tatoeba_raw,
tatoeba_maori_tatoeba_raw,131,6.0,ako,ako,UNKNOWN,,opus_tatoeba_v2023-04-12_maori_tatoeba_raw,
tatoeba_maori_tatoeba_raw,131,7.0,ai,ai,UNKNOWN,,opus_tatoeba_v2023-04-12_maori_tatoeba_raw,
tatoeba_maori_tatoeba_raw,131,8.0,i,i,UNKNOWN,,opus_tatoeba_v2023-04-12_maori_tatoeba_raw,
tatoeba_maori_tatoeba_raw,131,9.0,te,te,UNKNOWN,,opus_tatoeba_v2023-04-12_maori_tatoeba_raw,
tatoeba_maori_tatoeba_raw,131,10.0,reo,reo,UNKNOWN,,opus_tatoeba_v2023-04-12_maori_tatoeba_raw,
tatoeba_maori_tatoeba_raw,131,11.0,pākehā,pākehā,UNKNOWN,,opus_tatoeba_v2023-04-12_maori_tatoeba_raw,
tatoeba_maori_tatoeba_raw,132,1.0,i,i,UNKNOWN,,opus_tatoeba_v2023-04-12_maori_tatoeba_raw,
tatoeba_maori_tatoeba_raw,132,2.0,te,te,UNKNOWN,,opus_tatoeba_v2023-04-12_maori_tatoeba_raw,
tatoeba_maori_tatoeba_raw,132,3.0,wā,wā,UNKNOWN,,opus_tatoeba_v2023-04-12_maori_tatoeba_raw,
tatoeba_maori_tatoeba_raw,132,4.0,o,o,UNKNOWN,,opus_tatoeba_v2023-04-12_maori_tatoeba_raw,
tatoeba_maori_tatoeba_raw,132,5.0,te,te,UNKNOWN,,opus_tatoeba_v2023-04-12_maori_tatoeba_raw,
tatoeba_maori_tatoeba_raw,132,6.0,haerenga,haerenga,UNKNOWN,,opus_tatoeba_v2023-04-12_maori_tatoeba_raw,
tatoeba_maori_tatoeba_raw,132,7.0,i,i,UNKNOWN,,opus_tatoeba_v2023-04-12_maori_tatoeba_raw,
tatoeba_maori_tatoeba_raw,132,8.0,whakaaro,whakaaro,UNKNOWN,,opus_tatoeba_v2023-04-12_maori_tatoeba_raw,
tatoeba_maori_tatoeba_raw,132,9.0,au,au,UNKNOWN,,opus_tatoeba_v2023-04-12_maori_tatoeba_raw,
tatoeba_maori_tatoeba_raw,132,10.0,ki,ki,UNKNOWN,,opus_tatoeba_v2023-04-12_maori_tatoeba_raw,
tatoeba_maori_tatoeba_raw,132,11.0,a,a,UNKNOWN,,opus_tatoeba_v2023-04-12_maori_tatoeba_raw,
tatoeba_maori_tatoeba_raw,132,12.0,ko,koe,UNKNOWN,,opus_tatoeba_v2023-04-12_maori_tatoeba_raw,koe
tatoeba_maori_tatoeba_raw,132,12.1,e,koe,UNKNOWN,,opus_tatoeba_v2023-04-12_maori_tatoeba_raw,koe
tatoeba_maori_tatoeba_raw,133,1.0,ka,ka,UNKNOWN,,opus_tatoeba_v2023-04-12_maori_tatoeba_raw,
tatoeba_maori_tatoeba_raw,133,2.0,pikia,pikia,UNKNOWN,,opus_tatoeba_v2023-04-12_maori_tatoeba_raw,
tatoeba_maori_tatoeba_raw,133,3.0,te,te,UNKNOWN,,opus_tatoeba_v2023-04-12_maori_tatoeba_raw,
tatoeba_maori_tatoeba_raw,133,4.0,taiapa,taiapa,UNKNOWN,,opus_tatoeba_v2023-04-12_maori_tatoeba_raw,
tatoeba_maori_tatoeba_raw,133,5.0,e,e,UNKNOWN,,opus_tatoeba_v2023-04-12_maori_tatoeba_raw,
tatoeba_maori_tatoeba_raw,133,6.0,tom,tom,UNKNOWN,,opus_tatoeba_v2023-04-12_maori_tatoeba_raw,
tatoeba_maori_tatoeba_raw,133,7.0,ka,ka,UNKNOWN,,opus_tatoeba_v2023-04-12_maori_tatoeba_raw,
tatoeba_maori_tatoeba_raw,133,8.0,ko,kohia,UNKNOWN,,opus_tatoeba_v2023-04-12_maori_tatoeba_raw,kohia
tatoeba_maori_tatoeba_raw,133,8.1,hia,kohia,UNKNOWN,,opus_tatoeba_v2023-04-12_maori_tatoeba_raw,kohia
tatoeba_maori_tatoeba_raw,133,9.0,ai,ai,UNKNOWN,,opus_tatoeba_v2023-04-12_maori_tatoeba_raw,
tatoeba_maori_tatoeba_raw,133,10.0,ētahi,ētahi,UNKNOWN,,opus_tatoeba_v2023-04-12_maori_tatoeba_raw,
tatoeba_maori_tatoeba_raw,133,11.0,ā,āporo,UNKNOWN,,opus_tatoeba_v2023-04-12_maori_tatoeba_raw,āporo
tatoeba_maori_tatoeba_raw,133,11.1,poro,āporo,UNKNOWN,,opus_tatoeba_v2023-04-12_maori_tatoeba_raw,āporo
tatoeba_maori_tatoeba_raw,133,12.0,i,i,UNKNOWN,,opus_tatoeba_v2023-04-12_maori_tatoeba_raw,
tatoeba_maori_tatoeba_raw,133,13.0,te,te,UNKNOWN,,opus_tatoeba_v2023-04-12_maori_tatoeba_raw,
tatoeba_maori_tatoeba_raw,133,14.0,rākau,rākau,UNKNOWN,,opus_tatoeba_v2023-04-12_maori_tatoeba_raw,
tatoeba_maori_tatoeba_raw,134,1.0,kāore,kāore,UNKNOWN,,opus_tatoeba_v2023-04-12_maori_tatoeba_raw,
tatoeba_maori_tatoeba_raw,134,2.0,tērā,tērā,UNKNOWN,,opus_tatoeba_v2023-04-12_maori_tatoeba_raw,
tatoeba_maori_tatoeba_raw,134,3.0,i,i,UNKNOWN,,opus_tatoeba_v2023-04-12_maori_tatoeba_raw,
tatoeba_maori_tatoeba_raw,134,4.0,te,te,UNKNOWN,,opus_tatoeba_v2023-04-12_maori_tatoeba_raw,
tatoeba_maori_tatoeba_raw,134,5.0,pai,pai,UNKNOWN,,opus_tatoeba_v2023-04-12_maori_tatoeba_raw,
tatoeba_maori_tatoeba_raw,134,6.0,ki,ki,UNKNOWN,,opus_tatoeba_v2023-04-12_maori_tatoeba_raw,
tatoeba_maori_tatoeba_raw,134,7.0,a,a,UNKNOWN,,opus_tatoeba_v2023-04-12_maori_tatoeba_raw,
tatoeba_maori_tatoeba_raw,134,8.0,au,au,UNKNOWN,,opus_tatoeba_v2023-04-12_maori_tatoeba_raw,
tatoeba_maori_tatoeba_raw,135,1.0,ko,ko,UNKNOWN,,opus_tatoeba_v2023-04-12_maori_tatoeba_raw,
tatoeba_maori_tatoeba_raw,135,2.0,te,te,UNKNOWN,,opus_tatoeba_v2023-04-12_maori_tatoeba_raw,
tatoeba_maori_tatoeba_raw,135,3.0,manga,manga,UNKNOWN,,opus_tatoeba_v2023-04-12_maori_tatoeba_raw,
tatoeba_maori_tatoeba_raw,135,4.0,o,one,UNKNOWN,,opus_tatoeba_v2023-04-12_maori_tatoeba_raw,one
tatoeba_maori_tatoeba_raw,135,4.1,ne,one,UNKNOWN,,opus_tatoeba_v2023-04-12_maori_tatoeba_raw,one
tatoeba_maori_tatoeba_raw,135,5.0,piece,piece,UNKNOWN,,opus_tatoeba_v2023-04-12_maori_tatoeba_raw,
tatoeba_maori_tatoeba_raw,135,6.0,e,e,UNKNOWN,,opus_tatoeba_v2023-04-12_maori_tatoeba_raw,
tatoeba_maori_tatoeba_raw,135,7.0,tino,tino,UNKNOWN,,opus_tatoeba_v2023-04-12_maori_tatoeba_raw,
tatoeba_maori_tatoeba_raw,135,8.0,paingia,paingia,UNKNOWN,,opus_tatoeba_v2023-04-12_maori_tatoeba_raw,
tatoeba_maori_tatoeba_raw,135,9.0,ana,ana,UNKNOWN,,opus_tatoeba_v2023-04-12_maori_tatoeba_raw,
tatoeba_maori_tatoeba_raw,135,10.0,ki,ki,UNKNOWN,,opus_tatoeba_v2023-04-12_maori_tatoeba_raw,
tatoeba_maori_tatoeba_raw,135,11.0,malaysia,malaysia,UNKNOWN,,opus_tatoeba_v2023-04-12_maori_tatoeba_raw,
tatoeba_maori_tatoeba_raw,136,1.0,ka,ka,UNKNOWN,,opus_tatoeba_v2023-04-12_maori_tatoeba_raw,
tatoeba_maori_tatoeba_raw,136,2.0,hangaia,hangaia,UNKNOWN,,opus_tatoeba_v2023-04-12_maori_tatoeba_raw,
tatoeba_maori_tatoeba_raw,136,3.0,tētahi,tētahi,UNKNOWN,,opus_tatoeba_v2023-04-12_maori_tatoeba_raw,
tatoeba_maori_tatoeba_raw,136,4.0,whāriki,whāriki,UNKNOWN,,opus_tatoeba_v2023-04-12_maori_tatoeba_raw,
tatoeba_maori_tatoeba_raw,136,5.0,i,i,UNKNOWN,,opus_tatoeba_v2023-04-12_maori_tatoeba_raw,
tatoeba_maori_tatoeba_raw,136,6.0,te,te,UNKNOWN,,opus_tatoeba_v2023-04-12_maori_tatoeba_raw,
tatoeba_maori_tatoeba_raw,136,7.0,mā,mākete,UNKNOWN,,opus_tatoeba_v2023-04-12_maori_tatoeba_raw,mākete
tatoeba_maori_tatoeba_raw,136,7.1,kete,mākete,UNKNOWN,,opus_tatoeba_v2023-04-12_maori_tatoeba_raw,mākete
tatoeba_maori_tatoeba_raw,136,8.0,matua,matua,UNKNOWN,,opus_tatoeba_v2023-04-12_maori_tatoeba_raw,
tatoeba_maori_tatoeba_raw,136,9.0,ki,ki,UNKNOWN,,opus_tatoeba_v2023-04-12_maori_tatoeba_raw,
tatoeba_maori_tatoeba_raw,136,10.0,ngā,ngā,UNKNOWN,,opus_tatoeba_v2023-04-12_maori_tatoeba_raw,
tatoeba_maori_tatoeba_raw,136,11.0,rau,rau,UNKNOWN,,opus_tatoeba_v2023-04-12_maori_tatoeba_raw,
tatoeba_maori_tatoeba_raw,136,12.0,maroke,maroke,UNKNOWN,,opus_tatoeba_v2023-04-12_maori_tatoeba_raw,
tatoeba_maori_tatoeba_raw,137,1.0,kāore,kāore,UNKNOWN,,opus_tatoeba_v2023-04-12_maori_tatoeba_raw,
tatoeba_maori_tatoeba_raw,137,2.0,te,te,UNKNOWN,,opus_tatoeba_v2023-04-12_maori_tatoeba_raw,
tatoeba_maori_tatoeba_raw,137,3.0,rākau,rākau,UNKNOWN,,opus_tatoeba_v2023-04-12_maori_tatoeba_raw,
tatoeba_maori_tatoeba_raw,137,4.0,nui,nui,UNKNOWN,,opus_tatoeba_v2023-04-12_maori_tatoeba_raw,
tatoeba_maori_tatoeba_raw,137,5.0,i,i,UNKNOWN,,opus_tatoeba_v2023-04-12_maori_tatoeba_raw,
tatoeba_maori_tatoeba_raw,137,6.0,te,te,UNKNOWN,,opus_tatoeba_v2023-04-12_maori_tatoeba_raw,
tatoeba_maori_tatoeba_raw,137,7.0,kākāriki,kākāriki,UNKNOWN,,opus_tatoeba_v2023-04-12_maori_tatoeba_raw,
tatoeba_maori_tatoeba_raw,138,1.0,tata,tata,UNKNOWN,,opus_tatoeba_v2023-04-12_maori_tatoeba_raw,
tatoeba_maori_tatoeba_raw,138,2.0,ki,ki,UNKNOWN,,opus_tatoeba_v2023-04-12_maori_tatoeba_raw,
tatoeba_maori_tatoeba_raw,138,3.0,te,te,UNKNOWN,,opus_tatoeba_v2023-04-12_maori_tatoeba_raw,
tatoeba_maori_tatoeba_raw,138,4.0,tokoiwa,tokoiwa,UNKNOWN,,opus_tatoeba_v2023-04-12_maori_tatoeba_raw,
tatoeba_maori_tatoeba_raw,138,5.0,ā,ā,UNKNOWN,,opus_tatoeba_v2023-04-12_maori_tatoeba_raw,
tatoeba_maori_tatoeba_raw,138,6.0,mā,mātou,UNKNOWN,,opus_tatoeba_v2023-04-12_maori_tatoeba_raw,mātou
tatoeba_maori_tatoeba_raw,138,6.1,tou,mātou,UNKNOWN,,opus_tatoeba_v2023-04-12_maori_tatoeba_raw,mātou
tatoeba_maori_tatoeba_raw,138,7.0,ā,ākonga,UNKNOWN,,opus_tatoeba_v2023-04-12_maori_tatoeba_raw,ākonga
tatoeba_maori_tatoeba_raw,138,7.1,konga,ākonga,UNKNOWN,,opus_tatoeba_v2023-04-12_maori_tatoeba_raw,ākonga
tatoeba_maori_tatoeba_raw,139,1.0,he,he,UNKNOWN,,opus_tatoeba_v2023-04-12_maori_tatoeba_raw,
tatoeba_maori_tatoeba_raw,139,2.0,rerekē,rerekē,UNKNOWN,,opus_tatoeba_v2023-04-12_maori_tatoeba_raw,
tatoeba_maori_tatoeba_raw,139,3.0,ngā,ngā,UNKNOWN,,opus_tatoeba_v2023-04-12_maori_tatoeba_raw,
tatoeba_maori_tatoeba_raw,139,4.0,ā,āhuatanga,UNKNOWN,,opus_tatoeba_v2023-04-12_maori_tatoeba_raw,āhuatanga
tatoeba_maori_tatoeba_raw,139,4.1,huatanga,āhuatanga,UNKNOWN,,opus_tatoeba_v2023-04-12_maori_tatoeba_raw,āhuatanga
tatoeba_maori_tatoeba_raw,139,5.0,o,o,UNKNOWN,,opus_tatoeba_v2023-04-12_maori_tatoeba_raw,
tatoeba_maori_tatoeba_raw,139,6.0,te,te,UNKNOWN,,opus_tatoeba_v2023-04-12_maori_tatoeba_raw,
tatoeba_maori_tatoeba_raw,139,7.0,o,oranga,UNKNOWN,,opus_tatoeba_v2023-04-12_maori_tatoeba_raw,oranga
tatoeba_maori_tatoeba_raw,139,7.1,ranga,oranga,UNKNOWN,,opus_tatoeba_v2023-04-12_maori_tatoeba_raw,oranga
tatoeba_maori_tatoeba_raw,140,1.0,pōuri,pōuri,UNKNOWN,,opus_tatoeba_v2023-04-12_maori_tatoeba_raw,
tatoeba_maori_tatoeba_raw,140,2.0,atu,atu,UNKNOWN,,opus_tatoeba_v2023-04-12_maori_tatoeba_raw,
tatoeba_maori_tatoeba_raw,140,3.0,kei,kei,UNKNOWN,,opus_tatoeba_v2023-04-12_maori_tatoeba_raw,
tatoeba_maori_tatoeba_raw,140,4.0,pūhia,pūhia,UNKNOWN,,opus_tatoeba_v2023-04-12_maori_tatoeba_raw,
tatoeba_maori_tatoeba_raw,140,5.0,ko,koe,UNKNOWN,,opus_tatoeba_v2023-04-12_maori_tatoeba_raw,koe
tatoeba_maori_tatoeba_raw,140,5.1,e,koe,UNKNOWN,,opus_tatoeba_v2023-04-12_maori_tatoeba_raw,koe
tatoeba_maori_tatoeba_raw,140,6.0,e,e,UNKNOWN,,opus_tatoeba_v2023-04-12_maori_tatoeba_raw,
tatoeba_maori_tatoeba_raw,140,7.0,au,au,UNKNOWN,,opus_tatoeba_v2023-04-12_maori_tatoeba_raw,
tatoeba_maori_tatoeba_raw,141,1.0,e,e,UNKNOWN,,opus_tatoeba_v2023-04-12_maori_tatoeba_raw,
tatoeba_maori_tatoeba_raw,141,2.0,tika,tika,UNKNOWN,,opus_tatoeba_v2023-04-12_maori_tatoeba_raw,
tatoeba_maori_tatoeba_raw,141,3.0,ana,ana,UNKNOWN,,opus_tatoeba_v2023-04-12_maori_tatoeba_raw,
tatoeba_maori_tatoeba_raw,141,4.0,ki,kia,UNKNOWN,,opus_tatoeba_v2023-04-12_maori_tatoeba_raw,kia
tatoeba_maori_tatoeba_raw,141,4.1,a,kia,UNKNOWN,,opus_tatoeba_v2023-04-12_maori_tatoeba_raw,kia
tatoeba_maori_tatoeba_raw,141,5.0,whakatutukia,whakatutukia,UNKNOWN,,opus_tatoeba_v2023-04-12_maori_tatoeba_raw,
tatoeba_maori_tatoeba_raw,141,6.0,tēnei,tēnei,UNKNOWN,,opus_tatoeba_v2023-04-12_maori_tatoeba_raw,
tatoeba_maori_tatoeba_raw,141,7.0,mahi,mahi,UNKNOWN,,opus_tatoeba_v2023-04-12_maori_tatoeba_raw,
tatoeba_maori_tatoeba_raw,141,8.0,ā,ā,UNKNOWN,,opus_tatoeba_v2023-04-12_maori_tatoeba_raw,
tatoeba_maori_tatoeba_raw,141,9.0,te,te,UNKNOWN,,opus_tatoeba_v2023-04-12_maori_tatoeba_raw,
tatoeba_maori_tatoeba_raw,141,10.0,ā,āpōpō,UNKNOWN,,opus_tatoeba_v2023-04-12_maori_tatoeba_raw,āpōpō
tatoeba_maori_tatoeba_raw,141,10.1,pōpō,āpōpō,UNKNOWN,,opus_tatoeba_v2023-04-12_maori_tatoeba_raw,āpōpō
tatoeba_maori_tatoeba_raw,142,1.0,i,i,UNKNOWN,,opus_tatoeba_v2023-04-12_maori_tatoeba_raw,
tatoeba_maori_tatoeba_raw,142,2.0,tonoa,tonoa,UNKNOWN,,opus_tatoeba_v2023-04-12_maori_tatoeba_raw,
tatoeba_maori_tatoeba_raw,142,3.0,e,e,UNKNOWN,,opus_tatoeba_v2023-04-12_maori_tatoeba_raw,
tatoeba_maori_tatoeba_raw,142,4.0,i,ia,UNKNOWN,,opus_tatoeba_v2023-04-12_maori_tatoeba_raw,ia
tatoeba_maori_tatoeba_raw,142,4.1,a,ia,UNKNOWN,,opus_tatoeba_v2023-04-12_maori_tatoeba_raw,ia
tatoeba_maori_tatoeba_raw,142,5.0,te,te,UNKNOWN,,opus_tatoeba_v2023-04-12_maori_tatoeba_raw,
tatoeba_maori_tatoeba_raw,142,6.0,tūranga,tūranga,UNKNOWN,,opus_tatoeba_v2023-04-12_maori_tatoeba_raw,
tatoeba_maori_tatoeba_raw,143,1.0,ki,kia,UNKNOWN,,opus_tatoeba_v2023-04-12_maori_tatoeba_raw,kia
tatoeba_maori_tatoeba_raw,143,1.1,a,kia,UNKNOWN,,opus_tatoeba_v2023-04-12_maori_tatoeba_raw,kia
tatoeba_maori_tatoeba_raw,143,2.0,tūturu,tūturu,UNKNOWN,,opus_tatoeba_v2023-04-12_maori_tatoeba_raw,
tatoeba_maori_tatoeba_raw,143,3.0,tō,tō,UNKNOWN,,opus_tatoeba_v2023-04-12_maori_tatoeba_raw,
tatoeba_maori_tatoeba_raw,143,4.0,kōrero,kōrero,UNKNOWN,,opus_tatoeba_v2023-04-12_maori_tatoeba_raw,
tatoeba_maori_tatoeba_raw,144,1.0,e,e,UNKNOWN,,opus_tatoeba_v2023-04-12_maori_tatoeba_raw,
tatoeba_maori_tatoeba_raw,144,2.0,ko,kore,UNKNOWN,,opus_tatoeba_v2023-04-12_maori_tatoeba_raw,kore
tatoeba_maori_tatoeba_raw,144,2.1,re,kore,UNKNOWN,,opus_tatoeba_v2023-04-12_maori_tatoeba_raw,kore
tatoeba_maori_tatoeba_raw,144,3.0,e,e,UNKNOWN,,opus_tatoeba_v2023-04-12_maori_tatoeba_raw,
tatoeba_maori_tatoeba_raw,144,4.0,taea,taea,UNKNOWN,,opus_tatoeba_v2023-04-12_maori_tatoeba_raw,
tatoeba_maori_tatoeba_raw,144,5.0,e,e,UNKNOWN,,opus_tatoeba_v2023-04-12_maori_tatoeba_raw,
tatoeba_maori_tatoeba_raw,144,6.0,au,au,UNKNOWN,,opus_tatoeba_v2023-04-12_maori_tatoeba_raw,
tatoeba_maori_tatoeba_raw,144,7.0,te,te,UNKNOWN,,opus_tatoeba_v2023-04-12_maori_tatoeba_raw,
tatoeba_maori_tatoeba_raw,144,8.0,tiaki,tiaki,UNKNOWN,,opus_tatoeba_v2023-04-12_maori_tatoeba_raw,
tatoeba_maori_tatoeba_raw,144,9.0,i,i,UNKNOWN,,opus_tatoeba_v2023-04-12_maori_tatoeba_raw,
tatoeba_maori_tatoeba_raw,144,10.0,a,a,UNKNOWN,,opus_tatoeba_v2023-04-12_maori_tatoeba_raw,
tatoeba_maori_tatoeba_raw,144,11.0,i,ia,UNKNOWN,,opus_tatoeba_v2023-04-12_maori_tatoeba_raw,ia
tatoeba_maori_tatoeba_raw,144,11.1,a,ia,UNKNOWN,,opus_tatoeba_v2023-04-12_maori_tatoeba_raw,ia
tatoeba_maori_tatoeba_raw,145,1.0,e,e,UNKNOWN,,opus_tatoeba_v2023-04-12_maori_tatoeba_raw,
tatoeba_maori_tatoeba_raw,145,2.0,hia,hia,UNKNOWN,,opus_tatoeba_v2023-04-12_maori_tatoeba_raw,
tatoeba_maori_tatoeba_raw,145,3.0,anō,anō,UNKNOWN,,opus_tatoeba_v2023-04-12_maori_tatoeba_raw,
tatoeba_maori_tatoeba_raw,145,4.0,ngā,ngā,UNKNOWN,,opus_tatoeba_v2023-04-12_maori_tatoeba_raw,
tatoeba_maori_tatoeba_raw,145,5.0,whare,whare,UNKNOWN,,opus_tatoeba_v2023-04-12_maori_tatoeba_raw,
tatoeba_maori_tatoeba_raw,145,6.0,ā,ā,UNKNOWN,,opus_tatoeba_v2023-04-12_maori_tatoeba_raw,
tatoeba_maori_tatoeba_raw,145,7.0,tom,tom,UNKNOWN,,opus_tatoeba_v2023-04-12_maori_tatoeba_raw,
tatoeba_maori_tatoeba_raw,146,1.0,kāore,kāore,UNKNOWN,,opus_tatoeba_v2023-04-12_maori_tatoeba_raw,
tatoeba_maori_tatoeba_raw,146,2.0,au,au,UNKNOWN,,opus_tatoeba_v2023-04-12_maori_tatoeba_raw,
tatoeba_maori_tatoeba_raw,146,3.0,e,e,UNKNOWN,,opus_tatoeba_v2023-04-12_maori_tatoeba_raw,
tatoeba_maori_tatoeba_raw,146,4.0,pai,pai,UNKNOWN,,opus_tatoeba_v2023-04-12_maori_tatoeba_raw,
tatoeba_maori_tatoeba_raw,146,5.0,i,ina,UNKNOWN,,opus_tatoeba_v2023-04-12_maori_tatoeba_raw,ina
tatoeba_maori_tatoeba_raw,146,5.1,na,ina,UNKNOWN,,opus_tatoeba_v2023-04-12_maori_tatoeba_raw,ina
tatoeba_maori_tatoeba_raw,146,6.0,ko,kohetetia,UNKNOWN,,opus_tatoeba_v2023-04-12_maori_tatoeba_raw,kohetetia
tatoeba_maori_tatoeba_raw,146,6.1,hetetia,kohetetia,UNKNOWN,,opus_tatoeba_v2023-04-12_maori_tatoeba_raw,kohetetia
tatoeba_maori_tatoeba_raw,146,7.0,ngā,ngā,UNKNOWN,,opus_tatoeba_v2023-04-12_maori_tatoeba_raw,
tatoeba_maori_tatoeba_raw,146,8.0,tamariki,tamariki,UNKNOWN,,opus_tatoeba_v2023-04-12_maori_tatoeba_raw,
tatoeba_maori_tatoeba_raw,146,9.0,e,e,UNKNOWN,,opus_tatoeba_v2023-04-12_maori_tatoeba_raw,
tatoeba_maori_tatoeba_raw,146,10.0,ngā,ngā,UNKNOWN,,opus_tatoeba_v2023-04-12_maori_tatoeba_raw,
tatoeba_maori_tatoeba_raw,146,11.0,whāea,whāea,UNKNOWN,,opus_tatoeba_v2023-04-12_maori_tatoeba_raw,
tatoeba_maori_tatoeba_raw,147,1.0,ki,kia,UNKNOWN,,opus_tatoeba_v2023-04-12_maori_tatoeba_raw,kia
tatoeba_maori_tatoeba_raw,147,1.1,a,kia,UNKNOWN,,opus_tatoeba_v2023-04-12_maori_tatoeba_raw,kia
tatoeba_maori_tatoeba_raw,147,2.0,o,ora,UNKNOWN,,opus_tatoeba_v2023-04-12_maori_tatoeba_raw,ora
tatoeba_maori_tatoeba_raw,147,2.1,ra,ora,UNKNOWN,,opus_tatoeba_v2023-04-12_maori_tatoeba_raw,ora
tatoeba_maori_tatoeba_raw,147,3.0,mō,mō,UNKNOWN,,opus_tatoeba_v2023-04-12_maori_tatoeba_raw,
tatoeba_maori_tatoeba_raw,147,4.0,tō,tō,UNKNOWN,,opus_tatoeba_v2023-04-12_maori_tatoeba_raw,
tatoeba_maori_tatoeba_raw,147,5.0,whakamōhio,whakamōhio,UNKNOWN,,opus_tatoeba_v2023-04-12_maori_tatoeba_raw,
tatoeba_maori_tatoeba_raw,147,6.0,mai,mai,UNKNOWN,,opus_tatoeba_v2023-04-12_maori_tatoeba_raw,
tatoeba_maori_tatoeba_raw,147,7.0,i,i,UNKNOWN,,opus_tatoeba_v2023-04-12_maori_tatoeba_raw,
tatoeba_maori_tatoeba_raw,147,8.0,a,a,UNKNOWN,,opus_tatoeba_v2023-04-12_maori_tatoeba_raw,
tatoeba_maori_tatoeba_raw,147,9.0,au,au,UNKNOWN,,opus_tatoeba_v2023-04-12_maori_tatoeba_raw,
tatoeba_maori_tatoeba_raw,148,1.0,he,he,UNKNOWN,,opus_tatoeba_v2023-04-12_maori_tatoeba_raw,
tatoeba_maori_tatoeba_raw,148,2.0,ki,kiri,UNKNOWN,,opus_tatoeba_v2023-04-12_maori_tatoeba_raw,kiri
tatoeba_maori_tatoeba_raw,148,2.1,ri,kiri,UNKNOWN,,opus_tatoeba_v2023-04-12_maori_tatoeba_raw,kiri
tatoeba_maori_tatoeba_raw,148,3.0,mā,māia,UNKNOWN,,opus_tatoeba_v2023-04-12_maori_tatoeba_raw,māia
tatoeba_maori_tatoeba_raw,148,3.1,ia,māia,UNKNOWN,,opus_tatoeba_v2023-04-12_maori_tatoeba_raw,māia
tatoeba_maori_tatoeba_raw,148,4.0,ahau,ahau,UNKNOWN,,opus_tatoeba_v2023-04-12_maori_tatoeba_raw,
tatoeba_maori_tatoeba_raw,148,5.0,i,ia,UNKNOWN,,opus_tatoeba_v2023-04-12_maori_tatoeba_raw,ia
tatoeba_maori_tatoeba_raw,148,5.1,a,ia,UNKNOWN,,opus_tatoeba_v2023-04-12_maori_tatoeba_raw,ia
tatoeba_maori_tatoeba_raw,148,6.0,rā,rā,UNKNOWN,,opus_tatoeba_v2023-04-12_maori_tatoeba_raw,
tatoeba_maori_tatoeba_raw,148,7.0,i,ia,UNKNOWN,,opus_tatoeba_v2023-04-12_maori_tatoeba_raw,ia
tatoeba_maori_tatoeba_raw,148,7.1,a,ia,UNKNOWN,,opus_tatoeba_v2023-04-12_maori_tatoeba_raw,ia
tatoeba_maori_tatoeba_raw,148,8.0,rā,rā,UNKNOWN,,opus_tatoeba_v2023-04-12_maori_tatoeba_raw,
tatoeba_maori_tatoeba_raw,149,1.0,i,i,UNKNOWN,,opus_tatoeba_v2023-04-12_maori_tatoeba_raw,
tatoeba_maori_tatoeba_raw,149,2.0,te,te,UNKNOWN,,opus_tatoeba_v2023-04-12_maori_tatoeba_raw,
tatoeba_maori_tatoeba_raw,149,3.0,moe,moe,UNKNOWN,,opus_tatoeba_v2023-04-12_maori_tatoeba_raw,
tatoeba_maori_tatoeba_raw,149,4.0,hōhonu,hōhonu,UNKNOWN,,opus_tatoeba_v2023-04-12_maori_tatoeba_raw,
tatoeba_maori_tatoeba_raw,149,5.0,i,ia,UNKNOWN,,opus_tatoeba_v2023-04-12_maori_tatoeba_raw,ia
tatoeba_maori_tatoeba_raw,149,5.1,a,ia,UNKNOWN,,opus_tatoeba_v2023-04-12_maori_tatoeba_raw,ia
tatoeba_maori_tatoeba_raw,150,1.0,ko,ko,UNKNOWN,,opus_tatoeba_v2023-04-12_maori_tatoeba_raw,
tatoeba_maori_tatoeba_raw,150,2.0,te,te,UNKNOWN,,opus_tatoeba_v2023-04-12_maori_tatoeba_raw,
tatoeba_maori_tatoeba_raw,150,3.0,ka,kaikiritanga,UNKNOWN,,opus_tatoeba_v2023-04-12_maori_tatoeba_raw,kaikiritanga
tatoeba_maori_tatoeba_raw,150,3.1,ikiritanga,kaikiritanga,UNKNOWN,,opus_tatoeba_v2023-04-12_maori_tatoeba_raw,kaikiritanga
tatoeba_maori_tatoeba_raw,150,4.0,tēnei,tēnei,UNKNOWN,,opus_tatoeba_v2023-04-12_maori_tatoeba_raw,
tatoeba_maori_tatoeba_raw,151,1.0,e,e,UNKNOWN,,opus_tatoeba_v2023-04-12_maori_tatoeba_raw,
tatoeba_maori_tatoeba_raw,151,2.0,hiahia,hiahia,UNKNOWN,,opus_tatoeba_v2023-04-12_maori_tatoeba_raw,
tatoeba_maori_tatoeba_raw,151,3.0,ana,ana,UNKNOWN,,opus_tatoeba_v2023-04-12_maori_tatoeba_raw,
tatoeba_maori_tatoeba_raw,151,4.0,au,au,UNKNOWN,,opus_tatoeba_v2023-04-12_maori_tatoeba_raw,
tatoeba_maori_tatoeba_raw,151,5.0,ki,ki,UNKNOWN,,opus_tatoeba_v2023-04-12_maori_tatoeba_raw,
tatoeba_maori_tatoeba_raw,151,6.0,te,te,UNKNOWN,,opus_tatoeba_v2023-04-12_maori_tatoeba_raw,
tatoeba_maori_tatoeba_raw,151,7.0,mōhio,mōhio,UNKNOWN,,opus_tatoeba_v2023-04-12_maori_tatoeba_raw,
tatoeba_maori_tatoeba_raw,151,8.0,ka,ka,UNKNOWN,,opus_tatoeba_v2023-04-12_maori_tatoeba_raw,
tatoeba_maori_tatoeba_raw,151,9.0,taea,taea,UNKNOWN,,opus_tatoeba_v2023-04-12_maori_tatoeba_raw,
tatoeba_maori_tatoeba_raw,151,10.0,e,e,UNKNOWN,,opus_tatoeba_v2023-04-12_maori_tatoeba_raw,
tatoeba_maori_tatoeba_raw,151,11.0,tātou,tātou,UNKNOWN,,opus_tatoeba_v2023-04-12_maori_tatoeba_raw,
tatoeba_maori_tatoeba_raw,151,12.0,te,te,UNKNOWN,,opus_tatoeba_v2023-04-12_maori_tatoeba_raw,
tatoeba_maori_tatoeba_raw,151,13.0,whakawhirinaki,whakawhirinaki,UNKNOWN,,opus_tatoeba_v2023-04-12_maori_tatoeba_raw,
tatoeba_maori_tatoeba_raw,151,14.0,ki,ki,UNKNOWN,,opus_tatoeba_v2023-04-12_maori_tatoeba_raw,
tatoeba_maori_tatoeba_raw,151,15.0,a,a,UNKNOWN,,opus_tatoeba_v2023-04-12_maori_tatoeba_raw,
tatoeba_maori_tatoeba_raw,151,16.0,tom,tom,UNKNOWN,,opus_tatoeba_v2023-04-12_maori_tatoeba_raw,
tatoeba_maori_tatoeba_raw,152,1.0,i,i,UNKNOWN,,opus_tatoeba_v2023-04-12_maori_tatoeba_raw,
tatoeba_maori_tatoeba_raw,152,2.0,kōrapa,kōrapa,UNKNOWN,,opus_tatoeba_v2023-04-12_maori_tatoeba_raw,
tatoeba_maori_tatoeba_raw,152,3.0,a,a,UNKNOWN,,opus_tatoeba_v2023-04-12_maori_tatoeba_raw,
tatoeba_maori_tatoeba_raw,152,4.0,tom,tom,UNKNOWN,,opus_tatoeba_v2023-04-12_maori_tatoeba_raw,
tatoeba_maori_tatoeba_raw,153,1.0,e,e,UNKNOWN,,opus_tatoeba_v2023-04-12_maori_tatoeba_raw,
tatoeba_maori_tatoeba_raw,153,2.0,hiahia,hiahia,UNKNOWN,,opus_tatoeba_v2023-04-12_maori_tatoeba_raw,
tatoeba_maori_tatoeba_raw,153,3.0,noa,noa,UNKNOWN,,opus_tatoeba_v2023-04-12_maori_tatoeba_raw,
tatoeba_maori_tatoeba_raw,153,4.0,ana,ana,UNKNOWN,,opus_tatoeba_v2023-04-12_maori_tatoeba_raw,
tatoeba_maori_tatoeba_raw,153,5.0,au,au,UNKNOWN,,opus_tatoeba_v2023-04-12_maori_tatoeba_raw,
tatoeba_maori_tatoeba_raw,153,6.0,ki,ki,UNKNOWN,,opus_tatoeba_v2023-04-12_maori_tatoeba_raw,
tatoeba_maori_tatoeba_raw,153,7.0,te,te,UNKNOWN,,opus_tatoeba_v2023-04-12_maori_tatoeba_raw,
tatoeba_maori_tatoeba_raw,153,8.0,tuku,tuku,UNKNOWN,,opus_tatoeba_v2023-04-12_maori_tatoeba_raw,
tatoeba_maori_tatoeba_raw,153,9.0,mihi,mihi,UNKNOWN,,opus_tatoeba_v2023-04-12_maori_tatoeba_raw,
tatoeba_maori_tatoeba_raw,153,10.0,atu,atu,UNKNOWN,,opus_tatoeba_v2023-04-12_maori_tatoeba_raw,
tatoeba_maori_tatoeba_raw,153,11.0,ki,ki,UNKNOWN,,opus_tatoeba_v2023-04-12_maori_tatoeba_raw,
tatoeba_maori_tatoeba_raw,153,12.0,a,a,UNKNOWN,,opus_tatoeba_v2023-04-12_maori_tatoeba_raw,
tatoeba_maori_tatoeba_raw,153,13.0,ko,koe,UNKNOWN,,opus_tatoeba_v2023-04-12_maori_tatoeba_raw,koe
tatoeba_maori_tatoeba_raw,153,13.1,e,koe,UNKNOWN,,opus_tatoeba_v2023-04-12_maori_tatoeba_raw,koe
tatoeba_maori_tatoeba_raw,154,1.0,tuhia,tuhia,UNKNOWN,,opus_tatoeba_v2023-04-12_maori_tatoeba_raw,
tatoeba_maori_tatoeba_raw,154,2.0,tana,tana,UNKNOWN,,opus_tatoeba_v2023-04-12_maori_tatoeba_raw,
tatoeba_maori_tatoeba_raw,154,3.0,wāhi,wāhi,UNKNOWN,,opus_tatoeba_v2023-04-12_maori_tatoeba_raw,
tatoeba_maori_tatoeba_raw,154,4.0,noho,noho,UNKNOWN,,opus_tatoeba_v2023-04-12_maori_tatoeba_raw,
tatoeba_maori_tatoeba_raw,155,1.0,he,he,UNKNOWN,,opus_tatoeba_v2023-04-12_maori_tatoeba_raw,
tatoeba_maori_tatoeba_raw,155,2.0,nui,nui,UNKNOWN,,opus_tatoeba_v2023-04-12_maori_tatoeba_raw,
tatoeba_maori_tatoeba_raw,155,3.0,rawa,rawa,UNKNOWN,,opus_tatoeba_v2023-04-12_maori_tatoeba_raw,
tatoeba_maori_tatoeba_raw,155,4.0,te,te,UNKNOWN,,opus_tatoeba_v2023-04-12_maori_tatoeba_raw,
tatoeba_maori_tatoeba_raw,155,5.0,utu,utu,UNKNOWN,,opus_tatoeba_v2023-04-12_maori_tatoeba_raw,
tatoeba_maori_tatoeba_raw,155,6.0,mō,mō,UNKNOWN,,opus_tatoeba_v2023-04-12_maori_tatoeba_raw,
tatoeba_maori_tatoeba_raw,155,7.0,te,te,UNKNOWN,,opus_tatoeba_v2023-04-12_maori_tatoeba_raw,
tatoeba_maori_tatoeba_raw,155,8.0,pire,pire,UNKNOWN,,opus_tatoeba_v2023-04-12_maori_tatoeba_raw,
tatoeba_maori_tatoeba_raw,155,9.0,whakahoutanga,whakahoutanga,UNKNOWN,,opus_tatoeba_v2023-04-12_maori_tatoeba_raw,
tatoeba_maori_tatoeba_raw,155,10.0,o,o,UNKNOWN,,opus_tatoeba_v2023-04-12_maori_tatoeba_raw,
tatoeba_maori_tatoeba_raw,155,11.0,te,te,UNKNOWN,,opus_tatoeba_v2023-04-12_maori_tatoeba_raw,
tatoeba_maori_tatoeba_raw,155,12.0,hiko,hiko,UNKNOWN,,opus_tatoeba_v2023-04-12_maori_tatoeba_raw,
tatoeba_maori_tatoeba_raw,155,13.0,ki,ki,UNKNOWN,,opus_tatoeba_v2023-04-12_maori_tatoeba_raw,
tatoeba_maori_tatoeba_raw,155,14.0,tiamani,tiamani,UNKNOWN,,opus_tatoeba_v2023-04-12_maori_tatoeba_raw,
tatoeba_maori_tatoeba_raw,156,1.0,me,me,UNKNOWN,,opus_tatoeba_v2023-04-12_maori_tatoeba_raw,
tatoeba_maori_tatoeba_raw,156,2.0,whakamātau,whakamātau,UNKNOWN,,opus_tatoeba_v2023-04-12_maori_tatoeba_raw,
tatoeba_maori_tatoeba_raw,156,3.0,ko,koe,UNKNOWN,,opus_tatoeba_v2023-04-12_maori_tatoeba_raw,koe
tatoeba_maori_tatoeba_raw,156,3.1,e,koe,UNKNOWN,,opus_tatoeba_v2023-04-12_maori_tatoeba_raw,koe
tatoeba_maori_tatoeba_raw,156,4.0,ki,ki,UNKNOWN,,opus_tatoeba_v2023-04-12_maori_tatoeba_raw,
tatoeba_maori_tatoeba_raw,156,5.0,te,te,UNKNOWN,,opus_tatoeba_v2023-04-12_maori_tatoeba_raw,
tatoeba_maori_tatoeba_raw,156,6.0,whakatūwhera,whakatūwhera,UNKNOWN,,opus_tatoeba_v2023-04-12_maori_tatoeba_raw,
tatoeba_maori_tatoeba_raw,156,7.0,i,i,UNKNOWN,,opus_tatoeba_v2023-04-12_maori_tatoeba_raw,
tatoeba_maori_tatoeba_raw,156,8.0,te,te,UNKNOWN,,opus_tatoeba_v2023-04-12_maori_tatoeba_raw,
tatoeba_maori_tatoeba_raw,156,9.0,tatau,tatau,UNKNOWN,,opus_tatoeba_v2023-04-12_maori_tatoeba_raw,
tatoeba_maori_tatoeba_raw,157,1.0,i,i,UNKNOWN,,opus_tatoeba_v2023-04-12_maori_tatoeba_raw,
tatoeba_maori_tatoeba_raw,157,2.0,roa,roa,UNKNOWN,,opus_tatoeba_v2023-04-12_maori_tatoeba_raw,
tatoeba_maori_tatoeba_raw,157,3.0,tana,tana,UNKNOWN,,opus_tatoeba_v2023-04-12_maori_tatoeba_raw,
tatoeba_maori_tatoeba_raw,157,4.0,o,oranga,UNKNOWN,,opus_tatoeba_v2023-04-12_maori_tatoeba_raw,oranga
tatoeba_maori_tatoeba_raw,157,4.1,ranga,oranga,UNKNOWN,,opus_tatoeba_v2023-04-12_maori_tatoeba_raw,oranga
tatoeba_maori_tatoeba_raw,158,1.0,kāore,kāore,UNKNOWN,,opus_tatoeba_v2023-04-12_maori_tatoeba_raw,
tatoeba_maori_tatoeba_raw,158,2.0,i,ia,UNKNOWN,,opus_tatoeba_v2023-04-12_maori_tatoeba_raw,ia
tatoeba_maori_tatoeba_raw,158,2.1,a,ia,UNKNOWN,,opus_tatoeba_v2023-04-12_maori_tatoeba_raw,ia
tatoeba_maori_tatoeba_raw,158,3.0,i,i,UNKNOWN,,opus_tatoeba_v2023-04-12_maori_tatoeba_raw,
tatoeba_maori_tatoeba_raw,158,4.0,tuku,tuku,UNKNOWN,,opus_tatoeba_v2023-04-12_maori_tatoeba_raw,
tatoeba_maori_tatoeba_raw,158,5.0,i,i,UNKNOWN,,opus_tatoeba_v2023-04-12_maori_tatoeba_raw,
tatoeba_maori_tatoeba_raw,158,6.0,te,te,UNKNOWN,,opus_tatoeba_v2023-04-12_maori_tatoeba_raw,
tatoeba_maori_tatoeba_raw,158,7.0,mūhoretanga,mūhoretanga,UNKNOWN,,opus_tatoeba_v2023-04-12_maori_tatoeba_raw,
tatoeba_maori_tatoeba_raw,158,8.0,ki,kia,UNKNOWN,,opus_tatoeba_v2023-04-12_maori_tatoeba_raw,kia
tatoeba_maori_tatoeba_raw,158,8.1,a,kia,UNKNOWN,,opus_tatoeba_v2023-04-12_maori_tatoeba_raw,kia
tatoeba_maori_tatoeba_raw,158,9.0,whakapāhunu,whakapāhunu,UNKNOWN,,opus_tatoeba_v2023-04-12_maori_tatoeba_raw,
tatoeba_maori_tatoeba_raw,158,10.0,i,i,UNKNOWN,,opus_tatoeba_v2023-04-12_maori_tatoeba_raw,
tatoeba_maori_tatoeba_raw,158,11.0,a,a,UNKNOWN,,opus_tatoeba_v2023-04-12_maori_tatoeba_raw,
tatoeba_maori_tatoeba_raw,158,12.0,i,ia,UNKNOWN,,opus_tatoeba_v2023-04-12_maori_tatoeba_raw,ia
tatoeba_maori_tatoeba_raw,158,12.1,a,ia,UNKNOWN,,opus_tatoeba_v2023-04-12_maori_tatoeba_raw,ia
tatoeba_maori_tatoeba_raw,159,1.0,kāore,kāore,UNKNOWN,,opus_tatoeba_v2023-04-12_maori_tatoeba_raw,
tatoeba_maori_tatoeba_raw,159,2.0,au,au,UNKNOWN,,opus_tatoeba_v2023-04-12_maori_tatoeba_raw,
tatoeba_maori_tatoeba_raw,159,3.0,i,i,UNKNOWN,,opus_tatoeba_v2023-04-12_maori_tatoeba_raw,
tatoeba_maori_tatoeba_raw,159,4.0,te,te,UNKNOWN,,opus_tatoeba_v2023-04-12_maori_tatoeba_raw,
tatoeba_maori_tatoeba_raw,159,5.0,mōhio,mōhio,UNKNOWN,,opus_tatoeba_v2023-04-12_maori_tatoeba_raw,
tatoeba_maori_tatoeba_raw,159,6.0,tūturu,tūturu,UNKNOWN,,opus_tatoeba_v2023-04-12_maori_tatoeba_raw,
tatoeba_maori_tatoeba_raw,159,7.0,ka,ka,UNKNOWN,,opus_tatoeba_v2023-04-12_maori_tatoeba_raw,
tatoeba_maori_tatoeba_raw,159,8.0,aha,aha,UNKNOWN,,opus_tatoeba_v2023-04-12_maori_tatoeba_raw,
tatoeba_maori_tatoeba_raw,159,9.0,au,au,UNKNOWN,,opus_tatoeba_v2023-04-12_maori_tatoeba_raw,
tatoeba_maori_tatoeba_raw,159,10.0,ā,ā,UNKNOWN,,opus_tatoeba_v2023-04-12_maori_tatoeba_raw,
tatoeba_maori_tatoeba_raw,159,11.0,muri,muri,UNKNOWN,,opus_tatoeba_v2023-04-12_maori_tatoeba_raw,
tatoeba_maori_tatoeba_raw,159,12.0,atu,atu,UNKNOWN,,opus_tatoeba_v2023-04-12_maori_tatoeba_raw,
tatoeba_maori_tatoeba_raw,159,13.0,i,i,UNKNOWN,,opus_tatoeba_v2023-04-12_maori_tatoeba_raw,
tatoeba_maori_tatoeba_raw,159,14.0,taku,taku,UNKNOWN,,opus_tatoeba_v2023-04-12_maori_tatoeba_raw,
tatoeba_maori_tatoeba_raw,159,15.0,putanga,putanga,UNKNOWN,,opus_tatoeba_v2023-04-12_maori_tatoeba_raw,
tatoeba_maori_tatoeba_raw,159,16.0,i,i,UNKNOWN,,opus_tatoeba_v2023-04-12_maori_tatoeba_raw,
tatoeba_maori_tatoeba_raw,159,17.0,te,te,UNKNOWN,,opus_tatoeba_v2023-04-12_maori_tatoeba_raw,
tatoeba_maori_tatoeba_raw,159,18.0,whare,whare,UNKNOWN,,opus_tatoeba_v2023-04-12_maori_tatoeba_raw,
tatoeba_maori_tatoeba_raw,159,19.0,wānanga,wānanga,UNKNOWN,,opus_tatoeba_v2023-04-12_maori_tatoeba_raw,
tatoeba_maori_tatoeba_raw,160,1.0,kei,kei,UNKNOWN,,opus_tatoeba_v2023-04-12_maori_tatoeba_raw,
tatoeba_maori_tatoeba_raw,160,2.0,he,hea,UNKNOWN,,opus_tatoeba_v2023-04-12_maori_tatoeba_raw,hea
tatoeba_maori_tatoeba_raw,160,2.1,a,hea,UNKNOWN,,opus_tatoeba_v2023-04-12_maori_tatoeba_raw,hea
tatoeba_maori_tatoeba_raw,160,3.0,tana,tana,UNKNOWN,,opus_tatoeba_v2023-04-12_maori_tatoeba_raw,
tatoeba_maori_tatoeba_raw,160,4.0,whare,whare,UNKNOWN,,opus_tatoeba_v2023-04-12_maori_tatoeba_raw,
tatoeba_maori_tatoeba_raw,160,5.0,haumanu,haumanu,UNKNOWN,,opus_tatoeba_v2023-04-12_maori_tatoeba_raw,
tatoeba_maori_tatoeba_raw,161,1.0,i,i,UNKNOWN,,opus_tatoeba_v2023-04-12_maori_tatoeba_raw,
tatoeba_maori_tatoeba_raw,161,2.0,whākina,whākina,UNKNOWN,,opus_tatoeba_v2023-04-12_maori_tatoeba_raw,
tatoeba_maori_tatoeba_raw,161,3.0,atu,atu,UNKNOWN,,opus_tatoeba_v2023-04-12_maori_tatoeba_raw,
tatoeba_maori_tatoeba_raw,161,4.0,e,e,UNKNOWN,,opus_tatoeba_v2023-04-12_maori_tatoeba_raw,
tatoeba_maori_tatoeba_raw,161,5.0,tom,tom,UNKNOWN,,opus_tatoeba_v2023-04-12_maori_tatoeba_raw,
tatoeba_maori_tatoeba_raw,161,6.0,te,te,UNKNOWN,,opus_tatoeba_v2023-04-12_maori_tatoeba_raw,
tatoeba_maori_tatoeba_raw,161,7.0,kōrero,kōrero,UNKNOWN,,opus_tatoeba_v2023-04-12_maori_tatoeba_raw,
tatoeba_maori_tatoeba_raw,161,8.0,muna,muna,UNKNOWN,,opus_tatoeba_v2023-04-12_maori_tatoeba_raw,
tatoeba_maori_tatoeba_raw,161,9.0,ki,ki,UNKNOWN,,opus_tatoeba_v2023-04-12_maori_tatoeba_raw,
tatoeba_maori_tatoeba_raw,161,10.0,a,a,UNKNOWN,,opus_tatoeba_v2023-04-12_maori_tatoeba_raw,
tatoeba_maori_tatoeba_raw,161,11.0,mary,mary,UNKNOWN,,opus_tatoeba_v2023-04-12_maori_tatoeba_raw,
tatoeba_maori_tatoeba_raw,162,1.0,i,i,UNKNOWN,,opus_tatoeba_v2023-04-12_maori_tatoeba_raw,
tatoeba_maori_tatoeba_raw,162,2.0,mare,mare,UNKNOWN,,opus_tatoeba_v2023-04-12_maori_tatoeba_raw,
tatoeba_maori_tatoeba_raw,162,3.0,i,ia,UNKNOWN,,opus_tatoeba_v2023-04-12_maori_tatoeba_raw,ia
tatoeba_maori_tatoeba_raw,162,3.1,a,ia,UNKNOWN,,opus_tatoeba_v2023-04-12_maori_tatoeba_raw,ia
tatoeba_maori_tatoeba_raw,162,4.0,i,i,UNKNOWN,,opus_tatoeba_v2023-04-12_maori_tatoeba_raw,
tatoeba_maori_tatoeba_raw,162,5.0,te,te,UNKNOWN,,opus_tatoeba_v2023-04-12_maori_tatoeba_raw,
tatoeba_maori_tatoeba_raw,162,6.0,auahi,auahi,UNKNOWN,,opus_tatoeba_v2023-04-12_maori_tatoeba_raw,
tatoeba_maori_tatoeba_raw,163,1.0,e,e,UNKNOWN,,opus_tatoeba_v2023-04-12_maori_tatoeba_raw,
tatoeba_maori_tatoeba_raw,163,2.0,<EMPTY>,<EMPTY>,UNKNOWN,,opus_tatoeba_v2023-04-12_maori_tatoeba_raw,
tatoeba_maori_tatoeba_raw,163,3.0,yen,yen,UNKNOWN,,opus_tatoeba_v2023-04-12_maori_tatoeba_raw,
tatoeba_maori_tatoeba_raw,163,4.0,e,e,UNKNOWN,,opus_tatoeba_v2023-04-12_maori_tatoeba_raw,
tatoeba_maori_tatoeba_raw,163,5.0,nama,nama,UNKNOWN,,opus_tatoeba_v2023-04-12_maori_tatoeba_raw,
tatoeba_maori_tatoeba_raw,163,6.0,ana,ana,UNKNOWN,,opus_tatoeba_v2023-04-12_maori_tatoeba_raw,
tatoeba_maori_tatoeba_raw,163,7.0,au,au,UNKNOWN,,opus_tatoeba_v2023-04-12_maori_tatoeba_raw,
tatoeba_maori_tatoeba_raw,163,8.0,ki,ki,UNKNOWN,,opus_tatoeba_v2023-04-12_maori_tatoeba_raw,
tatoeba_maori_tatoeba_raw,163,9.0,a,a,UNKNOWN,,opus_tatoeba_v2023-04-12_maori_tatoeba_raw,
tatoeba_maori_tatoeba_raw,163,10.0,ko,koe,UNKNOWN,,opus_tatoeba_v2023-04-12_maori_tatoeba_raw,koe
tatoeba_maori_tatoeba_raw,163,10.1,e,koe,UNKNOWN,,opus_tatoeba_v2023-04-12_maori_tatoeba_raw,koe
tatoeba_maori_tatoeba_raw,164,1.0,ko,ko,UNKNOWN,,opus_tatoeba_v2023-04-12_maori_tatoeba_raw,
tatoeba_maori_tatoeba_raw,164,2.0,tēnei,tēnei,UNKNOWN,,opus_tatoeba_v2023-04-12_maori_tatoeba_raw,
tatoeba_maori_tatoeba_raw,164,3.0,te,te,UNKNOWN,,opus_tatoeba_v2023-04-12_maori_tatoeba_raw,
tatoeba_maori_tatoeba_raw,164,4.0,ngeru,ngeru,UNKNOWN,,opus_tatoeba_v2023-04-12_maori_tatoeba_raw,
tatoeba_maori_tatoeba_raw,164,5.0,tino,tino,UNKNOWN,,opus_tatoeba_v2023-04-12_maori_tatoeba_raw,
tatoeba_maori_tatoeba_raw,164,6.0,nui,nui,UNKNOWN,,opus_tatoeba_v2023-04-12_maori_tatoeba_raw,
tatoeba_maori_tatoeba_raw,164,7.0,kua,kua,UNKNOWN,,opus_tatoeba_v2023-04-12_maori_tatoeba_raw,
tatoeba_maori_tatoeba_raw,164,8.0,ki,kitea,UNKNOWN,,opus_tatoeba_v2023-04-12_maori_tatoeba_raw,kitea
tatoeba_maori_tatoeba_raw,164,8.1,tea,kitea,UNKNOWN,,opus_tatoeba_v2023-04-12_maori_tatoeba_raw,kitea
tatoeba_maori_tatoeba_raw,164,9.0,e,e,UNKNOWN,,opus_tatoeba_v2023-04-12_maori_tatoeba_raw,
tatoeba_maori_tatoeba_raw,164,10.0,au,au,UNKNOWN,,opus_tatoeba_v2023-04-12_maori_tatoeba_raw,
tatoeba_maori_tatoeba_raw,165,1.0,ki,kia,UNKNOWN,,opus_tatoeba_v2023-04-12_maori_tatoeba_raw,kia
tatoeba_maori_tatoeba_raw,165,1.1,a,kia,UNKNOWN,,opus_tatoeba_v2023-04-12_maori_tatoeba_raw,kia
tatoeba_maori_tatoeba_raw,165,2.0,o,ora,UNKNOWN,,opus_tatoeba_v2023-04-12_maori_tatoeba_raw,ora
tatoeba_maori_tatoeba_raw,165,2.1,ra,ora,UNKNOWN,,opus_tatoeba_v2023-04-12_maori_tatoeba_raw,ora
tatoeba_maori_tatoeba_raw,165,3.0,mike,mike,UNKNOWN,,opus_tatoeba_v2023-04-12_maori_tatoeba_raw,
tatoeba_maori_tatoeba_raw,166,1.0,kāore,kāore,UNKNOWN,,opus_tatoeba_v2023-04-12_maori_tatoeba_raw,
tatoeba_maori_tatoeba_raw,166,2.0,au,au,UNKNOWN,,opus_tatoeba_v2023-04-12_maori_tatoeba_raw,
tatoeba_maori_tatoeba_raw,166,3.0,i,i,UNKNOWN,,opus_tatoeba_v2023-04-12_maori_tatoeba_raw,
tatoeba_maori_tatoeba_raw,166,4.0,te,te,UNKNOWN,,opus_tatoeba_v2023-04-12_maori_tatoeba_raw,
tatoeba_maori_tatoeba_raw,166,5.0,pīrangi,pīrangi,UNKNOWN,,opus_tatoeba_v2023-04-12_maori_tatoeba_raw,
tatoeba_maori_tatoeba_raw,166,6.0,ki,ki,UNKNOWN,,opus_tatoeba_v2023-04-12_maori_tatoeba_raw,
tatoeba_maori_tatoeba_raw,166,7.0,te,te,UNKNOWN,,opus_tatoeba_v2023-04-12_maori_tatoeba_raw,
tatoeba_maori_tatoeba_raw,166,8.0,pīkaokao,pīkaokao,UNKNOWN,,opus_tatoeba_v2023-04-12_maori_tatoeba_raw,
tatoeba_maori_tatoeba_raw,167,1.0,ahakoa,ahakoa,UNKNOWN,,opus_tatoeba_v2023-04-12_maori_tatoeba_raw,
tatoeba_maori_tatoeba_raw,167,2.0,he,he,UNKNOWN,,opus_tatoeba_v2023-04-12_maori_tatoeba_raw,
tatoeba_maori_tatoeba_raw,167,3.0,aha,aha,UNKNOWN,,opus_tatoeba_v2023-04-12_maori_tatoeba_raw,
tatoeba_maori_tatoeba_raw,167,4.0,ngā,ngā,UNKNOWN,,opus_tatoeba_v2023-04-12_maori_tatoeba_raw,
tatoeba_maori_tatoeba_raw,167,5.0,me,mea,UNKNOWN,,opus_tatoeba_v2023-04-12_maori_tatoeba_raw,mea
tatoeba_maori_tatoeba_raw,167,5.1,a,mea,UNKNOWN,,opus_tatoeba_v2023-04-12_maori_tatoeba_raw,mea
tatoeba_maori_tatoeba_raw,167,6.0,ka,ka,UNKNOWN,,opus_tatoeba_v2023-04-12_maori_tatoeba_raw,
tatoeba_maori_tatoeba_raw,167,7.0,pīkauria,pīkauria,UNKNOWN,,opus_tatoeba_v2023-04-12_maori_tatoeba_raw,
tatoeba_maori_tatoeba_raw,167,8.0,e,e,UNKNOWN,,opus_tatoeba_v2023-04-12_maori_tatoeba_raw,
tatoeba_maori_tatoeba_raw,167,9.0,tātou,tātou,UNKNOWN,,opus_tatoeba_v2023-04-12_maori_tatoeba_raw,
tatoeba_maori_tatoeba_raw,167,10.0,he,he,UNKNOWN,,opus_tatoeba_v2023-04-12_maori_tatoeba_raw,
tatoeba_maori_tatoeba_raw,167,11.0,me,mea,UNKNOWN,,opus_tatoeba_v2023-04-12_maori_tatoeba_raw,mea
tatoeba_maori_tatoeba_raw,167,11.1,a,mea,UNKNOWN,,opus_tatoeba_v2023-04-12_maori_tatoeba_raw,mea
tatoeba_maori_tatoeba_raw,167,12.0,nui,nui,UNKNOWN,,opus_tatoeba_v2023-04-12_maori_tatoeba_raw,
tatoeba_maori_tatoeba_raw,167,13.0,te,te,UNKNOWN,,opus_tatoeba_v2023-04-12_maori_tatoeba_raw,
tatoeba_maori_tatoeba_raw,167,14.0,pukumahitanga,pukumahitanga,UNKNOWN,,opus_tatoeba_v2023-04-12_maori_tatoeba_raw,
tatoeba_maori_tatoeba_raw,168,1.0,me,me,UNKNOWN,,opus_tatoeba_v2023-04-12_maori_tatoeba_raw,
tatoeba_maori_tatoeba_raw,168,2.0,i,i,UNKNOWN,,opus_tatoeba_v2023-04-12_maori_tatoeba_raw,
tatoeba_maori_tatoeba_raw,168,3.0,ko,kore,UNKNOWN,,opus_tatoeba_v2023-04-12_maori_tatoeba_raw,kore
tatoeba_maori_tatoeba_raw,168,3.1,re,kore,UNKNOWN,,opus_tatoeba_v2023-04-12_maori_tatoeba_raw,kore
tatoeba_maori_tatoeba_raw,168,4.0,ake,ake,UNKNOWN,,opus_tatoeba_v2023-04-12_maori_tatoeba_raw,
tatoeba_maori_tatoeba_raw,168,5.0,te,te,UNKNOWN,,opus_tatoeba_v2023-04-12_maori_tatoeba_raw,
tatoeba_maori_tatoeba_raw,168,6.0,hanga,hanga,UNKNOWN,,opus_tatoeba_v2023-04-12_maori_tatoeba_raw,
tatoeba_maori_tatoeba_raw,168,7.0,whena,whena,UNKNOWN,,opus_tatoeba_v2023-04-12_maori_tatoeba_raw,
tatoeba_maori_tatoeba_raw,168,8.0,o,o,UNKNOWN,,opus_tatoeba_v2023-04-12_maori_tatoeba_raw,
tatoeba_maori_tatoeba_raw,168,9.0,te,te,UNKNOWN,,opus_tatoeba_v2023-04-12_maori_tatoeba_raw,
tatoeba_maori_tatoeba_raw,168,10.0,wharau,wharau,UNKNOWN,,opus_tatoeba_v2023-04-12_maori_tatoeba_raw,
tatoeba_maori_tatoeba_raw,168,11.0,nei,nei,UNKNOWN,,opus_tatoeba_v2023-04-12_maori_tatoeba_raw,
tatoeba_maori_tatoeba_raw,168,12.0,kua,kua,UNKNOWN,,opus_tatoeba_v2023-04-12_maori_tatoeba_raw,
tatoeba_maori_tatoeba_raw,168,13.0,taka,taka,UNKNOWN,,opus_tatoeba_v2023-04-12_maori_tatoeba_raw,
tatoeba_maori_tatoeba_raw,168,14.0,rawa,rawa,UNKNOWN,,opus_tatoeba_v2023-04-12_maori_tatoeba_raw,
tatoeba_maori_tatoeba_raw,168,15.0,i,iho,UNKNOWN,,opus_tatoeba_v2023-04-12_maori_tatoeba_raw,iho
tatoeba_maori_tatoeba_raw,168,15.1,ho,iho,UNKNOWN,,opus_tatoeba_v2023-04-12_maori_tatoeba_raw,iho
tatoeba_maori_tatoeba_raw,168,16.0,i,i,UNKNOWN,,opus_tatoeba_v2023-04-12_maori_tatoeba_raw,
tatoeba_maori_tatoeba_raw,168,17.0,te,te,UNKNOWN,,opus_tatoeba_v2023-04-12_maori_tatoeba_raw,
tatoeba_maori_tatoeba_raw,168,18.0,ā,āwhā,UNKNOWN,,opus_tatoeba_v2023-04-12_maori_tatoeba_raw,āwhā
tatoeba_maori_tatoeba_raw,168,18.1,whā,āwhā,UNKNOWN,,opus_tatoeba_v2023-04-12_maori_tatoeba_raw,āwhā
tatoeba_maori_tatoeba_raw,168,19.0,i,i,UNKNOWN,,opus_tatoeba_v2023-04-12_maori_tatoeba_raw,
tatoeba_maori_tatoeba_raw,168,20.0,tērā,tērā,UNKNOWN,,opus_tatoeba_v2023-04-12_maori_tatoeba_raw,
tatoeba_maori_tatoeba_raw,168,21.0,pō,pō,UNKNOWN,,opus_tatoeba_v2023-04-12_maori_tatoeba_raw,
tatoeba_maori_tatoeba_raw,169,1.0,he,he,UNKNOWN,,opus_tatoeba_v2023-04-12_maori_tatoeba_raw,
tatoeba_maori_tatoeba_raw,169,2.0,me,mea,UNKNOWN,,opus_tatoeba_v2023-04-12_maori_tatoeba_raw,mea
tatoeba_maori_tatoeba_raw,169,2.1,a,mea,UNKNOWN,,opus_tatoeba_v2023-04-12_maori_tatoeba_raw,mea
tatoeba_maori_tatoeba_raw,169,3.0,tāhae,tāhae,UNKNOWN,,opus_tatoeba_v2023-04-12_maori_tatoeba_raw,
tatoeba_maori_tatoeba_raw,169,4.0,nā,nā,UNKNOWN,,opus_tatoeba_v2023-04-12_maori_tatoeba_raw,
tatoeba_maori_tatoeba_raw,169,5.0,rāuarātou,rāuarātou,UNKNOWN,,opus_tatoeba_v2023-04-12_maori_tatoeba_raw,
tatoeba_maori_tatoeba_raw,169,6.0,tana,tana,UNKNOWN,,opus_tatoeba_v2023-04-12_maori_tatoeba_raw,
tatoeba_maori_tatoeba_raw,169,7.0,ko,kopa,UNKNOWN,,opus_tatoeba_v2023-04-12_maori_tatoeba_raw,kopa
tatoeba_maori_tatoeba_raw,169,7.1,pa,kopa,UNKNOWN,,opus_tatoeba_v2023-04-12_maori_tatoeba_raw,kopa
tatoeba_maori_tatoeba_raw,169,8.0,i,i,UNKNOWN,,opus_tatoeba_v2023-04-12_maori_tatoeba_raw,
tatoeba_maori_tatoeba_raw,169,9.0,runga,runga,UNKNOWN,,opus_tatoeba_v2023-04-12_maori_tatoeba_raw,
tatoeba_maori_tatoeba_raw,169,10.0,i,i,UNKNOWN,,opus_tatoeba_v2023-04-12_maori_tatoeba_raw,
tatoeba_maori_tatoeba_raw,169,11.0,te,te,UNKNOWN,,opus_tatoeba_v2023-04-12_maori_tatoeba_raw,
tatoeba_maori_tatoeba_raw,169,12.0,te,tereina,UNKNOWN,,opus_tatoeba_v2023-04-12_maori_tatoeba_raw,tereina
tatoeba_maori_tatoeba_raw,169,12.1,reina,tereina,UNKNOWN,,opus_tatoeba_v2023-04-12_maori_tatoeba_raw,tereina
tatoeba_maori_tatoeba_raw,170,1.0,kāore,kāore,UNKNOWN,,opus_tatoeba_v2023-04-12_maori_tatoeba_raw,
tatoeba_maori_tatoeba_raw,170,2.0,a,a,UNKNOWN,,opus_tatoeba_v2023-04-12_maori_tatoeba_raw,
tatoeba_maori_tatoeba_raw,170,3.0,tom,tom,UNKNOWN,,opus_tatoeba_v2023-04-12_maori_tatoeba_raw,
tatoeba_maori_tatoeba_raw,170,4.0,i,i,UNKNOWN,,opus_tatoeba_v2023-04-12_maori_tatoeba_raw,
tatoeba_maori_tatoeba_raw,170,5.0,te,te,UNKNOWN,,opus_tatoeba_v2023-04-12_maori_tatoeba_raw,
tatoeba_maori_tatoeba_raw,170,6.0,rata,rata,UNKNOWN,,opus_tatoeba_v2023-04-12_maori_tatoeba_raw,
tatoeba_maori_tatoeba_raw,170,7.0,ki,ki,UNKNOWN,,opus_tatoeba_v2023-04-12_maori_tatoeba_raw,
tatoeba_maori_tatoeba_raw,170,8.0,tana,tana,UNKNOWN,,opus_tatoeba_v2023-04-12_maori_tatoeba_raw,
tatoeba_maori_tatoeba_raw,170,9.0,utu,utu,UNKNOWN,,opus_tatoeba_v2023-04-12_maori_tatoeba_raw,
tatoeba_maori_tatoeba_raw,170,10.0,o,o,UNKNOWN,,opus_tatoeba_v2023-04-12_maori_tatoeba_raw,
tatoeba_maori_tatoeba_raw,170,11.0,nā,nāianei,UNKNOWN,,opus_tatoeba_v2023-04-12_maori_tatoeba_raw,nāianei
tatoeba_maori_tatoeba_raw,170,11.1,ianei,nāianei,UNKNOWN,,opus_tatoeba_v2023-04-12_maori_tatoeba_raw,nāianei
tatoeba_maori_tatoeba_raw,171,1.0,me,me,UNKNOWN,,opus_tatoeba_v2023-04-12_maori_tatoeba_raw,
tatoeba_maori_tatoeba_raw,171,2.0,haere,haere,UNKNOWN,,opus_tatoeba_v2023-04-12_maori_tatoeba_raw,
tatoeba_maori_tatoeba_raw,171,3.0,au,au,UNKNOWN,,opus_tatoeba_v2023-04-12_maori_tatoeba_raw,
tatoeba_maori_tatoeba_raw,171,4.0,ki,ki,UNKNOWN,,opus_tatoeba_v2023-04-12_maori_tatoeba_raw,
tatoeba_maori_tatoeba_raw,171,5.0,te,te,UNKNOWN,,opus_tatoeba_v2023-04-12_maori_tatoeba_raw,
tatoeba_maori_tatoeba_raw,171,6.0,whare,whare,UNKNOWN,,opus_tatoeba_v2023-04-12_maori_tatoeba_raw,
tatoeba_maori_tatoeba_raw,171,7.0,paku,paku,UNKNOWN,,opus_tatoeba_v2023-04-12_maori_tatoeba_raw,
tatoeba_maori_tatoeba_raw,172,1.0,i,i,UNKNOWN,,opus_tatoeba_v2023-04-12_maori_tatoeba_raw,
tatoeba_maori_tatoeba_raw,172,2.0,kōhurutia,kōhurutia,UNKNOWN,,opus_tatoeba_v2023-04-12_maori_tatoeba_raw,
tatoeba_maori_tatoeba_raw,172,3.0,e,e,UNKNOWN,,opus_tatoeba_v2023-04-12_maori_tatoeba_raw,
tatoeba_maori_tatoeba_raw,172,4.0,mary,mary,UNKNOWN,,opus_tatoeba_v2023-04-12_maori_tatoeba_raw,
tatoeba_maori_tatoeba_raw,172,5.0,tana,tana,UNKNOWN,,opus_tatoeba_v2023-04-12_maori_tatoeba_raw,
tatoeba_maori_tatoeba_raw,172,6.0,tāne,tāne,UNKNOWN,,opus_tatoeba_v2023-04-12_maori_tatoeba_raw,
tatoeba_maori_tatoeba_raw,172,7.0,he,he,UNKNOWN,,opus_tatoeba_v2023-04-12_maori_tatoeba_raw,
tatoeba_maori_tatoeba_raw,172,8.0,tūturu,tūturu,UNKNOWN,,opus_tatoeba_v2023-04-12_maori_tatoeba_raw,
tatoeba_maori_tatoeba_raw,172,9.0,te,te,UNKNOWN,,opus_tatoeba_v2023-04-12_maori_tatoeba_raw,
tatoeba_maori_tatoeba_raw,172,10.0,kōrero,kōrero,UNKNOWN,,opus_tatoeba_v2023-04-12_maori_tatoeba_raw,
tatoeba_maori_tatoeba_raw,172,11.0,nei,nei,UNKNOWN,,opus_tatoeba_v2023-04-12_maori_tatoeba_raw,
tatoeba_maori_tatoeba_raw,173,1.0,kāore,kāore,UNKNOWN,,opus_tatoeba_v2023-04-12_maori_tatoeba_raw,
tatoeba_maori_tatoeba_raw,173,2.0,tō,tōku,UNKNOWN,,opus_tatoeba_v2023-04-12_maori_tatoeba_raw,tōku
tatoeba_maori_tatoeba_raw,173,2.1,ku,tōku,UNKNOWN,,opus_tatoeba_v2023-04-12_maori_tatoeba_raw,tōku
tatoeba_maori_tatoeba_raw,173,3.0,matua,matua,UNKNOWN,,opus_tatoeba_v2023-04-12_maori_tatoeba_raw,
tatoeba_maori_tatoeba_raw,173,4.0,i,i,UNKNOWN,,opus_tatoeba_v2023-04-12_maori_tatoeba_raw,
tatoeba_maori_tatoeba_raw,173,5.0,te,te,UNKNOWN,,opus_tatoeba_v2023-04-12_maori_tatoeba_raw,
tatoeba_maori_tatoeba_raw,173,6.0,tino,tino,UNKNOWN,,opus_tatoeba_v2023-04-12_maori_tatoeba_raw,
tatoeba_maori_tatoeba_raw,173,7.0,ka,kaha,UNKNOWN,,opus_tatoeba_v2023-04-12_maori_tatoeba_raw,kaha
tatoeba_maori_tatoeba_raw,173,7.1,ha,kaha,UNKNOWN,,opus_tatoeba_v2023-04-12_maori_tatoeba_raw,kaha
tatoeba_maori_tatoeba_raw,173,8.0,ki,ki,UNKNOWN,,opus_tatoeba_v2023-04-12_maori_tatoeba_raw,
tatoeba_maori_tatoeba_raw,173,9.0,te,te,UNKNOWN,,opus_tatoeba_v2023-04-12_maori_tatoeba_raw,
tatoeba_maori_tatoeba_raw,173,10.0,kōrero,kōrero,UNKNOWN,,opus_tatoeba_v2023-04-12_maori_tatoeba_raw,
tatoeba_maori_tatoeba_raw,174,1.0,i,i,UNKNOWN,,opus_tatoeba_v2023-04-12_maori_tatoeba_raw,
tatoeba_maori_tatoeba_raw,174,2.0,hāmūmū,hāmūmū,UNKNOWN,,opus_tatoeba_v2023-04-12_maori_tatoeba_raw,
tatoeba_maori_tatoeba_raw,174,3.0,mō,mō,UNKNOWN,,opus_tatoeba_v2023-04-12_maori_tatoeba_raw,
tatoeba_maori_tatoeba_raw,174,4.0,tētahi,tētahi,UNKNOWN,,opus_tatoeba_v2023-04-12_maori_tatoeba_raw,
tatoeba_maori_tatoeba_raw,174,5.0,wā,wā,UNKNOWN,,opus_tatoeba_v2023-04-12_maori_tatoeba_raw,
tatoeba_maori_tatoeba_raw,175,1.0,kāore,kāore,UNKNOWN,,opus_tatoeba_v2023-04-12_maori_tatoeba_raw,
tatoeba_maori_tatoeba_raw,175,2.0,ōku,ōku,UNKNOWN,,opus_tatoeba_v2023-04-12_maori_tatoeba_raw,
tatoeba_maori_tatoeba_raw,175,3.0,take,take,UNKNOWN,,opus_tatoeba_v2023-04-12_maori_tatoeba_raw,
tatoeba_maori_tatoeba_raw,176,1.0,haere,haere,UNKNOWN,,opus_tatoeba_v2023-04-12_maori_tatoeba_raw,
tatoeba_maori_tatoeba_raw,176,2.0,mai,mai,UNKNOWN,,opus_tatoeba_v2023-04-12_maori_tatoeba_raw,
tatoeba_maori_tatoeba_raw,176,3.0,ki,ki,UNKNOWN,,opus_tatoeba_v2023-04-12_maori_tatoeba_raw,
tatoeba_maori_tatoeba_raw,176,4.0,tatoeba,tatoeba,UNKNOWN,,opus_tatoeba_v2023-04-12_maori_tatoeba_raw,
tatoeba_maori_tatoeba_raw,177,1.0,ko,kotahi,UNKNOWN,,opus_tatoeba_v2023-04-12_maori_tatoeba_raw,kotahi
tatoeba_maori_tatoeba_raw,177,1.1,tahi,kotahi,UNKNOWN,,opus_tatoeba_v2023-04-12_maori_tatoeba_raw,kotahi
tatoeba_maori_tatoeba_raw,177,2.0,rau,rau,UNKNOWN,,opus_tatoeba_v2023-04-12_maori_tatoeba_raw,
tatoeba_maori_tatoeba_raw,177,3.0,e,e,UNKNOWN,,opus_tatoeba_v2023-04-12_maori_tatoeba_raw,
tatoeba_maori_tatoeba_raw,177,4.0,rima,rima,UNKNOWN,,opus_tatoeba_v2023-04-12_maori_tatoeba_raw,
tatoeba_maori_tatoeba_raw,177,5.0,te,tekau,UNKNOWN,,opus_tatoeba_v2023-04-12_maori_tatoeba_raw,tekau
tatoeba_maori_tatoeba_raw,177,5.1,kau,tekau,UNKNOWN,,opus_tatoeba_v2023-04-12_maori_tatoeba_raw,tekau
tatoeba_maori_tatoeba_raw,177,6.0,hoki,hoki,UNKNOWN,,opus_tatoeba_v2023-04-12_maori_tatoeba_raw,
tatoeba_maori_tatoeba_raw,177,7.0,ngā,ngā,UNKNOWN,,opus_tatoeba_v2023-04-12_maori_tatoeba_raw,
tatoeba_maori_tatoeba_raw,177,8.0,tāngata,tāngata,UNKNOWN,,opus_tatoeba_v2023-04-12_maori_tatoeba_raw,
tatoeba_maori_tatoeba_raw,177,9.0,i,i,UNKNOWN,,opus_tatoeba_v2023-04-12_maori_tatoeba_raw,
tatoeba_maori_tatoeba_raw,177,10.0,mate,mate,UNKNOWN,,opus_tatoeba_v2023-04-12_maori_tatoeba_raw,
tatoeba_maori_tatoeba_raw,177,11.0,i,i,UNKNOWN,,opus_tatoeba_v2023-04-12_maori_tatoeba_raw,
tatoeba_maori_tatoeba_raw,177,12.0,te,te,UNKNOWN,,opus_tatoeba_v2023-04-12_maori_tatoeba_raw,
tatoeba_maori_tatoeba_raw,177,13.0,rū,rū,UNKNOWN,,opus_tatoeba_v2023-04-12_maori_tatoeba_raw,
tatoeba_maori_tatoeba_raw,177,14.0,whenua,whenua,UNKNOWN,,opus_tatoeba_v2023-04-12_maori_tatoeba_raw,
tatoeba_maori_tatoeba_raw,178,1.0,he,he,UNKNOWN,,opus_tatoeba_v2023-04-12_maori_tatoeba_raw,
tatoeba_maori_tatoeba_raw,178,2.0,ko,koi,UNKNOWN,,opus_tatoeba_v2023-04-12_maori_tatoeba_raw,koi
tatoeba_maori_tatoeba_raw,178,2.1,i,koi,UNKNOWN,,opus_tatoeba_v2023-04-12_maori_tatoeba_raw,koi
tatoeba_maori_tatoeba_raw,178,3.0,ngā,ngā,UNKNOWN,,opus_tatoeba_v2023-04-12_maori_tatoeba_raw,
tatoeba_maori_tatoeba_raw,178,4.0,ka,karu,UNKNOWN,,opus_tatoeba_v2023-04-12_maori_tatoeba_raw,karu
tatoeba_maori_tatoeba_raw,178,4.1,ru,karu,UNKNOWN,,opus_tatoeba_v2023-04-12_maori_tatoeba_raw,karu
tatoeba_maori_tatoeba_raw,178,5.0,o,o,UNKNOWN,,opus_tatoeba_v2023-04-12_maori_tatoeba_raw,
tatoeba_maori_tatoeba_raw,178,6.0,te,te,UNKNOWN,,opus_tatoeba_v2023-04-12_maori_tatoeba_raw,
tatoeba_maori_tatoeba_raw,178,7.0,kārearea,kārearea,UNKNOWN,,opus_tatoeba_v2023-04-12_maori_tatoeba_raw,
tatoeba_maori_tatoeba_raw,179,1.0,ā,ākene,UNKNOWN,,opus_tatoeba_v2023-04-12_maori_tatoeba_raw,ākene
tatoeba_maori_tatoeba_raw,179,1.1,kene,ākene,UNKNOWN,,opus_tatoeba_v2023-04-12_maori_tatoeba_raw,ākene
tatoeba_maori_tatoeba_raw,179,2.0,pea,pea,UNKNOWN,,opus_tatoeba_v2023-04-12_maori_tatoeba_raw,
tatoeba_maori_tatoeba_raw,179,3.0,kei,kei,UNKNOWN,,opus_tatoeba_v2023-04-12_maori_tatoeba_raw,
tatoeba_maori_tatoeba_raw,179,4.0,te,te,UNKNOWN,,opus_tatoeba_v2023-04-12_maori_tatoeba_raw,
tatoeba_maori_tatoeba_raw,179,5.0,hē,hē,UNKNOWN,,opus_tatoeba_v2023-04-12_maori_tatoeba_raw,
tatoeba_maori_tatoeba_raw,179,6.0,ko,koe,UNKNOWN,,opus_tatoeba_v2023-04-12_maori_tatoeba_raw,koe
tatoeba_maori_tatoeba_raw,179,6.1,e,koe,UNKNOWN,,opus_tatoeba_v2023-04-12_maori_tatoeba_raw,koe
tatoeba_maori_tatoeba_raw,180,1.0,i,i,UNKNOWN,,opus_tatoeba_v2023-04-12_maori_tatoeba_raw,
tatoeba_maori_tatoeba_raw,180,2.0,waihotia,waihotia,UNKNOWN,,opus_tatoeba_v2023-04-12_maori_tatoeba_raw,
tatoeba_maori_tatoeba_raw,180,3.0,e,e,UNKNOWN,,opus_tatoeba_v2023-04-12_maori_tatoeba_raw,
tatoeba_maori_tatoeba_raw,180,4.0,au,au,UNKNOWN,,opus_tatoeba_v2023-04-12_maori_tatoeba_raw,
tatoeba_maori_tatoeba_raw,180,5.0,te,te,UNKNOWN,,opus_tatoeba_v2023-04-12_maori_tatoeba_raw,
tatoeba_maori_tatoeba_raw,180,6.0,tatau,tatau,UNKNOWN,,opus_tatoeba_v2023-04-12_maori_tatoeba_raw,
tatoeba_maori_tatoeba_raw,180,7.0,e,e,UNKNOWN,,opus_tatoeba_v2023-04-12_maori_tatoeba_raw,
tatoeba_maori_tatoeba_raw,180,8.0,tūwhera,tūwhera,UNKNOWN,,opus_tatoeba_v2023-04-12_maori_tatoeba_raw,
tatoeba_maori_tatoeba_raw,180,9.0,ana,ana,UNKNOWN,,opus_tatoeba_v2023-04-12_maori_tatoeba_raw,
tatoeba_maori_tatoeba_raw,181,1.0,kāore,kāore,UNKNOWN,,opus_tatoeba_v2023-04-12_maori_tatoeba_raw,
tatoeba_maori_tatoeba_raw,181,2.0,i,i,UNKNOWN,,opus_tatoeba_v2023-04-12_maori_tatoeba_raw,
tatoeba_maori_tatoeba_raw,181,3.0,harikoa,harikoa,UNKNOWN,,opus_tatoeba_v2023-04-12_maori_tatoeba_raw,
tatoeba_maori_tatoeba_raw,181,4.0,tana,tana,UNKNOWN,,opus_tatoeba_v2023-04-12_maori_tatoeba_raw,
tatoeba_maori_tatoeba_raw,181,5.0,matenga,matenga,UNKNOWN,,opus_tatoeba_v2023-04-12_maori_tatoeba_raw,
tatoeba_maori_tatoeba_raw,182,1.0,me,me,UNKNOWN,,opus_tatoeba_v2023-04-12_maori_tatoeba_raw,
tatoeba_maori_tatoeba_raw,182,2.0,utu,utu,UNKNOWN,,opus_tatoeba_v2023-04-12_maori_tatoeba_raw,
tatoeba_maori_tatoeba_raw,182,3.0,e,e,UNKNOWN,,opus_tatoeba_v2023-04-12_maori_tatoeba_raw,
tatoeba_maori_tatoeba_raw,182,4.0,ko,koe,UNKNOWN,,opus_tatoeba_v2023-04-12_maori_tatoeba_raw,koe
tatoeba_maori_tatoeba_raw,182,4.1,e,koe,UNKNOWN,,opus_tatoeba_v2023-04-12_maori_tatoeba_raw,koe
tatoeba_maori_tatoeba_raw,182,5.0,ā,āu,UNKNOWN,,opus_tatoeba_v2023-04-12_maori_tatoeba_raw,āu
tatoeba_maori_tatoeba_raw,182,5.1,u,āu,UNKNOWN,,opus_tatoeba_v2023-04-12_maori_tatoeba_raw,āu
tatoeba_maori_tatoeba_raw,182,6.0,nama,nama,UNKNOWN,,opus_tatoeba_v2023-04-12_maori_tatoeba_raw,
tatoeba_maori_tatoeba_raw,183,1.0,te,te,UNKNOWN,,opus_tatoeba_v2023-04-12_maori_tatoeba_raw,
tatoeba_maori_tatoeba_raw,183,2.0,ā,āhua,UNKNOWN,,opus_tatoeba_v2023-04-12_maori_tatoeba_raw,āhua
tatoeba_maori_tatoeba_raw,183,2.1,hua,āhua,UNKNOWN,,opus_tatoeba_v2023-04-12_maori_tatoeba_raw,āhua
tatoeba_maori_tatoeba_raw,183,3.0,nei,nei,UNKNOWN,,opus_tatoeba_v2023-04-12_maori_tatoeba_raw,
tatoeba_maori_tatoeba_raw,183,4.0,i,i,UNKNOWN,,opus_tatoeba_v2023-04-12_maori_tatoeba_raw,
tatoeba_maori_tatoeba_raw,183,5.0,ka,karo,UNKNOWN,,opus_tatoeba_v2023-04-12_maori_tatoeba_raw,karo
tatoeba_maori_tatoeba_raw,183,5.1,ro,karo,UNKNOWN,,opus_tatoeba_v2023-04-12_maori_tatoeba_raw,karo
tatoeba_maori_tatoeba_raw,183,6.0,i,ia,UNKNOWN,,opus_tatoeba_v2023-04-12_maori_tatoeba_raw,ia
tatoeba_maori_tatoeba_raw,183,6.1,a,ia,UNKNOWN,,opus_tatoeba_v2023-04-12_maori_tatoeba_raw,ia
tatoeba_maori_tatoeba_raw,183,7.0,i,i,UNKNOWN,,opus_tatoeba_v2023-04-12_maori_tatoeba_raw,
tatoeba_maori_tatoeba_raw,183,8.0,te,te,UNKNOWN,,opus_tatoeba_v2023-04-12_maori_tatoeba_raw,
tatoeba_maori_tatoeba_raw,183,9.0,tūtaki,tūtaki,UNKNOWN,,opus_tatoeba_v2023-04-12_maori_tatoeba_raw,
tatoeba_maori_tatoeba_raw,183,10.0,mai,mai,UNKNOWN,,opus_tatoeba_v2023-04-12_maori_tatoeba_raw,
tatoeba_maori_tatoeba_raw,183,11.0,ki,ki,UNKNOWN,,opus_tatoeba_v2023-04-12_maori_tatoeba_raw,
tatoeba_maori_tatoeba_raw,183,12.0,a,a,UNKNOWN,,opus_tatoeba_v2023-04-12_maori_tatoeba_raw,
tatoeba_maori_tatoeba_raw,183,13.0,au,au,UNKNOWN,,opus_tatoeba_v2023-04-12_maori_tatoeba_raw,
tatoeba_maori_tatoeba_raw,184,1.0,e,e,UNKNOWN,,opus_tatoeba_v2023-04-12_maori_tatoeba_raw,
tatoeba_maori_tatoeba_raw,184,2.0,mokemoke,mokemoke,UNKNOWN,,opus_tatoeba_v2023-04-12_maori_tatoeba_raw,
tatoeba_maori_tatoeba_raw,184,3.0,ana,ana,UNKNOWN,,opus_tatoeba_v2023-04-12_maori_tatoeba_raw,
tatoeba_maori_tatoeba_raw,184,4.0,ko,koe,UNKNOWN,,opus_tatoeba_v2023-04-12_maori_tatoeba_raw,koe
tatoeba_maori_tatoeba_raw,184,4.1,e,koe,UNKNOWN,,opus_tatoeba_v2023-04-12_maori_tatoeba_raw,koe
tatoeba_maori_tatoeba_raw,184,5.0,ki,ki,UNKNOWN,,opus_tatoeba_v2023-04-12_maori_tatoeba_raw,
tatoeba_maori_tatoeba_raw,184,6.0,a,a,UNKNOWN,,opus_tatoeba_v2023-04-12_maori_tatoeba_raw,
tatoeba_maori_tatoeba_raw,184,7.0,i,ia,UNKNOWN,,opus_tatoeba_v2023-04-12_maori_tatoeba_raw,ia
tatoeba_maori_tatoeba_raw,184,7.1,a,ia,UNKNOWN,,opus_tatoeba_v2023-04-12_maori_tatoeba_raw,ia
tatoeba_maori_tatoeba_raw,184,8.0,nē,nē,UNKNOWN,,opus_tatoeba_v2023-04-12_maori_tatoeba_raw,
tatoeba_maori_tatoeba_raw,184,9.0,rā,rā,UNKNOWN,,opus_tatoeba_v2023-04-12_maori_tatoeba_raw,
tatoeba_maori_tatoeba_raw,185,1.0,kāore,kāore,UNKNOWN,,opus_tatoeba_v2023-04-12_maori_tatoeba_raw,
tatoeba_maori_tatoeba_raw,185,2.0,he,he,UNKNOWN,,opus_tatoeba_v2023-04-12_maori_tatoeba_raw,
tatoeba_maori_tatoeba_raw,185,3.0,me,mea,UNKNOWN,,opus_tatoeba_v2023-04-12_maori_tatoeba_raw,mea
tatoeba_maori_tatoeba_raw,185,3.1,a,mea,UNKNOWN,,opus_tatoeba_v2023-04-12_maori_tatoeba_raw,mea
tatoeba_maori_tatoeba_raw,185,4.0,anō,anō,UNKNOWN,,opus_tatoeba_v2023-04-12_maori_tatoeba_raw,
tatoeba_maori_tatoeba_raw,186,1.0,maharatia,maharatia,UNKNOWN,,opus_tatoeba_v2023-04-12_maori_tatoeba_raw,
tatoeba_maori_tatoeba_raw,186,2.0,ki,ki,UNKNOWN,,opus_tatoeba_v2023-04-12_maori_tatoeba_raw,
tatoeba_maori_tatoeba_raw,186,3.0,te,te,UNKNOWN,,opus_tatoeba_v2023-04-12_maori_tatoeba_raw,
tatoeba_maori_tatoeba_raw,186,4.0,ki,kite,UNKNOWN,,opus_tatoeba_v2023-04-12_maori_tatoeba_raw,kite
tatoeba_maori_tatoeba_raw,186,4.1,te,kite,UNKNOWN,,opus_tatoeba_v2023-04-12_maori_tatoeba_raw,kite
tatoeba_maori_tatoeba_raw,186,5.0,i,i,UNKNOWN,,opus_tatoeba_v2023-04-12_maori_tatoeba_raw,
tatoeba_maori_tatoeba_raw,186,6.0,a,a,UNKNOWN,,opus_tatoeba_v2023-04-12_maori_tatoeba_raw,
tatoeba_maori_tatoeba_raw,186,7.0,i,ia,UNKNOWN,,opus_tatoeba_v2023-04-12_maori_tatoeba_raw,ia
tatoeba_maori_tatoeba_raw,186,7.1,a,ia,UNKNOWN,,opus_tatoeba_v2023-04-12_maori_tatoeba_raw,ia
tatoeba_maori_tatoeba_raw,186,8.0,ā,āpōpō,UNKNOWN,,opus_tatoeba_v2023-04-12_maori_tatoeba_raw,āpōpō
tatoeba_maori_tatoeba_raw,186,8.1,pōpō,āpōpō,UNKNOWN,,opus_tatoeba_v2023-04-12_maori_tatoeba_raw,āpōpō
tatoeba_maori_tatoeba_raw,187,1.0,e,e,UNKNOWN,,opus_tatoeba_v2023-04-12_maori_tatoeba_raw,
tatoeba_maori_tatoeba_raw,187,2.0,hia,hia,UNKNOWN,,opus_tatoeba_v2023-04-12_maori_tatoeba_raw,
tatoeba_maori_tatoeba_raw,187,3.0,te,te,UNKNOWN,,opus_tatoeba_v2023-04-12_maori_tatoeba_raw,
tatoeba_maori_tatoeba_raw,187,4.0,roa,roa,UNKNOWN,,opus_tatoeba_v2023-04-12_maori_tatoeba_raw,
tatoeba_maori_tatoeba_raw,187,5.0,o,o,UNKNOWN,,opus_tatoeba_v2023-04-12_maori_tatoeba_raw,
tatoeba_maori_tatoeba_raw,187,6.0,tā,tā,UNKNOWN,,opus_tatoeba_v2023-04-12_maori_tatoeba_raw,
tatoeba_maori_tatoeba_raw,187,7.0,tāua,tāua,UNKNOWN,,opus_tatoeba_v2023-04-12_maori_tatoeba_raw,
tatoeba_maori_tatoeba_raw,187,8.0,mā,mārenatanga,UNKNOWN,,opus_tatoeba_v2023-04-12_maori_tatoeba_raw,mārenatanga
tatoeba_maori_tatoeba_raw,187,8.1,renatanga,mārenatanga,UNKNOWN,,opus_tatoeba_v2023-04-12_maori_tatoeba_raw,mārenatanga
tatoeba_maori_tatoeba_raw,188,1.0,he,he,UNKNOWN,,opus_tatoeba_v2023-04-12_maori_tatoeba_raw,
tatoeba_maori_tatoeba_raw,188,2.0,aha,aha,UNKNOWN,,opus_tatoeba_v2023-04-12_maori_tatoeba_raw,
tatoeba_maori_tatoeba_raw,188,3.0,i,i,UNKNOWN,,opus_tatoeba_v2023-04-12_maori_tatoeba_raw,
tatoeba_maori_tatoeba_raw,188,4.0,ko,kore,UNKNOWN,,opus_tatoeba_v2023-04-12_maori_tatoeba_raw,kore
tatoeba_maori_tatoeba_raw,188,4.1,re,kore,UNKNOWN,,opus_tatoeba_v2023-04-12_maori_tatoeba_raw,kore
tatoeba_maori_tatoeba_raw,188,5.0,ai,ai,UNKNOWN,,opus_tatoeba_v2023-04-12_maori_tatoeba_raw,
tatoeba_maori_tatoeba_raw,188,6.0,ko,koe,UNKNOWN,,opus_tatoeba_v2023-04-12_maori_tatoeba_raw,koe
tatoeba_maori_tatoeba_raw,188,6.1,e,koe,UNKNOWN,,opus_tatoeba_v2023-04-12_maori_tatoeba_raw,koe
tatoeba_maori_tatoeba_raw,188,7.0,e,e,UNKNOWN,,opus_tatoeba_v2023-04-12_maori_tatoeba_raw,
tatoeba_maori_tatoeba_raw,188,8.0,tuku,tuku,UNKNOWN,,opus_tatoeba_v2023-04-12_maori_tatoeba_raw,
tatoeba_maori_tatoeba_raw,188,9.0,i,i,UNKNOWN,,opus_tatoeba_v2023-04-12_maori_tatoeba_raw,
tatoeba_maori_tatoeba_raw,188,10.0,a,a,UNKNOWN,,opus_tatoeba_v2023-04-12_maori_tatoeba_raw,
tatoeba_maori_tatoeba_raw,188,11.0,i,ia,UNKNOWN,,opus_tatoeba_v2023-04-12_maori_tatoeba_raw,ia
tatoeba_maori_tatoeba_raw,188,11.1,a,ia,UNKNOWN,,opus_tatoeba_v2023-04-12_maori_tatoeba_raw,ia
tatoeba_maori_tatoeba_raw,188,12.0,ki,kia,UNKNOWN,,opus_tatoeba_v2023-04-12_maori_tatoeba_raw,kia
tatoeba_maori_tatoeba_raw,188,12.1,a,kia,UNKNOWN,,opus_tatoeba_v2023-04-12_maori_tatoeba_raw,kia
tatoeba_maori_tatoeba_raw,188,13.0,whiriwhiri,whiriwhiri,UNKNOWN,,opus_tatoeba_v2023-04-12_maori_tatoeba_raw,
tatoeba_maori_tatoeba_raw,189,1.0,kāore,kāore,UNKNOWN,,opus_tatoeba_v2023-04-12_maori_tatoeba_raw,
tatoeba_maori_tatoeba_raw,189,2.0,he,he,UNKNOWN,,opus_tatoeba_v2023-04-12_maori_tatoeba_raw,
tatoeba_maori_tatoeba_raw,189,3.0,kōwhiringa,kōwhiringa,UNKNOWN,,opus_tatoeba_v2023-04-12_maori_tatoeba_raw,
tatoeba_maori_tatoeba_raw,189,4.0,kē,kē,UNKNOWN,,opus_tatoeba_v2023-04-12_maori_tatoeba_raw,
tatoeba_maori_tatoeba_raw,189,5.0,atu,atu,UNKNOWN,,opus_tatoeba_v2023-04-12_maori_tatoeba_raw,
tatoeba_maori_tatoeba_raw,190,1.0,me,me,UNKNOWN,,opus_tatoeba_v2023-04-12_maori_tatoeba_raw,
tatoeba_maori_tatoeba_raw,190,2.0,mahi,mahi,UNKNOWN,,opus_tatoeba_v2023-04-12_maori_tatoeba_raw,
tatoeba_maori_tatoeba_raw,190,3.0,au,au,UNKNOWN,,opus_tatoeba_v2023-04-12_maori_tatoeba_raw,
tatoeba_maori_tatoeba_raw,190,4.0,i,i,UNKNOWN,,opus_tatoeba_v2023-04-12_maori_tatoeba_raw,
tatoeba_maori_tatoeba_raw,190,5.0,tēnei,tēnei,UNKNOWN,,opus_tatoeba_v2023-04-12_maori_tatoeba_raw,
tatoeba_maori_tatoeba_raw,190,6.0,i,ināianei,UNKNOWN,,opus_tatoeba_v2023-04-12_maori_tatoeba_raw,ināianei
tatoeba_maori_tatoeba_raw,190,6.1,nāianei,ināianei,UNKNOWN,,opus_tatoeba_v2023-04-12_maori_tatoeba_raw,ināianei
tatoeba_maori_tatoeba_raw,191,1.0,i,i,UNKNOWN,,opus_tatoeba_v2023-04-12_maori_tatoeba_raw,
tatoeba_maori_tatoeba_raw,191,2.0,he,hea,UNKNOWN,,opus_tatoeba_v2023-04-12_maori_tatoeba_raw,hea
tatoeba_maori_tatoeba_raw,191,2.1,a,hea,UNKNOWN,,opus_tatoeba_v2023-04-12_maori_tatoeba_raw,hea
tatoeba_maori_tatoeba_raw,191,3.0,kē,kē,UNKNOWN,,opus_tatoeba_v2023-04-12_maori_tatoeba_raw,
tatoeba_maori_tatoeba_raw,191,4.0,ko,koe,UNKNOWN,,opus_tatoeba_v2023-04-12_maori_tatoeba_raw,koe
tatoeba_maori_tatoeba_raw,191,4.1,e,koe,UNKNOWN,,opus_tatoeba_v2023-04-12_maori_tatoeba_raw,koe
tatoeba_maori_tatoeba_raw,191,5.0,i,i,UNKNOWN,,opus_tatoeba_v2023-04-12_maori_tatoeba_raw,
tatoeba_maori_tatoeba_raw,191,6.0,tērā,tērā,UNKNOWN,,opus_tatoeba_v2023-04-12_maori_tatoeba_raw,
tatoeba_maori_tatoeba_raw,191,7.0,pō,pō,UNKNOWN,,opus_tatoeba_v2023-04-12_maori_tatoeba_raw,
tatoeba_maori_tatoeba_raw,191,8.0,<EMPTY>,<EMPTY>,UNKNOWN,,opus_tatoeba_v2023-04-12_maori_tatoeba_raw,
tatoeba_maori_tatoeba_raw,192,1.0,i,i,UNKNOWN,,opus_tatoeba_v2023-04-12_maori_tatoeba_raw,
tatoeba_maori_tatoeba_raw,192,2.0,tērā,tērā,UNKNOWN,,opus_tatoeba_v2023-04-12_maori_tatoeba_raw,
tatoeba_maori_tatoeba_raw,192,3.0,wiki,wiki,UNKNOWN,,opus_tatoeba_v2023-04-12_maori_tatoeba_raw,
tatoeba_maori_tatoeba_raw,192,4.0,tō,tōku,UNKNOWN,,opus_tatoeba_v2023-04-12_maori_tatoeba_raw,tōku
tatoeba_maori_tatoeba_raw,192,4.1,ku,tōku,UNKNOWN,,opus_tatoeba_v2023-04-12_maori_tatoeba_raw,tōku
tatoeba_maori_tatoeba_raw,192,5.0,whaea,whaea,UNKNOWN,,opus_tatoeba_v2023-04-12_maori_tatoeba_raw,
tatoeba_maori_tatoeba_raw,192,6.0,i,i,UNKNOWN,,opus_tatoeba_v2023-04-12_maori_tatoeba_raw,
tatoeba_maori_tatoeba_raw,192,7.0,pāngia,pāngia,UNKNOWN,,opus_tatoeba_v2023-04-12_maori_tatoeba_raw,
tatoeba_maori_tatoeba_raw,192,8.0,ai,ai,UNKNOWN,,opus_tatoeba_v2023-04-12_maori_tatoeba_raw,
tatoeba_maori_tatoeba_raw,192,9.0,e,e,UNKNOWN,,opus_tatoeba_v2023-04-12_maori_tatoeba_raw,
tatoeba_maori_tatoeba_raw,192,10.0,te,te,UNKNOWN,,opus_tatoeba_v2023-04-12_maori_tatoeba_raw,
tatoeba_maori_tatoeba_raw,192,11.0,whurū,whurū,UNKNOWN,,opus_tatoeba_v2023-04-12_maori_tatoeba_raw,
tatoeba_maori_tatoeba_raw,193,1.0,kāore,kāore,UNKNOWN,,opus_tatoeba_v2023-04-12_maori_tatoeba_raw,
tatoeba_maori_tatoeba_raw,193,2.0,au,au,UNKNOWN,,opus_tatoeba_v2023-04-12_maori_tatoeba_raw,
tatoeba_maori_tatoeba_raw,193,3.0,i,i,UNKNOWN,,opus_tatoeba_v2023-04-12_maori_tatoeba_raw,
tatoeba_maori_tatoeba_raw,193,4.0,te,te,UNKNOWN,,opus_tatoeba_v2023-04-12_maori_tatoeba_raw,
tatoeba_maori_tatoeba_raw,193,5.0,hiahia,hiahia,UNKNOWN,,opus_tatoeba_v2023-04-12_maori_tatoeba_raw,
tatoeba_maori_tatoeba_raw,193,6.0,ki,kia,UNKNOWN,,opus_tatoeba_v2023-04-12_maori_tatoeba_raw,kia
tatoeba_maori_tatoeba_raw,193,6.1,a,kia,UNKNOWN,,opus_tatoeba_v2023-04-12_maori_tatoeba_raw,kia
tatoeba_maori_tatoeba_raw,193,7.0,ā,āwangawanga,UNKNOWN,,opus_tatoeba_v2023-04-12_maori_tatoeba_raw,āwangawanga
tatoeba_maori_tatoeba_raw,193,7.1,wangawanga,āwangawanga,UNKNOWN,,opus_tatoeba_v2023-04-12_maori_tatoeba_raw,āwangawanga
tatoeba_maori_tatoeba_raw,193,8.0,tō,tōku,UNKNOWN,,opus_tatoeba_v2023-04-12_maori_tatoeba_raw,tōku
tatoeba_maori_tatoeba_raw,193,8.1,ku,tōku,UNKNOWN,,opus_tatoeba_v2023-04-12_maori_tatoeba_raw,tōku
tatoeba_maori_tatoeba_raw,193,9.0,whaea,whaea,UNKNOWN,,opus_tatoeba_v2023-04-12_maori_tatoeba_raw,
tatoeba_maori_tatoeba_raw,194,1.0,kāore,kāore,UNKNOWN,,opus_tatoeba_v2023-04-12_maori_tatoeba_raw,
tatoeba_maori_tatoeba_raw,194,2.0,he,he,UNKNOWN,,opus_tatoeba_v2023-04-12_maori_tatoeba_raw,
tatoeba_maori_tatoeba_raw,194,3.0,wahine,wahine,UNKNOWN,,opus_tatoeba_v2023-04-12_maori_tatoeba_raw,
tatoeba_maori_tatoeba_raw,194,4.0,pērā,pērā,UNKNOWN,,opus_tatoeba_v2023-04-12_maori_tatoeba_raw,
tatoeba_maori_tatoeba_raw,194,5.0,rawa,rawa,UNKNOWN,,opus_tatoeba_v2023-04-12_maori_tatoeba_raw,
tatoeba_maori_tatoeba_raw,194,6.0,i,i,UNKNOWN,,opus_tatoeba_v2023-04-12_maori_tatoeba_raw,
tatoeba_maori_tatoeba_raw,194,7.0,a,a,UNKNOWN,,opus_tatoeba_v2023-04-12_maori_tatoeba_raw,
tatoeba_maori_tatoeba_raw,194,8.0,i,ia,UNKNOWN,,opus_tatoeba_v2023-04-12_maori_tatoeba_raw,ia
tatoeba_maori_tatoeba_raw,194,8.1,a,ia,UNKNOWN,,opus_tatoeba_v2023-04-12_maori_tatoeba_raw,ia
tatoeba_maori_tatoeba_raw,194,9.0,te,te,UNKNOWN,,opus_tatoeba_v2023-04-12_maori_tatoeba_raw,
tatoeba_maori_tatoeba_raw,194,10.0,whakahīhī,whakahīhī,UNKNOWN,,opus_tatoeba_v2023-04-12_maori_tatoeba_raw,
tatoeba_maori_tatoeba_raw,194,11.0,i,i,UNKNOWN,,opus_tatoeba_v2023-04-12_maori_tatoeba_raw,
tatoeba_maori_tatoeba_raw,194,12.0,roto,roto,UNKNOWN,,opus_tatoeba_v2023-04-12_maori_tatoeba_raw,
tatoeba_maori_tatoeba_raw,194,13.0,i,i,UNKNOWN,,opus_tatoeba_v2023-04-12_maori_tatoeba_raw,
tatoeba_maori_tatoeba_raw,194,14.0,tā,tā,UNKNOWN,,opus_tatoeba_v2023-04-12_maori_tatoeba_raw,
tatoeba_maori_tatoeba_raw,194,15.0,mā,mātou,UNKNOWN,,opus_tatoeba_v2023-04-12_maori_tatoeba_raw,mātou
tatoeba_maori_tatoeba_raw,194,15.1,tou,mātou,UNKNOWN,,opus_tatoeba_v2023-04-12_maori_tatoeba_raw,mātou
tatoeba_maori_tatoeba_raw,194,16.0,ka,kamupene,UNKNOWN,,opus_tatoeba_v2023-04-12_maori_tatoeba_raw,kamupene
tatoeba_maori_tatoeba_raw,194,16.1,mupene,kamupene,UNKNOWN,,opus_tatoeba_v2023-04-12_maori_tatoeba_raw,kamupene
tatoeba_maori_tatoeba_raw,195,1.0,ka,ka,UNKNOWN,,opus_tatoeba_v2023-04-12_maori_tatoeba_raw,
tatoeba_maori_tatoeba_raw,195,2.0,mahue,mahue,UNKNOWN,,opus_tatoeba_v2023-04-12_maori_tatoeba_raw,
tatoeba_maori_tatoeba_raw,195,3.0,pea,pea,UNKNOWN,,opus_tatoeba_v2023-04-12_maori_tatoeba_raw,
tatoeba_maori_tatoeba_raw,195,4.0,taku,taku,UNKNOWN,,opus_tatoeba_v2023-04-12_maori_tatoeba_raw,
tatoeba_maori_tatoeba_raw,195,5.0,whakamōhio,whakamōhio,UNKNOWN,,opus_tatoeba_v2023-04-12_maori_tatoeba_raw,
tatoeba_maori_tatoeba_raw,195,6.0,atu,atu,UNKNOWN,,opus_tatoeba_v2023-04-12_maori_tatoeba_raw,
tatoeba_maori_tatoeba_raw,195,7.0,ki,ki,UNKNOWN,,opus_tatoeba_v2023-04-12_maori_tatoeba_raw,
tatoeba_maori_tatoeba_raw,195,8.0,a,a,UNKNOWN,,opus_tatoeba_v2023-04-12_maori_tatoeba_raw,
tatoeba_maori_tatoeba_raw,195,9.0,i,ia,UNKNOWN,,opus_tatoeba_v2023-04-12_maori_tatoeba_raw,ia
tatoeba_maori_tatoeba_raw,195,9.1,a,ia,UNKNOWN,,opus_tatoeba_v2023-04-12_maori_tatoeba_raw,ia
tatoeba_maori_tatoeba_raw,196,1.0,he,he,UNKNOWN,,opus_tatoeba_v2023-04-12_maori_tatoeba_raw,
tatoeba_maori_tatoeba_raw,196,2.0,aha,aha,UNKNOWN,,opus_tatoeba_v2023-04-12_maori_tatoeba_raw,
tatoeba_maori_tatoeba_raw,196,3.0,te,te,UNKNOWN,,opus_tatoeba_v2023-04-12_maori_tatoeba_raw,
tatoeba_maori_tatoeba_raw,196,4.0,wā,wā,UNKNOWN,,opus_tatoeba_v2023-04-12_maori_tatoeba_raw,
tatoeba_maori_tatoeba_raw,196,5.0,me,me,UNKNOWN,,opus_tatoeba_v2023-04-12_maori_tatoeba_raw,
tatoeba_maori_tatoeba_raw,196,6.0,whakamōhio,whakamōhio,UNKNOWN,,opus_tatoeba_v2023-04-12_maori_tatoeba_raw,
tatoeba_maori_tatoeba_raw,196,7.0,atu,atu,UNKNOWN,,opus_tatoeba_v2023-04-12_maori_tatoeba_raw,
tatoeba_maori_tatoeba_raw,196,8.0,tāua,tāua,UNKNOWN,,opus_tatoeba_v2023-04-12_maori_tatoeba_raw,
tatoeba_maori_tatoeba_raw,196,9.0,ki,ki,UNKNOWN,,opus_tatoeba_v2023-04-12_maori_tatoeba_raw,
tatoeba_maori_tatoeba_raw,196,10.0,a,a,UNKNOWN,,opus_tatoeba_v2023-04-12_maori_tatoeba_raw,
tatoeba_maori_tatoeba_raw,196,11.0,i,ia,UNKNOWN,,opus_tatoeba_v2023-04-12_maori_tatoeba_raw,ia
tatoeba_maori_tatoeba_raw,196,11.1,a,ia,UNKNOWN,,opus_tatoeba_v2023-04-12_maori_tatoeba_raw,ia
tatoeba_maori_tatoeba_raw,197,1.0,e,e,UNKNOWN,,opus_tatoeba_v2023-04-12_maori_tatoeba_raw,
tatoeba_maori_tatoeba_raw,197,2.0,mā,mā,UNKNOWN,,opus_tatoeba_v2023-04-12_maori_tatoeba_raw,
tatoeba_maori_tatoeba_raw,197,3.0,ana,ana,UNKNOWN,,opus_tatoeba_v2023-04-12_maori_tatoeba_raw,
tatoeba_maori_tatoeba_raw,197,4.0,te,te,UNKNOWN,,opus_tatoeba_v2023-04-12_maori_tatoeba_raw,
tatoeba_maori_tatoeba_raw,197,5.0,wāhi,wāhi,UNKNOWN,,opus_tatoeba_v2023-04-12_maori_tatoeba_raw,
tatoeba_maori_tatoeba_raw,198,1.0,kua,kua,UNKNOWN,,opus_tatoeba_v2023-04-12_maori_tatoeba_raw,
tatoeba_maori_tatoeba_raw,198,2.0,rua,rua,UNKNOWN,,opus_tatoeba_v2023-04-12_maori_tatoeba_raw,
tatoeba_maori_tatoeba_raw,198,3.0,ngā,ngā,UNKNOWN,,opus_tatoeba_v2023-04-12_maori_tatoeba_raw,
tatoeba_maori_tatoeba_raw,198,4.0,rā,rā,UNKNOWN,,opus_tatoeba_v2023-04-12_maori_tatoeba_raw,
tatoeba_maori_tatoeba_raw,198,5.0,kua,kua,UNKNOWN,,opus_tatoeba_v2023-04-12_maori_tatoeba_raw,
tatoeba_maori_tatoeba_raw,198,6.0,ko,kore,UNKNOWN,,opus_tatoeba_v2023-04-12_maori_tatoeba_raw,kore
tatoeba_maori_tatoeba_raw,198,6.1,re,kore,UNKNOWN,,opus_tatoeba_v2023-04-12_maori_tatoeba_raw,kore
tatoeba_maori_tatoeba_raw,198,7.0,au,au,UNKNOWN,,opus_tatoeba_v2023-04-12_maori_tatoeba_raw,
tatoeba_maori_tatoeba_raw,198,8.0,e,e,UNKNOWN,,opus_tatoeba_v2023-04-12_maori_tatoeba_raw,
tatoeba_maori_tatoeba_raw,198,9.0,moe,moe,UNKNOWN,,opus_tatoeba_v2023-04-12_maori_tatoeba_raw,
tatoeba_maori_tatoeba_raw,199,1.0,ka,kaua,UNKNOWN,,opus_tatoeba_v2023-04-12_maori_tatoeba_raw,kaua
tatoeba_maori_tatoeba_raw,199,1.1,ua,kaua,UNKNOWN,,opus_tatoeba_v2023-04-12_maori_tatoeba_raw,kaua
tatoeba_maori_tatoeba_raw,199,2.0,rawa,rawa,UNKNOWN,,opus_tatoeba_v2023-04-12_maori_tatoeba_raw,
tatoeba_maori_tatoeba_raw,199,3.0,ko,koe,UNKNOWN,,opus_tatoeba_v2023-04-12_maori_tatoeba_raw,koe
tatoeba_maori_tatoeba_raw,199,3.1,e,koe,UNKNOWN,,opus_tatoeba_v2023-04-12_maori_tatoeba_raw,koe
tatoeba_maori_tatoeba_raw,199,4.0,e,e,UNKNOWN,,opus_tatoeba_v2023-04-12_maori_tatoeba_raw,
tatoeba_maori_tatoeba_raw,199,5.0,whakautu,whakautu,UNKNOWN,,opus_tatoeba_v2023-04-12_maori_tatoeba_raw,
tatoeba_maori_tatoeba_raw,199,6.0,i,i,UNKNOWN,,opus_tatoeba_v2023-04-12_maori_tatoeba_raw,
tatoeba_maori_tatoeba_raw,199,7.0,tērā,tērā,UNKNOWN,,opus_tatoeba_v2023-04-12_maori_tatoeba_raw,
tatoeba_maori_tatoeba_raw,200,1.0,nā,nā,UNKNOWN,,opus_tatoeba_v2023-04-12_maori_tatoeba_raw,
tatoeba_maori_tatoeba_raw,200,2.0,te,te,UNKNOWN,,opus_tatoeba_v2023-04-12_maori_tatoeba_raw,
tatoeba_maori_tatoeba_raw,200,3.0,ā,āwhā,UNKNOWN,,opus_tatoeba_v2023-04-12_maori_tatoeba_raw,āwhā
tatoeba_maori_tatoeba_raw,200,3.1,whā,āwhā,UNKNOWN,,opus_tatoeba_v2023-04-12_maori_tatoeba_raw,āwhā
tatoeba_maori_tatoeba_raw,200,4.0,rāuarātou,rāuarātou,UNKNOWN,,opus_tatoeba_v2023-04-12_maori_tatoeba_raw,
tatoeba_maori_tatoeba_raw,200,5.0,i,i,UNKNOWN,,opus_tatoeba_v2023-04-12_maori_tatoeba_raw,
tatoeba_maori_tatoeba_raw,200,6.0,tae,tae,UNKNOWN,,opus_tatoeba_v2023-04-12_maori_tatoeba_raw,
tatoeba_maori_tatoeba_raw,200,7.0,tō,tōmuri,UNKNOWN,,opus_tatoeba_v2023-04-12_maori_tatoeba_raw,tōmuri
tatoeba_maori_tatoeba_raw,200,7.1,muri,tōmuri,UNKNOWN,,opus_tatoeba_v2023-04-12_maori_tatoeba_raw,tōmuri
tatoeba_maori_tatoeba_raw,200,8.0,mai,mai,UNKNOWN,,opus_tatoeba_v2023-04-12_maori_tatoeba_raw,
tatoeba_maori_tatoeba_raw,200,9.0,ai,ai,UNKNOWN,,opus_tatoeba_v2023-04-12_maori_tatoeba_raw,
tatoeba_maori_tatoeba_raw,201,1.0,he,he,UNKNOWN,,opus_tatoeba_v2023-04-12_maori_tatoeba_raw,
tatoeba_maori_tatoeba_raw,201,2.0,uaua,uaua,UNKNOWN,,opus_tatoeba_v2023-04-12_maori_tatoeba_raw,
tatoeba_maori_tatoeba_raw,201,3.0,tonu,tonu,UNKNOWN,,opus_tatoeba_v2023-04-12_maori_tatoeba_raw,
tatoeba_maori_tatoeba_raw,201,4.0,te,te,UNKNOWN,,opus_tatoeba_v2023-04-12_maori_tatoeba_raw,
tatoeba_maori_tatoeba_raw,201,5.0,hanga,hanga,UNKNOWN,,opus_tatoeba_v2023-04-12_maori_tatoeba_raw,
tatoeba_maori_tatoeba_raw,201,6.0,i,i,UNKNOWN,,opus_tatoeba_v2023-04-12_maori_tatoeba_raw,
tatoeba_maori_tatoeba_raw,201,7.0,tētahi,tētahi,UNKNOWN,,opus_tatoeba_v2023-04-12_maori_tatoeba_raw,
tatoeba_maori_tatoeba_raw,201,8.0,wati,wati,UNKNOWN,,opus_tatoeba_v2023-04-12_maori_tatoeba_raw,
tatoeba_maori_tatoeba_raw,202,1.0,e,e,UNKNOWN,,opus_tatoeba_v2023-04-12_maori_tatoeba_raw,
tatoeba_maori_tatoeba_raw,202,2.0,tika,tika,UNKNOWN,,opus_tatoeba_v2023-04-12_maori_tatoeba_raw,
tatoeba_maori_tatoeba_raw,202,3.0,ana,ana,UNKNOWN,,opus_tatoeba_v2023-04-12_maori_tatoeba_raw,
tatoeba_maori_tatoeba_raw,202,4.0,ki,kia,UNKNOWN,,opus_tatoeba_v2023-04-12_maori_tatoeba_raw,kia
tatoeba_maori_tatoeba_raw,202,4.1,a,kia,UNKNOWN,,opus_tatoeba_v2023-04-12_maori_tatoeba_raw,kia
tatoeba_maori_tatoeba_raw,202,5.0,tautohetohetia,tautohetohetia,UNKNOWN,,opus_tatoeba_v2023-04-12_maori_tatoeba_raw,
tatoeba_maori_tatoeba_raw,202,6.0,tērā,tērā,UNKNOWN,,opus_tatoeba_v2023-04-12_maori_tatoeba_raw,
tatoeba_maori_tatoeba_raw,202,7.0,raruraru,raruraru,UNKNOWN,,opus_tatoeba_v2023-04-12_maori_tatoeba_raw,
tatoeba_maori_tatoeba_raw,203,1.0,he,he,UNKNOWN,,opus_tatoeba_v2023-04-12_maori_tatoeba_raw,
tatoeba_maori_tatoeba_raw,203,2.0,hoa,hoa,UNKNOWN,,opus_tatoeba_v2023-04-12_maori_tatoeba_raw,
tatoeba_maori_tatoeba_raw,203,3.0,tūturu,tūturu,UNKNOWN,,opus_tatoeba_v2023-04-12_maori_tatoeba_raw,
tatoeba_maori_tatoeba_raw,203,4.0,a,a,UNKNOWN,,opus_tatoeba_v2023-04-12_maori_tatoeba_raw,
tatoeba_maori_tatoeba_raw,203,5.0,tom,tom,UNKNOWN,,opus_tatoeba_v2023-04-12_maori_tatoeba_raw,
tatoeba_maori_tatoeba_raw,203,6.0,rāua,rāua,UNKNOWN,,opus_tatoeba_v2023-04-12_maori_tatoeba_raw,
tatoeba_maori_tatoeba_raw,203,7.0,ko,ko,UNKNOWN,,opus_tatoeba_v2023-04-12_maori_tatoeba_raw,
tatoeba_maori_tatoeba_raw,203,8.0,mary,mary,UNKNOWN,,opus_tatoeba_v2023-04-12_maori_tatoeba_raw,
tatoeba_maori_tatoeba_raw,204,1.0,i,i,UNKNOWN,,opus_tatoeba_v2023-04-12_maori_tatoeba_raw,
tatoeba_maori_tatoeba_raw,204,2.0,o,okaina,UNKNOWN,,opus_tatoeba_v2023-04-12_maori_tatoeba_raw,okaina
tatoeba_maori_tatoeba_raw,204,2.1,kaina,okaina,UNKNOWN,,opus_tatoeba_v2023-04-12_maori_tatoeba_raw,okaina
tatoeba_maori_tatoeba_raw,204,3.0,i,ia,UNKNOWN,,opus_tatoeba_v2023-04-12_maori_tatoeba_raw,ia
tatoeba_maori_tatoeba_raw,204,3.1,a,ia,UNKNOWN,,opus_tatoeba_v2023-04-12_maori_tatoeba_raw,ia
tatoeba_maori_tatoeba_raw,204,4.0,e,e,UNKNOWN,,opus_tatoeba_v2023-04-12_maori_tatoeba_raw,
tatoeba_maori_tatoeba_raw,204,5.0,i,ia,UNKNOWN,,opus_tatoeba_v2023-04-12_maori_tatoeba_raw,ia
tatoeba_maori_tatoeba_raw,204,5.1,a,ia,UNKNOWN,,opus_tatoeba_v2023-04-12_maori_tatoeba_raw,ia
tatoeba_maori_tatoeba_raw,204,6.0,ki,ki,UNKNOWN,,opus_tatoeba_v2023-04-12_maori_tatoeba_raw,
tatoeba_maori_tatoeba_raw,204,7.0,tētahi,tētahi,UNKNOWN,,opus_tatoeba_v2023-04-12_maori_tatoeba_raw,
tatoeba_maori_tatoeba_raw,204,8.0,tao,tao,UNKNOWN,,opus_tatoeba_v2023-04-12_maori_tatoeba_raw,
tatoeba_maori_tatoeba_raw,204,9.0,kōura,kōura,UNKNOWN,,opus_tatoeba_v2023-04-12_maori_tatoeba_raw,
tatoeba_maori_tatoeba_raw,205,1.0,i,i,UNKNOWN,,opus_tatoeba_v2023-04-12_maori_tatoeba_raw,
tatoeba_maori_tatoeba_raw,205,2.0,pā,pā,UNKNOWN,,opus_tatoeba_v2023-04-12_maori_tatoeba_raw,
tatoeba_maori_tatoeba_raw,205,3.0,atu,atu,UNKNOWN,,opus_tatoeba_v2023-04-12_maori_tatoeba_raw,
tatoeba_maori_tatoeba_raw,205,4.0,tētahi,tētahi,UNKNOWN,,opus_tatoeba_v2023-04-12_maori_tatoeba_raw,
tatoeba_maori_tatoeba_raw,205,5.0,ki,ki,UNKNOWN,,opus_tatoeba_v2023-04-12_maori_tatoeba_raw,
tatoeba_maori_tatoeba_raw,205,6.0,tō,tōna,UNKNOWN,,opus_tatoeba_v2023-04-12_maori_tatoeba_raw,tōna
tatoeba_maori_tatoeba_raw,205,6.1,na,tōna,UNKNOWN,,opus_tatoeba_v2023-04-12_maori_tatoeba_raw,tōna
tatoeba_maori_tatoeba_raw,205,7.0,tuarā,tuarā,UNKNOWN,,opus_tatoeba_v2023-04-12_maori_tatoeba_raw,
tatoeba_maori_tatoeba_raw,206,1.0,he,he,UNKNOWN,,opus_tatoeba_v2023-04-12_maori_tatoeba_raw,
tatoeba_maori_tatoeba_raw,206,2.0,aha,aha,UNKNOWN,,opus_tatoeba_v2023-04-12_maori_tatoeba_raw,
tatoeba_maori_tatoeba_raw,206,3.0,tō,tō,UNKNOWN,,opus_tatoeba_v2023-04-12_maori_tatoeba_raw,
tatoeba_maori_tatoeba_raw,206,4.0,tino,tino,UNKNOWN,,opus_tatoeba_v2023-04-12_maori_tatoeba_raw,
tatoeba_maori_tatoeba_raw,206,5.0,pepeha,pepeha,UNKNOWN,,opus_tatoeba_v2023-04-12_maori_tatoeba_raw,
tatoeba_maori_tatoeba_raw,207,1.0,he,he,UNKNOWN,,opus_tatoeba_v2023-04-12_maori_tatoeba_raw,
tatoeba_maori_tatoeba_raw,207,2.0,tangata,tangata,UNKNOWN,,opus_tatoeba_v2023-04-12_maori_tatoeba_raw,
tatoeba_maori_tatoeba_raw,207,3.0,tino,tino,UNKNOWN,,opus_tatoeba_v2023-04-12_maori_tatoeba_raw,
tatoeba_maori_tatoeba_raw,207,4.0,pai,pai,UNKNOWN,,opus_tatoeba_v2023-04-12_maori_tatoeba_raw,
tatoeba_maori_tatoeba_raw,207,5.0,a,a,UNKNOWN,,opus_tatoeba_v2023-04-12_maori_tatoeba_raw,
tatoeba_maori_tatoeba_raw,207,6.0,hideyo,hideyo,UNKNOWN,,opus_tatoeba_v2023-04-12_maori_tatoeba_raw,
tatoeba_maori_tatoeba_raw,207,7.0,noguchi,noguchi,UNKNOWN,,opus_tatoeba_v2023-04-12_maori_tatoeba_raw,
tatoeba_maori_tatoeba_raw,207,8.0,i,i,UNKNOWN,,opus_tatoeba_v2023-04-12_maori_tatoeba_raw,
tatoeba_maori_tatoeba_raw,207,9.0,tō,tōna,UNKNOWN,,opus_tatoeba_v2023-04-12_maori_tatoeba_raw,tōna
tatoeba_maori_tatoeba_raw,207,9.1,na,tōna,UNKNOWN,,opus_tatoeba_v2023-04-12_maori_tatoeba_raw,tōna
tatoeba_maori_tatoeba_raw,207,10.0,wā,wā,UNKNOWN,,opus_tatoeba_v2023-04-12_maori_tatoeba_raw,
tatoeba_maori_tatoeba_raw,208,1.0,te,te,UNKNOWN,,opus_tatoeba_v2023-04-12_maori_tatoeba_raw,
tatoeba_maori_tatoeba_raw,208,2.0,haunga,haunga,UNKNOWN,,opus_tatoeba_v2023-04-12_maori_tatoeba_raw,
tatoeba_maori_tatoeba_raw,208,3.0,hoki,hoki,UNKNOWN,,opus_tatoeba_v2023-04-12_maori_tatoeba_raw,
tatoeba_maori_tatoeba_raw,208,4.0,o,o,UNKNOWN,,opus_tatoeba_v2023-04-12_maori_tatoeba_raw,
tatoeba_maori_tatoeba_raw,208,5.0,tērā,tērā,UNKNOWN,,opus_tatoeba_v2023-04-12_maori_tatoeba_raw,
tatoeba_maori_tatoeba_raw,209,1.0,ka,ka,UNKNOWN,,opus_tatoeba_v2023-04-12_maori_tatoeba_raw,
tatoeba_maori_tatoeba_raw,209,2.0,whakatūwheratia,whakatūwheratia,UNKNOWN,,opus_tatoeba_v2023-04-12_maori_tatoeba_raw,
tatoeba_maori_tatoeba_raw,209,3.0,e,e,UNKNOWN,,opus_tatoeba_v2023-04-12_maori_tatoeba_raw,
tatoeba_maori_tatoeba_raw,209,4.0,au,au,UNKNOWN,,opus_tatoeba_v2023-04-12_maori_tatoeba_raw,
tatoeba_maori_tatoeba_raw,209,5.0,te,te,UNKNOWN,,opus_tatoeba_v2023-04-12_maori_tatoeba_raw,
tatoeba_maori_tatoeba_raw,209,6.0,matapihi,matapihi,UNKNOWN,,opus_tatoeba_v2023-04-12_maori_tatoeba_raw,
tatoeba_maori_tatoeba_raw,209,7.0,ki,kia,UNKNOWN,,opus_tatoeba_v2023-04-12_maori_tatoeba_raw,kia
tatoeba_maori_tatoeba_raw,209,7.1,a,kia,UNKNOWN,,opus_tatoeba_v2023-04-12_maori_tatoeba_raw,kia
tatoeba_maori_tatoeba_raw,209,8.0,uru,uru,UNKNOWN,,opus_tatoeba_v2023-04-12_maori_tatoeba_raw,
tatoeba_maori_tatoeba_raw,209,9.0,mai,mai,UNKNOWN,,opus_tatoeba_v2023-04-12_maori_tatoeba_raw,
tatoeba_maori_tatoeba_raw,209,10.0,ai,ai,UNKNOWN,,opus_tatoeba_v2023-04-12_maori_tatoeba_raw,
tatoeba_maori_tatoeba_raw,209,11.0,he,he,UNKNOWN,,opus_tatoeba_v2023-04-12_maori_tatoeba_raw,
tatoeba_maori_tatoeba_raw,209,12.0,hau,hau,UNKNOWN,,opus_tatoeba_v2023-04-12_maori_tatoeba_raw,
tatoeba_maori_tatoeba_raw,210,1.0,i,i,UNKNOWN,,opus_tatoeba_v2023-04-12_maori_tatoeba_raw,
tatoeba_maori_tatoeba_raw,210,2.0,te,te,UNKNOWN,,opus_tatoeba_v2023-04-12_maori_tatoeba_raw,
tatoeba_maori_tatoeba_raw,210,3.0,ngaro,ngaro,UNKNOWN,,opus_tatoeba_v2023-04-12_maori_tatoeba_raw,
tatoeba_maori_tatoeba_raw,210,4.0,au,au,UNKNOWN,,opus_tatoeba_v2023-04-12_maori_tatoeba_raw,
tatoeba_maori_tatoeba_raw,210,5.0,mō,mō,UNKNOWN,,opus_tatoeba_v2023-04-12_maori_tatoeba_raw,
tatoeba_maori_tatoeba_raw,210,6.0,te,te,UNKNOWN,,opus_tatoeba_v2023-04-12_maori_tatoeba_raw,
tatoeba_maori_tatoeba_raw,210,7.0,rima,rima,UNKNOWN,,opus_tatoeba_v2023-04-12_maori_tatoeba_raw,
tatoeba_maori_tatoeba_raw,210,8.0,mēneti,mēneti,UNKNOWN,,opus_tatoeba_v2023-04-12_maori_tatoeba_raw,
tatoeba_maori_tatoeba_raw,211,1.0,e,e,UNKNOWN,,opus_tatoeba_v2023-04-12_maori_tatoeba_raw,
tatoeba_maori_tatoeba_raw,211,2.0,hiahia,hiahia,UNKNOWN,,opus_tatoeba_v2023-04-12_maori_tatoeba_raw,
tatoeba_maori_tatoeba_raw,211,3.0,ana,ana,UNKNOWN,,opus_tatoeba_v2023-04-12_maori_tatoeba_raw,
tatoeba_maori_tatoeba_raw,211,4.0,ahau,ahau,UNKNOWN,,opus_tatoeba_v2023-04-12_maori_tatoeba_raw,
tatoeba_maori_tatoeba_raw,211,5.0,ki,ki,UNKNOWN,,opus_tatoeba_v2023-04-12_maori_tatoeba_raw,
tatoeba_maori_tatoeba_raw,211,6.0,te,te,UNKNOWN,,opus_tatoeba_v2023-04-12_maori_tatoeba_raw,
tatoeba_maori_tatoeba_raw,211,7.0,mōhio,mōhio,UNKNOWN,,opus_tatoeba_v2023-04-12_maori_tatoeba_raw,
tatoeba_maori_tatoeba_raw,211,8.0,nā,nā,UNKNOWN,,opus_tatoeba_v2023-04-12_maori_tatoeba_raw,
tatoeba_maori_tatoeba_raw,211,9.0,wai,wai,UNKNOWN,,opus_tatoeba_v2023-04-12_maori_tatoeba_raw,
tatoeba_maori_tatoeba_raw,211,10.0,tērā,tērā,UNKNOWN,,opus_tatoeba_v2023-04-12_maori_tatoeba_raw,
tatoeba_maori_tatoeba_raw,211,11.0,mahi,mahi,UNKNOWN,,opus_tatoeba_v2023-04-12_maori_tatoeba_raw,
tatoeba_maori_tatoeba_raw,212,1.0,ko,ko,UNKNOWN,,opus_tatoeba_v2023-04-12_maori_tatoeba_raw,
tatoeba_maori_tatoeba_raw,212,2.0,mary,mary,UNKNOWN,,opus_tatoeba_v2023-04-12_maori_tatoeba_raw,
tatoeba_maori_tatoeba_raw,212,3.0,te,te,UNKNOWN,,opus_tatoeba_v2023-04-12_maori_tatoeba_raw,
tatoeba_maori_tatoeba_raw,212,4.0,mā,mātanga,UNKNOWN,,opus_tatoeba_v2023-04-12_maori_tatoeba_raw,mātanga
tatoeba_maori_tatoeba_raw,212,4.1,tanga,mātanga,UNKNOWN,,opus_tatoeba_v2023-04-12_maori_tatoeba_raw,mātanga
tatoeba_maori_tatoeba_raw,212,5.0,ahurei,ahurei,UNKNOWN,,opus_tatoeba_v2023-04-12_maori_tatoeba_raw,
tatoeba_maori_tatoeba_raw,212,6.0,o,o,UNKNOWN,,opus_tatoeba_v2023-04-12_maori_tatoeba_raw,
tatoeba_maori_tatoeba_raw,212,7.0,te,te,UNKNOWN,,opus_tatoeba_v2023-04-12_maori_tatoeba_raw,
tatoeba_maori_tatoeba_raw,212,8.0,whenua,whenua,UNKNOWN,,opus_tatoeba_v2023-04-12_maori_tatoeba_raw,
tatoeba_maori_tatoeba_raw,212,9.0,nei,nei,UNKNOWN,,opus_tatoeba_v2023-04-12_maori_tatoeba_raw,
tatoeba_maori_tatoeba_raw,212,10.0,e,e,UNKNOWN,,opus_tatoeba_v2023-04-12_maori_tatoeba_raw,
tatoeba_maori_tatoeba_raw,212,11.0,pā,pā,UNKNOWN,,opus_tatoeba_v2023-04-12_maori_tatoeba_raw,
tatoeba_maori_tatoeba_raw,212,12.0,ana,ana,UNKNOWN,,opus_tatoeba_v2023-04-12_maori_tatoeba_raw,
tatoeba_maori_tatoeba_raw,212,13.0,ki,ki,UNKNOWN,,opus_tatoeba_v2023-04-12_maori_tatoeba_raw,
tatoeba_maori_tatoeba_raw,212,14.0,te,te,UNKNOWN,,opus_tatoeba_v2023-04-12_maori_tatoeba_raw,
tatoeba_maori_tatoeba_raw,212,15.0,pakanga,pakanga,UNKNOWN,,opus_tatoeba_v2023-04-12_maori_tatoeba_raw,
tatoeba_maori_tatoeba_raw,212,16.0,ki,ki,UNKNOWN,,opus_tatoeba_v2023-04-12_maori_tatoeba_raw,
tatoeba_maori_tatoeba_raw,212,17.0,hīria,hīria,UNKNOWN,,opus_tatoeba_v2023-04-12_maori_tatoeba_raw,
tatoeba_maori_tatoeba_raw,213,1.0,ko,ko,UNKNOWN,,opus_tatoeba_v2023-04-12_maori_tatoeba_raw,
tatoeba_maori_tatoeba_raw,213,2.0,ētahi,ētahi,UNKNOWN,,opus_tatoeba_v2023-04-12_maori_tatoeba_raw,
tatoeba_maori_tatoeba_raw,213,3.0,ka,kaihoahoa,UNKNOWN,,opus_tatoeba_v2023-04-12_maori_tatoeba_raw,kaihoahoa
tatoeba_maori_tatoeba_raw,213,3.1,ihoahoa,kaihoahoa,UNKNOWN,,opus_tatoeba_v2023-04-12_maori_tatoeba_raw,kaihoahoa
tatoeba_maori_tatoeba_raw,213,4.0,kākahu,kākahu,UNKNOWN,,opus_tatoeba_v2023-04-12_maori_tatoeba_raw,
tatoeba_maori_tatoeba_raw,213,5.0,o,o,UNKNOWN,,opus_tatoeba_v2023-04-12_maori_tatoeba_raw,
tatoeba_maori_tatoeba_raw,213,6.0,i,itaria,UNKNOWN,,opus_tatoeba_v2023-04-12_maori_tatoeba_raw,itaria
tatoeba_maori_tatoeba_raw,213,6.1,taria,itaria,UNKNOWN,,opus_tatoeba_v2023-04-12_maori_tatoeba_raw,itaria
tatoeba_maori_tatoeba_raw,213,7.0,e,e,UNKNOWN,,opus_tatoeba_v2023-04-12_maori_tatoeba_raw,
tatoeba_maori_tatoeba_raw,213,8.0,me,mea,UNKNOWN,,opus_tatoeba_v2023-04-12_maori_tatoeba_raw,mea
tatoeba_maori_tatoeba_raw,213,8.1,a,mea,UNKNOWN,,opus_tatoeba_v2023-04-12_maori_tatoeba_raw,mea
tatoeba_maori_tatoeba_raw,213,9.0,ana,ana,UNKNOWN,,opus_tatoeba_v2023-04-12_maori_tatoeba_raw,
tatoeba_maori_tatoeba_raw,213,10.0,ā,ā,UNKNOWN,,opus_tatoeba_v2023-04-12_maori_tatoeba_raw,
tatoeba_maori_tatoeba_raw,213,11.0,tēnei,tēnei,UNKNOWN,,opus_tatoeba_v2023-04-12_maori_tatoeba_raw,
tatoeba_maori_tatoeba_raw,213,12.0,tau,tau,UNKNOWN,,opus_tatoeba_v2023-04-12_maori_tatoeba_raw,
tatoeba_maori_tatoeba_raw,213,13.0,paingia,paingia,UNKNOWN,,opus_tatoeba_v2023-04-12_maori_tatoeba_raw,
tatoeba_maori_tatoeba_raw,213,14.0,haerehia,haerehia,UNKNOWN,,opus_tatoeba_v2023-04-12_maori_tatoeba_raw,
tatoeba_maori_tatoeba_raw,213,15.0,ai,ai,UNKNOWN,,opus_tatoeba_v2023-04-12_maori_tatoeba_raw,
tatoeba_maori_tatoeba_raw,213,16.0,ngā,ngā,UNKNOWN,,opus_tatoeba_v2023-04-12_maori_tatoeba_raw,
tatoeba_maori_tatoeba_raw,213,17.0,hūtu,hūtu,UNKNOWN,,opus_tatoeba_v2023-04-12_maori_tatoeba_raw,
tatoeba_maori_tatoeba_raw,213,18.0,ka,kaukau,UNKNOWN,,opus_tatoeba_v2023-04-12_maori_tatoeba_raw,kaukau
tatoeba_maori_tatoeba_raw,213,18.1,ukau,kaukau,UNKNOWN,,opus_tatoeba_v2023-04-12_maori_tatoeba_raw,kaukau
tatoeba_maori_tatoeba_raw,213,19.0,mā,mā,UNKNOWN,,opus_tatoeba_v2023-04-12_maori_tatoeba_raw,
tatoeba_maori_tatoeba_raw,214,1.0,kāore,kāore,UNKNOWN,,opus_tatoeba_v2023-04-12_maori_tatoeba_raw,
tatoeba_maori_tatoeba_raw,214,2.0,i,ia,UNKNOWN,,opus_tatoeba_v2023-04-12_maori_tatoeba_raw,ia
tatoeba_maori_tatoeba_raw,214,2.1,a,ia,UNKNOWN,,opus_tatoeba_v2023-04-12_maori_tatoeba_raw,ia
tatoeba_maori_tatoeba_raw,214,3.0,i,i,UNKNOWN,,opus_tatoeba_v2023-04-12_maori_tatoeba_raw,
tatoeba_maori_tatoeba_raw,214,4.0,te,te,UNKNOWN,,opus_tatoeba_v2023-04-12_maori_tatoeba_raw,
tatoeba_maori_tatoeba_raw,214,5.0,mau,mau,UNKNOWN,,opus_tatoeba_v2023-04-12_maori_tatoeba_raw,
tatoeba_maori_tatoeba_raw,214,6.0,pōtae,pōtae,UNKNOWN,,opus_tatoeba_v2023-04-12_maori_tatoeba_raw,
tatoeba_maori_tatoeba_raw,215,1.0,he,he,UNKNOWN,,opus_tatoeba_v2023-04-12_maori_tatoeba_raw,
tatoeba_maori_tatoeba_raw,215,2.0,hinuhinu,hinuhinu,UNKNOWN,,opus_tatoeba_v2023-04-12_maori_tatoeba_raw,
tatoeba_maori_tatoeba_raw,215,3.0,te,te,UNKNOWN,,opus_tatoeba_v2023-04-12_maori_tatoeba_raw,
tatoeba_maori_tatoeba_raw,215,4.0,pēke,pēke,UNKNOWN,,opus_tatoeba_v2023-04-12_maori_tatoeba_raw,
tatoeba_maori_tatoeba_raw,215,5.0,nei,nei,UNKNOWN,,opus_tatoeba_v2023-04-12_maori_tatoeba_raw,
tatoeba_maori_tatoeba_raw,216,1.0,he,he,UNKNOWN,,opus_tatoeba_v2023-04-12_maori_tatoeba_raw,
tatoeba_maori_tatoeba_raw,216,2.0,raparapa,raparapa,UNKNOWN,,opus_tatoeba_v2023-04-12_maori_tatoeba_raw,
tatoeba_maori_tatoeba_raw,216,3.0,e,e,UNKNOWN,,opus_tatoeba_v2023-04-12_maori_tatoeba_raw,
tatoeba_maori_tatoeba_raw,216,4.0,hiahiatia,hiahiatia,UNKNOWN,,opus_tatoeba_v2023-04-12_maori_tatoeba_raw,
tatoeba_maori_tatoeba_raw,216,5.0,ana,ana,UNKNOWN,,opus_tatoeba_v2023-04-12_maori_tatoeba_raw,
tatoeba_maori_tatoeba_raw,216,6.0,e,e,UNKNOWN,,opus_tatoeba_v2023-04-12_maori_tatoeba_raw,
tatoeba_maori_tatoeba_raw,216,7.0,au,au,UNKNOWN,,opus_tatoeba_v2023-04-12_maori_tatoeba_raw,
tatoeba_maori_tatoeba_raw,216,8.0,mō,mō,UNKNOWN,,opus_tatoeba_v2023-04-12_maori_tatoeba_raw,
tatoeba_maori_tatoeba_raw,216,9.0,ēnei,ēnei,UNKNOWN,,opus_tatoeba_v2023-04-12_maori_tatoeba_raw,
tatoeba_maori_tatoeba_raw,216,10.0,hū,hū,UNKNOWN,,opus_tatoeba_v2023-04-12_maori_tatoeba_raw,
tatoeba_maori_tatoeba_raw,217,1.0,he,he,UNKNOWN,,opus_tatoeba_v2023-04-12_maori_tatoeba_raw,
tatoeba_maori_tatoeba_raw,217,2.0,tino,tino,UNKNOWN,,opus_tatoeba_v2023-04-12_maori_tatoeba_raw,
tatoeba_maori_tatoeba_raw,217,3.0,pukumahi,pukumahi,UNKNOWN,,opus_tatoeba_v2023-04-12_maori_tatoeba_raw,
tatoeba_maori_tatoeba_raw,217,4.0,a,a,UNKNOWN,,opus_tatoeba_v2023-04-12_maori_tatoeba_raw,
tatoeba_maori_tatoeba_raw,217,5.0,tom,tom,UNKNOWN,,opus_tatoeba_v2023-04-12_maori_tatoeba_raw,
tatoeba_maori_tatoeba_raw,217,6.0,ki,ki,UNKNOWN,,opus_tatoeba_v2023-04-12_maori_tatoeba_raw,
tatoeba_maori_tatoeba_raw,217,7.0,tana,tana,UNKNOWN,,opus_tatoeba_v2023-04-12_maori_tatoeba_raw,
tatoeba_maori_tatoeba_raw,217,8.0,mahi,mahi,UNKNOWN,,opus_tatoeba_v2023-04-12_maori_tatoeba_raw,
tatoeba_maori_tatoeba_raw,218,1.0,i,i,UNKNOWN,,opus_tatoeba_v2023-04-12_maori_tatoeba_raw,
tatoeba_maori_tatoeba_raw,218,2.0,pēhea,pēhea,UNKNOWN,,opus_tatoeba_v2023-04-12_maori_tatoeba_raw,
tatoeba_maori_tatoeba_raw,218,3.0,rāua,rāua,UNKNOWN,,opus_tatoeba_v2023-04-12_maori_tatoeba_raw,
tatoeba_maori_tatoeba_raw,218,4.0,i,i,UNKNOWN,,opus_tatoeba_v2023-04-12_maori_tatoeba_raw,
tatoeba_maori_tatoeba_raw,218,5.0,whakamatea,whakamatea,UNKNOWN,,opus_tatoeba_v2023-04-12_maori_tatoeba_raw,
tatoeba_maori_tatoeba_raw,218,6.0,ai,ai,UNKNOWN,,opus_tatoeba_v2023-04-12_maori_tatoeba_raw,
tatoeba_maori_tatoeba_raw,219,1.0,he,he,UNKNOWN,,opus_tatoeba_v2023-04-12_maori_tatoeba_raw,
tatoeba_maori_tatoeba_raw,219,2.0,pai,pai,UNKNOWN,,opus_tatoeba_v2023-04-12_maori_tatoeba_raw,
tatoeba_maori_tatoeba_raw,219,3.0,ki,ki,UNKNOWN,,opus_tatoeba_v2023-04-12_maori_tatoeba_raw,
tatoeba_maori_tatoeba_raw,219,4.0,a,a,UNKNOWN,,opus_tatoeba_v2023-04-12_maori_tatoeba_raw,
tatoeba_maori_tatoeba_raw,219,5.0,au,au,UNKNOWN,,opus_tatoeba_v2023-04-12_maori_tatoeba_raw,
tatoeba_maori_tatoeba_raw,219,6.0,mā,māku,UNKNOWN,,opus_tatoeba_v2023-04-12_maori_tatoeba_raw,māku
tatoeba_maori_tatoeba_raw,219,6.1,ku,māku,UNKNOWN,,opus_tatoeba_v2023-04-12_maori_tatoeba_raw,māku
tatoeba_maori_tatoeba_raw,219,7.0,anō,anō,UNKNOWN,,opus_tatoeba_v2023-04-12_maori_tatoeba_raw,
tatoeba_maori_tatoeba_raw,219,8.0,a,a,UNKNOWN,,opus_tatoeba_v2023-04-12_maori_tatoeba_raw,
tatoeba_maori_tatoeba_raw,219,9.0,tom,tom,UNKNOWN,,opus_tatoeba_v2023-04-12_maori_tatoeba_raw,
tatoeba_maori_tatoeba_raw,219,10.0,e,e,UNKNOWN,,opus_tatoeba_v2023-04-12_maori_tatoeba_raw,
tatoeba_maori_tatoeba_raw,219,11.0,whakaoho,whakaoho,UNKNOWN,,opus_tatoeba_v2023-04-12_maori_tatoeba_raw,
tatoeba_maori_tatoeba_raw,220,1.0,kāore,kāore,UNKNOWN,,opus_tatoeba_v2023-04-12_maori_tatoeba_raw,
tatoeba_maori_tatoeba_raw,220,2.0,e,e,UNKNOWN,,opus_tatoeba_v2023-04-12_maori_tatoeba_raw,
tatoeba_maori_tatoeba_raw,220,3.0,paingia,paingia,UNKNOWN,,opus_tatoeba_v2023-04-12_maori_tatoeba_raw,
tatoeba_maori_tatoeba_raw,220,4.0,ana,ana,UNKNOWN,,opus_tatoeba_v2023-04-12_maori_tatoeba_raw,
tatoeba_maori_tatoeba_raw,220,5.0,e,e,UNKNOWN,,opus_tatoeba_v2023-04-12_maori_tatoeba_raw,
tatoeba_maori_tatoeba_raw,220,6.0,au,au,UNKNOWN,,opus_tatoeba_v2023-04-12_maori_tatoeba_raw,
tatoeba_maori_tatoeba_raw,220,7.0,te,te,UNKNOWN,,opus_tatoeba_v2023-04-12_maori_tatoeba_raw,
tatoeba_maori_tatoeba_raw,220,8.0,ka,kai,UNKNOWN,,opus_tatoeba_v2023-04-12_maori_tatoeba_raw,kai
tatoeba_maori_tatoeba_raw,220,8.1,i,kai,UNKNOWN,,opus_tatoeba_v2023-04-12_maori_tatoeba_raw,kai
tatoeba_maori_tatoeba_raw,220,9.0,parai,parai,UNKNOWN,,opus_tatoeba_v2023-04-12_maori_tatoeba_raw,
tatoeba_maori_tatoeba_raw,221,1.0,kātahi,kātahi,UNKNOWN,,opus_tatoeba_v2023-04-12_maori_tatoeba_raw,
tatoeba_maori_tatoeba_raw,221,2.0,anō,anō,UNKNOWN,,opus_tatoeba_v2023-04-12_maori_tatoeba_raw,
tatoeba_maori_tatoeba_raw,221,3.0,a,a,UNKNOWN,,opus_tatoeba_v2023-04-12_maori_tatoeba_raw,
tatoeba_maori_tatoeba_raw,221,4.0,i,ia,UNKNOWN,,opus_tatoeba_v2023-04-12_maori_tatoeba_raw,ia
tatoeba_maori_tatoeba_raw,221,4.1,a,ia,UNKNOWN,,opus_tatoeba_v2023-04-12_maori_tatoeba_raw,ia
tatoeba_maori_tatoeba_raw,221,5.0,ka,ka,UNKNOWN,,opus_tatoeba_v2023-04-12_maori_tatoeba_raw,
tatoeba_maori_tatoeba_raw,221,6.0,ka,kai,UNKNOWN,,opus_tatoeba_v2023-04-12_maori_tatoeba_raw,kai
tatoeba_maori_tatoeba_raw,221,6.1,i,kai,UNKNOWN,,opus_tatoeba_v2023-04-12_maori_tatoeba_raw,kai
tatoeba_maori_tatoeba_raw,222,1.0,e,e,UNKNOWN,,opus_tatoeba_v2023-04-12_maori_tatoeba_raw,
tatoeba_maori_tatoeba_raw,222,2.0,ka,kai,UNKNOWN,,opus_tatoeba_v2023-04-12_maori_tatoeba_raw,kai
tatoeba_maori_tatoeba_raw,222,2.1,i,kai,UNKNOWN,,opus_tatoeba_v2023-04-12_maori_tatoeba_raw,kai
tatoeba_maori_tatoeba_raw,222,3.0,ana,ana,UNKNOWN,,opus_tatoeba_v2023-04-12_maori_tatoeba_raw,
tatoeba_maori_tatoeba_raw,222,4.0,au,au,UNKNOWN,,opus_tatoeba_v2023-04-12_maori_tatoeba_raw,
tatoeba_maori_tatoeba_raw,222,5.0,i,i,UNKNOWN,,opus_tatoeba_v2023-04-12_maori_tatoeba_raw,
tatoeba_maori_tatoeba_raw,222,6.0,ngā,ngā,UNKNOWN,,opus_tatoeba_v2023-04-12_maori_tatoeba_raw,
tatoeba_maori_tatoeba_raw,222,7.0,wā,wā,UNKNOWN,,opus_tatoeba_v2023-04-12_maori_tatoeba_raw,
tatoeba_maori_tatoeba_raw,222,8.0,ka,katoa,UNKNOWN,,opus_tatoeba_v2023-04-12_maori_tatoeba_raw,katoa
tatoeba_maori_tatoeba_raw,222,8.1,toa,katoa,UNKNOWN,,opus_tatoeba_v2023-04-12_maori_tatoeba_raw,katoa
tatoeba_maori_tatoeba_raw,223,1.0,he,he,UNKNOWN,,opus_tatoeba_v2023-04-12_maori_tatoeba_raw,
tatoeba_maori_tatoeba_raw,223,2.0,tinihanga,tinihanga,UNKNOWN,,opus_tatoeba_v2023-04-12_maori_tatoeba_raw,
tatoeba_maori_tatoeba_raw,223,3.0,ko,koe,UNKNOWN,,opus_tatoeba_v2023-04-12_maori_tatoeba_raw,koe
tatoeba_maori_tatoeba_raw,223,3.1,e,koe,UNKNOWN,,opus_tatoeba_v2023-04-12_maori_tatoeba_raw,koe
tatoeba_maori_tatoeba_raw,224,1.0,i,i,UNKNOWN,,opus_tatoeba_v2023-04-12_maori_tatoeba_raw,
tatoeba_maori_tatoeba_raw,224,2.0,tutuki,tutuki,UNKNOWN,,opus_tatoeba_v2023-04-12_maori_tatoeba_raw,
tatoeba_maori_tatoeba_raw,224,3.0,pai,pai,UNKNOWN,,opus_tatoeba_v2023-04-12_maori_tatoeba_raw,
tatoeba_maori_tatoeba_raw,224,4.0,tērā,tērā,UNKNOWN,,opus_tatoeba_v2023-04-12_maori_tatoeba_raw,
tatoeba_maori_tatoeba_raw,225,1.0,nā,nā,UNKNOWN,,opus_tatoeba_v2023-04-12_maori_tatoeba_raw,
tatoeba_maori_tatoeba_raw,225,2.0,te,te,UNKNOWN,,opus_tatoeba_v2023-04-12_maori_tatoeba_raw,
tatoeba_maori_tatoeba_raw,225,3.0,me,mea,UNKNOWN,,opus_tatoeba_v2023-04-12_maori_tatoeba_raw,mea
tatoeba_maori_tatoeba_raw,225,3.1,a,mea,UNKNOWN,,opus_tatoeba_v2023-04-12_maori_tatoeba_raw,mea
tatoeba_maori_tatoeba_raw,225,4.0,kāore,kāore,UNKNOWN,,opus_tatoeba_v2023-04-12_maori_tatoeba_raw,
tatoeba_maori_tatoeba_raw,225,5.0,i,ia,UNKNOWN,,opus_tatoeba_v2023-04-12_maori_tatoeba_raw,ia
tatoeba_maori_tatoeba_raw,225,5.1,a,ia,UNKNOWN,,opus_tatoeba_v2023-04-12_maori_tatoeba_raw,ia
tatoeba_maori_tatoeba_raw,225,6.0,i,i,UNKNOWN,,opus_tatoeba_v2023-04-12_maori_tatoeba_raw,
tatoeba_maori_tatoeba_raw,225,7.0,haere,haere,UNKNOWN,,opus_tatoeba_v2023-04-12_maori_tatoeba_raw,
tatoeba_maori_tatoeba_raw,225,8.0,mai,mai,UNKNOWN,,opus_tatoeba_v2023-04-12_maori_tatoeba_raw,
tatoeba_maori_tatoeba_raw,225,9.0,kāore,kāore,UNKNOWN,,opus_tatoeba_v2023-04-12_maori_tatoeba_raw,
tatoeba_maori_tatoeba_raw,225,10.0,hoki,hoki,UNKNOWN,,opus_tatoeba_v2023-04-12_maori_tatoeba_raw,
tatoeba_maori_tatoeba_raw,225,11.0,au,au,UNKNOWN,,opus_tatoeba_v2023-04-12_maori_tatoeba_raw,
tatoeba_maori_tatoeba_raw,225,12.0,i,i,UNKNOWN,,opus_tatoeba_v2023-04-12_maori_tatoeba_raw,
tatoeba_maori_tatoeba_raw,225,13.0,haere,haere,UNKNOWN,,opus_tatoeba_v2023-04-12_maori_tatoeba_raw,
tatoeba_maori_tatoeba_raw,225,14.0,atu,atu,UNKNOWN,,opus_tatoeba_v2023-04-12_maori_tatoeba_raw,
tatoeba_maori_tatoeba_raw,226,1.0,e,e,UNKNOWN,,opus_tatoeba_v2023-04-12_maori_tatoeba_raw,
tatoeba_maori_tatoeba_raw,226,2.0,pānui,pānui,UNKNOWN,,opus_tatoeba_v2023-04-12_maori_tatoeba_raw,
tatoeba_maori_tatoeba_raw,226,3.0,ana,ana,UNKNOWN,,opus_tatoeba_v2023-04-12_maori_tatoeba_raw,
tatoeba_maori_tatoeba_raw,226,4.0,ngā,ngā,UNKNOWN,,opus_tatoeba_v2023-04-12_maori_tatoeba_raw,
tatoeba_maori_tatoeba_raw,226,5.0,tāngata,tāngata,UNKNOWN,,opus_tatoeba_v2023-04-12_maori_tatoeba_raw,
tatoeba_maori_tatoeba_raw,226,6.0,ka,katoa,UNKNOWN,,opus_tatoeba_v2023-04-12_maori_tatoeba_raw,katoa
tatoeba_maori_tatoeba_raw,226,6.1,toa,katoa,UNKNOWN,,opus_tatoeba_v2023-04-12_maori_tatoeba_raw,katoa
tatoeba_maori_tatoeba_raw,227,1.0,e,e,UNKNOWN,,opus_tatoeba_v2023-04-12_maori_tatoeba_raw,
tatoeba_maori_tatoeba_raw,227,2.0,hiahia,hiahia,UNKNOWN,,opus_tatoeba_v2023-04-12_maori_tatoeba_raw,
tatoeba_maori_tatoeba_raw,227,3.0,ana,ana,UNKNOWN,,opus_tatoeba_v2023-04-12_maori_tatoeba_raw,
tatoeba_maori_tatoeba_raw,227,4.0,ahau,ahau,UNKNOWN,,opus_tatoeba_v2023-04-12_maori_tatoeba_raw,
tatoeba_maori_tatoeba_raw,227,5.0,ki,kia,UNKNOWN,,opus_tatoeba_v2023-04-12_maori_tatoeba_raw,kia
tatoeba_maori_tatoeba_raw,227,5.1,a,kia,UNKNOWN,,opus_tatoeba_v2023-04-12_maori_tatoeba_raw,kia
tatoeba_maori_tatoeba_raw,227,6.0,whakatā,whakatā,UNKNOWN,,opus_tatoeba_v2023-04-12_maori_tatoeba_raw,
tatoeba_maori_tatoeba_raw,227,7.0,ko,koe,UNKNOWN,,opus_tatoeba_v2023-04-12_maori_tatoeba_raw,koe
tatoeba_maori_tatoeba_raw,227,7.1,e,koe,UNKNOWN,,opus_tatoeba_v2023-04-12_maori_tatoeba_raw,koe
tatoeba_maori_tatoeba_raw,227,8.0,mō,mō,UNKNOWN,,opus_tatoeba_v2023-04-12_maori_tatoeba_raw,
tatoeba_maori_tatoeba_raw,227,9.0,tētahi,tētahi,UNKNOWN,,opus_tatoeba_v2023-04-12_maori_tatoeba_raw,
tatoeba_maori_tatoeba_raw,227,10.0,wā,wā,UNKNOWN,,opus_tatoeba_v2023-04-12_maori_tatoeba_raw,
tatoeba_maori_tatoeba_raw,228,1.0,he,he,UNKNOWN,,opus_tatoeba_v2023-04-12_maori_tatoeba_raw,
tatoeba_maori_tatoeba_raw,228,2.0,maha,maha,UNKNOWN,,opus_tatoeba_v2023-04-12_maori_tatoeba_raw,
tatoeba_maori_tatoeba_raw,228,3.0,ā,āna,UNKNOWN,,opus_tatoeba_v2023-04-12_maori_tatoeba_raw,āna
tatoeba_maori_tatoeba_raw,228,3.1,na,āna,UNKNOWN,,opus_tatoeba_v2023-04-12_maori_tatoeba_raw,āna
tatoeba_maori_tatoeba_raw,228,4.0,pūtea,pūtea,UNKNOWN,,opus_tatoeba_v2023-04-12_maori_tatoeba_raw,
tatoeba_maori_tatoeba_raw,228,5.0,he,he,UNKNOWN,,opus_tatoeba_v2023-04-12_maori_tatoeba_raw,
tatoeba_maori_tatoeba_raw,228,6.0,tokoiti,tokoiti,UNKNOWN,,opus_tatoeba_v2023-04-12_maori_tatoeba_raw,
tatoeba_maori_tatoeba_raw,228,7.0,ōna,ōna,UNKNOWN,,opus_tatoeba_v2023-04-12_maori_tatoeba_raw,
tatoeba_maori_tatoeba_raw,228,8.0,hoa,hoa,UNKNOWN,,opus_tatoeba_v2023-04-12_maori_tatoeba_raw,
tatoeba_maori_tatoeba_raw,229,1.0,he,he,UNKNOWN,,opus_tatoeba_v2023-04-12_maori_tatoeba_raw,
tatoeba_maori_tatoeba_raw,229,2.0,te,tere,UNKNOWN,,opus_tatoeba_v2023-04-12_maori_tatoeba_raw,tere
tatoeba_maori_tatoeba_raw,229,2.1,re,tere,UNKNOWN,,opus_tatoeba_v2023-04-12_maori_tatoeba_raw,tere
tatoeba_maori_tatoeba_raw,229,3.0,a,a,UNKNOWN,,opus_tatoeba_v2023-04-12_maori_tatoeba_raw,
tatoeba_maori_tatoeba_raw,229,4.0,albert,albert,UNKNOWN,,opus_tatoeba_v2023-04-12_maori_tatoeba_raw,
tatoeba_maori_tatoeba_raw,229,5.0,ki,ki,UNKNOWN,,opus_tatoeba_v2023-04-12_maori_tatoeba_raw,
tatoeba_maori_tatoeba_raw,229,6.0,te,te,UNKNOWN,,opus_tatoeba_v2023-04-12_maori_tatoeba_raw,
tatoeba_maori_tatoeba_raw,229,7.0,ako,ako,UNKNOWN,,opus_tatoeba_v2023-04-12_maori_tatoeba_raw,
tatoeba_maori_tatoeba_raw,230,1.0,i,i,UNKNOWN,,opus_tatoeba_v2023-04-12_maori_tatoeba_raw,
tatoeba_maori_tatoeba_raw,230,2.0,whakatūria,whakatūria,UNKNOWN,,opus_tatoeba_v2023-04-12_maori_tatoeba_raw,
tatoeba_maori_tatoeba_raw,230,3.0,ā,ā,UNKNOWN,,opus_tatoeba_v2023-04-12_maori_tatoeba_raw,
tatoeba_maori_tatoeba_raw,230,4.0,mā,māua,UNKNOWN,,opus_tatoeba_v2023-04-12_maori_tatoeba_raw,māua
tatoeba_maori_tatoeba_raw,230,4.1,ua,māua,UNKNOWN,,opus_tatoeba_v2023-04-12_maori_tatoeba_raw,māua
tatoeba_maori_tatoeba_raw,230,5.0,tēneti,tēneti,UNKNOWN,,opus_tatoeba_v2023-04-12_maori_tatoeba_raw,
tatoeba_maori_tatoeba_raw,230,6.0,e,e,UNKNOWN,,opus_tatoeba_v2023-04-12_maori_tatoeba_raw,
tatoeba_maori_tatoeba_raw,230,7.0,mā,māua,UNKNOWN,,opus_tatoeba_v2023-04-12_maori_tatoeba_raw,māua
tatoeba_maori_tatoeba_raw,230,7.1,ua,māua,UNKNOWN,,opus_tatoeba_v2023-04-12_maori_tatoeba_raw,māua
tatoeba_maori_tatoeba_raw,230,8.0,i,i,UNKNOWN,,opus_tatoeba_v2023-04-12_maori_tatoeba_raw,
tatoeba_maori_tatoeba_raw,230,9.0,mua,mua,UNKNOWN,,opus_tatoeba_v2023-04-12_maori_tatoeba_raw,
tatoeba_maori_tatoeba_raw,230,10.0,i,i,UNKNOWN,,opus_tatoeba_v2023-04-12_maori_tatoeba_raw,
tatoeba_maori_tatoeba_raw,230,11.0,te,te,UNKNOWN,,opus_tatoeba_v2023-04-12_maori_tatoeba_raw,
tatoeba_maori_tatoeba_raw,230,12.0,pō,pō,UNKNOWN,,opus_tatoeba_v2023-04-12_maori_tatoeba_raw,
tatoeba_maori_tatoeba_raw,231,1.0,i,i,UNKNOWN,,opus_tatoeba_v2023-04-12_maori_tatoeba_raw,
tatoeba_maori_tatoeba_raw,231,2.0,whakatūria,whakatūria,UNKNOWN,,opus_tatoeba_v2023-04-12_maori_tatoeba_raw,
tatoeba_maori_tatoeba_raw,231,3.0,e,e,UNKNOWN,,opus_tatoeba_v2023-04-12_maori_tatoeba_raw,
tatoeba_maori_tatoeba_raw,231,4.0,mā,māua,UNKNOWN,,opus_tatoeba_v2023-04-12_maori_tatoeba_raw,māua
tatoeba_maori_tatoeba_raw,231,4.1,ua,māua,UNKNOWN,,opus_tatoeba_v2023-04-12_maori_tatoeba_raw,māua
tatoeba_maori_tatoeba_raw,231,5.0,he,he,UNKNOWN,,opus_tatoeba_v2023-04-12_maori_tatoeba_raw,
tatoeba_maori_tatoeba_raw,231,6.0,waea,waea,UNKNOWN,,opus_tatoeba_v2023-04-12_maori_tatoeba_raw,
tatoeba_maori_tatoeba_raw,231,7.0,i,i,UNKNOWN,,opus_tatoeba_v2023-04-12_maori_tatoeba_raw,
tatoeba_maori_tatoeba_raw,231,8.0,waenganui,waenganui,UNKNOWN,,opus_tatoeba_v2023-04-12_maori_tatoeba_raw,
tatoeba_maori_tatoeba_raw,231,9.0,i,i,UNKNOWN,,opus_tatoeba_v2023-04-12_maori_tatoeba_raw,
tatoeba_maori_tatoeba_raw,231,10.0,ngā,ngā,UNKNOWN,,opus_tatoeba_v2023-04-12_maori_tatoeba_raw,
tatoeba_maori_tatoeba_raw,231,11.0,pou,pou,UNKNOWN,,opus_tatoeba_v2023-04-12_maori_tatoeba_raw,
tatoeba_maori_tatoeba_raw,231,12.0,e,e,UNKNOWN,,opus_tatoeba_v2023-04-12_maori_tatoeba_raw,
tatoeba_maori_tatoeba_raw,231,13.0,rua,rua,UNKNOWN,,opus_tatoeba_v2023-04-12_maori_tatoeba_raw,
tatoeba_maori_tatoeba_raw,232,1.0,kua,kua,UNKNOWN,,opus_tatoeba_v2023-04-12_maori_tatoeba_raw,
tatoeba_maori_tatoeba_raw,232,2.0,tino,tino,UNKNOWN,,opus_tatoeba_v2023-04-12_maori_tatoeba_raw,
tatoeba_maori_tatoeba_raw,232,3.0,rerekē,rerekē,UNKNOWN,,opus_tatoeba_v2023-04-12_maori_tatoeba_raw,
tatoeba_maori_tatoeba_raw,232,4.0,te,te,UNKNOWN,,opus_tatoeba_v2023-04-12_maori_tatoeba_raw,
tatoeba_maori_tatoeba_raw,232,5.0,papa,papa,UNKNOWN,,opus_tatoeba_v2023-04-12_maori_tatoeba_raw,
tatoeba_maori_tatoeba_raw,232,6.0,kāinga,kāinga,UNKNOWN,,opus_tatoeba_v2023-04-12_maori_tatoeba_raw,
tatoeba_maori_tatoeba_raw,232,7.0,i,i,UNKNOWN,,opus_tatoeba_v2023-04-12_maori_tatoeba_raw,
tatoeba_maori_tatoeba_raw,232,8.0,ngā,ngā,UNKNOWN,,opus_tatoeba_v2023-04-12_maori_tatoeba_raw,
tatoeba_maori_tatoeba_raw,232,9.0,tau,tau,UNKNOWN,,opus_tatoeba_v2023-04-12_maori_tatoeba_raw,
tatoeba_maori_tatoeba_raw,232,10.0,te,tekau,UNKNOWN,,opus_tatoeba_v2023-04-12_maori_tatoeba_raw,tekau
tatoeba_maori_tatoeba_raw,232,10.1,kau,tekau,UNKNOWN,,opus_tatoeba_v2023-04-12_maori_tatoeba_raw,tekau
tatoeba_maori_tatoeba_raw,232,11.0,kua,kua,UNKNOWN,,opus_tatoeba_v2023-04-12_maori_tatoeba_raw,
tatoeba_maori_tatoeba_raw,232,12.0,taha,taha,UNKNOWN,,opus_tatoeba_v2023-04-12_maori_tatoeba_raw,
tatoeba_maori_tatoeba_raw,232,13.0,atu,atu,UNKNOWN,,opus_tatoeba_v2023-04-12_maori_tatoeba_raw,
tatoeba_maori_tatoeba_raw,233,1.0,ko,ko,UNKNOWN,,opus_tatoeba_v2023-04-12_maori_tatoeba_raw,
tatoeba_maori_tatoeba_raw,233,2.0,te,te,UNKNOWN,,opus_tatoeba_v2023-04-12_maori_tatoeba_raw,
tatoeba_maori_tatoeba_raw,233,3.0,rere,rere,UNKNOWN,,opus_tatoeba_v2023-04-12_maori_tatoeba_raw,
tatoeba_maori_tatoeba_raw,233,4.0,huka,huka,UNKNOWN,,opus_tatoeba_v2023-04-12_maori_tatoeba_raw,
tatoeba_maori_tatoeba_raw,233,5.0,taku,taku,UNKNOWN,,opus_tatoeba_v2023-04-12_maori_tatoeba_raw,
tatoeba_maori_tatoeba_raw,233,6.0,tino,tino,UNKNOWN,,opus_tatoeba_v2023-04-12_maori_tatoeba_raw,
tatoeba_maori_tatoeba_raw,233,7.0,tākaro,tākaro,UNKNOWN,,opus_tatoeba_v2023-04-12_maori_tatoeba_raw,
tatoeba_maori_tatoeba_raw,234,1.0,i,i,UNKNOWN,,opus_tatoeba_v2023-04-12_maori_tatoeba_raw,
tatoeba_maori_tatoeba_raw,234,2.0,ngaro,ngaro,UNKNOWN,,opus_tatoeba_v2023-04-12_maori_tatoeba_raw,
tatoeba_maori_tatoeba_raw,234,3.0,i,i,UNKNOWN,,opus_tatoeba_v2023-04-12_maori_tatoeba_raw,
tatoeba_maori_tatoeba_raw,234,4.0,a,a,UNKNOWN,,opus_tatoeba_v2023-04-12_maori_tatoeba_raw,
tatoeba_maori_tatoeba_raw,234,5.0,tom,tom,UNKNOWN,,opus_tatoeba_v2023-04-12_maori_tatoeba_raw,
tatoeba_maori_tatoeba_raw,234,6.0,ngā,ngā,UNKNOWN,,opus_tatoeba_v2023-04-12_maori_tatoeba_raw,
tatoeba_maori_tatoeba_raw,234,7.0,me,mea,UNKNOWN,,opus_tatoeba_v2023-04-12_maori_tatoeba_raw,mea
tatoeba_maori_tatoeba_raw,234,7.1,a,mea,UNKNOWN,,opus_tatoeba_v2023-04-12_maori_tatoeba_raw,mea
tatoeba_maori_tatoeba_raw,234,8.0,ka,katoa,UNKNOWN,,opus_tatoeba_v2023-04-12_maori_tatoeba_raw,katoa
tatoeba_maori_tatoeba_raw,234,8.1,toa,katoa,UNKNOWN,,opus_tatoeba_v2023-04-12_maori_tatoeba_raw,katoa
tatoeba_maori_tatoeba_raw,235,1.0,he,he,UNKNOWN,,opus_tatoeba_v2023-04-12_maori_tatoeba_raw,
tatoeba_maori_tatoeba_raw,235,2.0,tokomaha,tokomaha,UNKNOWN,,opus_tatoeba_v2023-04-12_maori_tatoeba_raw,
tatoeba_maori_tatoeba_raw,235,3.0,ōku,ōku,UNKNOWN,,opus_tatoeba_v2023-04-12_maori_tatoeba_raw,
tatoeba_maori_tatoeba_raw,235,4.0,hoa,hoa,UNKNOWN,,opus_tatoeba_v2023-04-12_maori_tatoeba_raw,
tatoeba_maori_tatoeba_raw,235,5.0,he,hei,UNKNOWN,,opus_tatoeba_v2023-04-12_maori_tatoeba_raw,hei
tatoeba_maori_tatoeba_raw,235,5.1,i,hei,UNKNOWN,,opus_tatoeba_v2023-04-12_maori_tatoeba_raw,hei
tatoeba_maori_tatoeba_raw,235,6.0,ā,āwhina,UNKNOWN,,opus_tatoeba_v2023-04-12_maori_tatoeba_raw,āwhina
tatoeba_maori_tatoeba_raw,235,6.1,whina,āwhina,UNKNOWN,,opus_tatoeba_v2023-04-12_maori_tatoeba_raw,āwhina
tatoeba_maori_tatoeba_raw,235,7.0,mai,mai,UNKNOWN,,opus_tatoeba_v2023-04-12_maori_tatoeba_raw,
tatoeba_maori_tatoeba_raw,235,8.0,i,i,UNKNOWN,,opus_tatoeba_v2023-04-12_maori_tatoeba_raw,
tatoeba_maori_tatoeba_raw,235,9.0,ahau,ahau,UNKNOWN,,opus_tatoeba_v2023-04-12_maori_tatoeba_raw,
tatoeba_maori_tatoeba_raw,236,1.0,he,he,UNKNOWN,,opus_tatoeba_v2023-04-12_maori_tatoeba_raw,
tatoeba_maori_tatoeba_raw,236,2.0,aha,aha,UNKNOWN,,opus_tatoeba_v2023-04-12_maori_tatoeba_raw,
tatoeba_maori_tatoeba_raw,236,3.0,i,i,UNKNOWN,,opus_tatoeba_v2023-04-12_maori_tatoeba_raw,
tatoeba_maori_tatoeba_raw,236,4.0,ko,kore,UNKNOWN,,opus_tatoeba_v2023-04-12_maori_tatoeba_raw,kore
tatoeba_maori_tatoeba_raw,236,4.1,re,kore,UNKNOWN,,opus_tatoeba_v2023-04-12_maori_tatoeba_raw,kore
tatoeba_maori_tatoeba_raw,236,5.0,ai,ai,UNKNOWN,,opus_tatoeba_v2023-04-12_maori_tatoeba_raw,
tatoeba_maori_tatoeba_raw,236,6.0,ko,koe,UNKNOWN,,opus_tatoeba_v2023-04-12_maori_tatoeba_raw,koe
tatoeba_maori_tatoeba_raw,236,6.1,e,koe,UNKNOWN,,opus_tatoeba_v2023-04-12_maori_tatoeba_raw,koe
tatoeba_maori_tatoeba_raw,236,7.0,e,e,UNKNOWN,,opus_tatoeba_v2023-04-12_maori_tatoeba_raw,
tatoeba_maori_tatoeba_raw,236,8.0,rata,rata,UNKNOWN,,opus_tatoeba_v2023-04-12_maori_tatoeba_raw,
tatoeba_maori_tatoeba_raw,236,9.0,mai,mai,UNKNOWN,,opus_tatoeba_v2023-04-12_maori_tatoeba_raw,
tatoeba_maori_tatoeba_raw,236,10.0,ki,ki,UNKNOWN,,opus_tatoeba_v2023-04-12_maori_tatoeba_raw,
tatoeba_maori_tatoeba_raw,236,11.0,a,a,UNKNOWN,,opus_tatoeba_v2023-04-12_maori_tatoeba_raw,
tatoeba_maori_tatoeba_raw,236,12.0,mā,mātou,UNKNOWN,,opus_tatoeba_v2023-04-12_maori_tatoeba_raw,mātou
tatoeba_maori_tatoeba_raw,236,12.1,tou,mātou,UNKNOWN,,opus_tatoeba_v2023-04-12_maori_tatoeba_raw,mātou
tatoeba_maori_tatoeba_raw,237,1.0,he,he,UNKNOWN,,opus_tatoeba_v2023-04-12_maori_tatoeba_raw,
tatoeba_maori_tatoeba_raw,237,2.0,aha,aha,UNKNOWN,,opus_tatoeba_v2023-04-12_maori_tatoeba_raw,
tatoeba_maori_tatoeba_raw,237,3.0,i,i,UNKNOWN,,opus_tatoeba_v2023-04-12_maori_tatoeba_raw,
tatoeba_maori_tatoeba_raw,237,4.0,ko,kore,UNKNOWN,,opus_tatoeba_v2023-04-12_maori_tatoeba_raw,kore
tatoeba_maori_tatoeba_raw,237,4.1,re,kore,UNKNOWN,,opus_tatoeba_v2023-04-12_maori_tatoeba_raw,kore
tatoeba_maori_tatoeba_raw,237,5.0,ai,ai,UNKNOWN,,opus_tatoeba_v2023-04-12_maori_tatoeba_raw,
tatoeba_maori_tatoeba_raw,237,6.0,ko,koe,UNKNOWN,,opus_tatoeba_v2023-04-12_maori_tatoeba_raw,koe
tatoeba_maori_tatoeba_raw,237,6.1,e,koe,UNKNOWN,,opus_tatoeba_v2023-04-12_maori_tatoeba_raw,koe
tatoeba_maori_tatoeba_raw,237,7.0,e,e,UNKNOWN,,opus_tatoeba_v2023-04-12_maori_tatoeba_raw,
tatoeba_maori_tatoeba_raw,237,8.0,rata,rata,UNKNOWN,,opus_tatoeba_v2023-04-12_maori_tatoeba_raw,
tatoeba_maori_tatoeba_raw,237,9.0,mai,mai,UNKNOWN,,opus_tatoeba_v2023-04-12_maori_tatoeba_raw,
tatoeba_maori_tatoeba_raw,237,10.0,ki,ki,UNKNOWN,,opus_tatoeba_v2023-04-12_maori_tatoeba_raw,
tatoeba_maori_tatoeba_raw,237,11.0,a,a,UNKNOWN,,opus_tatoeba_v2023-04-12_maori_tatoeba_raw,
tatoeba_maori_tatoeba_raw,237,12.0,mā,māua,UNKNOWN,,opus_tatoeba_v2023-04-12_maori_tatoeba_raw,māua
tatoeba_maori_tatoeba_raw,237,12.1,ua,māua,UNKNOWN,,opus_tatoeba_v2023-04-12_maori_tatoeba_raw,māua
tatoeba_maori_tatoeba_raw,238,1.0,he,he,UNKNOWN,,opus_tatoeba_v2023-04-12_maori_tatoeba_raw,
tatoeba_maori_tatoeba_raw,238,2.0,pai,pai,UNKNOWN,,opus_tatoeba_v2023-04-12_maori_tatoeba_raw,
tatoeba_maori_tatoeba_raw,238,3.0,te,te,UNKNOWN,,opus_tatoeba_v2023-04-12_maori_tatoeba_raw,
tatoeba_maori_tatoeba_raw,238,4.0,ki,kite,UNKNOWN,,opus_tatoeba_v2023-04-12_maori_tatoeba_raw,kite
tatoeba_maori_tatoeba_raw,238,4.1,te,kite,UNKNOWN,,opus_tatoeba_v2023-04-12_maori_tatoeba_raw,kite
tatoeba_maori_tatoeba_raw,238,5.0,anō,anō,UNKNOWN,,opus_tatoeba_v2023-04-12_maori_tatoeba_raw,
tatoeba_maori_tatoeba_raw,238,6.0,i,i,UNKNOWN,,opus_tatoeba_v2023-04-12_maori_tatoeba_raw,
tatoeba_maori_tatoeba_raw,238,7.0,a,a,UNKNOWN,,opus_tatoeba_v2023-04-12_maori_tatoeba_raw,
tatoeba_maori_tatoeba_raw,238,8.0,ko,koe,UNKNOWN,,opus_tatoeba_v2023-04-12_maori_tatoeba_raw,koe
tatoeba_maori_tatoeba_raw,238,8.1,e,koe,UNKNOWN,,opus_tatoeba_v2023-04-12_maori_tatoeba_raw,koe
tatoeba_maori_tatoeba_raw,238,9.0,e,e,UNKNOWN,,opus_tatoeba_v2023-04-12_maori_tatoeba_raw,
tatoeba_maori_tatoeba_raw,238,10.0,tom,tom,UNKNOWN,,opus_tatoeba_v2023-04-12_maori_tatoeba_raw,
tatoeba_maori_tatoeba_raw,239,1.0,kāore,kāore,UNKNOWN,,opus_tatoeba_v2023-04-12_maori_tatoeba_raw,
tatoeba_maori_tatoeba_raw,239,2.0,ka,kau,UNKNOWN,,opus_tatoeba_v2023-04-12_maori_tatoeba_raw,kau
tatoeba_maori_tatoeba_raw,239,2.1,u,kau,UNKNOWN,,opus_tatoeba_v2023-04-12_maori_tatoeba_raw,kau
tatoeba_maori_tatoeba_raw,239,3.0,ahau,ahau,UNKNOWN,,opus_tatoeba_v2023-04-12_maori_tatoeba_raw,
tatoeba_maori_tatoeba_raw,239,4.0,i,i,UNKNOWN,,opus_tatoeba_v2023-04-12_maori_tatoeba_raw,
tatoeba_maori_tatoeba_raw,239,5.0,ki,kite,UNKNOWN,,opus_tatoeba_v2023-04-12_maori_tatoeba_raw,kite
tatoeba_maori_tatoeba_raw,239,5.1,te,kite,UNKNOWN,,opus_tatoeba_v2023-04-12_maori_tatoeba_raw,kite
tatoeba_maori_tatoeba_raw,239,6.0,i,i,UNKNOWN,,opus_tatoeba_v2023-04-12_maori_tatoeba_raw,
tatoeba_maori_tatoeba_raw,239,7.0,tētahi,tētahi,UNKNOWN,,opus_tatoeba_v2023-04-12_maori_tatoeba_raw,
tatoeba_maori_tatoeba_raw,239,8.0,tangata,tangata,UNKNOWN,,opus_tatoeba_v2023-04-12_maori_tatoeba_raw,
tatoeba_maori_tatoeba_raw,239,9.0,pērā,pērā,UNKNOWN,,opus_tatoeba_v2023-04-12_maori_tatoeba_raw,
tatoeba_maori_tatoeba_raw,239,10.0,rawa,rawa,UNKNOWN,,opus_tatoeba_v2023-04-12_maori_tatoeba_raw,
tatoeba_maori_tatoeba_raw,239,11.0,te,te,UNKNOWN,,opus_tatoeba_v2023-04-12_maori_tatoeba_raw,
tatoeba_maori_tatoeba_raw,239,12.0,riri,riri,UNKNOWN,,opus_tatoeba_v2023-04-12_maori_tatoeba_raw,
tatoeba_maori_tatoeba_raw,239,13.0,i,i,UNKNOWN,,opus_tatoeba_v2023-04-12_maori_tatoeba_raw,
tatoeba_maori_tatoeba_raw,239,14.0,tō,tōku,UNKNOWN,,opus_tatoeba_v2023-04-12_maori_tatoeba_raw,tōku
tatoeba_maori_tatoeba_raw,239,14.1,ku,tōku,UNKNOWN,,opus_tatoeba_v2023-04-12_maori_tatoeba_raw,tōku
tatoeba_maori_tatoeba_raw,239,15.0,o,oranga,UNKNOWN,,opus_tatoeba_v2023-04-12_maori_tatoeba_raw,oranga
tatoeba_maori_tatoeba_raw,239,15.1,ranga,oranga,UNKNOWN,,opus_tatoeba_v2023-04-12_maori_tatoeba_raw,oranga
tatoeba_maori_tatoeba_raw,240,1.0,whakamahi,whakamahi,UNKNOWN,,opus_tatoeba_v2023-04-12_maori_tatoeba_raw,
tatoeba_maori_tatoeba_raw,240,2.0,ai,ai,UNKNOWN,,opus_tatoeba_v2023-04-12_maori_tatoeba_raw,
tatoeba_maori_tatoeba_raw,240,3.0,au,au,UNKNOWN,,opus_tatoeba_v2023-04-12_maori_tatoeba_raw,
tatoeba_maori_tatoeba_raw,240,4.0,i,i,UNKNOWN,,opus_tatoeba_v2023-04-12_maori_tatoeba_raw,
tatoeba_maori_tatoeba_raw,240,5.0,te,te,UNKNOWN,,opus_tatoeba_v2023-04-12_maori_tatoeba_raw,
tatoeba_maori_tatoeba_raw,240,6.0,firefox,firefox,UNKNOWN,,opus_tatoeba_v2023-04-12_maori_tatoeba_raw,
tatoeba_maori_tatoeba_raw,241,1.0,e,e,UNKNOWN,,opus_tatoeba_v2023-04-12_maori_tatoeba_raw,
tatoeba_maori_tatoeba_raw,241,2.0,ki,kikī,UNKNOWN,,opus_tatoeba_v2023-04-12_maori_tatoeba_raw,kikī
tatoeba_maori_tatoeba_raw,241,2.1,kī,kikī,UNKNOWN,,opus_tatoeba_v2023-04-12_maori_tatoeba_raw,kikī
tatoeba_maori_tatoeba_raw,241,3.0,ana,ana,UNKNOWN,,opus_tatoeba_v2023-04-12_maori_tatoeba_raw,
tatoeba_maori_tatoeba_raw,241,4.0,te,te,UNKNOWN,,opus_tatoeba_v2023-04-12_maori_tatoeba_raw,
tatoeba_maori_tatoeba_raw,241,5.0,papa,papa,UNKNOWN,,opus_tatoeba_v2023-04-12_maori_tatoeba_raw,
tatoeba_maori_tatoeba_raw,241,6.0,rēhia,rēhia,UNKNOWN,,opus_tatoeba_v2023-04-12_maori_tatoeba_raw,
tatoeba_maori_tatoeba_raw,241,7.0,i,i,UNKNOWN,,opus_tatoeba_v2023-04-12_maori_tatoeba_raw,
tatoeba_maori_tatoeba_raw,241,8.0,te,te,UNKNOWN,,opus_tatoeba_v2023-04-12_maori_tatoeba_raw,
tatoeba_maori_tatoeba_raw,241,9.0,tamariki,tamariki,UNKNOWN,,opus_tatoeba_v2023-04-12_maori_tatoeba_raw,
tatoeba_maori_tatoeba_raw,242,1.0,i,i,UNKNOWN,,opus_tatoeba_v2023-04-12_maori_tatoeba_raw,
tatoeba_maori_tatoeba_raw,242,2.0,titiro,titiro,UNKNOWN,,opus_tatoeba_v2023-04-12_maori_tatoeba_raw,
tatoeba_maori_tatoeba_raw,242,3.0,mā,mākutu,UNKNOWN,,opus_tatoeba_v2023-04-12_maori_tatoeba_raw,mākutu
tatoeba_maori_tatoeba_raw,242,3.1,kutu,mākutu,UNKNOWN,,opus_tatoeba_v2023-04-12_maori_tatoeba_raw,mākutu
tatoeba_maori_tatoeba_raw,242,4.0,a,a,UNKNOWN,,opus_tatoeba_v2023-04-12_maori_tatoeba_raw,
tatoeba_maori_tatoeba_raw,242,5.0,tom,tom,UNKNOWN,,opus_tatoeba_v2023-04-12_maori_tatoeba_raw,
tatoeba_maori_tatoeba_raw,242,6.0,ki,ki,UNKNOWN,,opus_tatoeba_v2023-04-12_maori_tatoeba_raw,
tatoeba_maori_tatoeba_raw,242,7.0,te,te,UNKNOWN,,opus_tatoeba_v2023-04-12_maori_tatoeba_raw,
tatoeba_maori_tatoeba_raw,242,8.0,whakaahua,whakaahua,UNKNOWN,,opus_tatoeba_v2023-04-12_maori_tatoeba_raw,
tatoeba_maori_tatoeba_raw,243,1.0,i,i,UNKNOWN,,opus_tatoeba_v2023-04-12_maori_tatoeba_raw,
tatoeba_maori_tatoeba_raw,243,2.0,te,te,UNKNOWN,,opus_tatoeba_v2023-04-12_maori_tatoeba_raw,
tatoeba_maori_tatoeba_raw,243,3.0,taha,taha,UNKNOWN,,opus_tatoeba_v2023-04-12_maori_tatoeba_raw,
tatoeba_maori_tatoeba_raw,243,4.0,noa,noa,UNKNOWN,,opus_tatoeba_v2023-04-12_maori_tatoeba_raw,
tatoeba_maori_tatoeba_raw,243,5.0,atu,atu,UNKNOWN,,opus_tatoeba_v2023-04-12_maori_tatoeba_raw,
tatoeba_maori_tatoeba_raw,243,6.0,ahau,ahau,UNKNOWN,,opus_tatoeba_v2023-04-12_maori_tatoeba_raw,
tatoeba_maori_tatoeba_raw,244,1.0,i,i,UNKNOWN,,opus_tatoeba_v2023-04-12_maori_tatoeba_raw,
tatoeba_maori_tatoeba_raw,244,2.0,mā,mātakitaki,UNKNOWN,,opus_tatoeba_v2023-04-12_maori_tatoeba_raw,mātakitaki
tatoeba_maori_tatoeba_raw,244,2.1,takitaki,mātakitaki,UNKNOWN,,opus_tatoeba_v2023-04-12_maori_tatoeba_raw,mātakitaki
tatoeba_maori_tatoeba_raw,244,3.0,te,te,UNKNOWN,,opus_tatoeba_v2023-04-12_maori_tatoeba_raw,
tatoeba_maori_tatoeba_raw,244,4.0,whakaminenga,whakaminenga,UNKNOWN,,opus_tatoeba_v2023-04-12_maori_tatoeba_raw,
tatoeba_maori_tatoeba_raw,244,5.0,i,i,UNKNOWN,,opus_tatoeba_v2023-04-12_maori_tatoeba_raw,
tatoeba_maori_tatoeba_raw,244,6.0,tētahi,tētahi,UNKNOWN,,opus_tatoeba_v2023-04-12_maori_tatoeba_raw,
tatoeba_maori_tatoeba_raw,244,7.0,tawhititanga,tawhititanga,UNKNOWN,,opus_tatoeba_v2023-04-12_maori_tatoeba_raw,
tatoeba_maori_tatoeba_raw,244,8.0,haumaru,haumaru,UNKNOWN,,opus_tatoeba_v2023-04-12_maori_tatoeba_raw,
tatoeba_maori_tatoeba_raw,245,1.0,he,he,UNKNOWN,,opus_tatoeba_v2023-04-12_maori_tatoeba_raw,
tatoeba_maori_tatoeba_raw,245,2.0,ka,kaupapa,UNKNOWN,,opus_tatoeba_v2023-04-12_maori_tatoeba_raw,kaupapa
tatoeba_maori_tatoeba_raw,245,2.1,upapa,kaupapa,UNKNOWN,,opus_tatoeba_v2023-04-12_maori_tatoeba_raw,kaupapa
tatoeba_maori_tatoeba_raw,245,3.0,pai,pai,UNKNOWN,,opus_tatoeba_v2023-04-12_maori_tatoeba_raw,
tatoeba_maori_tatoeba_raw,245,4.0,tēnā,tēnā,UNKNOWN,,opus_tatoeba_v2023-04-12_maori_tatoeba_raw,
tatoeba_maori_tatoeba_raw,246,1.0,kāore,kāore,UNKNOWN,,opus_tatoeba_v2023-04-12_maori_tatoeba_raw,
tatoeba_maori_tatoeba_raw,246,2.0,ahau,ahau,UNKNOWN,,opus_tatoeba_v2023-04-12_maori_tatoeba_raw,
tatoeba_maori_tatoeba_raw,246,3.0,i,i,UNKNOWN,,opus_tatoeba_v2023-04-12_maori_tatoeba_raw,
tatoeba_maori_tatoeba_raw,246,4.0,me,mea,UNKNOWN,,opus_tatoeba_v2023-04-12_maori_tatoeba_raw,mea
tatoeba_maori_tatoeba_raw,246,4.1,a,mea,UNKNOWN,,opus_tatoeba_v2023-04-12_maori_tatoeba_raw,mea
tatoeba_maori_tatoeba_raw,246,5.0,ki,ki,UNKNOWN,,opus_tatoeba_v2023-04-12_maori_tatoeba_raw,
tatoeba_maori_tatoeba_raw,246,6.0,te,te,UNKNOWN,,opus_tatoeba_v2023-04-12_maori_tatoeba_raw,
tatoeba_maori_tatoeba_raw,246,7.0,tino,tino,UNKNOWN,,opus_tatoeba_v2023-04-12_maori_tatoeba_raw,
tatoeba_maori_tatoeba_raw,246,8.0,whakatoko,whakatoko,UNKNOWN,,opus_tatoeba_v2023-04-12_maori_tatoeba_raw,
tatoeba_maori_tatoeba_raw,246,9.0,ake,ake,UNKNOWN,,opus_tatoeba_v2023-04-12_maori_tatoeba_raw,
tatoeba_maori_tatoeba_raw,246,10.0,i,i,UNKNOWN,,opus_tatoeba_v2023-04-12_maori_tatoeba_raw,
tatoeba_maori_tatoeba_raw,246,11.0,ngā,ngā,UNKNOWN,,opus_tatoeba_v2023-04-12_maori_tatoeba_raw,
tatoeba_maori_tatoeba_raw,246,12.0,ā,āhuatanga,UNKNOWN,,opus_tatoeba_v2023-04-12_maori_tatoeba_raw,āhuatanga
tatoeba_maori_tatoeba_raw,246,12.1,huatanga,āhuatanga,UNKNOWN,,opus_tatoeba_v2023-04-12_maori_tatoeba_raw,āhuatanga
tatoeba_maori_tatoeba_raw,246,13.0,e,e,UNKNOWN,,opus_tatoeba_v2023-04-12_maori_tatoeba_raw,
tatoeba_maori_tatoeba_raw,246,14.0,pā,pā,UNKNOWN,,opus_tatoeba_v2023-04-12_maori_tatoeba_raw,
tatoeba_maori_tatoeba_raw,246,15.0,ana,ana,UNKNOWN,,opus_tatoeba_v2023-04-12_maori_tatoeba_raw,
tatoeba_maori_tatoeba_raw,246,16.0,ki,ki,UNKNOWN,,opus_tatoeba_v2023-04-12_maori_tatoeba_raw,
tatoeba_maori_tatoeba_raw,246,17.0,a,a,UNKNOWN,,opus_tatoeba_v2023-04-12_maori_tatoeba_raw,
tatoeba_maori_tatoeba_raw,246,18.0,ko,koe,UNKNOWN,,opus_tatoeba_v2023-04-12_maori_tatoeba_raw,koe
tatoeba_maori_tatoeba_raw,246,18.1,e,koe,UNKNOWN,,opus_tatoeba_v2023-04-12_maori_tatoeba_raw,koe
tatoeba_maori_tatoeba_raw,247,1.0,ka,ka,UNKNOWN,,opus_tatoeba_v2023-04-12_maori_tatoeba_raw,
tatoeba_maori_tatoeba_raw,247,2.0,me,meinga,UNKNOWN,,opus_tatoeba_v2023-04-12_maori_tatoeba_raw,meinga
tatoeba_maori_tatoeba_raw,247,2.1,inga,meinga,UNKNOWN,,opus_tatoeba_v2023-04-12_maori_tatoeba_raw,meinga
tatoeba_maori_tatoeba_raw,247,3.0,auautia,auautia,UNKNOWN,,opus_tatoeba_v2023-04-12_maori_tatoeba_raw,
tatoeba_maori_tatoeba_raw,247,4.0,ngā,ngā,UNKNOWN,,opus_tatoeba_v2023-04-12_maori_tatoeba_raw,
tatoeba_maori_tatoeba_raw,247,5.0,tāngata,tāngata,UNKNOWN,,opus_tatoeba_v2023-04-12_maori_tatoeba_raw,
tatoeba_maori_tatoeba_raw,247,6.0,e,e,UNKNOWN,,opus_tatoeba_v2023-04-12_maori_tatoeba_raw,
tatoeba_maori_tatoeba_raw,247,7.0,tērā,tērā,UNKNOWN,,opus_tatoeba_v2023-04-12_maori_tatoeba_raw,
tatoeba_maori_tatoeba_raw,247,8.0,ka,kaiwhakahaere,UNKNOWN,,opus_tatoeba_v2023-04-12_maori_tatoeba_raw,kaiwhakahaere
tatoeba_maori_tatoeba_raw,247,8.1,iwhakahaere,kaiwhakahaere,UNKNOWN,,opus_tatoeba_v2023-04-12_maori_tatoeba_raw,kaiwhakahaere
tatoeba_maori_tatoeba_raw,247,9.0,ki,kia,UNKNOWN,,opus_tatoeba_v2023-04-12_maori_tatoeba_raw,kia
tatoeba_maori_tatoeba_raw,247,9.1,a,kia,UNKNOWN,,opus_tatoeba_v2023-04-12_maori_tatoeba_raw,kia
tatoeba_maori_tatoeba_raw,247,10.0,mahi,mahi,UNKNOWN,,opus_tatoeba_v2023-04-12_maori_tatoeba_raw,
tatoeba_maori_tatoeba_raw,247,11.0,i,i,UNKNOWN,,opus_tatoeba_v2023-04-12_maori_tatoeba_raw,
tatoeba_maori_tatoeba_raw,247,12.0,ngā,ngā,UNKNOWN,,opus_tatoeba_v2023-04-12_maori_tatoeba_raw,
tatoeba_maori_tatoeba_raw,247,13.0,hāora,hāora,UNKNOWN,,opus_tatoeba_v2023-04-12_maori_tatoeba_raw,
tatoeba_maori_tatoeba_raw,247,14.0,roa,roa,UNKNOWN,,opus_tatoeba_v2023-04-12_maori_tatoeba_raw,
tatoeba_maori_tatoeba_raw,248,1.0,i,i,UNKNOWN,,opus_tatoeba_v2023-04-12_maori_tatoeba_raw,
tatoeba_maori_tatoeba_raw,248,2.0,ka,kai,UNKNOWN,,opus_tatoeba_v2023-04-12_maori_tatoeba_raw,kai
tatoeba_maori_tatoeba_raw,248,2.1,i,kai,UNKNOWN,,opus_tatoeba_v2023-04-12_maori_tatoeba_raw,kai
tatoeba_maori_tatoeba_raw,248,3.0,ahau,ahau,UNKNOWN,,opus_tatoeba_v2023-04-12_maori_tatoeba_raw,
tatoeba_maori_tatoeba_raw,248,4.0,i,i,UNKNOWN,,opus_tatoeba_v2023-04-12_maori_tatoeba_raw,
tatoeba_maori_tatoeba_raw,248,5.0,tērā,tērā,UNKNOWN,,opus_tatoeba_v2023-04-12_maori_tatoeba_raw,
tatoeba_maori_tatoeba_raw,248,6.0,ā,āporo,UNKNOWN,,opus_tatoeba_v2023-04-12_maori_tatoeba_raw,āporo
tatoeba_maori_tatoeba_raw,248,6.1,poro,āporo,UNKNOWN,,opus_tatoeba_v2023-04-12_maori_tatoeba_raw,āporo
tatoeba_maori_tatoeba_raw,249,1.0,kāore,kāore,UNKNOWN,,opus_tatoeba_v2023-04-12_maori_tatoeba_raw,
tatoeba_maori_tatoeba_raw,249,2.0,ahau,ahau,UNKNOWN,,opus_tatoeba_v2023-04-12_maori_tatoeba_raw,
tatoeba_maori_tatoeba_raw,249,3.0,i,i,UNKNOWN,,opus_tatoeba_v2023-04-12_maori_tatoeba_raw,
tatoeba_maori_tatoeba_raw,249,4.0,te,te,UNKNOWN,,opus_tatoeba_v2023-04-12_maori_tatoeba_raw,
tatoeba_maori_tatoeba_raw,249,5.0,tautohetohe,tautohetohe,UNKNOWN,,opus_tatoeba_v2023-04-12_maori_tatoeba_raw,
tatoeba_maori_tatoeba_raw,249,6.0,ki,ki,UNKNOWN,,opus_tatoeba_v2023-04-12_maori_tatoeba_raw,
tatoeba_maori_tatoeba_raw,249,7.0,a,a,UNKNOWN,,opus_tatoeba_v2023-04-12_maori_tatoeba_raw,
tatoeba_maori_tatoeba_raw,249,8.0,ko,koe,UNKNOWN,,opus_tatoeba_v2023-04-12_maori_tatoeba_raw,koe
tatoeba_maori_tatoeba_raw,249,8.1,e,koe,UNKNOWN,,opus_tatoeba_v2023-04-12_maori_tatoeba_raw,koe
tatoeba_maori_tatoeba_raw,250,1.0,he,he,UNKNOWN,,opus_tatoeba_v2023-04-12_maori_tatoeba_raw,
tatoeba_maori_tatoeba_raw,250,2.0,pai,pai,UNKNOWN,,opus_tatoeba_v2023-04-12_maori_tatoeba_raw,
tatoeba_maori_tatoeba_raw,250,3.0,tonu,tonu,UNKNOWN,,opus_tatoeba_v2023-04-12_maori_tatoeba_raw,
tatoeba_maori_tatoeba_raw,250,4.0,a,a,UNKNOWN,,opus_tatoeba_v2023-04-12_maori_tatoeba_raw,
tatoeba_maori_tatoeba_raw,250,5.0,tom,tom,UNKNOWN,,opus_tatoeba_v2023-04-12_maori_tatoeba_raw,
tatoeba_maori_tatoeba_raw,250,6.0,ki,ki,UNKNOWN,,opus_tatoeba_v2023-04-12_maori_tatoeba_raw,
tatoeba_maori_tatoeba_raw,250,7.0,te,te,UNKNOWN,,opus_tatoeba_v2023-04-12_maori_tatoeba_raw,
tatoeba_maori_tatoeba_raw,250,8.0,kōrero,kōrero,UNKNOWN,,opus_tatoeba_v2023-04-12_maori_tatoeba_raw,
tatoeba_maori_tatoeba_raw,250,9.0,i,i,UNKNOWN,,opus_tatoeba_v2023-04-12_maori_tatoeba_raw,
tatoeba_maori_tatoeba_raw,250,10.0,te,te,UNKNOWN,,opus_tatoeba_v2023-04-12_maori_tatoeba_raw,
tatoeba_maori_tatoeba_raw,250,11.0,reo,reo,UNKNOWN,,opus_tatoeba_v2023-04-12_maori_tatoeba_raw,
tatoeba_maori_tatoeba_raw,250,12.0,wīwī,wīwī,UNKNOWN,,opus_tatoeba_v2023-04-12_maori_tatoeba_raw,
tatoeba_maori_tatoeba_raw,251,1.0,i,i,UNKNOWN,,opus_tatoeba_v2023-04-12_maori_tatoeba_raw,
tatoeba_maori_tatoeba_raw,251,2.0,waea,waea,UNKNOWN,,opus_tatoeba_v2023-04-12_maori_tatoeba_raw,
tatoeba_maori_tatoeba_raw,251,3.0,atu,atu,UNKNOWN,,opus_tatoeba_v2023-04-12_maori_tatoeba_raw,
tatoeba_maori_tatoeba_raw,251,4.0,ahau,ahau,UNKNOWN,,opus_tatoeba_v2023-04-12_maori_tatoeba_raw,
tatoeba_maori_tatoeba_raw,251,5.0,ki,ki,UNKNOWN,,opus_tatoeba_v2023-04-12_maori_tatoeba_raw,
tatoeba_maori_tatoeba_raw,251,6.0,a,a,UNKNOWN,,opus_tatoeba_v2023-04-12_maori_tatoeba_raw,
tatoeba_maori_tatoeba_raw,251,7.0,i,ia,UNKNOWN,,opus_tatoeba_v2023-04-12_maori_tatoeba_raw,ia
tatoeba_maori_tatoeba_raw,251,7.1,a,ia,UNKNOWN,,opus_tatoeba_v2023-04-12_maori_tatoeba_raw,ia
tatoeba_maori_tatoeba_raw,251,8.0,mā,mā,UNKNOWN,,opus_tatoeba_v2023-04-12_maori_tatoeba_raw,
tatoeba_maori_tatoeba_raw,251,9.0,te,te,UNKNOWN,,opus_tatoeba_v2023-04-12_maori_tatoeba_raw,
tatoeba_maori_tatoeba_raw,251,10.0,waea,waea,UNKNOWN,,opus_tatoeba_v2023-04-12_maori_tatoeba_raw,
tatoeba_maori_tatoeba_raw,252,1.0,i,i,UNKNOWN,,opus_tatoeba_v2023-04-12_maori_tatoeba_raw,
tatoeba_maori_tatoeba_raw,252,2.0,ētahi,ētahi,UNKNOWN,,opus_tatoeba_v2023-04-12_maori_tatoeba_raw,
tatoeba_maori_tatoeba_raw,252,3.0,wā,wā,UNKNOWN,,opus_tatoeba_v2023-04-12_maori_tatoeba_raw,
tatoeba_maori_tatoeba_raw,252,4.0,he,he,UNKNOWN,,opus_tatoeba_v2023-04-12_maori_tatoeba_raw,
tatoeba_maori_tatoeba_raw,252,5.0,pai,pai,UNKNOWN,,opus_tatoeba_v2023-04-12_maori_tatoeba_raw,
tatoeba_maori_tatoeba_raw,252,6.0,ki,ki,UNKNOWN,,opus_tatoeba_v2023-04-12_maori_tatoeba_raw,
tatoeba_maori_tatoeba_raw,252,7.0,a,a,UNKNOWN,,opus_tatoeba_v2023-04-12_maori_tatoeba_raw,
tatoeba_maori_tatoeba_raw,252,8.0,au,au,UNKNOWN,,opus_tatoeba_v2023-04-12_maori_tatoeba_raw,
tatoeba_maori_tatoeba_raw,252,9.0,te,te,UNKNOWN,,opus_tatoeba_v2023-04-12_maori_tatoeba_raw,
tatoeba_maori_tatoeba_raw,252,10.0,e,eke,UNKNOWN,,opus_tatoeba_v2023-04-12_maori_tatoeba_raw,eke
tatoeba_maori_tatoeba_raw,252,10.1,ke,eke,UNKNOWN,,opus_tatoeba_v2023-04-12_maori_tatoeba_raw,eke
tatoeba_maori_tatoeba_raw,252,11.0,hōiho,hōiho,UNKNOWN,,opus_tatoeba_v2023-04-12_maori_tatoeba_raw,
tatoeba_maori_tatoeba_raw,253,1.0,i,i,UNKNOWN,,opus_tatoeba_v2023-04-12_maori_tatoeba_raw,
tatoeba_maori_tatoeba_raw,253,2.0,hokona,hokona,UNKNOWN,,opus_tatoeba_v2023-04-12_maori_tatoeba_raw,
tatoeba_maori_tatoeba_raw,253,3.0,e,e,UNKNOWN,,opus_tatoeba_v2023-04-12_maori_tatoeba_raw,
tatoeba_maori_tatoeba_raw,253,4.0,au,au,UNKNOWN,,opus_tatoeba_v2023-04-12_maori_tatoeba_raw,
tatoeba_maori_tatoeba_raw,253,5.0,te,te,UNKNOWN,,opus_tatoeba_v2023-04-12_maori_tatoeba_raw,
tatoeba_maori_tatoeba_raw,253,6.0,pukapuka,pukapuka,UNKNOWN,,opus_tatoeba_v2023-04-12_maori_tatoeba_raw,
tatoeba_maori_tatoeba_raw,254,1.0,ka,ka,UNKNOWN,,opus_tatoeba_v2023-04-12_maori_tatoeba_raw,
tatoeba_maori_tatoeba_raw,254,2.0,hoatu,hoatu,UNKNOWN,,opus_tatoeba_v2023-04-12_maori_tatoeba_raw,
tatoeba_maori_tatoeba_raw,254,3.0,au,au,UNKNOWN,,opus_tatoeba_v2023-04-12_maori_tatoeba_raw,
tatoeba_maori_tatoeba_raw,254,4.0,ki,ki,UNKNOWN,,opus_tatoeba_v2023-04-12_maori_tatoeba_raw,
tatoeba_maori_tatoeba_raw,254,5.0,a,a,UNKNOWN,,opus_tatoeba_v2023-04-12_maori_tatoeba_raw,
tatoeba_maori_tatoeba_raw,254,6.0,ko,koe,UNKNOWN,,opus_tatoeba_v2023-04-12_maori_tatoeba_raw,koe
tatoeba_maori_tatoeba_raw,254,6.1,e,koe,UNKNOWN,,opus_tatoeba_v2023-04-12_maori_tatoeba_raw,koe
tatoeba_maori_tatoeba_raw,254,7.0,he,he,UNKNOWN,,opus_tatoeba_v2023-04-12_maori_tatoeba_raw,
tatoeba_maori_tatoeba_raw,254,8.0,tauira,tauira,UNKNOWN,,opus_tatoeba_v2023-04-12_maori_tatoeba_raw,
tatoeba_maori_tatoeba_raw,255,1.0,me,me,UNKNOWN,,opus_tatoeba_v2023-04-12_maori_tatoeba_raw,
tatoeba_maori_tatoeba_raw,255,2.0,pēhea,pēhea,UNKNOWN,,opus_tatoeba_v2023-04-12_maori_tatoeba_raw,
tatoeba_maori_tatoeba_raw,255,3.0,ko,koe,UNKNOWN,,opus_tatoeba_v2023-04-12_maori_tatoeba_raw,koe
tatoeba_maori_tatoeba_raw,255,3.1,e,koe,UNKNOWN,,opus_tatoeba_v2023-04-12_maori_tatoeba_raw,koe
tatoeba_maori_tatoeba_raw,255,4.0,e,e,UNKNOWN,,opus_tatoeba_v2023-04-12_maori_tatoeba_raw,
tatoeba_maori_tatoeba_raw,255,5.0,utu,utu,UNKNOWN,,opus_tatoeba_v2023-04-12_maori_tatoeba_raw,
tatoeba_maori_tatoeba_raw,255,6.0,ai,ai,UNKNOWN,,opus_tatoeba_v2023-04-12_maori_tatoeba_raw,
tatoeba_maori_tatoeba_raw,255,7.0,i,i,UNKNOWN,,opus_tatoeba_v2023-04-12_maori_tatoeba_raw,
tatoeba_maori_tatoeba_raw,255,8.0,ā,āu,UNKNOWN,,opus_tatoeba_v2023-04-12_maori_tatoeba_raw,āu
tatoeba_maori_tatoeba_raw,255,8.1,u,āu,UNKNOWN,,opus_tatoeba_v2023-04-12_maori_tatoeba_raw,āu
tatoeba_maori_tatoeba_raw,255,9.0,nama,nama,UNKNOWN,,opus_tatoeba_v2023-04-12_maori_tatoeba_raw,
tatoeba_maori_tatoeba_raw,256,1.0,i,i,UNKNOWN,,opus_tatoeba_v2023-04-12_maori_tatoeba_raw,
tatoeba_maori_tatoeba_raw,256,2.0,whakaitihia,whakaitihia,UNKNOWN,,opus_tatoeba_v2023-04-12_maori_tatoeba_raw,
tatoeba_maori_tatoeba_raw,256,3.0,te,te,UNKNOWN,,opus_tatoeba_v2023-04-12_maori_tatoeba_raw,
tatoeba_maori_tatoeba_raw,256,4.0,whakapae,whakapae,UNKNOWN,,opus_tatoeba_v2023-04-12_maori_tatoeba_raw,
tatoeba_maori_tatoeba_raw,256,5.0,kōhuru,kōhuru,UNKNOWN,,opus_tatoeba_v2023-04-12_maori_tatoeba_raw,
tatoeba_maori_tatoeba_raw,256,6.0,ki,ki,UNKNOWN,,opus_tatoeba_v2023-04-12_maori_tatoeba_raw,
tatoeba_maori_tatoeba_raw,256,7.0,te,te,UNKNOWN,,opus_tatoeba_v2023-04-12_maori_tatoeba_raw,
tatoeba_maori_tatoeba_raw,256,8.0,matenga,matenga,UNKNOWN,,opus_tatoeba_v2023-04-12_maori_tatoeba_raw,
tatoeba_maori_tatoeba_raw,256,9.0,pokerehū,pokerehū,UNKNOWN,,opus_tatoeba_v2023-04-12_maori_tatoeba_raw,
tatoeba_maori_tatoeba_raw,257,1.0,he,he,UNKNOWN,,opus_tatoeba_v2023-04-12_maori_tatoeba_raw,
tatoeba_maori_tatoeba_raw,257,2.0,hākawa,hākawa,UNKNOWN,,opus_tatoeba_v2023-04-12_maori_tatoeba_raw,
tatoeba_maori_tatoeba_raw,257,3.0,ahau,ahau,UNKNOWN,,opus_tatoeba_v2023-04-12_maori_tatoeba_raw,
tatoeba_maori_tatoeba_raw,257,4.0,ki,ki,UNKNOWN,,opus_tatoeba_v2023-04-12_maori_tatoeba_raw,
tatoeba_maori_tatoeba_raw,257,5.0,te,te,UNKNOWN,,opus_tatoeba_v2023-04-12_maori_tatoeba_raw,
tatoeba_maori_tatoeba_raw,257,6.0,whakapono,whakapono,UNKNOWN,,opus_tatoeba_v2023-04-12_maori_tatoeba_raw,
tatoeba_maori_tatoeba_raw,257,7.0,ki,ki,UNKNOWN,,opus_tatoeba_v2023-04-12_maori_tatoeba_raw,
tatoeba_maori_tatoeba_raw,257,8.0,a,a,UNKNOWN,,opus_tatoeba_v2023-04-12_maori_tatoeba_raw,
tatoeba_maori_tatoeba_raw,257,9.0,rāua,rāua,UNKNOWN,,opus_tatoeba_v2023-04-12_maori_tatoeba_raw,
tatoeba_maori_tatoeba_raw,258,1.0,he,he,UNKNOWN,,opus_tatoeba_v2023-04-12_maori_tatoeba_raw,
tatoeba_maori_tatoeba_raw,258,2.0,hākawa,hākawa,UNKNOWN,,opus_tatoeba_v2023-04-12_maori_tatoeba_raw,
tatoeba_maori_tatoeba_raw,258,3.0,ahau,ahau,UNKNOWN,,opus_tatoeba_v2023-04-12_maori_tatoeba_raw,
tatoeba_maori_tatoeba_raw,258,4.0,ki,ki,UNKNOWN,,opus_tatoeba_v2023-04-12_maori_tatoeba_raw,
tatoeba_maori_tatoeba_raw,258,5.0,te,te,UNKNOWN,,opus_tatoeba_v2023-04-12_maori_tatoeba_raw,
tatoeba_maori_tatoeba_raw,258,6.0,whakapono,whakapono,UNKNOWN,,opus_tatoeba_v2023-04-12_maori_tatoeba_raw,
tatoeba_maori_tatoeba_raw,258,7.0,ki,ki,UNKNOWN,,opus_tatoeba_v2023-04-12_maori_tatoeba_raw,
tatoeba_maori_tatoeba_raw,258,8.0,a,a,UNKNOWN,,opus_tatoeba_v2023-04-12_maori_tatoeba_raw,
tatoeba_maori_tatoeba_raw,258,9.0,rātou,rātou,UNKNOWN,,opus_tatoeba_v2023-04-12_maori_tatoeba_raw,
tatoeba_maori_tatoeba_raw,259,1.0,ko,ko,UNKNOWN,,opus_tatoeba_v2023-04-12_maori_tatoeba_raw,
tatoeba_maori_tatoeba_raw,259,2.0,te,te,UNKNOWN,,opus_tatoeba_v2023-04-12_maori_tatoeba_raw,
tatoeba_maori_tatoeba_raw,259,3.0,ara,ara,UNKNOWN,,opus_tatoeba_v2023-04-12_maori_tatoeba_raw,
tatoeba_maori_tatoeba_raw,259,4.0,o,o,UNKNOWN,,opus_tatoeba_v2023-04-12_maori_tatoeba_raw,
tatoeba_maori_tatoeba_raw,259,5.0,te,te,UNKNOWN,,opus_tatoeba_v2023-04-12_maori_tatoeba_raw,
tatoeba_maori_tatoeba_raw,259,6.0,whaiāipo,whaiāipo,UNKNOWN,,opus_tatoeba_v2023-04-12_maori_tatoeba_raw,
tatoeba_maori_tatoeba_raw,259,7.0,tēnei,tēnei,UNKNOWN,,opus_tatoeba_v2023-04-12_maori_tatoeba_raw,
tatoeba_maori_tatoeba_raw,260,1.0,kāore,kāore,UNKNOWN,,opus_tatoeba_v2023-04-12_maori_tatoeba_raw,
tatoeba_maori_tatoeba_raw,260,2.0,ahau,ahau,UNKNOWN,,opus_tatoeba_v2023-04-12_maori_tatoeba_raw,
tatoeba_maori_tatoeba_raw,260,3.0,i,i,UNKNOWN,,opus_tatoeba_v2023-04-12_maori_tatoeba_raw,
tatoeba_maori_tatoeba_raw,260,4.0,hoko,hoko,UNKNOWN,,opus_tatoeba_v2023-04-12_maori_tatoeba_raw,
tatoeba_maori_tatoeba_raw,260,5.0,i,i,UNKNOWN,,opus_tatoeba_v2023-04-12_maori_tatoeba_raw,
tatoeba_maori_tatoeba_raw,260,6.0,ērā,ērā,UNKNOWN,,opus_tatoeba_v2023-04-12_maori_tatoeba_raw,
tatoeba_maori_tatoeba_raw,260,7.0,me,mea,UNKNOWN,,opus_tatoeba_v2023-04-12_maori_tatoeba_raw,mea
tatoeba_maori_tatoeba_raw,260,7.1,a,mea,UNKNOWN,,opus_tatoeba_v2023-04-12_maori_tatoeba_raw,mea
tatoeba_maori_tatoeba_raw,261,1.0,e,e,UNKNOWN,,opus_tatoeba_v2023-04-12_maori_tatoeba_raw,
tatoeba_maori_tatoeba_raw,261,2.0,ki,kinongia,UNKNOWN,,opus_tatoeba_v2023-04-12_maori_tatoeba_raw,kinongia
tatoeba_maori_tatoeba_raw,261,2.1,nongia,kinongia,UNKNOWN,,opus_tatoeba_v2023-04-12_maori_tatoeba_raw,kinongia
tatoeba_maori_tatoeba_raw,261,3.0,rawatia,rawatia,UNKNOWN,,opus_tatoeba_v2023-04-12_maori_tatoeba_raw,
tatoeba_maori_tatoeba_raw,261,4.0,ana,ana,UNKNOWN,,opus_tatoeba_v2023-04-12_maori_tatoeba_raw,
tatoeba_maori_tatoeba_raw,261,5.0,ā,āna,UNKNOWN,,opus_tatoeba_v2023-04-12_maori_tatoeba_raw,āna
tatoeba_maori_tatoeba_raw,261,5.1,na,āna,UNKNOWN,,opus_tatoeba_v2023-04-12_maori_tatoeba_raw,āna
tatoeba_maori_tatoeba_raw,261,6.0,kōrero,kōrero,UNKNOWN,,opus_tatoeba_v2023-04-12_maori_tatoeba_raw,
tatoeba_maori_tatoeba_raw,261,7.0,e,e,UNKNOWN,,opus_tatoeba_v2023-04-12_maori_tatoeba_raw,
tatoeba_maori_tatoeba_raw,261,8.0,au,au,UNKNOWN,,opus_tatoeba_v2023-04-12_maori_tatoeba_raw,
tatoeba_maori_tatoeba_raw,262,1.0,i,i,UNKNOWN,,opus_tatoeba_v2023-04-12_maori_tatoeba_raw,
tatoeba_maori_tatoeba_raw,262,2.0,tonoa,tonoa,UNKNOWN,,opus_tatoeba_v2023-04-12_maori_tatoeba_raw,
tatoeba_maori_tatoeba_raw,262,3.0,e,e,UNKNOWN,,opus_tatoeba_v2023-04-12_maori_tatoeba_raw,
tatoeba_maori_tatoeba_raw,262,4.0,i,ia,UNKNOWN,,opus_tatoeba_v2023-04-12_maori_tatoeba_raw,ia
tatoeba_maori_tatoeba_raw,262,4.1,a,ia,UNKNOWN,,opus_tatoeba_v2023-04-12_maori_tatoeba_raw,ia
tatoeba_maori_tatoeba_raw,262,5.0,he,he,UNKNOWN,,opus_tatoeba_v2023-04-12_maori_tatoeba_raw,
tatoeba_maori_tatoeba_raw,262,6.0,pūtea,pūtea,UNKNOWN,,opus_tatoeba_v2023-04-12_maori_tatoeba_raw,
tatoeba_maori_tatoeba_raw,262,7.0,nui,nui,UNKNOWN,,opus_tatoeba_v2023-04-12_maori_tatoeba_raw,
tatoeba_maori_tatoeba_raw,262,8.0,i,i,UNKNOWN,,opus_tatoeba_v2023-04-12_maori_tatoeba_raw,
tatoeba_maori_tatoeba_raw,262,9.0,a,a,UNKNOWN,,opus_tatoeba_v2023-04-12_maori_tatoeba_raw,
tatoeba_maori_tatoeba_raw,262,10.0,rātou,rātou,UNKNOWN,,opus_tatoeba_v2023-04-12_maori_tatoeba_raw,
tatoeba_maori_tatoeba_raw,262,11.0,e,engari,UNKNOWN,,opus_tatoeba_v2023-04-12_maori_tatoeba_raw,engari
tatoeba_maori_tatoeba_raw,262,11.1,ngari,engari,UNKNOWN,,opus_tatoeba_v2023-04-12_maori_tatoeba_raw,engari
tatoeba_maori_tatoeba_raw,262,12.0,auare,auare,UNKNOWN,,opus_tatoeba_v2023-04-12_maori_tatoeba_raw,
tatoeba_maori_tatoeba_raw,262,13.0,ake,ake,UNKNOWN,,opus_tatoeba_v2023-04-12_maori_tatoeba_raw,
tatoeba_maori_tatoeba_raw,263,1.0,ka,ka,UNKNOWN,,opus_tatoeba_v2023-04-12_maori_tatoeba_raw,
tatoeba_maori_tatoeba_raw,263,2.0,tata,tata,UNKNOWN,,opus_tatoeba_v2023-04-12_maori_tatoeba_raw,
tatoeba_maori_tatoeba_raw,263,3.0,ahau,ahau,UNKNOWN,,opus_tatoeba_v2023-04-12_maori_tatoeba_raw,
tatoeba_maori_tatoeba_raw,263,4.0,te,te,UNKNOWN,,opus_tatoeba_v2023-04-12_maori_tatoeba_raw,
tatoeba_maori_tatoeba_raw,263,5.0,haere,haere,UNKNOWN,,opus_tatoeba_v2023-04-12_maori_tatoeba_raw,
tatoeba_maori_tatoeba_raw,263,6.0,ka,ka,UNKNOWN,,opus_tatoeba_v2023-04-12_maori_tatoeba_raw,
tatoeba_maori_tatoeba_raw,263,7.0,tae,tae,UNKNOWN,,opus_tatoeba_v2023-04-12_maori_tatoeba_raw,
tatoeba_maori_tatoeba_raw,263,8.0,mai,mai,UNKNOWN,,opus_tatoeba_v2023-04-12_maori_tatoeba_raw,
tatoeba_maori_tatoeba_raw,263,9.0,ko,koe,UNKNOWN,,opus_tatoeba_v2023-04-12_maori_tatoeba_raw,koe
tatoeba_maori_tatoeba_raw,263,9.1,e,koe,UNKNOWN,,opus_tatoeba_v2023-04-12_maori_tatoeba_raw,koe
tatoeba_maori_tatoeba_raw,264,1.0,i,i,UNKNOWN,,opus_tatoeba_v2023-04-12_maori_tatoeba_raw,
tatoeba_maori_tatoeba_raw,264,2.0,te,te,UNKNOWN,,opus_tatoeba_v2023-04-12_maori_tatoeba_raw,
tatoeba_maori_tatoeba_raw,264,3.0,matemoe,matemoe,UNKNOWN,,opus_tatoeba_v2023-04-12_maori_tatoeba_raw,
tatoeba_maori_tatoeba_raw,264,4.0,ahau,ahau,UNKNOWN,,opus_tatoeba_v2023-04-12_maori_tatoeba_raw,
tatoeba_maori_tatoeba_raw,265,1.0,tō,tōna,UNKNOWN,,opus_tatoeba_v2023-04-12_maori_tatoeba_raw,tōna
tatoeba_maori_tatoeba_raw,265,1.1,na,tōna,UNKNOWN,,opus_tatoeba_v2023-04-12_maori_tatoeba_raw,tōna
tatoeba_maori_tatoeba_raw,265,2.0,tikanga,tikanga,UNKNOWN,,opus_tatoeba_v2023-04-12_maori_tatoeba_raw,
tatoeba_maori_tatoeba_raw,265,3.0,e,e,UNKNOWN,,opus_tatoeba_v2023-04-12_maori_tatoeba_raw,
tatoeba_maori_tatoeba_raw,265,4.0,harawene,harawene,UNKNOWN,,opus_tatoeba_v2023-04-12_maori_tatoeba_raw,
tatoeba_maori_tatoeba_raw,265,5.0,a,a,UNKNOWN,,opus_tatoeba_v2023-04-12_maori_tatoeba_raw,
tatoeba_maori_tatoeba_raw,265,6.0,tom,tom,UNKNOWN,,opus_tatoeba_v2023-04-12_maori_tatoeba_raw,
tatoeba_maori_tatoeba_raw,266,1.0,e,e,UNKNOWN,,opus_tatoeba_v2023-04-12_maori_tatoeba_raw,
tatoeba_maori_tatoeba_raw,266,2.0,hiahiatia,hiahiatia,UNKNOWN,,opus_tatoeba_v2023-04-12_maori_tatoeba_raw,
tatoeba_maori_tatoeba_raw,266,3.0,ana,ana,UNKNOWN,,opus_tatoeba_v2023-04-12_maori_tatoeba_raw,
tatoeba_maori_tatoeba_raw,266,4.0,ki,kia,UNKNOWN,,opus_tatoeba_v2023-04-12_maori_tatoeba_raw,kia
tatoeba_maori_tatoeba_raw,266,4.1,a,kia,UNKNOWN,,opus_tatoeba_v2023-04-12_maori_tatoeba_raw,kia
tatoeba_maori_tatoeba_raw,266,5.0,tapia,tapia,UNKNOWN,,opus_tatoeba_v2023-04-12_maori_tatoeba_raw,
tatoeba_maori_tatoeba_raw,266,6.0,tāku,tāku,UNKNOWN,,opus_tatoeba_v2023-04-12_maori_tatoeba_raw,
tatoeba_maori_tatoeba_raw,266,7.0,wati,wati,UNKNOWN,,opus_tatoeba_v2023-04-12_maori_tatoeba_raw,
tatoeba_maori_tatoeba_raw,267,1.0,i,i,UNKNOWN,,opus_tatoeba_v2023-04-12_maori_tatoeba_raw,
tatoeba_maori_tatoeba_raw,267,2.0,te,tere,UNKNOWN,,opus_tatoeba_v2023-04-12_maori_tatoeba_raw,tere
tatoeba_maori_tatoeba_raw,267,2.1,re,tere,UNKNOWN,,opus_tatoeba_v2023-04-12_maori_tatoeba_raw,tere
tatoeba_maori_tatoeba_raw,267,3.0,a,a,UNKNOWN,,opus_tatoeba_v2023-04-12_maori_tatoeba_raw,
tatoeba_maori_tatoeba_raw,267,4.0,tom,tom,UNKNOWN,,opus_tatoeba_v2023-04-12_maori_tatoeba_raw,
tatoeba_maori_tatoeba_raw,267,5.0,ki,ki,UNKNOWN,,opus_tatoeba_v2023-04-12_maori_tatoeba_raw,
tatoeba_maori_tatoeba_raw,267,6.0,te,te,UNKNOWN,,opus_tatoeba_v2023-04-12_maori_tatoeba_raw,
tatoeba_maori_tatoeba_raw,267,7.0,piki,piki,UNKNOWN,,opus_tatoeba_v2023-04-12_maori_tatoeba_raw,
tatoeba_maori_tatoeba_raw,267,8.0,ake,ake,UNKNOWN,,opus_tatoeba_v2023-04-12_maori_tatoeba_raw,
tatoeba_maori_tatoeba_raw,267,9.0,i,i,UNKNOWN,,opus_tatoeba_v2023-04-12_maori_tatoeba_raw,
tatoeba_maori_tatoeba_raw,267,10.0,te,te,UNKNOWN,,opus_tatoeba_v2023-04-12_maori_tatoeba_raw,
tatoeba_maori_tatoeba_raw,267,11.0,arapiki,arapiki,UNKNOWN,,opus_tatoeba_v2023-04-12_maori_tatoeba_raw,
tatoeba_maori_tatoeba_raw,268,1.0,i,i,UNKNOWN,,opus_tatoeba_v2023-04-12_maori_tatoeba_raw,
tatoeba_maori_tatoeba_raw,268,2.0,whakatūria,whakatūria,UNKNOWN,,opus_tatoeba_v2023-04-12_maori_tatoeba_raw,
tatoeba_maori_tatoeba_raw,268,3.0,ā,ā,UNKNOWN,,opus_tatoeba_v2023-04-12_maori_tatoeba_raw,
tatoeba_maori_tatoeba_raw,268,4.0,mā,mātou,UNKNOWN,,opus_tatoeba_v2023-04-12_maori_tatoeba_raw,mātou
tatoeba_maori_tatoeba_raw,268,4.1,tou,mātou,UNKNOWN,,opus_tatoeba_v2023-04-12_maori_tatoeba_raw,mātou
tatoeba_maori_tatoeba_raw,268,5.0,tēneti,tēneti,UNKNOWN,,opus_tatoeba_v2023-04-12_maori_tatoeba_raw,
tatoeba_maori_tatoeba_raw,268,6.0,e,e,UNKNOWN,,opus_tatoeba_v2023-04-12_maori_tatoeba_raw,
tatoeba_maori_tatoeba_raw,268,7.0,mā,mātou,UNKNOWN,,opus_tatoeba_v2023-04-12_maori_tatoeba_raw,mātou
tatoeba_maori_tatoeba_raw,268,7.1,tou,mātou,UNKNOWN,,opus_tatoeba_v2023-04-12_maori_tatoeba_raw,mātou
tatoeba_maori_tatoeba_raw,268,8.0,i,i,UNKNOWN,,opus_tatoeba_v2023-04-12_maori_tatoeba_raw,
tatoeba_maori_tatoeba_raw,268,9.0,mua,mua,UNKNOWN,,opus_tatoeba_v2023-04-12_maori_tatoeba_raw,
tatoeba_maori_tatoeba_raw,268,10.0,i,i,UNKNOWN,,opus_tatoeba_v2023-04-12_maori_tatoeba_raw,
tatoeba_maori_tatoeba_raw,268,11.0,te,te,UNKNOWN,,opus_tatoeba_v2023-04-12_maori_tatoeba_raw,
tatoeba_maori_tatoeba_raw,268,12.0,pō,pō,UNKNOWN,,opus_tatoeba_v2023-04-12_maori_tatoeba_raw,
tatoeba_maori_tatoeba_raw,269,1.0,i,i,UNKNOWN,,opus_tatoeba_v2023-04-12_maori_tatoeba_raw,
tatoeba_maori_tatoeba_raw,269,2.0,pēhea,pēhea,UNKNOWN,,opus_tatoeba_v2023-04-12_maori_tatoeba_raw,
tatoeba_maori_tatoeba_raw,269,3.0,rātou,rātou,UNKNOWN,,opus_tatoeba_v2023-04-12_maori_tatoeba_raw,
tatoeba_maori_tatoeba_raw,269,4.0,i,i,UNKNOWN,,opus_tatoeba_v2023-04-12_maori_tatoeba_raw,
tatoeba_maori_tatoeba_raw,269,5.0,whakamatea,whakamatea,UNKNOWN,,opus_tatoeba_v2023-04-12_maori_tatoeba_raw,
tatoeba_maori_tatoeba_raw,269,6.0,ai,ai,UNKNOWN,,opus_tatoeba_v2023-04-12_maori_tatoeba_raw,
tatoeba_maori_tatoeba_raw,270,1.0,he,he,UNKNOWN,,opus_tatoeba_v2023-04-12_maori_tatoeba_raw,
tatoeba_maori_tatoeba_raw,270,2.0,aha,aha,UNKNOWN,,opus_tatoeba_v2023-04-12_maori_tatoeba_raw,
tatoeba_maori_tatoeba_raw,270,3.0,te,te,UNKNOWN,,opus_tatoeba_v2023-04-12_maori_tatoeba_raw,
tatoeba_maori_tatoeba_raw,270,4.0,wā,wā,UNKNOWN,,opus_tatoeba_v2023-04-12_maori_tatoeba_raw,
tatoeba_maori_tatoeba_raw,270,5.0,me,me,UNKNOWN,,opus_tatoeba_v2023-04-12_maori_tatoeba_raw,
tatoeba_maori_tatoeba_raw,270,6.0,whakamōhio,whakamōhio,UNKNOWN,,opus_tatoeba_v2023-04-12_maori_tatoeba_raw,
tatoeba_maori_tatoeba_raw,270,7.0,atu,atu,UNKNOWN,,opus_tatoeba_v2023-04-12_maori_tatoeba_raw,
tatoeba_maori_tatoeba_raw,270,8.0,tātou,tātou,UNKNOWN,,opus_tatoeba_v2023-04-12_maori_tatoeba_raw,
tatoeba_maori_tatoeba_raw,270,9.0,ki,ki,UNKNOWN,,opus_tatoeba_v2023-04-12_maori_tatoeba_raw,
tatoeba_maori_tatoeba_raw,270,10.0,a,a,UNKNOWN,,opus_tatoeba_v2023-04-12_maori_tatoeba_raw,
tatoeba_maori_tatoeba_raw,270,11.0,i,ia,UNKNOWN,,opus_tatoeba_v2023-04-12_maori_tatoeba_raw,ia
tatoeba_maori_tatoeba_raw,270,11.1,a,ia,UNKNOWN,,opus_tatoeba_v2023-04-12_maori_tatoeba_raw,ia
tatoeba_maori_tatoeba_raw,271,1.0,i,i,UNKNOWN,,opus_tatoeba_v2023-04-12_maori_tatoeba_raw,
tatoeba_maori_tatoeba_raw,271,2.0,rongo,rongo,UNKNOWN,,opus_tatoeba_v2023-04-12_maori_tatoeba_raw,
tatoeba_maori_tatoeba_raw,271,3.0,kōrero,kōrero,UNKNOWN,,opus_tatoeba_v2023-04-12_maori_tatoeba_raw,
tatoeba_maori_tatoeba_raw,271,4.0,ko,koe,UNKNOWN,,opus_tatoeba_v2023-04-12_maori_tatoeba_raw,koe
tatoeba_maori_tatoeba_raw,271,4.1,e,koe,UNKNOWN,,opus_tatoeba_v2023-04-12_maori_tatoeba_raw,koe
tatoeba_maori_tatoeba_raw,271,5.0,mō,mō,UNKNOWN,,opus_tatoeba_v2023-04-12_maori_tatoeba_raw,
tatoeba_maori_tatoeba_raw,271,6.0,te,te,UNKNOWN,,opus_tatoeba_v2023-04-12_maori_tatoeba_raw,
tatoeba_maori_tatoeba_raw,271,7.0,ahi,ahi,UNKNOWN,,opus_tatoeba_v2023-04-12_maori_tatoeba_raw,
tatoeba_maori_tatoeba_raw,271,8.0,o,o,UNKNOWN,,opus_tatoeba_v2023-04-12_maori_tatoeba_raw,
tatoeba_maori_tatoeba_raw,271,9.0,nanahi,nanahi,UNKNOWN,,opus_tatoeba_v2023-04-12_maori_tatoeba_raw,
tatoeba_maori_tatoeba_raw,272,1.0,kāore,kāore,UNKNOWN,,opus_tatoeba_v2023-04-12_maori_tatoeba_raw,
tatoeba_maori_tatoeba_raw,272,2.0,a,a,UNKNOWN,,opus_tatoeba_v2023-04-12_maori_tatoeba_raw,
tatoeba_maori_tatoeba_raw,272,3.0,tom,tom,UNKNOWN,,opus_tatoeba_v2023-04-12_maori_tatoeba_raw,
tatoeba_maori_tatoeba_raw,272,4.0,i,i,UNKNOWN,,opus_tatoeba_v2023-04-12_maori_tatoeba_raw,
tatoeba_maori_tatoeba_raw,272,5.0,tonoa,tonoa,UNKNOWN,,opus_tatoeba_v2023-04-12_maori_tatoeba_raw,
tatoeba_maori_tatoeba_raw,272,6.0,e,e,UNKNOWN,,opus_tatoeba_v2023-04-12_maori_tatoeba_raw,
tatoeba_maori_tatoeba_raw,272,7.0,au,au,UNKNOWN,,opus_tatoeba_v2023-04-12_maori_tatoeba_raw,
tatoeba_maori_tatoeba_raw,272,8.0,ki,kia,UNKNOWN,,opus_tatoeba_v2023-04-12_maori_tatoeba_raw,kia
tatoeba_maori_tatoeba_raw,272,8.1,a,kia,UNKNOWN,,opus_tatoeba_v2023-04-12_maori_tatoeba_raw,kia
tatoeba_maori_tatoeba_raw,272,9.0,haere,haere,UNKNOWN,,opus_tatoeba_v2023-04-12_maori_tatoeba_raw,
tatoeba_maori_tatoeba_raw,272,10.0,mai,mai,UNKNOWN,,opus_tatoeba_v2023-04-12_maori_tatoeba_raw,
tatoeba_maori_tatoeba_raw,273,1.0,he,he,UNKNOWN,,opus_tatoeba_v2023-04-12_maori_tatoeba_raw,
tatoeba_maori_tatoeba_raw,273,2.0,pai,pai,UNKNOWN,,opus_tatoeba_v2023-04-12_maori_tatoeba_raw,
tatoeba_maori_tatoeba_raw,273,3.0,kē,kē,UNKNOWN,,opus_tatoeba_v2023-04-12_maori_tatoeba_raw,
tatoeba_maori_tatoeba_raw,273,4.0,ki,ki,UNKNOWN,,opus_tatoeba_v2023-04-12_maori_tatoeba_raw,
tatoeba_maori_tatoeba_raw,273,5.0,a,a,UNKNOWN,,opus_tatoeba_v2023-04-12_maori_tatoeba_raw,
tatoeba_maori_tatoeba_raw,273,6.0,au,au,UNKNOWN,,opus_tatoeba_v2023-04-12_maori_tatoeba_raw,
tatoeba_maori_tatoeba_raw,273,7.0,te,te,UNKNOWN,,opus_tatoeba_v2023-04-12_maori_tatoeba_raw,
tatoeba_maori_tatoeba_raw,273,8.0,noho,noho,UNKNOWN,,opus_tatoeba_v2023-04-12_maori_tatoeba_raw,
tatoeba_maori_tatoeba_raw,273,9.0,ki,ki,UNKNOWN,,opus_tatoeba_v2023-04-12_maori_tatoeba_raw,
tatoeba_maori_tatoeba_raw,273,10.0,te,te,UNKNOWN,,opus_tatoeba_v2023-04-12_maori_tatoeba_raw,
tatoeba_maori_tatoeba_raw,273,11.0,kāinga,kāinga,UNKNOWN,,opus_tatoeba_v2023-04-12_maori_tatoeba_raw,
tatoeba_maori_tatoeba_raw,273,12.0,i,i,UNKNOWN,,opus_tatoeba_v2023-04-12_maori_tatoeba_raw,
tatoeba_maori_tatoeba_raw,273,13.0,te,te,UNKNOWN,,opus_tatoeba_v2023-04-12_maori_tatoeba_raw,
tatoeba_maori_tatoeba_raw,273,14.0,haere,haere,UNKNOWN,,opus_tatoeba_v2023-04-12_maori_tatoeba_raw,
tatoeba_maori_tatoeba_raw,273,15.0,ki,ki,UNKNOWN,,opus_tatoeba_v2023-04-12_maori_tatoeba_raw,
tatoeba_maori_tatoeba_raw,273,16.0,te,te,UNKNOWN,,opus_tatoeba_v2023-04-12_maori_tatoeba_raw,
tatoeba_maori_tatoeba_raw,273,17.0,hī,hī,UNKNOWN,,opus_tatoeba_v2023-04-12_maori_tatoeba_raw,
tatoeba_maori_tatoeba_raw,273,18.0,i,ika,UNKNOWN,,opus_tatoeba_v2023-04-12_maori_tatoeba_raw,ika
tatoeba_maori_tatoeba_raw,273,18.1,ka,ika,UNKNOWN,,opus_tatoeba_v2023-04-12_maori_tatoeba_raw,ika
tatoeba_maori_tatoeba_raw,274,1.0,kua,kua,UNKNOWN,,opus_tatoeba_v2023-04-12_maori_tatoeba_raw,
tatoeba_maori_tatoeba_raw,274,2.0,tuhia,tuhia,UNKNOWN,,opus_tatoeba_v2023-04-12_maori_tatoeba_raw,
tatoeba_maori_tatoeba_raw,274,3.0,e,e,UNKNOWN,,opus_tatoeba_v2023-04-12_maori_tatoeba_raw,
tatoeba_maori_tatoeba_raw,274,4.0,au,au,UNKNOWN,,opus_tatoeba_v2023-04-12_maori_tatoeba_raw,
tatoeba_maori_tatoeba_raw,274,5.0,tana,tana,UNKNOWN,,opus_tatoeba_v2023-04-12_maori_tatoeba_raw,
tatoeba_maori_tatoeba_raw,274,6.0,nama,nama,UNKNOWN,,opus_tatoeba_v2023-04-12_maori_tatoeba_raw,
tatoeba_maori_tatoeba_raw,274,7.0,waea,waea,UNKNOWN,,opus_tatoeba_v2023-04-12_maori_tatoeba_raw,
tatoeba_maori_tatoeba_raw,275,1.0,kāore,kāore,UNKNOWN,,opus_tatoeba_v2023-04-12_maori_tatoeba_raw,
tatoeba_maori_tatoeba_raw,275,2.0,i,i,UNKNOWN,,opus_tatoeba_v2023-04-12_maori_tatoeba_raw,
tatoeba_maori_tatoeba_raw,275,3.0,uaua,uaua,UNKNOWN,,opus_tatoeba_v2023-04-12_maori_tatoeba_raw,
tatoeba_maori_tatoeba_raw,276,1.0,i,i,UNKNOWN,,opus_tatoeba_v2023-04-12_maori_tatoeba_raw,
tatoeba_maori_tatoeba_raw,276,2.0,mahue,mahue,UNKNOWN,,opus_tatoeba_v2023-04-12_maori_tatoeba_raw,
tatoeba_maori_tatoeba_raw,276,3.0,i,iho,UNKNOWN,,opus_tatoeba_v2023-04-12_maori_tatoeba_raw,iho
tatoeba_maori_tatoeba_raw,276,3.1,ho,iho,UNKNOWN,,opus_tatoeba_v2023-04-12_maori_tatoeba_raw,iho
tatoeba_maori_tatoeba_raw,276,4.0,rātou,rātou,UNKNOWN,,opus_tatoeba_v2023-04-12_maori_tatoeba_raw,
tatoeba_maori_tatoeba_raw,276,5.0,i,i,UNKNOWN,,opus_tatoeba_v2023-04-12_maori_tatoeba_raw,
tatoeba_maori_tatoeba_raw,276,6.0,te,te,UNKNOWN,,opus_tatoeba_v2023-04-12_maori_tatoeba_raw,
tatoeba_maori_tatoeba_raw,276,7.0,wāhi,wāhi,UNKNOWN,,opus_tatoeba_v2023-04-12_maori_tatoeba_raw,
tatoeba_maori_tatoeba_raw,276,8.0,o,o,UNKNOWN,,opus_tatoeba_v2023-04-12_maori_tatoeba_raw,
tatoeba_maori_tatoeba_raw,276,9.0,te,te,UNKNOWN,,opus_tatoeba_v2023-04-12_maori_tatoeba_raw,
tatoeba_maori_tatoeba_raw,276,10.0,hoariri,hoariri,UNKNOWN,,opus_tatoeba_v2023-04-12_maori_tatoeba_raw,
tatoeba_maori_tatoeba_raw,277,1.0,i,i,UNKNOWN,,opus_tatoeba_v2023-04-12_maori_tatoeba_raw,
tatoeba_maori_tatoeba_raw,277,2.0,te,te,UNKNOWN,,opus_tatoeba_v2023-04-12_maori_tatoeba_raw,
tatoeba_maori_tatoeba_raw,277,3.0,noho,noho,UNKNOWN,,opus_tatoeba_v2023-04-12_maori_tatoeba_raw,
tatoeba_maori_tatoeba_raw,277,4.0,noa,noa,UNKNOWN,,opus_tatoeba_v2023-04-12_maori_tatoeba_raw,
tatoeba_maori_tatoeba_raw,277,5.0,a,a,UNKNOWN,,opus_tatoeba_v2023-04-12_maori_tatoeba_raw,
tatoeba_maori_tatoeba_raw,277,6.0,tom,tom,UNKNOWN,,opus_tatoeba_v2023-04-12_maori_tatoeba_raw,
tatoeba_maori_tatoeba_raw,277,7.0,i,i,UNKNOWN,,opus_tatoeba_v2023-04-12_maori_tatoeba_raw,
tatoeba_maori_tatoeba_raw,277,8.0,reira,reira,UNKNOWN,,opus_tatoeba_v2023-04-12_maori_tatoeba_raw,
tatoeba_maori_tatoeba_raw,277,9.0,kāore,kāore,UNKNOWN,,opus_tatoeba_v2023-04-12_maori_tatoeba_raw,
tatoeba_maori_tatoeba_raw,277,10.0,he,he,UNKNOWN,,opus_tatoeba_v2023-04-12_maori_tatoeba_raw,
tatoeba_maori_tatoeba_raw,277,11.0,aha,aha,UNKNOWN,,opus_tatoeba_v2023-04-12_maori_tatoeba_raw,
tatoeba_maori_tatoeba_raw,277,12.0,i,i,UNKNOWN,,opus_tatoeba_v2023-04-12_maori_tatoeba_raw,
tatoeba_maori_tatoeba_raw,277,13.0,puta,puta,UNKNOWN,,opus_tatoeba_v2023-04-12_maori_tatoeba_raw,
tatoeba_maori_tatoeba_raw,277,14.0,i,i,UNKNOWN,,opus_tatoeba_v2023-04-12_maori_tatoeba_raw,
tatoeba_maori_tatoeba_raw,277,15.0,tō,tōna,UNKNOWN,,opus_tatoeba_v2023-04-12_maori_tatoeba_raw,tōna
tatoeba_maori_tatoeba_raw,277,15.1,na,tōna,UNKNOWN,,opus_tatoeba_v2023-04-12_maori_tatoeba_raw,tōna
tatoeba_maori_tatoeba_raw,277,16.0,waha,waha,UNKNOWN,,opus_tatoeba_v2023-04-12_maori_tatoeba_raw,
tatoeba_maori_tatoeba_raw,278,1.0,i,i,UNKNOWN,,opus_tatoeba_v2023-04-12_maori_tatoeba_raw,
tatoeba_maori_tatoeba_raw,278,2.0,ā,āta,UNKNOWN,,opus_tatoeba_v2023-04-12_maori_tatoeba_raw,āta
tatoeba_maori_tatoeba_raw,278,2.1,ta,āta,UNKNOWN,,opus_tatoeba_v2023-04-12_maori_tatoeba_raw,āta
tatoeba_maori_tatoeba_raw,278,3.0,tirohia,tirohia,UNKNOWN,,opus_tatoeba_v2023-04-12_maori_tatoeba_raw,
tatoeba_maori_tatoeba_raw,278,4.0,i,ia,UNKNOWN,,opus_tatoeba_v2023-04-12_maori_tatoeba_raw,ia
tatoeba_maori_tatoeba_raw,278,4.1,a,ia,UNKNOWN,,opus_tatoeba_v2023-04-12_maori_tatoeba_raw,ia
tatoeba_maori_tatoeba_raw,278,5.0,e,e,UNKNOWN,,opus_tatoeba_v2023-04-12_maori_tatoeba_raw,
tatoeba_maori_tatoeba_raw,278,6.0,tom,tom,UNKNOWN,,opus_tatoeba_v2023-04-12_maori_tatoeba_raw,
tatoeba_maori_tatoeba_raw,279,1.0,aroha,aroha,UNKNOWN,,opus_tatoeba_v2023-04-12_maori_tatoeba_raw,
tatoeba_maori_tatoeba_raw,279,2.0,mai,mai,UNKNOWN,,opus_tatoeba_v2023-04-12_maori_tatoeba_raw,
tatoeba_maori_tatoeba_raw,279,3.0,e,engari,UNKNOWN,,opus_tatoeba_v2023-04-12_maori_tatoeba_raw,engari
tatoeba_maori_tatoeba_raw,279,3.1,ngari,engari,UNKNOWN,,opus_tatoeba_v2023-04-12_maori_tatoeba_raw,engari
tatoeba_maori_tatoeba_raw,279,4.0,me,me,UNKNOWN,,opus_tatoeba_v2023-04-12_maori_tatoeba_raw,
tatoeba_maori_tatoeba_raw,279,5.0,haere,haere,UNKNOWN,,opus_tatoeba_v2023-04-12_maori_tatoeba_raw,
tatoeba_maori_tatoeba_raw,279,6.0,ko,koe,UNKNOWN,,opus_tatoeba_v2023-04-12_maori_tatoeba_raw,koe
tatoeba_maori_tatoeba_raw,279,6.1,e,koe,UNKNOWN,,opus_tatoeba_v2023-04-12_maori_tatoeba_raw,koe
tatoeba_maori_tatoeba_raw,280,1.0,he,he,UNKNOWN,,opus_tatoeba_v2023-04-12_maori_tatoeba_raw,
tatoeba_maori_tatoeba_raw,280,2.0,tino,tino,UNKNOWN,,opus_tatoeba_v2023-04-12_maori_tatoeba_raw,
tatoeba_maori_tatoeba_raw,280,3.0,rawe,rawe,UNKNOWN,,opus_tatoeba_v2023-04-12_maori_tatoeba_raw,
tatoeba_maori_tatoeba_raw,280,4.0,a,a,UNKNOWN,,opus_tatoeba_v2023-04-12_maori_tatoeba_raw,
tatoeba_maori_tatoeba_raw,280,5.0,tom,tom,UNKNOWN,,opus_tatoeba_v2023-04-12_maori_tatoeba_raw,
tatoeba_maori_tatoeba_raw,281,1.0,he,he,UNKNOWN,,opus_tatoeba_v2023-04-12_maori_tatoeba_raw,
tatoeba_maori_tatoeba_raw,281,2.0,whakamataku,whakamataku,UNKNOWN,,opus_tatoeba_v2023-04-12_maori_tatoeba_raw,
tatoeba_maori_tatoeba_raw,281,3.0,te,te,UNKNOWN,,opus_tatoeba_v2023-04-12_maori_tatoeba_raw,
tatoeba_maori_tatoeba_raw,281,4.0,pūngāwerewere,pūngāwerewere,UNKNOWN,,opus_tatoeba_v2023-04-12_maori_tatoeba_raw,
tatoeba_maori_tatoeba_raw,281,5.0,ki,ki,UNKNOWN,,opus_tatoeba_v2023-04-12_maori_tatoeba_raw,
tatoeba_maori_tatoeba_raw,281,6.0,a,a,UNKNOWN,,opus_tatoeba_v2023-04-12_maori_tatoeba_raw,
tatoeba_maori_tatoeba_raw,281,7.0,au,au,UNKNOWN,,opus_tatoeba_v2023-04-12_maori_tatoeba_raw,
tatoeba_maori_tatoeba_raw,282,1.0,i,i,UNKNOWN,,opus_tatoeba_v2023-04-12_maori_tatoeba_raw,
tatoeba_maori_tatoeba_raw,282,2.0,tērā,tērā,UNKNOWN,,opus_tatoeba_v2023-04-12_maori_tatoeba_raw,
tatoeba_maori_tatoeba_raw,282,3.0,pō,pō,UNKNOWN,,opus_tatoeba_v2023-04-12_maori_tatoeba_raw,
tatoeba_maori_tatoeba_raw,282,4.0,mā,māua,UNKNOWN,,opus_tatoeba_v2023-04-12_maori_tatoeba_raw,māua
tatoeba_maori_tatoeba_raw,282,4.1,ua,māua,UNKNOWN,,opus_tatoeba_v2023-04-12_maori_tatoeba_raw,māua
tatoeba_maori_tatoeba_raw,282,5.0,i,i,UNKNOWN,,opus_tatoeba_v2023-04-12_maori_tatoeba_raw,
tatoeba_maori_tatoeba_raw,282,6.0,mā,mātakitaki,UNKNOWN,,opus_tatoeba_v2023-04-12_maori_tatoeba_raw,mātakitaki
tatoeba_maori_tatoeba_raw,282,6.1,takitaki,mātakitaki,UNKNOWN,,opus_tatoeba_v2023-04-12_maori_tatoeba_raw,mātakitaki
tatoeba_maori_tatoeba_raw,282,7.0,ai,ai,UNKNOWN,,opus_tatoeba_v2023-04-12_maori_tatoeba_raw,
tatoeba_maori_tatoeba_raw,282,8.0,i,i,UNKNOWN,,opus_tatoeba_v2023-04-12_maori_tatoeba_raw,
tatoeba_maori_tatoeba_raw,282,9.0,tētahi,tētahi,UNKNOWN,,opus_tatoeba_v2023-04-12_maori_tatoeba_raw,
tatoeba_maori_tatoeba_raw,282,10.0,pikitia,pikitia,UNKNOWN,,opus_tatoeba_v2023-04-12_maori_tatoeba_raw,
tatoeba_maori_tatoeba_raw,282,11.0,whakaaroha,whakaaroha,UNKNOWN,,opus_tatoeba_v2023-04-12_maori_tatoeba_raw,
tatoeba_maori_tatoeba_raw,282,12.0,i,i,UNKNOWN,,opus_tatoeba_v2023-04-12_maori_tatoeba_raw,
tatoeba_maori_tatoeba_raw,282,13.0,te,te,UNKNOWN,,opus_tatoeba_v2023-04-12_maori_tatoeba_raw,
tatoeba_maori_tatoeba_raw,282,14.0,whare,whare,UNKNOWN,,opus_tatoeba_v2023-04-12_maori_tatoeba_raw,
tatoeba_maori_tatoeba_raw,282,15.0,pikitia,pikitia,UNKNOWN,,opus_tatoeba_v2023-04-12_maori_tatoeba_raw,
tatoeba_maori_tatoeba_raw,283,1.0,taihoa,taihoa,UNKNOWN,,opus_tatoeba_v2023-04-12_maori_tatoeba_raw,
tatoeba_maori_tatoeba_raw,283,2.0,ake,ake,UNKNOWN,,opus_tatoeba_v2023-04-12_maori_tatoeba_raw,
tatoeba_maori_tatoeba_raw,284,1.0,kei,kei,UNKNOWN,,opus_tatoeba_v2023-04-12_maori_tatoeba_raw,
tatoeba_maori_tatoeba_raw,284,2.0,he,hea,UNKNOWN,,opus_tatoeba_v2023-04-12_maori_tatoeba_raw,hea
tatoeba_maori_tatoeba_raw,284,2.1,a,hea,UNKNOWN,,opus_tatoeba_v2023-04-12_maori_tatoeba_raw,hea
tatoeba_maori_tatoeba_raw,284,3.0,tētahi,tētahi,UNKNOWN,,opus_tatoeba_v2023-04-12_maori_tatoeba_raw,
tatoeba_maori_tatoeba_raw,284,4.0,whare,whare,UNKNOWN,,opus_tatoeba_v2023-04-12_maori_tatoeba_raw,
tatoeba_maori_tatoeba_raw,284,5.0,ka,kai,UNKNOWN,,opus_tatoeba_v2023-04-12_maori_tatoeba_raw,kai
tatoeba_maori_tatoeba_raw,284,5.1,i,kai,UNKNOWN,,opus_tatoeba_v2023-04-12_maori_tatoeba_raw,kai
tatoeba_maori_tatoeba_raw,284,6.0,pai,pai,UNKNOWN,,opus_tatoeba_v2023-04-12_maori_tatoeba_raw,
tatoeba_maori_tatoeba_raw,284,7.0,i,i,UNKNOWN,,opus_tatoeba_v2023-04-12_maori_tatoeba_raw,
tatoeba_maori_tatoeba_raw,284,8.0,ko,konei,UNKNOWN,,opus_tatoeba_v2023-04-12_maori_tatoeba_raw,konei
tatoeba_maori_tatoeba_raw,284,8.1,nei,konei,UNKNOWN,,opus_tatoeba_v2023-04-12_maori_tatoeba_raw,konei
tatoeba_maori_tatoeba_raw,285,1.0,e,e,UNKNOWN,,opus_tatoeba_v2023-04-12_maori_tatoeba_raw,
tatoeba_maori_tatoeba_raw,285,2.0,rata,rata,UNKNOWN,,opus_tatoeba_v2023-04-12_maori_tatoeba_raw,
tatoeba_maori_tatoeba_raw,285,3.0,ana,ana,UNKNOWN,,opus_tatoeba_v2023-04-12_maori_tatoeba_raw,
tatoeba_maori_tatoeba_raw,285,4.0,mā,mātou,UNKNOWN,,opus_tatoeba_v2023-04-12_maori_tatoeba_raw,mātou
tatoeba_maori_tatoeba_raw,285,4.1,tou,mātou,UNKNOWN,,opus_tatoeba_v2023-04-12_maori_tatoeba_raw,mātou
tatoeba_maori_tatoeba_raw,285,5.0,ka,katoa,UNKNOWN,,opus_tatoeba_v2023-04-12_maori_tatoeba_raw,katoa
tatoeba_maori_tatoeba_raw,285,5.1,toa,katoa,UNKNOWN,,opus_tatoeba_v2023-04-12_maori_tatoeba_raw,katoa
tatoeba_maori_tatoeba_raw,285,6.0,ki,ki,UNKNOWN,,opus_tatoeba_v2023-04-12_maori_tatoeba_raw,
tatoeba_maori_tatoeba_raw,285,7.0,a,a,UNKNOWN,,opus_tatoeba_v2023-04-12_maori_tatoeba_raw,
tatoeba_maori_tatoeba_raw,285,8.0,tom,tom,UNKNOWN,,opus_tatoeba_v2023-04-12_maori_tatoeba_raw,
tatoeba_maori_tatoeba_raw,286,1.0,i,i,UNKNOWN,,opus_tatoeba_v2023-04-12_maori_tatoeba_raw,
tatoeba_maori_tatoeba_raw,286,2.0,noho,noho,UNKNOWN,,opus_tatoeba_v2023-04-12_maori_tatoeba_raw,
tatoeba_maori_tatoeba_raw,286,3.0,tino,tino,UNKNOWN,,opus_tatoeba_v2023-04-12_maori_tatoeba_raw,
tatoeba_maori_tatoeba_raw,286,4.0,hū,hū,UNKNOWN,,opus_tatoeba_v2023-04-12_maori_tatoeba_raw,
tatoeba_maori_tatoeba_raw,286,5.0,a,a,UNKNOWN,,opus_tatoeba_v2023-04-12_maori_tatoeba_raw,
tatoeba_maori_tatoeba_raw,286,6.0,tom,tom,UNKNOWN,,opus_tatoeba_v2023-04-12_maori_tatoeba_raw,
tatoeba_maori_tatoeba_raw,286,7.0,i,i,UNKNOWN,,opus_tatoeba_v2023-04-12_maori_tatoeba_raw,
tatoeba_maori_tatoeba_raw,286,8.0,runga,runga,UNKNOWN,,opus_tatoeba_v2023-04-12_maori_tatoeba_raw,
tatoeba_maori_tatoeba_raw,286,9.0,i,i,UNKNOWN,,opus_tatoeba_v2023-04-12_maori_tatoeba_raw,
tatoeba_maori_tatoeba_raw,286,10.0,te,te,UNKNOWN,,opus_tatoeba_v2023-04-12_maori_tatoeba_raw,
tatoeba_maori_tatoeba_raw,286,11.0,hōpa,hōpa,UNKNOWN,,opus_tatoeba_v2023-04-12_maori_tatoeba_raw,
tatoeba_maori_tatoeba_raw,287,1.0,he,he,UNKNOWN,,opus_tatoeba_v2023-04-12_maori_tatoeba_raw,
tatoeba_maori_tatoeba_raw,287,2.0,reka,reka,UNKNOWN,,opus_tatoeba_v2023-04-12_maori_tatoeba_raw,
tatoeba_maori_tatoeba_raw,287,3.0,tēnei,tēnei,UNKNOWN,,opus_tatoeba_v2023-04-12_maori_tatoeba_raw,
tatoeba_maori_tatoeba_raw,287,4.0,wāina,wāina,UNKNOWN,,opus_tatoeba_v2023-04-12_maori_tatoeba_raw,
tatoeba_maori_tatoeba_raw,287,5.0,ki,ki,UNKNOWN,,opus_tatoeba_v2023-04-12_maori_tatoeba_raw,
tatoeba_maori_tatoeba_raw,287,6.0,tō,tōku,UNKNOWN,,opus_tatoeba_v2023-04-12_maori_tatoeba_raw,tōku
tatoeba_maori_tatoeba_raw,287,6.1,ku,tōku,UNKNOWN,,opus_tatoeba_v2023-04-12_maori_tatoeba_raw,tōku
tatoeba_maori_tatoeba_raw,287,7.0,ngao,ngao,UNKNOWN,,opus_tatoeba_v2023-04-12_maori_tatoeba_raw,
tatoeba_maori_tatoeba_raw,288,1.0,ki,ki,UNKNOWN,,opus_tatoeba_v2023-04-12_maori_tatoeba_raw,
tatoeba_maori_tatoeba_raw,288,2.0,te,te,UNKNOWN,,opus_tatoeba_v2023-04-12_maori_tatoeba_raw,
tatoeba_maori_tatoeba_raw,288,3.0,ko,kore,UNKNOWN,,opus_tatoeba_v2023-04-12_maori_tatoeba_raw,kore
tatoeba_maori_tatoeba_raw,288,3.1,re,kore,UNKNOWN,,opus_tatoeba_v2023-04-12_maori_tatoeba_raw,kore
tatoeba_maori_tatoeba_raw,288,4.0,he,he,UNKNOWN,,opus_tatoeba_v2023-04-12_maori_tatoeba_raw,
tatoeba_maori_tatoeba_raw,288,5.0,mā,mātauranga,UNKNOWN,,opus_tatoeba_v2023-04-12_maori_tatoeba_raw,mātauranga
tatoeba_maori_tatoeba_raw,288,5.1,tauranga,mātauranga,UNKNOWN,,opus_tatoeba_v2023-04-12_maori_tatoeba_raw,mātauranga
tatoeba_maori_tatoeba_raw,288,6.0,pai,pai,UNKNOWN,,opus_tatoeba_v2023-04-12_maori_tatoeba_raw,
tatoeba_maori_tatoeba_raw,288,7.0,me,me,UNKNOWN,,opus_tatoeba_v2023-04-12_maori_tatoeba_raw,
tatoeba_maori_tatoeba_raw,288,8.0,pēhea,pēhea,UNKNOWN,,opus_tatoeba_v2023-04-12_maori_tatoeba_raw,
tatoeba_maori_tatoeba_raw,288,9.0,ko,koe,UNKNOWN,,opus_tatoeba_v2023-04-12_maori_tatoeba_raw,koe
tatoeba_maori_tatoeba_raw,288,9.1,e,koe,UNKNOWN,,opus_tatoeba_v2023-04-12_maori_tatoeba_raw,koe
tatoeba_maori_tatoeba_raw,288,10.0,e,e,UNKNOWN,,opus_tatoeba_v2023-04-12_maori_tatoeba_raw,
tatoeba_maori_tatoeba_raw,288,11.0,e,eke,UNKNOWN,,opus_tatoeba_v2023-04-12_maori_tatoeba_raw,eke
tatoeba_maori_tatoeba_raw,288,11.1,ke,eke,UNKNOWN,,opus_tatoeba_v2023-04-12_maori_tatoeba_raw,eke
tatoeba_maori_tatoeba_raw,288,12.0,ai,ai,UNKNOWN,,opus_tatoeba_v2023-04-12_maori_tatoeba_raw,
tatoeba_maori_tatoeba_raw,288,13.0,ki,ki,UNKNOWN,,opus_tatoeba_v2023-04-12_maori_tatoeba_raw,
tatoeba_maori_tatoeba_raw,288,14.0,te,te,UNKNOWN,,opus_tatoeba_v2023-04-12_maori_tatoeba_raw,
tatoeba_maori_tatoeba_raw,288,15.0,taumata,taumata,UNKNOWN,,opus_tatoeba_v2023-04-12_maori_tatoeba_raw,
tatoeba_maori_tatoeba_raw,288,16.0,angitu,angitu,UNKNOWN,,opus_tatoeba_v2023-04-12_maori_tatoeba_raw,
tatoeba_maori_tatoeba_raw,289,1.0,he,he,UNKNOWN,,opus_tatoeba_v2023-04-12_maori_tatoeba_raw,
tatoeba_maori_tatoeba_raw,289,2.0,whakaaro,whakaaro,UNKNOWN,,opus_tatoeba_v2023-04-12_maori_tatoeba_raw,
tatoeba_maori_tatoeba_raw,289,3.0,tino,tino,UNKNOWN,,opus_tatoeba_v2023-04-12_maori_tatoeba_raw,
tatoeba_maori_tatoeba_raw,289,4.0,pai,pai,UNKNOWN,,opus_tatoeba_v2023-04-12_maori_tatoeba_raw,
tatoeba_maori_tatoeba_raw,289,5.0,ō,ō,UNKNOWN,,opus_tatoeba_v2023-04-12_maori_tatoeba_raw,
tatoeba_maori_tatoeba_raw,289,6.0,tom,tom,UNKNOWN,,opus_tatoeba_v2023-04-12_maori_tatoeba_raw,
tatoeba_maori_tatoeba_raw,290,1.0,i,i,UNKNOWN,,opus_tatoeba_v2023-04-12_maori_tatoeba_raw,
tatoeba_maori_tatoeba_raw,290,2.0,uru,uru,UNKNOWN,,opus_tatoeba_v2023-04-12_maori_tatoeba_raw,
tatoeba_maori_tatoeba_raw,290,3.0,atu,atu,UNKNOWN,,opus_tatoeba_v2023-04-12_maori_tatoeba_raw,
tatoeba_maori_tatoeba_raw,290,4.0,i,ia,UNKNOWN,,opus_tatoeba_v2023-04-12_maori_tatoeba_raw,ia
tatoeba_maori_tatoeba_raw,290,4.1,a,ia,UNKNOWN,,opus_tatoeba_v2023-04-12_maori_tatoeba_raw,ia
tatoeba_maori_tatoeba_raw,290,5.0,ki,ki,UNKNOWN,,opus_tatoeba_v2023-04-12_maori_tatoeba_raw,
tatoeba_maori_tatoeba_raw,290,6.0,te,te,UNKNOWN,,opus_tatoeba_v2023-04-12_maori_tatoeba_raw,
tatoeba_maori_tatoeba_raw,290,7.0,ngahere,ngahere,UNKNOWN,,opus_tatoeba_v2023-04-12_maori_tatoeba_raw,
tatoeba_maori_tatoeba_raw,290,8.0,ki,ki,UNKNOWN,,opus_tatoeba_v2023-04-12_maori_tatoeba_raw,
tatoeba_maori_tatoeba_raw,290,9.0,te,te,UNKNOWN,,opus_tatoeba_v2023-04-12_maori_tatoeba_raw,
tatoeba_maori_tatoeba_raw,290,10.0,ki,kimi,UNKNOWN,,opus_tatoeba_v2023-04-12_maori_tatoeba_raw,kimi
tatoeba_maori_tatoeba_raw,290,10.1,mi,kimi,UNKNOWN,,opus_tatoeba_v2023-04-12_maori_tatoeba_raw,kimi
tatoeba_maori_tatoeba_raw,290,11.0,i,i,UNKNOWN,,opus_tatoeba_v2023-04-12_maori_tatoeba_raw,
tatoeba_maori_tatoeba_raw,290,12.0,tana,tana,UNKNOWN,,opus_tatoeba_v2023-04-12_maori_tatoeba_raw,
tatoeba_maori_tatoeba_raw,290,13.0,tamariki,tamariki,UNKNOWN,,opus_tatoeba_v2023-04-12_maori_tatoeba_raw,
tatoeba_maori_tatoeba_raw,290,14.0,e,e,UNKNOWN,,opus_tatoeba_v2023-04-12_maori_tatoeba_raw,
tatoeba_maori_tatoeba_raw,290,15.0,ngaro,ngaro,UNKNOWN,,opus_tatoeba_v2023-04-12_maori_tatoeba_raw,
tatoeba_maori_tatoeba_raw,290,16.0,ana,ana,UNKNOWN,,opus_tatoeba_v2023-04-12_maori_tatoeba_raw,
tatoeba_maori_tatoeba_raw,291,1.0,e,e,UNKNOWN,,opus_tatoeba_v2023-04-12_maori_tatoeba_raw,
tatoeba_maori_tatoeba_raw,291,2.0,whakakoia,whakakoia,UNKNOWN,,opus_tatoeba_v2023-04-12_maori_tatoeba_raw,
tatoeba_maori_tatoeba_raw,291,3.0,ana,ana,UNKNOWN,,opus_tatoeba_v2023-04-12_maori_tatoeba_raw,
tatoeba_maori_tatoeba_raw,291,4.0,te,te,UNKNOWN,,opus_tatoeba_v2023-04-12_maori_tatoeba_raw,
tatoeba_maori_tatoeba_raw,291,5.0,mā,māripi,UNKNOWN,,opus_tatoeba_v2023-04-12_maori_tatoeba_raw,māripi
tatoeba_maori_tatoeba_raw,291,5.1,ripi,māripi,UNKNOWN,,opus_tatoeba_v2023-04-12_maori_tatoeba_raw,māripi
tatoeba_maori_tatoeba_raw,291,6.0,e,e,UNKNOWN,,opus_tatoeba_v2023-04-12_maori_tatoeba_raw,
tatoeba_maori_tatoeba_raw,291,7.0,tom,tom,UNKNOWN,,opus_tatoeba_v2023-04-12_maori_tatoeba_raw,
tatoeba_maori_tatoeba_raw,292,1.0,i,i,UNKNOWN,,opus_tatoeba_v2023-04-12_maori_tatoeba_raw,
tatoeba_maori_tatoeba_raw,292,2.0,ngaro,ngaro,UNKNOWN,,opus_tatoeba_v2023-04-12_maori_tatoeba_raw,
tatoeba_maori_tatoeba_raw,292,3.0,tā,tā,UNKNOWN,,opus_tatoeba_v2023-04-12_maori_tatoeba_raw,
tatoeba_maori_tatoeba_raw,292,4.0,rāua,rāua,UNKNOWN,,opus_tatoeba_v2023-04-12_maori_tatoeba_raw,
tatoeba_maori_tatoeba_raw,292,5.0,kurī,kurī,UNKNOWN,,opus_tatoeba_v2023-04-12_maori_tatoeba_raw,
tatoeba_maori_tatoeba_raw,292,6.0,i,i,UNKNOWN,,opus_tatoeba_v2023-04-12_maori_tatoeba_raw,
tatoeba_maori_tatoeba_raw,292,7.0,a,a,UNKNOWN,,opus_tatoeba_v2023-04-12_maori_tatoeba_raw,
tatoeba_maori_tatoeba_raw,292,8.0,rāua,rāua,UNKNOWN,,opus_tatoeba_v2023-04-12_maori_tatoeba_raw,
tatoeba_maori_tatoeba_raw,293,1.0,i,i,UNKNOWN,,opus_tatoeba_v2023-04-12_maori_tatoeba_raw,
tatoeba_maori_tatoeba_raw,293,2.0,ngaro,ngaro,UNKNOWN,,opus_tatoeba_v2023-04-12_maori_tatoeba_raw,
tatoeba_maori_tatoeba_raw,293,3.0,tā,tā,UNKNOWN,,opus_tatoeba_v2023-04-12_maori_tatoeba_raw,
tatoeba_maori_tatoeba_raw,293,4.0,rātou,rātou,UNKNOWN,,opus_tatoeba_v2023-04-12_maori_tatoeba_raw,
tatoeba_maori_tatoeba_raw,293,5.0,kurī,kurī,UNKNOWN,,opus_tatoeba_v2023-04-12_maori_tatoeba_raw,
tatoeba_maori_tatoeba_raw,293,6.0,i,i,UNKNOWN,,opus_tatoeba_v2023-04-12_maori_tatoeba_raw,
tatoeba_maori_tatoeba_raw,293,7.0,a,a,UNKNOWN,,opus_tatoeba_v2023-04-12_maori_tatoeba_raw,
tatoeba_maori_tatoeba_raw,293,8.0,rātou,rātou,UNKNOWN,,opus_tatoeba_v2023-04-12_maori_tatoeba_raw,
tatoeba_maori_tatoeba_raw,294,1.0,e,e,UNKNOWN,,opus_tatoeba_v2023-04-12_maori_tatoeba_raw,
tatoeba_maori_tatoeba_raw,294,2.0,hiahia,hiahia,UNKNOWN,,opus_tatoeba_v2023-04-12_maori_tatoeba_raw,
tatoeba_maori_tatoeba_raw,294,3.0,ana,ana,UNKNOWN,,opus_tatoeba_v2023-04-12_maori_tatoeba_raw,
tatoeba_maori_tatoeba_raw,294,4.0,ahau,ahau,UNKNOWN,,opus_tatoeba_v2023-04-12_maori_tatoeba_raw,
tatoeba_maori_tatoeba_raw,294,5.0,ki,ki,UNKNOWN,,opus_tatoeba_v2023-04-12_maori_tatoeba_raw,
tatoeba_maori_tatoeba_raw,294,6.0,te,te,UNKNOWN,,opus_tatoeba_v2023-04-12_maori_tatoeba_raw,
tatoeba_maori_tatoeba_raw,294,7.0,hoki,hoki,UNKNOWN,,opus_tatoeba_v2023-04-12_maori_tatoeba_raw,
tatoeba_maori_tatoeba_raw,294,8.0,atu,atu,UNKNOWN,,opus_tatoeba_v2023-04-12_maori_tatoeba_raw,
tatoeba_maori_tatoeba_raw,295,1.0,e,e,UNKNOWN,,opus_tatoeba_v2023-04-12_maori_tatoeba_raw,
tatoeba_maori_tatoeba_raw,295,2.0,rata,rata,UNKNOWN,,opus_tatoeba_v2023-04-12_maori_tatoeba_raw,
tatoeba_maori_tatoeba_raw,295,3.0,ana,ana,UNKNOWN,,opus_tatoeba_v2023-04-12_maori_tatoeba_raw,
tatoeba_maori_tatoeba_raw,295,4.0,ngā,ngā,UNKNOWN,,opus_tatoeba_v2023-04-12_maori_tatoeba_raw,
tatoeba_maori_tatoeba_raw,295,5.0,tāngata,tāngata,UNKNOWN,,opus_tatoeba_v2023-04-12_maori_tatoeba_raw,
tatoeba_maori_tatoeba_raw,295,6.0,ka,katoa,UNKNOWN,,opus_tatoeba_v2023-04-12_maori_tatoeba_raw,katoa
tatoeba_maori_tatoeba_raw,295,6.1,toa,katoa,UNKNOWN,,opus_tatoeba_v2023-04-12_maori_tatoeba_raw,katoa
tatoeba_maori_tatoeba_raw,295,7.0,o,o,UNKNOWN,,opus_tatoeba_v2023-04-12_maori_tatoeba_raw,
tatoeba_maori_tatoeba_raw,295,8.0,ko,konei,UNKNOWN,,opus_tatoeba_v2023-04-12_maori_tatoeba_raw,konei
tatoeba_maori_tatoeba_raw,295,8.1,nei,konei,UNKNOWN,,opus_tatoeba_v2023-04-12_maori_tatoeba_raw,konei
tatoeba_maori_tatoeba_raw,295,9.0,ki,ki,UNKNOWN,,opus_tatoeba_v2023-04-12_maori_tatoeba_raw,
tatoeba_maori_tatoeba_raw,295,10.0,a,a,UNKNOWN,,opus_tatoeba_v2023-04-12_maori_tatoeba_raw,
tatoeba_maori_tatoeba_raw,295,11.0,ko,koe,UNKNOWN,,opus_tatoeba_v2023-04-12_maori_tatoeba_raw,koe
tatoeba_maori_tatoeba_raw,295,11.1,e,koe,UNKNOWN,,opus_tatoeba_v2023-04-12_maori_tatoeba_raw,koe
tatoeba_maori_tatoeba_raw,296,1.0,ka,ka,UNKNOWN,,opus_tatoeba_v2023-04-12_maori_tatoeba_raw,
tatoeba_maori_tatoeba_raw,296,2.0,whakamaioha,whakamaioha,UNKNOWN,,opus_tatoeba_v2023-04-12_maori_tatoeba_raw,
tatoeba_maori_tatoeba_raw,296,3.0,ahau,ahau,UNKNOWN,,opus_tatoeba_v2023-04-12_maori_tatoeba_raw,
tatoeba_maori_tatoeba_raw,296,4.0,ki,ki,UNKNOWN,,opus_tatoeba_v2023-04-12_maori_tatoeba_raw,
tatoeba_maori_tatoeba_raw,296,5.0,te,te,UNKNOWN,,opus_tatoeba_v2023-04-12_maori_tatoeba_raw,
tatoeba_maori_tatoeba_raw,296,6.0,taea,taea,UNKNOWN,,opus_tatoeba_v2023-04-12_maori_tatoeba_raw,
tatoeba_maori_tatoeba_raw,296,7.0,e,e,UNKNOWN,,opus_tatoeba_v2023-04-12_maori_tatoeba_raw,
tatoeba_maori_tatoeba_raw,296,8.0,ko,koe,UNKNOWN,,opus_tatoeba_v2023-04-12_maori_tatoeba_raw,koe
tatoeba_maori_tatoeba_raw,296,8.1,e,koe,UNKNOWN,,opus_tatoeba_v2023-04-12_maori_tatoeba_raw,koe
tatoeba_maori_tatoeba_raw,296,9.0,te,te,UNKNOWN,,opus_tatoeba_v2023-04-12_maori_tatoeba_raw,
tatoeba_maori_tatoeba_raw,296,10.0,mahi,mahi,UNKNOWN,,opus_tatoeba_v2023-04-12_maori_tatoeba_raw,
tatoeba_maori_tatoeba_raw,296,11.0,i,i,UNKNOWN,,opus_tatoeba_v2023-04-12_maori_tatoeba_raw,
tatoeba_maori_tatoeba_raw,296,12.0,tērā,tērā,UNKNOWN,,opus_tatoeba_v2023-04-12_maori_tatoeba_raw,
tatoeba_maori_tatoeba_raw,296,13.0,mahi,mahi,UNKNOWN,,opus_tatoeba_v2023-04-12_maori_tatoeba_raw,
tatoeba_maori_tatoeba_raw,297,1.0,te,te,UNKNOWN,,opus_tatoeba_v2023-04-12_maori_tatoeba_raw,
tatoeba_maori_tatoeba_raw,297,2.0,ā,āhua,UNKNOWN,,opus_tatoeba_v2023-04-12_maori_tatoeba_raw,āhua
tatoeba_maori_tatoeba_raw,297,2.1,hua,āhua,UNKNOWN,,opus_tatoeba_v2023-04-12_maori_tatoeba_raw,āhua
tatoeba_maori_tatoeba_raw,297,3.0,nei,nei,UNKNOWN,,opus_tatoeba_v2023-04-12_maori_tatoeba_raw,
tatoeba_maori_tatoeba_raw,297,4.0,i,i,UNKNOWN,,opus_tatoeba_v2023-04-12_maori_tatoeba_raw,
tatoeba_maori_tatoeba_raw,297,5.0,te,te,UNKNOWN,,opus_tatoeba_v2023-04-12_maori_tatoeba_raw,
tatoeba_maori_tatoeba_raw,297,6.0,pōnānā,pōnānā,UNKNOWN,,opus_tatoeba_v2023-04-12_maori_tatoeba_raw,
tatoeba_maori_tatoeba_raw,297,7.0,a,a,UNKNOWN,,opus_tatoeba_v2023-04-12_maori_tatoeba_raw,
tatoeba_maori_tatoeba_raw,297,8.0,tom,tom,UNKNOWN,,opus_tatoeba_v2023-04-12_maori_tatoeba_raw,
tatoeba_maori_tatoeba_raw,298,1.0,ka,kaua,UNKNOWN,,opus_tatoeba_v2023-04-12_maori_tatoeba_raw,kaua
tatoeba_maori_tatoeba_raw,298,1.1,ua,kaua,UNKNOWN,,opus_tatoeba_v2023-04-12_maori_tatoeba_raw,kaua
tatoeba_maori_tatoeba_raw,298,2.0,e,e,UNKNOWN,,opus_tatoeba_v2023-04-12_maori_tatoeba_raw,
tatoeba_maori_tatoeba_raw,298,3.0,rorirori,rorirori,UNKNOWN,,opus_tatoeba_v2023-04-12_maori_tatoeba_raw,
tatoeba_maori_tatoeba_raw,299,1.0,e,e,UNKNOWN,,opus_tatoeba_v2023-04-12_maori_tatoeba_raw,
tatoeba_maori_tatoeba_raw,299,2.0,mōhiotia,mōhiotia,UNKNOWN,,opus_tatoeba_v2023-04-12_maori_tatoeba_raw,
tatoeba_maori_tatoeba_raw,299,3.0,ana,ana,UNKNOWN,,opus_tatoeba_v2023-04-12_maori_tatoeba_raw,
tatoeba_maori_tatoeba_raw,299,4.0,e,e,UNKNOWN,,opus_tatoeba_v2023-04-12_maori_tatoeba_raw,
tatoeba_maori_tatoeba_raw,299,5.0,ko,koe,UNKNOWN,,opus_tatoeba_v2023-04-12_maori_tatoeba_raw,koe
tatoeba_maori_tatoeba_raw,299,5.1,e,koe,UNKNOWN,,opus_tatoeba_v2023-04-12_maori_tatoeba_raw,koe
tatoeba_maori_tatoeba_raw,299,6.0,e,e,UNKNOWN,,opus_tatoeba_v2023-04-12_maori_tatoeba_raw,
tatoeba_maori_tatoeba_raw,299,7.0,arohaina,arohaina,UNKNOWN,,opus_tatoeba_v2023-04-12_maori_tatoeba_raw,
tatoeba_maori_tatoeba_raw,299,8.0,ana,ana,UNKNOWN,,opus_tatoeba_v2023-04-12_maori_tatoeba_raw,
tatoeba_maori_tatoeba_raw,299,9.0,ko,koe,UNKNOWN,,opus_tatoeba_v2023-04-12_maori_tatoeba_raw,koe
tatoeba_maori_tatoeba_raw,299,9.1,e,koe,UNKNOWN,,opus_tatoeba_v2023-04-12_maori_tatoeba_raw,koe
tatoeba_maori_tatoeba_raw,299,10.0,e,e,UNKNOWN,,opus_tatoeba_v2023-04-12_maori_tatoeba_raw,
tatoeba_maori_tatoeba_raw,299,11.0,au,au,UNKNOWN,,opus_tatoeba_v2023-04-12_maori_tatoeba_raw,
tatoeba_maori_tatoeba_raw,300,1.0,nā,nā,UNKNOWN,,opus_tatoeba_v2023-04-12_maori_tatoeba_raw,
tatoeba_maori_tatoeba_raw,300,2.0,tom,tom,UNKNOWN,,opus_tatoeba_v2023-04-12_maori_tatoeba_raw,
tatoeba_maori_tatoeba_raw,300,3.0,tērā,tērā,UNKNOWN,,opus_tatoeba_v2023-04-12_maori_tatoeba_raw,
tatoeba_maori_tatoeba_raw,300,4.0,mahi,mahi,UNKNOWN,,opus_tatoeba_v2023-04-12_maori_tatoeba_raw,
tatoeba_maori_tatoeba_raw,300,5.0,i,i,UNKNOWN,,opus_tatoeba_v2023-04-12_maori_tatoeba_raw,
tatoeba_maori_tatoeba_raw,300,6.0,mahi,mahi,UNKNOWN,,opus_tatoeba_v2023-04-12_maori_tatoeba_raw,
tatoeba_maori_tatoeba_raw,301,1.0,e,e,UNKNOWN,,opus_tatoeba_v2023-04-12_maori_tatoeba_raw,
tatoeba_maori_tatoeba_raw,301,2.0,mā,mārama,UNKNOWN,,opus_tatoeba_v2023-04-12_maori_tatoeba_raw,mārama
tatoeba_maori_tatoeba_raw,301,2.1,rama,mārama,UNKNOWN,,opus_tatoeba_v2023-04-12_maori_tatoeba_raw,mārama
tatoeba_maori_tatoeba_raw,301,3.0,ana,ana,UNKNOWN,,opus_tatoeba_v2023-04-12_maori_tatoeba_raw,
tatoeba_maori_tatoeba_raw,301,4.0,ahau,ahau,UNKNOWN,,opus_tatoeba_v2023-04-12_maori_tatoeba_raw,
tatoeba_maori_tatoeba_raw,301,5.0,ki,ki,UNKNOWN,,opus_tatoeba_v2023-04-12_maori_tatoeba_raw,
tatoeba_maori_tatoeba_raw,301,6.0,te,te,UNKNOWN,,opus_tatoeba_v2023-04-12_maori_tatoeba_raw,
tatoeba_maori_tatoeba_raw,301,7.0,riri,riri,UNKNOWN,,opus_tatoeba_v2023-04-12_maori_tatoeba_raw,
tatoeba_maori_tatoeba_raw,301,8.0,e,e,UNKNOWN,,opus_tatoeba_v2023-04-12_maori_tatoeba_raw,
tatoeba_maori_tatoeba_raw,301,9.0,rangona,rangona,UNKNOWN,,opus_tatoeba_v2023-04-12_maori_tatoeba_raw,
tatoeba_maori_tatoeba_raw,301,10.0,ana,ana,UNKNOWN,,opus_tatoeba_v2023-04-12_maori_tatoeba_raw,
tatoeba_maori_tatoeba_raw,301,11.0,e,e,UNKNOWN,,opus_tatoeba_v2023-04-12_maori_tatoeba_raw,
tatoeba_maori_tatoeba_raw,301,12.0,tom,tom,UNKNOWN,,opus_tatoeba_v2023-04-12_maori_tatoeba_raw,
tatoeba_maori_tatoeba_raw,302,1.0,he,hei,UNKNOWN,,opus_tatoeba_v2023-04-12_maori_tatoeba_raw,hei
tatoeba_maori_tatoeba_raw,302,1.1,i,hei,UNKNOWN,,opus_tatoeba_v2023-04-12_maori_tatoeba_raw,hei
tatoeba_maori_tatoeba_raw,302,2.0,tā,tā,UNKNOWN,,opus_tatoeba_v2023-04-12_maori_tatoeba_raw,
tatoeba_maori_tatoeba_raw,302,3.0,ētahi,ētahi,UNKNOWN,,opus_tatoeba_v2023-04-12_maori_tatoeba_raw,
tatoeba_maori_tatoeba_raw,302,4.0,e,e,UNKNOWN,,opus_tatoeba_v2023-04-12_maori_tatoeba_raw,
tatoeba_maori_tatoeba_raw,302,5.0,takahia,takahia,UNKNOWN,,opus_tatoeba_v2023-04-12_maori_tatoeba_raw,
tatoeba_maori_tatoeba_raw,302,6.0,ana,ana,UNKNOWN,,opus_tatoeba_v2023-04-12_maori_tatoeba_raw,
tatoeba_maori_tatoeba_raw,302,7.0,te,te,UNKNOWN,,opus_tatoeba_v2023-04-12_maori_tatoeba_raw,
tatoeba_maori_tatoeba_raw,302,8.0,whakatikatikatanga,whakatikatikatanga,UNKNOWN,,opus_tatoeba_v2023-04-12_maori_tatoeba_raw,
tatoeba_maori_tatoeba_raw,302,9.0,tuawhā,tuawhā,UNKNOWN,,opus_tatoeba_v2023-04-12_maori_tatoeba_raw,
tatoeba_maori_tatoeba_raw,302,10.0,e,e,UNKNOWN,,opus_tatoeba_v2023-04-12_maori_tatoeba_raw,
tatoeba_maori_tatoeba_raw,302,11.0,ngā,ngā,UNKNOWN,,opus_tatoeba_v2023-04-12_maori_tatoeba_raw,
tatoeba_maori_tatoeba_raw,302,12.0,mīhini,mīhini,UNKNOWN,,opus_tatoeba_v2023-04-12_maori_tatoeba_raw,
tatoeba_maori_tatoeba_raw,302,13.0,matawai,matawai,UNKNOWN,,opus_tatoeba_v2023-04-12_maori_tatoeba_raw,
tatoeba_maori_tatoeba_raw,302,14.0,i,i,UNKNOWN,,opus_tatoeba_v2023-04-12_maori_tatoeba_raw,
tatoeba_maori_tatoeba_raw,302,15.0,te,te,UNKNOWN,,opus_tatoeba_v2023-04-12_maori_tatoeba_raw,
tatoeba_maori_tatoeba_raw,302,16.0,ka,katoa,UNKNOWN,,opus_tatoeba_v2023-04-12_maori_tatoeba_raw,katoa
tatoeba_maori_tatoeba_raw,302,16.1,toa,katoa,UNKNOWN,,opus_tatoeba_v2023-04-12_maori_tatoeba_raw,katoa
tatoeba_maori_tatoeba_raw,302,17.0,o,o,UNKNOWN,,opus_tatoeba_v2023-04-12_maori_tatoeba_raw,
tatoeba_maori_tatoeba_raw,302,18.0,te,te,UNKNOWN,,opus_tatoeba_v2023-04-12_maori_tatoeba_raw,
tatoeba_maori_tatoeba_raw,302,19.0,tinana,tinana,UNKNOWN,,opus_tatoeba_v2023-04-12_maori_tatoeba_raw,
tatoeba_maori_tatoeba_raw,303,1.0,ko,ko,UNKNOWN,,opus_tatoeba_v2023-04-12_maori_tatoeba_raw,
tatoeba_maori_tatoeba_raw,303,2.0,ngā,ngā,UNKNOWN,,opus_tatoeba_v2023-04-12_maori_tatoeba_raw,
tatoeba_maori_tatoeba_raw,303,3.0,ka,kaipānui,UNKNOWN,,opus_tatoeba_v2023-04-12_maori_tatoeba_raw,kaipānui
tatoeba_maori_tatoeba_raw,303,3.1,ipānui,kaipānui,UNKNOWN,,opus_tatoeba_v2023-04-12_maori_tatoeba_raw,kaipānui
tatoeba_maori_tatoeba_raw,303,4.0,o,o,UNKNOWN,,opus_tatoeba_v2023-04-12_maori_tatoeba_raw,
tatoeba_maori_tatoeba_raw,303,5.0,taua,taua,UNKNOWN,,opus_tatoeba_v2023-04-12_maori_tatoeba_raw,
tatoeba_maori_tatoeba_raw,303,6.0,pukapuka,pukapuka,UNKNOWN,,opus_tatoeba_v2023-04-12_maori_tatoeba_raw,
tatoeba_maori_tatoeba_raw,303,7.0,e,e,UNKNOWN,,opus_tatoeba_v2023-04-12_maori_tatoeba_raw,
tatoeba_maori_tatoeba_raw,303,8.0,whakapono,whakapono,UNKNOWN,,opus_tatoeba_v2023-04-12_maori_tatoeba_raw,
tatoeba_maori_tatoeba_raw,303,9.0,ana,ana,UNKNOWN,,opus_tatoeba_v2023-04-12_maori_tatoeba_raw,
tatoeba_maori_tatoeba_raw,303,10.0,he,he,UNKNOWN,,opus_tatoeba_v2023-04-12_maori_tatoeba_raw,
tatoeba_maori_tatoeba_raw,303,11.0,mā,mātanga,UNKNOWN,,opus_tatoeba_v2023-04-12_maori_tatoeba_raw,mātanga
tatoeba_maori_tatoeba_raw,303,11.1,tanga,mātanga,UNKNOWN,,opus_tatoeba_v2023-04-12_maori_tatoeba_raw,mātanga
tatoeba_maori_tatoeba_raw,303,12.0,rātou,rātou,UNKNOWN,,opus_tatoeba_v2023-04-12_maori_tatoeba_raw,
tatoeba_maori_tatoeba_raw,304,1.0,e,e,UNKNOWN,,opus_tatoeba_v2023-04-12_maori_tatoeba_raw,
tatoeba_maori_tatoeba_raw,304,2.0,paingia,paingia,UNKNOWN,,opus_tatoeba_v2023-04-12_maori_tatoeba_raw,
tatoeba_maori_tatoeba_raw,304,3.0,ana,ana,UNKNOWN,,opus_tatoeba_v2023-04-12_maori_tatoeba_raw,
tatoeba_maori_tatoeba_raw,304,4.0,a,a,UNKNOWN,,opus_tatoeba_v2023-04-12_maori_tatoeba_raw,
tatoeba_maori_tatoeba_raw,304,5.0,bob,bob,UNKNOWN,,opus_tatoeba_v2023-04-12_maori_tatoeba_raw,
tatoeba_maori_tatoeba_raw,304,6.0,ki,ki,UNKNOWN,,opus_tatoeba_v2023-04-12_maori_tatoeba_raw,
tatoeba_maori_tatoeba_raw,304,7.0,te,te,UNKNOWN,,opus_tatoeba_v2023-04-12_maori_tatoeba_raw,
tatoeba_maori_tatoeba_raw,304,8.0,kura,kura,UNKNOWN,,opus_tatoeba_v2023-04-12_maori_tatoeba_raw,
tatoeba_maori_tatoeba_raw,305,1.0,i,i,UNKNOWN,,opus_tatoeba_v2023-04-12_maori_tatoeba_raw,
tatoeba_maori_tatoeba_raw,305,2.0,ki,kitea,UNKNOWN,,opus_tatoeba_v2023-04-12_maori_tatoeba_raw,kitea
tatoeba_maori_tatoeba_raw,305,2.1,tea,kitea,UNKNOWN,,opus_tatoeba_v2023-04-12_maori_tatoeba_raw,kitea
tatoeba_maori_tatoeba_raw,305,3.0,i,ia,UNKNOWN,,opus_tatoeba_v2023-04-12_maori_tatoeba_raw,ia
tatoeba_maori_tatoeba_raw,305,3.1,a,ia,UNKNOWN,,opus_tatoeba_v2023-04-12_maori_tatoeba_raw,ia
tatoeba_maori_tatoeba_raw,305,4.0,e,e,UNKNOWN,,opus_tatoeba_v2023-04-12_maori_tatoeba_raw,
tatoeba_maori_tatoeba_raw,305,5.0,au,au,UNKNOWN,,opus_tatoeba_v2023-04-12_maori_tatoeba_raw,
tatoeba_maori_tatoeba_raw,305,6.0,e,e,UNKNOWN,,opus_tatoeba_v2023-04-12_maori_tatoeba_raw,
tatoeba_maori_tatoeba_raw,305,7.0,mahi,mahi,UNKNOWN,,opus_tatoeba_v2023-04-12_maori_tatoeba_raw,
tatoeba_maori_tatoeba_raw,305,8.0,ana,ana,UNKNOWN,,opus_tatoeba_v2023-04-12_maori_tatoeba_raw,
tatoeba_maori_tatoeba_raw,305,9.0,i,i,UNKNOWN,,opus_tatoeba_v2023-04-12_maori_tatoeba_raw,
tatoeba_maori_tatoeba_raw,305,10.0,tērā,tērā,UNKNOWN,,opus_tatoeba_v2023-04-12_maori_tatoeba_raw,
tatoeba_maori_tatoeba_raw,305,11.0,mahi,mahi,UNKNOWN,,opus_tatoeba_v2023-04-12_maori_tatoeba_raw,
tatoeba_maori_tatoeba_raw,306,1.0,i,i,UNKNOWN,,opus_tatoeba_v2023-04-12_maori_tatoeba_raw,
tatoeba_maori_tatoeba_raw,306,2.0,tae,tae,UNKNOWN,,opus_tatoeba_v2023-04-12_maori_tatoeba_raw,
tatoeba_maori_tatoeba_raw,306,3.0,tuatahi,tuatahi,UNKNOWN,,opus_tatoeba_v2023-04-12_maori_tatoeba_raw,
tatoeba_maori_tatoeba_raw,306,4.0,atu,atu,UNKNOWN,,opus_tatoeba_v2023-04-12_maori_tatoeba_raw,
tatoeba_maori_tatoeba_raw,306,5.0,te,te,UNKNOWN,,opus_tatoeba_v2023-04-12_maori_tatoeba_raw,
tatoeba_maori_tatoeba_raw,306,6.0,i,irihama,UNKNOWN,,opus_tatoeba_v2023-04-12_maori_tatoeba_raw,irihama
tatoeba_maori_tatoeba_raw,306,6.1,rihama,irihama,UNKNOWN,,opus_tatoeba_v2023-04-12_maori_tatoeba_raw,irihama
tatoeba_maori_tatoeba_raw,306,7.0,ki,ki,UNKNOWN,,opus_tatoeba_v2023-04-12_maori_tatoeba_raw,
tatoeba_maori_tatoeba_raw,306,8.0,haina,haina,UNKNOWN,,opus_tatoeba_v2023-04-12_maori_tatoeba_raw,
tatoeba_maori_tatoeba_raw,306,9.0,i,i,UNKNOWN,,opus_tatoeba_v2023-04-12_maori_tatoeba_raw,
tatoeba_maori_tatoeba_raw,306,10.0,waenganui,waenganui,UNKNOWN,,opus_tatoeba_v2023-04-12_maori_tatoeba_raw,
tatoeba_maori_tatoeba_raw,306,11.0,i,i,UNKNOWN,,opus_tatoeba_v2023-04-12_maori_tatoeba_raw,
tatoeba_maori_tatoeba_raw,306,12.0,te,te,UNKNOWN,,opus_tatoeba_v2023-04-12_maori_tatoeba_raw,
tatoeba_maori_tatoeba_raw,306,13.0,rautau,rautau,UNKNOWN,,opus_tatoeba_v2023-04-12_maori_tatoeba_raw,
tatoeba_maori_tatoeba_raw,306,14.0,tuawhitu,tuawhitu,UNKNOWN,,opus_tatoeba_v2023-04-12_maori_tatoeba_raw,
tatoeba_maori_tatoeba_raw,307,1.0,i,i,UNKNOWN,,opus_tatoeba_v2023-04-12_maori_tatoeba_raw,
tatoeba_maori_tatoeba_raw,307,2.0,ā,āwhinatia,UNKNOWN,,opus_tatoeba_v2023-04-12_maori_tatoeba_raw,āwhinatia
tatoeba_maori_tatoeba_raw,307,2.1,whinatia,āwhinatia,UNKNOWN,,opus_tatoeba_v2023-04-12_maori_tatoeba_raw,āwhinatia
tatoeba_maori_tatoeba_raw,307,3.0,te,te,UNKNOWN,,opus_tatoeba_v2023-04-12_maori_tatoeba_raw,
tatoeba_maori_tatoeba_raw,307,4.0,tama,tama,UNKNOWN,,opus_tatoeba_v2023-04-12_maori_tatoeba_raw,
tatoeba_maori_tatoeba_raw,307,5.0,e,e,UNKNOWN,,opus_tatoeba_v2023-04-12_maori_tatoeba_raw,
tatoeba_maori_tatoeba_raw,307,6.0,ahau,ahau,UNKNOWN,,opus_tatoeba_v2023-04-12_maori_tatoeba_raw,
tatoeba_maori_tatoeba_raw,308,1.0,i,i,UNKNOWN,,opus_tatoeba_v2023-04-12_maori_tatoeba_raw,
tatoeba_maori_tatoeba_raw,308,2.0,te,te,UNKNOWN,,opus_tatoeba_v2023-04-12_maori_tatoeba_raw,
tatoeba_maori_tatoeba_raw,308,3.0,haere,haere,UNKNOWN,,opus_tatoeba_v2023-04-12_maori_tatoeba_raw,
tatoeba_maori_tatoeba_raw,308,4.0,atu,atu,UNKNOWN,,opus_tatoeba_v2023-04-12_maori_tatoeba_raw,
tatoeba_maori_tatoeba_raw,308,5.0,te,te,UNKNOWN,,opus_tatoeba_v2023-04-12_maori_tatoeba_raw,
tatoeba_maori_tatoeba_raw,308,6.0,ka,kaipuke,UNKNOWN,,opus_tatoeba_v2023-04-12_maori_tatoeba_raw,kaipuke
tatoeba_maori_tatoeba_raw,308,6.1,ipuke,kaipuke,UNKNOWN,,opus_tatoeba_v2023-04-12_maori_tatoeba_raw,kaipuke
tatoeba_maori_tatoeba_raw,308,7.0,ki,ki,UNKNOWN,,opus_tatoeba_v2023-04-12_maori_tatoeba_raw,
tatoeba_maori_tatoeba_raw,308,8.0,uta,uta,UNKNOWN,,opus_tatoeba_v2023-04-12_maori_tatoeba_raw,
tatoeba_maori_tatoeba_raw,309,1.0,ka,ka,UNKNOWN,,opus_tatoeba_v2023-04-12_maori_tatoeba_raw,
tatoeba_maori_tatoeba_raw,309,2.0,toa,toa,UNKNOWN,,opus_tatoeba_v2023-04-12_maori_tatoeba_raw,
tatoeba_maori_tatoeba_raw,309,3.0,pea,pea,UNKNOWN,,opus_tatoeba_v2023-04-12_maori_tatoeba_raw,
tatoeba_maori_tatoeba_raw,309,4.0,a,a,UNKNOWN,,opus_tatoeba_v2023-04-12_maori_tatoeba_raw,
tatoeba_maori_tatoeba_raw,309,5.0,tom,tom,UNKNOWN,,opus_tatoeba_v2023-04-12_maori_tatoeba_raw,
tatoeba_maori_tatoeba_raw,309,6.0,i,i,UNKNOWN,,opus_tatoeba_v2023-04-12_maori_tatoeba_raw,
tatoeba_maori_tatoeba_raw,309,7.0,te,te,UNKNOWN,,opus_tatoeba_v2023-04-12_maori_tatoeba_raw,
tatoeba_maori_tatoeba_raw,309,8.0,tauomaoma,tauomaoma,UNKNOWN,,opus_tatoeba_v2023-04-12_maori_tatoeba_raw,
tatoeba_maori_tatoeba_raw,310,1.0,e,e,UNKNOWN,,opus_tatoeba_v2023-04-12_maori_tatoeba_raw,
tatoeba_maori_tatoeba_raw,310,2.0,hiahia,hiahia,UNKNOWN,,opus_tatoeba_v2023-04-12_maori_tatoeba_raw,
tatoeba_maori_tatoeba_raw,310,3.0,ana,ana,UNKNOWN,,opus_tatoeba_v2023-04-12_maori_tatoeba_raw,
tatoeba_maori_tatoeba_raw,310,4.0,ahau,ahau,UNKNOWN,,opus_tatoeba_v2023-04-12_maori_tatoeba_raw,
tatoeba_maori_tatoeba_raw,310,5.0,ki,ki,UNKNOWN,,opus_tatoeba_v2023-04-12_maori_tatoeba_raw,
tatoeba_maori_tatoeba_raw,310,6.0,te,te,UNKNOWN,,opus_tatoeba_v2023-04-12_maori_tatoeba_raw,
tatoeba_maori_tatoeba_raw,310,7.0,hoko,hoko,UNKNOWN,,opus_tatoeba_v2023-04-12_maori_tatoeba_raw,
tatoeba_maori_tatoeba_raw,310,8.0,i,i,UNKNOWN,,opus_tatoeba_v2023-04-12_maori_tatoeba_raw,
tatoeba_maori_tatoeba_raw,310,9.0,tētahi,tētahi,UNKNOWN,,opus_tatoeba_v2023-04-12_maori_tatoeba_raw,
tatoeba_maori_tatoeba_raw,310,10.0,matapihi,matapihi,UNKNOWN,,opus_tatoeba_v2023-04-12_maori_tatoeba_raw,
tatoeba_maori_tatoeba_raw,310,11.0,papararo,papararo,UNKNOWN,,opus_tatoeba_v2023-04-12_maori_tatoeba_raw,
tatoeba_maori_tatoeba_raw,310,12.0,pai,pai,UNKNOWN,,opus_tatoeba_v2023-04-12_maori_tatoeba_raw,
tatoeba_maori_tatoeba_raw,310,13.0,te,te,UNKNOWN,,opus_tatoeba_v2023-04-12_maori_tatoeba_raw,
tatoeba_maori_tatoeba_raw,310,14.0,hanga,hanga,UNKNOWN,,opus_tatoeba_v2023-04-12_maori_tatoeba_raw,
tatoeba_maori_tatoeba_raw,310,15.0,he,he,UNKNOWN,,opus_tatoeba_v2023-04-12_maori_tatoeba_raw,
tatoeba_maori_tatoeba_raw,310,16.0,ā,ārai,UNKNOWN,,opus_tatoeba_v2023-04-12_maori_tatoeba_raw,ārai
tatoeba_maori_tatoeba_raw,310,16.1,rai,ārai,UNKNOWN,,opus_tatoeba_v2023-04-12_maori_tatoeba_raw,ārai
tatoeba_maori_tatoeba_raw,310,17.0,mā,mātao,UNKNOWN,,opus_tatoeba_v2023-04-12_maori_tatoeba_raw,mātao
tatoeba_maori_tatoeba_raw,310,17.1,tao,mātao,UNKNOWN,,opus_tatoeba_v2023-04-12_maori_tatoeba_raw,mātao
tatoeba_maori_tatoeba_raw,310,18.0,hoki,hoki,UNKNOWN,,opus_tatoeba_v2023-04-12_maori_tatoeba_raw,
tatoeba_maori_tatoeba_raw,311,1.0,i,i,UNKNOWN,,opus_tatoeba_v2023-04-12_maori_tatoeba_raw,
tatoeba_maori_tatoeba_raw,311,2.0,mā,mārama,UNKNOWN,,opus_tatoeba_v2023-04-12_maori_tatoeba_raw,mārama
tatoeba_maori_tatoeba_raw,311,2.1,rama,mārama,UNKNOWN,,opus_tatoeba_v2023-04-12_maori_tatoeba_raw,mārama
tatoeba_maori_tatoeba_raw,311,3.0,te,te,UNKNOWN,,opus_tatoeba_v2023-04-12_maori_tatoeba_raw,
tatoeba_maori_tatoeba_raw,311,4.0,ki,kitea,UNKNOWN,,opus_tatoeba_v2023-04-12_maori_tatoeba_raw,kitea
tatoeba_maori_tatoeba_raw,311,4.1,tea,kitea,UNKNOWN,,opus_tatoeba_v2023-04-12_maori_tatoeba_raw,kitea
tatoeba_maori_tatoeba_raw,311,5.0,i,i,UNKNOWN,,opus_tatoeba_v2023-04-12_maori_tatoeba_raw,
tatoeba_maori_tatoeba_raw,311,6.0,te,te,UNKNOWN,,opus_tatoeba_v2023-04-12_maori_tatoeba_raw,
tatoeba_maori_tatoeba_raw,311,7.0,matekiri,matekiri,UNKNOWN,,opus_tatoeba_v2023-04-12_maori_tatoeba_raw,
tatoeba_maori_tatoeba_raw,311,8.0,a,a,UNKNOWN,,opus_tatoeba_v2023-04-12_maori_tatoeba_raw,
tatoeba_maori_tatoeba_raw,311,9.0,tom,tom,UNKNOWN,,opus_tatoeba_v2023-04-12_maori_tatoeba_raw,
tatoeba_maori_tatoeba_raw,312,1.0,he,he,UNKNOWN,,opus_tatoeba_v2023-04-12_maori_tatoeba_raw,
tatoeba_maori_tatoeba_raw,312,2.0,ā,āhua,UNKNOWN,,opus_tatoeba_v2023-04-12_maori_tatoeba_raw,āhua
tatoeba_maori_tatoeba_raw,312,2.1,hua,āhua,UNKNOWN,,opus_tatoeba_v2023-04-12_maori_tatoeba_raw,āhua
tatoeba_maori_tatoeba_raw,312,3.0,maha,maha,UNKNOWN,,opus_tatoeba_v2023-04-12_maori_tatoeba_raw,
tatoeba_maori_tatoeba_raw,312,4.0,ngā,ngā,UNKNOWN,,opus_tatoeba_v2023-04-12_maori_tatoeba_raw,
tatoeba_maori_tatoeba_raw,312,5.0,taku,takunetanga,UNKNOWN,,opus_tatoeba_v2023-04-12_maori_tatoeba_raw,takunetanga
tatoeba_maori_tatoeba_raw,312,5.1,netanga,takunetanga,UNKNOWN,,opus_tatoeba_v2023-04-12_maori_tatoeba_raw,takunetanga
tatoeba_maori_tatoeba_raw,312,6.0,ahurea,ahurea,UNKNOWN,,opus_tatoeba_v2023-04-12_maori_tatoeba_raw,
tatoeba_maori_tatoeba_raw,312,7.0,e,e,UNKNOWN,,opus_tatoeba_v2023-04-12_maori_tatoeba_raw,
tatoeba_maori_tatoeba_raw,312,8.0,tautokona,tautokona,UNKNOWN,,opus_tatoeba_v2023-04-12_maori_tatoeba_raw,
tatoeba_maori_tatoeba_raw,312,9.0,ana,ana,UNKNOWN,,opus_tatoeba_v2023-04-12_maori_tatoeba_raw,
tatoeba_maori_tatoeba_raw,312,10.0,e,e,UNKNOWN,,opus_tatoeba_v2023-04-12_maori_tatoeba_raw,
tatoeba_maori_tatoeba_raw,312,11.0,tō,tō,UNKNOWN,,opus_tatoeba_v2023-04-12_maori_tatoeba_raw,
tatoeba_maori_tatoeba_raw,312,12.0,mā,mātou,UNKNOWN,,opus_tatoeba_v2023-04-12_maori_tatoeba_raw,mātou
tatoeba_maori_tatoeba_raw,312,12.1,tou,mātou,UNKNOWN,,opus_tatoeba_v2023-04-12_maori_tatoeba_raw,mātou
tatoeba_maori_tatoeba_raw,312,13.0,ka,kamupene,UNKNOWN,,opus_tatoeba_v2023-04-12_maori_tatoeba_raw,kamupene
tatoeba_maori_tatoeba_raw,312,13.1,mupene,kamupene,UNKNOWN,,opus_tatoeba_v2023-04-12_maori_tatoeba_raw,kamupene
tatoeba_maori_tatoeba_raw,313,1.0,kāore,kāore,UNKNOWN,,opus_tatoeba_v2023-04-12_maori_tatoeba_raw,
tatoeba_maori_tatoeba_raw,313,2.0,ka,kau,UNKNOWN,,opus_tatoeba_v2023-04-12_maori_tatoeba_raw,kau
tatoeba_maori_tatoeba_raw,313,2.1,u,kau,UNKNOWN,,opus_tatoeba_v2023-04-12_maori_tatoeba_raw,kau
tatoeba_maori_tatoeba_raw,313,3.0,a,a,UNKNOWN,,opus_tatoeba_v2023-04-12_maori_tatoeba_raw,
tatoeba_maori_tatoeba_raw,313,4.0,dan,dan,UNKNOWN,,opus_tatoeba_v2023-04-12_maori_tatoeba_raw,
tatoeba_maori_tatoeba_raw,313,5.0,i,i,UNKNOWN,,opus_tatoeba_v2023-04-12_maori_tatoeba_raw,
tatoeba_maori_tatoeba_raw,313,6.0,utu,utu,UNKNOWN,,opus_tatoeba_v2023-04-12_maori_tatoeba_raw,
tatoeba_maori_tatoeba_raw,313,7.0,i,i,UNKNOWN,,opus_tatoeba_v2023-04-12_maori_tatoeba_raw,
tatoeba_maori_tatoeba_raw,313,8.0,tana,tana,UNKNOWN,,opus_tatoeba_v2023-04-12_maori_tatoeba_raw,
tatoeba_maori_tatoeba_raw,313,9.0,reti,reti,UNKNOWN,,opus_tatoeba_v2023-04-12_maori_tatoeba_raw,
tatoeba_maori_tatoeba_raw,313,10.0,ki,ki,UNKNOWN,,opus_tatoeba_v2023-04-12_maori_tatoeba_raw,
tatoeba_maori_tatoeba_raw,313,11.0,a,a,UNKNOWN,,opus_tatoeba_v2023-04-12_maori_tatoeba_raw,
tatoeba_maori_tatoeba_raw,313,12.0,linda,linda,UNKNOWN,,opus_tatoeba_v2023-04-12_maori_tatoeba_raw,
tatoeba_maori_tatoeba_raw,314,1.0,he,he,UNKNOWN,,opus_tatoeba_v2023-04-12_maori_tatoeba_raw,
tatoeba_maori_tatoeba_raw,314,2.0,tino,tino,UNKNOWN,,opus_tatoeba_v2023-04-12_maori_tatoeba_raw,
tatoeba_maori_tatoeba_raw,314,3.0,reka,reka,UNKNOWN,,opus_tatoeba_v2023-04-12_maori_tatoeba_raw,
tatoeba_maori_tatoeba_raw,314,4.0,te,te,UNKNOWN,,opus_tatoeba_v2023-04-12_maori_tatoeba_raw,
tatoeba_maori_tatoeba_raw,314,5.0,wai,wai,UNKNOWN,,opus_tatoeba_v2023-04-12_maori_tatoeba_raw,
tatoeba_maori_tatoeba_raw,315,1.0,he,he,UNKNOWN,,opus_tatoeba_v2023-04-12_maori_tatoeba_raw,
tatoeba_maori_tatoeba_raw,315,2.0,taumaha,taumaha,UNKNOWN,,opus_tatoeba_v2023-04-12_maori_tatoeba_raw,
tatoeba_maori_tatoeba_raw,315,3.0,tēnei,tēnei,UNKNOWN,,opus_tatoeba_v2023-04-12_maori_tatoeba_raw,
tatoeba_maori_tatoeba_raw,315,4.0,pēke,pēke,UNKNOWN,,opus_tatoeba_v2023-04-12_maori_tatoeba_raw,
tatoeba_maori_tatoeba_raw,315,5.0,ki,kikorangi,UNKNOWN,,opus_tatoeba_v2023-04-12_maori_tatoeba_raw,kikorangi
tatoeba_maori_tatoeba_raw,315,5.1,korangi,kikorangi,UNKNOWN,,opus_tatoeba_v2023-04-12_maori_tatoeba_raw,kikorangi
tatoeba_maori_tatoeba_raw,316,1.0,ko,ko,UNKNOWN,,opus_tatoeba_v2023-04-12_maori_tatoeba_raw,
tatoeba_maori_tatoeba_raw,316,2.0,te,te,UNKNOWN,,opus_tatoeba_v2023-04-12_maori_tatoeba_raw,
tatoeba_maori_tatoeba_raw,316,3.0,haere,haere,UNKNOWN,,opus_tatoeba_v2023-04-12_maori_tatoeba_raw,
tatoeba_maori_tatoeba_raw,316,4.0,ki,ki,UNKNOWN,,opus_tatoeba_v2023-04-12_maori_tatoeba_raw,
tatoeba_maori_tatoeba_raw,316,5.0,rāwāhi,rāwāhi,UNKNOWN,,opus_tatoeba_v2023-04-12_maori_tatoeba_raw,
tatoeba_maori_tatoeba_raw,316,6.0,e,e,UNKNOWN,,opus_tatoeba_v2023-04-12_maori_tatoeba_raw,
tatoeba_maori_tatoeba_raw,316,7.0,paingia,paingia,UNKNOWN,,opus_tatoeba_v2023-04-12_maori_tatoeba_raw,
tatoeba_maori_tatoeba_raw,316,8.0,ana,ana,UNKNOWN,,opus_tatoeba_v2023-04-12_maori_tatoeba_raw,
tatoeba_maori_tatoeba_raw,316,9.0,e,e,UNKNOWN,,opus_tatoeba_v2023-04-12_maori_tatoeba_raw,
tatoeba_maori_tatoeba_raw,316,10.0,te,te,UNKNOWN,,opus_tatoeba_v2023-04-12_maori_tatoeba_raw,
tatoeba_maori_tatoeba_raw,316,11.0,tokomaha,tokomaha,UNKNOWN,,opus_tatoeba_v2023-04-12_maori_tatoeba_raw,
tatoeba_maori_tatoeba_raw,317,1.0,e,ehara,UNKNOWN,,opus_tatoeba_v2023-04-12_maori_tatoeba_raw,ehara
tatoeba_maori_tatoeba_raw,317,1.1,hara,ehara,UNKNOWN,,opus_tatoeba_v2023-04-12_maori_tatoeba_raw,ehara
tatoeba_maori_tatoeba_raw,317,2.0,nā,nā,UNKNOWN,,opus_tatoeba_v2023-04-12_maori_tatoeba_raw,
tatoeba_maori_tatoeba_raw,317,3.0,tom,tom,UNKNOWN,,opus_tatoeba_v2023-04-12_maori_tatoeba_raw,
tatoeba_maori_tatoeba_raw,317,4.0,ngā,ngā,UNKNOWN,,opus_tatoeba_v2023-04-12_maori_tatoeba_raw,
tatoeba_maori_tatoeba_raw,317,5.0,rīhi,rīhi,UNKNOWN,,opus_tatoeba_v2023-04-12_maori_tatoeba_raw,
tatoeba_maori_tatoeba_raw,317,6.0,i,i,UNKNOWN,,opus_tatoeba_v2023-04-12_maori_tatoeba_raw,
tatoeba_maori_tatoeba_raw,317,7.0,horoi,horoi,UNKNOWN,,opus_tatoeba_v2023-04-12_maori_tatoeba_raw,
tatoeba_maori_tatoeba_raw,318,1.0,i,i,UNKNOWN,,opus_tatoeba_v2023-04-12_maori_tatoeba_raw,
tatoeba_maori_tatoeba_raw,318,2.0,kī,kī,UNKNOWN,,opus_tatoeba_v2023-04-12_maori_tatoeba_raw,
tatoeba_maori_tatoeba_raw,318,3.0,mai,mai,UNKNOWN,,opus_tatoeba_v2023-04-12_maori_tatoeba_raw,
tatoeba_maori_tatoeba_raw,318,4.0,a,a,UNKNOWN,,opus_tatoeba_v2023-04-12_maori_tatoeba_raw,
tatoeba_maori_tatoeba_raw,318,5.0,tom,tom,UNKNOWN,,opus_tatoeba_v2023-04-12_maori_tatoeba_raw,
tatoeba_maori_tatoeba_raw,318,6.0,ka,ka,UNKNOWN,,opus_tatoeba_v2023-04-12_maori_tatoeba_raw,
tatoeba_maori_tatoeba_raw,318,7.0,haere,haere,UNKNOWN,,opus_tatoeba_v2023-04-12_maori_tatoeba_raw,
tatoeba_maori_tatoeba_raw,318,8.0,mai,mai,UNKNOWN,,opus_tatoeba_v2023-04-12_maori_tatoeba_raw,
tatoeba_maori_tatoeba_raw,318,9.0,a,a,UNKNOWN,,opus_tatoeba_v2023-04-12_maori_tatoeba_raw,
tatoeba_maori_tatoeba_raw,318,10.0,mary,mary,UNKNOWN,,opus_tatoeba_v2023-04-12_maori_tatoeba_raw,
tatoeba_maori_tatoeba_raw,318,11.0,ki,ki,UNKNOWN,,opus_tatoeba_v2023-04-12_maori_tatoeba_raw,
tatoeba_maori_tatoeba_raw,318,12.0,te,te,UNKNOWN,,opus_tatoeba_v2023-04-12_maori_tatoeba_raw,
tatoeba_maori_tatoeba_raw,318,13.0,ka,kai,UNKNOWN,,opus_tatoeba_v2023-04-12_maori_tatoeba_raw,kai
tatoeba_maori_tatoeba_raw,318,13.1,i,kai,UNKNOWN,,opus_tatoeba_v2023-04-12_maori_tatoeba_raw,kai
tatoeba_maori_tatoeba_raw,318,14.0,i,i,UNKNOWN,,opus_tatoeba_v2023-04-12_maori_tatoeba_raw,
tatoeba_maori_tatoeba_raw,318,15.0,te,te,UNKNOWN,,opus_tatoeba_v2023-04-12_maori_tatoeba_raw,
tatoeba_maori_tatoeba_raw,318,16.0,hapa,hapa,UNKNOWN,,opus_tatoeba_v2023-04-12_maori_tatoeba_raw,
tatoeba_maori_tatoeba_raw,319,1.0,he,he,UNKNOWN,,opus_tatoeba_v2023-04-12_maori_tatoeba_raw,
tatoeba_maori_tatoeba_raw,319,2.0,mā,mārama,UNKNOWN,,opus_tatoeba_v2023-04-12_maori_tatoeba_raw,mārama
tatoeba_maori_tatoeba_raw,319,2.1,rama,mārama,UNKNOWN,,opus_tatoeba_v2023-04-12_maori_tatoeba_raw,mārama
tatoeba_maori_tatoeba_raw,319,3.0,ki,ki,UNKNOWN,,opus_tatoeba_v2023-04-12_maori_tatoeba_raw,
tatoeba_maori_tatoeba_raw,319,4.0,a,a,UNKNOWN,,opus_tatoeba_v2023-04-12_maori_tatoeba_raw,
tatoeba_maori_tatoeba_raw,319,5.0,au,au,UNKNOWN,,opus_tatoeba_v2023-04-12_maori_tatoeba_raw,
tatoeba_maori_tatoeba_raw,319,6.0,ko,ko,UNKNOWN,,opus_tatoeba_v2023-04-12_maori_tatoeba_raw,
tatoeba_maori_tatoeba_raw,319,7.0,tēnei,tēnei,UNKNOWN,,opus_tatoeba_v2023-04-12_maori_tatoeba_raw,
tatoeba_maori_tatoeba_raw,319,8.0,te,te,UNKNOWN,,opus_tatoeba_v2023-04-12_maori_tatoeba_raw,
tatoeba_maori_tatoeba_raw,319,9.0,kōrero,kōrero,UNKNOWN,,opus_tatoeba_v2023-04-12_maori_tatoeba_raw,
tatoeba_maori_tatoeba_raw,319,10.0,pono,pono,UNKNOWN,,opus_tatoeba_v2023-04-12_maori_tatoeba_raw,
tatoeba_maori_tatoeba_raw,320,1.0,i,i,UNKNOWN,,opus_tatoeba_v2023-04-12_maori_tatoeba_raw,
tatoeba_maori_tatoeba_raw,320,2.0,ki,kitea,UNKNOWN,,opus_tatoeba_v2023-04-12_maori_tatoeba_raw,kitea
tatoeba_maori_tatoeba_raw,320,2.1,tea,kitea,UNKNOWN,,opus_tatoeba_v2023-04-12_maori_tatoeba_raw,kitea
tatoeba_maori_tatoeba_raw,320,3.0,e,e,UNKNOWN,,opus_tatoeba_v2023-04-12_maori_tatoeba_raw,
tatoeba_maori_tatoeba_raw,320,4.0,ko,koe,UNKNOWN,,opus_tatoeba_v2023-04-12_maori_tatoeba_raw,koe
tatoeba_maori_tatoeba_raw,320,4.1,e,koe,UNKNOWN,,opus_tatoeba_v2023-04-12_maori_tatoeba_raw,koe
tatoeba_maori_tatoeba_raw,320,5.0,te,te,UNKNOWN,,opus_tatoeba_v2023-04-12_maori_tatoeba_raw,
tatoeba_maori_tatoeba_raw,320,6.0,whitinga,whitinga,UNKNOWN,,opus_tatoeba_v2023-04-12_maori_tatoeba_raw,
tatoeba_maori_tatoeba_raw,320,7.0,o,o,UNKNOWN,,opus_tatoeba_v2023-04-12_maori_tatoeba_raw,
tatoeba_maori_tatoeba_raw,320,8.0,te,te,UNKNOWN,,opus_tatoeba_v2023-04-12_maori_tatoeba_raw,
tatoeba_maori_tatoeba_raw,320,9.0,rā,rā,UNKNOWN,,opus_tatoeba_v2023-04-12_maori_tatoeba_raw,
tatoeba_maori_tatoeba_raw,320,10.0,i,i,UNKNOWN,,opus_tatoeba_v2023-04-12_maori_tatoeba_raw,
tatoeba_maori_tatoeba_raw,320,11.0,mua,mua,UNKNOWN,,opus_tatoeba_v2023-04-12_maori_tatoeba_raw,
tatoeba_maori_tatoeba_raw,320,12.0,nei,nei,UNKNOWN,,opus_tatoeba_v2023-04-12_maori_tatoeba_raw,
tatoeba_maori_tatoeba_raw,321,1.0,i,i,UNKNOWN,,opus_tatoeba_v2023-04-12_maori_tatoeba_raw,
tatoeba_maori_tatoeba_raw,321,2.0,tino,tino,UNKNOWN,,opus_tatoeba_v2023-04-12_maori_tatoeba_raw,
tatoeba_maori_tatoeba_raw,321,3.0,ā,ātaahua,UNKNOWN,,opus_tatoeba_v2023-04-12_maori_tatoeba_raw,ātaahua
tatoeba_maori_tatoeba_raw,321,3.1,taahua,ātaahua,UNKNOWN,,opus_tatoeba_v2023-04-12_maori_tatoeba_raw,ātaahua
tatoeba_maori_tatoeba_raw,322,1.0,i,i,UNKNOWN,,opus_tatoeba_v2023-04-12_maori_tatoeba_raw,
tatoeba_maori_tatoeba_raw,322,2.0,te,te,UNKNOWN,,opus_tatoeba_v2023-04-12_maori_tatoeba_raw,
tatoeba_maori_tatoeba_raw,322,3.0,tuatahi,tuatahi,UNKNOWN,,opus_tatoeba_v2023-04-12_maori_tatoeba_raw,
tatoeba_maori_tatoeba_raw,322,4.0,i,i,UNKNOWN,,opus_tatoeba_v2023-04-12_maori_tatoeba_raw,
tatoeba_maori_tatoeba_raw,322,5.0,pōhēhē,pōhēhē,UNKNOWN,,opus_tatoeba_v2023-04-12_maori_tatoeba_raw,
tatoeba_maori_tatoeba_raw,322,6.0,ahau,ahau,UNKNOWN,,opus_tatoeba_v2023-04-12_maori_tatoeba_raw,
tatoeba_maori_tatoeba_raw,322,7.0,ko,ko,UNKNOWN,,opus_tatoeba_v2023-04-12_maori_tatoeba_raw,
tatoeba_maori_tatoeba_raw,322,8.0,ko,koe,UNKNOWN,,opus_tatoeba_v2023-04-12_maori_tatoeba_raw,koe
tatoeba_maori_tatoeba_raw,322,8.1,e,koe,UNKNOWN,,opus_tatoeba_v2023-04-12_maori_tatoeba_raw,koe
tatoeba_maori_tatoeba_raw,322,9.0,tō,tō,UNKNOWN,,opus_tatoeba_v2023-04-12_maori_tatoeba_raw,
tatoeba_maori_tatoeba_raw,322,10.0,tuakana,tuakana,UNKNOWN,,opus_tatoeba_v2023-04-12_maori_tatoeba_raw,
tatoeba_maori_tatoeba_raw,323,1.0,i,i,UNKNOWN,,opus_tatoeba_v2023-04-12_maori_tatoeba_raw,
tatoeba_maori_tatoeba_raw,323,2.0,te,te,UNKNOWN,,opus_tatoeba_v2023-04-12_maori_tatoeba_raw,
tatoeba_maori_tatoeba_raw,323,3.0,tuatahi,tuatahi,UNKNOWN,,opus_tatoeba_v2023-04-12_maori_tatoeba_raw,
tatoeba_maori_tatoeba_raw,323,4.0,i,i,UNKNOWN,,opus_tatoeba_v2023-04-12_maori_tatoeba_raw,
tatoeba_maori_tatoeba_raw,323,5.0,pōhēhē,pōhēhē,UNKNOWN,,opus_tatoeba_v2023-04-12_maori_tatoeba_raw,
tatoeba_maori_tatoeba_raw,323,6.0,ahau,ahau,UNKNOWN,,opus_tatoeba_v2023-04-12_maori_tatoeba_raw,
tatoeba_maori_tatoeba_raw,323,7.0,ko,ko,UNKNOWN,,opus_tatoeba_v2023-04-12_maori_tatoeba_raw,
tatoeba_maori_tatoeba_raw,323,8.0,ko,koe,UNKNOWN,,opus_tatoeba_v2023-04-12_maori_tatoeba_raw,koe
tatoeba_maori_tatoeba_raw,323,8.1,e,koe,UNKNOWN,,opus_tatoeba_v2023-04-12_maori_tatoeba_raw,koe
tatoeba_maori_tatoeba_raw,323,9.0,tō,tō,UNKNOWN,,opus_tatoeba_v2023-04-12_maori_tatoeba_raw,
tatoeba_maori_tatoeba_raw,323,10.0,te,teina,UNKNOWN,,opus_tatoeba_v2023-04-12_maori_tatoeba_raw,teina
tatoeba_maori_tatoeba_raw,323,10.1,ina,teina,UNKNOWN,,opus_tatoeba_v2023-04-12_maori_tatoeba_raw,teina
tatoeba_maori_tatoeba_raw,324,1.0,he,he,UNKNOWN,,opus_tatoeba_v2023-04-12_maori_tatoeba_raw,
tatoeba_maori_tatoeba_raw,324,2.0,pai,pai,UNKNOWN,,opus_tatoeba_v2023-04-12_maori_tatoeba_raw,
tatoeba_maori_tatoeba_raw,324,3.0,te,te,UNKNOWN,,opus_tatoeba_v2023-04-12_maori_tatoeba_raw,
tatoeba_maori_tatoeba_raw,324,4.0,mahi,mahi,UNKNOWN,,opus_tatoeba_v2023-04-12_maori_tatoeba_raw,
tatoeba_maori_tatoeba_raw,324,5.0,akoranga,akoranga,UNKNOWN,,opus_tatoeba_v2023-04-12_maori_tatoeba_raw,
tatoeba_maori_tatoeba_raw,324,6.0,ki,ki,UNKNOWN,,opus_tatoeba_v2023-04-12_maori_tatoeba_raw,
tatoeba_maori_tatoeba_raw,324,7.0,a,a,UNKNOWN,,opus_tatoeba_v2023-04-12_maori_tatoeba_raw,
tatoeba_maori_tatoeba_raw,324,8.0,ko,koe,UNKNOWN,,opus_tatoeba_v2023-04-12_maori_tatoeba_raw,koe
tatoeba_maori_tatoeba_raw,324,8.1,e,koe,UNKNOWN,,opus_tatoeba_v2023-04-12_maori_tatoeba_raw,koe
tatoeba_maori_tatoeba_raw,325,1.0,he,he,UNKNOWN,,opus_tatoeba_v2023-04-12_maori_tatoeba_raw,
tatoeba_maori_tatoeba_raw,325,2.0,me,mea,UNKNOWN,,opus_tatoeba_v2023-04-12_maori_tatoeba_raw,mea
tatoeba_maori_tatoeba_raw,325,2.1,a,mea,UNKNOWN,,opus_tatoeba_v2023-04-12_maori_tatoeba_raw,mea
tatoeba_maori_tatoeba_raw,325,3.0,ā,āhua,UNKNOWN,,opus_tatoeba_v2023-04-12_maori_tatoeba_raw,āhua
tatoeba_maori_tatoeba_raw,325,3.1,hua,āhua,UNKNOWN,,opus_tatoeba_v2023-04-12_maori_tatoeba_raw,āhua
tatoeba_maori_tatoeba_raw,325,4.0,rerekē,rerekē,UNKNOWN,,opus_tatoeba_v2023-04-12_maori_tatoeba_raw,
tatoeba_maori_tatoeba_raw,325,5.0,tā,tā,UNKNOWN,,opus_tatoeba_v2023-04-12_maori_tatoeba_raw,
tatoeba_maori_tatoeba_raw,325,6.0,tom,tom,UNKNOWN,,opus_tatoeba_v2023-04-12_maori_tatoeba_raw,
tatoeba_maori_tatoeba_raw,325,7.0,i,i,UNKNOWN,,opus_tatoeba_v2023-04-12_maori_tatoeba_raw,
tatoeba_maori_tatoeba_raw,325,8.0,tūmanako,tūmanako,UNKNOWN,,opus_tatoeba_v2023-04-12_maori_tatoeba_raw,
tatoeba_maori_tatoeba_raw,325,9.0,ai,ai,UNKNOWN,,opus_tatoeba_v2023-04-12_maori_tatoeba_raw,
tatoeba_maori_tatoeba_raw,326,1.0,kāore,kāore,UNKNOWN,,opus_tatoeba_v2023-04-12_maori_tatoeba_raw,
tatoeba_maori_tatoeba_raw,326,2.0,i,i,UNKNOWN,,opus_tatoeba_v2023-04-12_maori_tatoeba_raw,
tatoeba_maori_tatoeba_raw,326,3.0,te,te,UNKNOWN,,opus_tatoeba_v2023-04-12_maori_tatoeba_raw,
tatoeba_maori_tatoeba_raw,326,4.0,rite,rite,UNKNOWN,,opus_tatoeba_v2023-04-12_maori_tatoeba_raw,
tatoeba_maori_tatoeba_raw,326,5.0,tonu,tonu,UNKNOWN,,opus_tatoeba_v2023-04-12_maori_tatoeba_raw,
tatoeba_maori_tatoeba_raw,326,6.0,tā,tā,UNKNOWN,,opus_tatoeba_v2023-04-12_maori_tatoeba_raw,
tatoeba_maori_tatoeba_raw,326,7.0,tom,tom,UNKNOWN,,opus_tatoeba_v2023-04-12_maori_tatoeba_raw,
tatoeba_maori_tatoeba_raw,326,8.0,mahi,mahi,UNKNOWN,,opus_tatoeba_v2023-04-12_maori_tatoeba_raw,
tatoeba_maori_tatoeba_raw,326,9.0,i,i,UNKNOWN,,opus_tatoeba_v2023-04-12_maori_tatoeba_raw,
tatoeba_maori_tatoeba_raw,326,10.0,te,te,UNKNOWN,,opus_tatoeba_v2023-04-12_maori_tatoeba_raw,
tatoeba_maori_tatoeba_raw,326,11.0,mahi,mahi,UNKNOWN,,opus_tatoeba_v2023-04-12_maori_tatoeba_raw,
tatoeba_maori_tatoeba_raw,326,12.0,kāinga,kāinga,UNKNOWN,,opus_tatoeba_v2023-04-12_maori_tatoeba_raw,
tatoeba_maori_tatoeba_raw,326,13.0,i,i,UNKNOWN,,opus_tatoeba_v2023-04-12_maori_tatoeba_raw,
tatoeba_maori_tatoeba_raw,326,14.0,mua,mua,UNKNOWN,,opus_tatoeba_v2023-04-12_maori_tatoeba_raw,
tatoeba_maori_tatoeba_raw,326,15.0,i,i,UNKNOWN,,opus_tatoeba_v2023-04-12_maori_tatoeba_raw,
tatoeba_maori_tatoeba_raw,326,16.0,te,te,UNKNOWN,,opus_tatoeba_v2023-04-12_maori_tatoeba_raw,
tatoeba_maori_tatoeba_raw,326,17.0,hapa,hapa,UNKNOWN,,opus_tatoeba_v2023-04-12_maori_tatoeba_raw,
tatoeba_maori_tatoeba_raw,327,1.0,kua,kua,UNKNOWN,,opus_tatoeba_v2023-04-12_maori_tatoeba_raw,
tatoeba_maori_tatoeba_raw,327,2.0,toru,toru,UNKNOWN,,opus_tatoeba_v2023-04-12_maori_tatoeba_raw,
tatoeba_maori_tatoeba_raw,327,3.0,ngā,ngā,UNKNOWN,,opus_tatoeba_v2023-04-12_maori_tatoeba_raw,
tatoeba_maori_tatoeba_raw,327,4.0,rā,rā,UNKNOWN,,opus_tatoeba_v2023-04-12_maori_tatoeba_raw,
tatoeba_maori_tatoeba_raw,327,5.0,a,a,UNKNOWN,,opus_tatoeba_v2023-04-12_maori_tatoeba_raw,
tatoeba_maori_tatoeba_raw,327,6.0,tom,tom,UNKNOWN,,opus_tatoeba_v2023-04-12_maori_tatoeba_raw,
tatoeba_maori_tatoeba_raw,327,7.0,e,e,UNKNOWN,,opus_tatoeba_v2023-04-12_maori_tatoeba_raw,
tatoeba_maori_tatoeba_raw,327,8.0,ngaro,ngaro,UNKNOWN,,opus_tatoeba_v2023-04-12_maori_tatoeba_raw,
tatoeba_maori_tatoeba_raw,327,9.0,ana,ana,UNKNOWN,,opus_tatoeba_v2023-04-12_maori_tatoeba_raw,
tatoeba_maori_tatoeba_raw,327,10.0,i,i,UNKNOWN,,opus_tatoeba_v2023-04-12_maori_tatoeba_raw,
tatoeba_maori_tatoeba_raw,327,11.0,te,te,UNKNOWN,,opus_tatoeba_v2023-04-12_maori_tatoeba_raw,
tatoeba_maori_tatoeba_raw,327,12.0,kura,kura,UNKNOWN,,opus_tatoeba_v2023-04-12_maori_tatoeba_raw,
tatoeba_maori_tatoeba_raw,328,1.0,mauria,mauria,UNKNOWN,,opus_tatoeba_v2023-04-12_maori_tatoeba_raw,
tatoeba_maori_tatoeba_raw,328,2.0,atu,atu,UNKNOWN,,opus_tatoeba_v2023-04-12_maori_tatoeba_raw,
tatoeba_maori_tatoeba_raw,328,3.0,ai,ai,UNKNOWN,,opus_tatoeba_v2023-04-12_maori_tatoeba_raw,
tatoeba_maori_tatoeba_raw,328,4.0,ngā,ngā,UNKNOWN,,opus_tatoeba_v2023-04-12_maori_tatoeba_raw,
tatoeba_maori_tatoeba_raw,328,5.0,tamariki,tamariki,UNKNOWN,,opus_tatoeba_v2023-04-12_maori_tatoeba_raw,
tatoeba_maori_tatoeba_raw,328,6.0,e,e,UNKNOWN,,opus_tatoeba_v2023-04-12_maori_tatoeba_raw,
tatoeba_maori_tatoeba_raw,328,7.0,tom,tom,UNKNOWN,,opus_tatoeba_v2023-04-12_maori_tatoeba_raw,
tatoeba_maori_tatoeba_raw,328,8.0,ki,ki,UNKNOWN,,opus_tatoeba_v2023-04-12_maori_tatoeba_raw,
tatoeba_maori_tatoeba_raw,328,9.0,te,te,UNKNOWN,,opus_tatoeba_v2023-04-12_maori_tatoeba_raw,
tatoeba_maori_tatoeba_raw,328,10.0,kura,kura,UNKNOWN,,opus_tatoeba_v2023-04-12_maori_tatoeba_raw,
tatoeba_maori_tatoeba_raw,328,11.0,i,ia,UNKNOWN,,opus_tatoeba_v2023-04-12_maori_tatoeba_raw,ia
tatoeba_maori_tatoeba_raw,328,11.1,a,ia,UNKNOWN,,opus_tatoeba_v2023-04-12_maori_tatoeba_raw,ia
tatoeba_maori_tatoeba_raw,328,12.0,rā,rā,UNKNOWN,,opus_tatoeba_v2023-04-12_maori_tatoeba_raw,
tatoeba_maori_tatoeba_raw,328,13.0,i,ia,UNKNOWN,,opus_tatoeba_v2023-04-12_maori_tatoeba_raw,ia
tatoeba_maori_tatoeba_raw,328,13.1,a,ia,UNKNOWN,,opus_tatoeba_v2023-04-12_maori_tatoeba_raw,ia
tatoeba_maori_tatoeba_raw,328,14.0,rā,rā,UNKNOWN,,opus_tatoeba_v2023-04-12_maori_tatoeba_raw,
tatoeba_maori_tatoeba_raw,329,1.0,i,i,UNKNOWN,,opus_tatoeba_v2023-04-12_maori_tatoeba_raw,
tatoeba_maori_tatoeba_raw,329,2.0,haere,haere,UNKNOWN,,opus_tatoeba_v2023-04-12_maori_tatoeba_raw,
tatoeba_maori_tatoeba_raw,329,3.0,atu,atu,UNKNOWN,,opus_tatoeba_v2023-04-12_maori_tatoeba_raw,
tatoeba_maori_tatoeba_raw,329,4.0,mā,māua,UNKNOWN,,opus_tatoeba_v2023-04-12_maori_tatoeba_raw,māua
tatoeba_maori_tatoeba_raw,329,4.1,ua,māua,UNKNOWN,,opus_tatoeba_v2023-04-12_maori_tatoeba_raw,māua
tatoeba_maori_tatoeba_raw,329,5.0,ko,ko,UNKNOWN,,opus_tatoeba_v2023-04-12_maori_tatoeba_raw,
tatoeba_maori_tatoeba_raw,329,6.0,tom,tom,UNKNOWN,,opus_tatoeba_v2023-04-12_maori_tatoeba_raw,
tatoeba_maori_tatoeba_raw,329,7.0,ki,ki,UNKNOWN,,opus_tatoeba_v2023-04-12_maori_tatoeba_raw,
tatoeba_maori_tatoeba_raw,329,8.0,te,te,UNKNOWN,,opus_tatoeba_v2023-04-12_maori_tatoeba_raw,
tatoeba_maori_tatoeba_raw,329,9.0,mā,mātakitaki,UNKNOWN,,opus_tatoeba_v2023-04-12_maori_tatoeba_raw,mātakitaki
tatoeba_maori_tatoeba_raw,329,9.1,takitaki,mātakitaki,UNKNOWN,,opus_tatoeba_v2023-04-12_maori_tatoeba_raw,mātakitaki
tatoeba_maori_tatoeba_raw,329,10.0,i,i,UNKNOWN,,opus_tatoeba_v2023-04-12_maori_tatoeba_raw,
tatoeba_maori_tatoeba_raw,329,11.0,tētahi,tētahi,UNKNOWN,,opus_tatoeba_v2023-04-12_maori_tatoeba_raw,
tatoeba_maori_tatoeba_raw,329,12.0,pikitia,pikitia,UNKNOWN,,opus_tatoeba_v2023-04-12_maori_tatoeba_raw,
tatoeba_maori_tatoeba_raw,329,13.0,i,i,UNKNOWN,,opus_tatoeba_v2023-04-12_maori_tatoeba_raw,
tatoeba_maori_tatoeba_raw,329,14.0,muri,muri,UNKNOWN,,opus_tatoeba_v2023-04-12_maori_tatoeba_raw,
tatoeba_maori_tatoeba_raw,329,15.0,i,i,UNKNOWN,,opus_tatoeba_v2023-04-12_maori_tatoeba_raw,
tatoeba_maori_tatoeba_raw,329,16.0,te,te,UNKNOWN,,opus_tatoeba_v2023-04-12_maori_tatoeba_raw,
tatoeba_maori_tatoeba_raw,329,17.0,kura,kura,UNKNOWN,,opus_tatoeba_v2023-04-12_maori_tatoeba_raw,
tatoeba_maori_tatoeba_raw,330,1.0,i,i,UNKNOWN,,opus_tatoeba_v2023-04-12_maori_tatoeba_raw,
tatoeba_maori_tatoeba_raw,330,2.0,haere,haere,UNKNOWN,,opus_tatoeba_v2023-04-12_maori_tatoeba_raw,
tatoeba_maori_tatoeba_raw,330,3.0,mā,māua,UNKNOWN,,opus_tatoeba_v2023-04-12_maori_tatoeba_raw,māua
tatoeba_maori_tatoeba_raw,330,3.1,ua,māua,UNKNOWN,,opus_tatoeba_v2023-04-12_maori_tatoeba_raw,māua
tatoeba_maori_tatoeba_raw,330,4.0,ko,ko,UNKNOWN,,opus_tatoeba_v2023-04-12_maori_tatoeba_raw,
tatoeba_maori_tatoeba_raw,330,5.0,tom,tom,UNKNOWN,,opus_tatoeba_v2023-04-12_maori_tatoeba_raw,
tatoeba_maori_tatoeba_raw,330,6.0,ki,ki,UNKNOWN,,opus_tatoeba_v2023-04-12_maori_tatoeba_raw,
tatoeba_maori_tatoeba_raw,330,7.0,te,te,UNKNOWN,,opus_tatoeba_v2023-04-12_maori_tatoeba_raw,
tatoeba_maori_tatoeba_raw,330,8.0,mā,mātakitaki,UNKNOWN,,opus_tatoeba_v2023-04-12_maori_tatoeba_raw,mātakitaki
tatoeba_maori_tatoeba_raw,330,8.1,takitaki,mātakitaki,UNKNOWN,,opus_tatoeba_v2023-04-12_maori_tatoeba_raw,mātakitaki
tatoeba_maori_tatoeba_raw,330,9.0,i,i,UNKNOWN,,opus_tatoeba_v2023-04-12_maori_tatoeba_raw,
tatoeba_maori_tatoeba_raw,330,10.0,tētahi,tētahi,UNKNOWN,,opus_tatoeba_v2023-04-12_maori_tatoeba_raw,
tatoeba_maori_tatoeba_raw,330,11.0,pikitia,pikitia,UNKNOWN,,opus_tatoeba_v2023-04-12_maori_tatoeba_raw,
tatoeba_maori_tatoeba_raw,330,12.0,i,i,UNKNOWN,,opus_tatoeba_v2023-04-12_maori_tatoeba_raw,
tatoeba_maori_tatoeba_raw,330,13.0,muri,muri,UNKNOWN,,opus_tatoeba_v2023-04-12_maori_tatoeba_raw,
tatoeba_maori_tatoeba_raw,330,14.0,i,i,UNKNOWN,,opus_tatoeba_v2023-04-12_maori_tatoeba_raw,
tatoeba_maori_tatoeba_raw,330,15.0,te,te,UNKNOWN,,opus_tatoeba_v2023-04-12_maori_tatoeba_raw,
tatoeba_maori_tatoeba_raw,330,16.0,mahi,mahi,UNKNOWN,,opus_tatoeba_v2023-04-12_maori_tatoeba_raw,
tatoeba_maori_tatoeba_raw,331,1.0,e,e,UNKNOWN,,opus_tatoeba_v2023-04-12_maori_tatoeba_raw,
tatoeba_maori_tatoeba_raw,331,2.0,mā,mātakitaki,UNKNOWN,,opus_tatoeba_v2023-04-12_maori_tatoeba_raw,mātakitaki
tatoeba_maori_tatoeba_raw,331,2.1,takitaki,mātakitaki,UNKNOWN,,opus_tatoeba_v2023-04-12_maori_tatoeba_raw,mātakitaki
tatoeba_maori_tatoeba_raw,331,3.0,ana,ana,UNKNOWN,,opus_tatoeba_v2023-04-12_maori_tatoeba_raw,
tatoeba_maori_tatoeba_raw,331,4.0,a,a,UNKNOWN,,opus_tatoeba_v2023-04-12_maori_tatoeba_raw,
tatoeba_maori_tatoeba_raw,331,5.0,tom,tom,UNKNOWN,,opus_tatoeba_v2023-04-12_maori_tatoeba_raw,
tatoeba_maori_tatoeba_raw,331,6.0,i,i,UNKNOWN,,opus_tatoeba_v2023-04-12_maori_tatoeba_raw,
tatoeba_maori_tatoeba_raw,331,7.0,te,te,UNKNOWN,,opus_tatoeba_v2023-04-12_maori_tatoeba_raw,
tatoeba_maori_tatoeba_raw,331,8.0,pouaka,pouaka,UNKNOWN,,opus_tatoeba_v2023-04-12_maori_tatoeba_raw,
tatoeba_maori_tatoeba_raw,331,9.0,whakaata,whakaata,UNKNOWN,,opus_tatoeba_v2023-04-12_maori_tatoeba_raw,
tatoeba_maori_tatoeba_raw,331,10.0,mō,mō,UNKNOWN,,opus_tatoeba_v2023-04-12_maori_tatoeba_raw,
tatoeba_maori_tatoeba_raw,331,11.0,te,te,UNKNOWN,,opus_tatoeba_v2023-04-12_maori_tatoeba_raw,
tatoeba_maori_tatoeba_raw,331,12.0,ka,katoa,UNKNOWN,,opus_tatoeba_v2023-04-12_maori_tatoeba_raw,katoa
tatoeba_maori_tatoeba_raw,331,12.1,toa,katoa,UNKNOWN,,opus_tatoeba_v2023-04-12_maori_tatoeba_raw,katoa
tatoeba_maori_tatoeba_raw,331,13.0,o,o,UNKNOWN,,opus_tatoeba_v2023-04-12_maori_tatoeba_raw,
tatoeba_maori_tatoeba_raw,331,14.0,te,te,UNKNOWN,,opus_tatoeba_v2023-04-12_maori_tatoeba_raw,
tatoeba_maori_tatoeba_raw,331,15.0,rā,rā,UNKNOWN,,opus_tatoeba_v2023-04-12_maori_tatoeba_raw,
tatoeba_maori_tatoeba_raw,332,1.0,e,e,UNKNOWN,,opus_tatoeba_v2023-04-12_maori_tatoeba_raw,
tatoeba_maori_tatoeba_raw,332,2.0,mōhio,mōhio,UNKNOWN,,opus_tatoeba_v2023-04-12_maori_tatoeba_raw,
tatoeba_maori_tatoeba_raw,332,3.0,ana,ana,UNKNOWN,,opus_tatoeba_v2023-04-12_maori_tatoeba_raw,
tatoeba_maori_tatoeba_raw,332,4.0,a,a,UNKNOWN,,opus_tatoeba_v2023-04-12_maori_tatoeba_raw,
tatoeba_maori_tatoeba_raw,332,5.0,tom,tom,UNKNOWN,,opus_tatoeba_v2023-04-12_maori_tatoeba_raw,
tatoeba_maori_tatoeba_raw,332,6.0,he,he,UNKNOWN,,opus_tatoeba_v2023-04-12_maori_tatoeba_raw,
tatoeba_maori_tatoeba_raw,332,7.0,aha,aha,UNKNOWN,,opus_tatoeba_v2023-04-12_maori_tatoeba_raw,
tatoeba_maori_tatoeba_raw,332,8.0,tā,tā,UNKNOWN,,opus_tatoeba_v2023-04-12_maori_tatoeba_raw,
tatoeba_maori_tatoeba_raw,332,9.0,mary,mary,UNKNOWN,,opus_tatoeba_v2023-04-12_maori_tatoeba_raw,
tatoeba_maori_tatoeba_raw,332,10.0,i,i,UNKNOWN,,opus_tatoeba_v2023-04-12_maori_tatoeba_raw,
tatoeba_maori_tatoeba_raw,332,11.0,mahi,mahi,UNKNOWN,,opus_tatoeba_v2023-04-12_maori_tatoeba_raw,
tatoeba_maori_tatoeba_raw,332,12.0,ai,ai,UNKNOWN,,opus_tatoeba_v2023-04-12_maori_tatoeba_raw,
tatoeba_maori_tatoeba_raw,333,1.0,i,i,UNKNOWN,,opus_tatoeba_v2023-04-12_maori_tatoeba_raw,
tatoeba_maori_tatoeba_raw,333,2.0,taea,taea,UNKNOWN,,opus_tatoeba_v2023-04-12_maori_tatoeba_raw,
tatoeba_maori_tatoeba_raw,333,3.0,e,e,UNKNOWN,,opus_tatoeba_v2023-04-12_maori_tatoeba_raw,
tatoeba_maori_tatoeba_raw,333,4.0,tom,tom,UNKNOWN,,opus_tatoeba_v2023-04-12_maori_tatoeba_raw,
tatoeba_maori_tatoeba_raw,333,5.0,te,te,UNKNOWN,,opus_tatoeba_v2023-04-12_maori_tatoeba_raw,
tatoeba_maori_tatoeba_raw,333,6.0,ki,kite,UNKNOWN,,opus_tatoeba_v2023-04-12_maori_tatoeba_raw,kite
tatoeba_maori_tatoeba_raw,333,6.1,te,kite,UNKNOWN,,opus_tatoeba_v2023-04-12_maori_tatoeba_raw,kite
tatoeba_maori_tatoeba_raw,333,7.0,i,i,UNKNOWN,,opus_tatoeba_v2023-04-12_maori_tatoeba_raw,
tatoeba_maori_tatoeba_raw,333,8.0,te,te,UNKNOWN,,opus_tatoeba_v2023-04-12_maori_tatoeba_raw,
tatoeba_maori_tatoeba_raw,333,9.0,tangi,tangi,UNKNOWN,,opus_tatoeba_v2023-04-12_maori_tatoeba_raw,
tatoeba_maori_tatoeba_raw,333,10.0,a,a,UNKNOWN,,opus_tatoeba_v2023-04-12_maori_tatoeba_raw,
tatoeba_maori_tatoeba_raw,333,11.0,mary,mary,UNKNOWN,,opus_tatoeba_v2023-04-12_maori_tatoeba_raw,
tatoeba_maori_tatoeba_raw,334,1.0,i,i,UNKNOWN,,opus_tatoeba_v2023-04-12_maori_tatoeba_raw,
tatoeba_maori_tatoeba_raw,334,2.0,kī,kī,UNKNOWN,,opus_tatoeba_v2023-04-12_maori_tatoeba_raw,
tatoeba_maori_tatoeba_raw,334,3.0,atu,atu,UNKNOWN,,opus_tatoeba_v2023-04-12_maori_tatoeba_raw,
tatoeba_maori_tatoeba_raw,334,4.0,a,a,UNKNOWN,,opus_tatoeba_v2023-04-12_maori_tatoeba_raw,
tatoeba_maori_tatoeba_raw,334,5.0,tom,tom,UNKNOWN,,opus_tatoeba_v2023-04-12_maori_tatoeba_raw,
tatoeba_maori_tatoeba_raw,334,6.0,ki,ki,UNKNOWN,,opus_tatoeba_v2023-04-12_maori_tatoeba_raw,
tatoeba_maori_tatoeba_raw,334,7.0,a,a,UNKNOWN,,opus_tatoeba_v2023-04-12_maori_tatoeba_raw,
tatoeba_maori_tatoeba_raw,334,8.0,mary,mary,UNKNOWN,,opus_tatoeba_v2023-04-12_maori_tatoeba_raw,
tatoeba_maori_tatoeba_raw,334,9.0,me,me,UNKNOWN,,opus_tatoeba_v2023-04-12_maori_tatoeba_raw,
tatoeba_maori_tatoeba_raw,334,10.0,ka,kaua,UNKNOWN,,opus_tatoeba_v2023-04-12_maori_tatoeba_raw,kaua
tatoeba_maori_tatoeba_raw,334,10.1,ua,kaua,UNKNOWN,,opus_tatoeba_v2023-04-12_maori_tatoeba_raw,kaua
tatoeba_maori_tatoeba_raw,334,11.0,a,a,UNKNOWN,,opus_tatoeba_v2023-04-12_maori_tatoeba_raw,
tatoeba_maori_tatoeba_raw,334,12.0,i,ia,UNKNOWN,,opus_tatoeba_v2023-04-12_maori_tatoeba_raw,ia
tatoeba_maori_tatoeba_raw,334,12.1,a,ia,UNKNOWN,,opus_tatoeba_v2023-04-12_maori_tatoeba_raw,ia
tatoeba_maori_tatoeba_raw,334,13.0,e,e,UNKNOWN,,opus_tatoeba_v2023-04-12_maori_tatoeba_raw,
tatoeba_maori_tatoeba_raw,334,14.0,hīkoi,hīkoi,UNKNOWN,,opus_tatoeba_v2023-04-12_maori_tatoeba_raw,
tatoeba_maori_tatoeba_raw,334,15.0,ko,ko,UNKNOWN,,opus_tatoeba_v2023-04-12_maori_tatoeba_raw,
tatoeba_maori_tatoeba_raw,334,16.0,i,ia,UNKNOWN,,opus_tatoeba_v2023-04-12_maori_tatoeba_raw,ia
tatoeba_maori_tatoeba_raw,334,16.1,a,ia,UNKNOWN,,opus_tatoeba_v2023-04-12_maori_tatoeba_raw,ia
tatoeba_maori_tatoeba_raw,334,17.0,anake,anake,UNKNOWN,,opus_tatoeba_v2023-04-12_maori_tatoeba_raw,
tatoeba_maori_tatoeba_raw,334,18.0,ā,ā,UNKNOWN,,opus_tatoeba_v2023-04-12_maori_tatoeba_raw,
tatoeba_maori_tatoeba_raw,334,19.0,te,te,UNKNOWN,,opus_tatoeba_v2023-04-12_maori_tatoeba_raw,
tatoeba_maori_tatoeba_raw,334,20.0,pō,pō,UNKNOWN,,opus_tatoeba_v2023-04-12_maori_tatoeba_raw,
tatoeba_maori_tatoeba_raw,335,1.0,he,he,UNKNOWN,,opus_tatoeba_v2023-04-12_maori_tatoeba_raw,
tatoeba_maori_tatoeba_raw,335,2.0,roa,roa,UNKNOWN,,opus_tatoeba_v2023-04-12_maori_tatoeba_raw,
tatoeba_maori_tatoeba_raw,335,3.0,rawa,rawa,UNKNOWN,,opus_tatoeba_v2023-04-12_maori_tatoeba_raw,
tatoeba_maori_tatoeba_raw,335,4.0,te,te,UNKNOWN,,opus_tatoeba_v2023-04-12_maori_tatoeba_raw,
tatoeba_maori_tatoeba_raw,335,5.0,wā,wā,UNKNOWN,,opus_tatoeba_v2023-04-12_maori_tatoeba_raw,
tatoeba_maori_tatoeba_raw,335,6.0,e,e,UNKNOWN,,opus_tatoeba_v2023-04-12_maori_tatoeba_raw,
tatoeba_maori_tatoeba_raw,335,7.0,whakapaua,whakapaua,UNKNOWN,,opus_tatoeba_v2023-04-12_maori_tatoeba_raw,
tatoeba_maori_tatoeba_raw,335,8.0,ana,ana,UNKNOWN,,opus_tatoeba_v2023-04-12_maori_tatoeba_raw,
tatoeba_maori_tatoeba_raw,335,9.0,e,e,UNKNOWN,,opus_tatoeba_v2023-04-12_maori_tatoeba_raw,
tatoeba_maori_tatoeba_raw,335,10.0,tom,tom,UNKNOWN,,opus_tatoeba_v2023-04-12_maori_tatoeba_raw,
tatoeba_maori_tatoeba_raw,335,11.0,e,e,UNKNOWN,,opus_tatoeba_v2023-04-12_maori_tatoeba_raw,
tatoeba_maori_tatoeba_raw,335,12.0,whakamahi,whakamahi,UNKNOWN,,opus_tatoeba_v2023-04-12_maori_tatoeba_raw,
tatoeba_maori_tatoeba_raw,335,13.0,ana,ana,UNKNOWN,,opus_tatoeba_v2023-04-12_maori_tatoeba_raw,
tatoeba_maori_tatoeba_raw,335,14.0,i,i,UNKNOWN,,opus_tatoeba_v2023-04-12_maori_tatoeba_raw,
tatoeba_maori_tatoeba_raw,335,15.0,te,te,UNKNOWN,,opus_tatoeba_v2023-04-12_maori_tatoeba_raw,
tatoeba_maori_tatoeba_raw,335,16.0,rorohiko,rorohiko,UNKNOWN,,opus_tatoeba_v2023-04-12_maori_tatoeba_raw,
tatoeba_maori_tatoeba_raw,336,1.0,kua,kua,UNKNOWN,,opus_tatoeba_v2023-04-12_maori_tatoeba_raw,
tatoeba_maori_tatoeba_raw,336,2.0,roa,roa,UNKNOWN,,opus_tatoeba_v2023-04-12_maori_tatoeba_raw,
tatoeba_maori_tatoeba_raw,336,3.0,ahau,ahau,UNKNOWN,,opus_tatoeba_v2023-04-12_maori_tatoeba_raw,
tatoeba_maori_tatoeba_raw,336,4.0,e,e,UNKNOWN,,opus_tatoeba_v2023-04-12_maori_tatoeba_raw,
tatoeba_maori_tatoeba_raw,336,5.0,tatari,tatari,UNKNOWN,,opus_tatoeba_v2023-04-12_maori_tatoeba_raw,
tatoeba_maori_tatoeba_raw,336,6.0,ana,ana,UNKNOWN,,opus_tatoeba_v2023-04-12_maori_tatoeba_raw,
tatoeba_maori_tatoeba_raw,336,7.0,ki,ki,UNKNOWN,,opus_tatoeba_v2023-04-12_maori_tatoeba_raw,
tatoeba_maori_tatoeba_raw,336,8.0,a,a,UNKNOWN,,opus_tatoeba_v2023-04-12_maori_tatoeba_raw,
tatoeba_maori_tatoeba_raw,336,9.0,tom,tom,UNKNOWN,,opus_tatoeba_v2023-04-12_maori_tatoeba_raw,
tatoeba_maori_tatoeba_raw,337,1.0,e,e,UNKNOWN,,opus_tatoeba_v2023-04-12_maori_tatoeba_raw,
tatoeba_maori_tatoeba_raw,337,2.0,hiahia,hiahia,UNKNOWN,,opus_tatoeba_v2023-04-12_maori_tatoeba_raw,
tatoeba_maori_tatoeba_raw,337,3.0,ana,ana,UNKNOWN,,opus_tatoeba_v2023-04-12_maori_tatoeba_raw,
tatoeba_maori_tatoeba_raw,337,4.0,a,a,UNKNOWN,,opus_tatoeba_v2023-04-12_maori_tatoeba_raw,
tatoeba_maori_tatoeba_raw,337,5.0,tom,tom,UNKNOWN,,opus_tatoeba_v2023-04-12_maori_tatoeba_raw,
tatoeba_maori_tatoeba_raw,337,6.0,ki,ki,UNKNOWN,,opus_tatoeba_v2023-04-12_maori_tatoeba_raw,
tatoeba_maori_tatoeba_raw,337,7.0,te,te,UNKNOWN,,opus_tatoeba_v2023-04-12_maori_tatoeba_raw,
tatoeba_maori_tatoeba_raw,337,8.0,mōhio,mōhio,UNKNOWN,,opus_tatoeba_v2023-04-12_maori_tatoeba_raw,
tatoeba_maori_tatoeba_raw,337,9.0,ā,ā,UNKNOWN,,opus_tatoeba_v2023-04-12_maori_tatoeba_raw,
tatoeba_maori_tatoeba_raw,337,10.0,he,hea,UNKNOWN,,opus_tatoeba_v2023-04-12_maori_tatoeba_raw,hea
tatoeba_maori_tatoeba_raw,337,10.1,a,hea,UNKNOWN,,opus_tatoeba_v2023-04-12_maori_tatoeba_raw,hea
tatoeba_maori_tatoeba_raw,337,11.0,ko,koe,UNKNOWN,,opus_tatoeba_v2023-04-12_maori_tatoeba_raw,koe
tatoeba_maori_tatoeba_raw,337,11.1,e,koe,UNKNOWN,,opus_tatoeba_v2023-04-12_maori_tatoeba_raw,koe
tatoeba_maori_tatoeba_raw,337,12.0,haere,haere,UNKNOWN,,opus_tatoeba_v2023-04-12_maori_tatoeba_raw,
tatoeba_maori_tatoeba_raw,337,13.0,mai,mai,UNKNOWN,,opus_tatoeba_v2023-04-12_maori_tatoeba_raw,
tatoeba_maori_tatoeba_raw,337,14.0,ai,ai,UNKNOWN,,opus_tatoeba_v2023-04-12_maori_tatoeba_raw,
tatoeba_maori_tatoeba_raw,338,1.0,ka,ka,UNKNOWN,,opus_tatoeba_v2023-04-12_maori_tatoeba_raw,
tatoeba_maori_tatoeba_raw,338,2.0,ko,koromōkātia,UNKNOWN,,opus_tatoeba_v2023-04-12_maori_tatoeba_raw,koromōkātia
tatoeba_maori_tatoeba_raw,338,2.1,romōkātia,koromōkātia,UNKNOWN,,opus_tatoeba_v2023-04-12_maori_tatoeba_raw,koromōkātia
tatoeba_maori_tatoeba_raw,338,3.0,a,a,UNKNOWN,,opus_tatoeba_v2023-04-12_maori_tatoeba_raw,
tatoeba_maori_tatoeba_raw,338,4.0,tom,tom,UNKNOWN,,opus_tatoeba_v2023-04-12_maori_tatoeba_raw,
tatoeba_maori_tatoeba_raw,338,5.0,e,e,UNKNOWN,,opus_tatoeba_v2023-04-12_maori_tatoeba_raw,
tatoeba_maori_tatoeba_raw,338,6.0,ngā,ngā,UNKNOWN,,opus_tatoeba_v2023-04-12_maori_tatoeba_raw,
tatoeba_maori_tatoeba_raw,338,7.0,ka,kaikāhaki,UNKNOWN,,opus_tatoeba_v2023-04-12_maori_tatoeba_raw,kaikāhaki
tatoeba_maori_tatoeba_raw,338,7.1,ikāhaki,kaikāhaki,UNKNOWN,,opus_tatoeba_v2023-04-12_maori_tatoeba_raw,kaikāhaki
tatoeba_maori_tatoeba_raw,338,8.0,ka,ka,UNKNOWN,,opus_tatoeba_v2023-04-12_maori_tatoeba_raw,
tatoeba_maori_tatoeba_raw,338,9.0,rakatia,rakatia,UNKNOWN,,opus_tatoeba_v2023-04-12_maori_tatoeba_raw,
tatoeba_maori_tatoeba_raw,338,10.0,i,ia,UNKNOWN,,opus_tatoeba_v2023-04-12_maori_tatoeba_raw,ia
tatoeba_maori_tatoeba_raw,338,10.1,a,ia,UNKNOWN,,opus_tatoeba_v2023-04-12_maori_tatoeba_raw,ia
tatoeba_maori_tatoeba_raw,338,11.0,ki,ki,UNKNOWN,,opus_tatoeba_v2023-04-12_maori_tatoeba_raw,
tatoeba_maori_tatoeba_raw,338,12.0,roto,roto,UNKNOWN,,opus_tatoeba_v2023-04-12_maori_tatoeba_raw,
tatoeba_maori_tatoeba_raw,338,13.0,i,i,UNKNOWN,,opus_tatoeba_v2023-04-12_maori_tatoeba_raw,
tatoeba_maori_tatoeba_raw,338,14.0,tētahi,tētahi,UNKNOWN,,opus_tatoeba_v2023-04-12_maori_tatoeba_raw,
tatoeba_maori_tatoeba_raw,338,15.0,ko,korōhete,UNKNOWN,,opus_tatoeba_v2023-04-12_maori_tatoeba_raw,korōhete
tatoeba_maori_tatoeba_raw,338,15.1,rōhete,korōhete,UNKNOWN,,opus_tatoeba_v2023-04-12_maori_tatoeba_raw,korōhete
tatoeba_maori_tatoeba_raw,339,1.0,i,i,UNKNOWN,,opus_tatoeba_v2023-04-12_maori_tatoeba_raw,
tatoeba_maori_tatoeba_raw,339,2.0,noho,noho,UNKNOWN,,opus_tatoeba_v2023-04-12_maori_tatoeba_raw,
tatoeba_maori_tatoeba_raw,339,3.0,tahi,tahi,UNKNOWN,,opus_tatoeba_v2023-04-12_maori_tatoeba_raw,
tatoeba_maori_tatoeba_raw,339,4.0,a,a,UNKNOWN,,opus_tatoeba_v2023-04-12_maori_tatoeba_raw,
tatoeba_maori_tatoeba_raw,339,5.0,tom,tom,UNKNOWN,,opus_tatoeba_v2023-04-12_maori_tatoeba_raw,
tatoeba_maori_tatoeba_raw,339,6.0,rāua,rāua,UNKNOWN,,opus_tatoeba_v2023-04-12_maori_tatoeba_raw,
tatoeba_maori_tatoeba_raw,339,7.0,ko,ko,UNKNOWN,,opus_tatoeba_v2023-04-12_maori_tatoeba_raw,
tatoeba_maori_tatoeba_raw,339,8.0,john,john,UNKNOWN,,opus_tatoeba_v2023-04-12_maori_tatoeba_raw,
tatoeba_maori_tatoeba_raw,339,9.0,i,i,UNKNOWN,,opus_tatoeba_v2023-04-12_maori_tatoeba_raw,
tatoeba_maori_tatoeba_raw,339,10.0,te,te,UNKNOWN,,opus_tatoeba_v2023-04-12_maori_tatoeba_raw,
tatoeba_maori_tatoeba_raw,339,11.0,wā,wā,UNKNOWN,,opus_tatoeba_v2023-04-12_maori_tatoeba_raw,
tatoeba_maori_tatoeba_raw,339,12.0,o,o,UNKNOWN,,opus_tatoeba_v2023-04-12_maori_tatoeba_raw,
tatoeba_maori_tatoeba_raw,339,13.0,te,te,UNKNOWN,,opus_tatoeba_v2023-04-12_maori_tatoeba_raw,
tatoeba_maori_tatoeba_raw,339,14.0,kāreti,kāreti,UNKNOWN,,opus_tatoeba_v2023-04-12_maori_tatoeba_raw,
tatoeba_maori_tatoeba_raw,340,1.0,i,i,UNKNOWN,,opus_tatoeba_v2023-04-12_maori_tatoeba_raw,
tatoeba_maori_tatoeba_raw,340,2.0,haere,haere,UNKNOWN,,opus_tatoeba_v2023-04-12_maori_tatoeba_raw,
tatoeba_maori_tatoeba_raw,340,3.0,rānei,rānei,UNKNOWN,,opus_tatoeba_v2023-04-12_maori_tatoeba_raw,
tatoeba_maori_tatoeba_raw,340,4.0,a,a,UNKNOWN,,opus_tatoeba_v2023-04-12_maori_tatoeba_raw,
tatoeba_maori_tatoeba_raw,340,5.0,tom,tom,UNKNOWN,,opus_tatoeba_v2023-04-12_maori_tatoeba_raw,
tatoeba_maori_tatoeba_raw,340,6.0,ki,ki,UNKNOWN,,opus_tatoeba_v2023-04-12_maori_tatoeba_raw,
tatoeba_maori_tatoeba_raw,340,7.0,te,te,UNKNOWN,,opus_tatoeba_v2023-04-12_maori_tatoeba_raw,
tatoeba_maori_tatoeba_raw,340,8.0,kāreti,kāreti,UNKNOWN,,opus_tatoeba_v2023-04-12_maori_tatoeba_raw,
tatoeba_maori_tatoeba_raw,341,1.0,i,i,UNKNOWN,,opus_tatoeba_v2023-04-12_maori_tatoeba_raw,
tatoeba_maori_tatoeba_raw,341,2.0,kī,kī,UNKNOWN,,opus_tatoeba_v2023-04-12_maori_tatoeba_raw,
tatoeba_maori_tatoeba_raw,341,3.0,mai,mai,UNKNOWN,,opus_tatoeba_v2023-04-12_maori_tatoeba_raw,
tatoeba_maori_tatoeba_raw,341,4.0,a,a,UNKNOWN,,opus_tatoeba_v2023-04-12_maori_tatoeba_raw,
tatoeba_maori_tatoeba_raw,341,5.0,tom,tom,UNKNOWN,,opus_tatoeba_v2023-04-12_maori_tatoeba_raw,
tatoeba_maori_tatoeba_raw,341,6.0,ki,ki,UNKNOWN,,opus_tatoeba_v2023-04-12_maori_tatoeba_raw,
tatoeba_maori_tatoeba_raw,341,7.0,a,a,UNKNOWN,,opus_tatoeba_v2023-04-12_maori_tatoeba_raw,
tatoeba_maori_tatoeba_raw,341,8.0,au,au,UNKNOWN,,opus_tatoeba_v2023-04-12_maori_tatoeba_raw,
tatoeba_maori_tatoeba_raw,341,9.0,kua,kua,UNKNOWN,,opus_tatoeba_v2023-04-12_maori_tatoeba_raw,
tatoeba_maori_tatoeba_raw,341,10.0,kōwhiria,kōwhiria,UNKNOWN,,opus_tatoeba_v2023-04-12_maori_tatoeba_raw,
tatoeba_maori_tatoeba_raw,341,11.0,e,e,UNKNOWN,,opus_tatoeba_v2023-04-12_maori_tatoeba_raw,
tatoeba_maori_tatoeba_raw,341,12.0,mary,mary,UNKNOWN,,opus_tatoeba_v2023-04-12_maori_tatoeba_raw,
tatoeba_maori_tatoeba_raw,341,13.0,ki,ki,UNKNOWN,,opus_tatoeba_v2023-04-12_maori_tatoeba_raw,
tatoeba_maori_tatoeba_raw,341,14.0,te,te,UNKNOWN,,opus_tatoeba_v2023-04-12_maori_tatoeba_raw,
tatoeba_maori_tatoeba_raw,341,15.0,ka,kai,UNKNOWN,,opus_tatoeba_v2023-04-12_maori_tatoeba_raw,kai
tatoeba_maori_tatoeba_raw,341,15.1,i,kai,UNKNOWN,,opus_tatoeba_v2023-04-12_maori_tatoeba_raw,kai
tatoeba_maori_tatoeba_raw,341,16.0,i,i,UNKNOWN,,opus_tatoeba_v2023-04-12_maori_tatoeba_raw,
tatoeba_maori_tatoeba_raw,341,17.0,ngā,ngā,UNKNOWN,,opus_tatoeba_v2023-04-12_maori_tatoeba_raw,
tatoeba_maori_tatoeba_raw,341,18.0,ka,kai,UNKNOWN,,opus_tatoeba_v2023-04-12_maori_tatoeba_raw,kai
tatoeba_maori_tatoeba_raw,341,18.1,i,kai,UNKNOWN,,opus_tatoeba_v2023-04-12_maori_tatoeba_raw,kai
tatoeba_maori_tatoeba_raw,341,19.0,whakatinanga,whakatinanga,UNKNOWN,,opus_tatoeba_v2023-04-12_maori_tatoeba_raw,
tatoeba_maori_tatoeba_raw,342,1.0,tuatahi,tuatahi,UNKNOWN,,opus_tatoeba_v2023-04-12_maori_tatoeba_raw,
tatoeba_maori_tatoeba_raw,342,2.0,ki,kia,UNKNOWN,,opus_tatoeba_v2023-04-12_maori_tatoeba_raw,kia
tatoeba_maori_tatoeba_raw,342,2.1,a,kia,UNKNOWN,,opus_tatoeba_v2023-04-12_maori_tatoeba_raw,kia
tatoeba_maori_tatoeba_raw,342,3.0,kōrero,kōrero,UNKNOWN,,opus_tatoeba_v2023-04-12_maori_tatoeba_raw,
tatoeba_maori_tatoeba_raw,342,4.0,tātou,tātou,UNKNOWN,,opus_tatoeba_v2023-04-12_maori_tatoeba_raw,
tatoeba_maori_tatoeba_raw,342,5.0,mō,mō,UNKNOWN,,opus_tatoeba_v2023-04-12_maori_tatoeba_raw,
tatoeba_maori_tatoeba_raw,342,6.0,ngā,ngā,UNKNOWN,,opus_tatoeba_v2023-04-12_maori_tatoeba_raw,
tatoeba_maori_tatoeba_raw,342,7.0,mahi,mahi,UNKNOWN,,opus_tatoeba_v2023-04-12_maori_tatoeba_raw,
tatoeba_maori_tatoeba_raw,342,8.0,i,i,UNKNOWN,,opus_tatoeba_v2023-04-12_maori_tatoeba_raw,
tatoeba_maori_tatoeba_raw,342,9.0,mahia,mahia,UNKNOWN,,opus_tatoeba_v2023-04-12_maori_tatoeba_raw,
tatoeba_maori_tatoeba_raw,342,10.0,e,e,UNKNOWN,,opus_tatoeba_v2023-04-12_maori_tatoeba_raw,
tatoeba_maori_tatoeba_raw,342,11.0,tom,tom,UNKNOWN,,opus_tatoeba_v2023-04-12_maori_tatoeba_raw,
tatoeba_maori_tatoeba_raw,343,1.0,he,he,UNKNOWN,,opus_tatoeba_v2023-04-12_maori_tatoeba_raw,
tatoeba_maori_tatoeba_raw,343,2.0,ka,kaitunu,UNKNOWN,,opus_tatoeba_v2023-04-12_maori_tatoeba_raw,kaitunu
tatoeba_maori_tatoeba_raw,343,2.1,itunu,kaitunu,UNKNOWN,,opus_tatoeba_v2023-04-12_maori_tatoeba_raw,kaitunu
tatoeba_maori_tatoeba_raw,343,3.0,tino,tino,UNKNOWN,,opus_tatoeba_v2023-04-12_maori_tatoeba_raw,
tatoeba_maori_tatoeba_raw,343,4.0,pai,pai,UNKNOWN,,opus_tatoeba_v2023-04-12_maori_tatoeba_raw,
tatoeba_maori_tatoeba_raw,343,5.0,a,a,UNKNOWN,,opus_tatoeba_v2023-04-12_maori_tatoeba_raw,
tatoeba_maori_tatoeba_raw,343,6.0,tom,tom,UNKNOWN,,opus_tatoeba_v2023-04-12_maori_tatoeba_raw,
tatoeba_maori_tatoeba_raw,344,1.0,i,i,UNKNOWN,,opus_tatoeba_v2023-04-12_maori_tatoeba_raw,
tatoeba_maori_tatoeba_raw,344,2.0,tatari,tatari,UNKNOWN,,opus_tatoeba_v2023-04-12_maori_tatoeba_raw,
tatoeba_maori_tatoeba_raw,344,3.0,ahau,ahau,UNKNOWN,,opus_tatoeba_v2023-04-12_maori_tatoeba_raw,
tatoeba_maori_tatoeba_raw,344,4.0,ki,ki,UNKNOWN,,opus_tatoeba_v2023-04-12_maori_tatoeba_raw,
tatoeba_maori_tatoeba_raw,344,5.0,a,a,UNKNOWN,,opus_tatoeba_v2023-04-12_maori_tatoeba_raw,
tatoeba_maori_tatoeba_raw,344,6.0,tom,tom,UNKNOWN,,opus_tatoeba_v2023-04-12_maori_tatoeba_raw,
tatoeba_maori_tatoeba_raw,344,7.0,mō,mō,UNKNOWN,,opus_tatoeba_v2023-04-12_maori_tatoeba_raw,
tatoeba_maori_tatoeba_raw,344,8.0,te,te,UNKNOWN,,opus_tatoeba_v2023-04-12_maori_tatoeba_raw,
tatoeba_maori_tatoeba_raw,344,9.0,wā,wā,UNKNOWN,,opus_tatoeba_v2023-04-12_maori_tatoeba_raw,
tatoeba_maori_tatoeba_raw,344,10.0,roa,roa,UNKNOWN,,opus_tatoeba_v2023-04-12_maori_tatoeba_raw,
tatoeba_maori_tatoeba_raw,345,1.0,kāore,kāore,UNKNOWN,,opus_tatoeba_v2023-04-12_maori_tatoeba_raw,
tatoeba_maori_tatoeba_raw,345,2.0,au,au,UNKNOWN,,opus_tatoeba_v2023-04-12_maori_tatoeba_raw,
tatoeba_maori_tatoeba_raw,345,3.0,i,i,UNKNOWN,,opus_tatoeba_v2023-04-12_maori_tatoeba_raw,
tatoeba_maori_tatoeba_raw,345,4.0,te,te,UNKNOWN,,opus_tatoeba_v2023-04-12_maori_tatoeba_raw,
tatoeba_maori_tatoeba_raw,345,5.0,whakaaro,whakaaro,UNKNOWN,,opus_tatoeba_v2023-04-12_maori_tatoeba_raw,
tatoeba_maori_tatoeba_raw,345,6.0,he,he,UNKNOWN,,opus_tatoeba_v2023-04-12_maori_tatoeba_raw,
tatoeba_maori_tatoeba_raw,345,7.0,tino,tino,UNKNOWN,,opus_tatoeba_v2023-04-12_maori_tatoeba_raw,
tatoeba_maori_tatoeba_raw,345,8.0,maha,maha,UNKNOWN,,opus_tatoeba_v2023-04-12_maori_tatoeba_raw,
tatoeba_maori_tatoeba_raw,345,9.0,ngā,ngā,UNKNOWN,,opus_tatoeba_v2023-04-12_maori_tatoeba_raw,
tatoeba_maori_tatoeba_raw,345,10.0,ōritenga,ōritenga,UNKNOWN,,opus_tatoeba_v2023-04-12_maori_tatoeba_raw,
tatoeba_maori_tatoeba_raw,345,11.0,i,i,UNKNOWN,,opus_tatoeba_v2023-04-12_maori_tatoeba_raw,
tatoeba_maori_tatoeba_raw,345,12.0,waenganui,waenganui,UNKNOWN,,opus_tatoeba_v2023-04-12_maori_tatoeba_raw,
tatoeba_maori_tatoeba_raw,345,13.0,i,i,UNKNOWN,,opus_tatoeba_v2023-04-12_maori_tatoeba_raw,
tatoeba_maori_tatoeba_raw,345,14.0,a,a,UNKNOWN,,opus_tatoeba_v2023-04-12_maori_tatoeba_raw,
tatoeba_maori_tatoeba_raw,345,15.0,tom,tom,UNKNOWN,,opus_tatoeba_v2023-04-12_maori_tatoeba_raw,
tatoeba_maori_tatoeba_raw,345,16.0,rāua,rāua,UNKNOWN,,opus_tatoeba_v2023-04-12_maori_tatoeba_raw,
tatoeba_maori_tatoeba_raw,345,17.0,ko,ko,UNKNOWN,,opus_tatoeba_v2023-04-12_maori_tatoeba_raw,
tatoeba_maori_tatoeba_raw,345,18.0,mary,mary,UNKNOWN,,opus_tatoeba_v2023-04-12_maori_tatoeba_raw,
tatoeba_maori_tatoeba_raw,346,1.0,kāore,kāore,UNKNOWN,,opus_tatoeba_v2023-04-12_maori_tatoeba_raw,
tatoeba_maori_tatoeba_raw,346,2.0,a,a,UNKNOWN,,opus_tatoeba_v2023-04-12_maori_tatoeba_raw,
tatoeba_maori_tatoeba_raw,346,3.0,tom,tom,UNKNOWN,,opus_tatoeba_v2023-04-12_maori_tatoeba_raw,
tatoeba_maori_tatoeba_raw,346,4.0,i,i,UNKNOWN,,opus_tatoeba_v2023-04-12_maori_tatoeba_raw,
tatoeba_maori_tatoeba_raw,346,5.0,whakaaro,whakaaro,UNKNOWN,,opus_tatoeba_v2023-04-12_maori_tatoeba_raw,
tatoeba_maori_tatoeba_raw,346,6.0,ka,ka,UNKNOWN,,opus_tatoeba_v2023-04-12_maori_tatoeba_raw,
tatoeba_maori_tatoeba_raw,346,7.0,pērā,pērā,UNKNOWN,,opus_tatoeba_v2023-04-12_maori_tatoeba_raw,
tatoeba_maori_tatoeba_raw,346,8.0,te,te,UNKNOWN,,opus_tatoeba_v2023-04-12_maori_tatoeba_raw,
tatoeba_maori_tatoeba_raw,346,9.0,whakahoki,whakahoki,UNKNOWN,,opus_tatoeba_v2023-04-12_maori_tatoeba_raw,
tatoeba_maori_tatoeba_raw,346,10.0,a,a,UNKNOWN,,opus_tatoeba_v2023-04-12_maori_tatoeba_raw,
tatoeba_maori_tatoeba_raw,346,11.0,mary,mary,UNKNOWN,,opus_tatoeba_v2023-04-12_maori_tatoeba_raw,
tatoeba_maori_tatoeba_raw,347,1.0,i,i,UNKNOWN,,opus_tatoeba_v2023-04-12_maori_tatoeba_raw,
tatoeba_maori_tatoeba_raw,347,2.0,noho,noho,UNKNOWN,,opus_tatoeba_v2023-04-12_maori_tatoeba_raw,
tatoeba_maori_tatoeba_raw,347,3.0,a,a,UNKNOWN,,opus_tatoeba_v2023-04-12_maori_tatoeba_raw,
tatoeba_maori_tatoeba_raw,347,4.0,tom,tom,UNKNOWN,,opus_tatoeba_v2023-04-12_maori_tatoeba_raw,
tatoeba_maori_tatoeba_raw,347,5.0,ki,ki,UNKNOWN,,opus_tatoeba_v2023-04-12_maori_tatoeba_raw,
tatoeba_maori_tatoeba_raw,347,6.0,runga,runga,UNKNOWN,,opus_tatoeba_v2023-04-12_maori_tatoeba_raw,
tatoeba_maori_tatoeba_raw,347,7.0,i,i,UNKNOWN,,opus_tatoeba_v2023-04-12_maori_tatoeba_raw,
tatoeba_maori_tatoeba_raw,347,8.0,tētahi,tētahi,UNKNOWN,,opus_tatoeba_v2023-04-12_maori_tatoeba_raw,
tatoeba_maori_tatoeba_raw,347,9.0,tūru,tūru,UNKNOWN,,opus_tatoeba_v2023-04-12_maori_tatoeba_raw,
tatoeba_maori_tatoeba_raw,347,10.0,ki,ki,UNKNOWN,,opus_tatoeba_v2023-04-12_maori_tatoeba_raw,
tatoeba_maori_tatoeba_raw,347,11.0,te,te,UNKNOWN,,opus_tatoeba_v2023-04-12_maori_tatoeba_raw,
tatoeba_maori_tatoeba_raw,347,12.0,ko,kokonga,UNKNOWN,,opus_tatoeba_v2023-04-12_maori_tatoeba_raw,kokonga
tatoeba_maori_tatoeba_raw,347,12.1,konga,kokonga,UNKNOWN,,opus_tatoeba_v2023-04-12_maori_tatoeba_raw,kokonga
tatoeba_maori_tatoeba_raw,348,1.0,i,i,UNKNOWN,,opus_tatoeba_v2023-04-12_maori_tatoeba_raw,
tatoeba_maori_tatoeba_raw,348,2.0,mahia,mahia,UNKNOWN,,opus_tatoeba_v2023-04-12_maori_tatoeba_raw,
tatoeba_maori_tatoeba_raw,348,3.0,e,e,UNKNOWN,,opus_tatoeba_v2023-04-12_maori_tatoeba_raw,
tatoeba_maori_tatoeba_raw,348,4.0,tom,tom,UNKNOWN,,opus_tatoeba_v2023-04-12_maori_tatoeba_raw,
tatoeba_maori_tatoeba_raw,348,5.0,ngā,ngā,UNKNOWN,,opus_tatoeba_v2023-04-12_maori_tatoeba_raw,
tatoeba_maori_tatoeba_raw,348,6.0,me,mea,UNKNOWN,,opus_tatoeba_v2023-04-12_maori_tatoeba_raw,mea
tatoeba_maori_tatoeba_raw,348,6.1,a,mea,UNKNOWN,,opus_tatoeba_v2023-04-12_maori_tatoeba_raw,mea
tatoeba_maori_tatoeba_raw,348,7.0,ka,katoa,UNKNOWN,,opus_tatoeba_v2023-04-12_maori_tatoeba_raw,katoa
tatoeba_maori_tatoeba_raw,348,7.1,toa,katoa,UNKNOWN,,opus_tatoeba_v2023-04-12_maori_tatoeba_raw,katoa
tatoeba_maori_tatoeba_raw,348,8.0,i,i,UNKNOWN,,opus_tatoeba_v2023-04-12_maori_tatoeba_raw,
tatoeba_maori_tatoeba_raw,348,9.0,taea,taea,UNKNOWN,,opus_tatoeba_v2023-04-12_maori_tatoeba_raw,
tatoeba_maori_tatoeba_raw,348,10.0,e,e,UNKNOWN,,opus_tatoeba_v2023-04-12_maori_tatoeba_raw,
tatoeba_maori_tatoeba_raw,348,11.0,i,ia,UNKNOWN,,opus_tatoeba_v2023-04-12_maori_tatoeba_raw,ia
tatoeba_maori_tatoeba_raw,348,11.1,a,ia,UNKNOWN,,opus_tatoeba_v2023-04-12_maori_tatoeba_raw,ia
tatoeba_maori_tatoeba_raw,348,12.0,te,te,UNKNOWN,,opus_tatoeba_v2023-04-12_maori_tatoeba_raw,
tatoeba_maori_tatoeba_raw,348,13.0,mahi,mahi,UNKNOWN,,opus_tatoeba_v2023-04-12_maori_tatoeba_raw,
tatoeba_maori_tatoeba_raw,349,1.0,ka,ka,UNKNOWN,,opus_tatoeba_v2023-04-12_maori_tatoeba_raw,
tatoeba_maori_tatoeba_raw,349,2.0,ā,āwhina,UNKNOWN,,opus_tatoeba_v2023-04-12_maori_tatoeba_raw,āwhina
tatoeba_maori_tatoeba_raw,349,2.1,whina,āwhina,UNKNOWN,,opus_tatoeba_v2023-04-12_maori_tatoeba_raw,āwhina
tatoeba_maori_tatoeba_raw,349,3.0,mai,mai,UNKNOWN,,opus_tatoeba_v2023-04-12_maori_tatoeba_raw,
tatoeba_maori_tatoeba_raw,349,4.0,a,a,UNKNOWN,,opus_tatoeba_v2023-04-12_maori_tatoeba_raw,
tatoeba_maori_tatoeba_raw,349,5.0,tom,tom,UNKNOWN,,opus_tatoeba_v2023-04-12_maori_tatoeba_raw,
tatoeba_maori_tatoeba_raw,349,6.0,i,i,UNKNOWN,,opus_tatoeba_v2023-04-12_maori_tatoeba_raw,
tatoeba_maori_tatoeba_raw,349,7.0,a,a,UNKNOWN,,opus_tatoeba_v2023-04-12_maori_tatoeba_raw,
tatoeba_maori_tatoeba_raw,349,8.0,tātou,tātou,UNKNOWN,,opus_tatoeba_v2023-04-12_maori_tatoeba_raw,
tatoeba_maori_tatoeba_raw,349,9.0,mēnā,mēnā,UNKNOWN,,opus_tatoeba_v2023-04-12_maori_tatoeba_raw,
tatoeba_maori_tatoeba_raw,349,10.0,i,i,UNKNOWN,,opus_tatoeba_v2023-04-12_maori_tatoeba_raw,
tatoeba_maori_tatoeba_raw,349,11.0,taea,taea,UNKNOWN,,opus_tatoeba_v2023-04-12_maori_tatoeba_raw,
tatoeba_maori_tatoeba_raw,349,12.0,e,e,UNKNOWN,,opus_tatoeba_v2023-04-12_maori_tatoeba_raw,
tatoeba_maori_tatoeba_raw,349,13.0,i,ia,UNKNOWN,,opus_tatoeba_v2023-04-12_maori_tatoeba_raw,ia
tatoeba_maori_tatoeba_raw,349,13.1,a,ia,UNKNOWN,,opus_tatoeba_v2023-04-12_maori_tatoeba_raw,ia
tatoeba_maori_tatoeba_raw,350,1.0,i,i,UNKNOWN,,opus_tatoeba_v2023-04-12_maori_tatoeba_raw,
tatoeba_maori_tatoeba_raw,350,2.0,paku,paku,UNKNOWN,,opus_tatoeba_v2023-04-12_maori_tatoeba_raw,
tatoeba_maori_tatoeba_raw,350,3.0,whakatūwhera,whakatūwhera,UNKNOWN,,opus_tatoeba_v2023-04-12_maori_tatoeba_raw,
tatoeba_maori_tatoeba_raw,350,4.0,a,a,UNKNOWN,,opus_tatoeba_v2023-04-12_maori_tatoeba_raw,
tatoeba_maori_tatoeba_raw,350,5.0,tom,tom,UNKNOWN,,opus_tatoeba_v2023-04-12_maori_tatoeba_raw,
tatoeba_maori_tatoeba_raw,350,6.0,i,i,UNKNOWN,,opus_tatoeba_v2023-04-12_maori_tatoeba_raw,
tatoeba_maori_tatoeba_raw,350,7.0,te,te,UNKNOWN,,opus_tatoeba_v2023-04-12_maori_tatoeba_raw,
tatoeba_maori_tatoeba_raw,350,8.0,matapihi,matapihi,UNKNOWN,,opus_tatoeba_v2023-04-12_maori_tatoeba_raw,
tatoeba_maori_tatoeba_raw,351,1.0,i,i,UNKNOWN,,opus_tatoeba_v2023-04-12_maori_tatoeba_raw,
tatoeba_maori_tatoeba_raw,351,2.0,hoatu,hoatu,UNKNOWN,,opus_tatoeba_v2023-04-12_maori_tatoeba_raw,
tatoeba_maori_tatoeba_raw,351,3.0,a,a,UNKNOWN,,opus_tatoeba_v2023-04-12_maori_tatoeba_raw,
tatoeba_maori_tatoeba_raw,351,4.0,tom,tom,UNKNOWN,,opus_tatoeba_v2023-04-12_maori_tatoeba_raw,
tatoeba_maori_tatoeba_raw,351,5.0,i,i,UNKNOWN,,opus_tatoeba_v2023-04-12_maori_tatoeba_raw,
tatoeba_maori_tatoeba_raw,351,6.0,tētahi,tētahi,UNKNOWN,,opus_tatoeba_v2023-04-12_maori_tatoeba_raw,
tatoeba_maori_tatoeba_raw,351,7.0,ka,kawhe,UNKNOWN,,opus_tatoeba_v2023-04-12_maori_tatoeba_raw,kawhe
tatoeba_maori_tatoeba_raw,351,7.1,whe,kawhe,UNKNOWN,,opus_tatoeba_v2023-04-12_maori_tatoeba_raw,kawhe
tatoeba_maori_tatoeba_raw,351,8.0,ki,ki,UNKNOWN,,opus_tatoeba_v2023-04-12_maori_tatoeba_raw,
tatoeba_maori_tatoeba_raw,351,9.0,a,a,UNKNOWN,,opus_tatoeba_v2023-04-12_maori_tatoeba_raw,
tatoeba_maori_tatoeba_raw,351,10.0,mary,mary,UNKNOWN,,opus_tatoeba_v2023-04-12_maori_tatoeba_raw,
tatoeba_maori_tatoeba_raw,352,1.0,i,i,UNKNOWN,,opus_tatoeba_v2023-04-12_maori_tatoeba_raw,
tatoeba_maori_tatoeba_raw,352,2.0,haere,haere,UNKNOWN,,opus_tatoeba_v2023-04-12_maori_tatoeba_raw,
tatoeba_maori_tatoeba_raw,352,3.0,a,a,UNKNOWN,,opus_tatoeba_v2023-04-12_maori_tatoeba_raw,
tatoeba_maori_tatoeba_raw,352,4.0,tom,tom,UNKNOWN,,opus_tatoeba_v2023-04-12_maori_tatoeba_raw,
tatoeba_maori_tatoeba_raw,352,5.0,ki,ki,UNKNOWN,,opus_tatoeba_v2023-04-12_maori_tatoeba_raw,
tatoeba_maori_tatoeba_raw,352,6.0,te,te,UNKNOWN,,opus_tatoeba_v2023-04-12_maori_tatoeba_raw,
tatoeba_maori_tatoeba_raw,352,7.0,kīhini,kīhini,UNKNOWN,,opus_tatoeba_v2023-04-12_maori_tatoeba_raw,
tatoeba_maori_tatoeba_raw,352,8.0,ki,ki,UNKNOWN,,opus_tatoeba_v2023-04-12_maori_tatoeba_raw,
tatoeba_maori_tatoeba_raw,352,9.0,te,te,UNKNOWN,,opus_tatoeba_v2023-04-12_maori_tatoeba_raw,
tatoeba_maori_tatoeba_raw,352,10.0,tiki,tiki,UNKNOWN,,opus_tatoeba_v2023-04-12_maori_tatoeba_raw,
tatoeba_maori_tatoeba_raw,352,11.0,atu,atu,UNKNOWN,,opus_tatoeba_v2023-04-12_maori_tatoeba_raw,
tatoeba_maori_tatoeba_raw,352,12.0,i,i,UNKNOWN,,opus_tatoeba_v2023-04-12_maori_tatoeba_raw,
tatoeba_maori_tatoeba_raw,352,13.0,ētahi,ētahi,UNKNOWN,,opus_tatoeba_v2023-04-12_maori_tatoeba_raw,
tatoeba_maori_tatoeba_raw,352,14.0,ka,kawhe,UNKNOWN,,opus_tatoeba_v2023-04-12_maori_tatoeba_raw,kawhe
tatoeba_maori_tatoeba_raw,352,14.1,whe,kawhe,UNKNOWN,,opus_tatoeba_v2023-04-12_maori_tatoeba_raw,kawhe
tatoeba_maori_tatoeba_raw,353,1.0,kāore,kāore,UNKNOWN,,opus_tatoeba_v2023-04-12_maori_tatoeba_raw,
tatoeba_maori_tatoeba_raw,353,2.0,a,a,UNKNOWN,,opus_tatoeba_v2023-04-12_maori_tatoeba_raw,
tatoeba_maori_tatoeba_raw,353,3.0,tom,tom,UNKNOWN,,opus_tatoeba_v2023-04-12_maori_tatoeba_raw,
tatoeba_maori_tatoeba_raw,353,4.0,i,i,UNKNOWN,,opus_tatoeba_v2023-04-12_maori_tatoeba_raw,
tatoeba_maori_tatoeba_raw,353,5.0,te,te,UNKNOWN,,opus_tatoeba_v2023-04-12_maori_tatoeba_raw,
tatoeba_maori_tatoeba_raw,353,6.0,tino,tino,UNKNOWN,,opus_tatoeba_v2023-04-12_maori_tatoeba_raw,
tatoeba_maori_tatoeba_raw,353,7.0,ka,kaha,UNKNOWN,,opus_tatoeba_v2023-04-12_maori_tatoeba_raw,kaha
tatoeba_maori_tatoeba_raw,353,7.1,ha,kaha,UNKNOWN,,opus_tatoeba_v2023-04-12_maori_tatoeba_raw,kaha
tatoeba_maori_tatoeba_raw,353,8.0,ki,ki,UNKNOWN,,opus_tatoeba_v2023-04-12_maori_tatoeba_raw,
tatoeba_maori_tatoeba_raw,353,9.0,te,te,UNKNOWN,,opus_tatoeba_v2023-04-12_maori_tatoeba_raw,
tatoeba_maori_tatoeba_raw,353,10.0,horoi,horoi,UNKNOWN,,opus_tatoeba_v2023-04-12_maori_tatoeba_raw,
tatoeba_maori_tatoeba_raw,353,11.0,i,i,UNKNOWN,,opus_tatoeba_v2023-04-12_maori_tatoeba_raw,
tatoeba_maori_tatoeba_raw,353,12.0,tana,tana,UNKNOWN,,opus_tatoeba_v2023-04-12_maori_tatoeba_raw,
tatoeba_maori_tatoeba_raw,353,13.0,taiwhanga,taiwhanga,UNKNOWN,,opus_tatoeba_v2023-04-12_maori_tatoeba_raw,
tatoeba_maori_tatoeba_raw,353,14.0,moe,moe,UNKNOWN,,opus_tatoeba_v2023-04-12_maori_tatoeba_raw,
tatoeba_maori_tatoeba_raw,354,1.0,kāore,kāore,UNKNOWN,,opus_tatoeba_v2023-04-12_maori_tatoeba_raw,
tatoeba_maori_tatoeba_raw,354,2.0,i,i,UNKNOWN,,opus_tatoeba_v2023-04-12_maori_tatoeba_raw,
tatoeba_maori_tatoeba_raw,354,3.0,mā,mā,UNKNOWN,,opus_tatoeba_v2023-04-12_maori_tatoeba_raw,
tatoeba_maori_tatoeba_raw,354,4.0,te,te,UNKNOWN,,opus_tatoeba_v2023-04-12_maori_tatoeba_raw,
tatoeba_maori_tatoeba_raw,354,5.0,taiwhanga,taiwhanga,UNKNOWN,,opus_tatoeba_v2023-04-12_maori_tatoeba_raw,
tatoeba_maori_tatoeba_raw,354,6.0,moe,moe,UNKNOWN,,opus_tatoeba_v2023-04-12_maori_tatoeba_raw,
tatoeba_maori_tatoeba_raw,354,7.0,a,a,UNKNOWN,,opus_tatoeba_v2023-04-12_maori_tatoeba_raw,
tatoeba_maori_tatoeba_raw,354,8.0,tom,tom,UNKNOWN,,opus_tatoeba_v2023-04-12_maori_tatoeba_raw,
tatoeba_maori_tatoeba_raw,355,1.0,kāore,kāore,UNKNOWN,,opus_tatoeba_v2023-04-12_maori_tatoeba_raw,
tatoeba_maori_tatoeba_raw,355,2.0,i,i,UNKNOWN,,opus_tatoeba_v2023-04-12_maori_tatoeba_raw,
tatoeba_maori_tatoeba_raw,355,3.0,rahi,rahi,UNKNOWN,,opus_tatoeba_v2023-04-12_maori_tatoeba_raw,
tatoeba_maori_tatoeba_raw,355,4.0,ā,ā,UNKNOWN,,opus_tatoeba_v2023-04-12_maori_tatoeba_raw,
tatoeba_maori_tatoeba_raw,355,5.0,tom,tom,UNKNOWN,,opus_tatoeba_v2023-04-12_maori_tatoeba_raw,
tatoeba_maori_tatoeba_raw,355,6.0,pūtea,pūtea,UNKNOWN,,opus_tatoeba_v2023-04-12_maori_tatoeba_raw,
tatoeba_maori_tatoeba_raw,355,7.0,he,hei,UNKNOWN,,opus_tatoeba_v2023-04-12_maori_tatoeba_raw,hei
tatoeba_maori_tatoeba_raw,355,7.1,i,hei,UNKNOWN,,opus_tatoeba_v2023-04-12_maori_tatoeba_raw,hei
tatoeba_maori_tatoeba_raw,355,8.0,hoko,hoko,UNKNOWN,,opus_tatoeba_v2023-04-12_maori_tatoeba_raw,
tatoeba_maori_tatoeba_raw,355,9.0,i,i,UNKNOWN,,opus_tatoeba_v2023-04-12_maori_tatoeba_raw,
tatoeba_maori_tatoeba_raw,355,10.0,tētahi,tētahi,UNKNOWN,,opus_tatoeba_v2023-04-12_maori_tatoeba_raw,
tatoeba_maori_tatoeba_raw,355,11.0,ka,kawhe,UNKNOWN,,opus_tatoeba_v2023-04-12_maori_tatoeba_raw,kawhe
tatoeba_maori_tatoeba_raw,355,11.1,whe,kawhe,UNKNOWN,,opus_tatoeba_v2023-04-12_maori_tatoeba_raw,kawhe
tatoeba_maori_tatoeba_raw,356,1.0,i,i,UNKNOWN,,opus_tatoeba_v2023-04-12_maori_tatoeba_raw,
tatoeba_maori_tatoeba_raw,356,2.0,hoatu,hoatu,UNKNOWN,,opus_tatoeba_v2023-04-12_maori_tatoeba_raw,
tatoeba_maori_tatoeba_raw,356,3.0,a,a,UNKNOWN,,opus_tatoeba_v2023-04-12_maori_tatoeba_raw,
tatoeba_maori_tatoeba_raw,356,4.0,tom,tom,UNKNOWN,,opus_tatoeba_v2023-04-12_maori_tatoeba_raw,
tatoeba_maori_tatoeba_raw,356,5.0,i,i,UNKNOWN,,opus_tatoeba_v2023-04-12_maori_tatoeba_raw,
tatoeba_maori_tatoeba_raw,356,6.0,tētahi,tētahi,UNKNOWN,,opus_tatoeba_v2023-04-12_maori_tatoeba_raw,
tatoeba_maori_tatoeba_raw,356,7.0,ka,kawhe,UNKNOWN,,opus_tatoeba_v2023-04-12_maori_tatoeba_raw,kawhe
tatoeba_maori_tatoeba_raw,356,7.1,whe,kawhe,UNKNOWN,,opus_tatoeba_v2023-04-12_maori_tatoeba_raw,kawhe
tatoeba_maori_tatoeba_raw,356,8.0,wera,wera,UNKNOWN,,opus_tatoeba_v2023-04-12_maori_tatoeba_raw,
tatoeba_maori_tatoeba_raw,356,9.0,ki,ki,UNKNOWN,,opus_tatoeba_v2023-04-12_maori_tatoeba_raw,
tatoeba_maori_tatoeba_raw,356,10.0,a,a,UNKNOWN,,opus_tatoeba_v2023-04-12_maori_tatoeba_raw,
tatoeba_maori_tatoeba_raw,356,11.0,mary,mary,UNKNOWN,,opus_tatoeba_v2023-04-12_maori_tatoeba_raw,
tatoeba_maori_tatoeba_raw,357,1.0,i,i,UNKNOWN,,opus_tatoeba_v2023-04-12_maori_tatoeba_raw,
tatoeba_maori_tatoeba_raw,357,2.0,whakatūria,whakatūria,UNKNOWN,,opus_tatoeba_v2023-04-12_maori_tatoeba_raw,
tatoeba_maori_tatoeba_raw,357,3.0,e,e,UNKNOWN,,opus_tatoeba_v2023-04-12_maori_tatoeba_raw,
tatoeba_maori_tatoeba_raw,357,4.0,mā,mātou,UNKNOWN,,opus_tatoeba_v2023-04-12_maori_tatoeba_raw,mātou
tatoeba_maori_tatoeba_raw,357,4.1,tou,mātou,UNKNOWN,,opus_tatoeba_v2023-04-12_maori_tatoeba_raw,mātou
tatoeba_maori_tatoeba_raw,357,5.0,he,he,UNKNOWN,,opus_tatoeba_v2023-04-12_maori_tatoeba_raw,
tatoeba_maori_tatoeba_raw,357,6.0,waea,waea,UNKNOWN,,opus_tatoeba_v2023-04-12_maori_tatoeba_raw,
tatoeba_maori_tatoeba_raw,357,7.0,i,i,UNKNOWN,,opus_tatoeba_v2023-04-12_maori_tatoeba_raw,
tatoeba_maori_tatoeba_raw,357,8.0,waenganui,waenganui,UNKNOWN,,opus_tatoeba_v2023-04-12_maori_tatoeba_raw,
tatoeba_maori_tatoeba_raw,357,9.0,i,i,UNKNOWN,,opus_tatoeba_v2023-04-12_maori_tatoeba_raw,
tatoeba_maori_tatoeba_raw,357,10.0,ngā,ngā,UNKNOWN,,opus_tatoeba_v2023-04-12_maori_tatoeba_raw,
tatoeba_maori_tatoeba_raw,357,11.0,pou,pou,UNKNOWN,,opus_tatoeba_v2023-04-12_maori_tatoeba_raw,
tatoeba_maori_tatoeba_raw,357,12.0,e,e,UNKNOWN,,opus_tatoeba_v2023-04-12_maori_tatoeba_raw,
tatoeba_maori_tatoeba_raw,357,13.0,rua,rua,UNKNOWN,,opus_tatoeba_v2023-04-12_maori_tatoeba_raw,
tatoeba_maori_tatoeba_raw,358,1.0,ki,ki,UNKNOWN,,opus_tatoeba_v2023-04-12_maori_tatoeba_raw,
tatoeba_maori_tatoeba_raw,358,2.0,te,te,UNKNOWN,,opus_tatoeba_v2023-04-12_maori_tatoeba_raw,
tatoeba_maori_tatoeba_raw,358,3.0,hoko,hoko,UNKNOWN,,opus_tatoeba_v2023-04-12_maori_tatoeba_raw,
tatoeba_maori_tatoeba_raw,358,4.0,ko,koe,UNKNOWN,,opus_tatoeba_v2023-04-12_maori_tatoeba_raw,koe
tatoeba_maori_tatoeba_raw,358,4.1,e,koe,UNKNOWN,,opus_tatoeba_v2023-04-12_maori_tatoeba_raw,koe
tatoeba_maori_tatoeba_raw,358,5.0,i,i,UNKNOWN,,opus_tatoeba_v2023-04-12_maori_tatoeba_raw,
tatoeba_maori_tatoeba_raw,358,6.0,tētahi,tētahi,UNKNOWN,,opus_tatoeba_v2023-04-12_maori_tatoeba_raw,
tatoeba_maori_tatoeba_raw,358,7.0,aihikirīmi,aihikirīmi,UNKNOWN,,opus_tatoeba_v2023-04-12_maori_tatoeba_raw,
tatoeba_maori_tatoeba_raw,358,8.0,mā,māku,UNKNOWN,,opus_tatoeba_v2023-04-12_maori_tatoeba_raw,māku
tatoeba_maori_tatoeba_raw,358,8.1,ku,māku,UNKNOWN,,opus_tatoeba_v2023-04-12_maori_tatoeba_raw,māku
tatoeba_maori_tatoeba_raw,358,9.0,ka,ka,UNKNOWN,,opus_tatoeba_v2023-04-12_maori_tatoeba_raw,
tatoeba_maori_tatoeba_raw,358,10.0,hoatu,hoatu,UNKNOWN,,opus_tatoeba_v2023-04-12_maori_tatoeba_raw,
tatoeba_maori_tatoeba_raw,358,11.0,ahau,ahau,UNKNOWN,,opus_tatoeba_v2023-04-12_maori_tatoeba_raw,
tatoeba_maori_tatoeba_raw,358,12.0,ki,ki,UNKNOWN,,opus_tatoeba_v2023-04-12_maori_tatoeba_raw,
tatoeba_maori_tatoeba_raw,358,13.0,a,a,UNKNOWN,,opus_tatoeba_v2023-04-12_maori_tatoeba_raw,
tatoeba_maori_tatoeba_raw,358,14.0,ko,koe,UNKNOWN,,opus_tatoeba_v2023-04-12_maori_tatoeba_raw,koe
tatoeba_maori_tatoeba_raw,358,14.1,e,koe,UNKNOWN,,opus_tatoeba_v2023-04-12_maori_tatoeba_raw,koe
tatoeba_maori_tatoeba_raw,358,15.0,he,he,UNKNOWN,,opus_tatoeba_v2023-04-12_maori_tatoeba_raw,
tatoeba_maori_tatoeba_raw,358,16.0,ki,kihi,UNKNOWN,,opus_tatoeba_v2023-04-12_maori_tatoeba_raw,kihi
tatoeba_maori_tatoeba_raw,358,16.1,hi,kihi,UNKNOWN,,opus_tatoeba_v2023-04-12_maori_tatoeba_raw,kihi
tatoeba_maori_tatoeba_raw,359,1.0,whakapau,whakapau,UNKNOWN,,opus_tatoeba_v2023-04-12_maori_tatoeba_raw,
tatoeba_maori_tatoeba_raw,359,2.0,ai,ai,UNKNOWN,,opus_tatoeba_v2023-04-12_maori_tatoeba_raw,
tatoeba_maori_tatoeba_raw,359,3.0,a,a,UNKNOWN,,opus_tatoeba_v2023-04-12_maori_tatoeba_raw,
tatoeba_maori_tatoeba_raw,359,4.0,tom,tom,UNKNOWN,,opus_tatoeba_v2023-04-12_maori_tatoeba_raw,
tatoeba_maori_tatoeba_raw,359,5.0,i,i,UNKNOWN,,opus_tatoeba_v2023-04-12_maori_tatoeba_raw,
tatoeba_maori_tatoeba_raw,359,6.0,te,te,UNKNOWN,,opus_tatoeba_v2023-04-12_maori_tatoeba_raw,
tatoeba_maori_tatoeba_raw,359,7.0,nuinga,nuinga,UNKNOWN,,opus_tatoeba_v2023-04-12_maori_tatoeba_raw,
tatoeba_maori_tatoeba_raw,359,8.0,o,o,UNKNOWN,,opus_tatoeba_v2023-04-12_maori_tatoeba_raw,
tatoeba_maori_tatoeba_raw,359,9.0,tana,tana,UNKNOWN,,opus_tatoeba_v2023-04-12_maori_tatoeba_raw,
tatoeba_maori_tatoeba_raw,359,10.0,wā,wā,UNKNOWN,,opus_tatoeba_v2023-04-12_maori_tatoeba_raw,
tatoeba_maori_tatoeba_raw,359,11.0,wātea,wātea,UNKNOWN,,opus_tatoeba_v2023-04-12_maori_tatoeba_raw,
tatoeba_maori_tatoeba_raw,359,12.0,e,e,UNKNOWN,,opus_tatoeba_v2023-04-12_maori_tatoeba_raw,
tatoeba_maori_tatoeba_raw,359,13.0,whakaharatau,whakaharatau,UNKNOWN,,opus_tatoeba_v2023-04-12_maori_tatoeba_raw,
tatoeba_maori_tatoeba_raw,359,14.0,ana,ana,UNKNOWN,,opus_tatoeba_v2023-04-12_maori_tatoeba_raw,
tatoeba_maori_tatoeba_raw,359,15.0,i,i,UNKNOWN,,opus_tatoeba_v2023-04-12_maori_tatoeba_raw,
tatoeba_maori_tatoeba_raw,359,16.0,te,te,UNKNOWN,,opus_tatoeba_v2023-04-12_maori_tatoeba_raw,
tatoeba_maori_tatoeba_raw,359,17.0,rakuraku,rakuraku,UNKNOWN,,opus_tatoeba_v2023-04-12_maori_tatoeba_raw,
tatoeba_maori_tatoeba_raw,360,1.0,ko,ko,UNKNOWN,,opus_tatoeba_v2023-04-12_maori_tatoeba_raw,
tatoeba_maori_tatoeba_raw,360,2.0,tom,tom,UNKNOWN,,opus_tatoeba_v2023-04-12_maori_tatoeba_raw,
tatoeba_maori_tatoeba_raw,360,3.0,te,te,UNKNOWN,,opus_tatoeba_v2023-04-12_maori_tatoeba_raw,
tatoeba_maori_tatoeba_raw,360,4.0,hoa,hoa,UNKNOWN,,opus_tatoeba_v2023-04-12_maori_tatoeba_raw,
tatoeba_maori_tatoeba_raw,360,5.0,ko,kotahi,UNKNOWN,,opus_tatoeba_v2023-04-12_maori_tatoeba_raw,kotahi
tatoeba_maori_tatoeba_raw,360,5.1,tahi,kotahi,UNKNOWN,,opus_tatoeba_v2023-04-12_maori_tatoeba_raw,kotahi
tatoeba_maori_tatoeba_raw,360,6.0,o,o,UNKNOWN,,opus_tatoeba_v2023-04-12_maori_tatoeba_raw,
tatoeba_maori_tatoeba_raw,360,7.0,mary,mary,UNKNOWN,,opus_tatoeba_v2023-04-12_maori_tatoeba_raw,
tatoeba_maori_tatoeba_raw,360,8.0,nōna,nōna,UNKNOWN,,opus_tatoeba_v2023-04-12_maori_tatoeba_raw,
tatoeba_maori_tatoeba_raw,360,9.0,i,i,UNKNOWN,,opus_tatoeba_v2023-04-12_maori_tatoeba_raw,
tatoeba_maori_tatoeba_raw,360,10.0,te,te,UNKNOWN,,opus_tatoeba_v2023-04-12_maori_tatoeba_raw,
tatoeba_maori_tatoeba_raw,360,11.0,kura,kura,UNKNOWN,,opus_tatoeba_v2023-04-12_maori_tatoeba_raw,
tatoeba_maori_tatoeba_raw,360,12.0,kōhungahunga,kōhungahunga,UNKNOWN,,opus_tatoeba_v2023-04-12_maori_tatoeba_raw,
tatoeba_maori_tatoeba_raw,361,1.0,ko,ko,UNKNOWN,,opus_tatoeba_v2023-04-12_maori_tatoeba_raw,
tatoeba_maori_tatoeba_raw,361,2.0,ko,koe,UNKNOWN,,opus_tatoeba_v2023-04-12_maori_tatoeba_raw,koe
tatoeba_maori_tatoeba_raw,361,2.1,e,koe,UNKNOWN,,opus_tatoeba_v2023-04-12_maori_tatoeba_raw,koe
tatoeba_maori_tatoeba_raw,361,3.0,te,te,UNKNOWN,,opus_tatoeba_v2023-04-12_maori_tatoeba_raw,
tatoeba_maori_tatoeba_raw,361,4.0,hoa,hoa,UNKNOWN,,opus_tatoeba_v2023-04-12_maori_tatoeba_raw,
tatoeba_maori_tatoeba_raw,361,5.0,ko,kotahi,UNKNOWN,,opus_tatoeba_v2023-04-12_maori_tatoeba_raw,kotahi
tatoeba_maori_tatoeba_raw,361,5.1,tahi,kotahi,UNKNOWN,,opus_tatoeba_v2023-04-12_maori_tatoeba_raw,kotahi
tatoeba_maori_tatoeba_raw,361,6.0,o,o,UNKNOWN,,opus_tatoeba_v2023-04-12_maori_tatoeba_raw,
tatoeba_maori_tatoeba_raw,361,7.0,tom,tom,UNKNOWN,,opus_tatoeba_v2023-04-12_maori_tatoeba_raw,
tatoeba_maori_tatoeba_raw,361,8.0,i,i,UNKNOWN,,opus_tatoeba_v2023-04-12_maori_tatoeba_raw,
tatoeba_maori_tatoeba_raw,361,9.0,mua,mua,UNKNOWN,,opus_tatoeba_v2023-04-12_maori_tatoeba_raw,
tatoeba_maori_tatoeba_raw,362,1.0,he,he,UNKNOWN,,opus_tatoeba_v2023-04-12_maori_tatoeba_raw,
tatoeba_maori_tatoeba_raw,362,2.0,whakaātaahuatanga,whakaātaahuatanga,UNKNOWN,,opus_tatoeba_v2023-04-12_maori_tatoeba_raw,
tatoeba_maori_tatoeba_raw,362,3.0,tino,tino,UNKNOWN,,opus_tatoeba_v2023-04-12_maori_tatoeba_raw,
tatoeba_maori_tatoeba_raw,362,4.0,pai,pai,UNKNOWN,,opus_tatoeba_v2023-04-12_maori_tatoeba_raw,
tatoeba_maori_tatoeba_raw,362,5.0,te,te,UNKNOWN,,opus_tatoeba_v2023-04-12_maori_tatoeba_raw,
tatoeba_maori_tatoeba_raw,362,6.0,manahautanga,manahautanga,UNKNOWN,,opus_tatoeba_v2023-04-12_maori_tatoeba_raw,
tatoeba_maori_tatoeba_raw,362,7.0,rāua,rāua,UNKNOWN,,opus_tatoeba_v2023-04-12_maori_tatoeba_raw,
tatoeba_maori_tatoeba_raw,362,8.0,ko,ko,UNKNOWN,,opus_tatoeba_v2023-04-12_maori_tatoeba_raw,
tatoeba_maori_tatoeba_raw,362,9.0,te,te,UNKNOWN,,opus_tatoeba_v2023-04-12_maori_tatoeba_raw,
tatoeba_maori_tatoeba_raw,362,10.0,uruhautanga,uruhautanga,UNKNOWN,,opus_tatoeba_v2023-04-12_maori_tatoeba_raw,
tatoeba_maori_tatoeba_raw,362,11.0,he,he,UNKNOWN,,opus_tatoeba_v2023-04-12_maori_tatoeba_raw,
tatoeba_maori_tatoeba_raw,362,12.0,rongoā,rongoā,UNKNOWN,,opus_tatoeba_v2023-04-12_maori_tatoeba_raw,
tatoeba_maori_tatoeba_raw,362,13.0,rongonui,rongonui,UNKNOWN,,opus_tatoeba_v2023-04-12_maori_tatoeba_raw,
tatoeba_maori_tatoeba_raw,362,14.0,rāua,rāua,UNKNOWN,,opus_tatoeba_v2023-04-12_maori_tatoeba_raw,
tatoeba_maori_tatoeba_raw,362,15.0,he,hei,UNKNOWN,,opus_tatoeba_v2023-04-12_maori_tatoeba_raw,hei
tatoeba_maori_tatoeba_raw,362,15.1,i,hei,UNKNOWN,,opus_tatoeba_v2023-04-12_maori_tatoeba_raw,hei
tatoeba_maori_tatoeba_raw,362,16.0,whakarangatahi,whakarangatahi,UNKNOWN,,opus_tatoeba_v2023-04-12_maori_tatoeba_raw,
tatoeba_maori_tatoeba_raw,362,17.0,i,i,UNKNOWN,,opus_tatoeba_v2023-04-12_maori_tatoeba_raw,
tatoeba_maori_tatoeba_raw,362,18.0,te,te,UNKNOWN,,opus_tatoeba_v2023-04-12_maori_tatoeba_raw,
tatoeba_maori_tatoeba_raw,362,19.0,ā,āhua,UNKNOWN,,opus_tatoeba_v2023-04-12_maori_tatoeba_raw,āhua
tatoeba_maori_tatoeba_raw,362,19.1,hua,āhua,UNKNOWN,,opus_tatoeba_v2023-04-12_maori_tatoeba_raw,āhua
tatoeba_maori_tatoeba_raw,362,20.0,o,o,UNKNOWN,,opus_tatoeba_v2023-04-12_maori_tatoeba_raw,
tatoeba_maori_tatoeba_raw,362,21.0,te,te,UNKNOWN,,opus_tatoeba_v2023-04-12_maori_tatoeba_raw,
tatoeba_maori_tatoeba_raw,362,22.0,tangata,tangata,UNKNOWN,,opus_tatoeba_v2023-04-12_maori_tatoeba_raw,
tatoeba_maori_tatoeba_raw,363,1.0,i,i,UNKNOWN,,opus_tatoeba_v2023-04-12_maori_tatoeba_raw,
tatoeba_maori_tatoeba_raw,363,2.0,me,mea,UNKNOWN,,opus_tatoeba_v2023-04-12_maori_tatoeba_raw,mea
tatoeba_maori_tatoeba_raw,363,2.1,a,mea,UNKNOWN,,opus_tatoeba_v2023-04-12_maori_tatoeba_raw,mea
tatoeba_maori_tatoeba_raw,363,3.0,ahau,ahau,UNKNOWN,,opus_tatoeba_v2023-04-12_maori_tatoeba_raw,
tatoeba_maori_tatoeba_raw,363,4.0,i,i,UNKNOWN,,opus_tatoeba_v2023-04-12_maori_tatoeba_raw,
tatoeba_maori_tatoeba_raw,363,5.0,tētahi,tētahi,UNKNOWN,,opus_tatoeba_v2023-04-12_maori_tatoeba_raw,
tatoeba_maori_tatoeba_raw,363,6.0,me,mea,UNKNOWN,,opus_tatoeba_v2023-04-12_maori_tatoeba_raw,mea
tatoeba_maori_tatoeba_raw,363,6.1,a,mea,UNKNOWN,,opus_tatoeba_v2023-04-12_maori_tatoeba_raw,mea
tatoeba_maori_tatoeba_raw,363,7.0,hē,hē,UNKNOWN,,opus_tatoeba_v2023-04-12_maori_tatoeba_raw,
tatoeba_maori_tatoeba_raw,364,1.0,ka,ka,UNKNOWN,,opus_tatoeba_v2023-04-12_maori_tatoeba_raw,
tatoeba_maori_tatoeba_raw,364,2.0,roa,roa,UNKNOWN,,opus_tatoeba_v2023-04-12_maori_tatoeba_raw,
tatoeba_maori_tatoeba_raw,364,3.0,te,te,UNKNOWN,,opus_tatoeba_v2023-04-12_maori_tatoeba_raw,
tatoeba_maori_tatoeba_raw,364,4.0,wā,wā,UNKNOWN,,opus_tatoeba_v2023-04-12_maori_tatoeba_raw,
tatoeba_maori_tatoeba_raw,364,5.0,ki,kia,UNKNOWN,,opus_tatoeba_v2023-04-12_maori_tatoeba_raw,kia
tatoeba_maori_tatoeba_raw,364,5.1,a,kia,UNKNOWN,,opus_tatoeba_v2023-04-12_maori_tatoeba_raw,kia
tatoeba_maori_tatoeba_raw,364,6.0,o,ora,UNKNOWN,,opus_tatoeba_v2023-04-12_maori_tatoeba_raw,ora
tatoeba_maori_tatoeba_raw,364,6.1,ra,ora,UNKNOWN,,opus_tatoeba_v2023-04-12_maori_tatoeba_raw,ora
tatoeba_maori_tatoeba_raw,364,7.0,rā,rā,UNKNOWN,,opus_tatoeba_v2023-04-12_maori_tatoeba_raw,
tatoeba_maori_tatoeba_raw,364,8.0,anō,anō,UNKNOWN,,opus_tatoeba_v2023-04-12_maori_tatoeba_raw,
tatoeba_maori_tatoeba_raw,364,9.0,ahau,ahau,UNKNOWN,,opus_tatoeba_v2023-04-12_maori_tatoeba_raw,
tatoeba_maori_tatoeba_raw,364,10.0,i,i,UNKNOWN,,opus_tatoeba_v2023-04-12_maori_tatoeba_raw,
tatoeba_maori_tatoeba_raw,364,11.0,tēnei,tēnei,UNKNOWN,,opus_tatoeba_v2023-04-12_maori_tatoeba_raw,
tatoeba_maori_tatoeba_raw,364,12.0,rewharewha,rewharewha,UNKNOWN,,opus_tatoeba_v2023-04-12_maori_tatoeba_raw,
tatoeba_maori_tatoeba_raw,365,1.0,e,e,UNKNOWN,,opus_tatoeba_v2023-04-12_maori_tatoeba_raw,
tatoeba_maori_tatoeba_raw,365,2.0,hua,hua,UNKNOWN,,opus_tatoeba_v2023-04-12_maori_tatoeba_raw,
tatoeba_maori_tatoeba_raw,365,3.0,ana,ana,UNKNOWN,,opus_tatoeba_v2023-04-12_maori_tatoeba_raw,
tatoeba_maori_tatoeba_raw,365,4.0,ahau,ahau,UNKNOWN,,opus_tatoeba_v2023-04-12_maori_tatoeba_raw,
tatoeba_maori_tatoeba_raw,365,5.0,me,me,UNKNOWN,,opus_tatoeba_v2023-04-12_maori_tatoeba_raw,
tatoeba_maori_tatoeba_raw,365,6.0,aha,aha,UNKNOWN,,opus_tatoeba_v2023-04-12_maori_tatoeba_raw,
tatoeba_maori_tatoeba_raw,365,7.0,ahau,ahau,UNKNOWN,,opus_tatoeba_v2023-04-12_maori_tatoeba_raw,
tatoeba_maori_tatoeba_raw,365,8.0,ki,ki,UNKNOWN,,opus_tatoeba_v2023-04-12_maori_tatoeba_raw,
tatoeba_maori_tatoeba_raw,365,9.0,te,te,UNKNOWN,,opus_tatoeba_v2023-04-12_maori_tatoeba_raw,
tatoeba_maori_tatoeba_raw,365,10.0,ki,kimi,UNKNOWN,,opus_tatoeba_v2023-04-12_maori_tatoeba_raw,kimi
tatoeba_maori_tatoeba_raw,365,10.1,mi,kimi,UNKNOWN,,opus_tatoeba_v2023-04-12_maori_tatoeba_raw,kimi
tatoeba_maori_tatoeba_raw,365,11.0,i,i,UNKNOWN,,opus_tatoeba_v2023-04-12_maori_tatoeba_raw,
tatoeba_maori_tatoeba_raw,365,12.0,tētahi,tētahi,UNKNOWN,,opus_tatoeba_v2023-04-12_maori_tatoeba_raw,
tatoeba_maori_tatoeba_raw,365,13.0,mahi,mahi,UNKNOWN,,opus_tatoeba_v2023-04-12_maori_tatoeba_raw,
tatoeba_maori_tatoeba_raw,366,1.0,he,he,UNKNOWN,,opus_tatoeba_v2023-04-12_maori_tatoeba_raw,
tatoeba_maori_tatoeba_raw,366,2.0,ka,kaputī,UNKNOWN,,opus_tatoeba_v2023-04-12_maori_tatoeba_raw,kaputī
tatoeba_maori_tatoeba_raw,366,2.1,putī,kaputī,UNKNOWN,,opus_tatoeba_v2023-04-12_maori_tatoeba_raw,kaputī
tatoeba_maori_tatoeba_raw,366,3.0,anō,anō,UNKNOWN,,opus_tatoeba_v2023-04-12_maori_tatoeba_raw,
tatoeba_maori_tatoeba_raw,366,4.0,mā,māu,UNKNOWN,,opus_tatoeba_v2023-04-12_maori_tatoeba_raw,māu
tatoeba_maori_tatoeba_raw,366,4.1,u,māu,UNKNOWN,,opus_tatoeba_v2023-04-12_maori_tatoeba_raw,māu
tatoeba_maori_tatoeba_raw,367,1.0,kāore,kāore,UNKNOWN,,opus_tatoeba_v2023-04-12_maori_tatoeba_raw,
tatoeba_maori_tatoeba_raw,368,1.0,ko,ko,UNKNOWN,,opus_tatoeba_v2023-04-12_maori_tatoeba_raw,
tatoeba_maori_tatoeba_raw,368,2.0,te,te,UNKNOWN,,opus_tatoeba_v2023-04-12_maori_tatoeba_raw,
tatoeba_maori_tatoeba_raw,368,3.0,ā,āhua,UNKNOWN,,opus_tatoeba_v2023-04-12_maori_tatoeba_raw,āhua
tatoeba_maori_tatoeba_raw,368,3.1,hua,āhua,UNKNOWN,,opus_tatoeba_v2023-04-12_maori_tatoeba_raw,āhua
tatoeba_maori_tatoeba_raw,368,4.0,nei,nei,UNKNOWN,,opus_tatoeba_v2023-04-12_maori_tatoeba_raw,
tatoeba_maori_tatoeba_raw,368,5.0,kua,kua,UNKNOWN,,opus_tatoeba_v2023-04-12_maori_tatoeba_raw,
tatoeba_maori_tatoeba_raw,368,6.0,whakakapia,whakakapia,UNKNOWN,,opus_tatoeba_v2023-04-12_maori_tatoeba_raw,
tatoeba_maori_tatoeba_raw,368,7.0,kētia,kētia,UNKNOWN,,opus_tatoeba_v2023-04-12_maori_tatoeba_raw,
tatoeba_maori_tatoeba_raw,368,8.0,ko,koe,UNKNOWN,,opus_tatoeba_v2023-04-12_maori_tatoeba_raw,koe
tatoeba_maori_tatoeba_raw,368,8.1,e,koe,UNKNOWN,,opus_tatoeba_v2023-04-12_maori_tatoeba_raw,koe
tatoeba_maori_tatoeba_raw,369,1.0,kua,kua,UNKNOWN,,opus_tatoeba_v2023-04-12_maori_tatoeba_raw,
tatoeba_maori_tatoeba_raw,369,2.0,huaruatia,huaruatia,UNKNOWN,,opus_tatoeba_v2023-04-12_maori_tatoeba_raw,
tatoeba_maori_tatoeba_raw,369,3.0,te,te,UNKNOWN,,opus_tatoeba_v2023-04-12_maori_tatoeba_raw,
tatoeba_maori_tatoeba_raw,369,4.0,utu,utu,UNKNOWN,,opus_tatoeba_v2023-04-12_maori_tatoeba_raw,
tatoeba_maori_tatoeba_raw,369,5.0,o,o,UNKNOWN,,opus_tatoeba_v2023-04-12_maori_tatoeba_raw,
tatoeba_maori_tatoeba_raw,369,6.0,te,te,UNKNOWN,,opus_tatoeba_v2023-04-12_maori_tatoeba_raw,
tatoeba_maori_tatoeba_raw,369,7.0,ka,kawhe,UNKNOWN,,opus_tatoeba_v2023-04-12_maori_tatoeba_raw,kawhe
tatoeba_maori_tatoeba_raw,369,7.1,whe,kawhe,UNKNOWN,,opus_tatoeba_v2023-04-12_maori_tatoeba_raw,kawhe
tatoeba_maori_tatoeba_raw,369,8.0,mai,mai,UNKNOWN,,opus_tatoeba_v2023-04-12_maori_tatoeba_raw,
tatoeba_maori_tatoeba_raw,369,9.0,i,i,UNKNOWN,,opus_tatoeba_v2023-04-12_maori_tatoeba_raw,
tatoeba_maori_tatoeba_raw,369,10.0,tērā,tērā,UNKNOWN,,opus_tatoeba_v2023-04-12_maori_tatoeba_raw,
tatoeba_maori_tatoeba_raw,369,11.0,wā,wā,UNKNOWN,,opus_tatoeba_v2023-04-12_maori_tatoeba_raw,
tatoeba_maori_tatoeba_raw,370,1.0,e,e,UNKNOWN,,opus_tatoeba_v2023-04-12_maori_tatoeba_raw,
tatoeba_maori_tatoeba_raw,370,2.0,whakahāwea,whakahāwea,UNKNOWN,,opus_tatoeba_v2023-04-12_maori_tatoeba_raw,
tatoeba_maori_tatoeba_raw,370,3.0,ana,ana,UNKNOWN,,opus_tatoeba_v2023-04-12_maori_tatoeba_raw,
tatoeba_maori_tatoeba_raw,370,4.0,tēnei,tēnei,UNKNOWN,,opus_tatoeba_v2023-04-12_maori_tatoeba_raw,
tatoeba_maori_tatoeba_raw,370,5.0,waiata,waiata,UNKNOWN,,opus_tatoeba_v2023-04-12_maori_tatoeba_raw,
tatoeba_maori_tatoeba_raw,370,6.0,i,i,UNKNOWN,,opus_tatoeba_v2023-04-12_maori_tatoeba_raw,
tatoeba_maori_tatoeba_raw,370,7.0,te,te,UNKNOWN,,opus_tatoeba_v2023-04-12_maori_tatoeba_raw,
tatoeba_maori_tatoeba_raw,370,8.0,wahine,wahine,UNKNOWN,,opus_tatoeba_v2023-04-12_maori_tatoeba_raw,
tatoeba_maori_tatoeba_raw,371,1.0,e,e,UNKNOWN,,opus_tatoeba_v2023-04-12_maori_tatoeba_raw,
tatoeba_maori_tatoeba_raw,371,2.0,mōhio,mōhio,UNKNOWN,,opus_tatoeba_v2023-04-12_maori_tatoeba_raw,
tatoeba_maori_tatoeba_raw,371,3.0,ana,ana,UNKNOWN,,opus_tatoeba_v2023-04-12_maori_tatoeba_raw,
tatoeba_maori_tatoeba_raw,371,4.0,ahau,ahau,UNKNOWN,,opus_tatoeba_v2023-04-12_maori_tatoeba_raw,
tatoeba_maori_tatoeba_raw,371,5.0,e,e,UNKNOWN,,opus_tatoeba_v2023-04-12_maori_tatoeba_raw,
tatoeba_maori_tatoeba_raw,371,6.0,i,inumia,UNKNOWN,,opus_tatoeba_v2023-04-12_maori_tatoeba_raw,inumia
tatoeba_maori_tatoeba_raw,371,6.1,numia,inumia,UNKNOWN,,opus_tatoeba_v2023-04-12_maori_tatoeba_raw,inumia
tatoeba_maori_tatoeba_raw,371,7.0,ana,ana,UNKNOWN,,opus_tatoeba_v2023-04-12_maori_tatoeba_raw,
tatoeba_maori_tatoeba_raw,371,8.0,te,te,UNKNOWN,,opus_tatoeba_v2023-04-12_maori_tatoeba_raw,
tatoeba_maori_tatoeba_raw,371,9.0,ka,kawhe,UNKNOWN,,opus_tatoeba_v2023-04-12_maori_tatoeba_raw,kawhe
tatoeba_maori_tatoeba_raw,371,9.1,whe,kawhe,UNKNOWN,,opus_tatoeba_v2023-04-12_maori_tatoeba_raw,kawhe
tatoeba_maori_tatoeba_raw,371,10.0,e,e,UNKNOWN,,opus_tatoeba_v2023-04-12_maori_tatoeba_raw,
tatoeba_maori_tatoeba_raw,371,11.0,tom,tom,UNKNOWN,,opus_tatoeba_v2023-04-12_maori_tatoeba_raw,
tatoeba_maori_tatoeba_raw,372,1.0,nā,nā,UNKNOWN,,opus_tatoeba_v2023-04-12_maori_tatoeba_raw,
tatoeba_maori_tatoeba_raw,372,2.0,wai,wai,UNKNOWN,,opus_tatoeba_v2023-04-12_maori_tatoeba_raw,
tatoeba_maori_tatoeba_raw,372,3.0,tēnei,tēnei,UNKNOWN,,opus_tatoeba_v2023-04-12_maori_tatoeba_raw,
tatoeba_maori_tatoeba_raw,372,4.0,paihikara,paihikara,UNKNOWN,,opus_tatoeba_v2023-04-12_maori_tatoeba_raw,
tatoeba_maori_tatoeba_raw,373,1.0,i,i,UNKNOWN,,opus_tatoeba_v2023-04-12_maori_tatoeba_raw,
tatoeba_maori_tatoeba_raw,373,2.0,ka,kai,UNKNOWN,,opus_tatoeba_v2023-04-12_maori_tatoeba_raw,kai
tatoeba_maori_tatoeba_raw,373,2.1,i,kai,UNKNOWN,,opus_tatoeba_v2023-04-12_maori_tatoeba_raw,kai
tatoeba_maori_tatoeba_raw,373,3.0,hapa,hapa,UNKNOWN,,opus_tatoeba_v2023-04-12_maori_tatoeba_raw,
tatoeba_maori_tatoeba_raw,373,4.0,ahau,ahau,UNKNOWN,,opus_tatoeba_v2023-04-12_maori_tatoeba_raw,
tatoeba_maori_tatoeba_raw,373,5.0,i,i,UNKNOWN,,opus_tatoeba_v2023-04-12_maori_tatoeba_raw,
tatoeba_maori_tatoeba_raw,373,6.0,a,a,UNKNOWN,,opus_tatoeba_v2023-04-12_maori_tatoeba_raw,
tatoeba_maori_tatoeba_raw,373,7.0,i,ia,UNKNOWN,,opus_tatoeba_v2023-04-12_maori_tatoeba_raw,ia
tatoeba_maori_tatoeba_raw,373,7.1,a,ia,UNKNOWN,,opus_tatoeba_v2023-04-12_maori_tatoeba_raw,ia
tatoeba_maori_tatoeba_raw,374,1.0,he,he,UNKNOWN,,opus_tatoeba_v2023-04-12_maori_tatoeba_raw,
tatoeba_maori_tatoeba_raw,374,2.0,aha,aha,UNKNOWN,,opus_tatoeba_v2023-04-12_maori_tatoeba_raw,
tatoeba_maori_tatoeba_raw,374,3.0,kē,kē,UNKNOWN,,opus_tatoeba_v2023-04-12_maori_tatoeba_raw,
tatoeba_maori_tatoeba_raw,374,4.0,tāu,tāu,UNKNOWN,,opus_tatoeba_v2023-04-12_maori_tatoeba_raw,
tatoeba_maori_tatoeba_raw,374,5.0,e,e,UNKNOWN,,opus_tatoeba_v2023-04-12_maori_tatoeba_raw,
tatoeba_maori_tatoeba_raw,374,6.0,hoko,hoko,UNKNOWN,,opus_tatoeba_v2023-04-12_maori_tatoeba_raw,
tatoeba_maori_tatoeba_raw,374,7.0,ana,ana,UNKNOWN,,opus_tatoeba_v2023-04-12_maori_tatoeba_raw,
tatoeba_maori_tatoeba_raw,374,8.0,i,i,UNKNOWN,,opus_tatoeba_v2023-04-12_maori_tatoeba_raw,
tatoeba_maori_tatoeba_raw,374,9.0,tētahi,tētahi,UNKNOWN,,opus_tatoeba_v2023-04-12_maori_tatoeba_raw,
tatoeba_maori_tatoeba_raw,374,10.0,whare,whare,UNKNOWN,,opus_tatoeba_v2023-04-12_maori_tatoeba_raw,
tatoeba_maori_tatoeba_raw,374,11.0,pērā,pērā,UNKNOWN,,opus_tatoeba_v2023-04-12_maori_tatoeba_raw,
tatoeba_maori_tatoeba_raw,374,12.0,rawa,rawa,UNKNOWN,,opus_tatoeba_v2023-04-12_maori_tatoeba_raw,
tatoeba_maori_tatoeba_raw,374,13.0,te,te,UNKNOWN,,opus_tatoeba_v2023-04-12_maori_tatoeba_raw,
tatoeba_maori_tatoeba_raw,374,14.0,nui,nui,UNKNOWN,,opus_tatoeba_v2023-04-12_maori_tatoeba_raw,
tatoeba_maori_tatoeba_raw,374,15.0,o,o,UNKNOWN,,opus_tatoeba_v2023-04-12_maori_tatoeba_raw,
tatoeba_maori_tatoeba_raw,374,16.0,te,te,UNKNOWN,,opus_tatoeba_v2023-04-12_maori_tatoeba_raw,
tatoeba_maori_tatoeba_raw,374,17.0,utu,utu,UNKNOWN,,opus_tatoeba_v2023-04-12_maori_tatoeba_raw,
tatoeba_maori_tatoeba_raw,375,1.0,he,he,UNKNOWN,,opus_tatoeba_v2023-04-12_maori_tatoeba_raw,
tatoeba_maori_tatoeba_raw,375,2.0,ngohe,ngohe,UNKNOWN,,opus_tatoeba_v2023-04-12_maori_tatoeba_raw,
tatoeba_maori_tatoeba_raw,375,3.0,tērā,tērā,UNKNOWN,,opus_tatoeba_v2023-04-12_maori_tatoeba_raw,
tatoeba_maori_tatoeba_raw,376,1.0,ka,ka,UNKNOWN,,opus_tatoeba_v2023-04-12_maori_tatoeba_raw,
tatoeba_maori_tatoeba_raw,376,2.0,taea,taea,UNKNOWN,,opus_tatoeba_v2023-04-12_maori_tatoeba_raw,
tatoeba_maori_tatoeba_raw,376,3.0,e,e,UNKNOWN,,opus_tatoeba_v2023-04-12_maori_tatoeba_raw,
tatoeba_maori_tatoeba_raw,376,4.0,ko,koe,UNKNOWN,,opus_tatoeba_v2023-04-12_maori_tatoeba_raw,koe
tatoeba_maori_tatoeba_raw,376,4.1,e,koe,UNKNOWN,,opus_tatoeba_v2023-04-12_maori_tatoeba_raw,koe
tatoeba_maori_tatoeba_raw,376,5.0,te,te,UNKNOWN,,opus_tatoeba_v2023-04-12_maori_tatoeba_raw,
tatoeba_maori_tatoeba_raw,376,6.0,whakamahi,whakamahi,UNKNOWN,,opus_tatoeba_v2023-04-12_maori_tatoeba_raw,
tatoeba_maori_tatoeba_raw,376,7.0,i,i,UNKNOWN,,opus_tatoeba_v2023-04-12_maori_tatoeba_raw,
tatoeba_maori_tatoeba_raw,376,8.0,tāku,tāku,UNKNOWN,,opus_tatoeba_v2023-04-12_maori_tatoeba_raw,
tatoeba_maori_tatoeba_raw,377,1.0,ko,ko,UNKNOWN,,opus_tatoeba_v2023-04-12_maori_tatoeba_raw,
tatoeba_maori_tatoeba_raw,377,2.0,tom,tom,UNKNOWN,,opus_tatoeba_v2023-04-12_maori_tatoeba_raw,
tatoeba_maori_tatoeba_raw,377,3.0,tētahi,tētahi,UNKNOWN,,opus_tatoeba_v2023-04-12_maori_tatoeba_raw,
tatoeba_maori_tatoeba_raw,377,4.0,o,o,UNKNOWN,,opus_tatoeba_v2023-04-12_maori_tatoeba_raw,
tatoeba_maori_tatoeba_raw,377,5.0,ngā,ngā,UNKNOWN,,opus_tatoeba_v2023-04-12_maori_tatoeba_raw,
tatoeba_maori_tatoeba_raw,377,6.0,ringatoi,ringatoi,UNKNOWN,,opus_tatoeba_v2023-04-12_maori_tatoeba_raw,
tatoeba_maori_tatoeba_raw,377,7.0,moroki,moroki,UNKNOWN,,opus_tatoeba_v2023-04-12_maori_tatoeba_raw,
tatoeba_maori_tatoeba_raw,377,8.0,tino,tino,UNKNOWN,,opus_tatoeba_v2023-04-12_maori_tatoeba_raw,
tatoeba_maori_tatoeba_raw,377,9.0,rongonui,rongonui,UNKNOWN,,opus_tatoeba_v2023-04-12_maori_tatoeba_raw,
tatoeba_maori_tatoeba_raw,377,10.0,o,o,UNKNOWN,,opus_tatoeba_v2023-04-12_maori_tatoeba_raw,
tatoeba_maori_tatoeba_raw,377,11.0,te,te,UNKNOWN,,opus_tatoeba_v2023-04-12_maori_tatoeba_raw,
tatoeba_maori_tatoeba_raw,377,12.0,ao,ao,UNKNOWN,,opus_tatoeba_v2023-04-12_maori_tatoeba_raw,
tatoeba_maori_tatoeba_raw,378,1.0,i,i,UNKNOWN,,opus_tatoeba_v2023-04-12_maori_tatoeba_raw,
tatoeba_maori_tatoeba_raw,378,2.0,paingia,paingia,UNKNOWN,,opus_tatoeba_v2023-04-12_maori_tatoeba_raw,
tatoeba_maori_tatoeba_raw,378,3.0,e,e,UNKNOWN,,opus_tatoeba_v2023-04-12_maori_tatoeba_raw,
tatoeba_maori_tatoeba_raw,378,4.0,ko,koe,UNKNOWN,,opus_tatoeba_v2023-04-12_maori_tatoeba_raw,koe
tatoeba_maori_tatoeba_raw,378,4.1,e,koe,UNKNOWN,,opus_tatoeba_v2023-04-12_maori_tatoeba_raw,koe
tatoeba_maori_tatoeba_raw,378,5.0,taku,taku,UNKNOWN,,opus_tatoeba_v2023-04-12_maori_tatoeba_raw,
tatoeba_maori_tatoeba_raw,378,6.0,whakaahua,whakaahua,UNKNOWN,,opus_tatoeba_v2023-04-12_maori_tatoeba_raw,
tatoeba_maori_tatoeba_raw,379,1.0,ka,ka,UNKNOWN,,opus_tatoeba_v2023-04-12_maori_tatoeba_raw,
tatoeba_maori_tatoeba_raw,379,2.0,mahue,mahue,UNKNOWN,,opus_tatoeba_v2023-04-12_maori_tatoeba_raw,
tatoeba_maori_tatoeba_raw,379,3.0,taku,taku,UNKNOWN,,opus_tatoeba_v2023-04-12_maori_tatoeba_raw,
tatoeba_maori_tatoeba_raw,379,4.0,noho,noho,UNKNOWN,,opus_tatoeba_v2023-04-12_maori_tatoeba_raw,
tatoeba_maori_tatoeba_raw,379,5.0,i,i,UNKNOWN,,opus_tatoeba_v2023-04-12_maori_tatoeba_raw,
tatoeba_maori_tatoeba_raw,379,6.0,reira,reira,UNKNOWN,,opus_tatoeba_v2023-04-12_maori_tatoeba_raw,
tatoeba_maori_tatoeba_raw,379,7.0,i,i,UNKNOWN,,opus_tatoeba_v2023-04-12_maori_tatoeba_raw,
tatoeba_maori_tatoeba_raw,379,8.0,tō,tō,UNKNOWN,,opus_tatoeba_v2023-04-12_maori_tatoeba_raw,
tatoeba_maori_tatoeba_raw,379,9.0,taha,taha,UNKNOWN,,opus_tatoeba_v2023-04-12_maori_tatoeba_raw,
tatoeba_maori_tatoeba_raw,380,1.0,haere,haere,UNKNOWN,,opus_tatoeba_v2023-04-12_maori_tatoeba_raw,
tatoeba_maori_tatoeba_raw,380,2.0,mai,mai,UNKNOWN,,opus_tatoeba_v2023-04-12_maori_tatoeba_raw,
tatoeba_maori_tatoeba_raw,380,3.0,i,i,UNKNOWN,,opus_tatoeba_v2023-04-12_maori_tatoeba_raw,
tatoeba_maori_tatoeba_raw,380,4.0,a,a,UNKNOWN,,opus_tatoeba_v2023-04-12_maori_tatoeba_raw,
tatoeba_maori_tatoeba_raw,380,5.0,au,au,UNKNOWN,,opus_tatoeba_v2023-04-12_maori_tatoeba_raw,
tatoeba_maori_tatoeba_raw,380,6.0,i,ināianei,UNKNOWN,,opus_tatoeba_v2023-04-12_maori_tatoeba_raw,ināianei
tatoeba_maori_tatoeba_raw,380,6.1,nāianei,ināianei,UNKNOWN,,opus_tatoeba_v2023-04-12_maori_tatoeba_raw,ināianei
tatoeba_maori_tatoeba_raw,381,1.0,he,he,UNKNOWN,,opus_tatoeba_v2023-04-12_maori_tatoeba_raw,
tatoeba_maori_tatoeba_raw,381,2.0,kānara,kānara,UNKNOWN,,opus_tatoeba_v2023-04-12_maori_tatoeba_raw,
tatoeba_maori_tatoeba_raw,381,3.0,ēnei,ēnei,UNKNOWN,,opus_tatoeba_v2023-04-12_maori_tatoeba_raw,
tatoeba_maori_tatoeba_raw,382,1.0,ka,ka,UNKNOWN,,opus_tatoeba_v2023-04-12_maori_tatoeba_raw,
tatoeba_maori_tatoeba_raw,382,2.0,tae,tae,UNKNOWN,,opus_tatoeba_v2023-04-12_maori_tatoeba_raw,
tatoeba_maori_tatoeba_raw,382,3.0,mai,mai,UNKNOWN,,opus_tatoeba_v2023-04-12_maori_tatoeba_raw,
tatoeba_maori_tatoeba_raw,382,4.0,a,a,UNKNOWN,,opus_tatoeba_v2023-04-12_maori_tatoeba_raw,
tatoeba_maori_tatoeba_raw,382,5.0,tākuta,tākuta,UNKNOWN,,opus_tatoeba_v2023-04-12_maori_tatoeba_raw,
tatoeba_maori_tatoeba_raw,382,6.0,rueda,rueda,UNKNOWN,,opus_tatoeba_v2023-04-12_maori_tatoeba_raw,
tatoeba_maori_tatoeba_raw,383,1.0,ka,kaua,UNKNOWN,,opus_tatoeba_v2023-04-12_maori_tatoeba_raw,kaua
tatoeba_maori_tatoeba_raw,383,1.1,ua,kaua,UNKNOWN,,opus_tatoeba_v2023-04-12_maori_tatoeba_raw,kaua
tatoeba_maori_tatoeba_raw,383,2.0,e,e,UNKNOWN,,opus_tatoeba_v2023-04-12_maori_tatoeba_raw,
tatoeba_maori_tatoeba_raw,383,3.0,ā,āwangawanga,UNKNOWN,,opus_tatoeba_v2023-04-12_maori_tatoeba_raw,āwangawanga
tatoeba_maori_tatoeba_raw,383,3.1,wangawanga,āwangawanga,UNKNOWN,,opus_tatoeba_v2023-04-12_maori_tatoeba_raw,āwangawanga
tatoeba_maori_tatoeba_raw,384,1.0,ka,ka,UNKNOWN,,opus_tatoeba_v2023-04-12_maori_tatoeba_raw,
tatoeba_maori_tatoeba_raw,384,2.0,ki,kimihia,UNKNOWN,,opus_tatoeba_v2023-04-12_maori_tatoeba_raw,kimihia
tatoeba_maori_tatoeba_raw,384,2.1,mihia,kimihia,UNKNOWN,,opus_tatoeba_v2023-04-12_maori_tatoeba_raw,kimihia
tatoeba_maori_tatoeba_raw,384,3.0,i,ia,UNKNOWN,,opus_tatoeba_v2023-04-12_maori_tatoeba_raw,ia
tatoeba_maori_tatoeba_raw,384,3.1,a,ia,UNKNOWN,,opus_tatoeba_v2023-04-12_maori_tatoeba_raw,ia
tatoeba_maori_tatoeba_raw,384,4.0,e,e,UNKNOWN,,opus_tatoeba_v2023-04-12_maori_tatoeba_raw,
tatoeba_maori_tatoeba_raw,384,5.0,au,au,UNKNOWN,,opus_tatoeba_v2023-04-12_maori_tatoeba_raw,
tatoeba_maori_tatoeba_raw,384,6.0,mōu,mōu,UNKNOWN,,opus_tatoeba_v2023-04-12_maori_tatoeba_raw,
tatoeba_maori_tatoeba_raw,385,1.0,e,e,UNKNOWN,,opus_tatoeba_v2023-04-12_maori_tatoeba_raw,
tatoeba_maori_tatoeba_raw,385,2.0,<EMPTY>,<EMPTY>,UNKNOWN,,opus_tatoeba_v2023-04-12_maori_tatoeba_raw,
tatoeba_maori_tatoeba_raw,385,3.0,ōna,ōna,UNKNOWN,,opus_tatoeba_v2023-04-12_maori_tatoeba_raw,
tatoeba_maori_tatoeba_raw,385,4.0,tau,tau,UNKNOWN,,opus_tatoeba_v2023-04-12_maori_tatoeba_raw,
tatoeba_maori_tatoeba_raw,385,5.0,i,i,UNKNOWN,,opus_tatoeba_v2023-04-12_maori_tatoeba_raw,
tatoeba_maori_tatoeba_raw,385,6.0,o,oma,UNKNOWN,,opus_tatoeba_v2023-04-12_maori_tatoeba_raw,oma
tatoeba_maori_tatoeba_raw,385,6.1,ma,oma,UNKNOWN,,opus_tatoeba_v2023-04-12_maori_tatoeba_raw,oma
tatoeba_maori_tatoeba_raw,385,7.0,atu,atu,UNKNOWN,,opus_tatoeba_v2023-04-12_maori_tatoeba_raw,
tatoeba_maori_tatoeba_raw,385,8.0,i,ia,UNKNOWN,,opus_tatoeba_v2023-04-12_maori_tatoeba_raw,ia
tatoeba_maori_tatoeba_raw,385,8.1,a,ia,UNKNOWN,,opus_tatoeba_v2023-04-12_maori_tatoeba_raw,ia
tatoeba_maori_tatoeba_raw,385,9.0,i,i,UNKNOWN,,opus_tatoeba_v2023-04-12_maori_tatoeba_raw,
tatoeba_maori_tatoeba_raw,385,10.0,te,te,UNKNOWN,,opus_tatoeba_v2023-04-12_maori_tatoeba_raw,
tatoeba_maori_tatoeba_raw,385,11.0,kāinga,kāinga,UNKNOWN,,opus_tatoeba_v2023-04-12_maori_tatoeba_raw,
tatoeba_maori_tatoeba_raw,386,1.0,ki,kia,UNKNOWN,,opus_tatoeba_v2023-04-12_maori_tatoeba_raw,kia
tatoeba_maori_tatoeba_raw,386,1.1,a,kia,UNKNOWN,,opus_tatoeba_v2023-04-12_maori_tatoeba_raw,kia
tatoeba_maori_tatoeba_raw,386,2.0,pono,pono,UNKNOWN,,opus_tatoeba_v2023-04-12_maori_tatoeba_raw,
tatoeba_maori_tatoeba_raw,386,3.0,taku,taku,UNKNOWN,,opus_tatoeba_v2023-04-12_maori_tatoeba_raw,
tatoeba_maori_tatoeba_raw,386,4.0,kōrero,kōrero,UNKNOWN,,opus_tatoeba_v2023-04-12_maori_tatoeba_raw,
tatoeba_maori_tatoeba_raw,386,5.0,he,he,UNKNOWN,,opus_tatoeba_v2023-04-12_maori_tatoeba_raw,
tatoeba_maori_tatoeba_raw,386,6.0,tawhito,tawhito,UNKNOWN,,opus_tatoeba_v2023-04-12_maori_tatoeba_raw,
tatoeba_maori_tatoeba_raw,386,7.0,rawa,rawa,UNKNOWN,,opus_tatoeba_v2023-04-12_maori_tatoeba_raw,
tatoeba_maori_tatoeba_raw,386,8.0,tō,tō,UNKNOWN,,opus_tatoeba_v2023-04-12_maori_tatoeba_raw,
tatoeba_maori_tatoeba_raw,386,9.0,ā,āhua,UNKNOWN,,opus_tatoeba_v2023-04-12_maori_tatoeba_raw,āhua
tatoeba_maori_tatoeba_raw,386,9.1,hua,āhua,UNKNOWN,,opus_tatoeba_v2023-04-12_maori_tatoeba_raw,āhua
tatoeba_maori_tatoeba_raw,386,10.0,whakaaro,whakaaro,UNKNOWN,,opus_tatoeba_v2023-04-12_maori_tatoeba_raw,
tatoeba_maori_tatoeba_raw,387,1.0,he,he,UNKNOWN,,opus_tatoeba_v2023-04-12_maori_tatoeba_raw,
tatoeba_maori_tatoeba_raw,387,2.0,maha,maha,UNKNOWN,,opus_tatoeba_v2023-04-12_maori_tatoeba_raw,
tatoeba_maori_tatoeba_raw,387,3.0,ngā,ngā,UNKNOWN,,opus_tatoeba_v2023-04-12_maori_tatoeba_raw,
tatoeba_maori_tatoeba_raw,387,4.0,me,mea,UNKNOWN,,opus_tatoeba_v2023-04-12_maori_tatoeba_raw,mea
tatoeba_maori_tatoeba_raw,387,4.1,a,mea,UNKNOWN,,opus_tatoeba_v2023-04-12_maori_tatoeba_raw,mea
tatoeba_maori_tatoeba_raw,387,5.0,o,o,UNKNOWN,,opus_tatoeba_v2023-04-12_maori_tatoeba_raw,
tatoeba_maori_tatoeba_raw,387,6.0,te,te,UNKNOWN,,opus_tatoeba_v2023-04-12_maori_tatoeba_raw,
tatoeba_maori_tatoeba_raw,387,7.0,ao,ao,UNKNOWN,,opus_tatoeba_v2023-04-12_maori_tatoeba_raw,
tatoeba_maori_tatoeba_raw,387,8.0,kua,kua,UNKNOWN,,opus_tatoeba_v2023-04-12_maori_tatoeba_raw,
tatoeba_maori_tatoeba_raw,387,9.0,ki,kitea,UNKNOWN,,opus_tatoeba_v2023-04-12_maori_tatoeba_raw,kitea
tatoeba_maori_tatoeba_raw,387,9.1,tea,kitea,UNKNOWN,,opus_tatoeba_v2023-04-12_maori_tatoeba_raw,kitea
tatoeba_maori_tatoeba_raw,387,10.0,e,e,UNKNOWN,,opus_tatoeba_v2023-04-12_maori_tatoeba_raw,
tatoeba_maori_tatoeba_raw,387,11.0,i,ia,UNKNOWN,,opus_tatoeba_v2023-04-12_maori_tatoeba_raw,ia
tatoeba_maori_tatoeba_raw,387,11.1,a,ia,UNKNOWN,,opus_tatoeba_v2023-04-12_maori_tatoeba_raw,ia
tatoeba_maori_tatoeba_raw,388,1.0,he,he,UNKNOWN,,opus_tatoeba_v2023-04-12_maori_tatoeba_raw,
tatoeba_maori_tatoeba_raw,388,2.0,ka,karaehe,UNKNOWN,,opus_tatoeba_v2023-04-12_maori_tatoeba_raw,karaehe
tatoeba_maori_tatoeba_raw,388,2.1,raehe,karaehe,UNKNOWN,,opus_tatoeba_v2023-04-12_maori_tatoeba_raw,karaehe
tatoeba_maori_tatoeba_raw,388,3.0,pia,pia,UNKNOWN,,opus_tatoeba_v2023-04-12_maori_tatoeba_raw,
tatoeba_maori_tatoeba_raw,388,4.0,mā,māku,UNKNOWN,,opus_tatoeba_v2023-04-12_maori_tatoeba_raw,māku
tatoeba_maori_tatoeba_raw,388,4.1,ku,māku,UNKNOWN,,opus_tatoeba_v2023-04-12_maori_tatoeba_raw,māku
tatoeba_maori_tatoeba_raw,389,1.0,kāore,kāore,UNKNOWN,,opus_tatoeba_v2023-04-12_maori_tatoeba_raw,
tatoeba_maori_tatoeba_raw,389,2.0,ko,koe,UNKNOWN,,opus_tatoeba_v2023-04-12_maori_tatoeba_raw,koe
tatoeba_maori_tatoeba_raw,389,2.1,e,koe,UNKNOWN,,opus_tatoeba_v2023-04-12_maori_tatoeba_raw,koe
tatoeba_maori_tatoeba_raw,389,3.0,i,i,UNKNOWN,,opus_tatoeba_v2023-04-12_maori_tatoeba_raw,
tatoeba_maori_tatoeba_raw,389,4.0,te,te,UNKNOWN,,opus_tatoeba_v2023-04-12_maori_tatoeba_raw,
tatoeba_maori_tatoeba_raw,389,5.0,ngenge,ngenge,UNKNOWN,,opus_tatoeba_v2023-04-12_maori_tatoeba_raw,
tatoeba_maori_tatoeba_raw,389,6.0,nē,nē,UNKNOWN,,opus_tatoeba_v2023-04-12_maori_tatoeba_raw,
tatoeba_maori_tatoeba_raw,390,1.0,kāore,kāore,UNKNOWN,,opus_tatoeba_v2023-04-12_maori_tatoeba_raw,
tatoeba_maori_tatoeba_raw,390,2.0,mā,māua,UNKNOWN,,opus_tatoeba_v2023-04-12_maori_tatoeba_raw,māua
tatoeba_maori_tatoeba_raw,390,2.1,ua,māua,UNKNOWN,,opus_tatoeba_v2023-04-12_maori_tatoeba_raw,māua
tatoeba_maori_tatoeba_raw,390,3.0,i,i,UNKNOWN,,opus_tatoeba_v2023-04-12_maori_tatoeba_raw,
tatoeba_maori_tatoeba_raw,390,4.0,whawhai,whawhai,UNKNOWN,,opus_tatoeba_v2023-04-12_maori_tatoeba_raw,
tatoeba_maori_tatoeba_raw,391,1.0,e,e,UNKNOWN,,opus_tatoeba_v2023-04-12_maori_tatoeba_raw,
tatoeba_maori_tatoeba_raw,391,2.0,pai,pai,UNKNOWN,,opus_tatoeba_v2023-04-12_maori_tatoeba_raw,
tatoeba_maori_tatoeba_raw,391,3.0,ana,ana,UNKNOWN,,opus_tatoeba_v2023-04-12_maori_tatoeba_raw,
tatoeba_maori_tatoeba_raw,391,4.0,a,a,UNKNOWN,,opus_tatoeba_v2023-04-12_maori_tatoeba_raw,
tatoeba_maori_tatoeba_raw,391,5.0,tom,tom,UNKNOWN,,opus_tatoeba_v2023-04-12_maori_tatoeba_raw,
tatoeba_maori_tatoeba_raw,392,1.0,kāore,kāore,UNKNOWN,,opus_tatoeba_v2023-04-12_maori_tatoeba_raw,
tatoeba_maori_tatoeba_raw,392,2.0,mā,mātou,UNKNOWN,,opus_tatoeba_v2023-04-12_maori_tatoeba_raw,mātou
tatoeba_maori_tatoeba_raw,392,2.1,tou,mātou,UNKNOWN,,opus_tatoeba_v2023-04-12_maori_tatoeba_raw,mātou
tatoeba_maori_tatoeba_raw,392,3.0,i,i,UNKNOWN,,opus_tatoeba_v2023-04-12_maori_tatoeba_raw,
tatoeba_maori_tatoeba_raw,392,4.0,whawhai,whawhai,UNKNOWN,,opus_tatoeba_v2023-04-12_maori_tatoeba_raw,
tatoeba_maori_tatoeba_raw,393,1.0,nō,nō,UNKNOWN,,opus_tatoeba_v2023-04-12_maori_tatoeba_raw,
tatoeba_maori_tatoeba_raw,393,2.0,reira,reira,UNKNOWN,,opus_tatoeba_v2023-04-12_maori_tatoeba_raw,
tatoeba_maori_tatoeba_raw,393,3.0,kāore,kāore,UNKNOWN,,opus_tatoeba_v2023-04-12_maori_tatoeba_raw,
tatoeba_maori_tatoeba_raw,393,4.0,ahau,ahau,UNKNOWN,,opus_tatoeba_v2023-04-12_maori_tatoeba_raw,
tatoeba_maori_tatoeba_raw,393,5.0,i,i,UNKNOWN,,opus_tatoeba_v2023-04-12_maori_tatoeba_raw,
tatoeba_maori_tatoeba_raw,393,6.0,ko,konei,UNKNOWN,,opus_tatoeba_v2023-04-12_maori_tatoeba_raw,konei
tatoeba_maori_tatoeba_raw,393,6.1,nei,konei,UNKNOWN,,opus_tatoeba_v2023-04-12_maori_tatoeba_raw,konei
tatoeba_maori_tatoeba_raw,394,1.0,i,i,UNKNOWN,,opus_tatoeba_v2023-04-12_maori_tatoeba_raw,
tatoeba_maori_tatoeba_raw,394,2.0,ka,kaha,UNKNOWN,,opus_tatoeba_v2023-04-12_maori_tatoeba_raw,kaha
tatoeba_maori_tatoeba_raw,394,2.1,ha,kaha,UNKNOWN,,opus_tatoeba_v2023-04-12_maori_tatoeba_raw,kaha
tatoeba_maori_tatoeba_raw,394,3.0,taku,taku,UNKNOWN,,opus_tatoeba_v2023-04-12_maori_tatoeba_raw,
tatoeba_maori_tatoeba_raw,394,4.0,o,oma,UNKNOWN,,opus_tatoeba_v2023-04-12_maori_tatoeba_raw,oma
tatoeba_maori_tatoeba_raw,394,4.1,ma,oma,UNKNOWN,,opus_tatoeba_v2023-04-12_maori_tatoeba_raw,oma
tatoeba_maori_tatoeba_raw,394,5.0,e,engari,UNKNOWN,,opus_tatoeba_v2023-04-12_maori_tatoeba_raw,engari
tatoeba_maori_tatoeba_raw,394,5.1,ngari,engari,UNKNOWN,,opus_tatoeba_v2023-04-12_maori_tatoeba_raw,engari
tatoeba_maori_tatoeba_raw,394,6.0,i,i,UNKNOWN,,opus_tatoeba_v2023-04-12_maori_tatoeba_raw,
tatoeba_maori_tatoeba_raw,394,7.0,mahue,mahue,UNKNOWN,,opus_tatoeba_v2023-04-12_maori_tatoeba_raw,
tatoeba_maori_tatoeba_raw,394,8.0,ahau,ahau,UNKNOWN,,opus_tatoeba_v2023-04-12_maori_tatoeba_raw,
tatoeba_maori_tatoeba_raw,394,9.0,i,i,UNKNOWN,,opus_tatoeba_v2023-04-12_maori_tatoeba_raw,
tatoeba_maori_tatoeba_raw,394,10.0,te,te,UNKNOWN,,opus_tatoeba_v2023-04-12_maori_tatoeba_raw,
tatoeba_maori_tatoeba_raw,394,11.0,te,tereina,UNKNOWN,,opus_tatoeba_v2023-04-12_maori_tatoeba_raw,tereina
tatoeba_maori_tatoeba_raw,394,11.1,reina,tereina,UNKNOWN,,opus_tatoeba_v2023-04-12_maori_tatoeba_raw,tereina
tatoeba_maori_tatoeba_raw,395,1.0,kī,kī,UNKNOWN,,opus_tatoeba_v2023-04-12_maori_tatoeba_raw,
tatoeba_maori_tatoeba_raw,395,2.0,atu,atu,UNKNOWN,,opus_tatoeba_v2023-04-12_maori_tatoeba_raw,
tatoeba_maori_tatoeba_raw,395,3.0,ki,ki,UNKNOWN,,opus_tatoeba_v2023-04-12_maori_tatoeba_raw,
tatoeba_maori_tatoeba_raw,395,4.0,a,a,UNKNOWN,,opus_tatoeba_v2023-04-12_maori_tatoeba_raw,
tatoeba_maori_tatoeba_raw,395,5.0,rātou,rātou,UNKNOWN,,opus_tatoeba_v2023-04-12_maori_tatoeba_raw,
tatoeba_maori_tatoeba_raw,395,6.0,he,he,UNKNOWN,,opus_tatoeba_v2023-04-12_maori_tatoeba_raw,
tatoeba_maori_tatoeba_raw,395,7.0,me,mea,UNKNOWN,,opus_tatoeba_v2023-04-12_maori_tatoeba_raw,mea
tatoeba_maori_tatoeba_raw,395,7.1,a,mea,UNKNOWN,,opus_tatoeba_v2023-04-12_maori_tatoeba_raw,mea
tatoeba_maori_tatoeba_raw,395,8.0,nui,nui,UNKNOWN,,opus_tatoeba_v2023-04-12_maori_tatoeba_raw,
tatoeba_maori_tatoeba_raw,396,1.0,kī,kī,UNKNOWN,,opus_tatoeba_v2023-04-12_maori_tatoeba_raw,
tatoeba_maori_tatoeba_raw,396,2.0,atu,atu,UNKNOWN,,opus_tatoeba_v2023-04-12_maori_tatoeba_raw,
tatoeba_maori_tatoeba_raw,396,3.0,ki,ki,UNKNOWN,,opus_tatoeba_v2023-04-12_maori_tatoeba_raw,
tatoeba_maori_tatoeba_raw,396,4.0,a,a,UNKNOWN,,opus_tatoeba_v2023-04-12_maori_tatoeba_raw,
tatoeba_maori_tatoeba_raw,396,5.0,rāua,rāua,UNKNOWN,,opus_tatoeba_v2023-04-12_maori_tatoeba_raw,
tatoeba_maori_tatoeba_raw,396,6.0,he,he,UNKNOWN,,opus_tatoeba_v2023-04-12_maori_tatoeba_raw,
tatoeba_maori_tatoeba_raw,396,7.0,me,mea,UNKNOWN,,opus_tatoeba_v2023-04-12_maori_tatoeba_raw,mea
tatoeba_maori_tatoeba_raw,396,7.1,a,mea,UNKNOWN,,opus_tatoeba_v2023-04-12_maori_tatoeba_raw,mea
tatoeba_maori_tatoeba_raw,396,8.0,nui,nui,UNKNOWN,,opus_tatoeba_v2023-04-12_maori_tatoeba_raw,
tatoeba_maori_tatoeba_raw,397,1.0,i,i,UNKNOWN,,opus_tatoeba_v2023-04-12_maori_tatoeba_raw,
tatoeba_maori_tatoeba_raw,397,2.0,tautohetohe,tautohetohe,UNKNOWN,,opus_tatoeba_v2023-04-12_maori_tatoeba_raw,
tatoeba_maori_tatoeba_raw,397,3.0,ahau,ahau,UNKNOWN,,opus_tatoeba_v2023-04-12_maori_tatoeba_raw,
tatoeba_maori_tatoeba_raw,397,4.0,ki,ki,UNKNOWN,,opus_tatoeba_v2023-04-12_maori_tatoeba_raw,
tatoeba_maori_tatoeba_raw,397,5.0,a,a,UNKNOWN,,opus_tatoeba_v2023-04-12_maori_tatoeba_raw,
tatoeba_maori_tatoeba_raw,397,6.0,i,ia,UNKNOWN,,opus_tatoeba_v2023-04-12_maori_tatoeba_raw,ia
tatoeba_maori_tatoeba_raw,397,6.1,a,ia,UNKNOWN,,opus_tatoeba_v2023-04-12_maori_tatoeba_raw,ia
tatoeba_maori_tatoeba_raw,398,1.0,nau,nau,UNKNOWN,,opus_tatoeba_v2023-04-12_maori_tatoeba_raw,
tatoeba_maori_tatoeba_raw,398,2.0,mai,mai,UNKNOWN,,opus_tatoeba_v2023-04-12_maori_tatoeba_raw,
tatoeba_maori_tatoeba_raw,398,3.0,ki,ki,UNKNOWN,,opus_tatoeba_v2023-04-12_maori_tatoeba_raw,
tatoeba_maori_tatoeba_raw,398,4.0,tatoeba,tatoeba,UNKNOWN,,opus_tatoeba_v2023-04-12_maori_tatoeba_raw,
tatoeba_maori_tatoeba_raw,399,1.0,he,he,UNKNOWN,,opus_tatoeba_v2023-04-12_maori_tatoeba_raw,
tatoeba_maori_tatoeba_raw,399,2.0,mōrearea,mōrearea,UNKNOWN,,opus_tatoeba_v2023-04-12_maori_tatoeba_raw,
tatoeba_maori_tatoeba_raw,399,3.0,te,te,UNKNOWN,,opus_tatoeba_v2023-04-12_maori_tatoeba_raw,
tatoeba_maori_tatoeba_raw,399,4.0,haere,haere,UNKNOWN,,opus_tatoeba_v2023-04-12_maori_tatoeba_raw,
tatoeba_maori_tatoeba_raw,399,5.0,i,i,UNKNOWN,,opus_tatoeba_v2023-04-12_maori_tatoeba_raw,
tatoeba_maori_tatoeba_raw,399,6.0,te,te,UNKNOWN,,opus_tatoeba_v2023-04-12_maori_tatoeba_raw,
tatoeba_maori_tatoeba_raw,399,7.0,tuarangi,tuarangi,UNKNOWN,,opus_tatoeba_v2023-04-12_maori_tatoeba_raw,
tatoeba_maori_tatoeba_raw,400,1.0,mā,māueue,UNKNOWN,,opus_tatoeba_v2023-04-12_maori_tatoeba_raw,māueue
tatoeba_maori_tatoeba_raw,400,1.1,ueue,māueue,UNKNOWN,,opus_tatoeba_v2023-04-12_maori_tatoeba_raw,māueue
tatoeba_maori_tatoeba_raw,400,2.0,ana,ana,UNKNOWN,,opus_tatoeba_v2023-04-12_maori_tatoeba_raw,
tatoeba_maori_tatoeba_raw,400,3.0,ahau,ahau,UNKNOWN,,opus_tatoeba_v2023-04-12_maori_tatoeba_raw,
tatoeba_maori_tatoeba_raw,400,4.0,i,i,UNKNOWN,,opus_tatoeba_v2023-04-12_maori_tatoeba_raw,
tatoeba_maori_tatoeba_raw,400,5.0,te,te,UNKNOWN,,opus_tatoeba_v2023-04-12_maori_tatoeba_raw,
tatoeba_maori_tatoeba_raw,400,6.0,whakaaro,whakaaro,UNKNOWN,,opus_tatoeba_v2023-04-12_maori_tatoeba_raw,
tatoeba_maori_tatoeba_raw,401,1.0,e,e,UNKNOWN,,opus_tatoeba_v2023-04-12_maori_tatoeba_raw,
tatoeba_maori_tatoeba_raw,401,2.0,pīrangi,pīrangi,UNKNOWN,,opus_tatoeba_v2023-04-12_maori_tatoeba_raw,
tatoeba_maori_tatoeba_raw,401,3.0,ana,ana,UNKNOWN,,opus_tatoeba_v2023-04-12_maori_tatoeba_raw,
tatoeba_maori_tatoeba_raw,401,4.0,ko,koe,UNKNOWN,,opus_tatoeba_v2023-04-12_maori_tatoeba_raw,koe
tatoeba_maori_tatoeba_raw,401,4.1,e,koe,UNKNOWN,,opus_tatoeba_v2023-04-12_maori_tatoeba_raw,koe
tatoeba_maori_tatoeba_raw,401,5.0,ki,ki,UNKNOWN,,opus_tatoeba_v2023-04-12_maori_tatoeba_raw,
tatoeba_maori_tatoeba_raw,401,6.0,ētahi,ētahi,UNKNOWN,,opus_tatoeba_v2023-04-12_maori_tatoeba_raw,
tatoeba_maori_tatoeba_raw,401,7.0,tohutohu,tohutohu,UNKNOWN,,opus_tatoeba_v2023-04-12_maori_tatoeba_raw,
tatoeba_maori_tatoeba_raw,401,8.0,utukore,utukore,UNKNOWN,,opus_tatoeba_v2023-04-12_maori_tatoeba_raw,
tatoeba_maori_tatoeba_raw,402,1.0,kāore,kāore,UNKNOWN,,opus_tatoeba_v2023-04-12_maori_tatoeba_raw,
tatoeba_maori_tatoeba_raw,402,2.0,i,i,UNKNOWN,,opus_tatoeba_v2023-04-12_maori_tatoeba_raw,
tatoeba_maori_tatoeba_raw,402,3.0,te,te,UNKNOWN,,opus_tatoeba_v2023-04-12_maori_tatoeba_raw,
tatoeba_maori_tatoeba_raw,402,4.0,me,mea,UNKNOWN,,opus_tatoeba_v2023-04-12_maori_tatoeba_raw,mea
tatoeba_maori_tatoeba_raw,402,4.1,a,mea,UNKNOWN,,opus_tatoeba_v2023-04-12_maori_tatoeba_raw,mea
tatoeba_maori_tatoeba_raw,402,5.0,whakamataku,whakamataku,UNKNOWN,,opus_tatoeba_v2023-04-12_maori_tatoeba_raw,
tatoeba_maori_tatoeba_raw,402,6.0,ko,ko,UNKNOWN,,opus_tatoeba_v2023-04-12_maori_tatoeba_raw,
tatoeba_maori_tatoeba_raw,402,7.0,te,te,UNKNOWN,,opus_tatoeba_v2023-04-12_maori_tatoeba_raw,
tatoeba_maori_tatoeba_raw,402,8.0,mahi,mahi,UNKNOWN,,opus_tatoeba_v2023-04-12_maori_tatoeba_raw,
tatoeba_maori_tatoeba_raw,402,9.0,tā,tā,UNKNOWN,,opus_tatoeba_v2023-04-12_maori_tatoeba_raw,
tatoeba_maori_tatoeba_raw,402,10.0,ngā,ngā,UNKNOWN,,opus_tatoeba_v2023-04-12_maori_tatoeba_raw,
tatoeba_maori_tatoeba_raw,402,11.0,rata,rata,UNKNOWN,,opus_tatoeba_v2023-04-12_maori_tatoeba_raw,
tatoeba_maori_tatoeba_raw,402,12.0,e,e,UNKNOWN,,opus_tatoeba_v2023-04-12_maori_tatoeba_raw,
tatoeba_maori_tatoeba_raw,402,13.0,mahi,mahi,UNKNOWN,,opus_tatoeba_v2023-04-12_maori_tatoeba_raw,
tatoeba_maori_tatoeba_raw,402,14.0,ana,ana,UNKNOWN,,opus_tatoeba_v2023-04-12_maori_tatoeba_raw,
tatoeba_maori_tatoeba_raw,402,15.0,e,e,UNKNOWN,,opus_tatoeba_v2023-04-12_maori_tatoeba_raw,
tatoeba_maori_tatoeba_raw,402,16.0,kīia,kīia,UNKNOWN,,opus_tatoeba_v2023-04-12_maori_tatoeba_raw,
tatoeba_maori_tatoeba_raw,402,17.0,ana,ana,UNKNOWN,,opus_tatoeba_v2023-04-12_maori_tatoeba_raw,
tatoeba_maori_tatoeba_raw,402,18.0,ko,ko,UNKNOWN,,opus_tatoeba_v2023-04-12_maori_tatoeba_raw,
tatoeba_maori_tatoeba_raw,402,19.0,te,te,UNKNOWN,,opus_tatoeba_v2023-04-12_maori_tatoeba_raw,
tatoeba_maori_tatoeba_raw,402,20.0,'parakitihi','parakitihi',UNKNOWN,,opus_tatoeba_v2023-04-12_maori_tatoeba_raw,
tatoeba_maori_tatoeba_raw,403,1.0,i,i,UNKNOWN,,opus_tatoeba_v2023-04-12_maori_tatoeba_raw,
tatoeba_maori_tatoeba_raw,403,2.0,ki,kihia,UNKNOWN,,opus_tatoeba_v2023-04-12_maori_tatoeba_raw,kihia
tatoeba_maori_tatoeba_raw,403,2.1,hia,kihia,UNKNOWN,,opus_tatoeba_v2023-04-12_maori_tatoeba_raw,kihia
tatoeba_maori_tatoeba_raw,403,3.0,ko,koe,UNKNOWN,,opus_tatoeba_v2023-04-12_maori_tatoeba_raw,koe
tatoeba_maori_tatoeba_raw,403,3.1,e,koe,UNKNOWN,,opus_tatoeba_v2023-04-12_maori_tatoeba_raw,koe
tatoeba_maori_tatoeba_raw,403,4.0,e,e,UNKNOWN,,opus_tatoeba_v2023-04-12_maori_tatoeba_raw,
tatoeba_maori_tatoeba_raw,403,5.0,i,ia,UNKNOWN,,opus_tatoeba_v2023-04-12_maori_tatoeba_raw,ia
tatoeba_maori_tatoeba_raw,403,5.1,a,ia,UNKNOWN,,opus_tatoeba_v2023-04-12_maori_tatoeba_raw,ia
tatoeba_maori_tatoeba_raw,403,6.0,ki,ki,UNKNOWN,,opus_tatoeba_v2023-04-12_maori_tatoeba_raw,
tatoeba_maori_tatoeba_raw,403,7.0,he,hea,UNKNOWN,,opus_tatoeba_v2023-04-12_maori_tatoeba_raw,hea
tatoeba_maori_tatoeba_raw,403,7.1,a,hea,UNKNOWN,,opus_tatoeba_v2023-04-12_maori_tatoeba_raw,hea
tatoeba_maori_tatoeba_raw,404,1.0,ki,ki,UNKNOWN,,opus_tatoeba_v2023-04-12_maori_tatoeba_raw,
tatoeba_maori_tatoeba_raw,404,2.0,ōku,ōku,UNKNOWN,,opus_tatoeba_v2023-04-12_maori_tatoeba_raw,
tatoeba_maori_tatoeba_raw,404,3.0,ngutu,ngutu,UNKNOWN,,opus_tatoeba_v2023-04-12_maori_tatoeba_raw,
tatoeba_maori_tatoeba_raw,405,1.0,ka,kao,UNKNOWN,,opus_tatoeba_v2023-04-12_maori_tatoeba_raw,kao
tatoeba_maori_tatoeba_raw,405,1.1,o,kao,UNKNOWN,,opus_tatoeba_v2023-04-12_maori_tatoeba_raw,kao
tatoeba_maori_tatoeba_raw,405,2.0,me,me,UNKNOWN,,opus_tatoeba_v2023-04-12_maori_tatoeba_raw,
tatoeba_maori_tatoeba_raw,405,3.0,kī,kī,UNKNOWN,,opus_tatoeba_v2023-04-12_maori_tatoeba_raw,
tatoeba_maori_tatoeba_raw,405,4.0,i,i,UNKNOWN,,opus_tatoeba_v2023-04-12_maori_tatoeba_raw,
tatoeba_maori_tatoeba_raw,405,5.0,he,hea,UNKNOWN,,opus_tatoeba_v2023-04-12_maori_tatoeba_raw,hea
tatoeba_maori_tatoeba_raw,405,5.1,a,hea,UNKNOWN,,opus_tatoeba_v2023-04-12_maori_tatoeba_raw,hea
tatoeba_maori_tatoeba_raw,405,6.0,ko,koe,UNKNOWN,,opus_tatoeba_v2023-04-12_maori_tatoeba_raw,koe
tatoeba_maori_tatoeba_raw,405,6.1,e,koe,UNKNOWN,,opus_tatoeba_v2023-04-12_maori_tatoeba_raw,koe
tatoeba_maori_tatoeba_raw,405,7.0,i,i,UNKNOWN,,opus_tatoeba_v2023-04-12_maori_tatoeba_raw,
tatoeba_maori_tatoeba_raw,405,8.0,te,te,UNKNOWN,,opus_tatoeba_v2023-04-12_maori_tatoeba_raw,
tatoeba_maori_tatoeba_raw,405,9.0,wā,wā,UNKNOWN,,opus_tatoeba_v2023-04-12_maori_tatoeba_raw,
tatoeba_maori_tatoeba_raw,405,10.0,i,i,UNKNOWN,,opus_tatoeba_v2023-04-12_maori_tatoeba_raw,
tatoeba_maori_tatoeba_raw,405,11.0,ki,kihia,UNKNOWN,,opus_tatoeba_v2023-04-12_maori_tatoeba_raw,kihia
tatoeba_maori_tatoeba_raw,405,11.1,hia,kihia,UNKNOWN,,opus_tatoeba_v2023-04-12_maori_tatoeba_raw,kihia
tatoeba_maori_tatoeba_raw,405,12.0,ai,ai,UNKNOWN,,opus_tatoeba_v2023-04-12_maori_tatoeba_raw,
tatoeba_maori_tatoeba_raw,405,13.0,ko,koe,UNKNOWN,,opus_tatoeba_v2023-04-12_maori_tatoeba_raw,koe
tatoeba_maori_tatoeba_raw,405,13.1,e,koe,UNKNOWN,,opus_tatoeba_v2023-04-12_maori_tatoeba_raw,koe
tatoeba_maori_tatoeba_raw,405,14.0,e,e,UNKNOWN,,opus_tatoeba_v2023-04-12_maori_tatoeba_raw,
tatoeba_maori_tatoeba_raw,405,15.0,i,ia,UNKNOWN,,opus_tatoeba_v2023-04-12_maori_tatoeba_raw,ia
tatoeba_maori_tatoeba_raw,405,15.1,a,ia,UNKNOWN,,opus_tatoeba_v2023-04-12_maori_tatoeba_raw,ia
tatoeba_maori_tatoeba_raw,406,1.0,kāore,kāore,UNKNOWN,,opus_tatoeba_v2023-04-12_maori_tatoeba_raw,
tatoeba_maori_tatoeba_raw,406,2.0,au,au,UNKNOWN,,opus_tatoeba_v2023-04-12_maori_tatoeba_raw,
tatoeba_maori_tatoeba_raw,406,3.0,i,i,UNKNOWN,,opus_tatoeba_v2023-04-12_maori_tatoeba_raw,
tatoeba_maori_tatoeba_raw,406,4.0,te,te,UNKNOWN,,opus_tatoeba_v2023-04-12_maori_tatoeba_raw,
tatoeba_maori_tatoeba_raw,406,5.0,whakamā,whakamā,UNKNOWN,,opus_tatoeba_v2023-04-12_maori_tatoeba_raw,
tatoeba_maori_tatoeba_raw,406,6.0,i,i,UNKNOWN,,opus_tatoeba_v2023-04-12_maori_tatoeba_raw,
tatoeba_maori_tatoeba_raw,406,7.0,tēnei,tēnei,UNKNOWN,,opus_tatoeba_v2023-04-12_maori_tatoeba_raw,
tatoeba_maori_tatoeba_raw,407,1.0,e,e,UNKNOWN,,opus_tatoeba_v2023-04-12_maori_tatoeba_raw,
tatoeba_maori_tatoeba_raw,407,2.0,whakahurihia,whakahurihia,UNKNOWN,,opus_tatoeba_v2023-04-12_maori_tatoeba_raw,
tatoeba_maori_tatoeba_raw,407,3.0,ana,ana,UNKNOWN,,opus_tatoeba_v2023-04-12_maori_tatoeba_raw,
tatoeba_maori_tatoeba_raw,407,4.0,ngā,ngā,UNKNOWN,,opus_tatoeba_v2023-04-12_maori_tatoeba_raw,
tatoeba_maori_tatoeba_raw,407,5.0,ā,ākonga,UNKNOWN,,opus_tatoeba_v2023-04-12_maori_tatoeba_raw,ākonga
tatoeba_maori_tatoeba_raw,407,5.1,konga,ākonga,UNKNOWN,,opus_tatoeba_v2023-04-12_maori_tatoeba_raw,ākonga
tatoeba_maori_tatoeba_raw,407,6.0,e,e,UNKNOWN,,opus_tatoeba_v2023-04-12_maori_tatoeba_raw,
tatoeba_maori_tatoeba_raw,407,7.0,te,te,UNKNOWN,,opus_tatoeba_v2023-04-12_maori_tatoeba_raw,
tatoeba_maori_tatoeba_raw,407,8.0,pūnaha,pūnaha,UNKNOWN,,opus_tatoeba_v2023-04-12_maori_tatoeba_raw,
tatoeba_maori_tatoeba_raw,407,9.0,mā,mātauranga,UNKNOWN,,opus_tatoeba_v2023-04-12_maori_tatoeba_raw,mātauranga
tatoeba_maori_tatoeba_raw,407,9.1,tauranga,mātauranga,UNKNOWN,,opus_tatoeba_v2023-04-12_maori_tatoeba_raw,mātauranga
tatoeba_maori_tatoeba_raw,407,10.0,he,hei,UNKNOWN,,opus_tatoeba_v2023-04-12_maori_tatoeba_raw,hei
tatoeba_maori_tatoeba_raw,407,10.1,i,hei,UNKNOWN,,opus_tatoeba_v2023-04-12_maori_tatoeba_raw,hei
tatoeba_maori_tatoeba_raw,407,11.0,ka,karetao,UNKNOWN,,opus_tatoeba_v2023-04-12_maori_tatoeba_raw,karetao
tatoeba_maori_tatoeba_raw,407,11.1,retao,karetao,UNKNOWN,,opus_tatoeba_v2023-04-12_maori_tatoeba_raw,karetao
tatoeba_maori_tatoeba_raw,408,1.0,kāore,kāore,UNKNOWN,,opus_tatoeba_v2023-04-12_maori_tatoeba_raw,
tatoeba_maori_tatoeba_raw,408,2.0,i,i,UNKNOWN,,opus_tatoeba_v2023-04-12_maori_tatoeba_raw,
tatoeba_maori_tatoeba_raw,408,3.0,ki,kitea,UNKNOWN,,opus_tatoeba_v2023-04-12_maori_tatoeba_raw,kitea
tatoeba_maori_tatoeba_raw,408,3.1,tea,kitea,UNKNOWN,,opus_tatoeba_v2023-04-12_maori_tatoeba_raw,kitea
tatoeba_maori_tatoeba_raw,408,4.0,te,te,UNKNOWN,,opus_tatoeba_v2023-04-12_maori_tatoeba_raw,
tatoeba_maori_tatoeba_raw,408,5.0,tūpāpaku,tūpāpaku,UNKNOWN,,opus_tatoeba_v2023-04-12_maori_tatoeba_raw,
tatoeba_maori_tatoeba_raw,408,6.0,e,e,UNKNOWN,,opus_tatoeba_v2023-04-12_maori_tatoeba_raw,
tatoeba_maori_tatoeba_raw,408,7.0,ngā,ngā,UNKNOWN,,opus_tatoeba_v2023-04-12_maori_tatoeba_raw,
tatoeba_maori_tatoeba_raw,408,8.0,pirihimana,pirihimana,UNKNOWN,,opus_tatoeba_v2023-04-12_maori_tatoeba_raw,
tatoeba_maori_tatoeba_raw,409,1.0,e,e,UNKNOWN,,opus_tatoeba_v2023-04-12_maori_tatoeba_raw,
tatoeba_maori_tatoeba_raw,409,2.0,mōhio,mōhio,UNKNOWN,,opus_tatoeba_v2023-04-12_maori_tatoeba_raw,
tatoeba_maori_tatoeba_raw,409,3.0,ana,ana,UNKNOWN,,opus_tatoeba_v2023-04-12_maori_tatoeba_raw,
tatoeba_maori_tatoeba_raw,409,4.0,tātou,tātou,UNKNOWN,,opus_tatoeba_v2023-04-12_maori_tatoeba_raw,
tatoeba_maori_tatoeba_raw,409,5.0,he,he,UNKNOWN,,opus_tatoeba_v2023-04-12_maori_tatoeba_raw,
tatoeba_maori_tatoeba_raw,409,6.0,nui,nui,UNKNOWN,,opus_tatoeba_v2023-04-12_maori_tatoeba_raw,
tatoeba_maori_tatoeba_raw,409,7.0,ake,ake,UNKNOWN,,opus_tatoeba_v2023-04-12_maori_tatoeba_raw,
tatoeba_maori_tatoeba_raw,409,8.0,te,te,UNKNOWN,,opus_tatoeba_v2023-04-12_maori_tatoeba_raw,
tatoeba_maori_tatoeba_raw,409,9.0,rā,rā,UNKNOWN,,opus_tatoeba_v2023-04-12_maori_tatoeba_raw,
tatoeba_maori_tatoeba_raw,409,10.0,i,i,UNKNOWN,,opus_tatoeba_v2023-04-12_maori_tatoeba_raw,
tatoeba_maori_tatoeba_raw,409,11.0,te,te,UNKNOWN,,opus_tatoeba_v2023-04-12_maori_tatoeba_raw,
tatoeba_maori_tatoeba_raw,409,12.0,ao,ao,UNKNOWN,,opus_tatoeba_v2023-04-12_maori_tatoeba_raw,
tatoeba_maori_tatoeba_raw,409,13.0,nei,nei,UNKNOWN,,opus_tatoeba_v2023-04-12_maori_tatoeba_raw,
tatoeba_maori_tatoeba_raw,410,1.0,i,i,UNKNOWN,,opus_tatoeba_v2023-04-12_maori_tatoeba_raw,
tatoeba_maori_tatoeba_raw,410,2.0,horomititia,horomititia,UNKNOWN,,opus_tatoeba_v2023-04-12_maori_tatoeba_raw,
tatoeba_maori_tatoeba_raw,410,3.0,te,te,UNKNOWN,,opus_tatoeba_v2023-04-12_maori_tatoeba_raw,
tatoeba_maori_tatoeba_raw,410,4.0,nā,nākahi,UNKNOWN,,opus_tatoeba_v2023-04-12_maori_tatoeba_raw,nākahi
tatoeba_maori_tatoeba_raw,410,4.1,kahi,nākahi,UNKNOWN,,opus_tatoeba_v2023-04-12_maori_tatoeba_raw,nākahi
tatoeba_maori_tatoeba_raw,410,5.0,e,e,UNKNOWN,,opus_tatoeba_v2023-04-12_maori_tatoeba_raw,
tatoeba_maori_tatoeba_raw,410,6.0,te,te,UNKNOWN,,opus_tatoeba_v2023-04-12_maori_tatoeba_raw,
tatoeba_maori_tatoeba_raw,410,7.0,nā,nākahi,UNKNOWN,,opus_tatoeba_v2023-04-12_maori_tatoeba_raw,nākahi
tatoeba_maori_tatoeba_raw,410,7.1,kahi,nākahi,UNKNOWN,,opus_tatoeba_v2023-04-12_maori_tatoeba_raw,nākahi
tatoeba_maori_tatoeba_raw,410,8.0,nui,nui,UNKNOWN,,opus_tatoeba_v2023-04-12_maori_tatoeba_raw,
tatoeba_maori_tatoeba_raw,410,9.0,ake,ake,UNKNOWN,,opus_tatoeba_v2023-04-12_maori_tatoeba_raw,
tatoeba_maori_tatoeba_raw,411,1.0,kāore,kāore,UNKNOWN,,opus_tatoeba_v2023-04-12_maori_tatoeba_raw,
tatoeba_maori_tatoeba_raw,411,2.0,i,i,UNKNOWN,,opus_tatoeba_v2023-04-12_maori_tatoeba_raw,
tatoeba_maori_tatoeba_raw,411,3.0,ngā,ngā,UNKNOWN,,opus_tatoeba_v2023-04-12_maori_tatoeba_raw,
tatoeba_maori_tatoeba_raw,411,4.0,pirihimana,pirihimana,UNKNOWN,,opus_tatoeba_v2023-04-12_maori_tatoeba_raw,
tatoeba_maori_tatoeba_raw,411,5.0,he,he,UNKNOWN,,opus_tatoeba_v2023-04-12_maori_tatoeba_raw,
tatoeba_maori_tatoeba_raw,411,6.0,taunakitanga,taunakitanga,UNKNOWN,,opus_tatoeba_v2023-04-12_maori_tatoeba_raw,
tatoeba_maori_tatoeba_raw,411,7.0,he,hei,UNKNOWN,,opus_tatoeba_v2023-04-12_maori_tatoeba_raw,hei
tatoeba_maori_tatoeba_raw,411,7.1,i,hei,UNKNOWN,,opus_tatoeba_v2023-04-12_maori_tatoeba_raw,hei
tatoeba_maori_tatoeba_raw,411,8.0,whakatūturu,whakatūturu,UNKNOWN,,opus_tatoeba_v2023-04-12_maori_tatoeba_raw,
tatoeba_maori_tatoeba_raw,411,9.0,i,i,UNKNOWN,,opus_tatoeba_v2023-04-12_maori_tatoeba_raw,
tatoeba_maori_tatoeba_raw,411,10.0,tērā,tērā,UNKNOWN,,opus_tatoeba_v2023-04-12_maori_tatoeba_raw,
tatoeba_maori_tatoeba_raw,412,1.0,he,he,UNKNOWN,,opus_tatoeba_v2023-04-12_maori_tatoeba_raw,
tatoeba_maori_tatoeba_raw,412,2.0,tino,tino,UNKNOWN,,opus_tatoeba_v2023-04-12_maori_tatoeba_raw,
tatoeba_maori_tatoeba_raw,412,3.0,nui,nui,UNKNOWN,,opus_tatoeba_v2023-04-12_maori_tatoeba_raw,
tatoeba_maori_tatoeba_raw,412,4.0,ēnei,ēnei,UNKNOWN,,opus_tatoeba_v2023-04-12_maori_tatoeba_raw,
tatoeba_maori_tatoeba_raw,412,5.0,ā,āporo,UNKNOWN,,opus_tatoeba_v2023-04-12_maori_tatoeba_raw,āporo
tatoeba_maori_tatoeba_raw,412,5.1,poro,āporo,UNKNOWN,,opus_tatoeba_v2023-04-12_maori_tatoeba_raw,āporo
tatoeba_maori_tatoeba_raw,413,1.0,he,he,UNKNOWN,,opus_tatoeba_v2023-04-12_maori_tatoeba_raw,
tatoeba_maori_tatoeba_raw,413,2.0,pārae,pārae,UNKNOWN,,opus_tatoeba_v2023-04-12_maori_tatoeba_raw,
tatoeba_maori_tatoeba_raw,413,3.0,raihi,raihi,UNKNOWN,,opus_tatoeba_v2023-04-12_maori_tatoeba_raw,
tatoeba_maori_tatoeba_raw,413,4.0,tino,tino,UNKNOWN,,opus_tatoeba_v2023-04-12_maori_tatoeba_raw,
tatoeba_maori_tatoeba_raw,413,5.0,nui,nui,UNKNOWN,,opus_tatoeba_v2023-04-12_maori_tatoeba_raw,
tatoeba_maori_tatoeba_raw,413,6.0,e,e,UNKNOWN,,opus_tatoeba_v2023-04-12_maori_tatoeba_raw,
tatoeba_maori_tatoeba_raw,413,7.0,ka,karapoti,UNKNOWN,,opus_tatoeba_v2023-04-12_maori_tatoeba_raw,karapoti
tatoeba_maori_tatoeba_raw,413,7.1,rapoti,karapoti,UNKNOWN,,opus_tatoeba_v2023-04-12_maori_tatoeba_raw,karapoti
tatoeba_maori_tatoeba_raw,413,8.0,ana,ana,UNKNOWN,,opus_tatoeba_v2023-04-12_maori_tatoeba_raw,
tatoeba_maori_tatoeba_raw,413,9.0,i,i,UNKNOWN,,opus_tatoeba_v2023-04-12_maori_tatoeba_raw,
tatoeba_maori_tatoeba_raw,413,10.0,te,te,UNKNOWN,,opus_tatoeba_v2023-04-12_maori_tatoeba_raw,
tatoeba_maori_tatoeba_raw,413,11.0,taone,taone,UNKNOWN,,opus_tatoeba_v2023-04-12_maori_tatoeba_raw,
tatoeba_maori_tatoeba_raw,414,1.0,he,he,UNKNOWN,,opus_tatoeba_v2023-04-12_maori_tatoeba_raw,
tatoeba_maori_tatoeba_raw,414,2.0,peita,peita,UNKNOWN,,opus_tatoeba_v2023-04-12_maori_tatoeba_raw,
tatoeba_maori_tatoeba_raw,414,3.0,ki,kikorangi,UNKNOWN,,opus_tatoeba_v2023-04-12_maori_tatoeba_raw,kikorangi
tatoeba_maori_tatoeba_raw,414,3.1,korangi,kikorangi,UNKNOWN,,opus_tatoeba_v2023-04-12_maori_tatoeba_raw,kikorangi
tatoeba_maori_tatoeba_raw,414,4.0,e,e,UNKNOWN,,opus_tatoeba_v2023-04-12_maori_tatoeba_raw,
tatoeba_maori_tatoeba_raw,414,5.0,hiahiatia,hiahiatia,UNKNOWN,,opus_tatoeba_v2023-04-12_maori_tatoeba_raw,
tatoeba_maori_tatoeba_raw,414,6.0,ana,ana,UNKNOWN,,opus_tatoeba_v2023-04-12_maori_tatoeba_raw,
tatoeba_maori_tatoeba_raw,414,7.0,e,e,UNKNOWN,,opus_tatoeba_v2023-04-12_maori_tatoeba_raw,
tatoeba_maori_tatoeba_raw,414,8.0,au,au,UNKNOWN,,opus_tatoeba_v2023-04-12_maori_tatoeba_raw,
tatoeba_maori_tatoeba_raw,415,1.0,ko,ko,UNKNOWN,,opus_tatoeba_v2023-04-12_maori_tatoeba_raw,
tatoeba_maori_tatoeba_raw,415,2.0,te,te,UNKNOWN,,opus_tatoeba_v2023-04-12_maori_tatoeba_raw,
tatoeba_maori_tatoeba_raw,415,3.0,ā,āhua,UNKNOWN,,opus_tatoeba_v2023-04-12_maori_tatoeba_raw,āhua
tatoeba_maori_tatoeba_raw,415,3.1,hua,āhua,UNKNOWN,,opus_tatoeba_v2023-04-12_maori_tatoeba_raw,āhua
tatoeba_maori_tatoeba_raw,415,4.0,nei,nei,UNKNOWN,,opus_tatoeba_v2023-04-12_maori_tatoeba_raw,
tatoeba_maori_tatoeba_raw,415,5.0,he,he,UNKNOWN,,opus_tatoeba_v2023-04-12_maori_tatoeba_raw,
tatoeba_maori_tatoeba_raw,415,6.0,pakeke,pakeke,UNKNOWN,,opus_tatoeba_v2023-04-12_maori_tatoeba_raw,
tatoeba_maori_tatoeba_raw,415,7.0,ake,ake,UNKNOWN,,opus_tatoeba_v2023-04-12_maori_tatoeba_raw,
tatoeba_maori_tatoeba_raw,415,8.0,a,a,UNKNOWN,,opus_tatoeba_v2023-04-12_maori_tatoeba_raw,
tatoeba_maori_tatoeba_raw,415,9.0,mary,mary,UNKNOWN,,opus_tatoeba_v2023-04-12_maori_tatoeba_raw,
tatoeba_maori_tatoeba_raw,415,10.0,i,i,UNKNOWN,,opus_tatoeba_v2023-04-12_maori_tatoeba_raw,
tatoeba_maori_tatoeba_raw,415,11.0,te,te,UNKNOWN,,opus_tatoeba_v2023-04-12_maori_tatoeba_raw,
tatoeba_maori_tatoeba_raw,415,12.0,rima,rima,UNKNOWN,,opus_tatoeba_v2023-04-12_maori_tatoeba_raw,
tatoeba_maori_tatoeba_raw,415,13.0,te,tekau,UNKNOWN,,opus_tatoeba_v2023-04-12_maori_tatoeba_raw,tekau
tatoeba_maori_tatoeba_raw,415,13.1,kau,tekau,UNKNOWN,,opus_tatoeba_v2023-04-12_maori_tatoeba_raw,tekau
tatoeba_maori_tatoeba_raw,415,14.0,tau,tau,UNKNOWN,,opus_tatoeba_v2023-04-12_maori_tatoeba_raw,
tatoeba_maori_tatoeba_raw,416,1.0,he,he,UNKNOWN,,opus_tatoeba_v2023-04-12_maori_tatoeba_raw,
tatoeba_maori_tatoeba_raw,416,2.0,pakeke,pakeke,UNKNOWN,,opus_tatoeba_v2023-04-12_maori_tatoeba_raw,
tatoeba_maori_tatoeba_raw,416,3.0,ake,ake,UNKNOWN,,opus_tatoeba_v2023-04-12_maori_tatoeba_raw,
tatoeba_maori_tatoeba_raw,416,4.0,a,a,UNKNOWN,,opus_tatoeba_v2023-04-12_maori_tatoeba_raw,
tatoeba_maori_tatoeba_raw,416,5.0,mary,mary,UNKNOWN,,opus_tatoeba_v2023-04-12_maori_tatoeba_raw,
tatoeba_maori_tatoeba_raw,416,6.0,i,i,UNKNOWN,,opus_tatoeba_v2023-04-12_maori_tatoeba_raw,
tatoeba_maori_tatoeba_raw,416,7.0,a,a,UNKNOWN,,opus_tatoeba_v2023-04-12_maori_tatoeba_raw,
tatoeba_maori_tatoeba_raw,416,8.0,au,au,UNKNOWN,,opus_tatoeba_v2023-04-12_maori_tatoeba_raw,
tatoeba_maori_tatoeba_raw,417,1.0,me,me,UNKNOWN,,opus_tatoeba_v2023-04-12_maori_tatoeba_raw,
tatoeba_maori_tatoeba_raw,417,2.0,whakaute,whakaute,UNKNOWN,,opus_tatoeba_v2023-04-12_maori_tatoeba_raw,
tatoeba_maori_tatoeba_raw,417,3.0,te,te,UNKNOWN,,opus_tatoeba_v2023-04-12_maori_tatoeba_raw,
tatoeba_maori_tatoeba_raw,417,4.0,hunga,hunga,UNKNOWN,,opus_tatoeba_v2023-04-12_maori_tatoeba_raw,
tatoeba_maori_tatoeba_raw,417,5.0,rangatahi,rangatahi,UNKNOWN,,opus_tatoeba_v2023-04-12_maori_tatoeba_raw,
tatoeba_maori_tatoeba_raw,417,6.0,i,i,UNKNOWN,,opus_tatoeba_v2023-04-12_maori_tatoeba_raw,
tatoeba_maori_tatoeba_raw,417,7.0,ō,ō,UNKNOWN,,opus_tatoeba_v2023-04-12_maori_tatoeba_raw,
tatoeba_maori_tatoeba_raw,417,8.0,rātou,rātou,UNKNOWN,,opus_tatoeba_v2023-04-12_maori_tatoeba_raw,
tatoeba_maori_tatoeba_raw,417,9.0,ka,kaumātua,UNKNOWN,,opus_tatoeba_v2023-04-12_maori_tatoeba_raw,kaumātua
tatoeba_maori_tatoeba_raw,417,9.1,umātua,kaumātua,UNKNOWN,,opus_tatoeba_v2023-04-12_maori_tatoeba_raw,kaumātua
tatoeba_maori_tatoeba_raw,418,1.0,kāore,kāore,UNKNOWN,,opus_tatoeba_v2023-04-12_maori_tatoeba_raw,
tatoeba_maori_tatoeba_raw,418,2.0,ko,koe,UNKNOWN,,opus_tatoeba_v2023-04-12_maori_tatoeba_raw,koe
tatoeba_maori_tatoeba_raw,418,2.1,e,koe,UNKNOWN,,opus_tatoeba_v2023-04-12_maori_tatoeba_raw,koe
tatoeba_maori_tatoeba_raw,418,3.0,e,e,UNKNOWN,,opus_tatoeba_v2023-04-12_maori_tatoeba_raw,
tatoeba_maori_tatoeba_raw,418,4.0,whakarērea,whakarērea,UNKNOWN,,opus_tatoeba_v2023-04-12_maori_tatoeba_raw,
tatoeba_maori_tatoeba_raw,418,5.0,e,e,UNKNOWN,,opus_tatoeba_v2023-04-12_maori_tatoeba_raw,
tatoeba_maori_tatoeba_raw,418,6.0,ahau,ahau,UNKNOWN,,opus_tatoeba_v2023-04-12_maori_tatoeba_raw,
tatoeba_maori_tatoeba_raw,419,1.0,he,he,UNKNOWN,,opus_tatoeba_v2023-04-12_maori_tatoeba_raw,
tatoeba_maori_tatoeba_raw,419,2.0,aha,aha,UNKNOWN,,opus_tatoeba_v2023-04-12_maori_tatoeba_raw,
tatoeba_maori_tatoeba_raw,419,3.0,te,te,UNKNOWN,,opus_tatoeba_v2023-04-12_maori_tatoeba_raw,
tatoeba_maori_tatoeba_raw,419,4.0,pāmahana,pāmahana,UNKNOWN,,opus_tatoeba_v2023-04-12_maori_tatoeba_raw,
tatoeba_maori_tatoeba_raw,419,5.0,e,e,UNKNOWN,,opus_tatoeba_v2023-04-12_maori_tatoeba_raw,
tatoeba_maori_tatoeba_raw,419,6.0,whakarewaina,whakarewaina,UNKNOWN,,opus_tatoeba_v2023-04-12_maori_tatoeba_raw,
tatoeba_maori_tatoeba_raw,419,7.0,ai,ai,UNKNOWN,,opus_tatoeba_v2023-04-12_maori_tatoeba_raw,
tatoeba_maori_tatoeba_raw,419,8.0,te,te,UNKNOWN,,opus_tatoeba_v2023-04-12_maori_tatoeba_raw,
tatoeba_maori_tatoeba_raw,419,9.0,matā,matā,UNKNOWN,,opus_tatoeba_v2023-04-12_maori_tatoeba_raw,
tatoeba_maori_tatoeba_raw,420,1.0,ko,ko,UNKNOWN,,opus_tatoeba_v2023-04-12_maori_tatoeba_raw,
tatoeba_maori_tatoeba_raw,420,2.0,ricardo,ricardo,UNKNOWN,,opus_tatoeba_v2023-04-12_maori_tatoeba_raw,
tatoeba_maori_tatoeba_raw,420,3.0,ahau,ahau,UNKNOWN,,opus_tatoeba_v2023-04-12_maori_tatoeba_raw,
tatoeba_maori_tatoeba_raw,421,1.0,he,hei,UNKNOWN,,opus_tatoeba_v2023-04-12_maori_tatoeba_raw,hei
tatoeba_maori_tatoeba_raw,421,1.1,i,hei,UNKNOWN,,opus_tatoeba_v2023-04-12_maori_tatoeba_raw,hei
tatoeba_maori_tatoeba_raw,421,2.0,aha,aha,UNKNOWN,,opus_tatoeba_v2023-04-12_maori_tatoeba_raw,
tatoeba_maori_tatoeba_raw,421,3.0,tō,tō,UNKNOWN,,opus_tatoeba_v2023-04-12_maori_tatoeba_raw,
tatoeba_maori_tatoeba_raw,421,4.0,ka,kamakama,UNKNOWN,,opus_tatoeba_v2023-04-12_maori_tatoeba_raw,kamakama
tatoeba_maori_tatoeba_raw,421,4.1,makama,kamakama,UNKNOWN,,opus_tatoeba_v2023-04-12_maori_tatoeba_raw,kamakama
tatoeba_maori_tatoeba_raw,422,1.0,ki,ki,UNKNOWN,,opus_tatoeba_v2023-04-12_maori_tatoeba_raw,
tatoeba_maori_tatoeba_raw,422,2.0,te,te,UNKNOWN,,opus_tatoeba_v2023-04-12_maori_tatoeba_raw,
tatoeba_maori_tatoeba_raw,422,3.0,ko,kore,UNKNOWN,,opus_tatoeba_v2023-04-12_maori_tatoeba_raw,kore
tatoeba_maori_tatoeba_raw,422,3.1,re,kore,UNKNOWN,,opus_tatoeba_v2023-04-12_maori_tatoeba_raw,kore
tatoeba_maori_tatoeba_raw,422,4.0,ko,koe,UNKNOWN,,opus_tatoeba_v2023-04-12_maori_tatoeba_raw,koe
tatoeba_maori_tatoeba_raw,422,4.1,e,koe,UNKNOWN,,opus_tatoeba_v2023-04-12_maori_tatoeba_raw,koe
tatoeba_maori_tatoeba_raw,422,5.0,e,e,UNKNOWN,,opus_tatoeba_v2023-04-12_maori_tatoeba_raw,
tatoeba_maori_tatoeba_raw,422,6.0,pukumahi,pukumahi,UNKNOWN,,opus_tatoeba_v2023-04-12_maori_tatoeba_raw,
tatoeba_maori_tatoeba_raw,422,7.0,e,e,UNKNOWN,,opus_tatoeba_v2023-04-12_maori_tatoeba_raw,
tatoeba_maori_tatoeba_raw,422,8.0,ko,kore,UNKNOWN,,opus_tatoeba_v2023-04-12_maori_tatoeba_raw,kore
tatoeba_maori_tatoeba_raw,422,8.1,re,kore,UNKNOWN,,opus_tatoeba_v2023-04-12_maori_tatoeba_raw,kore
tatoeba_maori_tatoeba_raw,422,9.0,rawa,rawa,UNKNOWN,,opus_tatoeba_v2023-04-12_maori_tatoeba_raw,
tatoeba_maori_tatoeba_raw,422,10.0,ko,koe,UNKNOWN,,opus_tatoeba_v2023-04-12_maori_tatoeba_raw,koe
tatoeba_maori_tatoeba_raw,422,10.1,e,koe,UNKNOWN,,opus_tatoeba_v2023-04-12_maori_tatoeba_raw,koe
tatoeba_maori_tatoeba_raw,422,11.0,e,e,UNKNOWN,,opus_tatoeba_v2023-04-12_maori_tatoeba_raw,
tatoeba_maori_tatoeba_raw,422,12.0,angitu,angitu,UNKNOWN,,opus_tatoeba_v2023-04-12_maori_tatoeba_raw,
tatoeba_maori_tatoeba_raw,423,1.0,i,i,UNKNOWN,,opus_tatoeba_v2023-04-12_maori_tatoeba_raw,
tatoeba_maori_tatoeba_raw,423,2.0,ngana,ngana,UNKNOWN,,opus_tatoeba_v2023-04-12_maori_tatoeba_raw,
tatoeba_maori_tatoeba_raw,423,3.0,ngā,ngā,UNKNOWN,,opus_tatoeba_v2023-04-12_maori_tatoeba_raw,
tatoeba_maori_tatoeba_raw,423,4.0,makimaki,makimaki,UNKNOWN,,opus_tatoeba_v2023-04-12_maori_tatoeba_raw,
tatoeba_maori_tatoeba_raw,423,5.0,ki,ki,UNKNOWN,,opus_tatoeba_v2023-04-12_maori_tatoeba_raw,
tatoeba_maori_tatoeba_raw,423,6.0,te,te,UNKNOWN,,opus_tatoeba_v2023-04-12_maori_tatoeba_raw,
tatoeba_maori_tatoeba_raw,423,7.0,tāhae,tāhae,UNKNOWN,,opus_tatoeba_v2023-04-12_maori_tatoeba_raw,
tatoeba_maori_tatoeba_raw,423,8.0,i,i,UNKNOWN,,opus_tatoeba_v2023-04-12_maori_tatoeba_raw,
tatoeba_maori_tatoeba_raw,423,9.0,ā,ā,UNKNOWN,,opus_tatoeba_v2023-04-12_maori_tatoeba_raw,
tatoeba_maori_tatoeba_raw,423,10.0,mā,mātou,UNKNOWN,,opus_tatoeba_v2023-04-12_maori_tatoeba_raw,mātou
tatoeba_maori_tatoeba_raw,423,10.1,tou,mātou,UNKNOWN,,opus_tatoeba_v2023-04-12_maori_tatoeba_raw,mātou
tatoeba_maori_tatoeba_raw,423,11.0,ka,kai,UNKNOWN,,opus_tatoeba_v2023-04-12_maori_tatoeba_raw,kai
tatoeba_maori_tatoeba_raw,423,11.1,i,kai,UNKNOWN,,opus_tatoeba_v2023-04-12_maori_tatoeba_raw,kai
tatoeba_maori_tatoeba_raw,424,1.0,tahi,tahi,UNKNOWN,,opus_tatoeba_v2023-04-12_maori_tatoeba_raw,
tatoeba_maori_tatoeba_raw,424,2.0,rua,rua,UNKNOWN,,opus_tatoeba_v2023-04-12_maori_tatoeba_raw,
tatoeba_maori_tatoeba_raw,424,3.0,toru,toru,UNKNOWN,,opus_tatoeba_v2023-04-12_maori_tatoeba_raw,
tatoeba_maori_tatoeba_raw,424,4.0,whā,whā,UNKNOWN,,opus_tatoeba_v2023-04-12_maori_tatoeba_raw,
tatoeba_maori_tatoeba_raw,424,5.0,rima,rima,UNKNOWN,,opus_tatoeba_v2023-04-12_maori_tatoeba_raw,
tatoeba_maori_tatoeba_raw,424,6.0,o,ono,UNKNOWN,,opus_tatoeba_v2023-04-12_maori_tatoeba_raw,ono
tatoeba_maori_tatoeba_raw,424,6.1,no,ono,UNKNOWN,,opus_tatoeba_v2023-04-12_maori_tatoeba_raw,ono
tatoeba_maori_tatoeba_raw,424,7.0,whitu,whitu,UNKNOWN,,opus_tatoeba_v2023-04-12_maori_tatoeba_raw,
tatoeba_maori_tatoeba_raw,424,8.0,waru,waru,UNKNOWN,,opus_tatoeba_v2023-04-12_maori_tatoeba_raw,
tatoeba_maori_tatoeba_raw,424,9.0,i,iwa,UNKNOWN,,opus_tatoeba_v2023-04-12_maori_tatoeba_raw,iwa
tatoeba_maori_tatoeba_raw,424,9.1,wa,iwa,UNKNOWN,,opus_tatoeba_v2023-04-12_maori_tatoeba_raw,iwa
tatoeba_maori_tatoeba_raw,424,10.0,te,tekau,UNKNOWN,,opus_tatoeba_v2023-04-12_maori_tatoeba_raw,tekau
tatoeba_maori_tatoeba_raw,424,10.1,kau,tekau,UNKNOWN,,opus_tatoeba_v2023-04-12_maori_tatoeba_raw,tekau
