doc_id,line_id,position,token,source
pos_synthetic,1,1,T00,positional_synthetic_v1
pos_synthetic,1,2,O28,positional_synthetic_v1
pos_synthetic,1,3,N03,positional_synthetic_v1
pos_synthetic,2,1,T01,positional_synthetic_v1
pos_synthetic,2,2,O00,positional_synthetic_v1
pos_synthetic,2,3,T00,positional_synthetic_v1
pos_synthetic,2,4,O00,positional_synthetic_v1
pos_synthetic,2,5,O17,positional_synthetic_v1
pos_synthetic,2,6,T01,positional_synthetic_v1
pos_synthetic,2,7,N02,positional_synthetic_v1
pos_synthetic,3,1,T00,positional_synthetic_v1
pos_synthetic,3,2,O32,positional_synthetic_v1
pos_synthetic,3,3,O14,positional_synthetic_v1
pos_synthetic,3,4,O00,positional_synthetic_v1
pos_synthetic,3,5,O00,positional_synthetic_v1
pos_synthetic,3,6,O00,positional_synthetic_v1
pos_synthetic,3,7,S00,positional_synthetic_v1
pos_synthetic,4,1,O01,positional_synthetic_v1
pos_synthetic,4,2,O00,positional_synthetic_v1
pos_synthetic,4,3,O04,positional_synthetic_v1
pos_synthetic,4,4,N00,positional_synthetic_v1
pos_synthetic,5,1,T00,positional_synthetic_v1
pos_synthetic,5,2,T00,positional_synthetic_v1
pos_synthetic,5,3,O02,positional_synthetic_v1
pos_synthetic,5,4,O10,positional_synthetic_v1
pos_synthetic,5,5,O00,positional_synthetic_v1
pos_synthetic,5,6,S00,positional_synthetic_v1
pos_synthetic,5,7,N01,positional_synthetic_v1
pos_synthetic,6,1,T00,positional_synthetic_v1
pos_synthetic,6,2,O04,positional_synthetic_v1
pos_synthetic,6,3,T00,positional_synthetic_v1
pos_synthetic,6,4,O00,positional_synthetic_v1
pos_synthetic,6,5,S03,positional_synthetic_v1
pos_synthetic,7,1,O12,positional_synthetic_v1
pos_synthetic,7,2,O00,positional_synthetic_v1
pos_synthetic,7,3,O00,positional_synthetic_v1
pos_synthetic,7,4,S00,positional_synthetic_v1
pos_synthetic,8,1,T00,positional_synthetic_v1
pos_synthetic,8,2,O02,positional_synthetic_v1
pos_synthetic,8,3,O00,positional_synthetic_v1
pos_synthetic,8,4,O22,positional_synthetic_v1
pos_synthetic,8,5,S01,positional_synthetic_v1
pos_synthetic,9,1,T00,positional_synthetic_v1
pos_synthetic,9,2,O02,positional_synthetic_v1
pos_synthetic,9,3,O03,positional_synthetic_v1
pos_synthetic,9,4,N00,positional_synthetic_v1
pos_synthetic,10,1,O32,positional_synthetic_v1
pos_synthetic,10,2,O10,positional_synthetic_v1
pos_synthetic,10,3,O26,positional_synthetic_v1
pos_synthetic,10,4,T05,positional_synthetic_v1
pos_synthetic,10,5,S03,positional_synthetic_v1
pos_synthetic,11,1,O00,positional_synthetic_v1
pos_synthetic,11,2,O00,positional_synthetic_v1
pos_synthetic,11,3,O00,positional_synthetic_v1
pos_synthetic,11,4,S00,positional_synthetic_v1
pos_synthetic,12,1,T00,positional_synthetic_v1
pos_synthetic,12,2,O13,positional_synthetic_v1
pos_synthetic,12,3,O01,positional_synthetic_v1
pos_synthetic,12,4,O00,positional_synthetic_v1
pos_synthetic,12,5,O03,positional_synthetic_v1
pos_synthetic,12,6,N00,positional_synthetic_v1
pos_synthetic,13,1,T03,positional_synthetic_v1
pos_synthetic,13,2,O00,positional_synthetic_v1
pos_synthetic,13,3,O36,positional_synthetic_v1
pos_synthetic,13,4,O10,positional_synthetic_v1
pos_synthetic,13,5,S00,positional_synthetic_v1
pos_synthetic,14,1,T04,positional_synthetic_v1
pos_synthetic,14,2,O07,positional_synthetic_v1
pos_synthetic,14,3,S01,positional_synthetic_v1
pos_synthetic,14,4,N03,positional_synthetic_v1
pos_synthetic,15,1,T00,positional_synthetic_v1
pos_synthetic,15,2,O01,positional_synthetic_v1
pos_synthetic,15,3,O00,positional_synthetic_v1
pos_synthetic,15,4,O16,positional_synthetic_v1
pos_synthetic,15,5,O04,positional_synthetic_v1
pos_synthetic,15,6,O01,positional_synthetic_v1
pos_synthetic,15,7,N00,positional_synthetic_v1
pos_synthetic,16,1,T00,positional_synthetic_v1
pos_synthetic,16,2,O01,positional_synthetic_v1
pos_synthetic,16,3,O08,positional_synthetic_v1
pos_synthetic,16,4,O05,positional_synthetic_v1
pos_synthetic,16,5,S00,positional_synthetic_v1
pos_synthetic,17,1,T00,positional_synthetic_v1
pos_synthetic,17,2,O07,positional_synthetic_v1
pos_synthetic,17,3,O09,positional_synthetic_v1
pos_synthetic,17,4,O03,positional_synthetic_v1
pos_synthetic,17,5,O10,positional_synthetic_v1
pos_synthetic,17,6,O02,positional_synthetic_v1
pos_synthetic,17,7,S00,positional_synthetic_v1
pos_synthetic,18,1,T00,positional_synthetic_v1
pos_synthetic,18,2,O00,positional_synthetic_v1
pos_synthetic,18,3,O00,positional_synthetic_v1
pos_synthetic,18,4,S00,positional_synthetic_v1
pos_synthetic,19,1,T01,positional_synthetic_v1
pos_synthetic,19,2,O22,positional_synthetic_v1
pos_synthetic,19,3,O00,positional_synthetic_v1
pos_synthetic,20,1,T00,positional_synthetic_v1
pos_synthetic,20,2,O09,positional_synthetic_v1
pos_synthetic,20,3,O00,positional_synthetic_v1
pos_synthetic,20,4,S00,positional_synthetic_v1
pos_synthetic,21,1,O00,positional_synthetic_v1
pos_synthetic,21,2,O25,positional_synthetic_v1
pos_synthetic,21,3,N03,positional_synthetic_v1
pos_synthetic,22,1,T02,positional_synthetic_v1
pos_synthetic,22,2,O17,positional_synthetic_v1
pos_synthetic,22,3,O12,positional_synthetic_v1
pos_synthetic,22,4,O00,positional_synthetic_v1
pos_synthetic,22,5,O20,positional_synthetic_v1
pos_synthetic,22,6,O03,positional_synthetic_v1
pos_synthetic,22,7,N03,positional_synthetic_v1
pos_synthetic,23,1,O20,positional_synthetic_v1
pos_synthetic,23,2,O01,positional_synthetic_v1
pos_synthetic,23,3,O00,positional_synthetic_v1
pos_synthetic,23,4,O00,positional_synthetic_v1
pos_synthetic,23,5,O01,positional_synthetic_v1
pos_synthetic,23,6,S02,positional_synthetic_v1
pos_synthetic,24,1,T00,positional_synthetic_v1
pos_synthetic,24,2,O02,positional_synthetic_v1
pos_synthetic,24,3,T00,positional_synthetic_v1
pos_synthetic,24,4,O00,positional_synthetic_v1
pos_synthetic,24,5,S00,positional_synthetic_v1
pos_synthetic,24,6,S00,positional_synthetic_v1
pos_synthetic,24,7,S00,positional_synthetic_v1
pos_synthetic,25,1,T01,positional_synthetic_v1
pos_synthetic,25,2,O07,positional_synthetic_v1
pos_synthetic,25,3,O01,positional_synthetic_v1
pos_synthetic,25,4,O33,positional_synthetic_v1
pos_synthetic,25,5,O31,positional_synthetic_v1
pos_synthetic,25,6,O00,positional_synthetic_v1
pos_synthetic,25,7,N01,positional_synthetic_v1
pos_synthetic,26,1,T00,positional_synthetic_v1
pos_synthetic,26,2,O00,positional_synthetic_v1
pos_synthetic,26,3,O00,positional_synthetic_v1
pos_synthetic,26,4,O04,positional_synthetic_v1
pos_synthetic,26,5,O02,positional_synthetic_v1
pos_synthetic,26,6,N00,positional_synthetic_v1
pos_synthetic,27,1,T00,positional_synthetic_v1
pos_synthetic,27,2,O22,positional_synthetic_v1
pos_synthetic,27,3,S00,positional_synthetic_v1
pos_synthetic,28,1,T01,positional_synthetic_v1
pos_synthetic,28,2,O36,positional_synthetic_v1
pos_synthetic,28,3,O00,positional_synthetic_v1
pos_synthetic,28,4,S02,positional_synthetic_v1
pos_synthetic,29,1,T00,positional_synthetic_v1
pos_synthetic,29,2,O08,positional_synthetic_v1
pos_synthetic,29,3,S01,positional_synthetic_v1
pos_synthetic,30,1,O04,positional_synthetic_v1
pos_synthetic,30,2,O03,positional_synthetic_v1
pos_synthetic,30,3,O00,positional_synthetic_v1
pos_synthetic,30,4,O14,positional_synthetic_v1
pos_synthetic,30,5,O01,positional_synthetic_v1
pos_synthetic,30,6,O00,positional_synthetic_v1
pos_synthetic,30,7,S01,positional_synthetic_v1
pos_synthetic,31,1,T02,positional_synthetic_v1
pos_synthetic,31,2,T00,positional_synthetic_v1
pos_synthetic,31,3,N01,positional_synthetic_v1
pos_synthetic,32,1,T00,positional_synthetic_v1
pos_synthetic,32,2,O05,positional_synthetic_v1
pos_synthetic,32,3,O00,positional_synthetic_v1
pos_synthetic,32,4,O06,positional_synthetic_v1
pos_synthetic,32,5,O01,positional_synthetic_v1
pos_synthetic,32,6,S00,positional_synthetic_v1
pos_synthetic,33,1,O01,positional_synthetic_v1
pos_synthetic,33,2,O00,positional_synthetic_v1
pos_synthetic,33,3,O24,positional_synthetic_v1
pos_synthetic,33,4,S00,positional_synthetic_v1
pos_synthetic,34,1,T02,positional_synthetic_v1
pos_synthetic,34,2,O12,positional_synthetic_v1
pos_synthetic,34,3,O03,positional_synthetic_v1
pos_synthetic,34,4,S01,positional_synthetic_v1
pos_synthetic,34,5,O00,positional_synthetic_v1
pos_synthetic,34,6,O00,positional_synthetic_v1
pos_synthetic,34,7,S03,positional_synthetic_v1
pos_synthetic,35,1,T02,positional_synthetic_v1
pos_synthetic,35,2,O01,positional_synthetic_v1
pos_synthetic,35,3,O01,positional_synthetic_v1
pos_synthetic,35,4,S02,positional_synthetic_v1
pos_synthetic,36,1,T05,positional_synthetic_v1
pos_synthetic,36,2,O10,positional_synthetic_v1
pos_synthetic,36,3,N02,positional_synthetic_v1
pos_synthetic,37,1,T00,positional_synthetic_v1
pos_synthetic,37,2,O00,positional_synthetic_v1
pos_synthetic,37,3,O20,positional_synthetic_v1
pos_synthetic,37,4,N01,positional_synthetic_v1
pos_synthetic,38,1,T00,positional_synthetic_v1
pos_synthetic,38,2,O00,positional_synthetic_v1
pos_synthetic,38,3,S01,positional_synthetic_v1
pos_synthetic,38,4,O00,positional_synthetic_v1
pos_synthetic,38,5,O00,positional_synthetic_v1
pos_synthetic,38,6,S01,positional_synthetic_v1
pos_synthetic,39,1,T02,positional_synthetic_v1
pos_synthetic,39,2,O00,positional_synthetic_v1
pos_synthetic,39,3,O07,positional_synthetic_v1
pos_synthetic,39,4,S00,positional_synthetic_v1
pos_synthetic,40,1,T03,positional_synthetic_v1
pos_synthetic,40,2,O05,positional_synthetic_v1
pos_synthetic,40,3,O15,positional_synthetic_v1
pos_synthetic,40,4,O05,positional_synthetic_v1
pos_synthetic,40,5,O03,positional_synthetic_v1
pos_synthetic,41,1,T00,positional_synthetic_v1
pos_synthetic,41,2,O01,positional_synthetic_v1
pos_synthetic,41,3,S00,positional_synthetic_v1
pos_synthetic,42,1,T07,positional_synthetic_v1
pos_synthetic,42,2,O01,positional_synthetic_v1
pos_synthetic,42,3,O20,positional_synthetic_v1
pos_synthetic,42,4,S02,positional_synthetic_v1
pos_synthetic,43,1,T01,positional_synthetic_v1
pos_synthetic,43,2,O03,positional_synthetic_v1
pos_synthetic,43,3,O02,positional_synthetic_v1
pos_synthetic,43,4,S01,positional_synthetic_v1
pos_synthetic,44,1,T00,positional_synthetic_v1
pos_synthetic,44,2,O00,positional_synthetic_v1
pos_synthetic,44,3,S00,positional_synthetic_v1
pos_synthetic,45,1,T06,positional_synthetic_v1
pos_synthetic,45,2,O29,positional_synthetic_v1
pos_synthetic,45,3,O23,positional_synthetic_v1
pos_synthetic,45,4,S00,positional_synthetic_v1
pos_synthetic,46,1,T06,positional_synthetic_v1
pos_synthetic,46,2,O01,positional_synthetic_v1
pos_synthetic,46,3,S03,positional_synthetic_v1
pos_synthetic,47,1,O15,positional_synthetic_v1
pos_synthetic,47,2,O00,positional_synthetic_v1
pos_synthetic,47,3,S02,positional_synthetic_v1
pos_synthetic,48,1,T00,positional_synthetic_v1
pos_synthetic,48,2,O00,positional_synthetic_v1
pos_synthetic,48,3,O03,positional_synthetic_v1
pos_synthetic,48,4,T06,positional_synthetic_v1
pos_synthetic,48,5,N02,positional_synthetic_v1
pos_synthetic,49,1,T01,positional_synthetic_v1
pos_synthetic,49,2,O00,positional_synthetic_v1
pos_synthetic,49,3,O04,positional_synthetic_v1
pos_synthetic,50,1,O37,positional_synthetic_v1
pos_synthetic,50,2,O00,positional_synthetic_v1
pos_synthetic,50,3,O02,positional_synthetic_v1
pos_synthetic,50,4,S01,positional_synthetic_v1
pos_synthetic,51,1,T02,positional_synthetic_v1
pos_synthetic,51,2,O07,positional_synthetic_v1
pos_synthetic,51,3,O01,positional_synthetic_v1
pos_synthetic,51,4,O00,positional_synthetic_v1
pos_synthetic,51,5,O12,positional_synthetic_v1
pos_synthetic,51,6,O12,positional_synthetic_v1
pos_synthetic,52,1,T04,positional_synthetic_v1
pos_synthetic,52,2,O22,positional_synthetic_v1
pos_synthetic,52,3,O02,positional_synthetic_v1
pos_synthetic,52,4,T01,positional_synthetic_v1
pos_synthetic,52,5,S01,positional_synthetic_v1
pos_synthetic,53,1,T02,positional_synthetic_v1
pos_synthetic,53,2,O11,positional_synthetic_v1
pos_synthetic,53,3,O19,positional_synthetic_v1
pos_synthetic,53,4,O01,positional_synthetic_v1
pos_synthetic,53,5,O01,positional_synthetic_v1
pos_synthetic,53,6,S01,positional_synthetic_v1
pos_synthetic,54,1,O00,positional_synthetic_v1
pos_synthetic,54,2,O02,positional_synthetic_v1
pos_synthetic,54,3,S00,positional_synthetic_v1
pos_synthetic,55,1,T01,positional_synthetic_v1
pos_synthetic,55,2,T00,positional_synthetic_v1
pos_synthetic,55,3,O00,positional_synthetic_v1
pos_synthetic,55,4,O13,positional_synthetic_v1
pos_synthetic,55,5,O01,positional_synthetic_v1
pos_synthetic,55,6,O00,positional_synthetic_v1
pos_synthetic,55,7,N01,positional_synthetic_v1
pos_synthetic,56,1,T03,positional_synthetic_v1
pos_synthetic,56,2,O00,positional_synthetic_v1
pos_synthetic,56,3,O04,positional_synthetic_v1
pos_synthetic,56,4,O00,positional_synthetic_v1
pos_synthetic,56,5,N00,positional_synthetic_v1
pos_synthetic,57,1,T01,positional_synthetic_v1
pos_synthetic,57,2,O03,positional_synthetic_v1
pos_synthetic,57,3,O05,positional_synthetic_v1
pos_synthetic,57,4,O07,positional_synthetic_v1
pos_synthetic,57,5,N07,positional_synthetic_v1
pos_synthetic,58,1,T01,positional_synthetic_v1
pos_synthetic,58,2,S00,positional_synthetic_v1
pos_synthetic,58,3,O11,positional_synthetic_v1
pos_synthetic,58,4,S00,positional_synthetic_v1
pos_synthetic,59,1,T00,positional_synthetic_v1
pos_synthetic,59,2,O00,positional_synthetic_v1
pos_synthetic,59,3,S02,positional_synthetic_v1
pos_synthetic,60,1,T02,positional_synthetic_v1
pos_synthetic,60,2,O01,positional_synthetic_v1
pos_synthetic,60,3,O00,positional_synthetic_v1
pos_synthetic,60,4,O00,positional_synthetic_v1
pos_synthetic,60,5,O00,positional_synthetic_v1
pos_synthetic,60,6,S01,positional_synthetic_v1
pos_synthetic,61,1,T02,positional_synthetic_v1
pos_synthetic,61,2,O00,positional_synthetic_v1
pos_synthetic,61,3,T06,positional_synthetic_v1
pos_synthetic,61,4,O08,positional_synthetic_v1
pos_synthetic,61,5,O03,positional_synthetic_v1
pos_synthetic,61,6,O04,positional_synthetic_v1
pos_synthetic,61,7,S00,positional_synthetic_v1
pos_synthetic,62,1,T00,positional_synthetic_v1
pos_synthetic,62,2,O09,positional_synthetic_v1
pos_synthetic,62,3,O00,positional_synthetic_v1
pos_synthetic,62,4,O00,positional_synthetic_v1
pos_synthetic,62,5,O00,positional_synthetic_v1
pos_synthetic,62,6,S02,positional_synthetic_v1
pos_synthetic,63,1,T02,positional_synthetic_v1
pos_synthetic,63,2,O02,positional_synthetic_v1
pos_synthetic,63,3,O00,positional_synthetic_v1
pos_synthetic,63,4,O02,positional_synthetic_v1
pos_synthetic,63,5,O02,positional_synthetic_v1
pos_synthetic,63,6,O00,positional_synthetic_v1
pos_synthetic,63,7,S00,positional_synthetic_v1
pos_synthetic,64,1,T02,positional_synthetic_v1
pos_synthetic,64,2,O04,positional_synthetic_v1
pos_synthetic,64,3,O00,positional_synthetic_v1
pos_synthetic,64,4,O01,positional_synthetic_v1
pos_synthetic,64,5,O04,positional_synthetic_v1
pos_synthetic,64,6,S02,positional_synthetic_v1
pos_synthetic,65,1,T02,positional_synthetic_v1
pos_synthetic,65,2,O00,positional_synthetic_v1
pos_synthetic,65,3,T00,positional_synthetic_v1
pos_synthetic,65,4,O05,positional_synthetic_v1
pos_synthetic,65,5,O00,positional_synthetic_v1
pos_synthetic,65,6,S03,positional_synthetic_v1
pos_synthetic,66,1,O03,positional_synthetic_v1
pos_synthetic,66,2,O01,positional_synthetic_v1
pos_synthetic,66,3,O05,positional_synthetic_v1
pos_synthetic,66,4,N01,positional_synthetic_v1
pos_synthetic,67,1,T01,positional_synthetic_v1
pos_synthetic,67,2,O27,positional_synthetic_v1
pos_synthetic,67,3,N00,positional_synthetic_v1
pos_synthetic,68,1,T06,positional_synthetic_v1
pos_synthetic,68,2,O21,positional_synthetic_v1
pos_synthetic,68,3,O00,positional_synthetic_v1
pos_synthetic,68,4,O00,positional_synthetic_v1
pos_synthetic,68,5,O00,positional_synthetic_v1
pos_synthetic,68,6,O00,positional_synthetic_v1
pos_synthetic,68,7,S01,positional_synthetic_v1
pos_synthetic,69,1,T00,positional_synthetic_v1
pos_synthetic,69,2,O01,positional_synthetic_v1
pos_synthetic,69,3,O15,positional_synthetic_v1
pos_synthetic,69,4,N00,positional_synthetic_v1
pos_synthetic,70,1,T04,positional_synthetic_v1
pos_synthetic,70,2,O00,positional_synthetic_v1
pos_synthetic,70,3,O00,positional_synthetic_v1
pos_synthetic,70,4,O06,positional_synthetic_v1
pos_synthetic,70,5,O04,positional_synthetic_v1
pos_synthetic,70,6,O18,positional_synthetic_v1
pos_synthetic,70,7,S02,positional_synthetic_v1
pos_synthetic,71,1,T00,positional_synthetic_v1
pos_synthetic,71,2,O00,positional_synthetic_v1
pos_synthetic,71,3,O09,positional_synthetic_v1
pos_synthetic,71,4,S03,positional_synthetic_v1
pos_synthetic,72,1,T00,positional_synthetic_v1
pos_synthetic,72,2,S00,positional_synthetic_v1
pos_synthetic,72,3,O10,positional_synthetic_v1
pos_synthetic,72,4,O01,positional_synthetic_v1
pos_synthetic,72,5,O25,positional_synthetic_v1
pos_synthetic,72,6,O16,positional_synthetic_v1
pos_synthetic,72,7,N01,positional_synthetic_v1
pos_synthetic,73,1,T03,positional_synthetic_v1
pos_synthetic,73,2,T03,positional_synthetic_v1
pos_synthetic,73,3,O00,positional_synthetic_v1
pos_synthetic,73,4,O21,positional_synthetic_v1
pos_synthetic,73,5,O02,positional_synthetic_v1
pos_synthetic,73,6,O13,positional_synthetic_v1
pos_synthetic,73,7,N00,positional_synthetic_v1
pos_synthetic,74,1,T05,positional_synthetic_v1
pos_synthetic,74,2,O01,positional_synthetic_v1
pos_synthetic,74,3,O00,positional_synthetic_v1
pos_synthetic,74,4,O21,positional_synthetic_v1
pos_synthetic,74,5,O00,positional_synthetic_v1
pos_synthetic,74,6,O01,positional_synthetic_v1
pos_synthetic,74,7,N06,positional_synthetic_v1
pos_synthetic,75,1,O28,positional_synthetic_v1
pos_synthetic,75,2,O03,positional_synthetic_v1
pos_synthetic,75,3,O04,positional_synthetic_v1
pos_synthetic,75,4,N01,positional_synthetic_v1
pos_synthetic,76,1,T00,positional_synthetic_v1
pos_synthetic,76,2,T00,positional_synthetic_v1
pos_synthetic,76,3,O06,positional_synthetic_v1
pos_synthetic,76,4,O09,positional_synthetic_v1
pos_synthetic,76,5,O11,positional_synthetic_v1
pos_synthetic,76,6,S02,positional_synthetic_v1
pos_synthetic,76,7,S00,positional_synthetic_v1
pos_synthetic,77,1,T00,positional_synthetic_v1
pos_synthetic,77,2,O03,positional_synthetic_v1
pos_synthetic,77,3,O01,positional_synthetic_v1
pos_synthetic,77,4,O19,positional_synthetic_v1
pos_synthetic,77,5,N00,positional_synthetic_v1
pos_synthetic,78,1,T00,positional_synthetic_v1
pos_synthetic,78,2,O00,positional_synthetic_v1
pos_synthetic,78,3,O09,positional_synthetic_v1
pos_synthetic,78,4,O04,positional_synthetic_v1
pos_synthetic,78,5,O00,positional_synthetic_v1
pos_synthetic,78,6,N00,positional_synthetic_v1
pos_synthetic,79,1,O06,positional_synthetic_v1
pos_synthetic,79,2,O00,positional_synthetic_v1
pos_synthetic,79,3,S01,positional_synthetic_v1
pos_synthetic,80,1,T00,positional_synthetic_v1
pos_synthetic,80,2,O00,positional_synthetic_v1
pos_synthetic,80,3,O36,positional_synthetic_v1
pos_synthetic,80,4,S00,positional_synthetic_v1
pos_synthetic,81,1,T04,positional_synthetic_v1
pos_synthetic,81,2,O28,positional_synthetic_v1
pos_synthetic,81,3,O36,positional_synthetic_v1
pos_synthetic,81,4,O09,positional_synthetic_v1
pos_synthetic,81,5,O01,positional_synthetic_v1
pos_synthetic,82,1,T00,positional_synthetic_v1
pos_synthetic,82,2,O10,positional_synthetic_v1
pos_synthetic,82,3,N01,positional_synthetic_v1
pos_synthetic,83,1,T00,positional_synthetic_v1
pos_synthetic,83,2,O21,positional_synthetic_v1
pos_synthetic,83,3,S00,positional_synthetic_v1
pos_synthetic,83,4,O02,positional_synthetic_v1
pos_synthetic,83,5,O00,positional_synthetic_v1
pos_synthetic,83,6,N01,positional_synthetic_v1
pos_synthetic,84,1,O00,positional_synthetic_v1
pos_synthetic,84,2,O00,positional_synthetic_v1
pos_synthetic,84,3,O00,positional_synthetic_v1
pos_synthetic,84,4,T02,positional_synthetic_v1
pos_synthetic,84,5,O08,positional_synthetic_v1
pos_synthetic,84,6,O03,positional_synthetic_v1
pos_synthetic,84,7,N06,positional_synthetic_v1
pos_synthetic,85,1,O01,positional_synthetic_v1
pos_synthetic,85,2,O00,positional_synthetic_v1
pos_synthetic,85,3,N04,positional_synthetic_v1
pos_synthetic,86,1,T00,positional_synthetic_v1
pos_synthetic,86,2,O31,positional_synthetic_v1
pos_synthetic,86,3,O00,positional_synthetic_v1
pos_synthetic,86,4,O32,positional_synthetic_v1
pos_synthetic,86,5,O00,positional_synthetic_v1
pos_synthetic,86,6,O19,positional_synthetic_v1
pos_synthetic,87,1,T01,positional_synthetic_v1
pos_synthetic,87,2,O38,positional_synthetic_v1
pos_synthetic,87,3,O00,positional_synthetic_v1
pos_synthetic,87,4,O03,positional_synthetic_v1
pos_synthetic,87,5,O32,positional_synthetic_v1
pos_synthetic,87,6,S01,positional_synthetic_v1
pos_synthetic,88,1,T02,positional_synthetic_v1
pos_synthetic,88,2,O02,positional_synthetic_v1
pos_synthetic,88,3,O04,positional_synthetic_v1
pos_synthetic,88,4,O03,positional_synthetic_v1
pos_synthetic,88,5,T05,positional_synthetic_v1
pos_synthetic,88,6,S00,positional_synthetic_v1
pos_synthetic,89,1,T06,positional_synthetic_v1
pos_synthetic,89,2,O19,positional_synthetic_v1
pos_synthetic,89,3,O02,positional_synthetic_v1
pos_synthetic,89,4,N02,positional_synthetic_v1
pos_synthetic,90,1,T00,positional_synthetic_v1
pos_synthetic,90,2,O00,positional_synthetic_v1
pos_synthetic,90,3,O02,positional_synthetic_v1
pos_synthetic,90,4,O01,positional_synthetic_v1
pos_synthetic,90,5,O03,positional_synthetic_v1
pos_synthetic,90,6,O00,positional_synthetic_v1
pos_synthetic,90,7,N07,positional_synthetic_v1
pos_synthetic,91,1,T07,positional_synthetic_v1
pos_synthetic,91,2,T02,positional_synthetic_v1
pos_synthetic,91,3,O03,positional_synthetic_v1
pos_synthetic,91,4,O00,positional_synthetic_v1
pos_synthetic,91,5,O12,positional_synthetic_v1
pos_synthetic,91,6,S00,positional_synthetic_v1
pos_synthetic,92,1,T05,positional_synthetic_v1
pos_synthetic,92,2,O13,positional_synthetic_v1
pos_synthetic,92,3,O28,positional_synthetic_v1
pos_synthetic,92,4,O07,positional_synthetic_v1
pos_synthetic,92,5,O04,positional_synthetic_v1
pos_synthetic,92,6,O01,positional_synthetic_v1
pos_synthetic,92,7,S02,positional_synthetic_v1
pos_synthetic,93,1,T00,positional_synthetic_v1
pos_synthetic,93,2,O00,positional_synthetic_v1
pos_synthetic,93,3,O01,positional_synthetic_v1
pos_synthetic,93,4,S03,positional_synthetic_v1
pos_synthetic,94,1,T00,positional_synthetic_v1
pos_synthetic,94,2,O04,positional_synthetic_v1
pos_synthetic,94,3,O01,positional_synthetic_v1
pos_synthetic,94,4,O32,positional_synthetic_v1
pos_synthetic,94,5,O14,positional_synthetic_v1
pos_synthetic,94,6,S00,positional_synthetic_v1
pos_synthetic,95,1,T00,positional_synthetic_v1
pos_synthetic,95,2,T00,positional_synthetic_v1
pos_synthetic,95,3,O00,positional_synthetic_v1
pos_synthetic,95,4,O17,positional_synthetic_v1
pos_synthetic,95,5,O12,positional_synthetic_v1
pos_synthetic,96,1,T07,positional_synthetic_v1
pos_synthetic,96,2,O39,positional_synthetic_v1
pos_synthetic,96,3,O03,positional_synthetic_v1
pos_synthetic,96,4,S03,positional_synthetic_v1
pos_synthetic,97,1,T04,positional_synthetic_v1
pos_synthetic,97,2,O00,positional_synthetic_v1
pos_synthetic,97,3,S00,positional_synthetic_v1
pos_synthetic,97,4,O00,positional_synthetic_v1
pos_synthetic,97,5,O29,positional_synthetic_v1
pos_synthetic,97,6,S00,positional_synthetic_v1
pos_synthetic,98,1,T02,positional_synthetic_v1
pos_synthetic,98,2,O04,positional_synthetic_v1
pos_synthetic,98,3,N00,positional_synthetic_v1
pos_synthetic,99,1,T00,positional_synthetic_v1
pos_synthetic,99,2,O05,positional_synthetic_v1
pos_synthetic,99,3,O02,positional_synthetic_v1
pos_synthetic,99,4,O10,positional_synthetic_v1
pos_synthetic,99,5,N01,positional_synthetic_v1
pos_synthetic,100,1,T04,positional_synthetic_v1
pos_synthetic,100,2,O03,positional_synthetic_v1
pos_synthetic,100,3,O03,positional_synthetic_v1
pos_synthetic,100,4,O18,positional_synthetic_v1
pos_synthetic,100,5,O01,positional_synthetic_v1
pos_synthetic,100,6,O00,positional_synthetic_v1
pos_synthetic,100,7,N00,positional_synthetic_v1
pos_synthetic,101,1,O09,positional_synthetic_v1
pos_synthetic,101,2,O04,positional_synthetic_v1
pos_synthetic,101,3,N02,positional_synthetic_v1
pos_synthetic,102,1,T00,positional_synthetic_v1
pos_synthetic,102,2,O00,positional_synthetic_v1
pos_synthetic,102,3,O00,positional_synthetic_v1
pos_synthetic,102,4,N00,positional_synthetic_v1
pos_synthetic,103,1,T01,positional_synthetic_v1
pos_synthetic,103,2,O01,positional_synthetic_v1
pos_synthetic,103,3,O01,positional_synthetic_v1
pos_synthetic,103,4,O21,positional_synthetic_v1
pos_synthetic,103,5,O01,positional_synthetic_v1
pos_synthetic,103,6,N01,positional_synthetic_v1
pos_synthetic,104,1,T03,positional_synthetic_v1
pos_synthetic,104,2,O01,positional_synthetic_v1
pos_synthetic,104,3,O04,positional_synthetic_v1
pos_synthetic,104,4,O16,positional_synthetic_v1
pos_synthetic,104,5,O28,positional_synthetic_v1
pos_synthetic,104,6,O00,positional_synthetic_v1
pos_synthetic,104,7,S00,positional_synthetic_v1
pos_synthetic,105,1,T00,positional_synthetic_v1
pos_synthetic,105,2,O02,positional_synthetic_v1
pos_synthetic,105,3,O34,positional_synthetic_v1
pos_synthetic,105,4,S00,positional_synthetic_v1
pos_synthetic,106,1,T02,positional_synthetic_v1
pos_synthetic,106,2,O00,positional_synthetic_v1
pos_synthetic,106,3,O00,positional_synthetic_v1
pos_synthetic,106,4,O00,positional_synthetic_v1
pos_synthetic,106,5,O00,positional_synthetic_v1
pos_synthetic,106,6,S00,positional_synthetic_v1
pos_synthetic,107,1,T02,positional_synthetic_v1
pos_synthetic,107,2,O00,positional_synthetic_v1
pos_synthetic,107,3,T00,positional_synthetic_v1
pos_synthetic,107,4,O20,positional_synthetic_v1
pos_synthetic,107,5,O02,positional_synthetic_v1
pos_synthetic,107,6,O05,positional_synthetic_v1
pos_synthetic,108,1,O00,positional_synthetic_v1
pos_synthetic,108,2,O00,positional_synthetic_v1
pos_synthetic,108,3,S00,positional_synthetic_v1
pos_synthetic,109,1,T00,positional_synthetic_v1
pos_synthetic,109,2,O00,positional_synthetic_v1
pos_synthetic,109,3,O00,positional_synthetic_v1
pos_synthetic,109,4,N00,positional_synthetic_v1
pos_synthetic,110,1,O02,positional_synthetic_v1
pos_synthetic,110,2,O00,positional_synthetic_v1
pos_synthetic,110,3,O01,positional_synthetic_v1
pos_synthetic,110,4,O02,positional_synthetic_v1
pos_synthetic,110,5,O06,positional_synthetic_v1
pos_synthetic,110,6,S02,positional_synthetic_v1
pos_synthetic,111,1,T02,positional_synthetic_v1
pos_synthetic,111,2,O00,positional_synthetic_v1
pos_synthetic,111,3,O17,positional_synthetic_v1
pos_synthetic,111,4,O23,positional_synthetic_v1
pos_synthetic,111,5,O00,positional_synthetic_v1
pos_synthetic,111,6,S02,positional_synthetic_v1
pos_synthetic,112,1,O08,positional_synthetic_v1
pos_synthetic,112,2,O00,positional_synthetic_v1
pos_synthetic,112,3,T00,positional_synthetic_v1
pos_synthetic,112,4,O01,positional_synthetic_v1
pos_synthetic,112,5,O02,positional_synthetic_v1
pos_synthetic,112,6,N02,positional_synthetic_v1
pos_synthetic,113,1,T00,positional_synthetic_v1
pos_synthetic,113,2,O02,positional_synthetic_v1
pos_synthetic,113,3,O08,positional_synthetic_v1
pos_synthetic,113,4,O00,positional_synthetic_v1
pos_synthetic,113,5,O00,positional_synthetic_v1
pos_synthetic,113,6,O07,positional_synthetic_v1
pos_synthetic,113,7,N05,positional_synthetic_v1
pos_synthetic,114,1,T01,positional_synthetic_v1
pos_synthetic,114,2,O03,positional_synthetic_v1
pos_synthetic,114,3,N00,positional_synthetic_v1
pos_synthetic,115,1,T01,positional_synthetic_v1
pos_synthetic,115,2,O03,positional_synthetic_v1
pos_synthetic,115,3,O00,positional_synthetic_v1
pos_synthetic,115,4,O00,positional_synthetic_v1
pos_synthetic,115,5,S00,positional_synthetic_v1
pos_synthetic,116,1,T00,positional_synthetic_v1
pos_synthetic,116,2,O00,positional_synthetic_v1
pos_synthetic,116,3,S00,positional_synthetic_v1
pos_synthetic,117,1,T05,positional_synthetic_v1
pos_synthetic,117,2,O04,positional_synthetic_v1
pos_synthetic,117,3,O06,positional_synthetic_v1
pos_synthetic,117,4,O11,positional_synthetic_v1
pos_synthetic,117,5,S00,positional_synthetic_v1
pos_synthetic,118,1,T01,positional_synthetic_v1
pos_synthetic,118,2,O03,positional_synthetic_v1
pos_synthetic,118,3,O08,positional_synthetic_v1
pos_synthetic,118,4,O01,positional_synthetic_v1
pos_synthetic,118,5,O00,positional_synthetic_v1
pos_synthetic,118,6,O00,positional_synthetic_v1
pos_synthetic,118,7,O01,positional_synthetic_v1
pos_synthetic,119,1,T02,positional_synthetic_v1
pos_synthetic,119,2,O03,positional_synthetic_v1
pos_synthetic,119,3,N00,positional_synthetic_v1
pos_synthetic,120,1,O36,positional_synthetic_v1
pos_synthetic,120,2,O04,positional_synthetic_v1
pos_synthetic,120,3,O00,positional_synthetic_v1
pos_synthetic,120,4,O00,positional_synthetic_v1
pos_synthetic,120,5,O00,positional_synthetic_v1
pos_synthetic,120,6,N00,positional_synthetic_v1
pos_synthetic,121,1,O00,positional_synthetic_v1
pos_synthetic,121,2,O00,positional_synthetic_v1
pos_synthetic,121,3,O00,positional_synthetic_v1
pos_synthetic,121,4,S02,positional_synthetic_v1
pos_synthetic,122,1,T00,positional_synthetic_v1
pos_synthetic,122,2,O02,positional_synthetic_v1
pos_synthetic,122,3,O01,positional_synthetic_v1
pos_synthetic,122,4,O35,positional_synthetic_v1
pos_synthetic,122,5,N00,positional_synthetic_v1
pos_synthetic,123,1,T00,positional_synthetic_v1
pos_synthetic,123,2,T07,positional_synthetic_v1
pos_synthetic,123,3,O17,positional_synthetic_v1
pos_synthetic,123,4,N04,positional_synthetic_v1
pos_synthetic,124,1,T00,positional_synthetic_v1
pos_synthetic,124,2,O00,positional_synthetic_v1
pos_synthetic,124,3,T02,positional_synthetic_v1
pos_synthetic,124,4,O25,positional_synthetic_v1
pos_synthetic,124,5,O03,positional_synthetic_v1
pos_synthetic,124,6,S00,positional_synthetic_v1
pos_synthetic,125,1,T03,positional_synthetic_v1
pos_synthetic,125,2,O00,positional_synthetic_v1
pos_synthetic,125,3,O01,positional_synthetic_v1
pos_synthetic,125,4,O01,positional_synthetic_v1
pos_synthetic,125,5,O02,positional_synthetic_v1
pos_synthetic,126,1,O00,positional_synthetic_v1
pos_synthetic,126,2,O00,positional_synthetic_v1
pos_synthetic,126,3,O04,positional_synthetic_v1
pos_synthetic,126,4,O00,positional_synthetic_v1
pos_synthetic,126,5,O03,positional_synthetic_v1
pos_synthetic,126,6,S00,positional_synthetic_v1
pos_synthetic,127,1,O03,positional_synthetic_v1
pos_synthetic,127,2,O00,positional_synthetic_v1
pos_synthetic,127,3,O01,positional_synthetic_v1
pos_synthetic,127,4,O00,positional_synthetic_v1
pos_synthetic,127,5,N00,positional_synthetic_v1
pos_synthetic,128,1,T07,positional_synthetic_v1
pos_synthetic,128,2,O01,positional_synthetic_v1
pos_synthetic,128,3,T03,positional_synthetic_v1
pos_synthetic,128,4,O00,positional_synthetic_v1
pos_synthetic,128,5,S01,positional_synthetic_v1
pos_synthetic,128,6,S01,positional_synthetic_v1
pos_synthetic,129,1,T01,positional_synthetic_v1
pos_synthetic,129,2,O01,positional_synthetic_v1
pos_synthetic,129,3,O01,positional_synthetic_v1
pos_synthetic,129,4,S02,positional_synthetic_v1
pos_synthetic,130,1,T07,positional_synthetic_v1
pos_synthetic,130,2,O00,positional_synthetic_v1
pos_synthetic,130,3,O08,positional_synthetic_v1
pos_synthetic,130,4,O26,positional_synthetic_v1
pos_synthetic,130,5,O00,positional_synthetic_v1
pos_synthetic,130,6,S01,positional_synthetic_v1
pos_synthetic,131,1,O03,positional_synthetic_v1
pos_synthetic,131,2,O14,positional_synthetic_v1
pos_synthetic,131,3,N00,positional_synthetic_v1
pos_synthetic,132,1,T03,positional_synthetic_v1
pos_synthetic,132,2,O00,positional_synthetic_v1
pos_synthetic,132,3,N00,positional_synthetic_v1
pos_synthetic,133,1,T00,positional_synthetic_v1
pos_synthetic,133,2,O12,positional_synthetic_v1
pos_synthetic,133,3,O05,positional_synthetic_v1
pos_synthetic,133,4,O02,positional_synthetic_v1
pos_synthetic,133,5,O01,positional_synthetic_v1
pos_synthetic,133,6,S00,positional_synthetic_v1
pos_synthetic,134,1,T04,positional_synthetic_v1
pos_synthetic,134,2,O01,positional_synthetic_v1
pos_synthetic,134,3,O01,positional_synthetic_v1
pos_synthetic,134,4,O02,positional_synthetic_v1
pos_synthetic,134,5,S01,positional_synthetic_v1
pos_synthetic,135,1,O02,positional_synthetic_v1
pos_synthetic,135,2,O00,positional_synthetic_v1
pos_synthetic,135,3,O20,positional_synthetic_v1
pos_synthetic,135,4,O01,positional_synthetic_v1
pos_synthetic,135,5,O03,positional_synthetic_v1
pos_synthetic,135,6,O21,positional_synthetic_v1
pos_synthetic,135,7,O04,positional_synthetic_v1
pos_synthetic,136,1,T00,positional_synthetic_v1
pos_synthetic,136,2,O26,positional_synthetic_v1
pos_synthetic,136,3,O04,positional_synthetic_v1
pos_synthetic,136,4,N00,positional_synthetic_v1
pos_synthetic,137,1,T00,positional_synthetic_v1
pos_synthetic,137,2,O11,positional_synthetic_v1
pos_synthetic,137,3,O04,positional_synthetic_v1
pos_synthetic,137,4,S02,positional_synthetic_v1
pos_synthetic,138,1,T03,positional_synthetic_v1
pos_synthetic,138,2,O00,positional_synthetic_v1
pos_synthetic,138,3,O00,positional_synthetic_v1
pos_synthetic,138,4,O00,positional_synthetic_v1
pos_synthetic,138,5,O08,positional_synthetic_v1
pos_synthetic,138,6,O00,positional_synthetic_v1
pos_synthetic,138,7,N01,positional_synthetic_v1
pos_synthetic,139,1,T03,positional_synthetic_v1
pos_synthetic,139,2,O18,positional_synthetic_v1
pos_synthetic,139,3,O01,positional_synthetic_v1
pos_synthetic,139,4,O13,positional_synthetic_v1
pos_synthetic,139,5,S02,positional_synthetic_v1
pos_synthetic,140,1,T00,positional_synthetic_v1
pos_synthetic,140,2,O01,positional_synthetic_v1
pos_synthetic,140,3,O11,positional_synthetic_v1
pos_synthetic,140,4,O00,positional_synthetic_v1
pos_synthetic,140,5,N00,positional_synthetic_v1
pos_synthetic,141,1,O07,positional_synthetic_v1
pos_synthetic,141,2,O07,positional_synthetic_v1
pos_synthetic,141,3,O05,positional_synthetic_v1
pos_synthetic,141,4,O06,positional_synthetic_v1
pos_synthetic,141,5,T01,positional_synthetic_v1
pos_synthetic,141,6,S00,positional_synthetic_v1
pos_synthetic,142,1,T00,positional_synthetic_v1
pos_synthetic,142,2,O22,positional_synthetic_v1
pos_synthetic,142,3,O03,positional_synthetic_v1
pos_synthetic,142,4,O01,positional_synthetic_v1
pos_synthetic,142,5,S03,positional_synthetic_v1
pos_synthetic,143,1,T00,positional_synthetic_v1
pos_synthetic,143,2,O03,positional_synthetic_v1
pos_synthetic,143,3,O02,positional_synthetic_v1
pos_synthetic,143,4,O04,positional_synthetic_v1
pos_synthetic,143,5,O00,positional_synthetic_v1
pos_synthetic,143,6,O17,positional_synthetic_v1
pos_synthetic,143,7,S01,positional_synthetic_v1
pos_synthetic,144,1,O06,positional_synthetic_v1
pos_synthetic,144,2,O24,positional_synthetic_v1
pos_synthetic,144,3,S00,positional_synthetic_v1
pos_synthetic,145,1,T01,positional_synthetic_v1
pos_synthetic,145,2,O04,positional_synthetic_v1
pos_synthetic,145,3,O01,positional_synthetic_v1
pos_synthetic,145,4,O08,positional_synthetic_v1
pos_synthetic,145,5,O26,positional_synthetic_v1
pos_synthetic,145,6,O24,positional_synthetic_v1
pos_synthetic,145,7,S00,positional_synthetic_v1
pos_synthetic,146,1,T07,positional_synthetic_v1
pos_synthetic,146,2,O14,positional_synthetic_v1
pos_synthetic,146,3,O00,positional_synthetic_v1
pos_synthetic,146,4,O23,positional_synthetic_v1
pos_synthetic,146,5,O17,positional_synthetic_v1
pos_synthetic,146,6,S01,positional_synthetic_v1
pos_synthetic,147,1,O01,positional_synthetic_v1
pos_synthetic,147,2,O00,positional_synthetic_v1
pos_synthetic,147,3,O01,positional_synthetic_v1
pos_synthetic,147,4,O11,positional_synthetic_v1
pos_synthetic,147,5,O00,positional_synthetic_v1
pos_synthetic,147,6,S00,positional_synthetic_v1
pos_synthetic,148,1,T01,positional_synthetic_v1
pos_synthetic,148,2,O23,positional_synthetic_v1
pos_synthetic,148,3,O01,positional_synthetic_v1
pos_synthetic,148,4,O01,positional_synthetic_v1
pos_synthetic,148,5,O08,positional_synthetic_v1
pos_synthetic,148,6,N01,positional_synthetic_v1
pos_synthetic,149,1,T00,positional_synthetic_v1
pos_synthetic,149,2,O02,positional_synthetic_v1
pos_synthetic,149,3,O00,positional_synthetic_v1
pos_synthetic,150,1,T00,positional_synthetic_v1
pos_synthetic,150,2,O02,positional_synthetic_v1
pos_synthetic,150,3,O01,positional_synthetic_v1
pos_synthetic,150,4,N05,positional_synthetic_v1
pos_synthetic,151,1,T00,positional_synthetic_v1
pos_synthetic,151,2,O03,positional_synthetic_v1
pos_synthetic,151,3,O04,positional_synthetic_v1
pos_synthetic,151,4,O00,positional_synthetic_v1
pos_synthetic,151,5,O05,positional_synthetic_v1
pos_synthetic,152,1,T00,positional_synthetic_v1
pos_synthetic,152,2,O30,positional_synthetic_v1
pos_synthetic,152,3,O00,positional_synthetic_v1
pos_synthetic,152,4,T00,positional_synthetic_v1
pos_synthetic,152,5,T00,positional_synthetic_v1
pos_synthetic,152,6,O39,positional_synthetic_v1
pos_synthetic,152,7,S01,positional_synthetic_v1
pos_synthetic,153,1,T00,positional_synthetic_v1
pos_synthetic,153,2,O09,positional_synthetic_v1
pos_synthetic,153,3,O00,positional_synthetic_v1
pos_synthetic,153,4,S00,positional_synthetic_v1
pos_synthetic,154,1,T00,positional_synthetic_v1
pos_synthetic,154,2,O00,positional_synthetic_v1
pos_synthetic,154,3,O02,positional_synthetic_v1
pos_synthetic,154,4,O03,positional_synthetic_v1
pos_synthetic,154,5,O00,positional_synthetic_v1
pos_synthetic,154,6,N03,positional_synthetic_v1
pos_synthetic,155,1,T01,positional_synthetic_v1
pos_synthetic,155,2,O02,positional_synthetic_v1
pos_synthetic,155,3,T01,positional_synthetic_v1
pos_synthetic,155,4,O01,positional_synthetic_v1
pos_synthetic,155,5,O03,positional_synthetic_v1
pos_synthetic,155,6,O00,positional_synthetic_v1
pos_synthetic,155,7,N00,positional_synthetic_v1
pos_synthetic,156,1,T04,positional_synthetic_v1
pos_synthetic,156,2,O28,positional_synthetic_v1
pos_synthetic,156,3,O01,positional_synthetic_v1
pos_synthetic,156,4,S00,positional_synthetic_v1
pos_synthetic,156,5,O05,positional_synthetic_v1
pos_synthetic,156,6,N00,positional_synthetic_v1
pos_synthetic,157,1,T00,positional_synthetic_v1
pos_synthetic,157,2,O00,positional_synthetic_v1
pos_synthetic,157,3,O07,positional_synthetic_v1
pos_synthetic,157,4,O05,positional_synthetic_v1
pos_synthetic,157,5,N00,positional_synthetic_v1
pos_synthetic,158,1,O00,positional_synthetic_v1
pos_synthetic,158,2,O00,positional_synthetic_v1
pos_synthetic,158,3,N02,positional_synthetic_v1
pos_synthetic,159,1,T00,positional_synthetic_v1
pos_synthetic,159,2,O00,positional_synthetic_v1
pos_synthetic,159,3,O11,positional_synthetic_v1
pos_synthetic,159,4,S01,positional_synthetic_v1
pos_synthetic,160,1,T00,positional_synthetic_v1
pos_synthetic,160,2,O00,positional_synthetic_v1
pos_synthetic,160,3,N00,positional_synthetic_v1
pos_synthetic,161,1,T02,positional_synthetic_v1
pos_synthetic,161,2,O16,positional_synthetic_v1
pos_synthetic,161,3,O13,positional_synthetic_v1
pos_synthetic,161,4,O01,positional_synthetic_v1
pos_synthetic,161,5,O05,positional_synthetic_v1
pos_synthetic,161,6,O00,positional_synthetic_v1
pos_synthetic,162,1,O00,positional_synthetic_v1
pos_synthetic,162,2,O20,positional_synthetic_v1
pos_synthetic,162,3,O00,positional_synthetic_v1
pos_synthetic,162,4,O00,positional_synthetic_v1
pos_synthetic,162,5,O00,positional_synthetic_v1
pos_synthetic,162,6,O00,positional_synthetic_v1
pos_synthetic,162,7,N00,positional_synthetic_v1
pos_synthetic,163,1,O03,positional_synthetic_v1
pos_synthetic,163,2,O01,positional_synthetic_v1
pos_synthetic,163,3,N05,positional_synthetic_v1
pos_synthetic,164,1,T04,positional_synthetic_v1
pos_synthetic,164,2,O01,positional_synthetic_v1
pos_synthetic,164,3,O00,positional_synthetic_v1
pos_synthetic,164,4,N00,positional_synthetic_v1
pos_synthetic,165,1,T01,positional_synthetic_v1
pos_synthetic,165,2,O00,positional_synthetic_v1
pos_synthetic,165,3,O04,positional_synthetic_v1
pos_synthetic,166,1,T00,positional_synthetic_v1
pos_synthetic,166,2,O03,positional_synthetic_v1
pos_synthetic,166,3,T01,positional_synthetic_v1
pos_synthetic,166,4,O00,positional_synthetic_v1
pos_synthetic,166,5,O28,positional_synthetic_v1
pos_synthetic,166,6,O09,positional_synthetic_v1
pos_synthetic,166,7,N00,positional_synthetic_v1
pos_synthetic,167,1,O17,positional_synthetic_v1
pos_synthetic,167,2,O02,positional_synthetic_v1
pos_synthetic,167,3,O20,positional_synthetic_v1
pos_synthetic,167,4,O11,positional_synthetic_v1
pos_synthetic,167,5,S00,positional_synthetic_v1
pos_synthetic,168,1,T00,positional_synthetic_v1
pos_synthetic,168,2,O03,positional_synthetic_v1
pos_synthetic,168,3,S00,positional_synthetic_v1
pos_synthetic,169,1,T00,positional_synthetic_v1
pos_synthetic,169,2,O14,positional_synthetic_v1
pos_synthetic,169,3,O36,positional_synthetic_v1
pos_synthetic,169,4,S00,positional_synthetic_v1
pos_synthetic,170,1,T00,positional_synthetic_v1
pos_synthetic,170,2,O00,positional_synthetic_v1
pos_synthetic,170,3,S00,positional_synthetic_v1
pos_synthetic,171,1,T01,positional_synthetic_v1
pos_synthetic,171,2,O00,positional_synthetic_v1
pos_synthetic,171,3,O03,positional_synthetic_v1
pos_synthetic,171,4,O05,positional_synthetic_v1
pos_synthetic,171,5,O13,positional_synthetic_v1
pos_synthetic,171,6,S00,positional_synthetic_v1
pos_synthetic,172,1,T00,positional_synthetic_v1
pos_synthetic,172,2,O21,positional_synthetic_v1
pos_synthetic,172,3,O18,positional_synthetic_v1
pos_synthetic,172,4,O04,positional_synthetic_v1
pos_synthetic,172,5,N01,positional_synthetic_v1
pos_synthetic,173,1,T02,positional_synthetic_v1
pos_synthetic,173,2,O00,positional_synthetic_v1
pos_synthetic,173,3,S00,positional_synthetic_v1
pos_synthetic,174,1,T00,positional_synthetic_v1
pos_synthetic,174,2,O02,positional_synthetic_v1
pos_synthetic,174,3,O00,positional_synthetic_v1
pos_synthetic,174,4,O00,positional_synthetic_v1
pos_synthetic,174,5,N03,positional_synthetic_v1
pos_synthetic,175,1,T00,positional_synthetic_v1
pos_synthetic,175,2,O04,positional_synthetic_v1
pos_synthetic,175,3,O00,positional_synthetic_v1
pos_synthetic,175,4,N00,positional_synthetic_v1
pos_synthetic,176,1,T00,positional_synthetic_v1
pos_synthetic,176,2,O01,positional_synthetic_v1
pos_synthetic,176,3,S00,positional_synthetic_v1
pos_synthetic,177,1,T01,positional_synthetic_v1
pos_synthetic,177,2,O02,positional_synthetic_v1
pos_synthetic,177,3,O05,positional_synthetic_v1
pos_synthetic,177,4,O26,positional_synthetic_v1
pos_synthetic,177,5,T03,positional_synthetic_v1
pos_synthetic,177,6,N00,positional_synthetic_v1
pos_synthetic,178,1,T00,positional_synthetic_v1
pos_synthetic,178,2,O00,positional_synthetic_v1
pos_synthetic,178,3,O04,positional_synthetic_v1
pos_synthetic,178,4,O00,positional_synthetic_v1
pos_synthetic,178,5,O02,positional_synthetic_v1
pos_synthetic,178,6,O04,positional_synthetic_v1
pos_synthetic,178,7,S02,positional_synthetic_v1
pos_synthetic,179,1,T00,positional_synthetic_v1
pos_synthetic,179,2,O00,positional_synthetic_v1
pos_synthetic,179,3,O08,positional_synthetic_v1
pos_synthetic,179,4,S00,positional_synthetic_v1
pos_synthetic,179,5,N02,positional_synthetic_v1
pos_synthetic,180,1,O01,positional_synthetic_v1
pos_synthetic,180,2,O00,positional_synthetic_v1
pos_synthetic,180,3,O13,positional_synthetic_v1
pos_synthetic,180,4,O11,positional_synthetic_v1
pos_synthetic,181,1,T02,positional_synthetic_v1
pos_synthetic,181,2,O00,positional_synthetic_v1
pos_synthetic,181,3,O04,positional_synthetic_v1
pos_synthetic,181,4,N00,positional_synthetic_v1
pos_synthetic,182,1,T00,positional_synthetic_v1
pos_synthetic,182,2,O23,positional_synthetic_v1
pos_synthetic,182,3,N00,positional_synthetic_v1
pos_synthetic,183,1,T06,positional_synthetic_v1
pos_synthetic,183,2,O01,positional_synthetic_v1
pos_synthetic,183,3,O00,positional_synthetic_v1
pos_synthetic,183,4,O03,positional_synthetic_v1
pos_synthetic,183,5,O17,positional_synthetic_v1
pos_synthetic,183,6,O08,positional_synthetic_v1
pos_synthetic,183,7,S01,positional_synthetic_v1
pos_synthetic,184,1,T02,positional_synthetic_v1
pos_synthetic,184,2,O15,positional_synthetic_v1
pos_synthetic,184,3,N00,positional_synthetic_v1
pos_synthetic,185,1,T01,positional_synthetic_v1
pos_synthetic,185,2,O00,positional_synthetic_v1
pos_synthetic,185,3,O36,positional_synthetic_v1
pos_synthetic,185,4,S03,positional_synthetic_v1
pos_synthetic,185,5,S01,positional_synthetic_v1
pos_synthetic,186,1,T06,positional_synthetic_v1
pos_synthetic,186,2,O00,positional_synthetic_v1
pos_synthetic,186,3,N01,positional_synthetic_v1
pos_synthetic,187,1,T05,positional_synthetic_v1
pos_synthetic,187,2,O00,positional_synthetic_v1
pos_synthetic,187,3,S00,positional_synthetic_v1
pos_synthetic,188,1,T06,positional_synthetic_v1
pos_synthetic,188,2,O32,positional_synthetic_v1
pos_synthetic,188,3,O27,positional_synthetic_v1
pos_synthetic,188,4,O02,positional_synthetic_v1
pos_synthetic,188,5,O16,positional_synthetic_v1
pos_synthetic,188,6,S00,positional_synthetic_v1
pos_synthetic,189,1,T04,positional_synthetic_v1
pos_synthetic,189,2,O00,positional_synthetic_v1
pos_synthetic,189,3,O04,positional_synthetic_v1
pos_synthetic,189,4,N00,positional_synthetic_v1
pos_synthetic,190,1,T00,positional_synthetic_v1
pos_synthetic,190,2,O00,positional_synthetic_v1
pos_synthetic,190,3,O06,positional_synthetic_v1
pos_synthetic,190,4,O01,positional_synthetic_v1
pos_synthetic,190,5,N02,positional_synthetic_v1
pos_synthetic,191,1,T00,positional_synthetic_v1
pos_synthetic,191,2,O01,positional_synthetic_v1
pos_synthetic,191,3,O03,positional_synthetic_v1
pos_synthetic,191,4,O11,positional_synthetic_v1
pos_synthetic,191,5,N00,positional_synthetic_v1
pos_synthetic,192,1,O04,positional_synthetic_v1
pos_synthetic,192,2,O19,positional_synthetic_v1
pos_synthetic,192,3,O04,positional_synthetic_v1
pos_synthetic,192,4,O00,positional_synthetic_v1
pos_synthetic,192,5,O00,positional_synthetic_v1
pos_synthetic,192,6,O17,positional_synthetic_v1
pos_synthetic,192,7,S02,positional_synthetic_v1
pos_synthetic,193,1,T01,positional_synthetic_v1
pos_synthetic,193,2,O26,positional_synthetic_v1
pos_synthetic,193,3,O11,positional_synthetic_v1
pos_synthetic,193,4,O39,positional_synthetic_v1
pos_synthetic,193,5,O01,positional_synthetic_v1
pos_synthetic,193,6,O09,positional_synthetic_v1
pos_synthetic,193,7,N00,positional_synthetic_v1
pos_synthetic,194,1,T01,positional_synthetic_v1
pos_synthetic,194,2,O04,positional_synthetic_v1
pos_synthetic,194,3,O17,positional_synthetic_v1
pos_synthetic,194,4,T07,positional_synthetic_v1
pos_synthetic,194,5,O09,positional_synthetic_v1
pos_synthetic,194,6,O01,positional_synthetic_v1
pos_synthetic,194,7,N00,positional_synthetic_v1
pos_synthetic,195,1,T03,positional_synthetic_v1
pos_synthetic,195,2,O00,positional_synthetic_v1
pos_synthetic,195,3,S00,positional_synthetic_v1
pos_synthetic,195,4,S00,positional_synthetic_v1
pos_synthetic,196,1,O00,positional_synthetic_v1
pos_synthetic,196,2,O00,positional_synthetic_v1
pos_synthetic,196,3,T00,positional_synthetic_v1
pos_synthetic,196,4,O00,positional_synthetic_v1
pos_synthetic,196,5,O36,positional_synthetic_v1
pos_synthetic,196,6,O01,positional_synthetic_v1
pos_synthetic,196,7,S01,positional_synthetic_v1
pos_synthetic,197,1,O00,positional_synthetic_v1
pos_synthetic,197,2,O28,positional_synthetic_v1
pos_synthetic,197,3,O10,positional_synthetic_v1
pos_synthetic,197,4,O00,positional_synthetic_v1
pos_synthetic,197,5,O01,positional_synthetic_v1
pos_synthetic,197,6,O18,positional_synthetic_v1
pos_synthetic,197,7,S00,positional_synthetic_v1
pos_synthetic,198,1,T01,positional_synthetic_v1
pos_synthetic,198,2,O00,positional_synthetic_v1
pos_synthetic,198,3,O37,positional_synthetic_v1
pos_synthetic,198,4,O00,positional_synthetic_v1
pos_synthetic,198,5,O27,positional_synthetic_v1
pos_synthetic,198,6,N02,positional_synthetic_v1
pos_synthetic,199,1,O04,positional_synthetic_v1
pos_synthetic,199,2,O02,positional_synthetic_v1
pos_synthetic,199,3,O00,positional_synthetic_v1
pos_synthetic,199,4,O00,positional_synthetic_v1
pos_synthetic,199,5,O00,positional_synthetic_v1
pos_synthetic,199,6,O00,positional_synthetic_v1
pos_synthetic,199,7,O10,positional_synthetic_v1
pos_synthetic,200,1,O01,positional_synthetic_v1
pos_synthetic,200,2,S00,positional_synthetic_v1
pos_synthetic,200,3,O32,positional_synthetic_v1
pos_synthetic,200,4,N05,positional_synthetic_v1
pos_synthetic,201,1,O24,positional_synthetic_v1
pos_synthetic,201,2,O38,positional_synthetic_v1
pos_synthetic,201,3,O00,positional_synthetic_v1
pos_synthetic,201,4,O01,positional_synthetic_v1
pos_synthetic,201,5,O09,positional_synthetic_v1
pos_synthetic,201,6,O06,positional_synthetic_v1
pos_synthetic,201,7,N00,positional_synthetic_v1
pos_synthetic,202,1,O12,positional_synthetic_v1
pos_synthetic,202,2,O00,positional_synthetic_v1
pos_synthetic,202,3,O00,positional_synthetic_v1
pos_synthetic,202,4,S01,positional_synthetic_v1
pos_synthetic,203,1,T01,positional_synthetic_v1
pos_synthetic,203,2,O00,positional_synthetic_v1
pos_synthetic,203,3,O18,positional_synthetic_v1
pos_synthetic,203,4,T00,positional_synthetic_v1
pos_synthetic,203,5,O00,positional_synthetic_v1
pos_synthetic,204,1,T05,positional_synthetic_v1
pos_synthetic,204,2,O29,positional_synthetic_v1
pos_synthetic,204,3,O16,positional_synthetic_v1
pos_synthetic,204,4,O12,positional_synthetic_v1
pos_synthetic,204,5,S01,positional_synthetic_v1
pos_synthetic,205,1,T00,positional_synthetic_v1
pos_synthetic,205,2,T00,positional_synthetic_v1
pos_synthetic,205,3,S00,positional_synthetic_v1
pos_synthetic,205,4,O00,positional_synthetic_v1
pos_synthetic,205,5,O07,positional_synthetic_v1
pos_synthetic,205,6,N01,positional_synthetic_v1
pos_synthetic,206,1,T00,positional_synthetic_v1
pos_synthetic,206,2,O00,positional_synthetic_v1
pos_synthetic,206,3,O06,positional_synthetic_v1
pos_synthetic,206,4,O00,positional_synthetic_v1
pos_synthetic,206,5,O15,positional_synthetic_v1
pos_synthetic,206,6,O02,positional_synthetic_v1
pos_synthetic,206,7,S01,positional_synthetic_v1
pos_synthetic,207,1,T04,positional_synthetic_v1
pos_synthetic,207,2,T00,positional_synthetic_v1
pos_synthetic,207,3,O06,positional_synthetic_v1
pos_synthetic,207,4,O03,positional_synthetic_v1
pos_synthetic,207,5,O00,positional_synthetic_v1
pos_synthetic,207,6,N05,positional_synthetic_v1
pos_synthetic,208,1,T03,positional_synthetic_v1
pos_synthetic,208,2,O05,positional_synthetic_v1
pos_synthetic,208,3,O15,positional_synthetic_v1
pos_synthetic,208,4,S01,positional_synthetic_v1
pos_synthetic,209,1,T04,positional_synthetic_v1
pos_synthetic,209,2,O06,positional_synthetic_v1
pos_synthetic,209,3,O06,positional_synthetic_v1
pos_synthetic,209,4,T02,positional_synthetic_v1
pos_synthetic,209,5,O09,positional_synthetic_v1
pos_synthetic,209,6,T00,positional_synthetic_v1
pos_synthetic,209,7,S02,positional_synthetic_v1
pos_synthetic,210,1,T00,positional_synthetic_v1
pos_synthetic,210,2,S02,positional_synthetic_v1
pos_synthetic,210,3,N00,positional_synthetic_v1
pos_synthetic,211,1,T00,positional_synthetic_v1
pos_synthetic,211,2,O08,positional_synthetic_v1
pos_synthetic,211,3,S02,positional_synthetic_v1
pos_synthetic,212,1,T04,positional_synthetic_v1
pos_synthetic,212,2,O02,positional_synthetic_v1
pos_synthetic,212,3,O00,positional_synthetic_v1
pos_synthetic,212,4,O00,positional_synthetic_v1
pos_synthetic,212,5,O04,positional_synthetic_v1
pos_synthetic,212,6,O35,positional_synthetic_v1
pos_synthetic,212,7,S00,positional_synthetic_v1
pos_synthetic,213,1,T02,positional_synthetic_v1
pos_synthetic,213,2,O03,positional_synthetic_v1
pos_synthetic,213,3,O10,positional_synthetic_v1
pos_synthetic,213,4,O00,positional_synthetic_v1
pos_synthetic,213,5,O09,positional_synthetic_v1
pos_synthetic,213,6,S03,positional_synthetic_v1
pos_synthetic,214,1,T00,positional_synthetic_v1
pos_synthetic,214,2,T02,positional_synthetic_v1
pos_synthetic,214,3,O25,positional_synthetic_v1
pos_synthetic,214,4,O00,positional_synthetic_v1
pos_synthetic,214,5,O26,positional_synthetic_v1
pos_synthetic,214,6,T02,positional_synthetic_v1
pos_synthetic,214,7,S00,positional_synthetic_v1
pos_synthetic,215,1,T02,positional_synthetic_v1
pos_synthetic,215,2,O00,positional_synthetic_v1
pos_synthetic,215,3,O03,positional_synthetic_v1
pos_synthetic,215,4,O01,positional_synthetic_v1
pos_synthetic,215,5,S00,positional_synthetic_v1
pos_synthetic,216,1,T04,positional_synthetic_v1
pos_synthetic,216,2,O33,positional_synthetic_v1
pos_synthetic,216,3,O32,positional_synthetic_v1
pos_synthetic,216,4,O08,positional_synthetic_v1
pos_synthetic,216,5,O00,positional_synthetic_v1
pos_synthetic,216,6,N03,positional_synthetic_v1
pos_synthetic,217,1,T00,positional_synthetic_v1
pos_synthetic,217,2,O00,positional_synthetic_v1
pos_synthetic,217,3,O01,positional_synthetic_v1
pos_synthetic,217,4,S02,positional_synthetic_v1
pos_synthetic,218,1,T02,positional_synthetic_v1
pos_synthetic,218,2,O01,positional_synthetic_v1
pos_synthetic,218,3,O00,positional_synthetic_v1
pos_synthetic,218,4,O39,positional_synthetic_v1
pos_synthetic,218,5,O01,positional_synthetic_v1
pos_synthetic,218,6,O02,positional_synthetic_v1
pos_synthetic,218,7,S02,positional_synthetic_v1
pos_synthetic,219,1,T02,positional_synthetic_v1
pos_synthetic,219,2,O00,positional_synthetic_v1
pos_synthetic,219,3,N00,positional_synthetic_v1
pos_synthetic,220,1,O06,positional_synthetic_v1
pos_synthetic,220,2,O05,positional_synthetic_v1
pos_synthetic,220,3,O00,positional_synthetic_v1
pos_synthetic,220,4,S00,positional_synthetic_v1
pos_synthetic,221,1,T01,positional_synthetic_v1
pos_synthetic,221,2,O27,positional_synthetic_v1
pos_synthetic,221,3,N00,positional_synthetic_v1
pos_synthetic,222,1,T02,positional_synthetic_v1
pos_synthetic,222,2,O01,positional_synthetic_v1
pos_synthetic,222,3,S03,positional_synthetic_v1
pos_synthetic,223,1,T00,positional_synthetic_v1
pos_synthetic,223,2,O20,positional_synthetic_v1
pos_synthetic,223,3,N00,positional_synthetic_v1
pos_synthetic,224,1,O00,positional_synthetic_v1
pos_synthetic,224,2,T00,positional_synthetic_v1
pos_synthetic,224,3,O05,positional_synthetic_v1
pos_synthetic,224,4,N00,positional_synthetic_v1
pos_synthetic,225,1,T04,positional_synthetic_v1
pos_synthetic,225,2,O02,positional_synthetic_v1
pos_synthetic,225,3,N07,positional_synthetic_v1
pos_synthetic,226,1,T00,positional_synthetic_v1
pos_synthetic,226,2,O17,positional_synthetic_v1
pos_synthetic,226,3,O10,positional_synthetic_v1
pos_synthetic,226,4,O10,positional_synthetic_v1
pos_synthetic,226,5,S02,positional_synthetic_v1
pos_synthetic,227,1,O04,positional_synthetic_v1
pos_synthetic,227,2,O00,positional_synthetic_v1
pos_synthetic,227,3,O00,positional_synthetic_v1
pos_synthetic,227,4,O23,positional_synthetic_v1
pos_synthetic,227,5,O04,positional_synthetic_v1
pos_synthetic,227,6,N03,positional_synthetic_v1
pos_synthetic,228,1,O02,positional_synthetic_v1
pos_synthetic,228,2,O00,positional_synthetic_v1
pos_synthetic,228,3,O00,positional_synthetic_v1
pos_synthetic,228,4,O06,positional_synthetic_v1
pos_synthetic,228,5,N01,positional_synthetic_v1
pos_synthetic,229,1,T00,positional_synthetic_v1
pos_synthetic,229,2,O02,positional_synthetic_v1
pos_synthetic,229,3,O00,positional_synthetic_v1
pos_synthetic,229,4,O03,positional_synthetic_v1
pos_synthetic,229,5,O00,positional_synthetic_v1
pos_synthetic,229,6,O11,positional_synthetic_v1
pos_synthetic,229,7,S00,positional_synthetic_v1
pos_synthetic,230,1,T00,positional_synthetic_v1
pos_synthetic,230,2,O00,positional_synthetic_v1
pos_synthetic,230,3,S00,positional_synthetic_v1
pos_synthetic,230,4,O02,positional_synthetic_v1
pos_synthetic,230,5,O04,positional_synthetic_v1
pos_synthetic,230,6,O00,positional_synthetic_v1
pos_synthetic,230,7,S02,positional_synthetic_v1
pos_synthetic,231,1,T03,positional_synthetic_v1
pos_synthetic,231,2,O00,positional_synthetic_v1
pos_synthetic,231,3,O02,positional_synthetic_v1
pos_synthetic,231,4,O00,positional_synthetic_v1
pos_synthetic,231,5,O00,positional_synthetic_v1
pos_synthetic,231,6,O36,positional_synthetic_v1
pos_synthetic,231,7,O00,positional_synthetic_v1
pos_synthetic,232,1,T01,positional_synthetic_v1
pos_synthetic,232,2,O04,positional_synthetic_v1
pos_synthetic,232,3,O07,positional_synthetic_v1
pos_synthetic,232,4,O03,positional_synthetic_v1
pos_synthetic,232,5,S00,positional_synthetic_v1
pos_synthetic,232,6,O01,positional_synthetic_v1
pos_synthetic,232,7,S00,positional_synthetic_v1
pos_synthetic,233,1,O01,positional_synthetic_v1
pos_synthetic,233,2,O00,positional_synthetic_v1
pos_synthetic,233,3,O00,positional_synthetic_v1
pos_synthetic,233,4,O01,positional_synthetic_v1
pos_synthetic,233,5,S01,positional_synthetic_v1
pos_synthetic,234,1,T02,positional_synthetic_v1
pos_synthetic,234,2,O11,positional_synthetic_v1
pos_synthetic,234,3,O00,positional_synthetic_v1
pos_synthetic,234,4,N00,positional_synthetic_v1
pos_synthetic,235,1,T00,positional_synthetic_v1
pos_synthetic,235,2,O05,positional_synthetic_v1
pos_synthetic,235,3,O07,positional_synthetic_v1
pos_synthetic,235,4,O00,positional_synthetic_v1
pos_synthetic,235,5,O26,positional_synthetic_v1
pos_synthetic,235,6,O00,positional_synthetic_v1
pos_synthetic,235,7,N01,positional_synthetic_v1
pos_synthetic,236,1,O07,positional_synthetic_v1
pos_synthetic,236,2,T04,positional_synthetic_v1
pos_synthetic,236,3,N02,positional_synthetic_v1
pos_synthetic,237,1,T03,positional_synthetic_v1
pos_synthetic,237,2,O01,positional_synthetic_v1
pos_synthetic,237,3,O12,positional_synthetic_v1
pos_synthetic,237,4,O00,positional_synthetic_v1
pos_synthetic,237,5,T05,positional_synthetic_v1
pos_synthetic,237,6,O03,positional_synthetic_v1
pos_synthetic,237,7,N04,positional_synthetic_v1
pos_synthetic,238,1,T01,positional_synthetic_v1
pos_synthetic,238,2,O05,positional_synthetic_v1
pos_synthetic,238,3,O02,positional_synthetic_v1
pos_synthetic,238,4,O08,positional_synthetic_v1
pos_synthetic,238,5,S00,positional_synthetic_v1
pos_synthetic,239,1,T00,positional_synthetic_v1
pos_synthetic,239,2,O00,positional_synthetic_v1
pos_synthetic,239,3,O17,positional_synthetic_v1
pos_synthetic,239,4,O00,positional_synthetic_v1
pos_synthetic,239,5,O34,positional_synthetic_v1
pos_synthetic,239,6,N00,positional_synthetic_v1
pos_synthetic,240,1,O00,positional_synthetic_v1
pos_synthetic,240,2,O11,positional_synthetic_v1
pos_synthetic,240,3,O05,positional_synthetic_v1
pos_synthetic,240,4,O02,positional_synthetic_v1
pos_synthetic,240,5,S01,positional_synthetic_v1
pos_synthetic,241,1,T00,positional_synthetic_v1
pos_synthetic,241,2,O39,positional_synthetic_v1
pos_synthetic,241,3,S03,positional_synthetic_v1
pos_synthetic,241,4,O05,positional_synthetic_v1
pos_synthetic,241,5,S01,positional_synthetic_v1
pos_synthetic,242,1,O00,positional_synthetic_v1
pos_synthetic,242,2,O00,positional_synthetic_v1
pos_synthetic,242,3,O00,positional_synthetic_v1
pos_synthetic,242,4,S02,positional_synthetic_v1
pos_synthetic,243,1,T02,positional_synthetic_v1
pos_synthetic,243,2,O08,positional_synthetic_v1
pos_synthetic,243,3,O01,positional_synthetic_v1
pos_synthetic,243,4,O01,positional_synthetic_v1
pos_synthetic,243,5,O01,positional_synthetic_v1
pos_synthetic,243,6,O36,positional_synthetic_v1
pos_synthetic,243,7,N00,positional_synthetic_v1
pos_synthetic,244,1,T04,positional_synthetic_v1
pos_synthetic,244,2,O03,positional_synthetic_v1
pos_synthetic,244,3,O01,positional_synthetic_v1
pos_synthetic,245,1,T02,positional_synthetic_v1
pos_synthetic,245,2,T01,positional_synthetic_v1
pos_synthetic,245,3,O17,positional_synthetic_v1
pos_synthetic,245,4,O21,positional_synthetic_v1
pos_synthetic,245,5,O01,positional_synthetic_v1
pos_synthetic,245,6,S01,positional_synthetic_v1
pos_synthetic,246,1,T05,positional_synthetic_v1
pos_synthetic,246,2,O00,positional_synthetic_v1
pos_synthetic,246,3,N02,positional_synthetic_v1
pos_synthetic,247,1,T02,positional_synthetic_v1
pos_synthetic,247,2,O08,positional_synthetic_v1
pos_synthetic,247,3,N00,positional_synthetic_v1
pos_synthetic,248,1,T02,positional_synthetic_v1
pos_synthetic,248,2,O22,positional_synthetic_v1
pos_synthetic,248,3,O00,positional_synthetic_v1
pos_synthetic,248,4,O00,positional_synthetic_v1
pos_synthetic,248,5,O33,positional_synthetic_v1
pos_synthetic,248,6,O00,positional_synthetic_v1
pos_synthetic,248,7,O16,positional_synthetic_v1
pos_synthetic,249,1,T01,positional_synthetic_v1
pos_synthetic,249,2,O00,positional_synthetic_v1
pos_synthetic,249,3,T04,positional_synthetic_v1
pos_synthetic,249,4,N01,positional_synthetic_v1
pos_synthetic,250,1,T01,positional_synthetic_v1
pos_synthetic,250,2,O01,positional_synthetic_v1
pos_synthetic,250,3,O04,positional_synthetic_v1
pos_synthetic,250,4,O00,positional_synthetic_v1
pos_synthetic,250,5,O01,positional_synthetic_v1
pos_synthetic,250,6,S00,positional_synthetic_v1
pos_synthetic,251,1,T02,positional_synthetic_v1
pos_synthetic,251,2,O01,positional_synthetic_v1
pos_synthetic,251,3,O10,positional_synthetic_v1
pos_synthetic,251,4,O00,positional_synthetic_v1
pos_synthetic,251,5,O32,positional_synthetic_v1
pos_synthetic,251,6,O02,positional_synthetic_v1
pos_synthetic,251,7,N00,positional_synthetic_v1
pos_synthetic,252,1,T00,positional_synthetic_v1
pos_synthetic,252,2,O00,positional_synthetic_v1
pos_synthetic,252,3,O02,positional_synthetic_v1
pos_synthetic,252,4,O01,positional_synthetic_v1
pos_synthetic,252,5,O13,positional_synthetic_v1
pos_synthetic,253,1,T01,positional_synthetic_v1
pos_synthetic,253,2,O00,positional_synthetic_v1
pos_synthetic,253,3,N02,positional_synthetic_v1
pos_synthetic,254,1,T02,positional_synthetic_v1
pos_synthetic,254,2,O00,positional_synthetic_v1
pos_synthetic,254,3,O00,positional_synthetic_v1
pos_synthetic,254,4,O00,positional_synthetic_v1
pos_synthetic,254,5,O08,positional_synthetic_v1
pos_synthetic,254,6,O05,positional_synthetic_v1
pos_synthetic,254,7,S02,positional_synthetic_v1
pos_synthetic,255,1,T03,positional_synthetic_v1
pos_synthetic,255,2,O03,positional_synthetic_v1
pos_synthetic,255,3,O17,positional_synthetic_v1
pos_synthetic,255,4,S00,positional_synthetic_v1
pos_synthetic,256,1,T00,positional_synthetic_v1
pos_synthetic,256,2,O00,positional_synthetic_v1
pos_synthetic,256,3,O03,positional_synthetic_v1
pos_synthetic,256,4,S00,positional_synthetic_v1
pos_synthetic,257,1,T00,positional_synthetic_v1
pos_synthetic,257,2,O02,positional_synthetic_v1
pos_synthetic,257,3,N06,positional_synthetic_v1
pos_synthetic,258,1,T00,positional_synthetic_v1
pos_synthetic,258,2,O02,positional_synthetic_v1
pos_synthetic,258,3,O00,positional_synthetic_v1
pos_synthetic,258,4,O00,positional_synthetic_v1
pos_synthetic,258,5,O36,positional_synthetic_v1
pos_synthetic,258,6,N07,positional_synthetic_v1
pos_synthetic,259,1,T00,positional_synthetic_v1
pos_synthetic,259,2,O29,positional_synthetic_v1
pos_synthetic,259,3,O05,positional_synthetic_v1
pos_synthetic,259,4,O17,positional_synthetic_v1
pos_synthetic,259,5,N01,positional_synthetic_v1
pos_synthetic,260,1,T01,positional_synthetic_v1
pos_synthetic,260,2,O02,positional_synthetic_v1
pos_synthetic,260,3,O05,positional_synthetic_v1
pos_synthetic,260,4,O00,positional_synthetic_v1
pos_synthetic,260,5,N00,positional_synthetic_v1
pos_synthetic,261,1,T00,positional_synthetic_v1
pos_synthetic,261,2,O07,positional_synthetic_v1
pos_synthetic,261,3,O00,positional_synthetic_v1
pos_synthetic,261,4,O06,positional_synthetic_v1
pos_synthetic,261,5,S00,positional_synthetic_v1
pos_synthetic,262,1,T02,positional_synthetic_v1
pos_synthetic,262,2,O01,positional_synthetic_v1
pos_synthetic,262,3,O17,positional_synthetic_v1
pos_synthetic,262,4,S01,positional_synthetic_v1
pos_synthetic,263,1,T04,positional_synthetic_v1
pos_synthetic,263,2,O27,positional_synthetic_v1
pos_synthetic,263,3,O06,positional_synthetic_v1
pos_synthetic,263,4,O02,positional_synthetic_v1
pos_synthetic,263,5,S02,positional_synthetic_v1
pos_synthetic,264,1,T01,positional_synthetic_v1
pos_synthetic,264,2,O00,positional_synthetic_v1
pos_synthetic,264,3,N06,positional_synthetic_v1
pos_synthetic,265,1,T02,positional_synthetic_v1
pos_synthetic,265,2,O06,positional_synthetic_v1
pos_synthetic,265,3,O00,positional_synthetic_v1
pos_synthetic,265,4,O05,positional_synthetic_v1
pos_synthetic,265,5,O01,positional_synthetic_v1
pos_synthetic,265,6,O05,positional_synthetic_v1
pos_synthetic,265,7,N00,positional_synthetic_v1
pos_synthetic,266,1,T02,positional_synthetic_v1
pos_synthetic,266,2,O39,positional_synthetic_v1
pos_synthetic,266,3,O00,positional_synthetic_v1
pos_synthetic,266,4,S00,positional_synthetic_v1
pos_synthetic,267,1,T04,positional_synthetic_v1
pos_synthetic,267,2,O10,positional_synthetic_v1
pos_synthetic,267,3,O03,positional_synthetic_v1
pos_synthetic,267,4,O08,positional_synthetic_v1
pos_synthetic,267,5,N05,positional_synthetic_v1
pos_synthetic,268,1,O01,positional_synthetic_v1
pos_synthetic,268,2,O01,positional_synthetic_v1
pos_synthetic,268,3,S02,positional_synthetic_v1
pos_synthetic,269,1,O09,positional_synthetic_v1
pos_synthetic,269,2,O11,positional_synthetic_v1
pos_synthetic,269,3,N01,positional_synthetic_v1
pos_synthetic,270,1,O13,positional_synthetic_v1
pos_synthetic,270,2,T00,positional_synthetic_v1
pos_synthetic,270,3,O03,positional_synthetic_v1
pos_synthetic,270,4,O00,positional_synthetic_v1
pos_synthetic,270,5,S00,positional_synthetic_v1
pos_synthetic,271,1,T00,positional_synthetic_v1
pos_synthetic,271,2,O06,positional_synthetic_v1
pos_synthetic,271,3,O01,positional_synthetic_v1
pos_synthetic,271,4,O02,positional_synthetic_v1
pos_synthetic,271,5,O00,positional_synthetic_v1
pos_synthetic,271,6,O01,positional_synthetic_v1
pos_synthetic,271,7,N00,positional_synthetic_v1
pos_synthetic,272,1,T00,positional_synthetic_v1
pos_synthetic,272,2,T01,positional_synthetic_v1
pos_synthetic,272,3,O05,positional_synthetic_v1
pos_synthetic,272,4,O04,positional_synthetic_v1
pos_synthetic,272,5,S00,positional_synthetic_v1
pos_synthetic,273,1,O16,positional_synthetic_v1
pos_synthetic,273,2,O02,positional_synthetic_v1
pos_synthetic,273,3,O02,positional_synthetic_v1
pos_synthetic,273,4,O00,positional_synthetic_v1
pos_synthetic,273,5,O01,positional_synthetic_v1
pos_synthetic,273,6,O01,positional_synthetic_v1
pos_synthetic,273,7,S01,positional_synthetic_v1
pos_synthetic,274,1,O03,positional_synthetic_v1
pos_synthetic,274,2,T01,positional_synthetic_v1
pos_synthetic,274,3,O09,positional_synthetic_v1
pos_synthetic,274,4,O12,positional_synthetic_v1
pos_synthetic,274,5,S03,positional_synthetic_v1
pos_synthetic,275,1,T00,positional_synthetic_v1
pos_synthetic,275,2,T00,positional_synthetic_v1
pos_synthetic,275,3,O00,positional_synthetic_v1
pos_synthetic,275,4,O05,positional_synthetic_v1
pos_synthetic,275,5,S02,positional_synthetic_v1
pos_synthetic,275,6,O00,positional_synthetic_v1
pos_synthetic,275,7,S00,positional_synthetic_v1
pos_synthetic,276,1,O26,positional_synthetic_v1
pos_synthetic,276,2,O01,positional_synthetic_v1
pos_synthetic,276,3,O00,positional_synthetic_v1
pos_synthetic,276,4,O02,positional_synthetic_v1
pos_synthetic,276,5,O00,positional_synthetic_v1
pos_synthetic,276,6,O00,positional_synthetic_v1
pos_synthetic,276,7,S02,positional_synthetic_v1
pos_synthetic,277,1,T01,positional_synthetic_v1
pos_synthetic,277,2,O00,positional_synthetic_v1
pos_synthetic,277,3,O04,positional_synthetic_v1
pos_synthetic,277,4,N02,positional_synthetic_v1
pos_synthetic,278,1,T00,positional_synthetic_v1
pos_synthetic,278,2,O01,positional_synthetic_v1
pos_synthetic,278,3,O00,positional_synthetic_v1
pos_synthetic,278,4,O00,positional_synthetic_v1
pos_synthetic,278,5,O06,positional_synthetic_v1
pos_synthetic,278,6,N00,positional_synthetic_v1
pos_synthetic,279,1,T01,positional_synthetic_v1
pos_synthetic,279,2,O07,positional_synthetic_v1
pos_synthetic,279,3,S00,positional_synthetic_v1
pos_synthetic,279,4,O03,positional_synthetic_v1
pos_synthetic,279,5,S00,positional_synthetic_v1
pos_synthetic,279,6,O31,positional_synthetic_v1
pos_synthetic,279,7,N01,positional_synthetic_v1
pos_synthetic,280,1,T03,positional_synthetic_v1
pos_synthetic,280,2,O03,positional_synthetic_v1
pos_synthetic,280,3,O00,positional_synthetic_v1
pos_synthetic,280,4,N02,positional_synthetic_v1
pos_synthetic,281,1,T06,positional_synthetic_v1
pos_synthetic,281,2,O04,positional_synthetic_v1
pos_synthetic,281,3,O13,positional_synthetic_v1
pos_synthetic,281,4,O19,positional_synthetic_v1
pos_synthetic,281,5,O00,positional_synthetic_v1
pos_synthetic,281,6,S01,positional_synthetic_v1
pos_synthetic,282,1,T00,positional_synthetic_v1
pos_synthetic,282,2,O14,positional_synthetic_v1
pos_synthetic,282,3,T05,positional_synthetic_v1
pos_synthetic,282,4,O01,positional_synthetic_v1
pos_synthetic,282,5,T00,positional_synthetic_v1
pos_synthetic,282,6,S00,positional_synthetic_v1
pos_synthetic,283,1,T04,positional_synthetic_v1
pos_synthetic,283,2,S00,positional_synthetic_v1
pos_synthetic,283,3,O05,positional_synthetic_v1
pos_synthetic,283,4,O00,positional_synthetic_v1
pos_synthetic,283,5,S01,positional_synthetic_v1
pos_synthetic,283,6,S01,positional_synthetic_v1
pos_synthetic,284,1,T00,positional_synthetic_v1
pos_synthetic,284,2,O08,positional_synthetic_v1
pos_synthetic,284,3,O16,positional_synthetic_v1
pos_synthetic,284,4,O00,positional_synthetic_v1
pos_synthetic,284,5,O00,positional_synthetic_v1
pos_synthetic,284,6,N00,positional_synthetic_v1
pos_synthetic,285,1,O05,positional_synthetic_v1
pos_synthetic,285,2,O04,positional_synthetic_v1
pos_synthetic,285,3,O03,positional_synthetic_v1
pos_synthetic,285,4,O00,positional_synthetic_v1
pos_synthetic,285,5,O01,positional_synthetic_v1
pos_synthetic,285,6,N01,positional_synthetic_v1
pos_synthetic,286,1,T01,positional_synthetic_v1
pos_synthetic,286,2,O36,positional_synthetic_v1
pos_synthetic,286,3,O00,positional_synthetic_v1
pos_synthetic,286,4,O06,positional_synthetic_v1
pos_synthetic,286,5,O01,positional_synthetic_v1
pos_synthetic,287,1,O01,positional_synthetic_v1
pos_synthetic,287,2,O07,positional_synthetic_v1
pos_synthetic,287,3,S03,positional_synthetic_v1
pos_synthetic,288,1,O00,positional_synthetic_v1
pos_synthetic,288,2,O00,positional_synthetic_v1
pos_synthetic,288,3,O07,positional_synthetic_v1
pos_synthetic,288,4,O03,positional_synthetic_v1
pos_synthetic,288,5,O00,positional_synthetic_v1
pos_synthetic,288,6,S00,positional_synthetic_v1
pos_synthetic,289,1,T05,positional_synthetic_v1
pos_synthetic,289,2,O00,positional_synthetic_v1
pos_synthetic,289,3,O01,positional_synthetic_v1
pos_synthetic,289,4,O00,positional_synthetic_v1
pos_synthetic,289,5,S00,positional_synthetic_v1
pos_synthetic,289,6,S00,positional_synthetic_v1
pos_synthetic,290,1,T00,positional_synthetic_v1
pos_synthetic,290,2,T03,positional_synthetic_v1
pos_synthetic,290,3,N00,positional_synthetic_v1
pos_synthetic,291,1,T01,positional_synthetic_v1
pos_synthetic,291,2,O18,positional_synthetic_v1
pos_synthetic,291,3,N02,positional_synthetic_v1
pos_synthetic,292,1,T01,positional_synthetic_v1
pos_synthetic,292,2,O01,positional_synthetic_v1
pos_synthetic,292,3,O01,positional_synthetic_v1
pos_synthetic,292,4,O05,positional_synthetic_v1
pos_synthetic,292,5,O38,positional_synthetic_v1
pos_synthetic,292,6,O05,positional_synthetic_v1
pos_synthetic,292,7,S01,positional_synthetic_v1
pos_synthetic,293,1,T01,positional_synthetic_v1
pos_synthetic,293,2,O00,positional_synthetic_v1
pos_synthetic,293,3,O03,positional_synthetic_v1
pos_synthetic,293,4,O30,positional_synthetic_v1
pos_synthetic,293,5,N00,positional_synthetic_v1
pos_synthetic,294,1,T02,positional_synthetic_v1
pos_synthetic,294,2,O00,positional_synthetic_v1
pos_synthetic,294,3,O03,positional_synthetic_v1
pos_synthetic,294,4,O00,positional_synthetic_v1
pos_synthetic,294,5,O02,positional_synthetic_v1
pos_synthetic,294,6,O09,positional_synthetic_v1
pos_synthetic,294,7,S01,positional_synthetic_v1
pos_synthetic,295,1,T03,positional_synthetic_v1
pos_synthetic,295,2,O24,positional_synthetic_v1
pos_synthetic,295,3,O00,positional_synthetic_v1
pos_synthetic,295,4,O01,positional_synthetic_v1
pos_synthetic,295,5,O00,positional_synthetic_v1
pos_synthetic,295,6,S03,positional_synthetic_v1
pos_synthetic,296,1,T01,positional_synthetic_v1
pos_synthetic,296,2,O14,positional_synthetic_v1
pos_synthetic,296,3,S01,positional_synthetic_v1
pos_synthetic,297,1,T00,positional_synthetic_v1
pos_synthetic,297,2,O09,positional_synthetic_v1
pos_synthetic,297,3,S00,positional_synthetic_v1
pos_synthetic,297,4,S02,positional_synthetic_v1
pos_synthetic,298,1,T02,positional_synthetic_v1
pos_synthetic,298,2,O00,positional_synthetic_v1
pos_synthetic,298,3,O00,positional_synthetic_v1
pos_synthetic,298,4,O00,positional_synthetic_v1
pos_synthetic,298,5,O01,positional_synthetic_v1
pos_synthetic,298,6,O00,positional_synthetic_v1
pos_synthetic,298,7,N06,positional_synthetic_v1
pos_synthetic,299,1,T01,positional_synthetic_v1
pos_synthetic,299,2,O00,positional_synthetic_v1
pos_synthetic,299,3,O01,positional_synthetic_v1
pos_synthetic,299,4,O01,positional_synthetic_v1
pos_synthetic,299,5,O04,positional_synthetic_v1
pos_synthetic,299,6,O02,positional_synthetic_v1
pos_synthetic,299,7,N05,positional_synthetic_v1
pos_synthetic,300,1,O02,positional_synthetic_v1
pos_synthetic,300,2,O37,positional_synthetic_v1
pos_synthetic,300,3,O15,positional_synthetic_v1
pos_synthetic,300,4,O00,positional_synthetic_v1
pos_synthetic,300,5,O25,positional_synthetic_v1
pos_synthetic,300,6,S02,positional_synthetic_v1
pos_synthetic,301,1,T00,positional_synthetic_v1
pos_synthetic,301,2,O18,positional_synthetic_v1
pos_synthetic,301,3,O17,positional_synthetic_v1
pos_synthetic,301,4,O12,positional_synthetic_v1
pos_synthetic,301,5,O11,positional_synthetic_v1
pos_synthetic,301,6,N00,positional_synthetic_v1
pos_synthetic,302,1,T00,positional_synthetic_v1
pos_synthetic,302,2,O01,positional_synthetic_v1
pos_synthetic,302,3,O00,positional_synthetic_v1
pos_synthetic,302,4,O06,positional_synthetic_v1
pos_synthetic,302,5,T00,positional_synthetic_v1
pos_synthetic,302,6,O33,positional_synthetic_v1
pos_synthetic,303,1,T02,positional_synthetic_v1
pos_synthetic,303,2,O13,positional_synthetic_v1
pos_synthetic,303,3,S02,positional_synthetic_v1
pos_synthetic,304,1,T05,positional_synthetic_v1
pos_synthetic,304,2,O02,positional_synthetic_v1
pos_synthetic,304,3,O04,positional_synthetic_v1
pos_synthetic,304,4,N03,positional_synthetic_v1
pos_synthetic,305,1,T00,positional_synthetic_v1
pos_synthetic,305,2,O02,positional_synthetic_v1
pos_synthetic,305,3,O01,positional_synthetic_v1
pos_synthetic,305,4,O00,positional_synthetic_v1
pos_synthetic,305,5,S00,positional_synthetic_v1
pos_synthetic,306,1,T00,positional_synthetic_v1
pos_synthetic,306,2,O00,positional_synthetic_v1
pos_synthetic,306,3,O31,positional_synthetic_v1
pos_synthetic,306,4,O03,positional_synthetic_v1
pos_synthetic,306,5,N07,positional_synthetic_v1
pos_synthetic,307,1,T01,positional_synthetic_v1
pos_synthetic,307,2,O00,positional_synthetic_v1
pos_synthetic,307,3,N01,positional_synthetic_v1
pos_synthetic,308,1,T01,positional_synthetic_v1
pos_synthetic,308,2,O00,positional_synthetic_v1
pos_synthetic,308,3,S00,positional_synthetic_v1
pos_synthetic,309,1,T02,positional_synthetic_v1
pos_synthetic,309,2,O05,positional_synthetic_v1
pos_synthetic,309,3,O00,positional_synthetic_v1
pos_synthetic,309,4,N00,positional_synthetic_v1
pos_synthetic,310,1,O10,positional_synthetic_v1
pos_synthetic,310,2,O02,positional_synthetic_v1
pos_synthetic,310,3,T00,positional_synthetic_v1
pos_synthetic,310,4,O38,positional_synthetic_v1
pos_synthetic,310,5,O00,positional_synthetic_v1
pos_synthetic,310,6,T02,positional_synthetic_v1
pos_synthetic,310,7,N07,positional_synthetic_v1
pos_synthetic,311,1,T00,positional_synthetic_v1
pos_synthetic,311,2,O00,positional_synthetic_v1
pos_synthetic,311,3,O00,positional_synthetic_v1
pos_synthetic,311,4,O00,positional_synthetic_v1
pos_synthetic,311,5,S01,positional_synthetic_v1
pos_synthetic,312,1,T00,positional_synthetic_v1
pos_synthetic,312,2,O02,positional_synthetic_v1
pos_synthetic,312,3,S02,positional_synthetic_v1
pos_synthetic,313,1,T02,positional_synthetic_v1
pos_synthetic,313,2,O00,positional_synthetic_v1
pos_synthetic,313,3,O04,positional_synthetic_v1
pos_synthetic,313,4,O02,positional_synthetic_v1
pos_synthetic,313,5,N00,positional_synthetic_v1
pos_synthetic,314,1,T00,positional_synthetic_v1
pos_synthetic,314,2,O19,positional_synthetic_v1
pos_synthetic,314,3,O02,positional_synthetic_v1
pos_synthetic,314,4,O00,positional_synthetic_v1
pos_synthetic,315,1,T00,positional_synthetic_v1
pos_synthetic,315,2,O01,positional_synthetic_v1
pos_synthetic,315,3,S01,positional_synthetic_v1
pos_synthetic,316,1,T03,positional_synthetic_v1
pos_synthetic,316,2,O00,positional_synthetic_v1
pos_synthetic,316,3,O01,positional_synthetic_v1
pos_synthetic,317,1,T01,positional_synthetic_v1
pos_synthetic,317,2,O00,positional_synthetic_v1
pos_synthetic,317,3,O00,positional_synthetic_v1
pos_synthetic,317,4,O09,positional_synthetic_v1
pos_synthetic,317,5,S01,positional_synthetic_v1
pos_synthetic,318,1,T00,positional_synthetic_v1
pos_synthetic,318,2,T00,positional_synthetic_v1
pos_synthetic,318,3,S00,positional_synthetic_v1
pos_synthetic,318,4,O34,positional_synthetic_v1
pos_synthetic,318,5,O11,positional_synthetic_v1
pos_synthetic,318,6,O30,positional_synthetic_v1
pos_synthetic,318,7,N01,positional_synthetic_v1
pos_synthetic,319,1,T00,positional_synthetic_v1
pos_synthetic,319,2,O03,positional_synthetic_v1
pos_synthetic,319,3,O02,positional_synthetic_v1
pos_synthetic,319,4,O15,positional_synthetic_v1
pos_synthetic,319,5,O00,positional_synthetic_v1
pos_synthetic,320,1,T01,positional_synthetic_v1
pos_synthetic,320,2,O00,positional_synthetic_v1
pos_synthetic,320,3,O01,positional_synthetic_v1
pos_synthetic,320,4,O08,positional_synthetic_v1
pos_synthetic,320,5,S00,positional_synthetic_v1
pos_synthetic,321,1,T00,positional_synthetic_v1
pos_synthetic,321,2,O02,positional_synthetic_v1
pos_synthetic,321,3,S02,positional_synthetic_v1
pos_synthetic,321,4,S03,positional_synthetic_v1
pos_synthetic,322,1,T03,positional_synthetic_v1
pos_synthetic,322,2,O01,positional_synthetic_v1
pos_synthetic,322,3,N02,positional_synthetic_v1
pos_synthetic,323,1,T01,positional_synthetic_v1
pos_synthetic,323,2,O00,positional_synthetic_v1
pos_synthetic,323,3,T04,positional_synthetic_v1
pos_synthetic,323,4,O00,positional_synthetic_v1
pos_synthetic,323,5,O21,positional_synthetic_v1
pos_synthetic,323,6,O02,positional_synthetic_v1
pos_synthetic,323,7,N02,positional_synthetic_v1
pos_synthetic,324,1,T02,positional_synthetic_v1
pos_synthetic,324,2,O20,positional_synthetic_v1
pos_synthetic,324,3,O05,positional_synthetic_v1
pos_synthetic,324,4,O04,positional_synthetic_v1
pos_synthetic,324,5,O00,positional_synthetic_v1
pos_synthetic,324,6,S00,positional_synthetic_v1
pos_synthetic,325,1,T03,positional_synthetic_v1
pos_synthetic,325,2,O02,positional_synthetic_v1
pos_synthetic,325,3,O06,positional_synthetic_v1
pos_synthetic,325,4,O00,positional_synthetic_v1
pos_synthetic,325,5,S01,positional_synthetic_v1
pos_synthetic,326,1,O00,positional_synthetic_v1
pos_synthetic,326,2,O00,positional_synthetic_v1
pos_synthetic,326,3,S03,positional_synthetic_v1
pos_synthetic,327,1,T03,positional_synthetic_v1
pos_synthetic,327,2,O01,positional_synthetic_v1
pos_synthetic,327,3,S00,positional_synthetic_v1
pos_synthetic,328,1,T03,positional_synthetic_v1
pos_synthetic,328,2,O05,positional_synthetic_v1
pos_synthetic,328,3,N00,positional_synthetic_v1
pos_synthetic,329,1,T00,positional_synthetic_v1
pos_synthetic,329,2,O00,positional_synthetic_v1
pos_synthetic,329,3,O05,positional_synthetic_v1
pos_synthetic,329,4,O09,positional_synthetic_v1
pos_synthetic,329,5,O00,positional_synthetic_v1
pos_synthetic,329,6,S00,positional_synthetic_v1
pos_synthetic,330,1,T07,positional_synthetic_v1
pos_synthetic,330,2,O00,positional_synthetic_v1
pos_synthetic,330,3,O09,positional_synthetic_v1
pos_synthetic,330,4,O04,positional_synthetic_v1
pos_synthetic,330,5,O01,positional_synthetic_v1
pos_synthetic,330,6,S00,positional_synthetic_v1
pos_synthetic,330,7,S01,positional_synthetic_v1
pos_synthetic,331,1,T03,positional_synthetic_v1
pos_synthetic,331,2,O05,positional_synthetic_v1
pos_synthetic,331,3,O02,positional_synthetic_v1
pos_synthetic,331,4,O00,positional_synthetic_v1
pos_synthetic,331,5,O32,positional_synthetic_v1
pos_synthetic,331,6,S00,positional_synthetic_v1
pos_synthetic,332,1,T07,positional_synthetic_v1
pos_synthetic,332,2,O04,positional_synthetic_v1
pos_synthetic,332,3,O03,positional_synthetic_v1
pos_synthetic,332,4,N03,positional_synthetic_v1
pos_synthetic,333,1,T04,positional_synthetic_v1
pos_synthetic,333,2,O05,positional_synthetic_v1
pos_synthetic,333,3,O00,positional_synthetic_v1
pos_synthetic,333,4,O01,positional_synthetic_v1
pos_synthetic,333,5,S00,positional_synthetic_v1
pos_synthetic,334,1,O01,positional_synthetic_v1
pos_synthetic,334,2,O01,positional_synthetic_v1
pos_synthetic,334,3,O01,positional_synthetic_v1
pos_synthetic,334,4,O04,positional_synthetic_v1
pos_synthetic,334,5,O27,positional_synthetic_v1
pos_synthetic,334,6,O00,positional_synthetic_v1
pos_synthetic,334,7,S00,positional_synthetic_v1
pos_synthetic,335,1,T05,positional_synthetic_v1
pos_synthetic,335,2,O05,positional_synthetic_v1
pos_synthetic,335,3,O00,positional_synthetic_v1
pos_synthetic,335,4,O12,positional_synthetic_v1
pos_synthetic,335,5,O16,positional_synthetic_v1
pos_synthetic,335,6,O15,positional_synthetic_v1
pos_synthetic,335,7,N05,positional_synthetic_v1
pos_synthetic,336,1,T00,positional_synthetic_v1
pos_synthetic,336,2,O09,positional_synthetic_v1
pos_synthetic,336,3,O02,positional_synthetic_v1
pos_synthetic,336,4,N04,positional_synthetic_v1
pos_synthetic,337,1,T02,positional_synthetic_v1
pos_synthetic,337,2,O10,positional_synthetic_v1
pos_synthetic,337,3,S01,positional_synthetic_v1
pos_synthetic,337,4,O00,positional_synthetic_v1
pos_synthetic,337,5,O03,positional_synthetic_v1
pos_synthetic,337,6,S03,positional_synthetic_v1
pos_synthetic,338,1,T00,positional_synthetic_v1
pos_synthetic,338,2,O00,positional_synthetic_v1
pos_synthetic,338,3,O00,positional_synthetic_v1
pos_synthetic,338,4,O07,positional_synthetic_v1
pos_synthetic,338,5,N04,positional_synthetic_v1
pos_synthetic,339,1,T00,positional_synthetic_v1
pos_synthetic,339,2,O02,positional_synthetic_v1
pos_synthetic,339,3,O14,positional_synthetic_v1
pos_synthetic,339,4,O08,positional_synthetic_v1
pos_synthetic,339,5,O03,positional_synthetic_v1
pos_synthetic,339,6,N01,positional_synthetic_v1
pos_synthetic,340,1,T01,positional_synthetic_v1
pos_synthetic,340,2,O00,positional_synthetic_v1
pos_synthetic,340,3,O03,positional_synthetic_v1
pos_synthetic,340,4,O06,positional_synthetic_v1
pos_synthetic,340,5,O17,positional_synthetic_v1
pos_synthetic,340,6,O05,positional_synthetic_v1
pos_synthetic,340,7,N03,positional_synthetic_v1
pos_synthetic,341,1,O00,positional_synthetic_v1
pos_synthetic,341,2,O02,positional_synthetic_v1
pos_synthetic,341,3,O00,positional_synthetic_v1
pos_synthetic,341,4,O00,positional_synthetic_v1
pos_synthetic,341,5,O07,positional_synthetic_v1
pos_synthetic,341,6,N07,positional_synthetic_v1
pos_synthetic,342,1,T00,positional_synthetic_v1
pos_synthetic,342,2,O01,positional_synthetic_v1
pos_synthetic,342,3,O11,positional_synthetic_v1
pos_synthetic,342,4,O00,positional_synthetic_v1
pos_synthetic,342,5,O03,positional_synthetic_v1
pos_synthetic,342,6,O08,positional_synthetic_v1
pos_synthetic,342,7,S00,positional_synthetic_v1
pos_synthetic,343,1,T00,positional_synthetic_v1
pos_synthetic,343,2,O10,positional_synthetic_v1
pos_synthetic,343,3,S00,positional_synthetic_v1
pos_synthetic,344,1,T03,positional_synthetic_v1
pos_synthetic,344,2,O00,positional_synthetic_v1
pos_synthetic,344,3,O08,positional_synthetic_v1
pos_synthetic,344,4,S03,positional_synthetic_v1
pos_synthetic,345,1,T00,positional_synthetic_v1
pos_synthetic,345,2,O01,positional_synthetic_v1
pos_synthetic,345,3,S00,positional_synthetic_v1
pos_synthetic,346,1,T05,positional_synthetic_v1
pos_synthetic,346,2,O39,positional_synthetic_v1
pos_synthetic,346,3,N00,positional_synthetic_v1
pos_synthetic,347,1,T01,positional_synthetic_v1
pos_synthetic,347,2,O07,positional_synthetic_v1
pos_synthetic,347,3,O19,positional_synthetic_v1
pos_synthetic,347,4,S00,positional_synthetic_v1
pos_synthetic,348,1,T00,positional_synthetic_v1
pos_synthetic,348,2,O06,positional_synthetic_v1
pos_synthetic,348,3,O00,positional_synthetic_v1
pos_synthetic,348,4,O04,positional_synthetic_v1
pos_synthetic,348,5,O01,positional_synthetic_v1
pos_synthetic,348,6,S00,positional_synthetic_v1
pos_synthetic,349,1,T01,positional_synthetic_v1
pos_synthetic,349,2,O02,positional_synthetic_v1
pos_synthetic,349,3,O05,positional_synthetic_v1
pos_synthetic,349,4,O00,positional_synthetic_v1
pos_synthetic,349,5,O03,positional_synthetic_v1
pos_synthetic,349,6,S01,positional_synthetic_v1
pos_synthetic,350,1,T01,positional_synthetic_v1
pos_synthetic,350,2,O06,positional_synthetic_v1
pos_synthetic,350,3,O12,positional_synthetic_v1
pos_synthetic,350,4,O00,positional_synthetic_v1
pos_synthetic,350,5,O13,positional_synthetic_v1
pos_synthetic,350,6,O02,positional_synthetic_v1
pos_synthetic,350,7,N00,positional_synthetic_v1
pos_synthetic,351,1,T00,positional_synthetic_v1
pos_synthetic,351,2,O01,positional_synthetic_v1
pos_synthetic,351,3,O10,positional_synthetic_v1
pos_synthetic,351,4,O07,positional_synthetic_v1
pos_synthetic,351,5,O11,positional_synthetic_v1
pos_synthetic,351,6,O02,positional_synthetic_v1
pos_synthetic,351,7,O01,positional_synthetic_v1
pos_synthetic,352,1,T00,positional_synthetic_v1
pos_synthetic,352,2,O01,positional_synthetic_v1
pos_synthetic,352,3,O01,positional_synthetic_v1
pos_synthetic,352,4,O00,positional_synthetic_v1
pos_synthetic,352,5,O00,positional_synthetic_v1
pos_synthetic,352,6,O04,positional_synthetic_v1
pos_synthetic,352,7,S03,positional_synthetic_v1
pos_synthetic,353,1,T06,positional_synthetic_v1
pos_synthetic,353,2,O05,positional_synthetic_v1
pos_synthetic,353,3,O01,positional_synthetic_v1
pos_synthetic,353,4,N02,positional_synthetic_v1
pos_synthetic,354,1,T03,positional_synthetic_v1
pos_synthetic,354,2,O00,positional_synthetic_v1
pos_synthetic,354,3,O01,positional_synthetic_v1
pos_synthetic,354,4,S00,positional_synthetic_v1
pos_synthetic,355,1,O03,positional_synthetic_v1
pos_synthetic,355,2,O03,positional_synthetic_v1
pos_synthetic,355,3,S00,positional_synthetic_v1
pos_synthetic,356,1,O01,positional_synthetic_v1
pos_synthetic,356,2,O00,positional_synthetic_v1
pos_synthetic,356,3,O00,positional_synthetic_v1
pos_synthetic,356,4,O14,positional_synthetic_v1
pos_synthetic,356,5,O00,positional_synthetic_v1
pos_synthetic,356,6,S00,positional_synthetic_v1
pos_synthetic,357,1,T06,positional_synthetic_v1
pos_synthetic,357,2,O00,positional_synthetic_v1
pos_synthetic,357,3,S02,positional_synthetic_v1
pos_synthetic,358,1,T04,positional_synthetic_v1
pos_synthetic,358,2,O00,positional_synthetic_v1
pos_synthetic,358,3,O11,positional_synthetic_v1
pos_synthetic,358,4,N01,positional_synthetic_v1
pos_synthetic,359,1,T01,positional_synthetic_v1
pos_synthetic,359,2,O00,positional_synthetic_v1
pos_synthetic,359,3,O00,positional_synthetic_v1
pos_synthetic,359,4,O08,positional_synthetic_v1
pos_synthetic,359,5,O02,positional_synthetic_v1
pos_synthetic,359,6,O01,positional_synthetic_v1
pos_synthetic,359,7,N02,positional_synthetic_v1
pos_synthetic,360,1,T03,positional_synthetic_v1
pos_synthetic,360,2,O00,positional_synthetic_v1
pos_synthetic,360,3,O04,positional_synthetic_v1
pos_synthetic,360,4,O00,positional_synthetic_v1
pos_synthetic,360,5,O09,positional_synthetic_v1
pos_synthetic,360,6,N02,positional_synthetic_v1
pos_synthetic,361,1,T06,positional_synthetic_v1
pos_synthetic,361,2,O00,positional_synthetic_v1
pos_synthetic,361,3,O00,positional_synthetic_v1
pos_synthetic,361,4,O00,positional_synthetic_v1
pos_synthetic,361,5,O00,positional_synthetic_v1
pos_synthetic,361,6,S03,positional_synthetic_v1
pos_synthetic,362,1,T00,positional_synthetic_v1
pos_synthetic,362,2,O00,positional_synthetic_v1
pos_synthetic,362,3,O09,positional_synthetic_v1
pos_synthetic,362,4,O02,positional_synthetic_v1
pos_synthetic,362,5,O10,positional_synthetic_v1
pos_synthetic,362,6,O00,positional_synthetic_v1
pos_synthetic,362,7,O02,positional_synthetic_v1
pos_synthetic,363,1,T00,positional_synthetic_v1
pos_synthetic,363,2,O00,positional_synthetic_v1
pos_synthetic,363,3,O21,positional_synthetic_v1
pos_synthetic,363,4,O00,positional_synthetic_v1
pos_synthetic,363,5,O03,positional_synthetic_v1
pos_synthetic,363,6,O01,positional_synthetic_v1
pos_synthetic,363,7,N00,positional_synthetic_v1
pos_synthetic,364,1,T05,positional_synthetic_v1
pos_synthetic,364,2,O00,positional_synthetic_v1
pos_synthetic,364,3,S03,positional_synthetic_v1
pos_synthetic,365,1,O03,positional_synthetic_v1
pos_synthetic,365,2,O26,positional_synthetic_v1
pos_synthetic,365,3,O00,positional_synthetic_v1
pos_synthetic,365,4,O01,positional_synthetic_v1
pos_synthetic,365,5,N00,positional_synthetic_v1
pos_synthetic,366,1,T03,positional_synthetic_v1
pos_synthetic,366,2,O35,positional_synthetic_v1
pos_synthetic,366,3,O00,positional_synthetic_v1
pos_synthetic,366,4,O05,positional_synthetic_v1
pos_synthetic,366,5,O00,positional_synthetic_v1
pos_synthetic,366,6,N01,positional_synthetic_v1
pos_synthetic,367,1,T01,positional_synthetic_v1
pos_synthetic,367,2,O33,positional_synthetic_v1
pos_synthetic,367,3,N01,positional_synthetic_v1
pos_synthetic,368,1,O01,positional_synthetic_v1
pos_synthetic,368,2,O00,positional_synthetic_v1
pos_synthetic,368,3,T00,positional_synthetic_v1
pos_synthetic,368,4,O00,positional_synthetic_v1
pos_synthetic,368,5,O00,positional_synthetic_v1
pos_synthetic,368,6,S01,positional_synthetic_v1
pos_synthetic,369,1,O02,positional_synthetic_v1
pos_synthetic,369,2,O00,positional_synthetic_v1
pos_synthetic,369,3,O16,positional_synthetic_v1
pos_synthetic,369,4,O07,positional_synthetic_v1
pos_synthetic,369,5,S01,positional_synthetic_v1
pos_synthetic,370,1,O03,positional_synthetic_v1
pos_synthetic,370,2,O00,positional_synthetic_v1
pos_synthetic,370,3,O02,positional_synthetic_v1
pos_synthetic,370,4,O02,positional_synthetic_v1
pos_synthetic,370,5,S03,positional_synthetic_v1
pos_synthetic,371,1,T04,positional_synthetic_v1
pos_synthetic,371,2,O05,positional_synthetic_v1
pos_synthetic,371,3,S00,positional_synthetic_v1
pos_synthetic,372,1,T02,positional_synthetic_v1
pos_synthetic,372,2,T01,positional_synthetic_v1
pos_synthetic,372,3,O00,positional_synthetic_v1
pos_synthetic,372,4,N01,positional_synthetic_v1
pos_synthetic,373,1,O12,positional_synthetic_v1
pos_synthetic,373,2,O02,positional_synthetic_v1
pos_synthetic,373,3,O00,positional_synthetic_v1
pos_synthetic,373,4,S00,positional_synthetic_v1
pos_synthetic,374,1,T00,positional_synthetic_v1
pos_synthetic,374,2,O00,positional_synthetic_v1
pos_synthetic,374,3,O01,positional_synthetic_v1
pos_synthetic,374,4,O09,positional_synthetic_v1
pos_synthetic,374,5,S00,positional_synthetic_v1
pos_synthetic,375,1,T05,positional_synthetic_v1
pos_synthetic,375,2,O18,positional_synthetic_v1
pos_synthetic,375,3,O17,positional_synthetic_v1
pos_synthetic,375,4,S00,positional_synthetic_v1
pos_synthetic,376,1,T07,positional_synthetic_v1
pos_synthetic,376,2,O10,positional_synthetic_v1
pos_synthetic,376,3,T00,positional_synthetic_v1
pos_synthetic,376,4,O00,positional_synthetic_v1
pos_synthetic,376,5,O02,positional_synthetic_v1
pos_synthetic,376,6,O22,positional_synthetic_v1
pos_synthetic,376,7,S00,positional_synthetic_v1
pos_synthetic,377,1,T00,positional_synthetic_v1
pos_synthetic,377,2,O05,positional_synthetic_v1
pos_synthetic,377,3,S00,positional_synthetic_v1
pos_synthetic,378,1,O10,positional_synthetic_v1
pos_synthetic,378,2,O31,positional_synthetic_v1
pos_synthetic,378,3,O00,positional_synthetic_v1
pos_synthetic,378,4,O02,positional_synthetic_v1
pos_synthetic,378,5,N00,positional_synthetic_v1
pos_synthetic,379,1,T03,positional_synthetic_v1
pos_synthetic,379,2,O03,positional_synthetic_v1
pos_synthetic,379,3,O04,positional_synthetic_v1
pos_synthetic,379,4,S00,positional_synthetic_v1
pos_synthetic,380,1,T05,positional_synthetic_v1
pos_synthetic,380,2,O03,positional_synthetic_v1
pos_synthetic,380,3,O00,positional_synthetic_v1
pos_synthetic,380,4,N02,positional_synthetic_v1
pos_synthetic,381,1,O11,positional_synthetic_v1
pos_synthetic,381,2,O01,positional_synthetic_v1
pos_synthetic,381,3,N04,positional_synthetic_v1
pos_synthetic,382,1,O21,positional_synthetic_v1
pos_synthetic,382,2,O00,positional_synthetic_v1
pos_synthetic,382,3,O35,positional_synthetic_v1
pos_synthetic,382,4,O00,positional_synthetic_v1
pos_synthetic,382,5,N00,positional_synthetic_v1
pos_synthetic,383,1,T00,positional_synthetic_v1
pos_synthetic,383,2,O20,positional_synthetic_v1
pos_synthetic,383,3,O05,positional_synthetic_v1
pos_synthetic,383,4,T00,positional_synthetic_v1
pos_synthetic,383,5,O01,positional_synthetic_v1
pos_synthetic,383,6,O04,positional_synthetic_v1
pos_synthetic,383,7,N00,positional_synthetic_v1
pos_synthetic,384,1,T05,positional_synthetic_v1
pos_synthetic,384,2,O12,positional_synthetic_v1
pos_synthetic,384,3,S00,positional_synthetic_v1
pos_synthetic,384,4,O32,positional_synthetic_v1
pos_synthetic,385,1,T00,positional_synthetic_v1
pos_synthetic,385,2,O35,positional_synthetic_v1
pos_synthetic,385,3,O05,positional_synthetic_v1
pos_synthetic,385,4,S01,positional_synthetic_v1
pos_synthetic,385,5,O00,positional_synthetic_v1
pos_synthetic,385,6,S00,positional_synthetic_v1
pos_synthetic,386,1,T00,positional_synthetic_v1
pos_synthetic,386,2,O00,positional_synthetic_v1
pos_synthetic,386,3,O03,positional_synthetic_v1
pos_synthetic,386,4,O02,positional_synthetic_v1
pos_synthetic,386,5,N02,positional_synthetic_v1
pos_synthetic,387,1,T05,positional_synthetic_v1
pos_synthetic,387,2,S00,positional_synthetic_v1
pos_synthetic,387,3,S00,positional_synthetic_v1
pos_synthetic,388,1,O16,positional_synthetic_v1
pos_synthetic,388,2,O13,positional_synthetic_v1
pos_synthetic,388,3,N01,positional_synthetic_v1
pos_synthetic,389,1,T02,positional_synthetic_v1
pos_synthetic,389,2,O01,positional_synthetic_v1
pos_synthetic,389,3,O02,positional_synthetic_v1
pos_synthetic,389,4,O13,positional_synthetic_v1
pos_synthetic,389,5,O02,positional_synthetic_v1
pos_synthetic,389,6,S00,positional_synthetic_v1
pos_synthetic,390,1,O13,positional_synthetic_v1
pos_synthetic,390,2,O01,positional_synthetic_v1
pos_synthetic,390,3,O00,positional_synthetic_v1
pos_synthetic,390,4,N02,positional_synthetic_v1
pos_synthetic,391,1,T04,positional_synthetic_v1
pos_synthetic,391,2,O00,positional_synthetic_v1
pos_synthetic,391,3,S00,positional_synthetic_v1
pos_synthetic,392,1,T00,positional_synthetic_v1
pos_synthetic,392,2,O02,positional_synthetic_v1
pos_synthetic,392,3,O08,positional_synthetic_v1
pos_synthetic,392,4,S01,positional_synthetic_v1
pos_synthetic,393,1,T00,positional_synthetic_v1
pos_synthetic,393,2,O14,positional_synthetic_v1
pos_synthetic,393,3,O02,positional_synthetic_v1
pos_synthetic,393,4,N07,positional_synthetic_v1
pos_synthetic,394,1,T02,positional_synthetic_v1
pos_synthetic,394,2,O00,positional_synthetic_v1
pos_synthetic,394,3,O06,positional_synthetic_v1
pos_synthetic,394,4,O01,positional_synthetic_v1
pos_synthetic,394,5,O06,positional_synthetic_v1
pos_synthetic,394,6,O00,positional_synthetic_v1
pos_synthetic,394,7,S02,positional_synthetic_v1
pos_synthetic,395,1,T00,positional_synthetic_v1
pos_synthetic,395,2,O14,positional_synthetic_v1
pos_synthetic,395,3,S01,positional_synthetic_v1
pos_synthetic,396,1,T02,positional_synthetic_v1
pos_synthetic,396,2,O02,positional_synthetic_v1
pos_synthetic,396,3,O00,positional_synthetic_v1
pos_synthetic,396,4,S00,positional_synthetic_v1
pos_synthetic,396,5,O00,positional_synthetic_v1
pos_synthetic,396,6,O00,positional_synthetic_v1
pos_synthetic,396,7,N02,positional_synthetic_v1
pos_synthetic,397,1,T06,positional_synthetic_v1
pos_synthetic,397,2,O17,positional_synthetic_v1
pos_synthetic,397,3,O09,positional_synthetic_v1
pos_synthetic,397,4,T03,positional_synthetic_v1
pos_synthetic,397,5,O05,positional_synthetic_v1
pos_synthetic,397,6,T00,positional_synthetic_v1
pos_synthetic,397,7,S01,positional_synthetic_v1
pos_synthetic,398,1,T01,positional_synthetic_v1
pos_synthetic,398,2,O00,positional_synthetic_v1
pos_synthetic,398,3,T01,positional_synthetic_v1
pos_synthetic,398,4,O02,positional_synthetic_v1
pos_synthetic,399,1,T04,positional_synthetic_v1
pos_synthetic,399,2,O03,positional_synthetic_v1
pos_synthetic,399,3,O01,positional_synthetic_v1
pos_synthetic,399,4,O34,positional_synthetic_v1
pos_synthetic,399,5,O00,positional_synthetic_v1
pos_synthetic,399,6,S00,positional_synthetic_v1
pos_synthetic,400,1,T03,positional_synthetic_v1
pos_synthetic,400,2,O23,positional_synthetic_v1
pos_synthetic,400,3,O00,positional_synthetic_v1
pos_synthetic,401,1,O16,positional_synthetic_v1
pos_synthetic,401,2,O00,positional_synthetic_v1
pos_synthetic,401,3,S01,positional_synthetic_v1
pos_synthetic,402,1,T03,positional_synthetic_v1
pos_synthetic,402,2,T00,positional_synthetic_v1
pos_synthetic,402,3,N06,positional_synthetic_v1
pos_synthetic,403,1,T02,positional_synthetic_v1
pos_synthetic,403,2,O00,positional_synthetic_v1
pos_synthetic,403,3,O13,positional_synthetic_v1
pos_synthetic,403,4,O00,positional_synthetic_v1
pos_synthetic,403,5,O17,positional_synthetic_v1
pos_synthetic,404,1,T00,positional_synthetic_v1
pos_synthetic,404,2,O07,positional_synthetic_v1
pos_synthetic,404,3,T01,positional_synthetic_v1
pos_synthetic,404,4,O00,positional_synthetic_v1
pos_synthetic,404,5,O00,positional_synthetic_v1
pos_synthetic,404,6,O00,positional_synthetic_v1
pos_synthetic,404,7,O02,positional_synthetic_v1
pos_synthetic,405,1,T00,positional_synthetic_v1
pos_synthetic,405,2,O04,positional_synthetic_v1
pos_synthetic,405,3,O00,positional_synthetic_v1
pos_synthetic,405,4,O00,positional_synthetic_v1
pos_synthetic,405,5,N03,positional_synthetic_v1
pos_synthetic,406,1,T00,positional_synthetic_v1
pos_synthetic,406,2,O21,positional_synthetic_v1
pos_synthetic,406,3,O15,positional_synthetic_v1
pos_synthetic,406,4,S01,positional_synthetic_v1
pos_synthetic,407,1,O20,positional_synthetic_v1
pos_synthetic,407,2,O00,positional_synthetic_v1
pos_synthetic,407,3,N00,positional_synthetic_v1
pos_synthetic,408,1,T00,positional_synthetic_v1
pos_synthetic,408,2,O11,positional_synthetic_v1
pos_synthetic,408,3,O00,positional_synthetic_v1
pos_synthetic,408,4,O03,positional_synthetic_v1
pos_synthetic,408,5,S02,positional_synthetic_v1
pos_synthetic,409,1,T01,positional_synthetic_v1
pos_synthetic,409,2,O00,positional_synthetic_v1
pos_synthetic,409,3,O14,positional_synthetic_v1
pos_synthetic,409,4,O04,positional_synthetic_v1
pos_synthetic,409,5,O00,positional_synthetic_v1
pos_synthetic,409,6,O00,positional_synthetic_v1
pos_synthetic,409,7,O22,positional_synthetic_v1
pos_synthetic,410,1,T02,positional_synthetic_v1
pos_synthetic,410,2,O13,positional_synthetic_v1
pos_synthetic,410,3,S02,positional_synthetic_v1
pos_synthetic,410,4,O03,positional_synthetic_v1
pos_synthetic,410,5,N01,positional_synthetic_v1
pos_synthetic,411,1,T01,positional_synthetic_v1
pos_synthetic,411,2,O01,positional_synthetic_v1
pos_synthetic,411,3,O01,positional_synthetic_v1
pos_synthetic,411,4,S01,positional_synthetic_v1
pos_synthetic,412,1,T05,positional_synthetic_v1
pos_synthetic,412,2,O01,positional_synthetic_v1
pos_synthetic,412,3,O04,positional_synthetic_v1
pos_synthetic,412,4,N02,positional_synthetic_v1
pos_synthetic,413,1,O04,positional_synthetic_v1
pos_synthetic,413,2,O07,positional_synthetic_v1
pos_synthetic,413,3,T00,positional_synthetic_v1
pos_synthetic,413,4,O02,positional_synthetic_v1
pos_synthetic,413,5,S00,positional_synthetic_v1
pos_synthetic,414,1,O02,positional_synthetic_v1
pos_synthetic,414,2,O05,positional_synthetic_v1
pos_synthetic,414,3,T06,positional_synthetic_v1
pos_synthetic,414,4,N01,positional_synthetic_v1
pos_synthetic,415,1,T03,positional_synthetic_v1
pos_synthetic,415,2,O02,positional_synthetic_v1
pos_synthetic,415,3,O04,positional_synthetic_v1
pos_synthetic,415,4,S00,positional_synthetic_v1
pos_synthetic,416,1,T00,positional_synthetic_v1
pos_synthetic,416,2,O02,positional_synthetic_v1
pos_synthetic,416,3,O00,positional_synthetic_v1
pos_synthetic,416,4,S00,positional_synthetic_v1
pos_synthetic,416,5,O00,positional_synthetic_v1
pos_synthetic,416,6,S00,positional_synthetic_v1
pos_synthetic,417,1,T01,positional_synthetic_v1
pos_synthetic,417,2,O00,positional_synthetic_v1
pos_synthetic,417,3,O04,positional_synthetic_v1
pos_synthetic,417,4,O00,positional_synthetic_v1
pos_synthetic,417,5,O00,positional_synthetic_v1
pos_synthetic,417,6,S00,positional_synthetic_v1
pos_synthetic,418,1,T00,positional_synthetic_v1
pos_synthetic,418,2,O00,positional_synthetic_v1
pos_synthetic,418,3,S00,positional_synthetic_v1
pos_synthetic,419,1,T00,positional_synthetic_v1
pos_synthetic,419,2,O11,positional_synthetic_v1
pos_synthetic,419,3,S01,positional_synthetic_v1
pos_synthetic,419,4,O02,positional_synthetic_v1
pos_synthetic,419,5,N00,positional_synthetic_v1
pos_synthetic,420,1,T06,positional_synthetic_v1
pos_synthetic,420,2,O01,positional_synthetic_v1
pos_synthetic,420,3,O00,positional_synthetic_v1
pos_synthetic,420,4,O04,positional_synthetic_v1
pos_synthetic,420,5,O00,positional_synthetic_v1
pos_synthetic,420,6,N00,positional_synthetic_v1
pos_synthetic,421,1,T01,positional_synthetic_v1
pos_synthetic,421,2,O18,positional_synthetic_v1
pos_synthetic,421,3,S01,positional_synthetic_v1
pos_synthetic,422,1,T07,positional_synthetic_v1
pos_synthetic,422,2,O00,positional_synthetic_v1
pos_synthetic,422,3,O00,positional_synthetic_v1
pos_synthetic,422,4,O01,positional_synthetic_v1
pos_synthetic,422,5,O01,positional_synthetic_v1
pos_synthetic,422,6,O01,positional_synthetic_v1
pos_synthetic,422,7,N05,positional_synthetic_v1
pos_synthetic,423,1,T02,positional_synthetic_v1
pos_synthetic,423,2,O04,positional_synthetic_v1
pos_synthetic,423,3,O00,positional_synthetic_v1
pos_synthetic,423,4,O13,positional_synthetic_v1
pos_synthetic,423,5,O29,positional_synthetic_v1
pos_synthetic,423,6,O13,positional_synthetic_v1
pos_synthetic,423,7,O00,positional_synthetic_v1
pos_synthetic,424,1,T02,positional_synthetic_v1
pos_synthetic,424,2,T00,positional_synthetic_v1
pos_synthetic,424,3,O00,positional_synthetic_v1
pos_synthetic,424,4,T00,positional_synthetic_v1
pos_synthetic,424,5,O04,positional_synthetic_v1
pos_synthetic,424,6,N02,positional_synthetic_v1
pos_synthetic,425,1,T00,positional_synthetic_v1
pos_synthetic,425,2,O01,positional_synthetic_v1
pos_synthetic,425,3,O02,positional_synthetic_v1
pos_synthetic,425,4,O01,positional_synthetic_v1
pos_synthetic,425,5,O00,positional_synthetic_v1
pos_synthetic,425,6,S01,positional_synthetic_v1
pos_synthetic,426,1,T00,positional_synthetic_v1
pos_synthetic,426,2,O00,positional_synthetic_v1
pos_synthetic,426,3,N00,positional_synthetic_v1
pos_synthetic,427,1,T06,positional_synthetic_v1
pos_synthetic,427,2,O05,positional_synthetic_v1
pos_synthetic,427,3,O06,positional_synthetic_v1
pos_synthetic,427,4,O01,positional_synthetic_v1
pos_synthetic,427,5,O04,positional_synthetic_v1
pos_synthetic,427,6,O00,positional_synthetic_v1
pos_synthetic,428,1,T02,positional_synthetic_v1
pos_synthetic,428,2,O22,positional_synthetic_v1
pos_synthetic,428,3,O04,positional_synthetic_v1
pos_synthetic,428,4,O17,positional_synthetic_v1
pos_synthetic,428,5,O07,positional_synthetic_v1
pos_synthetic,428,6,O00,positional_synthetic_v1
pos_synthetic,428,7,O21,positional_synthetic_v1
pos_synthetic,429,1,T00,positional_synthetic_v1
pos_synthetic,429,2,O03,positional_synthetic_v1
pos_synthetic,429,3,T00,positional_synthetic_v1
pos_synthetic,429,4,S00,positional_synthetic_v1
pos_synthetic,429,5,O01,positional_synthetic_v1
pos_synthetic,429,6,S00,positional_synthetic_v1
pos_synthetic,430,1,O03,positional_synthetic_v1
pos_synthetic,430,2,O00,positional_synthetic_v1
pos_synthetic,430,3,O00,positional_synthetic_v1
pos_synthetic,430,4,O03,positional_synthetic_v1
pos_synthetic,430,5,O01,positional_synthetic_v1
pos_synthetic,431,1,T02,positional_synthetic_v1
pos_synthetic,431,2,O05,positional_synthetic_v1
pos_synthetic,431,3,O15,positional_synthetic_v1
pos_synthetic,431,4,O06,positional_synthetic_v1
pos_synthetic,431,5,N01,positional_synthetic_v1
pos_synthetic,432,1,O06,positional_synthetic_v1
pos_synthetic,432,2,O00,positional_synthetic_v1
pos_synthetic,432,3,O00,positional_synthetic_v1
pos_synthetic,432,4,O11,positional_synthetic_v1
pos_synthetic,432,5,S02,positional_synthetic_v1
pos_synthetic,433,1,O13,positional_synthetic_v1
pos_synthetic,433,2,O16,positional_synthetic_v1
pos_synthetic,433,3,O23,positional_synthetic_v1
pos_synthetic,433,4,S00,positional_synthetic_v1
pos_synthetic,434,1,T01,positional_synthetic_v1
pos_synthetic,434,2,O01,positional_synthetic_v1
pos_synthetic,434,3,O04,positional_synthetic_v1
pos_synthetic,434,4,O07,positional_synthetic_v1
pos_synthetic,434,5,S00,positional_synthetic_v1
pos_synthetic,435,1,O00,positional_synthetic_v1
pos_synthetic,435,2,O01,positional_synthetic_v1
pos_synthetic,435,3,O00,positional_synthetic_v1
pos_synthetic,435,4,O19,positional_synthetic_v1
pos_synthetic,435,5,O01,positional_synthetic_v1
pos_synthetic,435,6,T00,positional_synthetic_v1
pos_synthetic,435,7,N00,positional_synthetic_v1
pos_synthetic,436,1,T02,positional_synthetic_v1
pos_synthetic,436,2,O05,positional_synthetic_v1
pos_synthetic,436,3,O01,positional_synthetic_v1
pos_synthetic,436,4,O00,positional_synthetic_v1
pos_synthetic,436,5,O01,positional_synthetic_v1
pos_synthetic,436,6,O00,positional_synthetic_v1
pos_synthetic,436,7,S01,positional_synthetic_v1
pos_synthetic,437,1,T00,positional_synthetic_v1
pos_synthetic,437,2,O00,positional_synthetic_v1
pos_synthetic,437,3,N07,positional_synthetic_v1
pos_synthetic,438,1,O02,positional_synthetic_v1
pos_synthetic,438,2,O06,positional_synthetic_v1
pos_synthetic,438,3,S00,positional_synthetic_v1
pos_synthetic,439,1,T00,positional_synthetic_v1
pos_synthetic,439,2,O02,positional_synthetic_v1
pos_synthetic,439,3,S00,positional_synthetic_v1
pos_synthetic,440,1,T00,positional_synthetic_v1
pos_synthetic,440,2,T00,positional_synthetic_v1
pos_synthetic,440,3,S00,positional_synthetic_v1
pos_synthetic,441,1,O00,positional_synthetic_v1
pos_synthetic,441,2,O09,positional_synthetic_v1
pos_synthetic,441,3,O02,positional_synthetic_v1
pos_synthetic,441,4,S03,positional_synthetic_v1
pos_synthetic,442,1,T00,positional_synthetic_v1
pos_synthetic,442,2,O29,positional_synthetic_v1
pos_synthetic,442,3,O01,positional_synthetic_v1
pos_synthetic,442,4,O19,positional_synthetic_v1
pos_synthetic,442,5,O04,positional_synthetic_v1
pos_synthetic,442,6,S03,positional_synthetic_v1
pos_synthetic,443,1,T00,positional_synthetic_v1
pos_synthetic,443,2,O30,positional_synthetic_v1
pos_synthetic,443,3,S00,positional_synthetic_v1
pos_synthetic,444,1,T00,positional_synthetic_v1
pos_synthetic,444,2,S01,positional_synthetic_v1
pos_synthetic,444,3,O00,positional_synthetic_v1
pos_synthetic,444,4,O03,positional_synthetic_v1
pos_synthetic,444,5,O03,positional_synthetic_v1
pos_synthetic,444,6,O09,positional_synthetic_v1
pos_synthetic,445,1,T04,positional_synthetic_v1
pos_synthetic,445,2,O01,positional_synthetic_v1
pos_synthetic,445,3,S00,positional_synthetic_v1
pos_synthetic,446,1,T00,positional_synthetic_v1
pos_synthetic,446,2,O00,positional_synthetic_v1
pos_synthetic,446,3,N00,positional_synthetic_v1
pos_synthetic,447,1,T00,positional_synthetic_v1
pos_synthetic,447,2,O31,positional_synthetic_v1
pos_synthetic,447,3,O03,positional_synthetic_v1
pos_synthetic,447,4,T00,positional_synthetic_v1
pos_synthetic,447,5,O03,positional_synthetic_v1
pos_synthetic,447,6,O00,positional_synthetic_v1
pos_synthetic,447,7,S01,positional_synthetic_v1
pos_synthetic,448,1,T01,positional_synthetic_v1
pos_synthetic,448,2,O01,positional_synthetic_v1
pos_synthetic,448,3,O38,positional_synthetic_v1
pos_synthetic,448,4,O18,positional_synthetic_v1
pos_synthetic,448,5,O04,positional_synthetic_v1
pos_synthetic,448,6,N01,positional_synthetic_v1
pos_synthetic,449,1,T02,positional_synthetic_v1
pos_synthetic,449,2,O00,positional_synthetic_v1
pos_synthetic,449,3,S00,positional_synthetic_v1
pos_synthetic,450,1,T01,positional_synthetic_v1
pos_synthetic,450,2,O03,positional_synthetic_v1
pos_synthetic,450,3,O00,positional_synthetic_v1
pos_synthetic,450,4,O31,positional_synthetic_v1
pos_synthetic,450,5,S01,positional_synthetic_v1
pos_synthetic,451,1,T01,positional_synthetic_v1
pos_synthetic,451,2,O17,positional_synthetic_v1
pos_synthetic,451,3,O00,positional_synthetic_v1
pos_synthetic,451,4,O11,positional_synthetic_v1
pos_synthetic,451,5,N00,positional_synthetic_v1
pos_synthetic,452,1,T03,positional_synthetic_v1
pos_synthetic,452,2,O00,positional_synthetic_v1
pos_synthetic,452,3,N05,positional_synthetic_v1
pos_synthetic,453,1,T06,positional_synthetic_v1
pos_synthetic,453,2,S00,positional_synthetic_v1
pos_synthetic,453,3,O02,positional_synthetic_v1
pos_synthetic,453,4,O35,positional_synthetic_v1
pos_synthetic,453,5,O02,positional_synthetic_v1
pos_synthetic,453,6,O16,positional_synthetic_v1
pos_synthetic,453,7,O03,positional_synthetic_v1
pos_synthetic,454,1,T00,positional_synthetic_v1
pos_synthetic,454,2,S00,positional_synthetic_v1
pos_synthetic,454,3,O00,positional_synthetic_v1
pos_synthetic,454,4,N03,positional_synthetic_v1
pos_synthetic,455,1,O01,positional_synthetic_v1
pos_synthetic,455,2,O02,positional_synthetic_v1
pos_synthetic,455,3,O02,positional_synthetic_v1
pos_synthetic,455,4,O03,positional_synthetic_v1
pos_synthetic,455,5,O17,positional_synthetic_v1
pos_synthetic,455,6,O35,positional_synthetic_v1
pos_synthetic,455,7,O01,positional_synthetic_v1
pos_synthetic,456,1,T04,positional_synthetic_v1
pos_synthetic,456,2,O09,positional_synthetic_v1
pos_synthetic,456,3,O03,positional_synthetic_v1
pos_synthetic,456,4,N06,positional_synthetic_v1
pos_synthetic,457,1,O00,positional_synthetic_v1
pos_synthetic,457,2,O00,positional_synthetic_v1
pos_synthetic,457,3,O16,positional_synthetic_v1
pos_synthetic,457,4,S02,positional_synthetic_v1
pos_synthetic,458,1,T05,positional_synthetic_v1
pos_synthetic,458,2,O00,positional_synthetic_v1
pos_synthetic,458,3,O19,positional_synthetic_v1
pos_synthetic,458,4,O02,positional_synthetic_v1
pos_synthetic,458,5,O02,positional_synthetic_v1
pos_synthetic,458,6,N02,positional_synthetic_v1
pos_synthetic,459,1,T06,positional_synthetic_v1
pos_synthetic,459,2,O00,positional_synthetic_v1
pos_synthetic,459,3,O02,positional_synthetic_v1
pos_synthetic,459,4,O06,positional_synthetic_v1
pos_synthetic,459,5,O07,positional_synthetic_v1
pos_synthetic,459,6,O06,positional_synthetic_v1
pos_synthetic,459,7,O00,positional_synthetic_v1
pos_synthetic,460,1,T00,positional_synthetic_v1
pos_synthetic,460,2,O01,positional_synthetic_v1
pos_synthetic,460,3,O12,positional_synthetic_v1
pos_synthetic,460,4,O00,positional_synthetic_v1
pos_synthetic,460,5,O00,positional_synthetic_v1
pos_synthetic,460,6,O30,positional_synthetic_v1
pos_synthetic,460,7,N00,positional_synthetic_v1
pos_synthetic,461,1,T07,positional_synthetic_v1
pos_synthetic,461,2,O06,positional_synthetic_v1
pos_synthetic,461,3,O13,positional_synthetic_v1
pos_synthetic,461,4,O00,positional_synthetic_v1
pos_synthetic,461,5,O00,positional_synthetic_v1
pos_synthetic,461,6,N03,positional_synthetic_v1
pos_synthetic,462,1,T04,positional_synthetic_v1
pos_synthetic,462,2,T03,positional_synthetic_v1
pos_synthetic,462,3,O00,positional_synthetic_v1
pos_synthetic,462,4,O09,positional_synthetic_v1
pos_synthetic,462,5,S01,positional_synthetic_v1
pos_synthetic,463,1,T03,positional_synthetic_v1
pos_synthetic,463,2,O15,positional_synthetic_v1
pos_synthetic,463,3,O04,positional_synthetic_v1
pos_synthetic,463,4,O00,positional_synthetic_v1
pos_synthetic,463,5,S00,positional_synthetic_v1
pos_synthetic,464,1,O01,positional_synthetic_v1
pos_synthetic,464,2,O01,positional_synthetic_v1
pos_synthetic,464,3,O00,positional_synthetic_v1
pos_synthetic,464,4,O01,positional_synthetic_v1
pos_synthetic,464,5,N00,positional_synthetic_v1
pos_synthetic,465,1,T03,positional_synthetic_v1
pos_synthetic,465,2,O28,positional_synthetic_v1
pos_synthetic,465,3,O00,positional_synthetic_v1
pos_synthetic,465,4,N06,positional_synthetic_v1
pos_synthetic,466,1,O02,positional_synthetic_v1
pos_synthetic,466,2,O00,positional_synthetic_v1
pos_synthetic,466,3,O00,positional_synthetic_v1
pos_synthetic,466,4,O02,positional_synthetic_v1
pos_synthetic,466,5,S01,positional_synthetic_v1
pos_synthetic,467,1,O00,positional_synthetic_v1
pos_synthetic,467,2,T00,positional_synthetic_v1
pos_synthetic,467,3,O01,positional_synthetic_v1
pos_synthetic,467,4,O00,positional_synthetic_v1
pos_synthetic,467,5,O00,positional_synthetic_v1
pos_synthetic,467,6,O00,positional_synthetic_v1
pos_synthetic,467,7,N03,positional_synthetic_v1
pos_synthetic,468,1,T06,positional_synthetic_v1
pos_synthetic,468,2,O01,positional_synthetic_v1
pos_synthetic,468,3,O21,positional_synthetic_v1
pos_synthetic,468,4,S00,positional_synthetic_v1
pos_synthetic,469,1,T00,positional_synthetic_v1
pos_synthetic,469,2,O05,positional_synthetic_v1
pos_synthetic,469,3,N07,positional_synthetic_v1
pos_synthetic,470,1,T01,positional_synthetic_v1
pos_synthetic,470,2,O01,positional_synthetic_v1
pos_synthetic,470,3,O05,positional_synthetic_v1
pos_synthetic,470,4,O00,positional_synthetic_v1
pos_synthetic,470,5,O19,positional_synthetic_v1
pos_synthetic,470,6,S00,positional_synthetic_v1
pos_synthetic,471,1,T01,positional_synthetic_v1
pos_synthetic,471,2,O04,positional_synthetic_v1
pos_synthetic,471,3,O00,positional_synthetic_v1
pos_synthetic,471,4,O06,positional_synthetic_v1
pos_synthetic,471,5,O00,positional_synthetic_v1
pos_synthetic,471,6,S02,positional_synthetic_v1
pos_synthetic,472,1,T03,positional_synthetic_v1
pos_synthetic,472,2,O03,positional_synthetic_v1
pos_synthetic,472,3,O02,positional_synthetic_v1
pos_synthetic,472,4,O00,positional_synthetic_v1
pos_synthetic,472,5,O10,positional_synthetic_v1
pos_synthetic,472,6,S00,positional_synthetic_v1
pos_synthetic,473,1,T00,positional_synthetic_v1
pos_synthetic,473,2,O00,positional_synthetic_v1
pos_synthetic,473,3,O04,positional_synthetic_v1
pos_synthetic,474,1,T00,positional_synthetic_v1
pos_synthetic,474,2,O08,positional_synthetic_v1
pos_synthetic,474,3,O01,positional_synthetic_v1
pos_synthetic,474,4,O00,positional_synthetic_v1
pos_synthetic,474,5,N01,positional_synthetic_v1
pos_synthetic,475,1,T00,positional_synthetic_v1
pos_synthetic,475,2,O00,positional_synthetic_v1
pos_synthetic,475,3,O07,positional_synthetic_v1
pos_synthetic,475,4,O00,positional_synthetic_v1
pos_synthetic,475,5,O14,positional_synthetic_v1
pos_synthetic,475,6,O00,positional_synthetic_v1
pos_synthetic,475,7,N00,positional_synthetic_v1
pos_synthetic,476,1,T03,positional_synthetic_v1
pos_synthetic,476,2,O01,positional_synthetic_v1
pos_synthetic,476,3,O00,positional_synthetic_v1
pos_synthetic,476,4,O01,positional_synthetic_v1
pos_synthetic,476,5,S02,positional_synthetic_v1
pos_synthetic,477,1,T00,positional_synthetic_v1
pos_synthetic,477,2,O11,positional_synthetic_v1
pos_synthetic,477,3,O20,positional_synthetic_v1
pos_synthetic,477,4,S00,positional_synthetic_v1
pos_synthetic,477,5,O22,positional_synthetic_v1
pos_synthetic,478,1,T00,positional_synthetic_v1
pos_synthetic,478,2,O31,positional_synthetic_v1
pos_synthetic,478,3,O00,positional_synthetic_v1
pos_synthetic,478,4,O06,positional_synthetic_v1
pos_synthetic,478,5,O02,positional_synthetic_v1
pos_synthetic,478,6,S01,positional_synthetic_v1
pos_synthetic,479,1,T02,positional_synthetic_v1
pos_synthetic,479,2,O00,positional_synthetic_v1
pos_synthetic,479,3,O00,positional_synthetic_v1
pos_synthetic,479,4,O07,positional_synthetic_v1
pos_synthetic,479,5,O05,positional_synthetic_v1
pos_synthetic,479,6,N07,positional_synthetic_v1
pos_synthetic,480,1,O09,positional_synthetic_v1
pos_synthetic,480,2,O28,positional_synthetic_v1
pos_synthetic,480,3,O07,positional_synthetic_v1
pos_synthetic,480,4,O00,positional_synthetic_v1
pos_synthetic,480,5,O00,positional_synthetic_v1
pos_synthetic,480,6,S01,positional_synthetic_v1
pos_synthetic,481,1,T00,positional_synthetic_v1
pos_synthetic,481,2,O01,positional_synthetic_v1
pos_synthetic,481,3,N06,positional_synthetic_v1
pos_synthetic,482,1,O02,positional_synthetic_v1
pos_synthetic,482,2,O01,positional_synthetic_v1
pos_synthetic,482,3,O02,positional_synthetic_v1
pos_synthetic,482,4,S00,positional_synthetic_v1
pos_synthetic,483,1,T00,positional_synthetic_v1
pos_synthetic,483,2,O00,positional_synthetic_v1
pos_synthetic,483,3,O09,positional_synthetic_v1
pos_synthetic,483,4,O01,positional_synthetic_v1
pos_synthetic,483,5,S02,positional_synthetic_v1
pos_synthetic,484,1,O00,positional_synthetic_v1
pos_synthetic,484,2,O05,positional_synthetic_v1
pos_synthetic,484,3,S02,positional_synthetic_v1
pos_synthetic,485,1,T00,positional_synthetic_v1
pos_synthetic,485,2,O06,positional_synthetic_v1
pos_synthetic,485,3,O04,positional_synthetic_v1
pos_synthetic,485,4,S00,positional_synthetic_v1
pos_synthetic,486,1,T02,positional_synthetic_v1
pos_synthetic,486,2,O08,positional_synthetic_v1
pos_synthetic,486,3,O01,positional_synthetic_v1
pos_synthetic,486,4,N02,positional_synthetic_v1
pos_synthetic,487,1,T00,positional_synthetic_v1
pos_synthetic,487,2,O07,positional_synthetic_v1
pos_synthetic,487,3,O00,positional_synthetic_v1
pos_synthetic,487,4,O19,positional_synthetic_v1
pos_synthetic,487,5,O00,positional_synthetic_v1
pos_synthetic,487,6,S00,positional_synthetic_v1
pos_synthetic,488,1,T00,positional_synthetic_v1
pos_synthetic,488,2,O02,positional_synthetic_v1
pos_synthetic,488,3,S02,positional_synthetic_v1
pos_synthetic,489,1,T00,positional_synthetic_v1
pos_synthetic,489,2,O01,positional_synthetic_v1
pos_synthetic,489,3,O01,positional_synthetic_v1
pos_synthetic,489,4,N00,positional_synthetic_v1
pos_synthetic,490,1,T00,positional_synthetic_v1
pos_synthetic,490,2,O01,positional_synthetic_v1
pos_synthetic,490,3,T01,positional_synthetic_v1
pos_synthetic,490,4,O01,positional_synthetic_v1
pos_synthetic,490,5,O02,positional_synthetic_v1
pos_synthetic,490,6,O04,positional_synthetic_v1
pos_synthetic,491,1,T00,positional_synthetic_v1
pos_synthetic,491,2,O02,positional_synthetic_v1
pos_synthetic,491,3,O31,positional_synthetic_v1
pos_synthetic,491,4,O02,positional_synthetic_v1
pos_synthetic,491,5,O06,positional_synthetic_v1
pos_synthetic,491,6,O01,positional_synthetic_v1
pos_synthetic,491,7,S02,positional_synthetic_v1
pos_synthetic,492,1,T01,positional_synthetic_v1
pos_synthetic,492,2,S03,positional_synthetic_v1
pos_synthetic,492,3,T00,positional_synthetic_v1
pos_synthetic,492,4,O00,positional_synthetic_v1
pos_synthetic,492,5,O10,positional_synthetic_v1
pos_synthetic,492,6,O12,positional_synthetic_v1
pos_synthetic,492,7,S00,positional_synthetic_v1
pos_synthetic,493,1,T00,positional_synthetic_v1
pos_synthetic,493,2,O00,positional_synthetic_v1
pos_synthetic,493,3,O10,positional_synthetic_v1
pos_synthetic,493,4,N01,positional_synthetic_v1
pos_synthetic,494,1,T00,positional_synthetic_v1
pos_synthetic,494,2,O01,positional_synthetic_v1
pos_synthetic,494,3,O00,positional_synthetic_v1
pos_synthetic,494,4,O00,positional_synthetic_v1
pos_synthetic,494,5,T02,positional_synthetic_v1
pos_synthetic,494,6,S02,positional_synthetic_v1
pos_synthetic,495,1,T00,positional_synthetic_v1
pos_synthetic,495,2,O20,positional_synthetic_v1
pos_synthetic,495,3,N03,positional_synthetic_v1
pos_synthetic,496,1,O10,positional_synthetic_v1
pos_synthetic,496,2,O02,positional_synthetic_v1
pos_synthetic,496,3,O01,positional_synthetic_v1
pos_synthetic,496,4,T00,positional_synthetic_v1
pos_synthetic,496,5,O00,positional_synthetic_v1
pos_synthetic,496,6,O00,positional_synthetic_v1
pos_synthetic,496,7,N00,positional_synthetic_v1
pos_synthetic,497,1,T01,positional_synthetic_v1
pos_synthetic,497,2,O08,positional_synthetic_v1
pos_synthetic,497,3,O02,positional_synthetic_v1
pos_synthetic,497,4,T00,positional_synthetic_v1
pos_synthetic,497,5,O30,positional_synthetic_v1
pos_synthetic,497,6,N06,positional_synthetic_v1
pos_synthetic,498,1,T03,positional_synthetic_v1
pos_synthetic,498,2,O37,positional_synthetic_v1
pos_synthetic,498,3,O03,positional_synthetic_v1
pos_synthetic,498,4,O31,positional_synthetic_v1
pos_synthetic,498,5,O00,positional_synthetic_v1
pos_synthetic,498,6,O01,positional_synthetic_v1
pos_synthetic,498,7,S00,positional_synthetic_v1
pos_synthetic,499,1,T00,positional_synthetic_v1
pos_synthetic,499,2,O04,positional_synthetic_v1
pos_synthetic,499,3,O10,positional_synthetic_v1
pos_synthetic,499,4,S00,positional_synthetic_v1
pos_synthetic,500,1,T04,positional_synthetic_v1
pos_synthetic,500,2,T02,positional_synthetic_v1
pos_synthetic,500,3,O01,positional_synthetic_v1
pos_synthetic,500,4,O06,positional_synthetic_v1
pos_synthetic,500,5,O00,positional_synthetic_v1
pos_synthetic,500,6,S03,positional_synthetic_v1
pos_synthetic,501,1,O00,positional_synthetic_v1
pos_synthetic,501,2,O02,positional_synthetic_v1
pos_synthetic,501,3,S01,positional_synthetic_v1
pos_synthetic,502,1,T00,positional_synthetic_v1
pos_synthetic,502,2,S00,positional_synthetic_v1
pos_synthetic,502,3,N00,positional_synthetic_v1
pos_synthetic,503,1,T02,positional_synthetic_v1
pos_synthetic,503,2,O02,positional_synthetic_v1
pos_synthetic,503,3,O00,positional_synthetic_v1
pos_synthetic,503,4,N06,positional_synthetic_v1
pos_synthetic,504,1,O02,positional_synthetic_v1
pos_synthetic,504,2,O00,positional_synthetic_v1
pos_synthetic,504,3,S01,positional_synthetic_v1
pos_synthetic,505,1,T00,positional_synthetic_v1
pos_synthetic,505,2,O00,positional_synthetic_v1
pos_synthetic,505,3,N03,positional_synthetic_v1
pos_synthetic,506,1,T01,positional_synthetic_v1
pos_synthetic,506,2,O03,positional_synthetic_v1
pos_synthetic,506,3,O01,positional_synthetic_v1
pos_synthetic,506,4,N00,positional_synthetic_v1
pos_synthetic,507,1,O00,positional_synthetic_v1
pos_synthetic,507,2,O01,positional_synthetic_v1
pos_synthetic,507,3,O00,positional_synthetic_v1
pos_synthetic,507,4,O00,positional_synthetic_v1
pos_synthetic,507,5,S03,positional_synthetic_v1
pos_synthetic,508,1,T03,positional_synthetic_v1
pos_synthetic,508,2,O16,positional_synthetic_v1
pos_synthetic,508,3,O00,positional_synthetic_v1
pos_synthetic,508,4,O30,positional_synthetic_v1
pos_synthetic,508,5,O00,positional_synthetic_v1
pos_synthetic,508,6,N06,positional_synthetic_v1
pos_synthetic,509,1,T07,positional_synthetic_v1
pos_synthetic,509,2,O07,positional_synthetic_v1
pos_synthetic,509,3,O35,positional_synthetic_v1
pos_synthetic,509,4,S00,positional_synthetic_v1
pos_synthetic,510,1,T01,positional_synthetic_v1
pos_synthetic,510,2,O04,positional_synthetic_v1
pos_synthetic,510,3,T00,positional_synthetic_v1
pos_synthetic,510,4,O04,positional_synthetic_v1
pos_synthetic,510,5,O35,positional_synthetic_v1
pos_synthetic,510,6,O00,positional_synthetic_v1
pos_synthetic,510,7,N03,positional_synthetic_v1
pos_synthetic,511,1,O22,positional_synthetic_v1
pos_synthetic,511,2,O27,positional_synthetic_v1
pos_synthetic,511,3,N06,positional_synthetic_v1
pos_synthetic,512,1,T01,positional_synthetic_v1
pos_synthetic,512,2,O34,positional_synthetic_v1
pos_synthetic,512,3,N03,positional_synthetic_v1
pos_synthetic,513,1,T00,positional_synthetic_v1
pos_synthetic,513,2,O02,positional_synthetic_v1
pos_synthetic,513,3,O07,positional_synthetic_v1
pos_synthetic,513,4,O00,positional_synthetic_v1
pos_synthetic,513,5,O05,positional_synthetic_v1
pos_synthetic,513,6,O05,positional_synthetic_v1
pos_synthetic,513,7,N00,positional_synthetic_v1
pos_synthetic,514,1,T01,positional_synthetic_v1
pos_synthetic,514,2,O10,positional_synthetic_v1
pos_synthetic,514,3,O02,positional_synthetic_v1
pos_synthetic,514,4,O00,positional_synthetic_v1
pos_synthetic,514,5,O00,positional_synthetic_v1
pos_synthetic,514,6,S03,positional_synthetic_v1
pos_synthetic,515,1,T00,positional_synthetic_v1
pos_synthetic,515,2,O04,positional_synthetic_v1
pos_synthetic,515,3,O00,positional_synthetic_v1
pos_synthetic,515,4,N00,positional_synthetic_v1
pos_synthetic,516,1,T04,positional_synthetic_v1
pos_synthetic,516,2,O08,positional_synthetic_v1
pos_synthetic,516,3,S00,positional_synthetic_v1
pos_synthetic,516,4,O01,positional_synthetic_v1
pos_synthetic,516,5,S00,positional_synthetic_v1
pos_synthetic,517,1,T02,positional_synthetic_v1
pos_synthetic,517,2,O00,positional_synthetic_v1
pos_synthetic,517,3,O00,positional_synthetic_v1
pos_synthetic,517,4,S03,positional_synthetic_v1
pos_synthetic,518,1,T07,positional_synthetic_v1
pos_synthetic,518,2,O00,positional_synthetic_v1
pos_synthetic,518,3,O09,positional_synthetic_v1
pos_synthetic,518,4,O01,positional_synthetic_v1
pos_synthetic,518,5,N00,positional_synthetic_v1
pos_synthetic,519,1,O09,positional_synthetic_v1
pos_synthetic,519,2,O23,positional_synthetic_v1
pos_synthetic,519,3,O28,positional_synthetic_v1
pos_synthetic,520,1,T01,positional_synthetic_v1
pos_synthetic,520,2,O01,positional_synthetic_v1
pos_synthetic,520,3,O11,positional_synthetic_v1
pos_synthetic,520,4,O00,positional_synthetic_v1
pos_synthetic,520,5,O03,positional_synthetic_v1
pos_synthetic,520,6,O01,positional_synthetic_v1
pos_synthetic,520,7,S00,positional_synthetic_v1
pos_synthetic,521,1,T00,positional_synthetic_v1
pos_synthetic,521,2,O23,positional_synthetic_v1
pos_synthetic,521,3,O00,positional_synthetic_v1
pos_synthetic,521,4,O02,positional_synthetic_v1
pos_synthetic,521,5,O00,positional_synthetic_v1
pos_synthetic,521,6,O00,positional_synthetic_v1
pos_synthetic,521,7,S00,positional_synthetic_v1
pos_synthetic,522,1,T04,positional_synthetic_v1
pos_synthetic,522,2,O00,positional_synthetic_v1
pos_synthetic,522,3,O28,positional_synthetic_v1
pos_synthetic,522,4,O03,positional_synthetic_v1
pos_synthetic,522,5,N01,positional_synthetic_v1
pos_synthetic,523,1,T01,positional_synthetic_v1
pos_synthetic,523,2,O02,positional_synthetic_v1
pos_synthetic,523,3,O09,positional_synthetic_v1
pos_synthetic,523,4,O00,positional_synthetic_v1
pos_synthetic,523,5,O01,positional_synthetic_v1
pos_synthetic,523,6,N05,positional_synthetic_v1
pos_synthetic,524,1,T06,positional_synthetic_v1
pos_synthetic,524,2,O20,positional_synthetic_v1
pos_synthetic,524,3,O01,positional_synthetic_v1
pos_synthetic,524,4,O10,positional_synthetic_v1
pos_synthetic,524,5,N01,positional_synthetic_v1
pos_synthetic,525,1,T01,positional_synthetic_v1
pos_synthetic,525,2,O00,positional_synthetic_v1
pos_synthetic,525,3,O04,positional_synthetic_v1
pos_synthetic,525,4,O00,positional_synthetic_v1
pos_synthetic,525,5,T00,positional_synthetic_v1
pos_synthetic,525,6,N04,positional_synthetic_v1
pos_synthetic,526,1,O00,positional_synthetic_v1
pos_synthetic,526,2,O00,positional_synthetic_v1
pos_synthetic,526,3,O00,positional_synthetic_v1
pos_synthetic,526,4,O27,positional_synthetic_v1
pos_synthetic,526,5,O02,positional_synthetic_v1
pos_synthetic,526,6,N00,positional_synthetic_v1
pos_synthetic,527,1,T03,positional_synthetic_v1
pos_synthetic,527,2,O14,positional_synthetic_v1
pos_synthetic,527,3,O01,positional_synthetic_v1
pos_synthetic,527,4,N02,positional_synthetic_v1
pos_synthetic,528,1,O10,positional_synthetic_v1
pos_synthetic,528,2,O05,positional_synthetic_v1
pos_synthetic,528,3,O00,positional_synthetic_v1
pos_synthetic,528,4,O18,positional_synthetic_v1
pos_synthetic,528,5,O03,positional_synthetic_v1
pos_synthetic,528,6,S00,positional_synthetic_v1
pos_synthetic,529,1,T00,positional_synthetic_v1
pos_synthetic,529,2,O00,positional_synthetic_v1
pos_synthetic,529,3,O09,positional_synthetic_v1
pos_synthetic,529,4,N00,positional_synthetic_v1
pos_synthetic,530,1,O01,positional_synthetic_v1
pos_synthetic,530,2,O02,positional_synthetic_v1
pos_synthetic,530,3,O00,positional_synthetic_v1
pos_synthetic,530,4,O33,positional_synthetic_v1
pos_synthetic,530,5,O00,positional_synthetic_v1
pos_synthetic,530,6,O00,positional_synthetic_v1
pos_synthetic,530,7,S00,positional_synthetic_v1
pos_synthetic,531,1,O00,positional_synthetic_v1
pos_synthetic,531,2,O08,positional_synthetic_v1
pos_synthetic,531,3,O32,positional_synthetic_v1
pos_synthetic,531,4,N00,positional_synthetic_v1
pos_synthetic,532,1,T02,positional_synthetic_v1
pos_synthetic,532,2,O08,positional_synthetic_v1
pos_synthetic,532,3,O15,positional_synthetic_v1
pos_synthetic,532,4,O01,positional_synthetic_v1
pos_synthetic,532,5,O00,positional_synthetic_v1
pos_synthetic,533,1,T00,positional_synthetic_v1
pos_synthetic,533,2,O07,positional_synthetic_v1
pos_synthetic,533,3,O12,positional_synthetic_v1
pos_synthetic,533,4,O00,positional_synthetic_v1
pos_synthetic,533,5,T00,positional_synthetic_v1
pos_synthetic,533,6,O21,positional_synthetic_v1
pos_synthetic,533,7,S03,positional_synthetic_v1
pos_synthetic,534,1,O09,positional_synthetic_v1
pos_synthetic,534,2,O01,positional_synthetic_v1
pos_synthetic,534,3,O04,positional_synthetic_v1
pos_synthetic,534,4,N02,positional_synthetic_v1
pos_synthetic,535,1,T00,positional_synthetic_v1
pos_synthetic,535,2,T01,positional_synthetic_v1
pos_synthetic,535,3,O07,positional_synthetic_v1
pos_synthetic,535,4,N00,positional_synthetic_v1
pos_synthetic,536,1,O10,positional_synthetic_v1
pos_synthetic,536,2,O03,positional_synthetic_v1
pos_synthetic,536,3,O29,positional_synthetic_v1
pos_synthetic,536,4,O00,positional_synthetic_v1
pos_synthetic,536,5,O00,positional_synthetic_v1
pos_synthetic,536,6,O04,positional_synthetic_v1
pos_synthetic,536,7,N00,positional_synthetic_v1
pos_synthetic,537,1,T02,positional_synthetic_v1
pos_synthetic,537,2,O09,positional_synthetic_v1
pos_synthetic,537,3,O00,positional_synthetic_v1
pos_synthetic,537,4,O02,positional_synthetic_v1
pos_synthetic,537,5,O02,positional_synthetic_v1
pos_synthetic,537,6,S03,positional_synthetic_v1
pos_synthetic,538,1,O13,positional_synthetic_v1
pos_synthetic,538,2,O06,positional_synthetic_v1
pos_synthetic,538,3,O07,positional_synthetic_v1
pos_synthetic,538,4,O02,positional_synthetic_v1
pos_synthetic,538,5,O23,positional_synthetic_v1
pos_synthetic,538,6,O06,positional_synthetic_v1
pos_synthetic,538,7,N02,positional_synthetic_v1
pos_synthetic,539,1,T04,positional_synthetic_v1
pos_synthetic,539,2,O00,positional_synthetic_v1
pos_synthetic,539,3,O12,positional_synthetic_v1
pos_synthetic,539,4,O00,positional_synthetic_v1
pos_synthetic,539,5,O01,positional_synthetic_v1
pos_synthetic,539,6,S00,positional_synthetic_v1
pos_synthetic,539,7,O34,positional_synthetic_v1
pos_synthetic,540,1,T04,positional_synthetic_v1
pos_synthetic,540,2,O06,positional_synthetic_v1
pos_synthetic,540,3,S01,positional_synthetic_v1
pos_synthetic,541,1,O28,positional_synthetic_v1
pos_synthetic,541,2,T01,positional_synthetic_v1
pos_synthetic,541,3,O01,positional_synthetic_v1
pos_synthetic,541,4,O00,positional_synthetic_v1
pos_synthetic,541,5,T03,positional_synthetic_v1
pos_synthetic,541,6,O08,positional_synthetic_v1
pos_synthetic,541,7,N00,positional_synthetic_v1
pos_synthetic,542,1,O00,positional_synthetic_v1
pos_synthetic,542,2,O14,positional_synthetic_v1
pos_synthetic,542,3,O00,positional_synthetic_v1
pos_synthetic,542,4,O07,positional_synthetic_v1
pos_synthetic,542,5,S03,positional_synthetic_v1
pos_synthetic,542,6,O01,positional_synthetic_v1
pos_synthetic,542,7,N00,positional_synthetic_v1
pos_synthetic,543,1,T02,positional_synthetic_v1
pos_synthetic,543,2,O12,positional_synthetic_v1
pos_synthetic,543,3,O03,positional_synthetic_v1
pos_synthetic,543,4,O32,positional_synthetic_v1
pos_synthetic,543,5,O00,positional_synthetic_v1
pos_synthetic,543,6,O02,positional_synthetic_v1
pos_synthetic,543,7,S02,positional_synthetic_v1
pos_synthetic,544,1,T00,positional_synthetic_v1
pos_synthetic,544,2,O11,positional_synthetic_v1
pos_synthetic,544,3,O03,positional_synthetic_v1
pos_synthetic,544,4,O01,positional_synthetic_v1
pos_synthetic,544,5,N00,positional_synthetic_v1
pos_synthetic,545,1,T04,positional_synthetic_v1
pos_synthetic,545,2,O00,positional_synthetic_v1
pos_synthetic,545,3,N00,positional_synthetic_v1
pos_synthetic,546,1,T00,positional_synthetic_v1
pos_synthetic,546,2,T04,positional_synthetic_v1
pos_synthetic,546,3,O06,positional_synthetic_v1
pos_synthetic,546,4,O11,positional_synthetic_v1
pos_synthetic,546,5,O00,positional_synthetic_v1
pos_synthetic,546,6,O04,positional_synthetic_v1
pos_synthetic,546,7,N01,positional_synthetic_v1
pos_synthetic,547,1,O14,positional_synthetic_v1
pos_synthetic,547,2,O21,positional_synthetic_v1
pos_synthetic,547,3,N00,positional_synthetic_v1
pos_synthetic,548,1,T02,positional_synthetic_v1
pos_synthetic,548,2,O00,positional_synthetic_v1
pos_synthetic,548,3,O03,positional_synthetic_v1
pos_synthetic,548,4,O00,positional_synthetic_v1
pos_synthetic,548,5,O00,positional_synthetic_v1
pos_synthetic,548,6,N00,positional_synthetic_v1
pos_synthetic,549,1,T02,positional_synthetic_v1
pos_synthetic,549,2,O01,positional_synthetic_v1
pos_synthetic,549,3,O08,positional_synthetic_v1
pos_synthetic,549,4,O01,positional_synthetic_v1
pos_synthetic,549,5,O00,positional_synthetic_v1
pos_synthetic,549,6,O10,positional_synthetic_v1
pos_synthetic,549,7,S00,positional_synthetic_v1
pos_synthetic,550,1,T02,positional_synthetic_v1
pos_synthetic,550,2,O01,positional_synthetic_v1
pos_synthetic,550,3,O00,positional_synthetic_v1
pos_synthetic,550,4,O01,positional_synthetic_v1
pos_synthetic,550,5,O27,positional_synthetic_v1
pos_synthetic,550,6,S01,positional_synthetic_v1
pos_synthetic,551,1,T02,positional_synthetic_v1
pos_synthetic,551,2,O00,positional_synthetic_v1
pos_synthetic,551,3,N00,positional_synthetic_v1
pos_synthetic,552,1,T03,positional_synthetic_v1
pos_synthetic,552,2,O00,positional_synthetic_v1
pos_synthetic,552,3,O00,positional_synthetic_v1
pos_synthetic,552,4,O00,positional_synthetic_v1
pos_synthetic,552,5,S03,positional_synthetic_v1
pos_synthetic,553,1,T00,positional_synthetic_v1
pos_synthetic,553,2,O02,positional_synthetic_v1
pos_synthetic,553,3,N00,positional_synthetic_v1
pos_synthetic,554,1,T07,positional_synthetic_v1
pos_synthetic,554,2,O00,positional_synthetic_v1
pos_synthetic,554,3,N00,positional_synthetic_v1
pos_synthetic,555,1,T03,positional_synthetic_v1
pos_synthetic,555,2,O07,positional_synthetic_v1
pos_synthetic,555,3,O01,positional_synthetic_v1
pos_synthetic,555,4,O01,positional_synthetic_v1
pos_synthetic,555,5,O01,positional_synthetic_v1
pos_synthetic,555,6,O00,positional_synthetic_v1
pos_synthetic,555,7,S00,positional_synthetic_v1
pos_synthetic,556,1,T00,positional_synthetic_v1
pos_synthetic,556,2,O00,positional_synthetic_v1
pos_synthetic,556,3,O05,positional_synthetic_v1
pos_synthetic,556,4,O32,positional_synthetic_v1
pos_synthetic,556,5,O04,positional_synthetic_v1
pos_synthetic,556,6,O00,positional_synthetic_v1
pos_synthetic,557,1,O00,positional_synthetic_v1
pos_synthetic,557,2,T06,positional_synthetic_v1
pos_synthetic,557,3,O00,positional_synthetic_v1
pos_synthetic,557,4,O00,positional_synthetic_v1
pos_synthetic,557,5,N01,positional_synthetic_v1
pos_synthetic,558,1,T02,positional_synthetic_v1
pos_synthetic,558,2,O05,positional_synthetic_v1
pos_synthetic,558,3,O00,positional_synthetic_v1
pos_synthetic,558,4,O00,positional_synthetic_v1
pos_synthetic,558,5,O31,positional_synthetic_v1
pos_synthetic,558,6,S01,positional_synthetic_v1
pos_synthetic,559,1,T02,positional_synthetic_v1
pos_synthetic,559,2,O04,positional_synthetic_v1
pos_synthetic,559,3,O01,positional_synthetic_v1
pos_synthetic,559,4,O00,positional_synthetic_v1
pos_synthetic,559,5,O04,positional_synthetic_v1
pos_synthetic,559,6,O17,positional_synthetic_v1
pos_synthetic,559,7,S00,positional_synthetic_v1
pos_synthetic,560,1,T00,positional_synthetic_v1
pos_synthetic,560,2,O27,positional_synthetic_v1
pos_synthetic,560,3,O08,positional_synthetic_v1
pos_synthetic,560,4,S02,positional_synthetic_v1
pos_synthetic,560,5,O00,positional_synthetic_v1
pos_synthetic,560,6,O03,positional_synthetic_v1
pos_synthetic,560,7,S01,positional_synthetic_v1
pos_synthetic,561,1,T00,positional_synthetic_v1
pos_synthetic,561,2,O00,positional_synthetic_v1
pos_synthetic,561,3,O03,positional_synthetic_v1
pos_synthetic,561,4,S00,positional_synthetic_v1
pos_synthetic,562,1,T06,positional_synthetic_v1
pos_synthetic,562,2,O01,positional_synthetic_v1
pos_synthetic,562,3,O14,positional_synthetic_v1
pos_synthetic,562,4,O00,positional_synthetic_v1
pos_synthetic,562,5,O06,positional_synthetic_v1
pos_synthetic,562,6,S00,positional_synthetic_v1
pos_synthetic,563,1,T00,positional_synthetic_v1
pos_synthetic,563,2,O01,positional_synthetic_v1
pos_synthetic,563,3,O00,positional_synthetic_v1
pos_synthetic,563,4,O08,positional_synthetic_v1
pos_synthetic,563,5,O23,positional_synthetic_v1
pos_synthetic,563,6,S00,positional_synthetic_v1
pos_synthetic,564,1,O01,positional_synthetic_v1
pos_synthetic,564,2,O07,positional_synthetic_v1
pos_synthetic,564,3,O00,positional_synthetic_v1
pos_synthetic,564,4,O03,positional_synthetic_v1
pos_synthetic,564,5,S01,positional_synthetic_v1
pos_synthetic,565,1,T00,positional_synthetic_v1
pos_synthetic,565,2,O07,positional_synthetic_v1
pos_synthetic,565,3,O00,positional_synthetic_v1
pos_synthetic,565,4,O00,positional_synthetic_v1
pos_synthetic,565,5,O18,positional_synthetic_v1
pos_synthetic,565,6,O08,positional_synthetic_v1
pos_synthetic,565,7,N00,positional_synthetic_v1
pos_synthetic,566,1,O00,positional_synthetic_v1
pos_synthetic,566,2,O00,positional_synthetic_v1
pos_synthetic,566,3,O00,positional_synthetic_v1
pos_synthetic,567,1,T00,positional_synthetic_v1
pos_synthetic,567,2,T00,positional_synthetic_v1
pos_synthetic,567,3,O02,positional_synthetic_v1
pos_synthetic,567,4,O08,positional_synthetic_v1
pos_synthetic,567,5,O04,positional_synthetic_v1
pos_synthetic,567,6,O06,positional_synthetic_v1
pos_synthetic,567,7,S03,positional_synthetic_v1
pos_synthetic,568,1,T04,positional_synthetic_v1
pos_synthetic,568,2,O12,positional_synthetic_v1
pos_synthetic,568,3,O13,positional_synthetic_v1
pos_synthetic,568,4,O25,positional_synthetic_v1
pos_synthetic,568,5,O03,positional_synthetic_v1
pos_synthetic,568,6,O00,positional_synthetic_v1
pos_synthetic,568,7,N02,positional_synthetic_v1
pos_synthetic,569,1,T03,positional_synthetic_v1
pos_synthetic,569,2,O08,positional_synthetic_v1
pos_synthetic,569,3,O02,positional_synthetic_v1
pos_synthetic,569,4,O00,positional_synthetic_v1
pos_synthetic,569,5,O01,positional_synthetic_v1
pos_synthetic,569,6,O23,positional_synthetic_v1
pos_synthetic,569,7,S01,positional_synthetic_v1
pos_synthetic,570,1,O00,positional_synthetic_v1
pos_synthetic,570,2,T00,positional_synthetic_v1
pos_synthetic,570,3,O20,positional_synthetic_v1
pos_synthetic,570,4,O05,positional_synthetic_v1
pos_synthetic,570,5,O11,positional_synthetic_v1
pos_synthetic,570,6,N01,positional_synthetic_v1
pos_synthetic,571,1,O04,positional_synthetic_v1
pos_synthetic,571,2,O00,positional_synthetic_v1
pos_synthetic,571,3,O07,positional_synthetic_v1
pos_synthetic,571,4,O01,positional_synthetic_v1
pos_synthetic,571,5,T01,positional_synthetic_v1
pos_synthetic,571,6,O05,positional_synthetic_v1
pos_synthetic,571,7,N06,positional_synthetic_v1
pos_synthetic,572,1,T00,positional_synthetic_v1
pos_synthetic,572,2,O13,positional_synthetic_v1
pos_synthetic,572,3,O00,positional_synthetic_v1
pos_synthetic,572,4,O01,positional_synthetic_v1
pos_synthetic,572,5,O00,positional_synthetic_v1
pos_synthetic,572,6,O00,positional_synthetic_v1
pos_synthetic,572,7,N01,positional_synthetic_v1
pos_synthetic,573,1,T00,positional_synthetic_v1
pos_synthetic,573,2,O02,positional_synthetic_v1
pos_synthetic,573,3,O24,positional_synthetic_v1
pos_synthetic,574,1,O00,positional_synthetic_v1
pos_synthetic,574,2,O09,positional_synthetic_v1
pos_synthetic,574,3,O01,positional_synthetic_v1
pos_synthetic,574,4,O05,positional_synthetic_v1
pos_synthetic,574,5,N00,positional_synthetic_v1
pos_synthetic,575,1,T00,positional_synthetic_v1
pos_synthetic,575,2,S00,positional_synthetic_v1
pos_synthetic,575,3,O00,positional_synthetic_v1
pos_synthetic,575,4,O00,positional_synthetic_v1
pos_synthetic,575,5,O05,positional_synthetic_v1
pos_synthetic,575,6,N05,positional_synthetic_v1
pos_synthetic,576,1,T04,positional_synthetic_v1
pos_synthetic,576,2,O06,positional_synthetic_v1
pos_synthetic,576,3,S00,positional_synthetic_v1
pos_synthetic,577,1,T00,positional_synthetic_v1
pos_synthetic,577,2,O00,positional_synthetic_v1
pos_synthetic,577,3,O02,positional_synthetic_v1
pos_synthetic,577,4,O03,positional_synthetic_v1
pos_synthetic,577,5,O01,positional_synthetic_v1
pos_synthetic,577,6,N00,positional_synthetic_v1
pos_synthetic,578,1,T04,positional_synthetic_v1
pos_synthetic,578,2,T03,positional_synthetic_v1
pos_synthetic,578,3,O00,positional_synthetic_v1
pos_synthetic,578,4,S03,positional_synthetic_v1
pos_synthetic,579,1,T00,positional_synthetic_v1
pos_synthetic,579,2,O01,positional_synthetic_v1
pos_synthetic,579,3,O02,positional_synthetic_v1
pos_synthetic,579,4,N06,positional_synthetic_v1
pos_synthetic,580,1,O18,positional_synthetic_v1
pos_synthetic,580,2,O00,positional_synthetic_v1
pos_synthetic,580,3,O01,positional_synthetic_v1
pos_synthetic,580,4,O03,positional_synthetic_v1
pos_synthetic,580,5,S00,positional_synthetic_v1
pos_synthetic,581,1,T04,positional_synthetic_v1
pos_synthetic,581,2,O06,positional_synthetic_v1
pos_synthetic,581,3,O14,positional_synthetic_v1
pos_synthetic,581,4,O16,positional_synthetic_v1
pos_synthetic,581,5,O08,positional_synthetic_v1
pos_synthetic,581,6,N01,positional_synthetic_v1
pos_synthetic,582,1,O04,positional_synthetic_v1
pos_synthetic,582,2,O00,positional_synthetic_v1
pos_synthetic,582,3,S01,positional_synthetic_v1
pos_synthetic,582,4,O00,positional_synthetic_v1
pos_synthetic,582,5,S00,positional_synthetic_v1
pos_synthetic,583,1,O00,positional_synthetic_v1
pos_synthetic,583,2,O00,positional_synthetic_v1
pos_synthetic,583,3,O00,positional_synthetic_v1
pos_synthetic,583,4,O07,positional_synthetic_v1
pos_synthetic,583,5,O08,positional_synthetic_v1
pos_synthetic,583,6,O02,positional_synthetic_v1
pos_synthetic,583,7,S00,positional_synthetic_v1
pos_synthetic,584,1,T00,positional_synthetic_v1
pos_synthetic,584,2,O00,positional_synthetic_v1
pos_synthetic,584,3,O19,positional_synthetic_v1
pos_synthetic,584,4,O00,positional_synthetic_v1
pos_synthetic,584,5,O01,positional_synthetic_v1
pos_synthetic,584,6,O00,positional_synthetic_v1
pos_synthetic,584,7,O00,positional_synthetic_v1
pos_synthetic,585,1,T01,positional_synthetic_v1
pos_synthetic,585,2,O04,positional_synthetic_v1
pos_synthetic,585,3,T00,positional_synthetic_v1
pos_synthetic,585,4,O00,positional_synthetic_v1
pos_synthetic,585,5,O01,positional_synthetic_v1
pos_synthetic,585,6,O00,positional_synthetic_v1
pos_synthetic,586,1,T00,positional_synthetic_v1
pos_synthetic,586,2,O30,positional_synthetic_v1
pos_synthetic,586,3,O04,positional_synthetic_v1
pos_synthetic,586,4,O03,positional_synthetic_v1
pos_synthetic,586,5,O01,positional_synthetic_v1
pos_synthetic,586,6,S01,positional_synthetic_v1
pos_synthetic,587,1,O06,positional_synthetic_v1
pos_synthetic,587,2,O07,positional_synthetic_v1
pos_synthetic,587,3,O00,positional_synthetic_v1
pos_synthetic,587,4,S00,positional_synthetic_v1
pos_synthetic,588,1,T04,positional_synthetic_v1
pos_synthetic,588,2,O04,positional_synthetic_v1
pos_synthetic,588,3,S00,positional_synthetic_v1
pos_synthetic,589,1,T01,positional_synthetic_v1
pos_synthetic,589,2,O00,positional_synthetic_v1
pos_synthetic,589,3,S00,positional_synthetic_v1
pos_synthetic,590,1,T02,positional_synthetic_v1
pos_synthetic,590,2,O00,positional_synthetic_v1
pos_synthetic,590,3,N00,positional_synthetic_v1
pos_synthetic,591,1,T05,positional_synthetic_v1
pos_synthetic,591,2,O00,positional_synthetic_v1
pos_synthetic,591,3,O02,positional_synthetic_v1
pos_synthetic,591,4,O01,positional_synthetic_v1
pos_synthetic,591,5,O00,positional_synthetic_v1
pos_synthetic,591,6,N03,positional_synthetic_v1
pos_synthetic,592,1,T00,positional_synthetic_v1
pos_synthetic,592,2,O02,positional_synthetic_v1
pos_synthetic,592,3,O03,positional_synthetic_v1
pos_synthetic,592,4,S01,positional_synthetic_v1
pos_synthetic,593,1,T00,positional_synthetic_v1
pos_synthetic,593,2,O00,positional_synthetic_v1
pos_synthetic,593,3,O07,positional_synthetic_v1
pos_synthetic,593,4,O03,positional_synthetic_v1
pos_synthetic,593,5,O14,positional_synthetic_v1
pos_synthetic,593,6,S02,positional_synthetic_v1
pos_synthetic,594,1,T01,positional_synthetic_v1
pos_synthetic,594,2,O01,positional_synthetic_v1
pos_synthetic,594,3,O11,positional_synthetic_v1
pos_synthetic,594,4,N01,positional_synthetic_v1
pos_synthetic,595,1,T00,positional_synthetic_v1
pos_synthetic,595,2,O16,positional_synthetic_v1
pos_synthetic,595,3,S00,positional_synthetic_v1
pos_synthetic,596,1,T00,positional_synthetic_v1
pos_synthetic,596,2,O01,positional_synthetic_v1
pos_synthetic,596,3,O12,positional_synthetic_v1
pos_synthetic,596,4,S00,positional_synthetic_v1
pos_synthetic,597,1,T00,positional_synthetic_v1
pos_synthetic,597,2,O18,positional_synthetic_v1
pos_synthetic,597,3,O01,positional_synthetic_v1
pos_synthetic,597,4,O03,positional_synthetic_v1
pos_synthetic,597,5,O32,positional_synthetic_v1
pos_synthetic,597,6,O00,positional_synthetic_v1
pos_synthetic,597,7,N02,positional_synthetic_v1
pos_synthetic,598,1,T00,positional_synthetic_v1
pos_synthetic,598,2,O01,positional_synthetic_v1
pos_synthetic,598,3,O12,positional_synthetic_v1
pos_synthetic,598,4,N01,positional_synthetic_v1
pos_synthetic,599,1,T07,positional_synthetic_v1
pos_synthetic,599,2,O03,positional_synthetic_v1
pos_synthetic,599,3,O01,positional_synthetic_v1
pos_synthetic,599,4,O00,positional_synthetic_v1
pos_synthetic,599,5,N00,positional_synthetic_v1
pos_synthetic,600,1,T00,positional_synthetic_v1
pos_synthetic,600,2,T00,positional_synthetic_v1
pos_synthetic,600,3,O01,positional_synthetic_v1
pos_synthetic,600,4,O02,positional_synthetic_v1
pos_synthetic,600,5,S01,positional_synthetic_v1
pos_synthetic,601,1,T02,positional_synthetic_v1
pos_synthetic,601,2,O00,positional_synthetic_v1
pos_synthetic,601,3,T00,positional_synthetic_v1
pos_synthetic,601,4,O05,positional_synthetic_v1
pos_synthetic,601,5,O02,positional_synthetic_v1
pos_synthetic,601,6,N00,positional_synthetic_v1
pos_synthetic,602,1,O12,positional_synthetic_v1
pos_synthetic,602,2,O10,positional_synthetic_v1
pos_synthetic,602,3,O03,positional_synthetic_v1
pos_synthetic,602,4,O00,positional_synthetic_v1
pos_synthetic,602,5,O09,positional_synthetic_v1
pos_synthetic,602,6,O03,positional_synthetic_v1
pos_synthetic,602,7,O10,positional_synthetic_v1
pos_synthetic,603,1,T03,positional_synthetic_v1
pos_synthetic,603,2,O12,positional_synthetic_v1
pos_synthetic,603,3,O02,positional_synthetic_v1
pos_synthetic,603,4,O00,positional_synthetic_v1
pos_synthetic,603,5,S01,positional_synthetic_v1
pos_synthetic,604,1,O08,positional_synthetic_v1
pos_synthetic,604,2,O00,positional_synthetic_v1
pos_synthetic,604,3,O00,positional_synthetic_v1
pos_synthetic,604,4,O19,positional_synthetic_v1
pos_synthetic,604,5,O09,positional_synthetic_v1
pos_synthetic,604,6,O22,positional_synthetic_v1
pos_synthetic,604,7,N03,positional_synthetic_v1
pos_synthetic,605,1,O04,positional_synthetic_v1
pos_synthetic,605,2,O05,positional_synthetic_v1
pos_synthetic,605,3,O19,positional_synthetic_v1
pos_synthetic,605,4,O03,positional_synthetic_v1
pos_synthetic,605,5,S00,positional_synthetic_v1
pos_synthetic,606,1,T01,positional_synthetic_v1
pos_synthetic,606,2,O07,positional_synthetic_v1
pos_synthetic,606,3,N00,positional_synthetic_v1
pos_synthetic,607,1,T00,positional_synthetic_v1
pos_synthetic,607,2,O01,positional_synthetic_v1
pos_synthetic,607,3,O00,positional_synthetic_v1
pos_synthetic,607,4,O00,positional_synthetic_v1
pos_synthetic,607,5,S03,positional_synthetic_v1
pos_synthetic,608,1,T01,positional_synthetic_v1
pos_synthetic,608,2,O00,positional_synthetic_v1
pos_synthetic,608,3,S00,positional_synthetic_v1
pos_synthetic,608,4,O06,positional_synthetic_v1
pos_synthetic,608,5,O01,positional_synthetic_v1
pos_synthetic,608,6,N04,positional_synthetic_v1
pos_synthetic,609,1,T02,positional_synthetic_v1
pos_synthetic,609,2,O11,positional_synthetic_v1
pos_synthetic,609,3,O00,positional_synthetic_v1
pos_synthetic,609,4,O06,positional_synthetic_v1
pos_synthetic,609,5,S03,positional_synthetic_v1
pos_synthetic,610,1,O05,positional_synthetic_v1
pos_synthetic,610,2,O01,positional_synthetic_v1
pos_synthetic,610,3,O00,positional_synthetic_v1
pos_synthetic,610,4,N00,positional_synthetic_v1
pos_synthetic,611,1,T02,positional_synthetic_v1
pos_synthetic,611,2,O00,positional_synthetic_v1
pos_synthetic,611,3,S01,positional_synthetic_v1
pos_synthetic,611,4,S01,positional_synthetic_v1
pos_synthetic,612,1,T04,positional_synthetic_v1
pos_synthetic,612,2,O10,positional_synthetic_v1
pos_synthetic,612,3,S00,positional_synthetic_v1
pos_synthetic,613,1,T00,positional_synthetic_v1
pos_synthetic,613,2,O06,positional_synthetic_v1
pos_synthetic,613,3,O01,positional_synthetic_v1
pos_synthetic,613,4,O01,positional_synthetic_v1
pos_synthetic,613,5,O00,positional_synthetic_v1
pos_synthetic,613,6,O00,positional_synthetic_v1
pos_synthetic,613,7,N00,positional_synthetic_v1
pos_synthetic,614,1,T05,positional_synthetic_v1
pos_synthetic,614,2,O00,positional_synthetic_v1
pos_synthetic,614,3,S01,positional_synthetic_v1
pos_synthetic,614,4,O00,positional_synthetic_v1
pos_synthetic,614,5,O05,positional_synthetic_v1
pos_synthetic,614,6,N00,positional_synthetic_v1
pos_synthetic,615,1,O20,positional_synthetic_v1
pos_synthetic,615,2,O19,positional_synthetic_v1
pos_synthetic,615,3,O01,positional_synthetic_v1
pos_synthetic,615,4,O21,positional_synthetic_v1
pos_synthetic,615,5,O38,positional_synthetic_v1
pos_synthetic,615,6,S02,positional_synthetic_v1
pos_synthetic,616,1,T00,positional_synthetic_v1
pos_synthetic,616,2,O03,positional_synthetic_v1
pos_synthetic,616,3,O00,positional_synthetic_v1
pos_synthetic,616,4,S03,positional_synthetic_v1
pos_synthetic,617,1,T00,positional_synthetic_v1
pos_synthetic,617,2,O08,positional_synthetic_v1
pos_synthetic,617,3,O12,positional_synthetic_v1
pos_synthetic,617,4,O16,positional_synthetic_v1
pos_synthetic,617,5,S00,positional_synthetic_v1
pos_synthetic,618,1,T00,positional_synthetic_v1
pos_synthetic,618,2,O01,positional_synthetic_v1
pos_synthetic,618,3,O00,positional_synthetic_v1
pos_synthetic,618,4,O00,positional_synthetic_v1
pos_synthetic,618,5,O01,positional_synthetic_v1
pos_synthetic,619,1,T03,positional_synthetic_v1
pos_synthetic,619,2,O03,positional_synthetic_v1
pos_synthetic,619,3,N00,positional_synthetic_v1
pos_synthetic,620,1,T02,positional_synthetic_v1
pos_synthetic,620,2,O00,positional_synthetic_v1
pos_synthetic,620,3,O00,positional_synthetic_v1
pos_synthetic,620,4,S01,positional_synthetic_v1
pos_synthetic,621,1,T03,positional_synthetic_v1
pos_synthetic,621,2,O00,positional_synthetic_v1
pos_synthetic,621,3,O14,positional_synthetic_v1
pos_synthetic,621,4,O04,positional_synthetic_v1
pos_synthetic,621,5,O03,positional_synthetic_v1
pos_synthetic,621,6,S02,positional_synthetic_v1
pos_synthetic,622,1,T01,positional_synthetic_v1
pos_synthetic,622,2,O03,positional_synthetic_v1
pos_synthetic,622,3,O37,positional_synthetic_v1
pos_synthetic,622,4,O09,positional_synthetic_v1
pos_synthetic,622,5,O01,positional_synthetic_v1
pos_synthetic,622,6,O07,positional_synthetic_v1
pos_synthetic,622,7,N00,positional_synthetic_v1
pos_synthetic,623,1,T00,positional_synthetic_v1
pos_synthetic,623,2,O04,positional_synthetic_v1
pos_synthetic,623,3,O25,positional_synthetic_v1
pos_synthetic,623,4,O25,positional_synthetic_v1
pos_synthetic,623,5,S00,positional_synthetic_v1
pos_synthetic,624,1,T00,positional_synthetic_v1
pos_synthetic,624,2,O38,positional_synthetic_v1
pos_synthetic,624,3,O35,positional_synthetic_v1
pos_synthetic,624,4,O05,positional_synthetic_v1
pos_synthetic,624,5,O12,positional_synthetic_v1
pos_synthetic,624,6,O07,positional_synthetic_v1
pos_synthetic,624,7,S00,positional_synthetic_v1
pos_synthetic,625,1,O02,positional_synthetic_v1
pos_synthetic,625,2,O06,positional_synthetic_v1
pos_synthetic,625,3,O06,positional_synthetic_v1
pos_synthetic,625,4,O01,positional_synthetic_v1
pos_synthetic,625,5,O27,positional_synthetic_v1
pos_synthetic,625,6,N00,positional_synthetic_v1
pos_synthetic,626,1,T01,positional_synthetic_v1
pos_synthetic,626,2,O06,positional_synthetic_v1
pos_synthetic,626,3,O06,positional_synthetic_v1
pos_synthetic,626,4,O05,positional_synthetic_v1
pos_synthetic,626,5,S00,positional_synthetic_v1
pos_synthetic,627,1,T02,positional_synthetic_v1
pos_synthetic,627,2,O04,positional_synthetic_v1
pos_synthetic,627,3,O00,positional_synthetic_v1
pos_synthetic,627,4,O07,positional_synthetic_v1
pos_synthetic,627,5,S01,positional_synthetic_v1
pos_synthetic,628,1,T04,positional_synthetic_v1
pos_synthetic,628,2,O00,positional_synthetic_v1
pos_synthetic,628,3,O00,positional_synthetic_v1
pos_synthetic,628,4,O10,positional_synthetic_v1
pos_synthetic,628,5,S01,positional_synthetic_v1
pos_synthetic,629,1,T04,positional_synthetic_v1
pos_synthetic,629,2,O11,positional_synthetic_v1
pos_synthetic,629,3,O30,positional_synthetic_v1
pos_synthetic,629,4,S00,positional_synthetic_v1
pos_synthetic,630,1,T00,positional_synthetic_v1
pos_synthetic,630,2,O00,positional_synthetic_v1
pos_synthetic,630,3,S00,positional_synthetic_v1
pos_synthetic,631,1,T05,positional_synthetic_v1
pos_synthetic,631,2,O03,positional_synthetic_v1
pos_synthetic,631,3,O04,positional_synthetic_v1
pos_synthetic,631,4,O01,positional_synthetic_v1
pos_synthetic,631,5,O00,positional_synthetic_v1
pos_synthetic,631,6,S00,positional_synthetic_v1
pos_synthetic,632,1,T00,positional_synthetic_v1
pos_synthetic,632,2,O04,positional_synthetic_v1
pos_synthetic,632,3,O18,positional_synthetic_v1
pos_synthetic,632,4,N05,positional_synthetic_v1
pos_synthetic,633,1,T02,positional_synthetic_v1
pos_synthetic,633,2,O00,positional_synthetic_v1
pos_synthetic,633,3,O16,positional_synthetic_v1
pos_synthetic,634,1,O19,positional_synthetic_v1
pos_synthetic,634,2,O00,positional_synthetic_v1
pos_synthetic,634,3,O08,positional_synthetic_v1
pos_synthetic,634,4,O00,positional_synthetic_v1
pos_synthetic,634,5,O11,positional_synthetic_v1
pos_synthetic,634,6,S00,positional_synthetic_v1
pos_synthetic,635,1,T05,positional_synthetic_v1
pos_synthetic,635,2,O04,positional_synthetic_v1
pos_synthetic,635,3,O33,positional_synthetic_v1
pos_synthetic,635,4,O02,positional_synthetic_v1
pos_synthetic,635,5,O15,positional_synthetic_v1
pos_synthetic,635,6,O00,positional_synthetic_v1
pos_synthetic,635,7,S00,positional_synthetic_v1
pos_synthetic,636,1,O33,positional_synthetic_v1
pos_synthetic,636,2,O12,positional_synthetic_v1
pos_synthetic,636,3,O15,positional_synthetic_v1
pos_synthetic,636,4,S00,positional_synthetic_v1
pos_synthetic,637,1,T00,positional_synthetic_v1
pos_synthetic,637,2,O00,positional_synthetic_v1
pos_synthetic,637,3,S00,positional_synthetic_v1
pos_synthetic,638,1,T01,positional_synthetic_v1
pos_synthetic,638,2,O00,positional_synthetic_v1
pos_synthetic,638,3,O00,positional_synthetic_v1
pos_synthetic,638,4,O00,positional_synthetic_v1
pos_synthetic,638,5,T00,positional_synthetic_v1
pos_synthetic,638,6,O33,positional_synthetic_v1
pos_synthetic,638,7,S03,positional_synthetic_v1
pos_synthetic,639,1,T01,positional_synthetic_v1
pos_synthetic,639,2,O00,positional_synthetic_v1
pos_synthetic,639,3,S00,positional_synthetic_v1
pos_synthetic,640,1,T00,positional_synthetic_v1
pos_synthetic,640,2,O00,positional_synthetic_v1
pos_synthetic,640,3,O00,positional_synthetic_v1
pos_synthetic,640,4,S00,positional_synthetic_v1
pos_synthetic,641,1,T02,positional_synthetic_v1
pos_synthetic,641,2,O00,positional_synthetic_v1
pos_synthetic,641,3,O00,positional_synthetic_v1
pos_synthetic,641,4,O12,positional_synthetic_v1
pos_synthetic,641,5,O00,positional_synthetic_v1
pos_synthetic,641,6,N00,positional_synthetic_v1
pos_synthetic,642,1,O17,positional_synthetic_v1
pos_synthetic,642,2,O00,positional_synthetic_v1
pos_synthetic,642,3,O00,positional_synthetic_v1
pos_synthetic,642,4,O02,positional_synthetic_v1
pos_synthetic,642,5,O00,positional_synthetic_v1
pos_synthetic,642,6,O03,positional_synthetic_v1
pos_synthetic,642,7,S00,positional_synthetic_v1
pos_synthetic,643,1,T01,positional_synthetic_v1
pos_synthetic,643,2,O02,positional_synthetic_v1
pos_synthetic,643,3,O00,positional_synthetic_v1
pos_synthetic,643,4,O04,positional_synthetic_v1
pos_synthetic,643,5,T00,positional_synthetic_v1
pos_synthetic,643,6,O02,positional_synthetic_v1
pos_synthetic,643,7,S00,positional_synthetic_v1
pos_synthetic,644,1,T00,positional_synthetic_v1
pos_synthetic,644,2,O13,positional_synthetic_v1
pos_synthetic,644,3,O00,positional_synthetic_v1
pos_synthetic,644,4,O01,positional_synthetic_v1
pos_synthetic,644,5,O02,positional_synthetic_v1
pos_synthetic,644,6,N02,positional_synthetic_v1
pos_synthetic,645,1,T01,positional_synthetic_v1
pos_synthetic,645,2,O05,positional_synthetic_v1
pos_synthetic,645,3,O10,positional_synthetic_v1
pos_synthetic,645,4,O16,positional_synthetic_v1
pos_synthetic,645,5,S01,positional_synthetic_v1
pos_synthetic,646,1,T04,positional_synthetic_v1
pos_synthetic,646,2,O37,positional_synthetic_v1
pos_synthetic,646,3,O19,positional_synthetic_v1
pos_synthetic,646,4,O01,positional_synthetic_v1
pos_synthetic,646,5,O00,positional_synthetic_v1
pos_synthetic,646,6,S01,positional_synthetic_v1
pos_synthetic,647,1,T01,positional_synthetic_v1
pos_synthetic,647,2,O02,positional_synthetic_v1
pos_synthetic,647,3,O14,positional_synthetic_v1
pos_synthetic,647,4,S02,positional_synthetic_v1
pos_synthetic,648,1,T00,positional_synthetic_v1
pos_synthetic,648,2,O01,positional_synthetic_v1
pos_synthetic,648,3,N01,positional_synthetic_v1
pos_synthetic,649,1,O09,positional_synthetic_v1
pos_synthetic,649,2,O00,positional_synthetic_v1
pos_synthetic,649,3,O00,positional_synthetic_v1
pos_synthetic,649,4,O29,positional_synthetic_v1
pos_synthetic,649,5,S01,positional_synthetic_v1
pos_synthetic,650,1,T01,positional_synthetic_v1
pos_synthetic,650,2,O02,positional_synthetic_v1
pos_synthetic,650,3,O05,positional_synthetic_v1
pos_synthetic,650,4,O00,positional_synthetic_v1
pos_synthetic,650,5,O03,positional_synthetic_v1
pos_synthetic,650,6,N00,positional_synthetic_v1
pos_synthetic,651,1,T02,positional_synthetic_v1
pos_synthetic,651,2,O00,positional_synthetic_v1
pos_synthetic,651,3,O03,positional_synthetic_v1
pos_synthetic,651,4,O00,positional_synthetic_v1
pos_synthetic,651,5,N00,positional_synthetic_v1
pos_synthetic,652,1,T00,positional_synthetic_v1
pos_synthetic,652,2,O00,positional_synthetic_v1
pos_synthetic,652,3,O13,positional_synthetic_v1
pos_synthetic,652,4,O00,positional_synthetic_v1
pos_synthetic,652,5,O24,positional_synthetic_v1
pos_synthetic,652,6,O32,positional_synthetic_v1
pos_synthetic,652,7,N01,positional_synthetic_v1
pos_synthetic,653,1,T00,positional_synthetic_v1
pos_synthetic,653,2,O01,positional_synthetic_v1
pos_synthetic,653,3,N03,positional_synthetic_v1
pos_synthetic,654,1,T00,positional_synthetic_v1
pos_synthetic,654,2,O00,positional_synthetic_v1
pos_synthetic,654,3,O03,positional_synthetic_v1
pos_synthetic,654,4,S02,positional_synthetic_v1
pos_synthetic,655,1,T00,positional_synthetic_v1
pos_synthetic,655,2,T02,positional_synthetic_v1
pos_synthetic,655,3,O00,positional_synthetic_v1
pos_synthetic,655,4,O00,positional_synthetic_v1
pos_synthetic,655,5,O18,positional_synthetic_v1
pos_synthetic,655,6,N00,positional_synthetic_v1
pos_synthetic,656,1,T00,positional_synthetic_v1
pos_synthetic,656,2,O00,positional_synthetic_v1
pos_synthetic,656,3,O17,positional_synthetic_v1
pos_synthetic,656,4,O11,positional_synthetic_v1
pos_synthetic,656,5,O04,positional_synthetic_v1
pos_synthetic,656,6,O09,positional_synthetic_v1
pos_synthetic,656,7,N00,positional_synthetic_v1
pos_synthetic,657,1,T01,positional_synthetic_v1
pos_synthetic,657,2,O01,positional_synthetic_v1
pos_synthetic,657,3,O00,positional_synthetic_v1
pos_synthetic,657,4,O02,positional_synthetic_v1
pos_synthetic,657,5,O23,positional_synthetic_v1
pos_synthetic,657,6,O00,positional_synthetic_v1
pos_synthetic,657,7,N00,positional_synthetic_v1
pos_synthetic,658,1,O00,positional_synthetic_v1
pos_synthetic,658,2,O00,positional_synthetic_v1
pos_synthetic,658,3,O22,positional_synthetic_v1
pos_synthetic,658,4,S00,positional_synthetic_v1
pos_synthetic,659,1,T03,positional_synthetic_v1
pos_synthetic,659,2,O00,positional_synthetic_v1
pos_synthetic,659,3,N01,positional_synthetic_v1
pos_synthetic,660,1,T01,positional_synthetic_v1
pos_synthetic,660,2,O04,positional_synthetic_v1
pos_synthetic,660,3,O39,positional_synthetic_v1
pos_synthetic,660,4,O09,positional_synthetic_v1
pos_synthetic,660,5,O01,positional_synthetic_v1
pos_synthetic,660,6,N04,positional_synthetic_v1
pos_synthetic,661,1,O00,positional_synthetic_v1
pos_synthetic,661,2,O00,positional_synthetic_v1
pos_synthetic,661,3,S00,positional_synthetic_v1
pos_synthetic,662,1,T01,positional_synthetic_v1
pos_synthetic,662,2,T01,positional_synthetic_v1
pos_synthetic,662,3,O22,positional_synthetic_v1
pos_synthetic,662,4,O02,positional_synthetic_v1
pos_synthetic,662,5,O02,positional_synthetic_v1
pos_synthetic,662,6,N00,positional_synthetic_v1
pos_synthetic,663,1,T00,positional_synthetic_v1
pos_synthetic,663,2,O03,positional_synthetic_v1
pos_synthetic,663,3,N01,positional_synthetic_v1
pos_synthetic,664,1,T04,positional_synthetic_v1
pos_synthetic,664,2,O00,positional_synthetic_v1
pos_synthetic,664,3,O00,positional_synthetic_v1
pos_synthetic,664,4,N01,positional_synthetic_v1
pos_synthetic,665,1,T00,positional_synthetic_v1
pos_synthetic,665,2,O00,positional_synthetic_v1
pos_synthetic,665,3,O07,positional_synthetic_v1
pos_synthetic,665,4,O00,positional_synthetic_v1
pos_synthetic,665,5,N01,positional_synthetic_v1
pos_synthetic,666,1,T00,positional_synthetic_v1
pos_synthetic,666,2,O00,positional_synthetic_v1
pos_synthetic,666,3,O01,positional_synthetic_v1
pos_synthetic,666,4,S02,positional_synthetic_v1
pos_synthetic,666,5,N00,positional_synthetic_v1
pos_synthetic,667,1,T03,positional_synthetic_v1
pos_synthetic,667,2,O00,positional_synthetic_v1
pos_synthetic,667,3,N03,positional_synthetic_v1
pos_synthetic,668,1,T00,positional_synthetic_v1
pos_synthetic,668,2,O06,positional_synthetic_v1
pos_synthetic,668,3,O03,positional_synthetic_v1
pos_synthetic,668,4,N06,positional_synthetic_v1
pos_synthetic,669,1,T00,positional_synthetic_v1
pos_synthetic,669,2,O00,positional_synthetic_v1
pos_synthetic,669,3,O00,positional_synthetic_v1
pos_synthetic,669,4,O13,positional_synthetic_v1
pos_synthetic,669,5,O02,positional_synthetic_v1
pos_synthetic,669,6,O10,positional_synthetic_v1
pos_synthetic,669,7,S00,positional_synthetic_v1
pos_synthetic,670,1,T00,positional_synthetic_v1
pos_synthetic,670,2,O30,positional_synthetic_v1
pos_synthetic,670,3,O05,positional_synthetic_v1
pos_synthetic,670,4,O25,positional_synthetic_v1
pos_synthetic,671,1,O00,positional_synthetic_v1
pos_synthetic,671,2,O04,positional_synthetic_v1
pos_synthetic,671,3,O06,positional_synthetic_v1
pos_synthetic,671,4,O01,positional_synthetic_v1
pos_synthetic,671,5,S03,positional_synthetic_v1
pos_synthetic,672,1,T05,positional_synthetic_v1
pos_synthetic,672,2,O08,positional_synthetic_v1
pos_synthetic,672,3,O00,positional_synthetic_v1
pos_synthetic,672,4,O00,positional_synthetic_v1
pos_synthetic,672,5,O31,positional_synthetic_v1
pos_synthetic,672,6,O00,positional_synthetic_v1
pos_synthetic,672,7,N02,positional_synthetic_v1
pos_synthetic,673,1,T02,positional_synthetic_v1
pos_synthetic,673,2,O04,positional_synthetic_v1
pos_synthetic,673,3,O37,positional_synthetic_v1
pos_synthetic,673,4,O01,positional_synthetic_v1
pos_synthetic,673,5,S00,positional_synthetic_v1
pos_synthetic,674,1,T01,positional_synthetic_v1
pos_synthetic,674,2,O00,positional_synthetic_v1
pos_synthetic,674,3,O01,positional_synthetic_v1
pos_synthetic,674,4,O14,positional_synthetic_v1
pos_synthetic,674,5,N06,positional_synthetic_v1
pos_synthetic,675,1,T00,positional_synthetic_v1
pos_synthetic,675,2,T00,positional_synthetic_v1
pos_synthetic,675,3,O25,positional_synthetic_v1
pos_synthetic,675,4,O00,positional_synthetic_v1
pos_synthetic,675,5,O00,positional_synthetic_v1
pos_synthetic,675,6,O00,positional_synthetic_v1
pos_synthetic,675,7,N01,positional_synthetic_v1
pos_synthetic,676,1,T00,positional_synthetic_v1
pos_synthetic,676,2,O32,positional_synthetic_v1
pos_synthetic,676,3,S00,positional_synthetic_v1
pos_synthetic,677,1,T00,positional_synthetic_v1
pos_synthetic,677,2,O02,positional_synthetic_v1
pos_synthetic,677,3,O05,positional_synthetic_v1
pos_synthetic,677,4,O09,positional_synthetic_v1
pos_synthetic,677,5,N03,positional_synthetic_v1
pos_synthetic,678,1,T01,positional_synthetic_v1
pos_synthetic,678,2,T05,positional_synthetic_v1
pos_synthetic,678,3,O13,positional_synthetic_v1
pos_synthetic,678,4,O09,positional_synthetic_v1
pos_synthetic,678,5,O00,positional_synthetic_v1
pos_synthetic,678,6,O00,positional_synthetic_v1
pos_synthetic,678,7,N00,positional_synthetic_v1
pos_synthetic,679,1,T02,positional_synthetic_v1
pos_synthetic,679,2,O01,positional_synthetic_v1
pos_synthetic,679,3,O01,positional_synthetic_v1
pos_synthetic,679,4,O19,positional_synthetic_v1
pos_synthetic,679,5,O20,positional_synthetic_v1
pos_synthetic,679,6,S00,positional_synthetic_v1
pos_synthetic,680,1,T02,positional_synthetic_v1
pos_synthetic,680,2,O00,positional_synthetic_v1
pos_synthetic,680,3,O00,positional_synthetic_v1
pos_synthetic,680,4,O00,positional_synthetic_v1
pos_synthetic,680,5,O01,positional_synthetic_v1
pos_synthetic,680,6,S02,positional_synthetic_v1
pos_synthetic,681,1,O00,positional_synthetic_v1
pos_synthetic,681,2,O08,positional_synthetic_v1
pos_synthetic,681,3,O03,positional_synthetic_v1
pos_synthetic,681,4,O00,positional_synthetic_v1
pos_synthetic,681,5,O02,positional_synthetic_v1
pos_synthetic,681,6,S01,positional_synthetic_v1
pos_synthetic,682,1,T01,positional_synthetic_v1
pos_synthetic,682,2,O00,positional_synthetic_v1
pos_synthetic,682,3,T00,positional_synthetic_v1
pos_synthetic,682,4,O03,positional_synthetic_v1
pos_synthetic,682,5,N05,positional_synthetic_v1
pos_synthetic,683,1,T00,positional_synthetic_v1
pos_synthetic,683,2,O08,positional_synthetic_v1
pos_synthetic,683,3,O05,positional_synthetic_v1
pos_synthetic,683,4,N06,positional_synthetic_v1
pos_synthetic,684,1,T04,positional_synthetic_v1
pos_synthetic,684,2,O03,positional_synthetic_v1
pos_synthetic,684,3,O05,positional_synthetic_v1
pos_synthetic,684,4,S02,positional_synthetic_v1
pos_synthetic,684,5,O01,positional_synthetic_v1
pos_synthetic,684,6,O01,positional_synthetic_v1
pos_synthetic,684,7,S02,positional_synthetic_v1
pos_synthetic,685,1,T03,positional_synthetic_v1
pos_synthetic,685,2,O00,positional_synthetic_v1
pos_synthetic,685,3,O03,positional_synthetic_v1
pos_synthetic,685,4,O02,positional_synthetic_v1
pos_synthetic,685,5,T00,positional_synthetic_v1
pos_synthetic,685,6,N07,positional_synthetic_v1
pos_synthetic,686,1,O00,positional_synthetic_v1
pos_synthetic,686,2,O00,positional_synthetic_v1
pos_synthetic,686,3,O04,positional_synthetic_v1
pos_synthetic,686,4,O08,positional_synthetic_v1
pos_synthetic,686,5,O00,positional_synthetic_v1
pos_synthetic,686,6,O05,positional_synthetic_v1
pos_synthetic,686,7,S00,positional_synthetic_v1
pos_synthetic,687,1,T00,positional_synthetic_v1
pos_synthetic,687,2,S01,positional_synthetic_v1
pos_synthetic,687,3,O00,positional_synthetic_v1
pos_synthetic,688,1,T06,positional_synthetic_v1
pos_synthetic,688,2,O13,positional_synthetic_v1
pos_synthetic,688,3,O35,positional_synthetic_v1
pos_synthetic,688,4,O00,positional_synthetic_v1
pos_synthetic,688,5,S00,positional_synthetic_v1
pos_synthetic,689,1,T00,positional_synthetic_v1
pos_synthetic,689,2,O00,positional_synthetic_v1
pos_synthetic,689,3,O00,positional_synthetic_v1
pos_synthetic,689,4,O06,positional_synthetic_v1
pos_synthetic,689,5,O02,positional_synthetic_v1
pos_synthetic,689,6,O00,positional_synthetic_v1
pos_synthetic,689,7,N01,positional_synthetic_v1
pos_synthetic,690,1,T00,positional_synthetic_v1
pos_synthetic,690,2,O03,positional_synthetic_v1
pos_synthetic,690,3,T00,positional_synthetic_v1
pos_synthetic,690,4,O13,positional_synthetic_v1
pos_synthetic,690,5,O13,positional_synthetic_v1
pos_synthetic,690,6,N01,positional_synthetic_v1
pos_synthetic,691,1,T00,positional_synthetic_v1
pos_synthetic,691,2,O01,positional_synthetic_v1
pos_synthetic,691,3,N03,positional_synthetic_v1
pos_synthetic,692,1,O01,positional_synthetic_v1
pos_synthetic,692,2,T00,positional_synthetic_v1
pos_synthetic,692,3,O00,positional_synthetic_v1
pos_synthetic,692,4,O02,positional_synthetic_v1
pos_synthetic,692,5,S02,positional_synthetic_v1
pos_synthetic,693,1,O00,positional_synthetic_v1
pos_synthetic,693,2,O01,positional_synthetic_v1
pos_synthetic,693,3,S02,positional_synthetic_v1
pos_synthetic,694,1,T00,positional_synthetic_v1
pos_synthetic,694,2,O02,positional_synthetic_v1
pos_synthetic,694,3,O00,positional_synthetic_v1
pos_synthetic,694,4,S00,positional_synthetic_v1
pos_synthetic,695,1,T06,positional_synthetic_v1
pos_synthetic,695,2,O06,positional_synthetic_v1
pos_synthetic,695,3,O03,positional_synthetic_v1
pos_synthetic,695,4,T00,positional_synthetic_v1
pos_synthetic,695,5,O02,positional_synthetic_v1
pos_synthetic,695,6,O01,positional_synthetic_v1
pos_synthetic,695,7,N00,positional_synthetic_v1
pos_synthetic,696,1,T02,positional_synthetic_v1
pos_synthetic,696,2,S03,positional_synthetic_v1
pos_synthetic,696,3,O03,positional_synthetic_v1
pos_synthetic,696,4,O07,positional_synthetic_v1
pos_synthetic,696,5,O00,positional_synthetic_v1
pos_synthetic,696,6,O01,positional_synthetic_v1
pos_synthetic,696,7,O00,positional_synthetic_v1
pos_synthetic,697,1,T01,positional_synthetic_v1
pos_synthetic,697,2,O26,positional_synthetic_v1
pos_synthetic,697,3,O05,positional_synthetic_v1
pos_synthetic,697,4,S00,positional_synthetic_v1
pos_synthetic,698,1,O03,positional_synthetic_v1
pos_synthetic,698,2,O01,positional_synthetic_v1
pos_synthetic,698,3,O14,positional_synthetic_v1
pos_synthetic,698,4,O12,positional_synthetic_v1
pos_synthetic,698,5,O04,positional_synthetic_v1
pos_synthetic,698,6,O01,positional_synthetic_v1
pos_synthetic,698,7,S00,positional_synthetic_v1
pos_synthetic,699,1,T00,positional_synthetic_v1
pos_synthetic,699,2,O01,positional_synthetic_v1
pos_synthetic,699,3,O06,positional_synthetic_v1
pos_synthetic,699,4,O05,positional_synthetic_v1
pos_synthetic,700,1,T00,positional_synthetic_v1
pos_synthetic,700,2,O01,positional_synthetic_v1
pos_synthetic,700,3,O00,positional_synthetic_v1
pos_synthetic,700,4,O00,positional_synthetic_v1
pos_synthetic,700,5,O13,positional_synthetic_v1
pos_synthetic,701,1,O00,positional_synthetic_v1
pos_synthetic,701,2,O01,positional_synthetic_v1
pos_synthetic,701,3,O00,positional_synthetic_v1
pos_synthetic,701,4,O18,positional_synthetic_v1
pos_synthetic,701,5,O03,positional_synthetic_v1
pos_synthetic,701,6,O00,positional_synthetic_v1
pos_synthetic,701,7,O02,positional_synthetic_v1
pos_synthetic,702,1,O08,positional_synthetic_v1
pos_synthetic,702,2,O30,positional_synthetic_v1
pos_synthetic,702,3,O00,positional_synthetic_v1
pos_synthetic,702,4,O19,positional_synthetic_v1
pos_synthetic,702,5,O26,positional_synthetic_v1
pos_synthetic,703,1,T05,positional_synthetic_v1
pos_synthetic,703,2,O05,positional_synthetic_v1
pos_synthetic,703,3,O04,positional_synthetic_v1
pos_synthetic,703,4,T00,positional_synthetic_v1
pos_synthetic,703,5,O09,positional_synthetic_v1
pos_synthetic,704,1,T01,positional_synthetic_v1
pos_synthetic,704,2,O06,positional_synthetic_v1
pos_synthetic,704,3,O01,positional_synthetic_v1
pos_synthetic,704,4,O08,positional_synthetic_v1
pos_synthetic,704,5,O13,positional_synthetic_v1
pos_synthetic,704,6,O00,positional_synthetic_v1
pos_synthetic,704,7,N04,positional_synthetic_v1
pos_synthetic,705,1,T01,positional_synthetic_v1
pos_synthetic,705,2,O15,positional_synthetic_v1
pos_synthetic,705,3,O01,positional_synthetic_v1
pos_synthetic,705,4,O01,positional_synthetic_v1
pos_synthetic,705,5,O23,positional_synthetic_v1
pos_synthetic,705,6,O00,positional_synthetic_v1
pos_synthetic,705,7,S00,positional_synthetic_v1
pos_synthetic,706,1,O02,positional_synthetic_v1
pos_synthetic,706,2,O00,positional_synthetic_v1
pos_synthetic,706,3,N01,positional_synthetic_v1
pos_synthetic,707,1,T00,positional_synthetic_v1
pos_synthetic,707,2,S00,positional_synthetic_v1
pos_synthetic,707,3,O00,positional_synthetic_v1
pos_synthetic,707,4,O00,positional_synthetic_v1
pos_synthetic,708,1,T07,positional_synthetic_v1
pos_synthetic,708,2,O31,positional_synthetic_v1
pos_synthetic,708,3,O01,positional_synthetic_v1
pos_synthetic,708,4,O08,positional_synthetic_v1
pos_synthetic,708,5,O01,positional_synthetic_v1
pos_synthetic,708,6,N02,positional_synthetic_v1
pos_synthetic,709,1,T03,positional_synthetic_v1
pos_synthetic,709,2,O28,positional_synthetic_v1
pos_synthetic,709,3,O01,positional_synthetic_v1
pos_synthetic,709,4,O10,positional_synthetic_v1
pos_synthetic,709,5,N00,positional_synthetic_v1
pos_synthetic,710,1,T07,positional_synthetic_v1
pos_synthetic,710,2,O00,positional_synthetic_v1
pos_synthetic,710,3,S01,positional_synthetic_v1
pos_synthetic,711,1,T02,positional_synthetic_v1
pos_synthetic,711,2,O00,positional_synthetic_v1
pos_synthetic,711,3,O26,positional_synthetic_v1
pos_synthetic,711,4,N00,positional_synthetic_v1
pos_synthetic,712,1,T02,positional_synthetic_v1
pos_synthetic,712,2,O00,positional_synthetic_v1
pos_synthetic,712,3,O00,positional_synthetic_v1
pos_synthetic,713,1,T01,positional_synthetic_v1
pos_synthetic,713,2,O01,positional_synthetic_v1
pos_synthetic,713,3,O00,positional_synthetic_v1
pos_synthetic,713,4,S00,positional_synthetic_v1
pos_synthetic,713,5,S01,positional_synthetic_v1
pos_synthetic,714,1,T05,positional_synthetic_v1
pos_synthetic,714,2,O00,positional_synthetic_v1
pos_synthetic,714,3,O01,positional_synthetic_v1
pos_synthetic,714,4,O00,positional_synthetic_v1
pos_synthetic,714,5,O00,positional_synthetic_v1
pos_synthetic,714,6,S01,positional_synthetic_v1
pos_synthetic,715,1,T00,positional_synthetic_v1
pos_synthetic,715,2,O00,positional_synthetic_v1
pos_synthetic,715,3,O00,positional_synthetic_v1
pos_synthetic,715,4,O14,positional_synthetic_v1
pos_synthetic,715,5,S00,positional_synthetic_v1
pos_synthetic,716,1,T00,positional_synthetic_v1
pos_synthetic,716,2,O17,positional_synthetic_v1
pos_synthetic,716,3,O24,positional_synthetic_v1
pos_synthetic,716,4,O01,positional_synthetic_v1
pos_synthetic,716,5,S00,positional_synthetic_v1
pos_synthetic,717,1,T01,positional_synthetic_v1
pos_synthetic,717,2,O01,positional_synthetic_v1
pos_synthetic,717,3,O00,positional_synthetic_v1
pos_synthetic,717,4,O03,positional_synthetic_v1
pos_synthetic,717,5,O00,positional_synthetic_v1
pos_synthetic,717,6,S00,positional_synthetic_v1
pos_synthetic,718,1,T00,positional_synthetic_v1
pos_synthetic,718,2,O03,positional_synthetic_v1
pos_synthetic,718,3,O01,positional_synthetic_v1
pos_synthetic,718,4,O33,positional_synthetic_v1
pos_synthetic,718,5,O03,positional_synthetic_v1
pos_synthetic,718,6,O00,positional_synthetic_v1
pos_synthetic,718,7,S00,positional_synthetic_v1
pos_synthetic,719,1,T05,positional_synthetic_v1
pos_synthetic,719,2,O01,positional_synthetic_v1
pos_synthetic,719,3,S00,positional_synthetic_v1
pos_synthetic,720,1,T00,positional_synthetic_v1
pos_synthetic,720,2,O14,positional_synthetic_v1
pos_synthetic,720,3,O12,positional_synthetic_v1
pos_synthetic,720,4,S00,positional_synthetic_v1
pos_synthetic,721,1,T04,positional_synthetic_v1
pos_synthetic,721,2,O25,positional_synthetic_v1
pos_synthetic,721,3,O00,positional_synthetic_v1
pos_synthetic,721,4,O02,positional_synthetic_v1
pos_synthetic,721,5,O01,positional_synthetic_v1
pos_synthetic,721,6,N04,positional_synthetic_v1
pos_synthetic,722,1,T00,positional_synthetic_v1
pos_synthetic,722,2,S00,positional_synthetic_v1
pos_synthetic,722,3,O09,positional_synthetic_v1
pos_synthetic,722,4,O00,positional_synthetic_v1
pos_synthetic,722,5,O02,positional_synthetic_v1
pos_synthetic,722,6,N01,positional_synthetic_v1
pos_synthetic,723,1,T00,positional_synthetic_v1
pos_synthetic,723,2,O01,positional_synthetic_v1
pos_synthetic,723,3,O02,positional_synthetic_v1
pos_synthetic,723,4,N00,positional_synthetic_v1
pos_synthetic,724,1,O03,positional_synthetic_v1
pos_synthetic,724,2,O12,positional_synthetic_v1
pos_synthetic,724,3,O09,positional_synthetic_v1
pos_synthetic,724,4,T00,positional_synthetic_v1
pos_synthetic,724,5,O00,positional_synthetic_v1
pos_synthetic,724,6,O00,positional_synthetic_v1
pos_synthetic,724,7,N00,positional_synthetic_v1
pos_synthetic,725,1,T00,positional_synthetic_v1
pos_synthetic,725,2,O06,positional_synthetic_v1
pos_synthetic,725,3,O00,positional_synthetic_v1
pos_synthetic,725,4,O00,positional_synthetic_v1
pos_synthetic,725,5,O01,positional_synthetic_v1
pos_synthetic,725,6,T02,positional_synthetic_v1
pos_synthetic,725,7,S01,positional_synthetic_v1
pos_synthetic,726,1,O00,positional_synthetic_v1
pos_synthetic,726,2,O19,positional_synthetic_v1
pos_synthetic,726,3,O20,positional_synthetic_v1
pos_synthetic,726,4,S00,positional_synthetic_v1
pos_synthetic,726,5,O00,positional_synthetic_v1
pos_synthetic,726,6,N00,positional_synthetic_v1
pos_synthetic,727,1,T00,positional_synthetic_v1
pos_synthetic,727,2,O06,positional_synthetic_v1
pos_synthetic,727,3,O13,positional_synthetic_v1
pos_synthetic,727,4,O06,positional_synthetic_v1
pos_synthetic,727,5,N04,positional_synthetic_v1
pos_synthetic,728,1,O01,positional_synthetic_v1
pos_synthetic,728,2,O00,positional_synthetic_v1
pos_synthetic,728,3,O08,positional_synthetic_v1
pos_synthetic,728,4,O01,positional_synthetic_v1
pos_synthetic,728,5,O05,positional_synthetic_v1
pos_synthetic,728,6,O00,positional_synthetic_v1
pos_synthetic,728,7,S03,positional_synthetic_v1
pos_synthetic,729,1,T00,positional_synthetic_v1
pos_synthetic,729,2,O36,positional_synthetic_v1
pos_synthetic,729,3,O34,positional_synthetic_v1
pos_synthetic,729,4,O11,positional_synthetic_v1
pos_synthetic,729,5,O05,positional_synthetic_v1
pos_synthetic,729,6,O03,positional_synthetic_v1
pos_synthetic,729,7,N04,positional_synthetic_v1
pos_synthetic,730,1,T00,positional_synthetic_v1
pos_synthetic,730,2,O02,positional_synthetic_v1
pos_synthetic,730,3,O04,positional_synthetic_v1
pos_synthetic,730,4,O01,positional_synthetic_v1
pos_synthetic,730,5,O01,positional_synthetic_v1
pos_synthetic,730,6,O01,positional_synthetic_v1
pos_synthetic,730,7,S02,positional_synthetic_v1
pos_synthetic,731,1,O00,positional_synthetic_v1
pos_synthetic,731,2,O26,positional_synthetic_v1
pos_synthetic,731,3,O06,positional_synthetic_v1
pos_synthetic,731,4,O13,positional_synthetic_v1
pos_synthetic,731,5,O03,positional_synthetic_v1
pos_synthetic,731,6,T03,positional_synthetic_v1
pos_synthetic,731,7,S02,positional_synthetic_v1
pos_synthetic,732,1,T00,positional_synthetic_v1
pos_synthetic,732,2,O19,positional_synthetic_v1
pos_synthetic,732,3,S00,positional_synthetic_v1
pos_synthetic,733,1,T00,positional_synthetic_v1
pos_synthetic,733,2,O09,positional_synthetic_v1
pos_synthetic,733,3,O00,positional_synthetic_v1
pos_synthetic,733,4,T04,positional_synthetic_v1
pos_synthetic,733,5,S00,positional_synthetic_v1
pos_synthetic,734,1,O34,positional_synthetic_v1
pos_synthetic,734,2,O06,positional_synthetic_v1
pos_synthetic,734,3,O15,positional_synthetic_v1
pos_synthetic,734,4,T00,positional_synthetic_v1
pos_synthetic,734,5,S01,positional_synthetic_v1
pos_synthetic,735,1,O04,positional_synthetic_v1
pos_synthetic,735,2,O06,positional_synthetic_v1
pos_synthetic,735,3,O03,positional_synthetic_v1
pos_synthetic,735,4,O01,positional_synthetic_v1
pos_synthetic,735,5,O00,positional_synthetic_v1
pos_synthetic,735,6,N03,positional_synthetic_v1
pos_synthetic,736,1,T00,positional_synthetic_v1
pos_synthetic,736,2,O06,positional_synthetic_v1
pos_synthetic,736,3,O00,positional_synthetic_v1
pos_synthetic,736,4,T02,positional_synthetic_v1
pos_synthetic,736,5,S00,positional_synthetic_v1
pos_synthetic,737,1,T00,positional_synthetic_v1
pos_synthetic,737,2,O00,positional_synthetic_v1
pos_synthetic,737,3,O04,positional_synthetic_v1
pos_synthetic,737,4,O15,positional_synthetic_v1
pos_synthetic,737,5,N00,positional_synthetic_v1
pos_synthetic,738,1,T03,positional_synthetic_v1
pos_synthetic,738,2,O01,positional_synthetic_v1
pos_synthetic,738,3,O02,positional_synthetic_v1
pos_synthetic,738,4,O25,positional_synthetic_v1
pos_synthetic,739,1,T00,positional_synthetic_v1
pos_synthetic,739,2,O02,positional_synthetic_v1
pos_synthetic,739,3,O00,positional_synthetic_v1
pos_synthetic,739,4,O00,positional_synthetic_v1
pos_synthetic,739,5,N00,positional_synthetic_v1
pos_synthetic,740,1,T00,positional_synthetic_v1
pos_synthetic,740,2,O04,positional_synthetic_v1
pos_synthetic,740,3,O01,positional_synthetic_v1
pos_synthetic,740,4,O03,positional_synthetic_v1
pos_synthetic,740,5,N00,positional_synthetic_v1
pos_synthetic,741,1,T00,positional_synthetic_v1
pos_synthetic,741,2,O05,positional_synthetic_v1
pos_synthetic,741,3,O31,positional_synthetic_v1
pos_synthetic,741,4,O00,positional_synthetic_v1
pos_synthetic,741,5,O19,positional_synthetic_v1
pos_synthetic,741,6,N01,positional_synthetic_v1
pos_synthetic,742,1,T01,positional_synthetic_v1
pos_synthetic,742,2,O02,positional_synthetic_v1
pos_synthetic,742,3,O00,positional_synthetic_v1
pos_synthetic,742,4,O00,positional_synthetic_v1
pos_synthetic,742,5,O04,positional_synthetic_v1
pos_synthetic,743,1,T00,positional_synthetic_v1
pos_synthetic,743,2,T05,positional_synthetic_v1
pos_synthetic,743,3,O01,positional_synthetic_v1
pos_synthetic,743,4,S01,positional_synthetic_v1
pos_synthetic,744,1,O00,positional_synthetic_v1
pos_synthetic,744,2,O02,positional_synthetic_v1
pos_synthetic,744,3,O06,positional_synthetic_v1
pos_synthetic,744,4,O21,positional_synthetic_v1
pos_synthetic,744,5,S01,positional_synthetic_v1
pos_synthetic,745,1,T02,positional_synthetic_v1
pos_synthetic,745,2,O28,positional_synthetic_v1
pos_synthetic,745,3,T00,positional_synthetic_v1
pos_synthetic,745,4,O00,positional_synthetic_v1
pos_synthetic,745,5,O00,positional_synthetic_v1
pos_synthetic,745,6,O00,positional_synthetic_v1
pos_synthetic,745,7,S01,positional_synthetic_v1
pos_synthetic,746,1,T01,positional_synthetic_v1
pos_synthetic,746,2,O00,positional_synthetic_v1
pos_synthetic,746,3,O08,positional_synthetic_v1
pos_synthetic,746,4,O01,positional_synthetic_v1
pos_synthetic,746,5,O05,positional_synthetic_v1
pos_synthetic,746,6,T01,positional_synthetic_v1
pos_synthetic,746,7,N00,positional_synthetic_v1
pos_synthetic,747,1,T00,positional_synthetic_v1
pos_synthetic,747,2,O00,positional_synthetic_v1
pos_synthetic,747,3,O14,positional_synthetic_v1
pos_synthetic,747,4,O23,positional_synthetic_v1
pos_synthetic,748,1,T02,positional_synthetic_v1
pos_synthetic,748,2,S00,positional_synthetic_v1
pos_synthetic,748,3,O01,positional_synthetic_v1
pos_synthetic,748,4,O08,positional_synthetic_v1
pos_synthetic,748,5,O10,positional_synthetic_v1
pos_synthetic,748,6,O00,positional_synthetic_v1
pos_synthetic,748,7,N00,positional_synthetic_v1
pos_synthetic,749,1,T02,positional_synthetic_v1
pos_synthetic,749,2,O01,positional_synthetic_v1
pos_synthetic,749,3,N00,positional_synthetic_v1
pos_synthetic,750,1,T00,positional_synthetic_v1
pos_synthetic,750,2,O03,positional_synthetic_v1
pos_synthetic,750,3,O15,positional_synthetic_v1
pos_synthetic,750,4,O30,positional_synthetic_v1
pos_synthetic,750,5,O03,positional_synthetic_v1
pos_synthetic,750,6,O02,positional_synthetic_v1
pos_synthetic,750,7,N00,positional_synthetic_v1
pos_synthetic,751,1,O03,positional_synthetic_v1
pos_synthetic,751,2,O01,positional_synthetic_v1
pos_synthetic,751,3,S00,positional_synthetic_v1
pos_synthetic,752,1,T00,positional_synthetic_v1
pos_synthetic,752,2,O00,positional_synthetic_v1
pos_synthetic,752,3,O01,positional_synthetic_v1
pos_synthetic,752,4,O00,positional_synthetic_v1
pos_synthetic,752,5,O00,positional_synthetic_v1
pos_synthetic,752,6,S00,positional_synthetic_v1
pos_synthetic,753,1,T01,positional_synthetic_v1
pos_synthetic,753,2,O17,positional_synthetic_v1
pos_synthetic,753,3,O38,positional_synthetic_v1
pos_synthetic,753,4,O03,positional_synthetic_v1
pos_synthetic,753,5,O12,positional_synthetic_v1
pos_synthetic,753,6,O01,positional_synthetic_v1
pos_synthetic,753,7,S00,positional_synthetic_v1
pos_synthetic,754,1,T02,positional_synthetic_v1
pos_synthetic,754,2,O06,positional_synthetic_v1
pos_synthetic,754,3,S00,positional_synthetic_v1
pos_synthetic,755,1,T02,positional_synthetic_v1
pos_synthetic,755,2,O00,positional_synthetic_v1
pos_synthetic,755,3,O03,positional_synthetic_v1
pos_synthetic,755,4,O06,positional_synthetic_v1
pos_synthetic,755,5,S01,positional_synthetic_v1
pos_synthetic,756,1,T04,positional_synthetic_v1
pos_synthetic,756,2,O02,positional_synthetic_v1
pos_synthetic,756,3,S01,positional_synthetic_v1
pos_synthetic,757,1,T00,positional_synthetic_v1
pos_synthetic,757,2,O00,positional_synthetic_v1
pos_synthetic,757,3,O00,positional_synthetic_v1
pos_synthetic,757,4,S00,positional_synthetic_v1
pos_synthetic,757,5,O04,positional_synthetic_v1
pos_synthetic,757,6,O15,positional_synthetic_v1
pos_synthetic,757,7,N00,positional_synthetic_v1
pos_synthetic,758,1,T00,positional_synthetic_v1
pos_synthetic,758,2,O31,positional_synthetic_v1
pos_synthetic,758,3,O00,positional_synthetic_v1
pos_synthetic,758,4,O02,positional_synthetic_v1
pos_synthetic,758,5,S01,positional_synthetic_v1
pos_synthetic,758,6,O03,positional_synthetic_v1
pos_synthetic,758,7,S00,positional_synthetic_v1
pos_synthetic,759,1,T00,positional_synthetic_v1
pos_synthetic,759,2,O03,positional_synthetic_v1
pos_synthetic,759,3,O03,positional_synthetic_v1
pos_synthetic,759,4,O00,positional_synthetic_v1
pos_synthetic,759,5,O05,positional_synthetic_v1
pos_synthetic,759,6,O13,positional_synthetic_v1
pos_synthetic,759,7,N00,positional_synthetic_v1
pos_synthetic,760,1,T01,positional_synthetic_v1
pos_synthetic,760,2,O06,positional_synthetic_v1
pos_synthetic,760,3,O00,positional_synthetic_v1
pos_synthetic,760,4,O00,positional_synthetic_v1
pos_synthetic,760,5,O04,positional_synthetic_v1
pos_synthetic,760,6,O20,positional_synthetic_v1
pos_synthetic,760,7,O12,positional_synthetic_v1
pos_synthetic,761,1,T01,positional_synthetic_v1
pos_synthetic,761,2,O08,positional_synthetic_v1
pos_synthetic,761,3,S01,positional_synthetic_v1
pos_synthetic,762,1,T01,positional_synthetic_v1
pos_synthetic,762,2,O00,positional_synthetic_v1
pos_synthetic,762,3,O06,positional_synthetic_v1
pos_synthetic,762,4,O03,positional_synthetic_v1
pos_synthetic,762,5,O01,positional_synthetic_v1
pos_synthetic,762,6,O22,positional_synthetic_v1
pos_synthetic,762,7,N00,positional_synthetic_v1
pos_synthetic,763,1,T00,positional_synthetic_v1
pos_synthetic,763,2,O00,positional_synthetic_v1
pos_synthetic,763,3,O09,positional_synthetic_v1
pos_synthetic,763,4,O07,positional_synthetic_v1
pos_synthetic,763,5,O01,positional_synthetic_v1
pos_synthetic,763,6,N02,positional_synthetic_v1
pos_synthetic,764,1,T00,positional_synthetic_v1
pos_synthetic,764,2,O09,positional_synthetic_v1
pos_synthetic,764,3,O02,positional_synthetic_v1
pos_synthetic,764,4,T00,positional_synthetic_v1
pos_synthetic,764,5,N06,positional_synthetic_v1
pos_synthetic,765,1,O00,positional_synthetic_v1
pos_synthetic,765,2,O00,positional_synthetic_v1
pos_synthetic,765,3,N01,positional_synthetic_v1
pos_synthetic,766,1,T07,positional_synthetic_v1
pos_synthetic,766,2,O01,positional_synthetic_v1
pos_synthetic,766,3,O00,positional_synthetic_v1
pos_synthetic,766,4,O01,positional_synthetic_v1
pos_synthetic,766,5,O02,positional_synthetic_v1
pos_synthetic,766,6,S01,positional_synthetic_v1
pos_synthetic,767,1,T07,positional_synthetic_v1
pos_synthetic,767,2,O02,positional_synthetic_v1
pos_synthetic,767,3,O01,positional_synthetic_v1
pos_synthetic,767,4,O01,positional_synthetic_v1
pos_synthetic,767,5,O00,positional_synthetic_v1
pos_synthetic,767,6,O19,positional_synthetic_v1
pos_synthetic,767,7,S00,positional_synthetic_v1
pos_synthetic,768,1,T02,positional_synthetic_v1
pos_synthetic,768,2,O01,positional_synthetic_v1
pos_synthetic,768,3,N02,positional_synthetic_v1
pos_synthetic,769,1,T00,positional_synthetic_v1
pos_synthetic,769,2,O12,positional_synthetic_v1
pos_synthetic,769,3,O27,positional_synthetic_v1
pos_synthetic,769,4,N02,positional_synthetic_v1
pos_synthetic,770,1,O29,positional_synthetic_v1
pos_synthetic,770,2,O00,positional_synthetic_v1
pos_synthetic,770,3,O02,positional_synthetic_v1
pos_synthetic,770,4,O04,positional_synthetic_v1
pos_synthetic,770,5,O03,positional_synthetic_v1
pos_synthetic,770,6,O01,positional_synthetic_v1
pos_synthetic,770,7,S00,positional_synthetic_v1
pos_synthetic,771,1,T00,positional_synthetic_v1
pos_synthetic,771,2,O00,positional_synthetic_v1
pos_synthetic,771,3,N03,positional_synthetic_v1
pos_synthetic,772,1,O00,positional_synthetic_v1
pos_synthetic,772,2,O00,positional_synthetic_v1
pos_synthetic,772,3,T01,positional_synthetic_v1
pos_synthetic,772,4,T01,positional_synthetic_v1
pos_synthetic,772,5,O17,positional_synthetic_v1
pos_synthetic,772,6,N01,positional_synthetic_v1
pos_synthetic,773,1,T00,positional_synthetic_v1
pos_synthetic,773,2,O12,positional_synthetic_v1
pos_synthetic,773,3,O03,positional_synthetic_v1
pos_synthetic,774,1,T00,positional_synthetic_v1
pos_synthetic,774,2,S01,positional_synthetic_v1
pos_synthetic,774,3,O22,positional_synthetic_v1
pos_synthetic,774,4,O01,positional_synthetic_v1
pos_synthetic,774,5,N00,positional_synthetic_v1
pos_synthetic,775,1,T00,positional_synthetic_v1
pos_synthetic,775,2,O00,positional_synthetic_v1
pos_synthetic,775,3,N01,positional_synthetic_v1
pos_synthetic,776,1,T01,positional_synthetic_v1
pos_synthetic,776,2,T00,positional_synthetic_v1
pos_synthetic,776,3,O26,positional_synthetic_v1
pos_synthetic,776,4,O09,positional_synthetic_v1
pos_synthetic,776,5,S02,positional_synthetic_v1
pos_synthetic,777,1,O00,positional_synthetic_v1
pos_synthetic,777,2,O02,positional_synthetic_v1
pos_synthetic,777,3,O04,positional_synthetic_v1
pos_synthetic,777,4,T04,positional_synthetic_v1
pos_synthetic,777,5,O10,positional_synthetic_v1
pos_synthetic,778,1,T00,positional_synthetic_v1
pos_synthetic,778,2,O27,positional_synthetic_v1
pos_synthetic,778,3,O00,positional_synthetic_v1
pos_synthetic,778,4,O18,positional_synthetic_v1
pos_synthetic,778,5,O32,positional_synthetic_v1
pos_synthetic,778,6,O00,positional_synthetic_v1
pos_synthetic,778,7,S00,positional_synthetic_v1
pos_synthetic,779,1,T00,positional_synthetic_v1
pos_synthetic,779,2,O02,positional_synthetic_v1
pos_synthetic,779,3,O03,positional_synthetic_v1
pos_synthetic,779,4,O26,positional_synthetic_v1
pos_synthetic,779,5,O06,positional_synthetic_v1
pos_synthetic,779,6,N01,positional_synthetic_v1
pos_synthetic,780,1,T03,positional_synthetic_v1
pos_synthetic,780,2,O28,positional_synthetic_v1
pos_synthetic,780,3,O00,positional_synthetic_v1
pos_synthetic,781,1,T07,positional_synthetic_v1
pos_synthetic,781,2,O00,positional_synthetic_v1
pos_synthetic,781,3,O12,positional_synthetic_v1
pos_synthetic,781,4,O00,positional_synthetic_v1
pos_synthetic,781,5,O00,positional_synthetic_v1
pos_synthetic,781,6,S01,positional_synthetic_v1
pos_synthetic,782,1,O01,positional_synthetic_v1
pos_synthetic,782,2,O00,positional_synthetic_v1
pos_synthetic,782,3,O04,positional_synthetic_v1
pos_synthetic,783,1,T05,positional_synthetic_v1
pos_synthetic,783,2,O01,positional_synthetic_v1
pos_synthetic,783,3,O00,positional_synthetic_v1
pos_synthetic,783,4,O01,positional_synthetic_v1
pos_synthetic,783,5,O00,positional_synthetic_v1
pos_synthetic,783,6,S02,positional_synthetic_v1
pos_synthetic,784,1,T01,positional_synthetic_v1
pos_synthetic,784,2,O01,positional_synthetic_v1
pos_synthetic,784,3,O11,positional_synthetic_v1
pos_synthetic,784,4,O03,positional_synthetic_v1
pos_synthetic,784,5,N04,positional_synthetic_v1
pos_synthetic,785,1,T02,positional_synthetic_v1
pos_synthetic,785,2,O10,positional_synthetic_v1
pos_synthetic,785,3,O04,positional_synthetic_v1
pos_synthetic,785,4,O01,positional_synthetic_v1
pos_synthetic,785,5,O30,positional_synthetic_v1
pos_synthetic,785,6,O03,positional_synthetic_v1
pos_synthetic,785,7,N01,positional_synthetic_v1
pos_synthetic,786,1,T00,positional_synthetic_v1
pos_synthetic,786,2,O04,positional_synthetic_v1
pos_synthetic,786,3,O03,positional_synthetic_v1
pos_synthetic,786,4,T00,positional_synthetic_v1
pos_synthetic,786,5,O00,positional_synthetic_v1
pos_synthetic,786,6,N01,positional_synthetic_v1
pos_synthetic,787,1,T03,positional_synthetic_v1
pos_synthetic,787,2,O02,positional_synthetic_v1
pos_synthetic,787,3,O00,positional_synthetic_v1
pos_synthetic,787,4,O05,positional_synthetic_v1
pos_synthetic,787,5,O00,positional_synthetic_v1
pos_synthetic,787,6,N01,positional_synthetic_v1
pos_synthetic,788,1,T00,positional_synthetic_v1
pos_synthetic,788,2,O00,positional_synthetic_v1
pos_synthetic,788,3,O00,positional_synthetic_v1
pos_synthetic,788,4,O01,positional_synthetic_v1
pos_synthetic,788,5,O00,positional_synthetic_v1
pos_synthetic,788,6,N00,positional_synthetic_v1
pos_synthetic,789,1,T01,positional_synthetic_v1
pos_synthetic,789,2,T01,positional_synthetic_v1
pos_synthetic,789,3,T00,positional_synthetic_v1
pos_synthetic,789,4,S00,positional_synthetic_v1
pos_synthetic,790,1,T01,positional_synthetic_v1
pos_synthetic,790,2,O00,positional_synthetic_v1
pos_synthetic,790,3,O00,positional_synthetic_v1
pos_synthetic,790,4,O03,positional_synthetic_v1
pos_synthetic,790,5,O03,positional_synthetic_v1
pos_synthetic,790,6,T05,positional_synthetic_v1
pos_synthetic,790,7,N01,positional_synthetic_v1
pos_synthetic,791,1,O30,positional_synthetic_v1
pos_synthetic,791,2,O00,positional_synthetic_v1
pos_synthetic,791,3,O00,positional_synthetic_v1
pos_synthetic,791,4,N00,positional_synthetic_v1
pos_synthetic,792,1,T00,positional_synthetic_v1
pos_synthetic,792,2,O03,positional_synthetic_v1
pos_synthetic,792,3,O05,positional_synthetic_v1
pos_synthetic,792,4,S03,positional_synthetic_v1
pos_synthetic,793,1,T04,positional_synthetic_v1
pos_synthetic,793,2,O00,positional_synthetic_v1
pos_synthetic,793,3,N00,positional_synthetic_v1
pos_synthetic,794,1,O00,positional_synthetic_v1
pos_synthetic,794,2,O00,positional_synthetic_v1
pos_synthetic,794,3,O00,positional_synthetic_v1
pos_synthetic,794,4,O02,positional_synthetic_v1
pos_synthetic,794,5,O00,positional_synthetic_v1
pos_synthetic,794,6,S03,positional_synthetic_v1
pos_synthetic,795,1,T02,positional_synthetic_v1
pos_synthetic,795,2,S03,positional_synthetic_v1
pos_synthetic,795,3,N00,positional_synthetic_v1
pos_synthetic,796,1,O01,positional_synthetic_v1
pos_synthetic,796,2,O03,positional_synthetic_v1
pos_synthetic,796,3,O00,positional_synthetic_v1
pos_synthetic,796,4,O00,positional_synthetic_v1
pos_synthetic,796,5,O05,positional_synthetic_v1
pos_synthetic,797,1,T02,positional_synthetic_v1
pos_synthetic,797,2,O01,positional_synthetic_v1
pos_synthetic,797,3,O02,positional_synthetic_v1
pos_synthetic,797,4,N00,positional_synthetic_v1
pos_synthetic,798,1,O00,positional_synthetic_v1
pos_synthetic,798,2,O01,positional_synthetic_v1
pos_synthetic,798,3,S00,positional_synthetic_v1
pos_synthetic,799,1,T06,positional_synthetic_v1
pos_synthetic,799,2,O04,positional_synthetic_v1
pos_synthetic,799,3,T02,positional_synthetic_v1
pos_synthetic,799,4,O01,positional_synthetic_v1
pos_synthetic,799,5,O01,positional_synthetic_v1
pos_synthetic,799,6,T00,positional_synthetic_v1
pos_synthetic,799,7,S00,positional_synthetic_v1
pos_synthetic,800,1,T03,positional_synthetic_v1
pos_synthetic,800,2,O06,positional_synthetic_v1
pos_synthetic,800,3,O03,positional_synthetic_v1
pos_synthetic,800,4,N01,positional_synthetic_v1
pos_synthetic,801,1,T05,positional_synthetic_v1
pos_synthetic,801,2,O00,positional_synthetic_v1
pos_synthetic,801,3,O00,positional_synthetic_v1
pos_synthetic,801,4,O01,positional_synthetic_v1
pos_synthetic,801,5,S02,positional_synthetic_v1
pos_synthetic,801,6,S00,positional_synthetic_v1
pos_synthetic,802,1,T05,positional_synthetic_v1
pos_synthetic,802,2,O14,positional_synthetic_v1
pos_synthetic,802,3,O00,positional_synthetic_v1
pos_synthetic,802,4,O01,positional_synthetic_v1
pos_synthetic,802,5,O01,positional_synthetic_v1
pos_synthetic,802,6,N07,positional_synthetic_v1
pos_synthetic,803,1,T00,positional_synthetic_v1
pos_synthetic,803,2,O11,positional_synthetic_v1
pos_synthetic,803,3,N00,positional_synthetic_v1
pos_synthetic,804,1,T03,positional_synthetic_v1
pos_synthetic,804,2,O01,positional_synthetic_v1
pos_synthetic,804,3,T01,positional_synthetic_v1
pos_synthetic,804,4,O14,positional_synthetic_v1
pos_synthetic,804,5,N03,positional_synthetic_v1
pos_synthetic,805,1,T04,positional_synthetic_v1
pos_synthetic,805,2,O00,positional_synthetic_v1
pos_synthetic,805,3,N02,positional_synthetic_v1
pos_synthetic,806,1,T00,positional_synthetic_v1
pos_synthetic,806,2,O01,positional_synthetic_v1
pos_synthetic,806,3,O03,positional_synthetic_v1
pos_synthetic,806,4,S00,positional_synthetic_v1
pos_synthetic,807,1,T07,positional_synthetic_v1
pos_synthetic,807,2,O00,positional_synthetic_v1
pos_synthetic,807,3,N02,positional_synthetic_v1
pos_synthetic,808,1,O01,positional_synthetic_v1
pos_synthetic,808,2,T00,positional_synthetic_v1
pos_synthetic,808,3,O00,positional_synthetic_v1
pos_synthetic,808,4,O28,positional_synthetic_v1
pos_synthetic,808,5,O18,positional_synthetic_v1
pos_synthetic,808,6,S03,positional_synthetic_v1
pos_synthetic,809,1,T00,positional_synthetic_v1
pos_synthetic,809,2,O01,positional_synthetic_v1
pos_synthetic,809,3,O05,positional_synthetic_v1
pos_synthetic,809,4,O02,positional_synthetic_v1
pos_synthetic,809,5,O01,positional_synthetic_v1
pos_synthetic,809,6,O01,positional_synthetic_v1
pos_synthetic,809,7,S01,positional_synthetic_v1
pos_synthetic,810,1,T00,positional_synthetic_v1
pos_synthetic,810,2,O02,positional_synthetic_v1
pos_synthetic,810,3,N01,positional_synthetic_v1
pos_synthetic,811,1,T01,positional_synthetic_v1
pos_synthetic,811,2,O00,positional_synthetic_v1
pos_synthetic,811,3,O08,positional_synthetic_v1
pos_synthetic,811,4,S00,positional_synthetic_v1
pos_synthetic,812,1,T03,positional_synthetic_v1
pos_synthetic,812,2,O03,positional_synthetic_v1
pos_synthetic,812,3,O00,positional_synthetic_v1
pos_synthetic,812,4,O06,positional_synthetic_v1
pos_synthetic,812,5,O03,positional_synthetic_v1
pos_synthetic,812,6,O11,positional_synthetic_v1
pos_synthetic,812,7,N03,positional_synthetic_v1
pos_synthetic,813,1,T01,positional_synthetic_v1
pos_synthetic,813,2,O02,positional_synthetic_v1
pos_synthetic,813,3,O00,positional_synthetic_v1
pos_synthetic,813,4,O00,positional_synthetic_v1
pos_synthetic,813,5,O01,positional_synthetic_v1
pos_synthetic,813,6,N01,positional_synthetic_v1
pos_synthetic,814,1,O02,positional_synthetic_v1
pos_synthetic,814,2,O00,positional_synthetic_v1
pos_synthetic,814,3,O00,positional_synthetic_v1
pos_synthetic,814,4,O02,positional_synthetic_v1
pos_synthetic,814,5,S01,positional_synthetic_v1
pos_synthetic,815,1,T00,positional_synthetic_v1
pos_synthetic,815,2,O03,positional_synthetic_v1
pos_synthetic,815,3,O27,positional_synthetic_v1
pos_synthetic,815,4,S00,positional_synthetic_v1
pos_synthetic,816,1,T00,positional_synthetic_v1
pos_synthetic,816,2,O04,positional_synthetic_v1
pos_synthetic,816,3,O03,positional_synthetic_v1
pos_synthetic,816,4,O01,positional_synthetic_v1
pos_synthetic,816,5,O02,positional_synthetic_v1
pos_synthetic,816,6,T05,positional_synthetic_v1
pos_synthetic,816,7,S00,positional_synthetic_v1
pos_synthetic,817,1,O16,positional_synthetic_v1
pos_synthetic,817,2,O03,positional_synthetic_v1
pos_synthetic,817,3,O19,positional_synthetic_v1
pos_synthetic,817,4,N01,positional_synthetic_v1
pos_synthetic,818,1,T03,positional_synthetic_v1
pos_synthetic,818,2,O01,positional_synthetic_v1
pos_synthetic,818,3,O08,positional_synthetic_v1
pos_synthetic,818,4,O22,positional_synthetic_v1
pos_synthetic,818,5,O03,positional_synthetic_v1
pos_synthetic,818,6,O00,positional_synthetic_v1
pos_synthetic,819,1,T00,positional_synthetic_v1
pos_synthetic,819,2,O00,positional_synthetic_v1
pos_synthetic,819,3,S00,positional_synthetic_v1
pos_synthetic,820,1,T01,positional_synthetic_v1
pos_synthetic,820,2,T01,positional_synthetic_v1
pos_synthetic,820,3,O01,positional_synthetic_v1
pos_synthetic,820,4,O04,positional_synthetic_v1
pos_synthetic,820,5,S00,positional_synthetic_v1
pos_synthetic,821,1,O00,positional_synthetic_v1
pos_synthetic,821,2,O02,positional_synthetic_v1
pos_synthetic,821,3,O00,positional_synthetic_v1
pos_synthetic,821,4,O00,positional_synthetic_v1
pos_synthetic,821,5,S02,positional_synthetic_v1
pos_synthetic,822,1,T00,positional_synthetic_v1
pos_synthetic,822,2,O05,positional_synthetic_v1
pos_synthetic,822,3,N02,positional_synthetic_v1
pos_synthetic,823,1,T03,positional_synthetic_v1
pos_synthetic,823,2,O25,positional_synthetic_v1
pos_synthetic,823,3,O00,positional_synthetic_v1
pos_synthetic,823,4,S00,positional_synthetic_v1
pos_synthetic,823,5,O19,positional_synthetic_v1
pos_synthetic,823,6,S01,positional_synthetic_v1
pos_synthetic,824,1,O05,positional_synthetic_v1
pos_synthetic,824,2,O06,positional_synthetic_v1
pos_synthetic,824,3,T06,positional_synthetic_v1
pos_synthetic,824,4,O39,positional_synthetic_v1
pos_synthetic,824,5,O07,positional_synthetic_v1
pos_synthetic,824,6,O00,positional_synthetic_v1
pos_synthetic,824,7,S00,positional_synthetic_v1
pos_synthetic,825,1,T00,positional_synthetic_v1
pos_synthetic,825,2,O20,positional_synthetic_v1
pos_synthetic,825,3,N00,positional_synthetic_v1
pos_synthetic,826,1,T00,positional_synthetic_v1
pos_synthetic,826,2,O00,positional_synthetic_v1
pos_synthetic,826,3,O16,positional_synthetic_v1
pos_synthetic,826,4,O02,positional_synthetic_v1
pos_synthetic,826,5,O06,positional_synthetic_v1
pos_synthetic,826,6,N00,positional_synthetic_v1
pos_synthetic,827,1,T03,positional_synthetic_v1
pos_synthetic,827,2,O09,positional_synthetic_v1
pos_synthetic,827,3,O01,positional_synthetic_v1
pos_synthetic,827,4,N00,positional_synthetic_v1
pos_synthetic,828,1,T00,positional_synthetic_v1
pos_synthetic,828,2,O34,positional_synthetic_v1
pos_synthetic,828,3,O05,positional_synthetic_v1
pos_synthetic,828,4,S00,positional_synthetic_v1
pos_synthetic,829,1,T03,positional_synthetic_v1
pos_synthetic,829,2,O09,positional_synthetic_v1
pos_synthetic,829,3,O06,positional_synthetic_v1
pos_synthetic,829,4,N07,positional_synthetic_v1
pos_synthetic,830,1,T00,positional_synthetic_v1
pos_synthetic,830,2,O00,positional_synthetic_v1
pos_synthetic,830,3,S01,positional_synthetic_v1
pos_synthetic,831,1,T01,positional_synthetic_v1
pos_synthetic,831,2,O00,positional_synthetic_v1
pos_synthetic,831,3,O02,positional_synthetic_v1
pos_synthetic,831,4,O01,positional_synthetic_v1
pos_synthetic,831,5,O01,positional_synthetic_v1
pos_synthetic,832,1,O05,positional_synthetic_v1
pos_synthetic,832,2,O08,positional_synthetic_v1
pos_synthetic,832,3,O00,positional_synthetic_v1
pos_synthetic,832,4,O01,positional_synthetic_v1
pos_synthetic,832,5,O00,positional_synthetic_v1
pos_synthetic,832,6,O00,positional_synthetic_v1
pos_synthetic,832,7,N03,positional_synthetic_v1
pos_synthetic,833,1,T05,positional_synthetic_v1
pos_synthetic,833,2,O01,positional_synthetic_v1
pos_synthetic,833,3,O09,positional_synthetic_v1
pos_synthetic,833,4,O20,positional_synthetic_v1
pos_synthetic,833,5,S00,positional_synthetic_v1
pos_synthetic,834,1,O29,positional_synthetic_v1
pos_synthetic,834,2,O01,positional_synthetic_v1
pos_synthetic,834,3,O01,positional_synthetic_v1
pos_synthetic,834,4,O00,positional_synthetic_v1
pos_synthetic,834,5,T01,positional_synthetic_v1
pos_synthetic,834,6,O00,positional_synthetic_v1
pos_synthetic,834,7,N00,positional_synthetic_v1
pos_synthetic,835,1,T00,positional_synthetic_v1
pos_synthetic,835,2,O12,positional_synthetic_v1
pos_synthetic,835,3,O18,positional_synthetic_v1
pos_synthetic,835,4,O00,positional_synthetic_v1
pos_synthetic,835,5,O16,positional_synthetic_v1
pos_synthetic,835,6,N04,positional_synthetic_v1
pos_synthetic,836,1,T03,positional_synthetic_v1
pos_synthetic,836,2,O00,positional_synthetic_v1
pos_synthetic,836,3,S03,positional_synthetic_v1
pos_synthetic,837,1,T02,positional_synthetic_v1
pos_synthetic,837,2,O01,positional_synthetic_v1
pos_synthetic,837,3,O02,positional_synthetic_v1
pos_synthetic,837,4,N02,positional_synthetic_v1
pos_synthetic,838,1,T01,positional_synthetic_v1
pos_synthetic,838,2,T00,positional_synthetic_v1
pos_synthetic,838,3,O01,positional_synthetic_v1
pos_synthetic,838,4,O11,positional_synthetic_v1
pos_synthetic,838,5,O16,positional_synthetic_v1
pos_synthetic,838,6,O00,positional_synthetic_v1
pos_synthetic,838,7,S00,positional_synthetic_v1
pos_synthetic,839,1,T02,positional_synthetic_v1
pos_synthetic,839,2,T03,positional_synthetic_v1
pos_synthetic,839,3,O12,positional_synthetic_v1
pos_synthetic,839,4,O27,positional_synthetic_v1
pos_synthetic,839,5,O01,positional_synthetic_v1
pos_synthetic,839,6,S00,positional_synthetic_v1
pos_synthetic,840,1,T02,positional_synthetic_v1
pos_synthetic,840,2,O08,positional_synthetic_v1
pos_synthetic,840,3,O06,positional_synthetic_v1
pos_synthetic,840,4,O00,positional_synthetic_v1
pos_synthetic,840,5,N04,positional_synthetic_v1
pos_synthetic,841,1,T00,positional_synthetic_v1
pos_synthetic,841,2,S00,positional_synthetic_v1
pos_synthetic,841,3,O07,positional_synthetic_v1
pos_synthetic,841,4,O02,positional_synthetic_v1
pos_synthetic,841,5,S00,positional_synthetic_v1
pos_synthetic,842,1,T00,positional_synthetic_v1
pos_synthetic,842,2,T04,positional_synthetic_v1
pos_synthetic,842,3,O03,positional_synthetic_v1
pos_synthetic,842,4,O00,positional_synthetic_v1
pos_synthetic,842,5,N02,positional_synthetic_v1
pos_synthetic,843,1,T01,positional_synthetic_v1
pos_synthetic,843,2,O04,positional_synthetic_v1
pos_synthetic,843,3,O02,positional_synthetic_v1
pos_synthetic,843,4,N04,positional_synthetic_v1
pos_synthetic,844,1,O13,positional_synthetic_v1
pos_synthetic,844,2,O07,positional_synthetic_v1
pos_synthetic,844,3,O00,positional_synthetic_v1
pos_synthetic,844,4,O14,positional_synthetic_v1
pos_synthetic,844,5,O05,positional_synthetic_v1
pos_synthetic,844,6,O06,positional_synthetic_v1
pos_synthetic,844,7,S02,positional_synthetic_v1
pos_synthetic,845,1,T02,positional_synthetic_v1
pos_synthetic,845,2,O00,positional_synthetic_v1
pos_synthetic,845,3,N00,positional_synthetic_v1
pos_synthetic,846,1,T05,positional_synthetic_v1
pos_synthetic,846,2,O00,positional_synthetic_v1
pos_synthetic,846,3,O30,positional_synthetic_v1
pos_synthetic,847,1,T02,positional_synthetic_v1
pos_synthetic,847,2,O04,positional_synthetic_v1
pos_synthetic,847,3,O00,positional_synthetic_v1
pos_synthetic,847,4,O00,positional_synthetic_v1
pos_synthetic,847,5,O27,positional_synthetic_v1
pos_synthetic,847,6,N00,positional_synthetic_v1
pos_synthetic,848,1,T03,positional_synthetic_v1
pos_synthetic,848,2,O01,positional_synthetic_v1
pos_synthetic,848,3,O00,positional_synthetic_v1
pos_synthetic,848,4,O00,positional_synthetic_v1
pos_synthetic,848,5,S01,positional_synthetic_v1
pos_synthetic,848,6,S00,positional_synthetic_v1
pos_synthetic,849,1,T00,positional_synthetic_v1
pos_synthetic,849,2,O01,positional_synthetic_v1
pos_synthetic,849,3,O02,positional_synthetic_v1
pos_synthetic,849,4,S02,positional_synthetic_v1
pos_synthetic,850,1,O02,positional_synthetic_v1
pos_synthetic,850,2,O02,positional_synthetic_v1
pos_synthetic,850,3,O00,positional_synthetic_v1
pos_synthetic,850,4,O35,positional_synthetic_v1
pos_synthetic,850,5,T00,positional_synthetic_v1
pos_synthetic,850,6,O00,positional_synthetic_v1
pos_synthetic,850,7,N02,positional_synthetic_v1
pos_synthetic,851,1,T01,positional_synthetic_v1
pos_synthetic,851,2,O01,positional_synthetic_v1
pos_synthetic,851,3,O01,positional_synthetic_v1
pos_synthetic,851,4,O10,positional_synthetic_v1
pos_synthetic,851,5,O00,positional_synthetic_v1
pos_synthetic,851,6,O13,positional_synthetic_v1
pos_synthetic,851,7,N02,positional_synthetic_v1
pos_synthetic,852,1,T00,positional_synthetic_v1
pos_synthetic,852,2,O02,positional_synthetic_v1
pos_synthetic,852,3,O00,positional_synthetic_v1
pos_synthetic,852,4,O09,positional_synthetic_v1
pos_synthetic,852,5,O02,positional_synthetic_v1
pos_synthetic,852,6,S01,positional_synthetic_v1
pos_synthetic,853,1,T07,positional_synthetic_v1
pos_synthetic,853,2,T01,positional_synthetic_v1
pos_synthetic,853,3,O23,positional_synthetic_v1
pos_synthetic,853,4,O01,positional_synthetic_v1
pos_synthetic,853,5,N00,positional_synthetic_v1
pos_synthetic,854,1,T00,positional_synthetic_v1
pos_synthetic,854,2,O01,positional_synthetic_v1
pos_synthetic,854,3,O00,positional_synthetic_v1
pos_synthetic,854,4,O00,positional_synthetic_v1
pos_synthetic,854,5,O23,positional_synthetic_v1
pos_synthetic,854,6,O15,positional_synthetic_v1
pos_synthetic,854,7,S00,positional_synthetic_v1
pos_synthetic,855,1,T00,positional_synthetic_v1
pos_synthetic,855,2,O00,positional_synthetic_v1
pos_synthetic,855,3,O07,positional_synthetic_v1
pos_synthetic,855,4,O25,positional_synthetic_v1
pos_synthetic,855,5,N01,positional_synthetic_v1
pos_synthetic,856,1,T00,positional_synthetic_v1
pos_synthetic,856,2,O02,positional_synthetic_v1
pos_synthetic,856,3,O01,positional_synthetic_v1
pos_synthetic,856,4,O01,positional_synthetic_v1
pos_synthetic,856,5,S01,positional_synthetic_v1
pos_synthetic,857,1,T00,positional_synthetic_v1
pos_synthetic,857,2,O00,positional_synthetic_v1
pos_synthetic,857,3,O38,positional_synthetic_v1
pos_synthetic,857,4,O00,positional_synthetic_v1
pos_synthetic,857,5,O00,positional_synthetic_v1
pos_synthetic,857,6,N00,positional_synthetic_v1
pos_synthetic,858,1,T00,positional_synthetic_v1
pos_synthetic,858,2,O01,positional_synthetic_v1
pos_synthetic,858,3,O11,positional_synthetic_v1
pos_synthetic,858,4,O01,positional_synthetic_v1
pos_synthetic,858,5,S01,positional_synthetic_v1
pos_synthetic,859,1,T01,positional_synthetic_v1
pos_synthetic,859,2,O16,positional_synthetic_v1
pos_synthetic,859,3,O17,positional_synthetic_v1
pos_synthetic,859,4,O00,positional_synthetic_v1
pos_synthetic,859,5,O10,positional_synthetic_v1
pos_synthetic,859,6,T01,positional_synthetic_v1
pos_synthetic,859,7,S00,positional_synthetic_v1
pos_synthetic,860,1,T07,positional_synthetic_v1
pos_synthetic,860,2,O09,positional_synthetic_v1
pos_synthetic,860,3,S01,positional_synthetic_v1
pos_synthetic,861,1,T07,positional_synthetic_v1
pos_synthetic,861,2,O16,positional_synthetic_v1
pos_synthetic,861,3,N00,positional_synthetic_v1
pos_synthetic,862,1,T02,positional_synthetic_v1
pos_synthetic,862,2,O01,positional_synthetic_v1
pos_synthetic,862,3,O00,positional_synthetic_v1
pos_synthetic,862,4,O01,positional_synthetic_v1
pos_synthetic,862,5,O00,positional_synthetic_v1
pos_synthetic,863,1,T04,positional_synthetic_v1
pos_synthetic,863,2,O01,positional_synthetic_v1
pos_synthetic,863,3,O13,positional_synthetic_v1
pos_synthetic,863,4,O00,positional_synthetic_v1
pos_synthetic,863,5,O00,positional_synthetic_v1
pos_synthetic,863,6,S00,positional_synthetic_v1
pos_synthetic,864,1,T00,positional_synthetic_v1
pos_synthetic,864,2,O00,positional_synthetic_v1
pos_synthetic,864,3,O03,positional_synthetic_v1
pos_synthetic,864,4,O00,positional_synthetic_v1
pos_synthetic,864,5,O01,positional_synthetic_v1
pos_synthetic,864,6,S02,positional_synthetic_v1
pos_synthetic,865,1,T05,positional_synthetic_v1
pos_synthetic,865,2,O02,positional_synthetic_v1
pos_synthetic,865,3,O01,positional_synthetic_v1
pos_synthetic,865,4,O00,positional_synthetic_v1
pos_synthetic,865,5,O29,positional_synthetic_v1
pos_synthetic,865,6,O00,positional_synthetic_v1
pos_synthetic,866,1,T00,positional_synthetic_v1
pos_synthetic,866,2,O00,positional_synthetic_v1
pos_synthetic,866,3,O01,positional_synthetic_v1
pos_synthetic,866,4,O00,positional_synthetic_v1
pos_synthetic,866,5,O10,positional_synthetic_v1
pos_synthetic,866,6,O00,positional_synthetic_v1
pos_synthetic,867,1,O04,positional_synthetic_v1
pos_synthetic,867,2,O00,positional_synthetic_v1
pos_synthetic,867,3,S03,positional_synthetic_v1
pos_synthetic,868,1,T00,positional_synthetic_v1
pos_synthetic,868,2,O13,positional_synthetic_v1
pos_synthetic,868,3,O03,positional_synthetic_v1
pos_synthetic,868,4,O00,positional_synthetic_v1
pos_synthetic,868,5,S00,positional_synthetic_v1
pos_synthetic,869,1,T04,positional_synthetic_v1
pos_synthetic,869,2,O00,positional_synthetic_v1
pos_synthetic,869,3,O16,positional_synthetic_v1
pos_synthetic,869,4,O00,positional_synthetic_v1
pos_synthetic,869,5,O02,positional_synthetic_v1
pos_synthetic,869,6,N03,positional_synthetic_v1
pos_synthetic,870,1,T06,positional_synthetic_v1
pos_synthetic,870,2,T05,positional_synthetic_v1
pos_synthetic,870,3,O13,positional_synthetic_v1
pos_synthetic,870,4,O19,positional_synthetic_v1
pos_synthetic,871,1,T00,positional_synthetic_v1
pos_synthetic,871,2,O00,positional_synthetic_v1
pos_synthetic,871,3,O00,positional_synthetic_v1
pos_synthetic,871,4,O01,positional_synthetic_v1
pos_synthetic,871,5,O01,positional_synthetic_v1
pos_synthetic,871,6,S00,positional_synthetic_v1
pos_synthetic,872,1,T02,positional_synthetic_v1
pos_synthetic,872,2,O00,positional_synthetic_v1
pos_synthetic,872,3,O00,positional_synthetic_v1
pos_synthetic,872,4,O02,positional_synthetic_v1
pos_synthetic,872,5,S01,positional_synthetic_v1
pos_synthetic,873,1,T02,positional_synthetic_v1
pos_synthetic,873,2,O00,positional_synthetic_v1
pos_synthetic,873,3,O03,positional_synthetic_v1
pos_synthetic,873,4,O00,positional_synthetic_v1
pos_synthetic,873,5,N00,positional_synthetic_v1
pos_synthetic,874,1,T00,positional_synthetic_v1
pos_synthetic,874,2,S00,positional_synthetic_v1
pos_synthetic,874,3,O00,positional_synthetic_v1
pos_synthetic,874,4,O29,positional_synthetic_v1
pos_synthetic,874,5,S00,positional_synthetic_v1
pos_synthetic,875,1,T00,positional_synthetic_v1
pos_synthetic,875,2,O00,positional_synthetic_v1
pos_synthetic,875,3,O01,positional_synthetic_v1
pos_synthetic,875,4,T06,positional_synthetic_v1
pos_synthetic,875,5,N00,positional_synthetic_v1
pos_synthetic,876,1,T03,positional_synthetic_v1
pos_synthetic,876,2,O00,positional_synthetic_v1
pos_synthetic,876,3,S00,positional_synthetic_v1
pos_synthetic,877,1,T03,positional_synthetic_v1
pos_synthetic,877,2,O01,positional_synthetic_v1
pos_synthetic,877,3,O04,positional_synthetic_v1
pos_synthetic,877,4,S00,positional_synthetic_v1
pos_synthetic,878,1,T06,positional_synthetic_v1
pos_synthetic,878,2,O23,positional_synthetic_v1
pos_synthetic,878,3,O19,positional_synthetic_v1
pos_synthetic,878,4,T02,positional_synthetic_v1
pos_synthetic,878,5,S00,positional_synthetic_v1
pos_synthetic,879,1,T00,positional_synthetic_v1
pos_synthetic,879,2,O01,positional_synthetic_v1
pos_synthetic,879,3,O05,positional_synthetic_v1
pos_synthetic,879,4,O01,positional_synthetic_v1
pos_synthetic,879,5,O00,positional_synthetic_v1
pos_synthetic,879,6,O04,positional_synthetic_v1
pos_synthetic,880,1,T04,positional_synthetic_v1
pos_synthetic,880,2,O01,positional_synthetic_v1
pos_synthetic,880,3,O00,positional_synthetic_v1
pos_synthetic,880,4,O00,positional_synthetic_v1
pos_synthetic,880,5,O00,positional_synthetic_v1
pos_synthetic,880,6,O00,positional_synthetic_v1
pos_synthetic,880,7,S01,positional_synthetic_v1
pos_synthetic,881,1,T02,positional_synthetic_v1
pos_synthetic,881,2,O01,positional_synthetic_v1
pos_synthetic,881,3,S00,positional_synthetic_v1
pos_synthetic,882,1,T01,positional_synthetic_v1
pos_synthetic,882,2,O11,positional_synthetic_v1
pos_synthetic,882,3,O00,positional_synthetic_v1
pos_synthetic,882,4,O00,positional_synthetic_v1
pos_synthetic,882,5,S00,positional_synthetic_v1
pos_synthetic,883,1,T02,positional_synthetic_v1
pos_synthetic,883,2,O00,positional_synthetic_v1
pos_synthetic,883,3,O06,positional_synthetic_v1
pos_synthetic,883,4,O01,positional_synthetic_v1
pos_synthetic,883,5,S01,positional_synthetic_v1
pos_synthetic,884,1,T00,positional_synthetic_v1
pos_synthetic,884,2,O01,positional_synthetic_v1
pos_synthetic,884,3,O00,positional_synthetic_v1
pos_synthetic,884,4,S00,positional_synthetic_v1
pos_synthetic,885,1,T00,positional_synthetic_v1
pos_synthetic,885,2,O22,positional_synthetic_v1
pos_synthetic,885,3,S00,positional_synthetic_v1
pos_synthetic,886,1,T00,positional_synthetic_v1
pos_synthetic,886,2,O00,positional_synthetic_v1
pos_synthetic,886,3,O24,positional_synthetic_v1
pos_synthetic,886,4,T00,positional_synthetic_v1
pos_synthetic,886,5,O31,positional_synthetic_v1
pos_synthetic,886,6,T00,positional_synthetic_v1
pos_synthetic,886,7,S01,positional_synthetic_v1
pos_synthetic,887,1,T05,positional_synthetic_v1
pos_synthetic,887,2,O03,positional_synthetic_v1
pos_synthetic,887,3,O03,positional_synthetic_v1
pos_synthetic,887,4,O00,positional_synthetic_v1
pos_synthetic,887,5,O00,positional_synthetic_v1
pos_synthetic,887,6,O23,positional_synthetic_v1
pos_synthetic,887,7,O01,positional_synthetic_v1
pos_synthetic,888,1,T00,positional_synthetic_v1
pos_synthetic,888,2,O09,positional_synthetic_v1
pos_synthetic,888,3,O01,positional_synthetic_v1
pos_synthetic,888,4,O29,positional_synthetic_v1
pos_synthetic,888,5,S01,positional_synthetic_v1
pos_synthetic,889,1,T05,positional_synthetic_v1
pos_synthetic,889,2,O00,positional_synthetic_v1
pos_synthetic,889,3,O00,positional_synthetic_v1
pos_synthetic,889,4,O02,positional_synthetic_v1
pos_synthetic,889,5,O00,positional_synthetic_v1
pos_synthetic,889,6,O08,positional_synthetic_v1
pos_synthetic,889,7,N05,positional_synthetic_v1
pos_synthetic,890,1,O01,positional_synthetic_v1
pos_synthetic,890,2,O01,positional_synthetic_v1
pos_synthetic,890,3,O30,positional_synthetic_v1
pos_synthetic,890,4,S00,positional_synthetic_v1
pos_synthetic,891,1,T00,positional_synthetic_v1
pos_synthetic,891,2,O22,positional_synthetic_v1
pos_synthetic,891,3,S02,positional_synthetic_v1
pos_synthetic,892,1,T04,positional_synthetic_v1
pos_synthetic,892,2,O01,positional_synthetic_v1
pos_synthetic,892,3,O01,positional_synthetic_v1
pos_synthetic,892,4,N04,positional_synthetic_v1
pos_synthetic,893,1,T00,positional_synthetic_v1
pos_synthetic,893,2,O11,positional_synthetic_v1
pos_synthetic,893,3,O27,positional_synthetic_v1
pos_synthetic,893,4,T02,positional_synthetic_v1
pos_synthetic,893,5,O08,positional_synthetic_v1
pos_synthetic,893,6,S02,positional_synthetic_v1
pos_synthetic,894,1,T00,positional_synthetic_v1
pos_synthetic,894,2,O00,positional_synthetic_v1
pos_synthetic,894,3,O01,positional_synthetic_v1
pos_synthetic,894,4,O06,positional_synthetic_v1
pos_synthetic,894,5,O02,positional_synthetic_v1
pos_synthetic,894,6,O08,positional_synthetic_v1
pos_synthetic,894,7,N00,positional_synthetic_v1
pos_synthetic,895,1,O04,positional_synthetic_v1
pos_synthetic,895,2,O00,positional_synthetic_v1
pos_synthetic,895,3,T03,positional_synthetic_v1
pos_synthetic,895,4,O03,positional_synthetic_v1
pos_synthetic,895,5,O00,positional_synthetic_v1
pos_synthetic,895,6,N00,positional_synthetic_v1
pos_synthetic,896,1,T03,positional_synthetic_v1
pos_synthetic,896,2,O02,positional_synthetic_v1
pos_synthetic,896,3,N00,positional_synthetic_v1
pos_synthetic,897,1,T07,positional_synthetic_v1
pos_synthetic,897,2,O07,positional_synthetic_v1
pos_synthetic,897,3,O30,positional_synthetic_v1
pos_synthetic,897,4,N00,positional_synthetic_v1
pos_synthetic,898,1,T01,positional_synthetic_v1
pos_synthetic,898,2,O20,positional_synthetic_v1
pos_synthetic,898,3,N01,positional_synthetic_v1
pos_synthetic,899,1,T02,positional_synthetic_v1
pos_synthetic,899,2,O00,positional_synthetic_v1
pos_synthetic,899,3,O01,positional_synthetic_v1
pos_synthetic,899,4,O00,positional_synthetic_v1
pos_synthetic,899,5,O00,positional_synthetic_v1
pos_synthetic,899,6,O00,positional_synthetic_v1
pos_synthetic,899,7,O00,positional_synthetic_v1
pos_synthetic,900,1,T07,positional_synthetic_v1
pos_synthetic,900,2,O00,positional_synthetic_v1
pos_synthetic,900,3,O05,positional_synthetic_v1
pos_synthetic,900,4,O14,positional_synthetic_v1
pos_synthetic,900,5,O03,positional_synthetic_v1
pos_synthetic,900,6,O00,positional_synthetic_v1
pos_synthetic,900,7,S01,positional_synthetic_v1
pos_synthetic,901,1,O08,positional_synthetic_v1
pos_synthetic,901,2,O10,positional_synthetic_v1
pos_synthetic,901,3,S01,positional_synthetic_v1
pos_synthetic,902,1,T00,positional_synthetic_v1
pos_synthetic,902,2,O05,positional_synthetic_v1
pos_synthetic,902,3,O00,positional_synthetic_v1
pos_synthetic,902,4,O20,positional_synthetic_v1
pos_synthetic,902,5,S00,positional_synthetic_v1
pos_synthetic,902,6,O01,positional_synthetic_v1
pos_synthetic,902,7,N04,positional_synthetic_v1
pos_synthetic,903,1,T01,positional_synthetic_v1
pos_synthetic,903,2,O01,positional_synthetic_v1
pos_synthetic,903,3,O02,positional_synthetic_v1
pos_synthetic,903,4,N04,positional_synthetic_v1
pos_synthetic,904,1,T00,positional_synthetic_v1
pos_synthetic,904,2,O17,positional_synthetic_v1
pos_synthetic,904,3,T00,positional_synthetic_v1
pos_synthetic,904,4,O10,positional_synthetic_v1
pos_synthetic,904,5,O15,positional_synthetic_v1
pos_synthetic,904,6,O00,positional_synthetic_v1
pos_synthetic,904,7,S00,positional_synthetic_v1
pos_synthetic,905,1,T02,positional_synthetic_v1
pos_synthetic,905,2,O03,positional_synthetic_v1
pos_synthetic,905,3,O04,positional_synthetic_v1
pos_synthetic,905,4,O00,positional_synthetic_v1
pos_synthetic,905,5,O00,positional_synthetic_v1
pos_synthetic,905,6,S00,positional_synthetic_v1
pos_synthetic,906,1,T01,positional_synthetic_v1
pos_synthetic,906,2,O16,positional_synthetic_v1
pos_synthetic,906,3,O05,positional_synthetic_v1
pos_synthetic,906,4,O01,positional_synthetic_v1
pos_synthetic,906,5,N06,positional_synthetic_v1
pos_synthetic,907,1,T02,positional_synthetic_v1
pos_synthetic,907,2,O25,positional_synthetic_v1
pos_synthetic,907,3,O02,positional_synthetic_v1
pos_synthetic,907,4,S00,positional_synthetic_v1
pos_synthetic,907,5,O00,positional_synthetic_v1
pos_synthetic,907,6,O07,positional_synthetic_v1
pos_synthetic,907,7,N00,positional_synthetic_v1
pos_synthetic,908,1,T00,positional_synthetic_v1
pos_synthetic,908,2,T01,positional_synthetic_v1
pos_synthetic,908,3,T01,positional_synthetic_v1
pos_synthetic,908,4,O04,positional_synthetic_v1
pos_synthetic,908,5,N00,positional_synthetic_v1
pos_synthetic,909,1,T00,positional_synthetic_v1
pos_synthetic,909,2,O04,positional_synthetic_v1
pos_synthetic,909,3,S01,positional_synthetic_v1
pos_synthetic,910,1,T05,positional_synthetic_v1
pos_synthetic,910,2,S02,positional_synthetic_v1
pos_synthetic,910,3,O04,positional_synthetic_v1
pos_synthetic,910,4,O00,positional_synthetic_v1
pos_synthetic,910,5,S01,positional_synthetic_v1
pos_synthetic,911,1,O04,positional_synthetic_v1
pos_synthetic,911,2,O02,positional_synthetic_v1
pos_synthetic,911,3,N01,positional_synthetic_v1
pos_synthetic,912,1,T00,positional_synthetic_v1
pos_synthetic,912,2,O02,positional_synthetic_v1
pos_synthetic,912,3,N00,positional_synthetic_v1
pos_synthetic,913,1,T03,positional_synthetic_v1
pos_synthetic,913,2,O00,positional_synthetic_v1
pos_synthetic,913,3,T00,positional_synthetic_v1
pos_synthetic,913,4,O01,positional_synthetic_v1
pos_synthetic,913,5,S00,positional_synthetic_v1
pos_synthetic,914,1,O00,positional_synthetic_v1
pos_synthetic,914,2,O03,positional_synthetic_v1
pos_synthetic,914,3,S03,positional_synthetic_v1
pos_synthetic,915,1,O24,positional_synthetic_v1
pos_synthetic,915,2,O02,positional_synthetic_v1
pos_synthetic,915,3,O01,positional_synthetic_v1
pos_synthetic,915,4,O08,positional_synthetic_v1
pos_synthetic,915,5,O00,positional_synthetic_v1
pos_synthetic,915,6,O02,positional_synthetic_v1
pos_synthetic,915,7,N00,positional_synthetic_v1
pos_synthetic,916,1,O23,positional_synthetic_v1
pos_synthetic,916,2,O00,positional_synthetic_v1
pos_synthetic,916,3,S01,positional_synthetic_v1
pos_synthetic,917,1,T01,positional_synthetic_v1
pos_synthetic,917,2,O00,positional_synthetic_v1
pos_synthetic,917,3,O33,positional_synthetic_v1
pos_synthetic,917,4,O02,positional_synthetic_v1
pos_synthetic,917,5,O04,positional_synthetic_v1
pos_synthetic,917,6,O00,positional_synthetic_v1
pos_synthetic,917,7,S00,positional_synthetic_v1
pos_synthetic,918,1,T00,positional_synthetic_v1
pos_synthetic,918,2,O00,positional_synthetic_v1
pos_synthetic,918,3,O14,positional_synthetic_v1
pos_synthetic,918,4,O00,positional_synthetic_v1
pos_synthetic,918,5,O00,positional_synthetic_v1
pos_synthetic,918,6,O02,positional_synthetic_v1
pos_synthetic,918,7,N03,positional_synthetic_v1
pos_synthetic,919,1,T00,positional_synthetic_v1
pos_synthetic,919,2,O03,positional_synthetic_v1
pos_synthetic,919,3,O00,positional_synthetic_v1
pos_synthetic,919,4,N00,positional_synthetic_v1
pos_synthetic,920,1,T00,positional_synthetic_v1
pos_synthetic,920,2,O14,positional_synthetic_v1
pos_synthetic,920,3,S00,positional_synthetic_v1
pos_synthetic,921,1,T01,positional_synthetic_v1
pos_synthetic,921,2,O15,positional_synthetic_v1
pos_synthetic,921,3,O00,positional_synthetic_v1
pos_synthetic,921,4,O01,positional_synthetic_v1
pos_synthetic,921,5,O00,positional_synthetic_v1
pos_synthetic,921,6,O02,positional_synthetic_v1
pos_synthetic,922,1,T01,positional_synthetic_v1
pos_synthetic,922,2,O03,positional_synthetic_v1
pos_synthetic,922,3,S00,positional_synthetic_v1
pos_synthetic,923,1,O00,positional_synthetic_v1
pos_synthetic,923,2,O01,positional_synthetic_v1
pos_synthetic,923,3,O00,positional_synthetic_v1
pos_synthetic,923,4,O09,positional_synthetic_v1
pos_synthetic,923,5,N07,positional_synthetic_v1
pos_synthetic,924,1,O32,positional_synthetic_v1
pos_synthetic,924,2,O17,positional_synthetic_v1
pos_synthetic,924,3,O04,positional_synthetic_v1
pos_synthetic,924,4,O06,positional_synthetic_v1
pos_synthetic,924,5,S01,positional_synthetic_v1
pos_synthetic,925,1,T01,positional_synthetic_v1
pos_synthetic,925,2,O02,positional_synthetic_v1
pos_synthetic,925,3,O09,positional_synthetic_v1
pos_synthetic,925,4,N00,positional_synthetic_v1
pos_synthetic,926,1,T00,positional_synthetic_v1
pos_synthetic,926,2,T06,positional_synthetic_v1
pos_synthetic,926,3,O00,positional_synthetic_v1
pos_synthetic,926,4,O02,positional_synthetic_v1
pos_synthetic,926,5,O22,positional_synthetic_v1
pos_synthetic,926,6,O04,positional_synthetic_v1
pos_synthetic,927,1,T01,positional_synthetic_v1
pos_synthetic,927,2,T00,positional_synthetic_v1
pos_synthetic,927,3,O01,positional_synthetic_v1
pos_synthetic,927,4,S01,positional_synthetic_v1
pos_synthetic,928,1,T01,positional_synthetic_v1
pos_synthetic,928,2,O00,positional_synthetic_v1
pos_synthetic,928,3,N00,positional_synthetic_v1
pos_synthetic,929,1,T06,positional_synthetic_v1
pos_synthetic,929,2,O01,positional_synthetic_v1
pos_synthetic,929,3,O04,positional_synthetic_v1
pos_synthetic,929,4,O00,positional_synthetic_v1
pos_synthetic,929,5,S03,positional_synthetic_v1
pos_synthetic,930,1,T01,positional_synthetic_v1
pos_synthetic,930,2,O00,positional_synthetic_v1
pos_synthetic,930,3,O03,positional_synthetic_v1
pos_synthetic,930,4,O09,positional_synthetic_v1
pos_synthetic,930,5,O01,positional_synthetic_v1
pos_synthetic,930,6,O18,positional_synthetic_v1
pos_synthetic,930,7,N02,positional_synthetic_v1
pos_synthetic,931,1,T05,positional_synthetic_v1
pos_synthetic,931,2,O04,positional_synthetic_v1
pos_synthetic,931,3,O00,positional_synthetic_v1
pos_synthetic,931,4,O00,positional_synthetic_v1
pos_synthetic,932,1,O00,positional_synthetic_v1
pos_synthetic,932,2,O22,positional_synthetic_v1
pos_synthetic,932,3,O09,positional_synthetic_v1
pos_synthetic,932,4,S00,positional_synthetic_v1
pos_synthetic,933,1,T00,positional_synthetic_v1
pos_synthetic,933,2,O09,positional_synthetic_v1
pos_synthetic,933,3,O02,positional_synthetic_v1
pos_synthetic,933,4,O00,positional_synthetic_v1
pos_synthetic,933,5,O04,positional_synthetic_v1
pos_synthetic,933,6,S00,positional_synthetic_v1
pos_synthetic,934,1,O02,positional_synthetic_v1
pos_synthetic,934,2,O00,positional_synthetic_v1
pos_synthetic,934,3,O36,positional_synthetic_v1
pos_synthetic,934,4,N00,positional_synthetic_v1
pos_synthetic,935,1,T00,positional_synthetic_v1
pos_synthetic,935,2,O00,positional_synthetic_v1
pos_synthetic,935,3,O09,positional_synthetic_v1
pos_synthetic,935,4,O01,positional_synthetic_v1
pos_synthetic,935,5,N01,positional_synthetic_v1
pos_synthetic,936,1,T00,positional_synthetic_v1
pos_synthetic,936,2,O00,positional_synthetic_v1
pos_synthetic,936,3,O01,positional_synthetic_v1
pos_synthetic,936,4,N04,positional_synthetic_v1
pos_synthetic,937,1,T05,positional_synthetic_v1
pos_synthetic,937,2,O00,positional_synthetic_v1
pos_synthetic,937,3,S03,positional_synthetic_v1
pos_synthetic,938,1,O01,positional_synthetic_v1
pos_synthetic,938,2,O13,positional_synthetic_v1
pos_synthetic,938,3,O00,positional_synthetic_v1
pos_synthetic,938,4,O26,positional_synthetic_v1
pos_synthetic,938,5,O09,positional_synthetic_v1
pos_synthetic,938,6,N06,positional_synthetic_v1
pos_synthetic,939,1,O06,positional_synthetic_v1
pos_synthetic,939,2,O01,positional_synthetic_v1
pos_synthetic,939,3,O26,positional_synthetic_v1
pos_synthetic,939,4,S00,positional_synthetic_v1
pos_synthetic,940,1,T02,positional_synthetic_v1
pos_synthetic,940,2,O09,positional_synthetic_v1
pos_synthetic,940,3,S00,positional_synthetic_v1
pos_synthetic,941,1,O11,positional_synthetic_v1
pos_synthetic,941,2,O08,positional_synthetic_v1
pos_synthetic,941,3,O00,positional_synthetic_v1
pos_synthetic,941,4,O01,positional_synthetic_v1
pos_synthetic,941,5,O00,positional_synthetic_v1
pos_synthetic,941,6,S03,positional_synthetic_v1
pos_synthetic,942,1,T02,positional_synthetic_v1
pos_synthetic,942,2,O07,positional_synthetic_v1
pos_synthetic,942,3,O34,positional_synthetic_v1
pos_synthetic,943,1,T00,positional_synthetic_v1
pos_synthetic,943,2,O11,positional_synthetic_v1
pos_synthetic,943,3,O01,positional_synthetic_v1
pos_synthetic,943,4,O17,positional_synthetic_v1
pos_synthetic,943,5,O00,positional_synthetic_v1
pos_synthetic,943,6,S00,positional_synthetic_v1
pos_synthetic,944,1,T00,positional_synthetic_v1
pos_synthetic,944,2,O09,positional_synthetic_v1
pos_synthetic,944,3,O01,positional_synthetic_v1
pos_synthetic,944,4,N01,positional_synthetic_v1
pos_synthetic,945,1,O01,positional_synthetic_v1
pos_synthetic,945,2,O08,positional_synthetic_v1
pos_synthetic,945,3,O00,positional_synthetic_v1
pos_synthetic,945,4,S00,positional_synthetic_v1
pos_synthetic,946,1,T01,positional_synthetic_v1
pos_synthetic,946,2,O00,positional_synthetic_v1
pos_synthetic,946,3,O01,positional_synthetic_v1
pos_synthetic,946,4,S00,positional_synthetic_v1
pos_synthetic,947,1,T01,positional_synthetic_v1
pos_synthetic,947,2,O19,positional_synthetic_v1
pos_synthetic,947,3,O00,positional_synthetic_v1
pos_synthetic,947,4,O04,positional_synthetic_v1
pos_synthetic,947,5,O05,positional_synthetic_v1
pos_synthetic,947,6,S01,positional_synthetic_v1
pos_synthetic,948,1,T00,positional_synthetic_v1
pos_synthetic,948,2,O02,positional_synthetic_v1
pos_synthetic,948,3,O00,positional_synthetic_v1
pos_synthetic,948,4,O06,positional_synthetic_v1
pos_synthetic,948,5,O05,positional_synthetic_v1
pos_synthetic,948,6,O00,positional_synthetic_v1
pos_synthetic,948,7,S03,positional_synthetic_v1
pos_synthetic,949,1,T00,positional_synthetic_v1
pos_synthetic,949,2,O02,positional_synthetic_v1
pos_synthetic,949,3,O22,positional_synthetic_v1
pos_synthetic,949,4,O07,positional_synthetic_v1
pos_synthetic,949,5,O03,positional_synthetic_v1
pos_synthetic,949,6,N03,positional_synthetic_v1
pos_synthetic,950,1,O17,positional_synthetic_v1
pos_synthetic,950,2,O02,positional_synthetic_v1
pos_synthetic,950,3,O02,positional_synthetic_v1
pos_synthetic,950,4,O01,positional_synthetic_v1
pos_synthetic,950,5,O32,positional_synthetic_v1
pos_synthetic,950,6,S00,positional_synthetic_v1
pos_synthetic,951,1,T04,positional_synthetic_v1
pos_synthetic,951,2,O02,positional_synthetic_v1
pos_synthetic,951,3,O00,positional_synthetic_v1
pos_synthetic,951,4,O03,positional_synthetic_v1
pos_synthetic,951,5,O01,positional_synthetic_v1
pos_synthetic,951,6,S00,positional_synthetic_v1
pos_synthetic,952,1,T04,positional_synthetic_v1
pos_synthetic,952,2,O03,positional_synthetic_v1
pos_synthetic,952,3,O00,positional_synthetic_v1
pos_synthetic,952,4,N07,positional_synthetic_v1
pos_synthetic,953,1,T01,positional_synthetic_v1
pos_synthetic,953,2,O00,positional_synthetic_v1
pos_synthetic,953,3,O02,positional_synthetic_v1
pos_synthetic,953,4,S00,positional_synthetic_v1
pos_synthetic,954,1,O00,positional_synthetic_v1
pos_synthetic,954,2,O00,positional_synthetic_v1
pos_synthetic,954,3,O00,positional_synthetic_v1
pos_synthetic,954,4,O10,positional_synthetic_v1
pos_synthetic,954,5,N01,positional_synthetic_v1
pos_synthetic,955,1,T00,positional_synthetic_v1
pos_synthetic,955,2,S00,positional_synthetic_v1
pos_synthetic,955,3,S03,positional_synthetic_v1
pos_synthetic,956,1,O01,positional_synthetic_v1
pos_synthetic,956,2,O36,positional_synthetic_v1
pos_synthetic,956,3,O02,positional_synthetic_v1
pos_synthetic,956,4,O00,positional_synthetic_v1
pos_synthetic,956,5,S00,positional_synthetic_v1
pos_synthetic,957,1,T02,positional_synthetic_v1
pos_synthetic,957,2,O35,positional_synthetic_v1
pos_synthetic,957,3,O00,positional_synthetic_v1
pos_synthetic,957,4,O00,positional_synthetic_v1
pos_synthetic,957,5,N02,positional_synthetic_v1
pos_synthetic,958,1,T00,positional_synthetic_v1
pos_synthetic,958,2,O00,positional_synthetic_v1
pos_synthetic,958,3,N00,positional_synthetic_v1
pos_synthetic,959,1,T00,positional_synthetic_v1
pos_synthetic,959,2,O10,positional_synthetic_v1
pos_synthetic,959,3,O00,positional_synthetic_v1
pos_synthetic,959,4,O02,positional_synthetic_v1
pos_synthetic,959,5,O04,positional_synthetic_v1
pos_synthetic,959,6,S00,positional_synthetic_v1
pos_synthetic,960,1,T03,positional_synthetic_v1
pos_synthetic,960,2,O00,positional_synthetic_v1
pos_synthetic,960,3,O09,positional_synthetic_v1
pos_synthetic,960,4,O20,positional_synthetic_v1
pos_synthetic,960,5,N01,positional_synthetic_v1
pos_synthetic,961,1,T01,positional_synthetic_v1
pos_synthetic,961,2,O02,positional_synthetic_v1
pos_synthetic,961,3,O01,positional_synthetic_v1
pos_synthetic,961,4,O19,positional_synthetic_v1
pos_synthetic,961,5,N05,positional_synthetic_v1
pos_synthetic,962,1,O01,positional_synthetic_v1
pos_synthetic,962,2,O04,positional_synthetic_v1
pos_synthetic,962,3,O24,positional_synthetic_v1
pos_synthetic,962,4,S03,positional_synthetic_v1
pos_synthetic,962,5,O02,positional_synthetic_v1
pos_synthetic,962,6,O02,positional_synthetic_v1
pos_synthetic,962,7,S03,positional_synthetic_v1
pos_synthetic,963,1,T00,positional_synthetic_v1
pos_synthetic,963,2,O03,positional_synthetic_v1
pos_synthetic,963,3,O00,positional_synthetic_v1
pos_synthetic,963,4,T00,positional_synthetic_v1
pos_synthetic,963,5,O01,positional_synthetic_v1
pos_synthetic,963,6,S00,positional_synthetic_v1
pos_synthetic,964,1,T01,positional_synthetic_v1
pos_synthetic,964,2,O00,positional_synthetic_v1
pos_synthetic,964,3,O00,positional_synthetic_v1
pos_synthetic,964,4,O01,positional_synthetic_v1
pos_synthetic,964,5,O02,positional_synthetic_v1
pos_synthetic,964,6,N00,positional_synthetic_v1
pos_synthetic,965,1,O01,positional_synthetic_v1
pos_synthetic,965,2,O00,positional_synthetic_v1
pos_synthetic,965,3,O00,positional_synthetic_v1
pos_synthetic,965,4,O32,positional_synthetic_v1
pos_synthetic,965,5,O27,positional_synthetic_v1
pos_synthetic,965,6,T00,positional_synthetic_v1
pos_synthetic,965,7,S03,positional_synthetic_v1
pos_synthetic,966,1,T00,positional_synthetic_v1
pos_synthetic,966,2,O12,positional_synthetic_v1
pos_synthetic,966,3,S00,positional_synthetic_v1
pos_synthetic,967,1,T00,positional_synthetic_v1
pos_synthetic,967,2,O30,positional_synthetic_v1
pos_synthetic,967,3,O03,positional_synthetic_v1
pos_synthetic,967,4,O00,positional_synthetic_v1
pos_synthetic,967,5,O00,positional_synthetic_v1
pos_synthetic,968,1,T01,positional_synthetic_v1
pos_synthetic,968,2,O06,positional_synthetic_v1
pos_synthetic,968,3,O08,positional_synthetic_v1
pos_synthetic,968,4,N07,positional_synthetic_v1
pos_synthetic,969,1,T00,positional_synthetic_v1
pos_synthetic,969,2,T01,positional_synthetic_v1
pos_synthetic,969,3,O03,positional_synthetic_v1
pos_synthetic,969,4,O01,positional_synthetic_v1
pos_synthetic,969,5,S03,positional_synthetic_v1
pos_synthetic,970,1,T04,positional_synthetic_v1
pos_synthetic,970,2,O02,positional_synthetic_v1
pos_synthetic,970,3,O04,positional_synthetic_v1
pos_synthetic,970,4,O00,positional_synthetic_v1
pos_synthetic,970,5,O03,positional_synthetic_v1
pos_synthetic,970,6,O06,positional_synthetic_v1
pos_synthetic,970,7,N01,positional_synthetic_v1
pos_synthetic,971,1,T07,positional_synthetic_v1
pos_synthetic,971,2,O04,positional_synthetic_v1
pos_synthetic,971,3,O01,positional_synthetic_v1
pos_synthetic,972,1,T03,positional_synthetic_v1
pos_synthetic,972,2,O00,positional_synthetic_v1
pos_synthetic,972,3,S00,positional_synthetic_v1
pos_synthetic,973,1,T01,positional_synthetic_v1
pos_synthetic,973,2,O10,positional_synthetic_v1
pos_synthetic,973,3,O02,positional_synthetic_v1
pos_synthetic,973,4,S01,positional_synthetic_v1
pos_synthetic,974,1,T00,positional_synthetic_v1
pos_synthetic,974,2,O12,positional_synthetic_v1
pos_synthetic,974,3,O00,positional_synthetic_v1
pos_synthetic,974,4,O00,positional_synthetic_v1
pos_synthetic,974,5,O02,positional_synthetic_v1
pos_synthetic,974,6,O00,positional_synthetic_v1
pos_synthetic,974,7,N00,positional_synthetic_v1
pos_synthetic,975,1,T02,positional_synthetic_v1
pos_synthetic,975,2,O02,positional_synthetic_v1
pos_synthetic,975,3,O01,positional_synthetic_v1
pos_synthetic,975,4,O32,positional_synthetic_v1
pos_synthetic,975,5,O03,positional_synthetic_v1
pos_synthetic,975,6,N04,positional_synthetic_v1
pos_synthetic,976,1,T00,positional_synthetic_v1
pos_synthetic,976,2,O03,positional_synthetic_v1
pos_synthetic,976,3,O17,positional_synthetic_v1
pos_synthetic,976,4,O03,positional_synthetic_v1
pos_synthetic,976,5,O07,positional_synthetic_v1
pos_synthetic,976,6,S00,positional_synthetic_v1
pos_synthetic,977,1,T01,positional_synthetic_v1
pos_synthetic,977,2,O01,positional_synthetic_v1
pos_synthetic,977,3,O17,positional_synthetic_v1
pos_synthetic,977,4,O00,positional_synthetic_v1
pos_synthetic,977,5,O32,positional_synthetic_v1
pos_synthetic,977,6,O30,positional_synthetic_v1
pos_synthetic,978,1,T00,positional_synthetic_v1
pos_synthetic,978,2,O01,positional_synthetic_v1
pos_synthetic,978,3,O20,positional_synthetic_v1
pos_synthetic,978,4,O32,positional_synthetic_v1
pos_synthetic,978,5,O01,positional_synthetic_v1
pos_synthetic,978,6,O01,positional_synthetic_v1
pos_synthetic,978,7,S01,positional_synthetic_v1
pos_synthetic,979,1,O00,positional_synthetic_v1
pos_synthetic,979,2,O08,positional_synthetic_v1
pos_synthetic,979,3,O00,positional_synthetic_v1
pos_synthetic,979,4,O00,positional_synthetic_v1
pos_synthetic,979,5,T00,positional_synthetic_v1
pos_synthetic,979,6,O01,positional_synthetic_v1
pos_synthetic,979,7,N00,positional_synthetic_v1
pos_synthetic,980,1,T01,positional_synthetic_v1
pos_synthetic,980,2,O01,positional_synthetic_v1
pos_synthetic,980,3,O00,positional_synthetic_v1
pos_synthetic,980,4,O00,positional_synthetic_v1
pos_synthetic,980,5,O33,positional_synthetic_v1
pos_synthetic,980,6,S00,positional_synthetic_v1
pos_synthetic,981,1,T01,positional_synthetic_v1
pos_synthetic,981,2,O35,positional_synthetic_v1
pos_synthetic,981,3,O00,positional_synthetic_v1
pos_synthetic,981,4,O06,positional_synthetic_v1
pos_synthetic,981,5,N02,positional_synthetic_v1
pos_synthetic,982,1,O04,positional_synthetic_v1
pos_synthetic,982,2,O00,positional_synthetic_v1
pos_synthetic,982,3,O06,positional_synthetic_v1
pos_synthetic,982,4,T00,positional_synthetic_v1
pos_synthetic,982,5,S01,positional_synthetic_v1
pos_synthetic,983,1,T00,positional_synthetic_v1
pos_synthetic,983,2,O14,positional_synthetic_v1
pos_synthetic,983,3,O00,positional_synthetic_v1
pos_synthetic,983,4,O15,positional_synthetic_v1
pos_synthetic,983,5,O02,positional_synthetic_v1
pos_synthetic,983,6,N00,positional_synthetic_v1
pos_synthetic,984,1,T00,positional_synthetic_v1
pos_synthetic,984,2,O29,positional_synthetic_v1
pos_synthetic,984,3,O00,positional_synthetic_v1
pos_synthetic,984,4,O00,positional_synthetic_v1
pos_synthetic,984,5,O01,positional_synthetic_v1
pos_synthetic,984,6,O04,positional_synthetic_v1
pos_synthetic,984,7,S00,positional_synthetic_v1
pos_synthetic,985,1,T00,positional_synthetic_v1
pos_synthetic,985,2,O00,positional_synthetic_v1
pos_synthetic,985,3,S00,positional_synthetic_v1
pos_synthetic,986,1,T02,positional_synthetic_v1
pos_synthetic,986,2,O00,positional_synthetic_v1
pos_synthetic,986,3,O01,positional_synthetic_v1
pos_synthetic,986,4,S03,positional_synthetic_v1
pos_synthetic,987,1,T06,positional_synthetic_v1
pos_synthetic,987,2,O11,positional_synthetic_v1
pos_synthetic,987,3,O00,positional_synthetic_v1
pos_synthetic,987,4,O00,positional_synthetic_v1
pos_synthetic,987,5,O01,positional_synthetic_v1
pos_synthetic,988,1,O00,positional_synthetic_v1
pos_synthetic,988,2,O02,positional_synthetic_v1
pos_synthetic,988,3,O10,positional_synthetic_v1
pos_synthetic,988,4,O16,positional_synthetic_v1
pos_synthetic,988,5,O15,positional_synthetic_v1
pos_synthetic,988,6,N00,positional_synthetic_v1
pos_synthetic,989,1,T02,positional_synthetic_v1
pos_synthetic,989,2,O01,positional_synthetic_v1
pos_synthetic,989,3,S01,positional_synthetic_v1
pos_synthetic,990,1,O00,positional_synthetic_v1
pos_synthetic,990,2,O01,positional_synthetic_v1
pos_synthetic,990,3,O01,positional_synthetic_v1
pos_synthetic,990,4,O06,positional_synthetic_v1
pos_synthetic,990,5,O09,positional_synthetic_v1
pos_synthetic,990,6,S02,positional_synthetic_v1
pos_synthetic,991,1,T00,positional_synthetic_v1
pos_synthetic,991,2,O01,positional_synthetic_v1
pos_synthetic,991,3,O07,positional_synthetic_v1
pos_synthetic,991,4,O06,positional_synthetic_v1
pos_synthetic,991,5,O36,positional_synthetic_v1
pos_synthetic,991,6,S00,positional_synthetic_v1
pos_synthetic,991,7,N02,positional_synthetic_v1
pos_synthetic,992,1,T01,positional_synthetic_v1
pos_synthetic,992,2,O23,positional_synthetic_v1
pos_synthetic,992,3,O00,positional_synthetic_v1
pos_synthetic,992,4,O09,positional_synthetic_v1
pos_synthetic,992,5,O03,positional_synthetic_v1
pos_synthetic,992,6,O00,positional_synthetic_v1
pos_synthetic,992,7,N01,positional_synthetic_v1
pos_synthetic,993,1,T00,positional_synthetic_v1
pos_synthetic,993,2,O03,positional_synthetic_v1
pos_synthetic,993,3,S01,positional_synthetic_v1
pos_synthetic,994,1,T02,positional_synthetic_v1
pos_synthetic,994,2,O02,positional_synthetic_v1
pos_synthetic,994,3,O00,positional_synthetic_v1
pos_synthetic,994,4,O00,positional_synthetic_v1
pos_synthetic,994,5,O02,positional_synthetic_v1
pos_synthetic,994,6,O00,positional_synthetic_v1
pos_synthetic,994,7,S00,positional_synthetic_v1
pos_synthetic,995,1,O01,positional_synthetic_v1
pos_synthetic,995,2,O00,positional_synthetic_v1
pos_synthetic,995,3,O02,positional_synthetic_v1
pos_synthetic,995,4,O00,positional_synthetic_v1
pos_synthetic,995,5,O24,positional_synthetic_v1
pos_synthetic,995,6,N04,positional_synthetic_v1
pos_synthetic,996,1,T02,positional_synthetic_v1
pos_synthetic,996,2,O00,positional_synthetic_v1
pos_synthetic,996,3,O10,positional_synthetic_v1
pos_synthetic,996,4,O12,positional_synthetic_v1
pos_synthetic,996,5,O09,positional_synthetic_v1
pos_synthetic,996,6,O00,positional_synthetic_v1
pos_synthetic,996,7,N02,positional_synthetic_v1
pos_synthetic,997,1,T04,positional_synthetic_v1
pos_synthetic,997,2,O03,positional_synthetic_v1
pos_synthetic,997,3,T02,positional_synthetic_v1
pos_synthetic,997,4,T01,positional_synthetic_v1
pos_synthetic,997,5,O02,positional_synthetic_v1
pos_synthetic,997,6,S01,positional_synthetic_v1
pos_synthetic,998,1,T00,positional_synthetic_v1
pos_synthetic,998,2,S00,positional_synthetic_v1
pos_synthetic,998,3,O00,positional_synthetic_v1
pos_synthetic,998,4,O03,positional_synthetic_v1
pos_synthetic,998,5,O00,positional_synthetic_v1
pos_synthetic,998,6,O06,positional_synthetic_v1
pos_synthetic,998,7,S00,positional_synthetic_v1
pos_synthetic,999,1,T00,positional_synthetic_v1
pos_synthetic,999,2,O00,positional_synthetic_v1
pos_synthetic,999,3,O18,positional_synthetic_v1
pos_synthetic,999,4,O02,positional_synthetic_v1
pos_synthetic,999,5,O02,positional_synthetic_v1
pos_synthetic,1000,1,T00,positional_synthetic_v1
pos_synthetic,1000,2,O05,positional_synthetic_v1
pos_synthetic,1000,3,O17,positional_synthetic_v1
pos_synthetic,1000,4,O13,positional_synthetic_v1
pos_synthetic,1000,5,O04,positional_synthetic_v1
pos_synthetic,1000,6,O00,positional_synthetic_v1
pos_synthetic,1000,7,S00,positional_synthetic_v1
pos_synthetic,1001,1,T00,positional_synthetic_v1
pos_synthetic,1001,2,O00,positional_synthetic_v1
pos_synthetic,1001,3,O00,positional_synthetic_v1
pos_synthetic,1001,4,O01,positional_synthetic_v1
pos_synthetic,1001,5,O27,positional_synthetic_v1
pos_synthetic,1001,6,O04,positional_synthetic_v1
pos_synthetic,1001,7,S01,positional_synthetic_v1
pos_synthetic,1002,1,T00,positional_synthetic_v1
pos_synthetic,1002,2,O08,positional_synthetic_v1
pos_synthetic,1002,3,O00,positional_synthetic_v1
pos_synthetic,1002,4,O05,positional_synthetic_v1
pos_synthetic,1002,5,S03,positional_synthetic_v1
pos_synthetic,1003,1,T00,positional_synthetic_v1
pos_synthetic,1003,2,O00,positional_synthetic_v1
pos_synthetic,1003,3,O25,positional_synthetic_v1
pos_synthetic,1003,4,O00,positional_synthetic_v1
pos_synthetic,1003,5,N02,positional_synthetic_v1
pos_synthetic,1004,1,O07,positional_synthetic_v1
pos_synthetic,1004,2,O14,positional_synthetic_v1
pos_synthetic,1004,3,O33,positional_synthetic_v1
pos_synthetic,1004,4,S00,positional_synthetic_v1
pos_synthetic,1005,1,T04,positional_synthetic_v1
pos_synthetic,1005,2,O05,positional_synthetic_v1
pos_synthetic,1005,3,O05,positional_synthetic_v1
pos_synthetic,1005,4,O00,positional_synthetic_v1
pos_synthetic,1005,5,O05,positional_synthetic_v1
pos_synthetic,1005,6,N07,positional_synthetic_v1
pos_synthetic,1006,1,O22,positional_synthetic_v1
pos_synthetic,1006,2,O01,positional_synthetic_v1
pos_synthetic,1006,3,O00,positional_synthetic_v1
pos_synthetic,1006,4,O01,positional_synthetic_v1
pos_synthetic,1006,5,O13,positional_synthetic_v1
pos_synthetic,1006,6,S00,positional_synthetic_v1
pos_synthetic,1007,1,T00,positional_synthetic_v1
pos_synthetic,1007,2,O01,positional_synthetic_v1
pos_synthetic,1007,3,S03,positional_synthetic_v1
pos_synthetic,1008,1,O05,positional_synthetic_v1
pos_synthetic,1008,2,O00,positional_synthetic_v1
pos_synthetic,1008,3,S00,positional_synthetic_v1
pos_synthetic,1008,4,O00,positional_synthetic_v1
pos_synthetic,1008,5,O33,positional_synthetic_v1
pos_synthetic,1008,6,N00,positional_synthetic_v1
pos_synthetic,1009,1,O02,positional_synthetic_v1
pos_synthetic,1009,2,O01,positional_synthetic_v1
pos_synthetic,1009,3,N02,positional_synthetic_v1
pos_synthetic,1010,1,T02,positional_synthetic_v1
pos_synthetic,1010,2,O07,positional_synthetic_v1
pos_synthetic,1010,3,O00,positional_synthetic_v1
pos_synthetic,1010,4,O01,positional_synthetic_v1
pos_synthetic,1010,5,S01,positional_synthetic_v1
pos_synthetic,1011,1,T00,positional_synthetic_v1
pos_synthetic,1011,2,O04,positional_synthetic_v1
pos_synthetic,1011,3,O17,positional_synthetic_v1
pos_synthetic,1011,4,O19,positional_synthetic_v1
pos_synthetic,1011,5,S00,positional_synthetic_v1
pos_synthetic,1012,1,O00,positional_synthetic_v1
pos_synthetic,1012,2,O05,positional_synthetic_v1
pos_synthetic,1012,3,O13,positional_synthetic_v1
pos_synthetic,1012,4,S00,positional_synthetic_v1
pos_synthetic,1013,1,T04,positional_synthetic_v1
pos_synthetic,1013,2,O18,positional_synthetic_v1
pos_synthetic,1013,3,O00,positional_synthetic_v1
pos_synthetic,1013,4,O03,positional_synthetic_v1
pos_synthetic,1013,5,O00,positional_synthetic_v1
pos_synthetic,1013,6,N00,positional_synthetic_v1
pos_synthetic,1014,1,O22,positional_synthetic_v1
pos_synthetic,1014,2,O13,positional_synthetic_v1
pos_synthetic,1014,3,O09,positional_synthetic_v1
pos_synthetic,1014,4,O00,positional_synthetic_v1
pos_synthetic,1014,5,O15,positional_synthetic_v1
pos_synthetic,1014,6,O01,positional_synthetic_v1
pos_synthetic,1014,7,S01,positional_synthetic_v1
pos_synthetic,1015,1,T00,positional_synthetic_v1
pos_synthetic,1015,2,O09,positional_synthetic_v1
pos_synthetic,1015,3,O03,positional_synthetic_v1
pos_synthetic,1015,4,O00,positional_synthetic_v1
pos_synthetic,1015,5,O00,positional_synthetic_v1
pos_synthetic,1015,6,O00,positional_synthetic_v1
pos_synthetic,1015,7,S01,positional_synthetic_v1
pos_synthetic,1016,1,T04,positional_synthetic_v1
pos_synthetic,1016,2,T00,positional_synthetic_v1
pos_synthetic,1016,3,O00,positional_synthetic_v1
pos_synthetic,1016,4,O03,positional_synthetic_v1
pos_synthetic,1016,5,O13,positional_synthetic_v1
pos_synthetic,1016,6,O01,positional_synthetic_v1
pos_synthetic,1016,7,N00,positional_synthetic_v1
pos_synthetic,1017,1,T01,positional_synthetic_v1
pos_synthetic,1017,2,O00,positional_synthetic_v1
pos_synthetic,1017,3,O00,positional_synthetic_v1
pos_synthetic,1017,4,O08,positional_synthetic_v1
pos_synthetic,1017,5,O04,positional_synthetic_v1
pos_synthetic,1017,6,O03,positional_synthetic_v1
pos_synthetic,1017,7,N03,positional_synthetic_v1
pos_synthetic,1018,1,T02,positional_synthetic_v1
pos_synthetic,1018,2,O00,positional_synthetic_v1
pos_synthetic,1018,3,O01,positional_synthetic_v1
pos_synthetic,1018,4,O00,positional_synthetic_v1
pos_synthetic,1018,5,O00,positional_synthetic_v1
pos_synthetic,1018,6,O06,positional_synthetic_v1
pos_synthetic,1018,7,S03,positional_synthetic_v1
pos_synthetic,1019,1,T02,positional_synthetic_v1
pos_synthetic,1019,2,O00,positional_synthetic_v1
pos_synthetic,1019,3,S02,positional_synthetic_v1
pos_synthetic,1020,1,O03,positional_synthetic_v1
pos_synthetic,1020,2,O04,positional_synthetic_v1
pos_synthetic,1020,3,O10,positional_synthetic_v1
pos_synthetic,1020,4,O07,positional_synthetic_v1
pos_synthetic,1020,5,O14,positional_synthetic_v1
pos_synthetic,1020,6,N00,positional_synthetic_v1
pos_synthetic,1021,1,O08,positional_synthetic_v1
pos_synthetic,1021,2,O15,positional_synthetic_v1
pos_synthetic,1021,3,O00,positional_synthetic_v1
pos_synthetic,1021,4,O05,positional_synthetic_v1
pos_synthetic,1021,5,O01,positional_synthetic_v1
pos_synthetic,1021,6,O30,positional_synthetic_v1
pos_synthetic,1022,1,O00,positional_synthetic_v1
pos_synthetic,1022,2,O03,positional_synthetic_v1
pos_synthetic,1022,3,O00,positional_synthetic_v1
pos_synthetic,1022,4,O07,positional_synthetic_v1
pos_synthetic,1022,5,O00,positional_synthetic_v1
pos_synthetic,1022,6,N00,positional_synthetic_v1
pos_synthetic,1023,1,T01,positional_synthetic_v1
pos_synthetic,1023,2,O23,positional_synthetic_v1
pos_synthetic,1023,3,S00,positional_synthetic_v1
pos_synthetic,1024,1,T03,positional_synthetic_v1
pos_synthetic,1024,2,O02,positional_synthetic_v1
pos_synthetic,1024,3,O22,positional_synthetic_v1
pos_synthetic,1024,4,O00,positional_synthetic_v1
pos_synthetic,1024,5,O05,positional_synthetic_v1
pos_synthetic,1024,6,O00,positional_synthetic_v1
pos_synthetic,1024,7,S01,positional_synthetic_v1
pos_synthetic,1025,1,T01,positional_synthetic_v1
pos_synthetic,1025,2,O09,positional_synthetic_v1
pos_synthetic,1025,3,O00,positional_synthetic_v1
pos_synthetic,1025,4,T01,positional_synthetic_v1
pos_synthetic,1025,5,N00,positional_synthetic_v1
pos_synthetic,1026,1,T07,positional_synthetic_v1
pos_synthetic,1026,2,O00,positional_synthetic_v1
pos_synthetic,1026,3,O00,positional_synthetic_v1
pos_synthetic,1026,4,O01,positional_synthetic_v1
pos_synthetic,1026,5,O03,positional_synthetic_v1
pos_synthetic,1026,6,S03,positional_synthetic_v1
pos_synthetic,1027,1,T00,positional_synthetic_v1
pos_synthetic,1027,2,T05,positional_synthetic_v1
pos_synthetic,1027,3,O00,positional_synthetic_v1
pos_synthetic,1027,4,O05,positional_synthetic_v1
pos_synthetic,1027,5,S00,positional_synthetic_v1
pos_synthetic,1028,1,T07,positional_synthetic_v1
pos_synthetic,1028,2,O02,positional_synthetic_v1
pos_synthetic,1028,3,O27,positional_synthetic_v1
pos_synthetic,1028,4,O06,positional_synthetic_v1
pos_synthetic,1028,5,O00,positional_synthetic_v1
pos_synthetic,1028,6,S00,positional_synthetic_v1
pos_synthetic,1029,1,T00,positional_synthetic_v1
pos_synthetic,1029,2,O00,positional_synthetic_v1
pos_synthetic,1029,3,O00,positional_synthetic_v1
pos_synthetic,1029,4,O01,positional_synthetic_v1
pos_synthetic,1029,5,O11,positional_synthetic_v1
pos_synthetic,1029,6,N00,positional_synthetic_v1
pos_synthetic,1030,1,T00,positional_synthetic_v1
pos_synthetic,1030,2,O05,positional_synthetic_v1
pos_synthetic,1030,3,O00,positional_synthetic_v1
pos_synthetic,1030,4,O00,positional_synthetic_v1
pos_synthetic,1030,5,N00,positional_synthetic_v1
pos_synthetic,1031,1,T06,positional_synthetic_v1
pos_synthetic,1031,2,O13,positional_synthetic_v1
pos_synthetic,1031,3,N00,positional_synthetic_v1
pos_synthetic,1032,1,T02,positional_synthetic_v1
pos_synthetic,1032,2,O03,positional_synthetic_v1
pos_synthetic,1032,3,O06,positional_synthetic_v1
pos_synthetic,1033,1,O06,positional_synthetic_v1
pos_synthetic,1033,2,O04,positional_synthetic_v1
pos_synthetic,1033,3,N00,positional_synthetic_v1
pos_synthetic,1034,1,T00,positional_synthetic_v1
pos_synthetic,1034,2,O02,positional_synthetic_v1
pos_synthetic,1034,3,S01,positional_synthetic_v1
pos_synthetic,1035,1,T04,positional_synthetic_v1
pos_synthetic,1035,2,O37,positional_synthetic_v1
pos_synthetic,1035,3,O00,positional_synthetic_v1
pos_synthetic,1035,4,N02,positional_synthetic_v1
pos_synthetic,1036,1,T02,positional_synthetic_v1
pos_synthetic,1036,2,O34,positional_synthetic_v1
pos_synthetic,1036,3,O36,positional_synthetic_v1
pos_synthetic,1036,4,O06,positional_synthetic_v1
pos_synthetic,1036,5,O00,positional_synthetic_v1
pos_synthetic,1036,6,O11,positional_synthetic_v1
pos_synthetic,1036,7,N00,positional_synthetic_v1
pos_synthetic,1037,1,T03,positional_synthetic_v1
pos_synthetic,1037,2,O22,positional_synthetic_v1
pos_synthetic,1037,3,O01,positional_synthetic_v1
pos_synthetic,1037,4,O04,positional_synthetic_v1
pos_synthetic,1037,5,O01,positional_synthetic_v1
pos_synthetic,1037,6,S00,positional_synthetic_v1
pos_synthetic,1038,1,O09,positional_synthetic_v1
pos_synthetic,1038,2,O26,positional_synthetic_v1
pos_synthetic,1038,3,S03,positional_synthetic_v1
pos_synthetic,1038,4,O00,positional_synthetic_v1
pos_synthetic,1038,5,N05,positional_synthetic_v1
pos_synthetic,1039,1,T03,positional_synthetic_v1
pos_synthetic,1039,2,O00,positional_synthetic_v1
pos_synthetic,1039,3,O00,positional_synthetic_v1
pos_synthetic,1039,4,O00,positional_synthetic_v1
pos_synthetic,1039,5,N05,positional_synthetic_v1
pos_synthetic,1040,1,T02,positional_synthetic_v1
pos_synthetic,1040,2,O07,positional_synthetic_v1
pos_synthetic,1040,3,S01,positional_synthetic_v1
pos_synthetic,1041,1,T00,positional_synthetic_v1
pos_synthetic,1041,2,O01,positional_synthetic_v1
pos_synthetic,1041,3,O04,positional_synthetic_v1
pos_synthetic,1041,4,S00,positional_synthetic_v1
pos_synthetic,1041,5,O13,positional_synthetic_v1
pos_synthetic,1041,6,O00,positional_synthetic_v1
pos_synthetic,1041,7,S00,positional_synthetic_v1
pos_synthetic,1042,1,O04,positional_synthetic_v1
pos_synthetic,1042,2,T00,positional_synthetic_v1
pos_synthetic,1042,3,O00,positional_synthetic_v1
pos_synthetic,1042,4,S00,positional_synthetic_v1
pos_synthetic,1043,1,T04,positional_synthetic_v1
pos_synthetic,1043,2,O39,positional_synthetic_v1
pos_synthetic,1043,3,O00,positional_synthetic_v1
pos_synthetic,1043,4,O00,positional_synthetic_v1
pos_synthetic,1043,5,O05,positional_synthetic_v1
pos_synthetic,1043,6,O31,positional_synthetic_v1
pos_synthetic,1043,7,S00,positional_synthetic_v1
pos_synthetic,1044,1,O11,positional_synthetic_v1
pos_synthetic,1044,2,O00,positional_synthetic_v1
pos_synthetic,1044,3,O34,positional_synthetic_v1
pos_synthetic,1044,4,O31,positional_synthetic_v1
pos_synthetic,1044,5,O00,positional_synthetic_v1
pos_synthetic,1044,6,O00,positional_synthetic_v1
pos_synthetic,1044,7,S00,positional_synthetic_v1
pos_synthetic,1045,1,T04,positional_synthetic_v1
pos_synthetic,1045,2,O01,positional_synthetic_v1
pos_synthetic,1045,3,T00,positional_synthetic_v1
pos_synthetic,1045,4,O01,positional_synthetic_v1
pos_synthetic,1045,5,O35,positional_synthetic_v1
pos_synthetic,1045,6,O04,positional_synthetic_v1
pos_synthetic,1045,7,S00,positional_synthetic_v1
pos_synthetic,1046,1,O36,positional_synthetic_v1
pos_synthetic,1046,2,O13,positional_synthetic_v1
pos_synthetic,1046,3,O00,positional_synthetic_v1
pos_synthetic,1046,4,O00,positional_synthetic_v1
pos_synthetic,1046,5,N00,positional_synthetic_v1
pos_synthetic,1047,1,T00,positional_synthetic_v1
pos_synthetic,1047,2,O03,positional_synthetic_v1
pos_synthetic,1047,3,S00,positional_synthetic_v1
pos_synthetic,1048,1,O15,positional_synthetic_v1
pos_synthetic,1048,2,O01,positional_synthetic_v1
pos_synthetic,1048,3,O07,positional_synthetic_v1
pos_synthetic,1048,4,O08,positional_synthetic_v1
pos_synthetic,1048,5,O00,positional_synthetic_v1
pos_synthetic,1048,6,O01,positional_synthetic_v1
pos_synthetic,1048,7,O05,positional_synthetic_v1
pos_synthetic,1049,1,T00,positional_synthetic_v1
pos_synthetic,1049,2,O01,positional_synthetic_v1
pos_synthetic,1049,3,O03,positional_synthetic_v1
pos_synthetic,1049,4,O38,positional_synthetic_v1
pos_synthetic,1049,5,O02,positional_synthetic_v1
pos_synthetic,1049,6,N04,positional_synthetic_v1
pos_synthetic,1050,1,T01,positional_synthetic_v1
pos_synthetic,1050,2,T03,positional_synthetic_v1
pos_synthetic,1050,3,O04,positional_synthetic_v1
pos_synthetic,1050,4,O19,positional_synthetic_v1
pos_synthetic,1051,1,T00,positional_synthetic_v1
pos_synthetic,1051,2,O04,positional_synthetic_v1
pos_synthetic,1051,3,O04,positional_synthetic_v1
pos_synthetic,1051,4,O01,positional_synthetic_v1
pos_synthetic,1051,5,O00,positional_synthetic_v1
pos_synthetic,1051,6,O00,positional_synthetic_v1
pos_synthetic,1052,1,T00,positional_synthetic_v1
pos_synthetic,1052,2,O17,positional_synthetic_v1
pos_synthetic,1052,3,O00,positional_synthetic_v1
pos_synthetic,1052,4,O00,positional_synthetic_v1
pos_synthetic,1052,5,O08,positional_synthetic_v1
pos_synthetic,1052,6,O01,positional_synthetic_v1
pos_synthetic,1052,7,S00,positional_synthetic_v1
pos_synthetic,1053,1,O30,positional_synthetic_v1
pos_synthetic,1053,2,O15,positional_synthetic_v1
pos_synthetic,1053,3,O16,positional_synthetic_v1
pos_synthetic,1053,4,S02,positional_synthetic_v1
pos_synthetic,1054,1,T00,positional_synthetic_v1
pos_synthetic,1054,2,O00,positional_synthetic_v1
pos_synthetic,1054,3,T00,positional_synthetic_v1
pos_synthetic,1054,4,N01,positional_synthetic_v1
pos_synthetic,1055,1,T01,positional_synthetic_v1
pos_synthetic,1055,2,O02,positional_synthetic_v1
pos_synthetic,1055,3,O00,positional_synthetic_v1
pos_synthetic,1055,4,O01,positional_synthetic_v1
pos_synthetic,1055,5,N02,positional_synthetic_v1
pos_synthetic,1056,1,T01,positional_synthetic_v1
pos_synthetic,1056,2,O08,positional_synthetic_v1
pos_synthetic,1056,3,O00,positional_synthetic_v1
pos_synthetic,1056,4,O12,positional_synthetic_v1
pos_synthetic,1056,5,N01,positional_synthetic_v1
pos_synthetic,1057,1,T00,positional_synthetic_v1
pos_synthetic,1057,2,O00,positional_synthetic_v1
pos_synthetic,1057,3,O04,positional_synthetic_v1
pos_synthetic,1057,4,O13,positional_synthetic_v1
pos_synthetic,1057,5,O01,positional_synthetic_v1
pos_synthetic,1057,6,N00,positional_synthetic_v1
pos_synthetic,1058,1,T04,positional_synthetic_v1
pos_synthetic,1058,2,S01,positional_synthetic_v1
pos_synthetic,1058,3,O02,positional_synthetic_v1
pos_synthetic,1058,4,S00,positional_synthetic_v1
pos_synthetic,1058,5,O00,positional_synthetic_v1
pos_synthetic,1058,6,O04,positional_synthetic_v1
pos_synthetic,1058,7,N00,positional_synthetic_v1
pos_synthetic,1059,1,T07,positional_synthetic_v1
pos_synthetic,1059,2,O02,positional_synthetic_v1
pos_synthetic,1059,3,O02,positional_synthetic_v1
pos_synthetic,1059,4,O03,positional_synthetic_v1
pos_synthetic,1059,5,S02,positional_synthetic_v1
pos_synthetic,1060,1,O02,positional_synthetic_v1
pos_synthetic,1060,2,T02,positional_synthetic_v1
pos_synthetic,1060,3,O03,positional_synthetic_v1
pos_synthetic,1060,4,O02,positional_synthetic_v1
pos_synthetic,1060,5,O00,positional_synthetic_v1
pos_synthetic,1060,6,O02,positional_synthetic_v1
pos_synthetic,1060,7,N00,positional_synthetic_v1
pos_synthetic,1061,1,T05,positional_synthetic_v1
pos_synthetic,1061,2,O01,positional_synthetic_v1
pos_synthetic,1061,3,O29,positional_synthetic_v1
pos_synthetic,1061,4,O03,positional_synthetic_v1
pos_synthetic,1061,5,O04,positional_synthetic_v1
pos_synthetic,1061,6,S00,positional_synthetic_v1
pos_synthetic,1062,1,O01,positional_synthetic_v1
pos_synthetic,1062,2,O00,positional_synthetic_v1
pos_synthetic,1062,3,O04,positional_synthetic_v1
pos_synthetic,1062,4,O01,positional_synthetic_v1
pos_synthetic,1062,5,N03,positional_synthetic_v1
pos_synthetic,1063,1,O00,positional_synthetic_v1
pos_synthetic,1063,2,O00,positional_synthetic_v1
pos_synthetic,1063,3,N00,positional_synthetic_v1
pos_synthetic,1064,1,T06,positional_synthetic_v1
pos_synthetic,1064,2,O07,positional_synthetic_v1
pos_synthetic,1064,3,S00,positional_synthetic_v1
pos_synthetic,1064,4,S00,positional_synthetic_v1
pos_synthetic,1065,1,O36,positional_synthetic_v1
pos_synthetic,1065,2,O05,positional_synthetic_v1
pos_synthetic,1065,3,O00,positional_synthetic_v1
pos_synthetic,1065,4,O03,positional_synthetic_v1
pos_synthetic,1065,5,O00,positional_synthetic_v1
pos_synthetic,1065,6,S00,positional_synthetic_v1
pos_synthetic,1066,1,O05,positional_synthetic_v1
pos_synthetic,1066,2,O00,positional_synthetic_v1
pos_synthetic,1066,3,O07,positional_synthetic_v1
pos_synthetic,1066,4,O10,positional_synthetic_v1
pos_synthetic,1066,5,N02,positional_synthetic_v1
pos_synthetic,1067,1,T01,positional_synthetic_v1
pos_synthetic,1067,2,O20,positional_synthetic_v1
pos_synthetic,1067,3,O00,positional_synthetic_v1
pos_synthetic,1067,4,O01,positional_synthetic_v1
pos_synthetic,1067,5,S00,positional_synthetic_v1
pos_synthetic,1067,6,S00,positional_synthetic_v1
pos_synthetic,1068,1,T03,positional_synthetic_v1
pos_synthetic,1068,2,S01,positional_synthetic_v1
pos_synthetic,1068,3,S00,positional_synthetic_v1
pos_synthetic,1069,1,T00,positional_synthetic_v1
pos_synthetic,1069,2,S00,positional_synthetic_v1
pos_synthetic,1069,3,O00,positional_synthetic_v1
pos_synthetic,1069,4,O00,positional_synthetic_v1
pos_synthetic,1069,5,O18,positional_synthetic_v1
pos_synthetic,1069,6,O31,positional_synthetic_v1
pos_synthetic,1069,7,N00,positional_synthetic_v1
pos_synthetic,1070,1,O01,positional_synthetic_v1
pos_synthetic,1070,2,O00,positional_synthetic_v1
pos_synthetic,1070,3,O06,positional_synthetic_v1
pos_synthetic,1070,4,S00,positional_synthetic_v1
pos_synthetic,1071,1,O00,positional_synthetic_v1
pos_synthetic,1071,2,O11,positional_synthetic_v1
pos_synthetic,1071,3,O04,positional_synthetic_v1
pos_synthetic,1071,4,O00,positional_synthetic_v1
pos_synthetic,1071,5,O04,positional_synthetic_v1
pos_synthetic,1071,6,S00,positional_synthetic_v1
pos_synthetic,1072,1,T03,positional_synthetic_v1
pos_synthetic,1072,2,T03,positional_synthetic_v1
pos_synthetic,1072,3,O01,positional_synthetic_v1
pos_synthetic,1072,4,N06,positional_synthetic_v1
pos_synthetic,1073,1,T00,positional_synthetic_v1
pos_synthetic,1073,2,O10,positional_synthetic_v1
pos_synthetic,1073,3,O02,positional_synthetic_v1
pos_synthetic,1073,4,O20,positional_synthetic_v1
pos_synthetic,1073,5,O22,positional_synthetic_v1
pos_synthetic,1073,6,O00,positional_synthetic_v1
pos_synthetic,1073,7,S02,positional_synthetic_v1
pos_synthetic,1074,1,T03,positional_synthetic_v1
pos_synthetic,1074,2,O00,positional_synthetic_v1
pos_synthetic,1074,3,O12,positional_synthetic_v1
pos_synthetic,1074,4,S00,positional_synthetic_v1
pos_synthetic,1075,1,T06,positional_synthetic_v1
pos_synthetic,1075,2,O00,positional_synthetic_v1
pos_synthetic,1075,3,O00,positional_synthetic_v1
pos_synthetic,1075,4,O03,positional_synthetic_v1
pos_synthetic,1075,5,O03,positional_synthetic_v1
pos_synthetic,1075,6,T02,positional_synthetic_v1
pos_synthetic,1075,7,N00,positional_synthetic_v1
pos_synthetic,1076,1,T06,positional_synthetic_v1
pos_synthetic,1076,2,O00,positional_synthetic_v1
pos_synthetic,1076,3,S00,positional_synthetic_v1
pos_synthetic,1077,1,T01,positional_synthetic_v1
pos_synthetic,1077,2,O25,positional_synthetic_v1
pos_synthetic,1077,3,O05,positional_synthetic_v1
pos_synthetic,1077,4,O13,positional_synthetic_v1
pos_synthetic,1077,5,N00,positional_synthetic_v1
pos_synthetic,1078,1,T01,positional_synthetic_v1
pos_synthetic,1078,2,O02,positional_synthetic_v1
pos_synthetic,1078,3,O02,positional_synthetic_v1
pos_synthetic,1078,4,O00,positional_synthetic_v1
pos_synthetic,1078,5,O06,positional_synthetic_v1
pos_synthetic,1078,6,S02,positional_synthetic_v1
pos_synthetic,1079,1,O02,positional_synthetic_v1
pos_synthetic,1079,2,O00,positional_synthetic_v1
pos_synthetic,1079,3,O05,positional_synthetic_v1
pos_synthetic,1079,4,O00,positional_synthetic_v1
pos_synthetic,1079,5,O17,positional_synthetic_v1
pos_synthetic,1079,6,S00,positional_synthetic_v1
pos_synthetic,1080,1,T06,positional_synthetic_v1
pos_synthetic,1080,2,O02,positional_synthetic_v1
pos_synthetic,1080,3,O00,positional_synthetic_v1
pos_synthetic,1080,4,N02,positional_synthetic_v1
pos_synthetic,1081,1,T00,positional_synthetic_v1
pos_synthetic,1081,2,O12,positional_synthetic_v1
pos_synthetic,1081,3,T04,positional_synthetic_v1
pos_synthetic,1081,4,S00,positional_synthetic_v1
pos_synthetic,1082,1,T01,positional_synthetic_v1
pos_synthetic,1082,2,O09,positional_synthetic_v1
pos_synthetic,1082,3,O00,positional_synthetic_v1
pos_synthetic,1082,4,O03,positional_synthetic_v1
pos_synthetic,1082,5,O03,positional_synthetic_v1
pos_synthetic,1082,6,T00,positional_synthetic_v1
pos_synthetic,1082,7,S02,positional_synthetic_v1
pos_synthetic,1083,1,T04,positional_synthetic_v1
pos_synthetic,1083,2,O00,positional_synthetic_v1
pos_synthetic,1083,3,O00,positional_synthetic_v1
pos_synthetic,1083,4,S02,positional_synthetic_v1
pos_synthetic,1084,1,T00,positional_synthetic_v1
pos_synthetic,1084,2,O07,positional_synthetic_v1
pos_synthetic,1084,3,O00,positional_synthetic_v1
pos_synthetic,1084,4,N02,positional_synthetic_v1
pos_synthetic,1085,1,T00,positional_synthetic_v1
pos_synthetic,1085,2,O11,positional_synthetic_v1
pos_synthetic,1085,3,O00,positional_synthetic_v1
pos_synthetic,1085,4,O05,positional_synthetic_v1
pos_synthetic,1085,5,O00,positional_synthetic_v1
pos_synthetic,1085,6,S02,positional_synthetic_v1
pos_synthetic,1086,1,O00,positional_synthetic_v1
pos_synthetic,1086,2,O17,positional_synthetic_v1
pos_synthetic,1086,3,O04,positional_synthetic_v1
pos_synthetic,1086,4,O00,positional_synthetic_v1
pos_synthetic,1087,1,T00,positional_synthetic_v1
pos_synthetic,1087,2,O00,positional_synthetic_v1
pos_synthetic,1087,3,S02,positional_synthetic_v1
pos_synthetic,1088,1,T00,positional_synthetic_v1
pos_synthetic,1088,2,O02,positional_synthetic_v1
pos_synthetic,1088,3,O12,positional_synthetic_v1
pos_synthetic,1088,4,O26,positional_synthetic_v1
pos_synthetic,1088,5,O02,positional_synthetic_v1
pos_synthetic,1088,6,T06,positional_synthetic_v1
pos_synthetic,1088,7,S00,positional_synthetic_v1
pos_synthetic,1089,1,T04,positional_synthetic_v1
pos_synthetic,1089,2,O02,positional_synthetic_v1
pos_synthetic,1089,3,O02,positional_synthetic_v1
pos_synthetic,1089,4,O02,positional_synthetic_v1
pos_synthetic,1089,5,O15,positional_synthetic_v1
pos_synthetic,1089,6,O14,positional_synthetic_v1
pos_synthetic,1089,7,N00,positional_synthetic_v1
pos_synthetic,1090,1,T00,positional_synthetic_v1
pos_synthetic,1090,2,O02,positional_synthetic_v1
pos_synthetic,1090,3,O03,positional_synthetic_v1
pos_synthetic,1090,4,O00,positional_synthetic_v1
pos_synthetic,1090,5,S02,positional_synthetic_v1
pos_synthetic,1090,6,N01,positional_synthetic_v1
pos_synthetic,1091,1,T00,positional_synthetic_v1
pos_synthetic,1091,2,O00,positional_synthetic_v1
pos_synthetic,1091,3,O00,positional_synthetic_v1
pos_synthetic,1091,4,O28,positional_synthetic_v1
pos_synthetic,1091,5,O00,positional_synthetic_v1
pos_synthetic,1091,6,O00,positional_synthetic_v1
pos_synthetic,1091,7,S00,positional_synthetic_v1
pos_synthetic,1092,1,T00,positional_synthetic_v1
pos_synthetic,1092,2,O01,positional_synthetic_v1
pos_synthetic,1092,3,O03,positional_synthetic_v1
pos_synthetic,1092,4,T01,positional_synthetic_v1
pos_synthetic,1092,5,O01,positional_synthetic_v1
pos_synthetic,1092,6,O01,positional_synthetic_v1
pos_synthetic,1092,7,S00,positional_synthetic_v1
pos_synthetic,1093,1,T00,positional_synthetic_v1
pos_synthetic,1093,2,O00,positional_synthetic_v1
pos_synthetic,1093,3,O02,positional_synthetic_v1
pos_synthetic,1093,4,O09,positional_synthetic_v1
pos_synthetic,1093,5,S01,positional_synthetic_v1
pos_synthetic,1094,1,T00,positional_synthetic_v1
pos_synthetic,1094,2,O01,positional_synthetic_v1
pos_synthetic,1094,3,S00,positional_synthetic_v1
pos_synthetic,1095,1,T01,positional_synthetic_v1
pos_synthetic,1095,2,O00,positional_synthetic_v1
pos_synthetic,1095,3,O08,positional_synthetic_v1
pos_synthetic,1095,4,O00,positional_synthetic_v1
pos_synthetic,1095,5,O15,positional_synthetic_v1
pos_synthetic,1095,6,O00,positional_synthetic_v1
pos_synthetic,1095,7,S00,positional_synthetic_v1
pos_synthetic,1096,1,T02,positional_synthetic_v1
pos_synthetic,1096,2,S00,positional_synthetic_v1
pos_synthetic,1096,3,O21,positional_synthetic_v1
pos_synthetic,1096,4,N00,positional_synthetic_v1
pos_synthetic,1097,1,T00,positional_synthetic_v1
pos_synthetic,1097,2,O02,positional_synthetic_v1
pos_synthetic,1097,3,O00,positional_synthetic_v1
pos_synthetic,1097,4,O00,positional_synthetic_v1
pos_synthetic,1097,5,S03,positional_synthetic_v1
pos_synthetic,1097,6,T07,positional_synthetic_v1
pos_synthetic,1097,7,S03,positional_synthetic_v1
pos_synthetic,1098,1,T01,positional_synthetic_v1
pos_synthetic,1098,2,O00,positional_synthetic_v1
pos_synthetic,1098,3,O07,positional_synthetic_v1
pos_synthetic,1098,4,O05,positional_synthetic_v1
pos_synthetic,1098,5,N07,positional_synthetic_v1
pos_synthetic,1099,1,O00,positional_synthetic_v1
pos_synthetic,1099,2,O06,positional_synthetic_v1
pos_synthetic,1099,3,O00,positional_synthetic_v1
pos_synthetic,1099,4,S00,positional_synthetic_v1
pos_synthetic,1100,1,T07,positional_synthetic_v1
pos_synthetic,1100,2,O11,positional_synthetic_v1
pos_synthetic,1100,3,O10,positional_synthetic_v1
pos_synthetic,1100,4,O02,positional_synthetic_v1
pos_synthetic,1100,5,O00,positional_synthetic_v1
pos_synthetic,1101,1,T00,positional_synthetic_v1
pos_synthetic,1101,2,O00,positional_synthetic_v1
pos_synthetic,1101,3,S01,positional_synthetic_v1
pos_synthetic,1102,1,T01,positional_synthetic_v1
pos_synthetic,1102,2,O00,positional_synthetic_v1
pos_synthetic,1102,3,O00,positional_synthetic_v1
pos_synthetic,1102,4,O00,positional_synthetic_v1
pos_synthetic,1102,5,O01,positional_synthetic_v1
pos_synthetic,1102,6,S01,positional_synthetic_v1
pos_synthetic,1103,1,T03,positional_synthetic_v1
pos_synthetic,1103,2,O02,positional_synthetic_v1
pos_synthetic,1103,3,O01,positional_synthetic_v1
pos_synthetic,1103,4,O00,positional_synthetic_v1
pos_synthetic,1103,5,O18,positional_synthetic_v1
pos_synthetic,1103,6,S00,positional_synthetic_v1
pos_synthetic,1104,1,T01,positional_synthetic_v1
pos_synthetic,1104,2,O02,positional_synthetic_v1
pos_synthetic,1104,3,O04,positional_synthetic_v1
pos_synthetic,1104,4,O28,positional_synthetic_v1
pos_synthetic,1104,5,O03,positional_synthetic_v1
pos_synthetic,1104,6,O03,positional_synthetic_v1
pos_synthetic,1104,7,S00,positional_synthetic_v1
pos_synthetic,1105,1,T00,positional_synthetic_v1
pos_synthetic,1105,2,O00,positional_synthetic_v1
pos_synthetic,1105,3,O08,positional_synthetic_v1
pos_synthetic,1105,4,N02,positional_synthetic_v1
pos_synthetic,1106,1,T00,positional_synthetic_v1
pos_synthetic,1106,2,O14,positional_synthetic_v1
pos_synthetic,1106,3,T00,positional_synthetic_v1
pos_synthetic,1106,4,O00,positional_synthetic_v1
pos_synthetic,1106,5,O00,positional_synthetic_v1
pos_synthetic,1107,1,T00,positional_synthetic_v1
pos_synthetic,1107,2,O00,positional_synthetic_v1
pos_synthetic,1107,3,O02,positional_synthetic_v1
pos_synthetic,1107,4,O01,positional_synthetic_v1
pos_synthetic,1107,5,O36,positional_synthetic_v1
pos_synthetic,1107,6,O00,positional_synthetic_v1
pos_synthetic,1107,7,N00,positional_synthetic_v1
pos_synthetic,1108,1,T00,positional_synthetic_v1
pos_synthetic,1108,2,O04,positional_synthetic_v1
pos_synthetic,1108,3,O00,positional_synthetic_v1
pos_synthetic,1108,4,S00,positional_synthetic_v1
pos_synthetic,1109,1,T01,positional_synthetic_v1
pos_synthetic,1109,2,O03,positional_synthetic_v1
pos_synthetic,1109,3,T00,positional_synthetic_v1
pos_synthetic,1109,4,S00,positional_synthetic_v1
pos_synthetic,1110,1,T01,positional_synthetic_v1
pos_synthetic,1110,2,O00,positional_synthetic_v1
pos_synthetic,1110,3,O00,positional_synthetic_v1
pos_synthetic,1110,4,S00,positional_synthetic_v1
pos_synthetic,1111,1,T03,positional_synthetic_v1
pos_synthetic,1111,2,S02,positional_synthetic_v1
pos_synthetic,1111,3,O00,positional_synthetic_v1
pos_synthetic,1111,4,O00,positional_synthetic_v1
pos_synthetic,1111,5,O00,positional_synthetic_v1
pos_synthetic,1111,6,O06,positional_synthetic_v1
pos_synthetic,1111,7,S02,positional_synthetic_v1
pos_synthetic,1112,1,T06,positional_synthetic_v1
pos_synthetic,1112,2,O06,positional_synthetic_v1
pos_synthetic,1112,3,O00,positional_synthetic_v1
pos_synthetic,1112,4,O00,positional_synthetic_v1
pos_synthetic,1112,5,O14,positional_synthetic_v1
pos_synthetic,1112,6,O00,positional_synthetic_v1
pos_synthetic,1112,7,N00,positional_synthetic_v1
pos_synthetic,1113,1,T02,positional_synthetic_v1
pos_synthetic,1113,2,O01,positional_synthetic_v1
pos_synthetic,1113,3,O23,positional_synthetic_v1
pos_synthetic,1113,4,O05,positional_synthetic_v1
pos_synthetic,1113,5,O00,positional_synthetic_v1
pos_synthetic,1113,6,S00,positional_synthetic_v1
pos_synthetic,1114,1,T00,positional_synthetic_v1
pos_synthetic,1114,2,O01,positional_synthetic_v1
pos_synthetic,1114,3,O00,positional_synthetic_v1
pos_synthetic,1114,4,S00,positional_synthetic_v1
pos_synthetic,1115,1,O01,positional_synthetic_v1
pos_synthetic,1115,2,O01,positional_synthetic_v1
pos_synthetic,1115,3,O10,positional_synthetic_v1
pos_synthetic,1115,4,O12,positional_synthetic_v1
pos_synthetic,1115,5,O00,positional_synthetic_v1
pos_synthetic,1115,6,O01,positional_synthetic_v1
pos_synthetic,1115,7,N00,positional_synthetic_v1
pos_synthetic,1116,1,T00,positional_synthetic_v1
pos_synthetic,1116,2,O11,positional_synthetic_v1
pos_synthetic,1116,3,O07,positional_synthetic_v1
pos_synthetic,1116,4,O00,positional_synthetic_v1
pos_synthetic,1116,5,N00,positional_synthetic_v1
pos_synthetic,1117,1,T00,positional_synthetic_v1
pos_synthetic,1117,2,O04,positional_synthetic_v1
pos_synthetic,1117,3,O00,positional_synthetic_v1
pos_synthetic,1117,4,O36,positional_synthetic_v1
pos_synthetic,1117,5,O10,positional_synthetic_v1
pos_synthetic,1117,6,S01,positional_synthetic_v1
pos_synthetic,1118,1,T05,positional_synthetic_v1
pos_synthetic,1118,2,O03,positional_synthetic_v1
pos_synthetic,1118,3,O00,positional_synthetic_v1
pos_synthetic,1118,4,O01,positional_synthetic_v1
pos_synthetic,1119,1,O15,positional_synthetic_v1
pos_synthetic,1119,2,O05,positional_synthetic_v1
pos_synthetic,1119,3,O05,positional_synthetic_v1
pos_synthetic,1119,4,S02,positional_synthetic_v1
pos_synthetic,1120,1,T05,positional_synthetic_v1
pos_synthetic,1120,2,O00,positional_synthetic_v1
pos_synthetic,1120,3,S01,positional_synthetic_v1
pos_synthetic,1121,1,T03,positional_synthetic_v1
pos_synthetic,1121,2,O04,positional_synthetic_v1
pos_synthetic,1121,3,S00,positional_synthetic_v1
pos_synthetic,1121,4,N03,positional_synthetic_v1
pos_synthetic,1122,1,T02,positional_synthetic_v1
pos_synthetic,1122,2,O00,positional_synthetic_v1
pos_synthetic,1122,3,O02,positional_synthetic_v1
pos_synthetic,1122,4,T00,positional_synthetic_v1
pos_synthetic,1122,5,O01,positional_synthetic_v1
pos_synthetic,1122,6,S00,positional_synthetic_v1
pos_synthetic,1123,1,T01,positional_synthetic_v1
pos_synthetic,1123,2,S01,positional_synthetic_v1
pos_synthetic,1123,3,O05,positional_synthetic_v1
pos_synthetic,1123,4,O14,positional_synthetic_v1
pos_synthetic,1123,5,O00,positional_synthetic_v1
pos_synthetic,1123,6,N00,positional_synthetic_v1
pos_synthetic,1124,1,T04,positional_synthetic_v1
pos_synthetic,1124,2,T00,positional_synthetic_v1
pos_synthetic,1124,3,O33,positional_synthetic_v1
pos_synthetic,1124,4,N04,positional_synthetic_v1
pos_synthetic,1125,1,T01,positional_synthetic_v1
pos_synthetic,1125,2,O35,positional_synthetic_v1
pos_synthetic,1125,3,T00,positional_synthetic_v1
pos_synthetic,1125,4,O00,positional_synthetic_v1
pos_synthetic,1125,5,O05,positional_synthetic_v1
pos_synthetic,1125,6,N00,positional_synthetic_v1
pos_synthetic,1126,1,T06,positional_synthetic_v1
pos_synthetic,1126,2,O00,positional_synthetic_v1
pos_synthetic,1126,3,O03,positional_synthetic_v1
pos_synthetic,1126,4,O04,positional_synthetic_v1
pos_synthetic,1126,5,O05,positional_synthetic_v1
pos_synthetic,1126,6,O00,positional_synthetic_v1
pos_synthetic,1126,7,S02,positional_synthetic_v1
pos_synthetic,1127,1,T00,positional_synthetic_v1
pos_synthetic,1127,2,O13,positional_synthetic_v1
pos_synthetic,1127,3,T01,positional_synthetic_v1
pos_synthetic,1127,4,O09,positional_synthetic_v1
pos_synthetic,1127,5,S00,positional_synthetic_v1
pos_synthetic,1128,1,T01,positional_synthetic_v1
pos_synthetic,1128,2,T04,positional_synthetic_v1
pos_synthetic,1128,3,T01,positional_synthetic_v1
pos_synthetic,1128,4,N07,positional_synthetic_v1
pos_synthetic,1129,1,T01,positional_synthetic_v1
pos_synthetic,1129,2,O00,positional_synthetic_v1
pos_synthetic,1129,3,N00,positional_synthetic_v1
pos_synthetic,1130,1,T06,positional_synthetic_v1
pos_synthetic,1130,2,T00,positional_synthetic_v1
pos_synthetic,1130,3,O17,positional_synthetic_v1
pos_synthetic,1130,4,S00,positional_synthetic_v1
pos_synthetic,1131,1,T00,positional_synthetic_v1
pos_synthetic,1131,2,O07,positional_synthetic_v1
pos_synthetic,1131,3,O00,positional_synthetic_v1
pos_synthetic,1131,4,S00,positional_synthetic_v1
pos_synthetic,1132,1,T01,positional_synthetic_v1
pos_synthetic,1132,2,O10,positional_synthetic_v1
pos_synthetic,1132,3,S00,positional_synthetic_v1
pos_synthetic,1133,1,T00,positional_synthetic_v1
pos_synthetic,1133,2,O01,positional_synthetic_v1
pos_synthetic,1133,3,O02,positional_synthetic_v1
pos_synthetic,1133,4,O12,positional_synthetic_v1
pos_synthetic,1133,5,O01,positional_synthetic_v1
pos_synthetic,1133,6,N01,positional_synthetic_v1
pos_synthetic,1134,1,T02,positional_synthetic_v1
pos_synthetic,1134,2,O00,positional_synthetic_v1
pos_synthetic,1134,3,O00,positional_synthetic_v1
pos_synthetic,1134,4,O25,positional_synthetic_v1
pos_synthetic,1134,5,O07,positional_synthetic_v1
pos_synthetic,1134,6,O03,positional_synthetic_v1
pos_synthetic,1135,1,T02,positional_synthetic_v1
pos_synthetic,1135,2,O00,positional_synthetic_v1
pos_synthetic,1135,3,O04,positional_synthetic_v1
pos_synthetic,1135,4,S01,positional_synthetic_v1
pos_synthetic,1136,1,T00,positional_synthetic_v1
pos_synthetic,1136,2,O00,positional_synthetic_v1
pos_synthetic,1136,3,O00,positional_synthetic_v1
pos_synthetic,1136,4,N06,positional_synthetic_v1
pos_synthetic,1137,1,T00,positional_synthetic_v1
pos_synthetic,1137,2,T01,positional_synthetic_v1
pos_synthetic,1137,3,O00,positional_synthetic_v1
pos_synthetic,1137,4,O00,positional_synthetic_v1
pos_synthetic,1137,5,O07,positional_synthetic_v1
pos_synthetic,1137,6,N01,positional_synthetic_v1
pos_synthetic,1138,1,T01,positional_synthetic_v1
pos_synthetic,1138,2,O00,positional_synthetic_v1
pos_synthetic,1138,3,S00,positional_synthetic_v1
pos_synthetic,1139,1,T00,positional_synthetic_v1
pos_synthetic,1139,2,O02,positional_synthetic_v1
pos_synthetic,1139,3,S00,positional_synthetic_v1
pos_synthetic,1139,4,O00,positional_synthetic_v1
pos_synthetic,1139,5,O05,positional_synthetic_v1
pos_synthetic,1139,6,S02,positional_synthetic_v1
pos_synthetic,1140,1,T00,positional_synthetic_v1
pos_synthetic,1140,2,O00,positional_synthetic_v1
pos_synthetic,1140,3,S03,positional_synthetic_v1
pos_synthetic,1141,1,T01,positional_synthetic_v1
pos_synthetic,1141,2,O07,positional_synthetic_v1
pos_synthetic,1141,3,O00,positional_synthetic_v1
pos_synthetic,1141,4,T01,positional_synthetic_v1
pos_synthetic,1141,5,S01,positional_synthetic_v1
pos_synthetic,1142,1,T05,positional_synthetic_v1
pos_synthetic,1142,2,O32,positional_synthetic_v1
pos_synthetic,1142,3,O03,positional_synthetic_v1
pos_synthetic,1142,4,O02,positional_synthetic_v1
pos_synthetic,1142,5,S01,positional_synthetic_v1
pos_synthetic,1143,1,O00,positional_synthetic_v1
pos_synthetic,1143,2,O02,positional_synthetic_v1
pos_synthetic,1143,3,O00,positional_synthetic_v1
pos_synthetic,1143,4,O02,positional_synthetic_v1
pos_synthetic,1144,1,T01,positional_synthetic_v1
pos_synthetic,1144,2,T01,positional_synthetic_v1
pos_synthetic,1144,3,O01,positional_synthetic_v1
pos_synthetic,1144,4,S00,positional_synthetic_v1
pos_synthetic,1145,1,O13,positional_synthetic_v1
pos_synthetic,1145,2,O05,positional_synthetic_v1
pos_synthetic,1145,3,O01,positional_synthetic_v1
pos_synthetic,1145,4,N06,positional_synthetic_v1
pos_synthetic,1146,1,T05,positional_synthetic_v1
pos_synthetic,1146,2,S00,positional_synthetic_v1
pos_synthetic,1146,3,O00,positional_synthetic_v1
pos_synthetic,1146,4,N03,positional_synthetic_v1
pos_synthetic,1147,1,T04,positional_synthetic_v1
pos_synthetic,1147,2,O32,positional_synthetic_v1
pos_synthetic,1147,3,O19,positional_synthetic_v1
pos_synthetic,1147,4,N01,positional_synthetic_v1
pos_synthetic,1148,1,T01,positional_synthetic_v1
pos_synthetic,1148,2,O00,positional_synthetic_v1
pos_synthetic,1148,3,O00,positional_synthetic_v1
pos_synthetic,1148,4,S01,positional_synthetic_v1
pos_synthetic,1149,1,T01,positional_synthetic_v1
pos_synthetic,1149,2,O08,positional_synthetic_v1
pos_synthetic,1149,3,O00,positional_synthetic_v1
pos_synthetic,1149,4,S00,positional_synthetic_v1
pos_synthetic,1150,1,T00,positional_synthetic_v1
pos_synthetic,1150,2,O09,positional_synthetic_v1
pos_synthetic,1150,3,O06,positional_synthetic_v1
pos_synthetic,1150,4,O37,positional_synthetic_v1
pos_synthetic,1150,5,O00,positional_synthetic_v1
pos_synthetic,1150,6,S00,positional_synthetic_v1
pos_synthetic,1151,1,T01,positional_synthetic_v1
pos_synthetic,1151,2,O16,positional_synthetic_v1
pos_synthetic,1151,3,O06,positional_synthetic_v1
pos_synthetic,1151,4,N05,positional_synthetic_v1
pos_synthetic,1152,1,T00,positional_synthetic_v1
pos_synthetic,1152,2,O17,positional_synthetic_v1
pos_synthetic,1152,3,N00,positional_synthetic_v1
pos_synthetic,1153,1,T05,positional_synthetic_v1
pos_synthetic,1153,2,O01,positional_synthetic_v1
pos_synthetic,1153,3,S00,positional_synthetic_v1
pos_synthetic,1154,1,O27,positional_synthetic_v1
pos_synthetic,1154,2,O00,positional_synthetic_v1
pos_synthetic,1154,3,O01,positional_synthetic_v1
pos_synthetic,1154,4,O16,positional_synthetic_v1
pos_synthetic,1154,5,O01,positional_synthetic_v1
pos_synthetic,1154,6,S00,positional_synthetic_v1
pos_synthetic,1155,1,O01,positional_synthetic_v1
pos_synthetic,1155,2,O23,positional_synthetic_v1
pos_synthetic,1155,3,S00,positional_synthetic_v1
pos_synthetic,1156,1,O36,positional_synthetic_v1
pos_synthetic,1156,2,O02,positional_synthetic_v1
pos_synthetic,1156,3,O00,positional_synthetic_v1
pos_synthetic,1156,4,O00,positional_synthetic_v1
pos_synthetic,1156,5,O01,positional_synthetic_v1
pos_synthetic,1156,6,S03,positional_synthetic_v1
pos_synthetic,1157,1,T03,positional_synthetic_v1
pos_synthetic,1157,2,O00,positional_synthetic_v1
pos_synthetic,1157,3,S01,positional_synthetic_v1
pos_synthetic,1158,1,O27,positional_synthetic_v1
pos_synthetic,1158,2,O18,positional_synthetic_v1
pos_synthetic,1158,3,S02,positional_synthetic_v1
pos_synthetic,1159,1,T01,positional_synthetic_v1
pos_synthetic,1159,2,O03,positional_synthetic_v1
pos_synthetic,1159,3,O00,positional_synthetic_v1
pos_synthetic,1159,4,N00,positional_synthetic_v1
pos_synthetic,1160,1,T01,positional_synthetic_v1
pos_synthetic,1160,2,O00,positional_synthetic_v1
pos_synthetic,1160,3,O00,positional_synthetic_v1
pos_synthetic,1160,4,S00,positional_synthetic_v1
pos_synthetic,1161,1,O04,positional_synthetic_v1
pos_synthetic,1161,2,O03,positional_synthetic_v1
pos_synthetic,1161,3,O32,positional_synthetic_v1
pos_synthetic,1161,4,O02,positional_synthetic_v1
pos_synthetic,1161,5,O00,positional_synthetic_v1
pos_synthetic,1161,6,O03,positional_synthetic_v1
pos_synthetic,1161,7,N04,positional_synthetic_v1
pos_synthetic,1162,1,T07,positional_synthetic_v1
pos_synthetic,1162,2,O01,positional_synthetic_v1
pos_synthetic,1162,3,O01,positional_synthetic_v1
pos_synthetic,1162,4,O21,positional_synthetic_v1
pos_synthetic,1162,5,O00,positional_synthetic_v1
pos_synthetic,1162,6,O04,positional_synthetic_v1
pos_synthetic,1162,7,N00,positional_synthetic_v1
pos_synthetic,1163,1,O00,positional_synthetic_v1
pos_synthetic,1163,2,O01,positional_synthetic_v1
pos_synthetic,1163,3,O00,positional_synthetic_v1
pos_synthetic,1163,4,O06,positional_synthetic_v1
pos_synthetic,1163,5,S00,positional_synthetic_v1
pos_synthetic,1164,1,O12,positional_synthetic_v1
pos_synthetic,1164,2,T00,positional_synthetic_v1
pos_synthetic,1164,3,S01,positional_synthetic_v1
pos_synthetic,1164,4,N00,positional_synthetic_v1
pos_synthetic,1165,1,T06,positional_synthetic_v1
pos_synthetic,1165,2,O09,positional_synthetic_v1
pos_synthetic,1165,3,O05,positional_synthetic_v1
pos_synthetic,1165,4,O13,positional_synthetic_v1
pos_synthetic,1165,5,S03,positional_synthetic_v1
pos_synthetic,1166,1,T02,positional_synthetic_v1
pos_synthetic,1166,2,O24,positional_synthetic_v1
pos_synthetic,1166,3,S00,positional_synthetic_v1
pos_synthetic,1167,1,O02,positional_synthetic_v1
pos_synthetic,1167,2,O00,positional_synthetic_v1
pos_synthetic,1167,3,O04,positional_synthetic_v1
pos_synthetic,1167,4,S01,positional_synthetic_v1
pos_synthetic,1168,1,T00,positional_synthetic_v1
pos_synthetic,1168,2,O00,positional_synthetic_v1
pos_synthetic,1168,3,S00,positional_synthetic_v1
pos_synthetic,1168,4,O28,positional_synthetic_v1
pos_synthetic,1168,5,O01,positional_synthetic_v1
pos_synthetic,1168,6,S00,positional_synthetic_v1
pos_synthetic,1168,7,S01,positional_synthetic_v1
pos_synthetic,1169,1,T00,positional_synthetic_v1
pos_synthetic,1169,2,O01,positional_synthetic_v1
pos_synthetic,1169,3,S00,positional_synthetic_v1
pos_synthetic,1169,4,O31,positional_synthetic_v1
pos_synthetic,1169,5,T00,positional_synthetic_v1
pos_synthetic,1169,6,N00,positional_synthetic_v1
pos_synthetic,1170,1,T00,positional_synthetic_v1
pos_synthetic,1170,2,O00,positional_synthetic_v1
pos_synthetic,1170,3,N03,positional_synthetic_v1
pos_synthetic,1171,1,O00,positional_synthetic_v1
pos_synthetic,1171,2,O00,positional_synthetic_v1
pos_synthetic,1171,3,O02,positional_synthetic_v1
pos_synthetic,1171,4,O00,positional_synthetic_v1
pos_synthetic,1171,5,N00,positional_synthetic_v1
pos_synthetic,1172,1,O12,positional_synthetic_v1
pos_synthetic,1172,2,O10,positional_synthetic_v1
pos_synthetic,1172,3,O23,positional_synthetic_v1
pos_synthetic,1172,4,O16,positional_synthetic_v1
pos_synthetic,1172,5,S00,positional_synthetic_v1
pos_synthetic,1173,1,O10,positional_synthetic_v1
pos_synthetic,1173,2,T04,positional_synthetic_v1
pos_synthetic,1173,3,O11,positional_synthetic_v1
pos_synthetic,1173,4,O02,positional_synthetic_v1
pos_synthetic,1173,5,O00,positional_synthetic_v1
pos_synthetic,1174,1,T04,positional_synthetic_v1
pos_synthetic,1174,2,O07,positional_synthetic_v1
pos_synthetic,1174,3,N07,positional_synthetic_v1
pos_synthetic,1175,1,T00,positional_synthetic_v1
pos_synthetic,1175,2,O00,positional_synthetic_v1
pos_synthetic,1175,3,O00,positional_synthetic_v1
pos_synthetic,1175,4,S00,positional_synthetic_v1
pos_synthetic,1176,1,T00,positional_synthetic_v1
pos_synthetic,1176,2,O39,positional_synthetic_v1
pos_synthetic,1176,3,O00,positional_synthetic_v1
pos_synthetic,1176,4,N04,positional_synthetic_v1
pos_synthetic,1177,1,O01,positional_synthetic_v1
pos_synthetic,1177,2,O14,positional_synthetic_v1
pos_synthetic,1177,3,S03,positional_synthetic_v1
pos_synthetic,1178,1,T06,positional_synthetic_v1
pos_synthetic,1178,2,O00,positional_synthetic_v1
pos_synthetic,1178,3,O00,positional_synthetic_v1
pos_synthetic,1178,4,O00,positional_synthetic_v1
pos_synthetic,1178,5,O05,positional_synthetic_v1
pos_synthetic,1178,6,O19,positional_synthetic_v1
pos_synthetic,1179,1,T01,positional_synthetic_v1
pos_synthetic,1179,2,O04,positional_synthetic_v1
pos_synthetic,1179,3,S02,positional_synthetic_v1
pos_synthetic,1180,1,O32,positional_synthetic_v1
pos_synthetic,1180,2,O00,positional_synthetic_v1
pos_synthetic,1180,3,O02,positional_synthetic_v1
pos_synthetic,1180,4,T00,positional_synthetic_v1
pos_synthetic,1180,5,O03,positional_synthetic_v1
pos_synthetic,1180,6,O02,positional_synthetic_v1
pos_synthetic,1180,7,O00,positional_synthetic_v1
pos_synthetic,1181,1,T01,positional_synthetic_v1
pos_synthetic,1181,2,O01,positional_synthetic_v1
pos_synthetic,1181,3,O02,positional_synthetic_v1
pos_synthetic,1181,4,O03,positional_synthetic_v1
pos_synthetic,1181,5,O00,positional_synthetic_v1
pos_synthetic,1181,6,N03,positional_synthetic_v1
pos_synthetic,1182,1,T02,positional_synthetic_v1
pos_synthetic,1182,2,O01,positional_synthetic_v1
pos_synthetic,1182,3,N00,positional_synthetic_v1
pos_synthetic,1183,1,O09,positional_synthetic_v1
pos_synthetic,1183,2,O29,positional_synthetic_v1
pos_synthetic,1183,3,O00,positional_synthetic_v1
pos_synthetic,1183,4,O01,positional_synthetic_v1
pos_synthetic,1183,5,N00,positional_synthetic_v1
pos_synthetic,1184,1,T01,positional_synthetic_v1
pos_synthetic,1184,2,O00,positional_synthetic_v1
pos_synthetic,1184,3,S01,positional_synthetic_v1
pos_synthetic,1185,1,O03,positional_synthetic_v1
pos_synthetic,1185,2,O01,positional_synthetic_v1
pos_synthetic,1185,3,O01,positional_synthetic_v1
pos_synthetic,1185,4,O03,positional_synthetic_v1
pos_synthetic,1185,5,S00,positional_synthetic_v1
pos_synthetic,1186,1,T05,positional_synthetic_v1
pos_synthetic,1186,2,O00,positional_synthetic_v1
pos_synthetic,1186,3,O07,positional_synthetic_v1
pos_synthetic,1186,4,O23,positional_synthetic_v1
pos_synthetic,1186,5,O00,positional_synthetic_v1
pos_synthetic,1186,6,S01,positional_synthetic_v1
pos_synthetic,1187,1,T05,positional_synthetic_v1
pos_synthetic,1187,2,O27,positional_synthetic_v1
pos_synthetic,1187,3,O08,positional_synthetic_v1
pos_synthetic,1188,1,T00,positional_synthetic_v1
pos_synthetic,1188,2,O05,positional_synthetic_v1
pos_synthetic,1188,3,S00,positional_synthetic_v1
pos_synthetic,1189,1,T00,positional_synthetic_v1
pos_synthetic,1189,2,O00,positional_synthetic_v1
pos_synthetic,1189,3,S00,positional_synthetic_v1
pos_synthetic,1190,1,T00,positional_synthetic_v1
pos_synthetic,1190,2,O01,positional_synthetic_v1
pos_synthetic,1190,3,O16,positional_synthetic_v1
pos_synthetic,1190,4,O08,positional_synthetic_v1
pos_synthetic,1190,5,O00,positional_synthetic_v1
pos_synthetic,1190,6,S00,positional_synthetic_v1
pos_synthetic,1191,1,T05,positional_synthetic_v1
pos_synthetic,1191,2,O03,positional_synthetic_v1
pos_synthetic,1191,3,O03,positional_synthetic_v1
pos_synthetic,1191,4,O04,positional_synthetic_v1
pos_synthetic,1191,5,O01,positional_synthetic_v1
pos_synthetic,1191,6,N03,positional_synthetic_v1
pos_synthetic,1192,1,T01,positional_synthetic_v1
pos_synthetic,1192,2,O00,positional_synthetic_v1
pos_synthetic,1192,3,O00,positional_synthetic_v1
pos_synthetic,1192,4,O03,positional_synthetic_v1
pos_synthetic,1193,1,T06,positional_synthetic_v1
pos_synthetic,1193,2,O00,positional_synthetic_v1
pos_synthetic,1193,3,O17,positional_synthetic_v1
pos_synthetic,1193,4,O09,positional_synthetic_v1
pos_synthetic,1193,5,O00,positional_synthetic_v1
pos_synthetic,1193,6,O00,positional_synthetic_v1
pos_synthetic,1193,7,S01,positional_synthetic_v1
pos_synthetic,1194,1,T00,positional_synthetic_v1
pos_synthetic,1194,2,O01,positional_synthetic_v1
pos_synthetic,1194,3,O02,positional_synthetic_v1
pos_synthetic,1194,4,O07,positional_synthetic_v1
pos_synthetic,1194,5,S00,positional_synthetic_v1
pos_synthetic,1195,1,T01,positional_synthetic_v1
pos_synthetic,1195,2,S01,positional_synthetic_v1
pos_synthetic,1195,3,O13,positional_synthetic_v1
pos_synthetic,1195,4,S02,positional_synthetic_v1
pos_synthetic,1196,1,T02,positional_synthetic_v1
pos_synthetic,1196,2,O03,positional_synthetic_v1
pos_synthetic,1196,3,O06,positional_synthetic_v1
pos_synthetic,1196,4,O01,positional_synthetic_v1
pos_synthetic,1196,5,T00,positional_synthetic_v1
pos_synthetic,1196,6,S00,positional_synthetic_v1
pos_synthetic,1197,1,O05,positional_synthetic_v1
pos_synthetic,1197,2,O01,positional_synthetic_v1
pos_synthetic,1197,3,O21,positional_synthetic_v1
pos_synthetic,1197,4,O03,positional_synthetic_v1
pos_synthetic,1197,5,O00,positional_synthetic_v1
pos_synthetic,1197,6,S01,positional_synthetic_v1
pos_synthetic,1198,1,T03,positional_synthetic_v1
pos_synthetic,1198,2,O02,positional_synthetic_v1
pos_synthetic,1198,3,O20,positional_synthetic_v1
pos_synthetic,1198,4,O00,positional_synthetic_v1
pos_synthetic,1198,5,O01,positional_synthetic_v1
pos_synthetic,1198,6,O20,positional_synthetic_v1
pos_synthetic,1198,7,S01,positional_synthetic_v1
pos_synthetic,1199,1,T04,positional_synthetic_v1
pos_synthetic,1199,2,O00,positional_synthetic_v1
pos_synthetic,1199,3,O17,positional_synthetic_v1
pos_synthetic,1199,4,S00,positional_synthetic_v1
pos_synthetic,1200,1,T00,positional_synthetic_v1
pos_synthetic,1200,2,T00,positional_synthetic_v1
pos_synthetic,1200,3,O00,positional_synthetic_v1
pos_synthetic,1200,4,N00,positional_synthetic_v1
pos_synthetic,1201,1,T00,positional_synthetic_v1
pos_synthetic,1201,2,O00,positional_synthetic_v1
pos_synthetic,1201,3,O03,positional_synthetic_v1
pos_synthetic,1201,4,S00,positional_synthetic_v1
pos_synthetic,1202,1,O08,positional_synthetic_v1
pos_synthetic,1202,2,O20,positional_synthetic_v1
pos_synthetic,1202,3,S01,positional_synthetic_v1
pos_synthetic,1202,4,O01,positional_synthetic_v1
pos_synthetic,1202,5,N03,positional_synthetic_v1
pos_synthetic,1203,1,T00,positional_synthetic_v1
pos_synthetic,1203,2,O00,positional_synthetic_v1
pos_synthetic,1203,3,T00,positional_synthetic_v1
pos_synthetic,1203,4,S00,positional_synthetic_v1
pos_synthetic,1204,1,O00,positional_synthetic_v1
pos_synthetic,1204,2,O00,positional_synthetic_v1
pos_synthetic,1204,3,O16,positional_synthetic_v1
pos_synthetic,1204,4,O04,positional_synthetic_v1
pos_synthetic,1204,5,O00,positional_synthetic_v1
pos_synthetic,1204,6,O03,positional_synthetic_v1
pos_synthetic,1204,7,N01,positional_synthetic_v1
pos_synthetic,1205,1,T02,positional_synthetic_v1
pos_synthetic,1205,2,O00,positional_synthetic_v1
pos_synthetic,1205,3,O17,positional_synthetic_v1
pos_synthetic,1205,4,O00,positional_synthetic_v1
pos_synthetic,1205,5,O06,positional_synthetic_v1
pos_synthetic,1205,6,N00,positional_synthetic_v1
pos_synthetic,1206,1,T00,positional_synthetic_v1
pos_synthetic,1206,2,O01,positional_synthetic_v1
pos_synthetic,1206,3,O03,positional_synthetic_v1
pos_synthetic,1206,4,O00,positional_synthetic_v1
pos_synthetic,1206,5,O11,positional_synthetic_v1
pos_synthetic,1206,6,O00,positional_synthetic_v1
pos_synthetic,1206,7,S02,positional_synthetic_v1
pos_synthetic,1207,1,T01,positional_synthetic_v1
pos_synthetic,1207,2,O08,positional_synthetic_v1
pos_synthetic,1207,3,O05,positional_synthetic_v1
pos_synthetic,1207,4,O01,positional_synthetic_v1
pos_synthetic,1207,5,O12,positional_synthetic_v1
pos_synthetic,1207,6,S01,positional_synthetic_v1
pos_synthetic,1208,1,T03,positional_synthetic_v1
pos_synthetic,1208,2,O01,positional_synthetic_v1
pos_synthetic,1208,3,N00,positional_synthetic_v1
pos_synthetic,1209,1,T01,positional_synthetic_v1
pos_synthetic,1209,2,O13,positional_synthetic_v1
pos_synthetic,1209,3,N06,positional_synthetic_v1
pos_synthetic,1210,1,T01,positional_synthetic_v1
pos_synthetic,1210,2,O05,positional_synthetic_v1
pos_synthetic,1210,3,S00,positional_synthetic_v1
pos_synthetic,1211,1,T00,positional_synthetic_v1
pos_synthetic,1211,2,T02,positional_synthetic_v1
pos_synthetic,1211,3,O13,positional_synthetic_v1
pos_synthetic,1211,4,O16,positional_synthetic_v1
pos_synthetic,1211,5,T00,positional_synthetic_v1
pos_synthetic,1211,6,O00,positional_synthetic_v1
pos_synthetic,1211,7,S00,positional_synthetic_v1
pos_synthetic,1212,1,O00,positional_synthetic_v1
pos_synthetic,1212,2,T03,positional_synthetic_v1
pos_synthetic,1212,3,O00,positional_synthetic_v1
pos_synthetic,1212,4,O13,positional_synthetic_v1
pos_synthetic,1212,5,N00,positional_synthetic_v1
pos_synthetic,1213,1,O04,positional_synthetic_v1
pos_synthetic,1213,2,O00,positional_synthetic_v1
pos_synthetic,1213,3,O01,positional_synthetic_v1
pos_synthetic,1213,4,T00,positional_synthetic_v1
pos_synthetic,1213,5,O30,positional_synthetic_v1
pos_synthetic,1213,6,S00,positional_synthetic_v1
pos_synthetic,1214,1,T00,positional_synthetic_v1
pos_synthetic,1214,2,O25,positional_synthetic_v1
pos_synthetic,1214,3,O01,positional_synthetic_v1
pos_synthetic,1214,4,O00,positional_synthetic_v1
pos_synthetic,1214,5,O03,positional_synthetic_v1
pos_synthetic,1214,6,O27,positional_synthetic_v1
pos_synthetic,1214,7,S00,positional_synthetic_v1
pos_synthetic,1215,1,T06,positional_synthetic_v1
pos_synthetic,1215,2,T00,positional_synthetic_v1
pos_synthetic,1215,3,S01,positional_synthetic_v1
pos_synthetic,1216,1,O16,positional_synthetic_v1
pos_synthetic,1216,2,O02,positional_synthetic_v1
pos_synthetic,1216,3,O38,positional_synthetic_v1
pos_synthetic,1216,4,S00,positional_synthetic_v1
pos_synthetic,1217,1,T07,positional_synthetic_v1
pos_synthetic,1217,2,O01,positional_synthetic_v1
pos_synthetic,1217,3,O00,positional_synthetic_v1
pos_synthetic,1217,4,O03,positional_synthetic_v1
pos_synthetic,1217,5,O00,positional_synthetic_v1
pos_synthetic,1217,6,O00,positional_synthetic_v1
pos_synthetic,1217,7,O00,positional_synthetic_v1
pos_synthetic,1218,1,T01,positional_synthetic_v1
pos_synthetic,1218,2,S02,positional_synthetic_v1
pos_synthetic,1218,3,O03,positional_synthetic_v1
pos_synthetic,1218,4,O39,positional_synthetic_v1
pos_synthetic,1219,1,T00,positional_synthetic_v1
pos_synthetic,1219,2,O00,positional_synthetic_v1
pos_synthetic,1219,3,O00,positional_synthetic_v1
pos_synthetic,1219,4,S00,positional_synthetic_v1
pos_synthetic,1220,1,T03,positional_synthetic_v1
pos_synthetic,1220,2,O21,positional_synthetic_v1
pos_synthetic,1220,3,O33,positional_synthetic_v1
pos_synthetic,1220,4,S02,positional_synthetic_v1
pos_synthetic,1221,1,T00,positional_synthetic_v1
pos_synthetic,1221,2,O00,positional_synthetic_v1
pos_synthetic,1221,3,O17,positional_synthetic_v1
pos_synthetic,1221,4,S01,positional_synthetic_v1
pos_synthetic,1221,5,S00,positional_synthetic_v1
pos_synthetic,1222,1,T00,positional_synthetic_v1
pos_synthetic,1222,2,O08,positional_synthetic_v1
pos_synthetic,1222,3,O02,positional_synthetic_v1
pos_synthetic,1222,4,O37,positional_synthetic_v1
pos_synthetic,1222,5,N00,positional_synthetic_v1
pos_synthetic,1223,1,T00,positional_synthetic_v1
pos_synthetic,1223,2,O02,positional_synthetic_v1
pos_synthetic,1223,3,O02,positional_synthetic_v1
pos_synthetic,1223,4,N00,positional_synthetic_v1
pos_synthetic,1224,1,T02,positional_synthetic_v1
pos_synthetic,1224,2,O18,positional_synthetic_v1
pos_synthetic,1224,3,O26,positional_synthetic_v1
pos_synthetic,1224,4,O12,positional_synthetic_v1
pos_synthetic,1224,5,S01,positional_synthetic_v1
pos_synthetic,1225,1,T04,positional_synthetic_v1
pos_synthetic,1225,2,O00,positional_synthetic_v1
pos_synthetic,1225,3,O01,positional_synthetic_v1
pos_synthetic,1225,4,O01,positional_synthetic_v1
pos_synthetic,1225,5,S00,positional_synthetic_v1
pos_synthetic,1226,1,T06,positional_synthetic_v1
pos_synthetic,1226,2,O01,positional_synthetic_v1
pos_synthetic,1226,3,O00,positional_synthetic_v1
pos_synthetic,1226,4,O02,positional_synthetic_v1
pos_synthetic,1226,5,O00,positional_synthetic_v1
pos_synthetic,1226,6,O00,positional_synthetic_v1
pos_synthetic,1226,7,N00,positional_synthetic_v1
pos_synthetic,1227,1,T01,positional_synthetic_v1
pos_synthetic,1227,2,O01,positional_synthetic_v1
pos_synthetic,1227,3,S02,positional_synthetic_v1
pos_synthetic,1227,4,N03,positional_synthetic_v1
pos_synthetic,1228,1,T00,positional_synthetic_v1
pos_synthetic,1228,2,O01,positional_synthetic_v1
pos_synthetic,1228,3,O01,positional_synthetic_v1
pos_synthetic,1228,4,S00,positional_synthetic_v1
pos_synthetic,1229,1,T00,positional_synthetic_v1
pos_synthetic,1229,2,O11,positional_synthetic_v1
pos_synthetic,1229,3,O02,positional_synthetic_v1
pos_synthetic,1229,4,O00,positional_synthetic_v1
pos_synthetic,1229,5,O00,positional_synthetic_v1
pos_synthetic,1229,6,S02,positional_synthetic_v1
pos_synthetic,1230,1,O07,positional_synthetic_v1
pos_synthetic,1230,2,O02,positional_synthetic_v1
pos_synthetic,1230,3,S03,positional_synthetic_v1
pos_synthetic,1231,1,T07,positional_synthetic_v1
pos_synthetic,1231,2,O00,positional_synthetic_v1
pos_synthetic,1231,3,N04,positional_synthetic_v1
pos_synthetic,1232,1,T00,positional_synthetic_v1
pos_synthetic,1232,2,O00,positional_synthetic_v1
pos_synthetic,1232,3,N02,positional_synthetic_v1
pos_synthetic,1233,1,T00,positional_synthetic_v1
pos_synthetic,1233,2,O25,positional_synthetic_v1
pos_synthetic,1233,3,O00,positional_synthetic_v1
pos_synthetic,1233,4,O02,positional_synthetic_v1
pos_synthetic,1233,5,O23,positional_synthetic_v1
pos_synthetic,1233,6,N05,positional_synthetic_v1
pos_synthetic,1234,1,T00,positional_synthetic_v1
pos_synthetic,1234,2,O01,positional_synthetic_v1
pos_synthetic,1234,3,O04,positional_synthetic_v1
pos_synthetic,1235,1,T00,positional_synthetic_v1
pos_synthetic,1235,2,O32,positional_synthetic_v1
pos_synthetic,1235,3,O23,positional_synthetic_v1
pos_synthetic,1235,4,O00,positional_synthetic_v1
pos_synthetic,1235,5,O00,positional_synthetic_v1
pos_synthetic,1235,6,O00,positional_synthetic_v1
pos_synthetic,1236,1,T05,positional_synthetic_v1
pos_synthetic,1236,2,T00,positional_synthetic_v1
pos_synthetic,1236,3,O01,positional_synthetic_v1
pos_synthetic,1236,4,O02,positional_synthetic_v1
pos_synthetic,1236,5,O04,positional_synthetic_v1
pos_synthetic,1236,6,O00,positional_synthetic_v1
pos_synthetic,1236,7,S03,positional_synthetic_v1
pos_synthetic,1237,1,O22,positional_synthetic_v1
pos_synthetic,1237,2,O10,positional_synthetic_v1
pos_synthetic,1237,3,O00,positional_synthetic_v1
pos_synthetic,1237,4,O01,positional_synthetic_v1
pos_synthetic,1237,5,S00,positional_synthetic_v1
pos_synthetic,1238,1,T05,positional_synthetic_v1
pos_synthetic,1238,2,O04,positional_synthetic_v1
pos_synthetic,1238,3,O00,positional_synthetic_v1
pos_synthetic,1239,1,T05,positional_synthetic_v1
pos_synthetic,1239,2,O30,positional_synthetic_v1
pos_synthetic,1239,3,S01,positional_synthetic_v1
pos_synthetic,1240,1,T00,positional_synthetic_v1
pos_synthetic,1240,2,O01,positional_synthetic_v1
pos_synthetic,1240,3,O00,positional_synthetic_v1
pos_synthetic,1240,4,O03,positional_synthetic_v1
pos_synthetic,1240,5,O30,positional_synthetic_v1
pos_synthetic,1240,6,O02,positional_synthetic_v1
pos_synthetic,1240,7,O00,positional_synthetic_v1
pos_synthetic,1241,1,T02,positional_synthetic_v1
pos_synthetic,1241,2,T00,positional_synthetic_v1
pos_synthetic,1241,3,O16,positional_synthetic_v1
pos_synthetic,1241,4,O01,positional_synthetic_v1
pos_synthetic,1241,5,O00,positional_synthetic_v1
pos_synthetic,1241,6,N00,positional_synthetic_v1
pos_synthetic,1242,1,T03,positional_synthetic_v1
pos_synthetic,1242,2,O00,positional_synthetic_v1
pos_synthetic,1242,3,O09,positional_synthetic_v1
pos_synthetic,1242,4,O00,positional_synthetic_v1
pos_synthetic,1242,5,O01,positional_synthetic_v1
pos_synthetic,1242,6,S03,positional_synthetic_v1
pos_synthetic,1243,1,T06,positional_synthetic_v1
pos_synthetic,1243,2,O00,positional_synthetic_v1
pos_synthetic,1243,3,O01,positional_synthetic_v1
pos_synthetic,1243,4,O00,positional_synthetic_v1
pos_synthetic,1243,5,O02,positional_synthetic_v1
pos_synthetic,1243,6,N01,positional_synthetic_v1
pos_synthetic,1244,1,O21,positional_synthetic_v1
pos_synthetic,1244,2,O25,positional_synthetic_v1
pos_synthetic,1244,3,O01,positional_synthetic_v1
pos_synthetic,1244,4,O02,positional_synthetic_v1
pos_synthetic,1244,5,O20,positional_synthetic_v1
pos_synthetic,1244,6,O12,positional_synthetic_v1
pos_synthetic,1244,7,S00,positional_synthetic_v1
pos_synthetic,1245,1,T00,positional_synthetic_v1
pos_synthetic,1245,2,O00,positional_synthetic_v1
pos_synthetic,1245,3,O00,positional_synthetic_v1
pos_synthetic,1245,4,S01,positional_synthetic_v1
pos_synthetic,1246,1,T00,positional_synthetic_v1
pos_synthetic,1246,2,O00,positional_synthetic_v1
pos_synthetic,1246,3,N00,positional_synthetic_v1
pos_synthetic,1247,1,T03,positional_synthetic_v1
pos_synthetic,1247,2,O15,positional_synthetic_v1
pos_synthetic,1247,3,O02,positional_synthetic_v1
pos_synthetic,1247,4,O01,positional_synthetic_v1
pos_synthetic,1247,5,N07,positional_synthetic_v1
pos_synthetic,1248,1,T00,positional_synthetic_v1
pos_synthetic,1248,2,O00,positional_synthetic_v1
pos_synthetic,1248,3,O00,positional_synthetic_v1
pos_synthetic,1248,4,O00,positional_synthetic_v1
pos_synthetic,1248,5,O01,positional_synthetic_v1
pos_synthetic,1248,6,S01,positional_synthetic_v1
pos_synthetic,1249,1,T00,positional_synthetic_v1
pos_synthetic,1249,2,T06,positional_synthetic_v1
pos_synthetic,1249,3,O00,positional_synthetic_v1
pos_synthetic,1249,4,N00,positional_synthetic_v1
pos_synthetic,1250,1,O03,positional_synthetic_v1
pos_synthetic,1250,2,O04,positional_synthetic_v1
pos_synthetic,1250,3,O00,positional_synthetic_v1
pos_synthetic,1250,4,O01,positional_synthetic_v1
pos_synthetic,1250,5,O05,positional_synthetic_v1
pos_synthetic,1250,6,S01,positional_synthetic_v1
pos_synthetic,1251,1,T00,positional_synthetic_v1
pos_synthetic,1251,2,O00,positional_synthetic_v1
pos_synthetic,1251,3,O01,positional_synthetic_v1
pos_synthetic,1251,4,S03,positional_synthetic_v1
pos_synthetic,1252,1,T01,positional_synthetic_v1
pos_synthetic,1252,2,O01,positional_synthetic_v1
pos_synthetic,1252,3,O09,positional_synthetic_v1
pos_synthetic,1252,4,S00,positional_synthetic_v1
pos_synthetic,1253,1,T04,positional_synthetic_v1
pos_synthetic,1253,2,O17,positional_synthetic_v1
pos_synthetic,1253,3,O06,positional_synthetic_v1
pos_synthetic,1253,4,O00,positional_synthetic_v1
pos_synthetic,1253,5,O03,positional_synthetic_v1
pos_synthetic,1253,6,O09,positional_synthetic_v1
pos_synthetic,1253,7,S00,positional_synthetic_v1
pos_synthetic,1254,1,O18,positional_synthetic_v1
pos_synthetic,1254,2,O00,positional_synthetic_v1
pos_synthetic,1254,3,O09,positional_synthetic_v1
pos_synthetic,1254,4,S00,positional_synthetic_v1
pos_synthetic,1255,1,T00,positional_synthetic_v1
pos_synthetic,1255,2,O13,positional_synthetic_v1
pos_synthetic,1255,3,O01,positional_synthetic_v1
pos_synthetic,1255,4,O03,positional_synthetic_v1
pos_synthetic,1255,5,O06,positional_synthetic_v1
pos_synthetic,1255,6,S03,positional_synthetic_v1
pos_synthetic,1256,1,T01,positional_synthetic_v1
pos_synthetic,1256,2,O01,positional_synthetic_v1
pos_synthetic,1256,3,S01,positional_synthetic_v1
pos_synthetic,1257,1,T00,positional_synthetic_v1
pos_synthetic,1257,2,O00,positional_synthetic_v1
pos_synthetic,1257,3,O15,positional_synthetic_v1
pos_synthetic,1257,4,T00,positional_synthetic_v1
pos_synthetic,1257,5,O05,positional_synthetic_v1
pos_synthetic,1257,6,S00,positional_synthetic_v1
pos_synthetic,1258,1,O04,positional_synthetic_v1
pos_synthetic,1258,2,O00,positional_synthetic_v1
pos_synthetic,1258,3,O01,positional_synthetic_v1
pos_synthetic,1258,4,O03,positional_synthetic_v1
pos_synthetic,1258,5,S01,positional_synthetic_v1
pos_synthetic,1259,1,T04,positional_synthetic_v1
pos_synthetic,1259,2,O10,positional_synthetic_v1
pos_synthetic,1259,3,S00,positional_synthetic_v1
pos_synthetic,1260,1,T01,positional_synthetic_v1
pos_synthetic,1260,2,O26,positional_synthetic_v1
pos_synthetic,1260,3,O14,positional_synthetic_v1
pos_synthetic,1260,4,O15,positional_synthetic_v1
pos_synthetic,1260,5,N00,positional_synthetic_v1
pos_synthetic,1261,1,T01,positional_synthetic_v1
pos_synthetic,1261,2,O02,positional_synthetic_v1
pos_synthetic,1261,3,O00,positional_synthetic_v1
pos_synthetic,1261,4,N00,positional_synthetic_v1
pos_synthetic,1262,1,T06,positional_synthetic_v1
pos_synthetic,1262,2,O00,positional_synthetic_v1
pos_synthetic,1262,3,S00,positional_synthetic_v1
pos_synthetic,1263,1,O25,positional_synthetic_v1
pos_synthetic,1263,2,S01,positional_synthetic_v1
pos_synthetic,1263,3,O05,positional_synthetic_v1
pos_synthetic,1263,4,O22,positional_synthetic_v1
pos_synthetic,1263,5,O01,positional_synthetic_v1
pos_synthetic,1263,6,S00,positional_synthetic_v1
pos_synthetic,1264,1,T00,positional_synthetic_v1
pos_synthetic,1264,2,O14,positional_synthetic_v1
pos_synthetic,1264,3,O09,positional_synthetic_v1
pos_synthetic,1264,4,N00,positional_synthetic_v1
pos_synthetic,1265,1,O01,positional_synthetic_v1
pos_synthetic,1265,2,O03,positional_synthetic_v1
pos_synthetic,1265,3,O00,positional_synthetic_v1
pos_synthetic,1265,4,O00,positional_synthetic_v1
pos_synthetic,1265,5,O00,positional_synthetic_v1
pos_synthetic,1265,6,S00,positional_synthetic_v1
pos_synthetic,1265,7,N03,positional_synthetic_v1
pos_synthetic,1266,1,T00,positional_synthetic_v1
pos_synthetic,1266,2,O00,positional_synthetic_v1
pos_synthetic,1266,3,O02,positional_synthetic_v1
pos_synthetic,1266,4,O17,positional_synthetic_v1
pos_synthetic,1266,5,O00,positional_synthetic_v1
pos_synthetic,1266,6,O00,positional_synthetic_v1
pos_synthetic,1266,7,N00,positional_synthetic_v1
pos_synthetic,1267,1,T03,positional_synthetic_v1
pos_synthetic,1267,2,O03,positional_synthetic_v1
pos_synthetic,1267,3,O12,positional_synthetic_v1
pos_synthetic,1267,4,O30,positional_synthetic_v1
pos_synthetic,1268,1,T03,positional_synthetic_v1
pos_synthetic,1268,2,O04,positional_synthetic_v1
pos_synthetic,1268,3,O02,positional_synthetic_v1
pos_synthetic,1268,4,N00,positional_synthetic_v1
pos_synthetic,1269,1,T07,positional_synthetic_v1
pos_synthetic,1269,2,O01,positional_synthetic_v1
pos_synthetic,1269,3,O00,positional_synthetic_v1
pos_synthetic,1269,4,N02,positional_synthetic_v1
pos_synthetic,1270,1,T00,positional_synthetic_v1
pos_synthetic,1270,2,O03,positional_synthetic_v1
pos_synthetic,1270,3,O03,positional_synthetic_v1
pos_synthetic,1270,4,O01,positional_synthetic_v1
pos_synthetic,1270,5,O14,positional_synthetic_v1
pos_synthetic,1270,6,O00,positional_synthetic_v1
pos_synthetic,1270,7,S01,positional_synthetic_v1
pos_synthetic,1271,1,T02,positional_synthetic_v1
pos_synthetic,1271,2,O10,positional_synthetic_v1
pos_synthetic,1271,3,N00,positional_synthetic_v1
pos_synthetic,1272,1,O05,positional_synthetic_v1
pos_synthetic,1272,2,O00,positional_synthetic_v1
pos_synthetic,1272,3,O25,positional_synthetic_v1
pos_synthetic,1272,4,O01,positional_synthetic_v1
pos_synthetic,1272,5,N02,positional_synthetic_v1
pos_synthetic,1273,1,T00,positional_synthetic_v1
pos_synthetic,1273,2,O00,positional_synthetic_v1
pos_synthetic,1273,3,O02,positional_synthetic_v1
pos_synthetic,1273,4,O18,positional_synthetic_v1
pos_synthetic,1273,5,O02,positional_synthetic_v1
pos_synthetic,1273,6,O25,positional_synthetic_v1
pos_synthetic,1273,7,S00,positional_synthetic_v1
pos_synthetic,1274,1,T00,positional_synthetic_v1
pos_synthetic,1274,2,O11,positional_synthetic_v1
pos_synthetic,1274,3,O00,positional_synthetic_v1
pos_synthetic,1274,4,N05,positional_synthetic_v1
pos_synthetic,1275,1,T05,positional_synthetic_v1
pos_synthetic,1275,2,O27,positional_synthetic_v1
pos_synthetic,1275,3,O02,positional_synthetic_v1
pos_synthetic,1275,4,O06,positional_synthetic_v1
pos_synthetic,1275,5,N03,positional_synthetic_v1
pos_synthetic,1276,1,T00,positional_synthetic_v1
pos_synthetic,1276,2,O04,positional_synthetic_v1
pos_synthetic,1276,3,O00,positional_synthetic_v1
pos_synthetic,1276,4,O02,positional_synthetic_v1
pos_synthetic,1276,5,O00,positional_synthetic_v1
pos_synthetic,1276,6,O00,positional_synthetic_v1
pos_synthetic,1276,7,N00,positional_synthetic_v1
pos_synthetic,1277,1,T01,positional_synthetic_v1
pos_synthetic,1277,2,O04,positional_synthetic_v1
pos_synthetic,1277,3,O00,positional_synthetic_v1
pos_synthetic,1277,4,S00,positional_synthetic_v1
pos_synthetic,1278,1,T01,positional_synthetic_v1
pos_synthetic,1278,2,O05,positional_synthetic_v1
pos_synthetic,1278,3,O03,positional_synthetic_v1
pos_synthetic,1278,4,O08,positional_synthetic_v1
pos_synthetic,1278,5,O01,positional_synthetic_v1
pos_synthetic,1278,6,S00,positional_synthetic_v1
pos_synthetic,1279,1,T01,positional_synthetic_v1
pos_synthetic,1279,2,O05,positional_synthetic_v1
pos_synthetic,1279,3,O00,positional_synthetic_v1
pos_synthetic,1279,4,S01,positional_synthetic_v1
pos_synthetic,1280,1,O00,positional_synthetic_v1
pos_synthetic,1280,2,O00,positional_synthetic_v1
pos_synthetic,1280,3,O00,positional_synthetic_v1
pos_synthetic,1280,4,S01,positional_synthetic_v1
pos_synthetic,1281,1,T00,positional_synthetic_v1
pos_synthetic,1281,2,O01,positional_synthetic_v1
pos_synthetic,1281,3,O04,positional_synthetic_v1
pos_synthetic,1281,4,O14,positional_synthetic_v1
pos_synthetic,1281,5,O00,positional_synthetic_v1
pos_synthetic,1281,6,N00,positional_synthetic_v1
pos_synthetic,1282,1,T05,positional_synthetic_v1
pos_synthetic,1282,2,O00,positional_synthetic_v1
pos_synthetic,1282,3,O00,positional_synthetic_v1
pos_synthetic,1282,4,T06,positional_synthetic_v1
pos_synthetic,1282,5,O04,positional_synthetic_v1
pos_synthetic,1282,6,O00,positional_synthetic_v1
pos_synthetic,1282,7,N00,positional_synthetic_v1
pos_synthetic,1283,1,T00,positional_synthetic_v1
pos_synthetic,1283,2,O00,positional_synthetic_v1
pos_synthetic,1283,3,T05,positional_synthetic_v1
pos_synthetic,1283,4,O01,positional_synthetic_v1
pos_synthetic,1283,5,S03,positional_synthetic_v1
pos_synthetic,1284,1,O01,positional_synthetic_v1
pos_synthetic,1284,2,O00,positional_synthetic_v1
pos_synthetic,1284,3,O02,positional_synthetic_v1
pos_synthetic,1284,4,O22,positional_synthetic_v1
pos_synthetic,1284,5,O12,positional_synthetic_v1
pos_synthetic,1285,1,T00,positional_synthetic_v1
pos_synthetic,1285,2,O06,positional_synthetic_v1
pos_synthetic,1285,3,S01,positional_synthetic_v1
pos_synthetic,1285,4,O22,positional_synthetic_v1
pos_synthetic,1285,5,S01,positional_synthetic_v1
pos_synthetic,1286,1,T05,positional_synthetic_v1
pos_synthetic,1286,2,O01,positional_synthetic_v1
pos_synthetic,1286,3,N01,positional_synthetic_v1
pos_synthetic,1287,1,T00,positional_synthetic_v1
pos_synthetic,1287,2,O00,positional_synthetic_v1
pos_synthetic,1287,3,O01,positional_synthetic_v1
pos_synthetic,1287,4,S00,positional_synthetic_v1
pos_synthetic,1288,1,T01,positional_synthetic_v1
pos_synthetic,1288,2,O05,positional_synthetic_v1
pos_synthetic,1288,3,O00,positional_synthetic_v1
pos_synthetic,1288,4,O02,positional_synthetic_v1
pos_synthetic,1288,5,S02,positional_synthetic_v1
pos_synthetic,1289,1,O04,positional_synthetic_v1
pos_synthetic,1289,2,O05,positional_synthetic_v1
pos_synthetic,1289,3,O00,positional_synthetic_v1
pos_synthetic,1289,4,S00,positional_synthetic_v1
pos_synthetic,1290,1,T03,positional_synthetic_v1
pos_synthetic,1290,2,O00,positional_synthetic_v1
pos_synthetic,1290,3,O25,positional_synthetic_v1
pos_synthetic,1290,4,O07,positional_synthetic_v1
pos_synthetic,1290,5,S00,positional_synthetic_v1
pos_synthetic,1291,1,T01,positional_synthetic_v1
pos_synthetic,1291,2,O04,positional_synthetic_v1
pos_synthetic,1291,3,O10,positional_synthetic_v1
pos_synthetic,1291,4,O00,positional_synthetic_v1
pos_synthetic,1291,5,O31,positional_synthetic_v1
pos_synthetic,1291,6,O19,positional_synthetic_v1
pos_synthetic,1291,7,N00,positional_synthetic_v1
pos_synthetic,1292,1,O13,positional_synthetic_v1
pos_synthetic,1292,2,O02,positional_synthetic_v1
pos_synthetic,1292,3,O02,positional_synthetic_v1
pos_synthetic,1292,4,O01,positional_synthetic_v1
pos_synthetic,1292,5,S01,positional_synthetic_v1
pos_synthetic,1293,1,O01,positional_synthetic_v1
pos_synthetic,1293,2,O04,positional_synthetic_v1
pos_synthetic,1293,3,S01,positional_synthetic_v1
pos_synthetic,1294,1,T00,positional_synthetic_v1
pos_synthetic,1294,2,O16,positional_synthetic_v1
pos_synthetic,1294,3,O02,positional_synthetic_v1
pos_synthetic,1294,4,S00,positional_synthetic_v1
pos_synthetic,1295,1,T01,positional_synthetic_v1
pos_synthetic,1295,2,O19,positional_synthetic_v1
pos_synthetic,1295,3,O01,positional_synthetic_v1
pos_synthetic,1295,4,O08,positional_synthetic_v1
pos_synthetic,1295,5,O00,positional_synthetic_v1
pos_synthetic,1295,6,O02,positional_synthetic_v1
pos_synthetic,1295,7,S02,positional_synthetic_v1
pos_synthetic,1296,1,T00,positional_synthetic_v1
pos_synthetic,1296,2,O02,positional_synthetic_v1
pos_synthetic,1296,3,O00,positional_synthetic_v1
pos_synthetic,1296,4,O01,positional_synthetic_v1
pos_synthetic,1296,5,O10,positional_synthetic_v1
pos_synthetic,1296,6,S00,positional_synthetic_v1
pos_synthetic,1297,1,T05,positional_synthetic_v1
pos_synthetic,1297,2,O04,positional_synthetic_v1
pos_synthetic,1297,3,O01,positional_synthetic_v1
pos_synthetic,1297,4,O02,positional_synthetic_v1
pos_synthetic,1297,5,O04,positional_synthetic_v1
pos_synthetic,1297,6,N01,positional_synthetic_v1
pos_synthetic,1298,1,T01,positional_synthetic_v1
pos_synthetic,1298,2,O02,positional_synthetic_v1
pos_synthetic,1298,3,O00,positional_synthetic_v1
pos_synthetic,1298,4,O12,positional_synthetic_v1
pos_synthetic,1298,5,O03,positional_synthetic_v1
pos_synthetic,1298,6,T00,positional_synthetic_v1
pos_synthetic,1298,7,S03,positional_synthetic_v1
pos_synthetic,1299,1,T06,positional_synthetic_v1
pos_synthetic,1299,2,O01,positional_synthetic_v1
pos_synthetic,1299,3,O00,positional_synthetic_v1
pos_synthetic,1299,4,O02,positional_synthetic_v1
pos_synthetic,1299,5,O00,positional_synthetic_v1
pos_synthetic,1299,6,O25,positional_synthetic_v1
pos_synthetic,1299,7,S00,positional_synthetic_v1
pos_synthetic,1300,1,T00,positional_synthetic_v1
pos_synthetic,1300,2,O01,positional_synthetic_v1
pos_synthetic,1300,3,O11,positional_synthetic_v1
pos_synthetic,1300,4,O02,positional_synthetic_v1
pos_synthetic,1300,5,O00,positional_synthetic_v1
pos_synthetic,1300,6,S00,positional_synthetic_v1
pos_synthetic,1301,1,T00,positional_synthetic_v1
pos_synthetic,1301,2,O04,positional_synthetic_v1
pos_synthetic,1301,3,O03,positional_synthetic_v1
pos_synthetic,1301,4,N02,positional_synthetic_v1
pos_synthetic,1302,1,T06,positional_synthetic_v1
pos_synthetic,1302,2,O22,positional_synthetic_v1
pos_synthetic,1302,3,O28,positional_synthetic_v1
pos_synthetic,1302,4,S00,positional_synthetic_v1
pos_synthetic,1302,5,O00,positional_synthetic_v1
pos_synthetic,1302,6,S02,positional_synthetic_v1
pos_synthetic,1303,1,T07,positional_synthetic_v1
pos_synthetic,1303,2,O16,positional_synthetic_v1
pos_synthetic,1303,3,T00,positional_synthetic_v1
pos_synthetic,1303,4,O28,positional_synthetic_v1
pos_synthetic,1303,5,N00,positional_synthetic_v1
pos_synthetic,1304,1,T00,positional_synthetic_v1
pos_synthetic,1304,2,O01,positional_synthetic_v1
pos_synthetic,1304,3,O00,positional_synthetic_v1
pos_synthetic,1304,4,O03,positional_synthetic_v1
pos_synthetic,1304,5,O01,positional_synthetic_v1
pos_synthetic,1304,6,N01,positional_synthetic_v1
pos_synthetic,1305,1,T01,positional_synthetic_v1
pos_synthetic,1305,2,O17,positional_synthetic_v1
pos_synthetic,1305,3,S00,positional_synthetic_v1
pos_synthetic,1306,1,T04,positional_synthetic_v1
pos_synthetic,1306,2,T05,positional_synthetic_v1
pos_synthetic,1306,3,O00,positional_synthetic_v1
pos_synthetic,1306,4,N01,positional_synthetic_v1
pos_synthetic,1307,1,T00,positional_synthetic_v1
pos_synthetic,1307,2,O00,positional_synthetic_v1
pos_synthetic,1307,3,O05,positional_synthetic_v1
pos_synthetic,1307,4,O16,positional_synthetic_v1
pos_synthetic,1307,5,O00,positional_synthetic_v1
pos_synthetic,1307,6,O12,positional_synthetic_v1
pos_synthetic,1307,7,S03,positional_synthetic_v1
pos_synthetic,1308,1,O00,positional_synthetic_v1
pos_synthetic,1308,2,O21,positional_synthetic_v1
pos_synthetic,1308,3,O01,positional_synthetic_v1
pos_synthetic,1308,4,O03,positional_synthetic_v1
pos_synthetic,1308,5,O00,positional_synthetic_v1
pos_synthetic,1308,6,N00,positional_synthetic_v1
pos_synthetic,1309,1,T02,positional_synthetic_v1
pos_synthetic,1309,2,S00,positional_synthetic_v1
pos_synthetic,1309,3,O00,positional_synthetic_v1
pos_synthetic,1309,4,O00,positional_synthetic_v1
pos_synthetic,1309,5,O05,positional_synthetic_v1
pos_synthetic,1309,6,O00,positional_synthetic_v1
pos_synthetic,1309,7,S00,positional_synthetic_v1
pos_synthetic,1310,1,T00,positional_synthetic_v1
pos_synthetic,1310,2,O01,positional_synthetic_v1
pos_synthetic,1310,3,O02,positional_synthetic_v1
pos_synthetic,1310,4,S00,positional_synthetic_v1
pos_synthetic,1310,5,N00,positional_synthetic_v1
pos_synthetic,1311,1,T06,positional_synthetic_v1
pos_synthetic,1311,2,O05,positional_synthetic_v1
pos_synthetic,1311,3,S00,positional_synthetic_v1
pos_synthetic,1312,1,T05,positional_synthetic_v1
pos_synthetic,1312,2,O00,positional_synthetic_v1
pos_synthetic,1312,3,N00,positional_synthetic_v1
pos_synthetic,1313,1,T03,positional_synthetic_v1
pos_synthetic,1313,2,O04,positional_synthetic_v1
pos_synthetic,1313,3,S00,positional_synthetic_v1
pos_synthetic,1314,1,T00,positional_synthetic_v1
pos_synthetic,1314,2,O04,positional_synthetic_v1
pos_synthetic,1314,3,O00,positional_synthetic_v1
pos_synthetic,1314,4,T01,positional_synthetic_v1
pos_synthetic,1314,5,O03,positional_synthetic_v1
pos_synthetic,1314,6,S03,positional_synthetic_v1
pos_synthetic,1315,1,T04,positional_synthetic_v1
pos_synthetic,1315,2,O07,positional_synthetic_v1
pos_synthetic,1315,3,O00,positional_synthetic_v1
pos_synthetic,1315,4,N00,positional_synthetic_v1
pos_synthetic,1316,1,T01,positional_synthetic_v1
pos_synthetic,1316,2,O00,positional_synthetic_v1
pos_synthetic,1316,3,O34,positional_synthetic_v1
pos_synthetic,1316,4,O00,positional_synthetic_v1
pos_synthetic,1316,5,N01,positional_synthetic_v1
pos_synthetic,1317,1,T00,positional_synthetic_v1
pos_synthetic,1317,2,O05,positional_synthetic_v1
pos_synthetic,1317,3,T00,positional_synthetic_v1
pos_synthetic,1317,4,O01,positional_synthetic_v1
pos_synthetic,1317,5,O00,positional_synthetic_v1
pos_synthetic,1317,6,N05,positional_synthetic_v1
pos_synthetic,1318,1,O00,positional_synthetic_v1
pos_synthetic,1318,2,O22,positional_synthetic_v1
pos_synthetic,1318,3,O14,positional_synthetic_v1
pos_synthetic,1318,4,S02,positional_synthetic_v1
pos_synthetic,1319,1,T00,positional_synthetic_v1
pos_synthetic,1319,2,O32,positional_synthetic_v1
pos_synthetic,1319,3,O02,positional_synthetic_v1
pos_synthetic,1319,4,O00,positional_synthetic_v1
pos_synthetic,1319,5,O01,positional_synthetic_v1
pos_synthetic,1319,6,O00,positional_synthetic_v1
pos_synthetic,1319,7,S00,positional_synthetic_v1
pos_synthetic,1320,1,T02,positional_synthetic_v1
pos_synthetic,1320,2,O01,positional_synthetic_v1
pos_synthetic,1320,3,O28,positional_synthetic_v1
pos_synthetic,1320,4,O00,positional_synthetic_v1
pos_synthetic,1320,5,O03,positional_synthetic_v1
pos_synthetic,1320,6,N01,positional_synthetic_v1
pos_synthetic,1321,1,T02,positional_synthetic_v1
pos_synthetic,1321,2,O00,positional_synthetic_v1
pos_synthetic,1321,3,O00,positional_synthetic_v1
pos_synthetic,1321,4,O00,positional_synthetic_v1
pos_synthetic,1321,5,O08,positional_synthetic_v1
pos_synthetic,1321,6,O00,positional_synthetic_v1
pos_synthetic,1321,7,O03,positional_synthetic_v1
pos_synthetic,1322,1,T00,positional_synthetic_v1
pos_synthetic,1322,2,O16,positional_synthetic_v1
pos_synthetic,1322,3,S00,positional_synthetic_v1
pos_synthetic,1323,1,T00,positional_synthetic_v1
pos_synthetic,1323,2,O00,positional_synthetic_v1
pos_synthetic,1323,3,S00,positional_synthetic_v1
pos_synthetic,1324,1,T02,positional_synthetic_v1
pos_synthetic,1324,2,O03,positional_synthetic_v1
pos_synthetic,1324,3,O27,positional_synthetic_v1
pos_synthetic,1324,4,O01,positional_synthetic_v1
pos_synthetic,1324,5,O06,positional_synthetic_v1
pos_synthetic,1324,6,S00,positional_synthetic_v1
pos_synthetic,1325,1,T00,positional_synthetic_v1
pos_synthetic,1325,2,O02,positional_synthetic_v1
pos_synthetic,1325,3,O02,positional_synthetic_v1
pos_synthetic,1325,4,O07,positional_synthetic_v1
pos_synthetic,1325,5,O27,positional_synthetic_v1
pos_synthetic,1325,6,O01,positional_synthetic_v1
pos_synthetic,1325,7,N00,positional_synthetic_v1
pos_synthetic,1326,1,O02,positional_synthetic_v1
pos_synthetic,1326,2,O03,positional_synthetic_v1
pos_synthetic,1326,3,O00,positional_synthetic_v1
pos_synthetic,1326,4,O09,positional_synthetic_v1
pos_synthetic,1326,5,O36,positional_synthetic_v1
pos_synthetic,1326,6,O27,positional_synthetic_v1
pos_synthetic,1326,7,N00,positional_synthetic_v1
pos_synthetic,1327,1,T05,positional_synthetic_v1
pos_synthetic,1327,2,O07,positional_synthetic_v1
pos_synthetic,1327,3,S01,positional_synthetic_v1
pos_synthetic,1328,1,T04,positional_synthetic_v1
pos_synthetic,1328,2,O02,positional_synthetic_v1
pos_synthetic,1328,3,S00,positional_synthetic_v1
pos_synthetic,1329,1,O03,positional_synthetic_v1
pos_synthetic,1329,2,O00,positional_synthetic_v1
pos_synthetic,1329,3,O21,positional_synthetic_v1
pos_synthetic,1329,4,O06,positional_synthetic_v1
pos_synthetic,1329,5,O04,positional_synthetic_v1
pos_synthetic,1329,6,S01,positional_synthetic_v1
pos_synthetic,1330,1,T00,positional_synthetic_v1
pos_synthetic,1330,2,O00,positional_synthetic_v1
pos_synthetic,1330,3,O02,positional_synthetic_v1
pos_synthetic,1330,4,S01,positional_synthetic_v1
pos_synthetic,1331,1,T00,positional_synthetic_v1
pos_synthetic,1331,2,O01,positional_synthetic_v1
pos_synthetic,1331,3,O00,positional_synthetic_v1
pos_synthetic,1331,4,O36,positional_synthetic_v1
pos_synthetic,1331,5,S01,positional_synthetic_v1
pos_synthetic,1332,1,T00,positional_synthetic_v1
pos_synthetic,1332,2,O00,positional_synthetic_v1
pos_synthetic,1332,3,O34,positional_synthetic_v1
pos_synthetic,1332,4,O00,positional_synthetic_v1
pos_synthetic,1332,5,O01,positional_synthetic_v1
pos_synthetic,1332,6,N02,positional_synthetic_v1
pos_synthetic,1333,1,T00,positional_synthetic_v1
pos_synthetic,1333,2,O12,positional_synthetic_v1
pos_synthetic,1333,3,O03,positional_synthetic_v1
pos_synthetic,1333,4,O00,positional_synthetic_v1
pos_synthetic,1333,5,O00,positional_synthetic_v1
pos_synthetic,1333,6,S02,positional_synthetic_v1
pos_synthetic,1334,1,T02,positional_synthetic_v1
pos_synthetic,1334,2,O00,positional_synthetic_v1
pos_synthetic,1334,3,O00,positional_synthetic_v1
pos_synthetic,1334,4,S01,positional_synthetic_v1
pos_synthetic,1334,5,O03,positional_synthetic_v1
pos_synthetic,1334,6,N00,positional_synthetic_v1
pos_synthetic,1335,1,T00,positional_synthetic_v1
pos_synthetic,1335,2,O00,positional_synthetic_v1
pos_synthetic,1335,3,O05,positional_synthetic_v1
pos_synthetic,1335,4,O32,positional_synthetic_v1
pos_synthetic,1335,5,O00,positional_synthetic_v1
pos_synthetic,1335,6,S00,positional_synthetic_v1
pos_synthetic,1336,1,T01,positional_synthetic_v1
pos_synthetic,1336,2,O00,positional_synthetic_v1
pos_synthetic,1336,3,O13,positional_synthetic_v1
pos_synthetic,1336,4,O02,positional_synthetic_v1
pos_synthetic,1336,5,S00,positional_synthetic_v1
pos_synthetic,1337,1,T00,positional_synthetic_v1
pos_synthetic,1337,2,O00,positional_synthetic_v1
pos_synthetic,1337,3,O07,positional_synthetic_v1
pos_synthetic,1337,4,T00,positional_synthetic_v1
pos_synthetic,1337,5,O06,positional_synthetic_v1
pos_synthetic,1337,6,S00,positional_synthetic_v1
pos_synthetic,1338,1,T01,positional_synthetic_v1
pos_synthetic,1338,2,O01,positional_synthetic_v1
pos_synthetic,1338,3,O00,positional_synthetic_v1
pos_synthetic,1338,4,O00,positional_synthetic_v1
pos_synthetic,1338,5,O05,positional_synthetic_v1
pos_synthetic,1338,6,O05,positional_synthetic_v1
pos_synthetic,1338,7,S00,positional_synthetic_v1
pos_synthetic,1339,1,O00,positional_synthetic_v1
pos_synthetic,1339,2,O00,positional_synthetic_v1
pos_synthetic,1339,3,O00,positional_synthetic_v1
pos_synthetic,1339,4,O20,positional_synthetic_v1
pos_synthetic,1339,5,O00,positional_synthetic_v1
pos_synthetic,1339,6,N00,positional_synthetic_v1
pos_synthetic,1340,1,O00,positional_synthetic_v1
pos_synthetic,1340,2,O00,positional_synthetic_v1
pos_synthetic,1340,3,O05,positional_synthetic_v1
pos_synthetic,1340,4,O00,positional_synthetic_v1
pos_synthetic,1340,5,O00,positional_synthetic_v1
pos_synthetic,1340,6,N02,positional_synthetic_v1
pos_synthetic,1341,1,T00,positional_synthetic_v1
pos_synthetic,1341,2,O07,positional_synthetic_v1
pos_synthetic,1341,3,O03,positional_synthetic_v1
pos_synthetic,1341,4,S01,positional_synthetic_v1
pos_synthetic,1342,1,O00,positional_synthetic_v1
pos_synthetic,1342,2,O03,positional_synthetic_v1
pos_synthetic,1342,3,T01,positional_synthetic_v1
pos_synthetic,1342,4,S01,positional_synthetic_v1
pos_synthetic,1343,1,T04,positional_synthetic_v1
pos_synthetic,1343,2,O39,positional_synthetic_v1
pos_synthetic,1343,3,O04,positional_synthetic_v1
pos_synthetic,1343,4,O01,positional_synthetic_v1
pos_synthetic,1343,5,S00,positional_synthetic_v1
pos_synthetic,1344,1,O02,positional_synthetic_v1
pos_synthetic,1344,2,O01,positional_synthetic_v1
pos_synthetic,1344,3,O22,positional_synthetic_v1
pos_synthetic,1344,4,O01,positional_synthetic_v1
pos_synthetic,1344,5,S00,positional_synthetic_v1
pos_synthetic,1345,1,T04,positional_synthetic_v1
pos_synthetic,1345,2,O05,positional_synthetic_v1
pos_synthetic,1345,3,O04,positional_synthetic_v1
pos_synthetic,1345,4,O01,positional_synthetic_v1
pos_synthetic,1345,5,O13,positional_synthetic_v1
pos_synthetic,1346,1,T00,positional_synthetic_v1
pos_synthetic,1346,2,O17,positional_synthetic_v1
pos_synthetic,1346,3,O02,positional_synthetic_v1
pos_synthetic,1346,4,O01,positional_synthetic_v1
pos_synthetic,1346,5,O02,positional_synthetic_v1
pos_synthetic,1346,6,N02,positional_synthetic_v1
pos_synthetic,1347,1,T00,positional_synthetic_v1
pos_synthetic,1347,2,O17,positional_synthetic_v1
pos_synthetic,1347,3,S00,positional_synthetic_v1
pos_synthetic,1348,1,O00,positional_synthetic_v1
pos_synthetic,1348,2,O01,positional_synthetic_v1
pos_synthetic,1348,3,O02,positional_synthetic_v1
pos_synthetic,1348,4,O01,positional_synthetic_v1
pos_synthetic,1348,5,T02,positional_synthetic_v1
pos_synthetic,1348,6,O01,positional_synthetic_v1
pos_synthetic,1348,7,S01,positional_synthetic_v1
pos_synthetic,1349,1,T03,positional_synthetic_v1
pos_synthetic,1349,2,O00,positional_synthetic_v1
pos_synthetic,1349,3,O01,positional_synthetic_v1
pos_synthetic,1349,4,O01,positional_synthetic_v1
pos_synthetic,1349,5,O03,positional_synthetic_v1
pos_synthetic,1349,6,S00,positional_synthetic_v1
pos_synthetic,1350,1,T00,positional_synthetic_v1
pos_synthetic,1350,2,O15,positional_synthetic_v1
pos_synthetic,1350,3,O00,positional_synthetic_v1
pos_synthetic,1350,4,O05,positional_synthetic_v1
pos_synthetic,1350,5,O03,positional_synthetic_v1
pos_synthetic,1350,6,N04,positional_synthetic_v1
pos_synthetic,1351,1,T00,positional_synthetic_v1
pos_synthetic,1351,2,T00,positional_synthetic_v1
pos_synthetic,1351,3,O03,positional_synthetic_v1
pos_synthetic,1351,4,T06,positional_synthetic_v1
pos_synthetic,1351,5,T00,positional_synthetic_v1
pos_synthetic,1351,6,N00,positional_synthetic_v1
pos_synthetic,1352,1,O04,positional_synthetic_v1
pos_synthetic,1352,2,O25,positional_synthetic_v1
pos_synthetic,1352,3,O14,positional_synthetic_v1
pos_synthetic,1352,4,O38,positional_synthetic_v1
pos_synthetic,1352,5,O00,positional_synthetic_v1
pos_synthetic,1352,6,O00,positional_synthetic_v1
pos_synthetic,1352,7,S02,positional_synthetic_v1
pos_synthetic,1353,1,O00,positional_synthetic_v1
pos_synthetic,1353,2,O00,positional_synthetic_v1
pos_synthetic,1353,3,O10,positional_synthetic_v1
pos_synthetic,1353,4,O00,positional_synthetic_v1
pos_synthetic,1353,5,O01,positional_synthetic_v1
pos_synthetic,1353,6,S01,positional_synthetic_v1
pos_synthetic,1354,1,T02,positional_synthetic_v1
pos_synthetic,1354,2,O01,positional_synthetic_v1
pos_synthetic,1354,3,O04,positional_synthetic_v1
pos_synthetic,1354,4,O03,positional_synthetic_v1
pos_synthetic,1354,5,N01,positional_synthetic_v1
pos_synthetic,1355,1,O05,positional_synthetic_v1
pos_synthetic,1355,2,O00,positional_synthetic_v1
pos_synthetic,1355,3,O00,positional_synthetic_v1
pos_synthetic,1355,4,O00,positional_synthetic_v1
pos_synthetic,1355,5,O00,positional_synthetic_v1
pos_synthetic,1355,6,S02,positional_synthetic_v1
pos_synthetic,1356,1,T02,positional_synthetic_v1
pos_synthetic,1356,2,O11,positional_synthetic_v1
pos_synthetic,1356,3,O01,positional_synthetic_v1
pos_synthetic,1356,4,O01,positional_synthetic_v1
pos_synthetic,1356,5,O01,positional_synthetic_v1
pos_synthetic,1356,6,O00,positional_synthetic_v1
pos_synthetic,1357,1,T00,positional_synthetic_v1
pos_synthetic,1357,2,O04,positional_synthetic_v1
pos_synthetic,1357,3,N07,positional_synthetic_v1
pos_synthetic,1358,1,T00,positional_synthetic_v1
pos_synthetic,1358,2,O00,positional_synthetic_v1
pos_synthetic,1358,3,O10,positional_synthetic_v1
pos_synthetic,1358,4,O00,positional_synthetic_v1
pos_synthetic,1358,5,O13,positional_synthetic_v1
pos_synthetic,1359,1,T02,positional_synthetic_v1
pos_synthetic,1359,2,O27,positional_synthetic_v1
pos_synthetic,1359,3,O01,positional_synthetic_v1
pos_synthetic,1359,4,O05,positional_synthetic_v1
pos_synthetic,1359,5,O02,positional_synthetic_v1
pos_synthetic,1359,6,N02,positional_synthetic_v1
pos_synthetic,1360,1,T01,positional_synthetic_v1
pos_synthetic,1360,2,O00,positional_synthetic_v1
pos_synthetic,1360,3,S01,positional_synthetic_v1
pos_synthetic,1361,1,O12,positional_synthetic_v1
pos_synthetic,1361,2,O08,positional_synthetic_v1
pos_synthetic,1361,3,O05,positional_synthetic_v1
pos_synthetic,1361,4,O00,positional_synthetic_v1
pos_synthetic,1361,5,S00,positional_synthetic_v1
pos_synthetic,1362,1,T05,positional_synthetic_v1
pos_synthetic,1362,2,O23,positional_synthetic_v1
pos_synthetic,1362,3,O00,positional_synthetic_v1
pos_synthetic,1362,4,O13,positional_synthetic_v1
pos_synthetic,1362,5,O00,positional_synthetic_v1
pos_synthetic,1362,6,N00,positional_synthetic_v1
pos_synthetic,1363,1,O03,positional_synthetic_v1
pos_synthetic,1363,2,O00,positional_synthetic_v1
pos_synthetic,1363,3,T03,positional_synthetic_v1
pos_synthetic,1363,4,O00,positional_synthetic_v1
pos_synthetic,1363,5,O00,positional_synthetic_v1
pos_synthetic,1363,6,S01,positional_synthetic_v1
pos_synthetic,1364,1,O23,positional_synthetic_v1
pos_synthetic,1364,2,O07,positional_synthetic_v1
pos_synthetic,1364,3,O06,positional_synthetic_v1
pos_synthetic,1364,4,O01,positional_synthetic_v1
pos_synthetic,1364,5,N00,positional_synthetic_v1
pos_synthetic,1365,1,T00,positional_synthetic_v1
pos_synthetic,1365,2,T01,positional_synthetic_v1
pos_synthetic,1365,3,N02,positional_synthetic_v1
pos_synthetic,1366,1,T00,positional_synthetic_v1
pos_synthetic,1366,2,O08,positional_synthetic_v1
pos_synthetic,1366,3,O02,positional_synthetic_v1
pos_synthetic,1366,4,S00,positional_synthetic_v1
pos_synthetic,1367,1,T04,positional_synthetic_v1
pos_synthetic,1367,2,O07,positional_synthetic_v1
pos_synthetic,1367,3,S00,positional_synthetic_v1
pos_synthetic,1368,1,T07,positional_synthetic_v1
pos_synthetic,1368,2,O00,positional_synthetic_v1
pos_synthetic,1368,3,N00,positional_synthetic_v1
pos_synthetic,1369,1,T07,positional_synthetic_v1
pos_synthetic,1369,2,O00,positional_synthetic_v1
pos_synthetic,1369,3,O05,positional_synthetic_v1
pos_synthetic,1369,4,O00,positional_synthetic_v1
pos_synthetic,1369,5,O03,positional_synthetic_v1
pos_synthetic,1369,6,O21,positional_synthetic_v1
pos_synthetic,1370,1,T00,positional_synthetic_v1
pos_synthetic,1370,2,O05,positional_synthetic_v1
pos_synthetic,1370,3,O00,positional_synthetic_v1
pos_synthetic,1370,4,O04,positional_synthetic_v1
pos_synthetic,1370,5,O01,positional_synthetic_v1
pos_synthetic,1370,6,S00,positional_synthetic_v1
pos_synthetic,1371,1,T00,positional_synthetic_v1
pos_synthetic,1371,2,O21,positional_synthetic_v1
pos_synthetic,1371,3,O01,positional_synthetic_v1
pos_synthetic,1371,4,O00,positional_synthetic_v1
pos_synthetic,1371,5,O02,positional_synthetic_v1
pos_synthetic,1371,6,N00,positional_synthetic_v1
pos_synthetic,1372,1,O08,positional_synthetic_v1
pos_synthetic,1372,2,O32,positional_synthetic_v1
pos_synthetic,1372,3,O01,positional_synthetic_v1
pos_synthetic,1372,4,O16,positional_synthetic_v1
pos_synthetic,1372,5,S00,positional_synthetic_v1
pos_synthetic,1373,1,T02,positional_synthetic_v1
pos_synthetic,1373,2,O02,positional_synthetic_v1
pos_synthetic,1373,3,O05,positional_synthetic_v1
pos_synthetic,1373,4,O19,positional_synthetic_v1
pos_synthetic,1373,5,O01,positional_synthetic_v1
pos_synthetic,1373,6,S01,positional_synthetic_v1
pos_synthetic,1374,1,T01,positional_synthetic_v1
pos_synthetic,1374,2,O04,positional_synthetic_v1
pos_synthetic,1374,3,O01,positional_synthetic_v1
pos_synthetic,1374,4,O35,positional_synthetic_v1
pos_synthetic,1374,5,S00,positional_synthetic_v1
pos_synthetic,1375,1,T00,positional_synthetic_v1
pos_synthetic,1375,2,O04,positional_synthetic_v1
pos_synthetic,1375,3,T00,positional_synthetic_v1
pos_synthetic,1375,4,O00,positional_synthetic_v1
pos_synthetic,1375,5,N01,positional_synthetic_v1
pos_synthetic,1376,1,T00,positional_synthetic_v1
pos_synthetic,1376,2,O01,positional_synthetic_v1
pos_synthetic,1376,3,O00,positional_synthetic_v1
pos_synthetic,1376,4,S01,positional_synthetic_v1
pos_synthetic,1377,1,T01,positional_synthetic_v1
pos_synthetic,1377,2,O00,positional_synthetic_v1
pos_synthetic,1377,3,O01,positional_synthetic_v1
pos_synthetic,1377,4,O04,positional_synthetic_v1
pos_synthetic,1377,5,N00,positional_synthetic_v1
pos_synthetic,1378,1,T00,positional_synthetic_v1
pos_synthetic,1378,2,O00,positional_synthetic_v1
pos_synthetic,1378,3,O12,positional_synthetic_v1
pos_synthetic,1378,4,O09,positional_synthetic_v1
pos_synthetic,1378,5,O09,positional_synthetic_v1
pos_synthetic,1378,6,S01,positional_synthetic_v1
pos_synthetic,1379,1,T01,positional_synthetic_v1
pos_synthetic,1379,2,O05,positional_synthetic_v1
pos_synthetic,1379,3,S01,positional_synthetic_v1
pos_synthetic,1380,1,T03,positional_synthetic_v1
pos_synthetic,1380,2,O02,positional_synthetic_v1
pos_synthetic,1380,3,O01,positional_synthetic_v1
pos_synthetic,1381,1,T00,positional_synthetic_v1
pos_synthetic,1381,2,O05,positional_synthetic_v1
pos_synthetic,1381,3,O06,positional_synthetic_v1
pos_synthetic,1381,4,O17,positional_synthetic_v1
pos_synthetic,1381,5,O01,positional_synthetic_v1
pos_synthetic,1381,6,N03,positional_synthetic_v1
pos_synthetic,1382,1,T01,positional_synthetic_v1
pos_synthetic,1382,2,O18,positional_synthetic_v1
pos_synthetic,1382,3,S00,positional_synthetic_v1
pos_synthetic,1383,1,T01,positional_synthetic_v1
pos_synthetic,1383,2,O08,positional_synthetic_v1
pos_synthetic,1383,3,O31,positional_synthetic_v1
pos_synthetic,1383,4,O00,positional_synthetic_v1
pos_synthetic,1383,5,S03,positional_synthetic_v1
pos_synthetic,1384,1,T01,positional_synthetic_v1
pos_synthetic,1384,2,O04,positional_synthetic_v1
pos_synthetic,1384,3,O02,positional_synthetic_v1
pos_synthetic,1384,4,O00,positional_synthetic_v1
pos_synthetic,1384,5,O09,positional_synthetic_v1
pos_synthetic,1384,6,S00,positional_synthetic_v1
pos_synthetic,1385,1,T00,positional_synthetic_v1
pos_synthetic,1385,2,O14,positional_synthetic_v1
pos_synthetic,1385,3,O00,positional_synthetic_v1
pos_synthetic,1386,1,T05,positional_synthetic_v1
pos_synthetic,1386,2,O00,positional_synthetic_v1
pos_synthetic,1386,3,O04,positional_synthetic_v1
pos_synthetic,1386,4,N06,positional_synthetic_v1
pos_synthetic,1387,1,O06,positional_synthetic_v1
pos_synthetic,1387,2,O01,positional_synthetic_v1
pos_synthetic,1387,3,N02,positional_synthetic_v1
pos_synthetic,1388,1,T00,positional_synthetic_v1
pos_synthetic,1388,2,O00,positional_synthetic_v1
pos_synthetic,1388,3,N07,positional_synthetic_v1
pos_synthetic,1389,1,T03,positional_synthetic_v1
pos_synthetic,1389,2,O05,positional_synthetic_v1
pos_synthetic,1389,3,O01,positional_synthetic_v1
pos_synthetic,1389,4,O00,positional_synthetic_v1
pos_synthetic,1389,5,O00,positional_synthetic_v1
pos_synthetic,1389,6,O03,positional_synthetic_v1
pos_synthetic,1390,1,T03,positional_synthetic_v1
pos_synthetic,1390,2,O03,positional_synthetic_v1
pos_synthetic,1390,3,O14,positional_synthetic_v1
pos_synthetic,1390,4,O00,positional_synthetic_v1
pos_synthetic,1390,5,O01,positional_synthetic_v1
pos_synthetic,1390,6,S00,positional_synthetic_v1
pos_synthetic,1391,1,T00,positional_synthetic_v1
pos_synthetic,1391,2,O29,positional_synthetic_v1
pos_synthetic,1391,3,O00,positional_synthetic_v1
pos_synthetic,1391,4,O24,positional_synthetic_v1
pos_synthetic,1391,5,O01,positional_synthetic_v1
pos_synthetic,1391,6,O36,positional_synthetic_v1
pos_synthetic,1392,1,T01,positional_synthetic_v1
pos_synthetic,1392,2,S03,positional_synthetic_v1
pos_synthetic,1392,3,O00,positional_synthetic_v1
pos_synthetic,1392,4,N03,positional_synthetic_v1
pos_synthetic,1393,1,O21,positional_synthetic_v1
pos_synthetic,1393,2,O00,positional_synthetic_v1
pos_synthetic,1393,3,O00,positional_synthetic_v1
pos_synthetic,1393,4,O01,positional_synthetic_v1
pos_synthetic,1393,5,O25,positional_synthetic_v1
pos_synthetic,1393,6,N01,positional_synthetic_v1
pos_synthetic,1394,1,T01,positional_synthetic_v1
pos_synthetic,1394,2,O00,positional_synthetic_v1
pos_synthetic,1394,3,O00,positional_synthetic_v1
pos_synthetic,1394,4,O12,positional_synthetic_v1
pos_synthetic,1394,5,N00,positional_synthetic_v1
pos_synthetic,1395,1,O04,positional_synthetic_v1
pos_synthetic,1395,2,O23,positional_synthetic_v1
pos_synthetic,1395,3,O00,positional_synthetic_v1
pos_synthetic,1395,4,O05,positional_synthetic_v1
pos_synthetic,1395,5,O00,positional_synthetic_v1
pos_synthetic,1395,6,S00,positional_synthetic_v1
pos_synthetic,1396,1,O08,positional_synthetic_v1
pos_synthetic,1396,2,O00,positional_synthetic_v1
pos_synthetic,1396,3,O02,positional_synthetic_v1
pos_synthetic,1396,4,O04,positional_synthetic_v1
pos_synthetic,1396,5,S01,positional_synthetic_v1
pos_synthetic,1397,1,O00,positional_synthetic_v1
pos_synthetic,1397,2,O05,positional_synthetic_v1
pos_synthetic,1397,3,N00,positional_synthetic_v1
pos_synthetic,1398,1,T02,positional_synthetic_v1
pos_synthetic,1398,2,O00,positional_synthetic_v1
pos_synthetic,1398,3,O01,positional_synthetic_v1
pos_synthetic,1398,4,O00,positional_synthetic_v1
pos_synthetic,1398,5,O08,positional_synthetic_v1
pos_synthetic,1398,6,S02,positional_synthetic_v1
pos_synthetic,1399,1,T05,positional_synthetic_v1
pos_synthetic,1399,2,O00,positional_synthetic_v1
pos_synthetic,1399,3,O04,positional_synthetic_v1
pos_synthetic,1399,4,O00,positional_synthetic_v1
pos_synthetic,1399,5,S01,positional_synthetic_v1
pos_synthetic,1400,1,T02,positional_synthetic_v1
pos_synthetic,1400,2,O04,positional_synthetic_v1
pos_synthetic,1400,3,O00,positional_synthetic_v1
pos_synthetic,1400,4,O01,positional_synthetic_v1
pos_synthetic,1400,5,S01,positional_synthetic_v1
pos_synthetic,1401,1,T01,positional_synthetic_v1
pos_synthetic,1401,2,O07,positional_synthetic_v1
pos_synthetic,1401,3,S00,positional_synthetic_v1
pos_synthetic,1402,1,T00,positional_synthetic_v1
pos_synthetic,1402,2,O00,positional_synthetic_v1
pos_synthetic,1402,3,S02,positional_synthetic_v1
pos_synthetic,1403,1,T05,positional_synthetic_v1
pos_synthetic,1403,2,O02,positional_synthetic_v1
pos_synthetic,1403,3,O02,positional_synthetic_v1
pos_synthetic,1403,4,O00,positional_synthetic_v1
pos_synthetic,1403,5,O18,positional_synthetic_v1
pos_synthetic,1403,6,O00,positional_synthetic_v1
pos_synthetic,1403,7,S00,positional_synthetic_v1
pos_synthetic,1404,1,T00,positional_synthetic_v1
pos_synthetic,1404,2,O24,positional_synthetic_v1
pos_synthetic,1404,3,O00,positional_synthetic_v1
pos_synthetic,1404,4,S01,positional_synthetic_v1
pos_synthetic,1405,1,O00,positional_synthetic_v1
pos_synthetic,1405,2,O01,positional_synthetic_v1
pos_synthetic,1405,3,O05,positional_synthetic_v1
pos_synthetic,1405,4,O07,positional_synthetic_v1
pos_synthetic,1405,5,O00,positional_synthetic_v1
pos_synthetic,1405,6,O26,positional_synthetic_v1
pos_synthetic,1405,7,S00,positional_synthetic_v1
pos_synthetic,1406,1,O00,positional_synthetic_v1
pos_synthetic,1406,2,O00,positional_synthetic_v1
pos_synthetic,1406,3,T00,positional_synthetic_v1
pos_synthetic,1406,4,O36,positional_synthetic_v1
pos_synthetic,1406,5,S00,positional_synthetic_v1
pos_synthetic,1407,1,O00,positional_synthetic_v1
pos_synthetic,1407,2,O07,positional_synthetic_v1
pos_synthetic,1407,3,O16,positional_synthetic_v1
pos_synthetic,1407,4,T00,positional_synthetic_v1
pos_synthetic,1407,5,S00,positional_synthetic_v1
pos_synthetic,1408,1,T00,positional_synthetic_v1
pos_synthetic,1408,2,O00,positional_synthetic_v1
pos_synthetic,1408,3,N01,positional_synthetic_v1
pos_synthetic,1409,1,T00,positional_synthetic_v1
pos_synthetic,1409,2,O02,positional_synthetic_v1
pos_synthetic,1409,3,O00,positional_synthetic_v1
pos_synthetic,1409,4,O27,positional_synthetic_v1
pos_synthetic,1409,5,O21,positional_synthetic_v1
pos_synthetic,1409,6,O03,positional_synthetic_v1
pos_synthetic,1409,7,N00,positional_synthetic_v1
pos_synthetic,1410,1,T00,positional_synthetic_v1
pos_synthetic,1410,2,O01,positional_synthetic_v1
pos_synthetic,1410,3,O08,positional_synthetic_v1
pos_synthetic,1410,4,O02,positional_synthetic_v1
pos_synthetic,1410,5,S03,positional_synthetic_v1
pos_synthetic,1411,1,O01,positional_synthetic_v1
pos_synthetic,1411,2,O03,positional_synthetic_v1
pos_synthetic,1411,3,N00,positional_synthetic_v1
pos_synthetic,1412,1,T00,positional_synthetic_v1
pos_synthetic,1412,2,O01,positional_synthetic_v1
pos_synthetic,1412,3,O00,positional_synthetic_v1
pos_synthetic,1412,4,O18,positional_synthetic_v1
pos_synthetic,1412,5,O00,positional_synthetic_v1
pos_synthetic,1412,6,O02,positional_synthetic_v1
pos_synthetic,1412,7,N01,positional_synthetic_v1
pos_synthetic,1413,1,T02,positional_synthetic_v1
pos_synthetic,1413,2,O01,positional_synthetic_v1
pos_synthetic,1413,3,O17,positional_synthetic_v1
pos_synthetic,1413,4,O03,positional_synthetic_v1
pos_synthetic,1413,5,N01,positional_synthetic_v1
pos_synthetic,1414,1,O00,positional_synthetic_v1
pos_synthetic,1414,2,O02,positional_synthetic_v1
pos_synthetic,1414,3,O13,positional_synthetic_v1
pos_synthetic,1414,4,N01,positional_synthetic_v1
pos_synthetic,1415,1,O14,positional_synthetic_v1
pos_synthetic,1415,2,O02,positional_synthetic_v1
pos_synthetic,1415,3,O00,positional_synthetic_v1
pos_synthetic,1415,4,O00,positional_synthetic_v1
pos_synthetic,1415,5,O00,positional_synthetic_v1
pos_synthetic,1415,6,O06,positional_synthetic_v1
pos_synthetic,1415,7,S00,positional_synthetic_v1
pos_synthetic,1416,1,O02,positional_synthetic_v1
pos_synthetic,1416,2,O01,positional_synthetic_v1
pos_synthetic,1416,3,O01,positional_synthetic_v1
pos_synthetic,1416,4,O00,positional_synthetic_v1
pos_synthetic,1416,5,O00,positional_synthetic_v1
pos_synthetic,1416,6,S00,positional_synthetic_v1
pos_synthetic,1417,1,T00,positional_synthetic_v1
pos_synthetic,1417,2,O00,positional_synthetic_v1
pos_synthetic,1417,3,O04,positional_synthetic_v1
pos_synthetic,1417,4,O01,positional_synthetic_v1
pos_synthetic,1417,5,T07,positional_synthetic_v1
pos_synthetic,1417,6,S00,positional_synthetic_v1
pos_synthetic,1418,1,T00,positional_synthetic_v1
pos_synthetic,1418,2,O00,positional_synthetic_v1
pos_synthetic,1418,3,O14,positional_synthetic_v1
pos_synthetic,1418,4,S03,positional_synthetic_v1
pos_synthetic,1419,1,T05,positional_synthetic_v1
pos_synthetic,1419,2,T01,positional_synthetic_v1
pos_synthetic,1419,3,S01,positional_synthetic_v1
pos_synthetic,1420,1,T00,positional_synthetic_v1
pos_synthetic,1420,2,O05,positional_synthetic_v1
pos_synthetic,1420,3,T00,positional_synthetic_v1
pos_synthetic,1420,4,O00,positional_synthetic_v1
pos_synthetic,1420,5,O02,positional_synthetic_v1
pos_synthetic,1420,6,T01,positional_synthetic_v1
pos_synthetic,1420,7,N05,positional_synthetic_v1
pos_synthetic,1421,1,T00,positional_synthetic_v1
pos_synthetic,1421,2,O13,positional_synthetic_v1
pos_synthetic,1421,3,O00,positional_synthetic_v1
pos_synthetic,1421,4,O01,positional_synthetic_v1
pos_synthetic,1421,5,O01,positional_synthetic_v1
pos_synthetic,1421,6,O01,positional_synthetic_v1
pos_synthetic,1421,7,N00,positional_synthetic_v1
pos_synthetic,1422,1,T01,positional_synthetic_v1
pos_synthetic,1422,2,T03,positional_synthetic_v1
pos_synthetic,1422,3,S00,positional_synthetic_v1
pos_synthetic,1423,1,T04,positional_synthetic_v1
pos_synthetic,1423,2,O07,positional_synthetic_v1
pos_synthetic,1423,3,O02,positional_synthetic_v1
pos_synthetic,1423,4,O00,positional_synthetic_v1
pos_synthetic,1423,5,O19,positional_synthetic_v1
pos_synthetic,1423,6,N01,positional_synthetic_v1
pos_synthetic,1424,1,O00,positional_synthetic_v1
pos_synthetic,1424,2,O00,positional_synthetic_v1
pos_synthetic,1424,3,O12,positional_synthetic_v1
pos_synthetic,1424,4,O00,positional_synthetic_v1
pos_synthetic,1424,5,S00,positional_synthetic_v1
pos_synthetic,1425,1,T03,positional_synthetic_v1
pos_synthetic,1425,2,O01,positional_synthetic_v1
pos_synthetic,1425,3,O02,positional_synthetic_v1
pos_synthetic,1425,4,O18,positional_synthetic_v1
pos_synthetic,1425,5,N00,positional_synthetic_v1
pos_synthetic,1426,1,T01,positional_synthetic_v1
pos_synthetic,1426,2,O00,positional_synthetic_v1
pos_synthetic,1426,3,O00,positional_synthetic_v1
pos_synthetic,1426,4,O00,positional_synthetic_v1
pos_synthetic,1426,5,O06,positional_synthetic_v1
pos_synthetic,1426,6,S00,positional_synthetic_v1
pos_synthetic,1427,1,T00,positional_synthetic_v1
pos_synthetic,1427,2,O05,positional_synthetic_v1
pos_synthetic,1427,3,T02,positional_synthetic_v1
pos_synthetic,1427,4,O00,positional_synthetic_v1
pos_synthetic,1427,5,O00,positional_synthetic_v1
pos_synthetic,1427,6,N06,positional_synthetic_v1
pos_synthetic,1428,1,O00,positional_synthetic_v1
pos_synthetic,1428,2,O15,positional_synthetic_v1
pos_synthetic,1428,3,O16,positional_synthetic_v1
pos_synthetic,1428,4,O10,positional_synthetic_v1
pos_synthetic,1428,5,O00,positional_synthetic_v1
pos_synthetic,1428,6,O13,positional_synthetic_v1
pos_synthetic,1428,7,S01,positional_synthetic_v1
pos_synthetic,1429,1,T00,positional_synthetic_v1
pos_synthetic,1429,2,O00,positional_synthetic_v1
pos_synthetic,1429,3,O00,positional_synthetic_v1
pos_synthetic,1429,4,O02,positional_synthetic_v1
pos_synthetic,1429,5,O03,positional_synthetic_v1
pos_synthetic,1429,6,S00,positional_synthetic_v1
pos_synthetic,1430,1,O01,positional_synthetic_v1
pos_synthetic,1430,2,O05,positional_synthetic_v1
pos_synthetic,1430,3,O21,positional_synthetic_v1
pos_synthetic,1430,4,O00,positional_synthetic_v1
pos_synthetic,1430,5,S00,positional_synthetic_v1
pos_synthetic,1431,1,O04,positional_synthetic_v1
pos_synthetic,1431,2,O08,positional_synthetic_v1
pos_synthetic,1431,3,O25,positional_synthetic_v1
pos_synthetic,1431,4,O00,positional_synthetic_v1
pos_synthetic,1431,5,N06,positional_synthetic_v1
pos_synthetic,1432,1,T00,positional_synthetic_v1
pos_synthetic,1432,2,O04,positional_synthetic_v1
pos_synthetic,1432,3,O00,positional_synthetic_v1
pos_synthetic,1432,4,O20,positional_synthetic_v1
pos_synthetic,1432,5,O02,positional_synthetic_v1
pos_synthetic,1432,6,O05,positional_synthetic_v1
pos_synthetic,1432,7,S00,positional_synthetic_v1
pos_synthetic,1433,1,O00,positional_synthetic_v1
pos_synthetic,1433,2,O18,positional_synthetic_v1
pos_synthetic,1433,3,S00,positional_synthetic_v1
pos_synthetic,1434,1,T01,positional_synthetic_v1
pos_synthetic,1434,2,O04,positional_synthetic_v1
pos_synthetic,1434,3,O00,positional_synthetic_v1
pos_synthetic,1434,4,S00,positional_synthetic_v1
pos_synthetic,1435,1,T00,positional_synthetic_v1
pos_synthetic,1435,2,S02,positional_synthetic_v1
pos_synthetic,1435,3,O35,positional_synthetic_v1
pos_synthetic,1435,4,O05,positional_synthetic_v1
pos_synthetic,1435,5,O00,positional_synthetic_v1
pos_synthetic,1435,6,O21,positional_synthetic_v1
pos_synthetic,1435,7,O02,positional_synthetic_v1
pos_synthetic,1436,1,T00,positional_synthetic_v1
pos_synthetic,1436,2,O24,positional_synthetic_v1
pos_synthetic,1436,3,O09,positional_synthetic_v1
pos_synthetic,1436,4,O08,positional_synthetic_v1
pos_synthetic,1436,5,O07,positional_synthetic_v1
pos_synthetic,1436,6,O00,positional_synthetic_v1
pos_synthetic,1436,7,O00,positional_synthetic_v1
pos_synthetic,1437,1,T02,positional_synthetic_v1
pos_synthetic,1437,2,O00,positional_synthetic_v1
pos_synthetic,1437,3,O01,positional_synthetic_v1
pos_synthetic,1437,4,S02,positional_synthetic_v1
pos_synthetic,1438,1,O02,positional_synthetic_v1
pos_synthetic,1438,2,O11,positional_synthetic_v1
pos_synthetic,1438,3,S01,positional_synthetic_v1
pos_synthetic,1439,1,T00,positional_synthetic_v1
pos_synthetic,1439,2,O00,positional_synthetic_v1
pos_synthetic,1439,3,S00,positional_synthetic_v1
pos_synthetic,1440,1,T00,positional_synthetic_v1
pos_synthetic,1440,2,T00,positional_synthetic_v1
pos_synthetic,1440,3,N01,positional_synthetic_v1
pos_synthetic,1441,1,T05,positional_synthetic_v1
pos_synthetic,1441,2,O00,positional_synthetic_v1
pos_synthetic,1441,3,O07,positional_synthetic_v1
pos_synthetic,1441,4,O06,positional_synthetic_v1
pos_synthetic,1441,5,O00,positional_synthetic_v1
pos_synthetic,1441,6,O24,positional_synthetic_v1
pos_synthetic,1441,7,S00,positional_synthetic_v1
pos_synthetic,1442,1,O09,positional_synthetic_v1
pos_synthetic,1442,2,O00,positional_synthetic_v1
pos_synthetic,1442,3,O06,positional_synthetic_v1
pos_synthetic,1442,4,O00,positional_synthetic_v1
pos_synthetic,1442,5,O14,positional_synthetic_v1
pos_synthetic,1442,6,S00,positional_synthetic_v1
pos_synthetic,1442,7,S00,positional_synthetic_v1
pos_synthetic,1443,1,T02,positional_synthetic_v1
pos_synthetic,1443,2,O10,positional_synthetic_v1
pos_synthetic,1443,3,O02,positional_synthetic_v1
pos_synthetic,1443,4,O04,positional_synthetic_v1
pos_synthetic,1443,5,O02,positional_synthetic_v1
pos_synthetic,1443,6,O20,positional_synthetic_v1
pos_synthetic,1443,7,N01,positional_synthetic_v1
pos_synthetic,1444,1,T04,positional_synthetic_v1
pos_synthetic,1444,2,O11,positional_synthetic_v1
pos_synthetic,1444,3,O01,positional_synthetic_v1
pos_synthetic,1444,4,O00,positional_synthetic_v1
pos_synthetic,1444,5,O01,positional_synthetic_v1
pos_synthetic,1444,6,N04,positional_synthetic_v1
pos_synthetic,1445,1,T00,positional_synthetic_v1
pos_synthetic,1445,2,O02,positional_synthetic_v1
pos_synthetic,1445,3,O12,positional_synthetic_v1
pos_synthetic,1445,4,N00,positional_synthetic_v1
pos_synthetic,1446,1,T02,positional_synthetic_v1
pos_synthetic,1446,2,O00,positional_synthetic_v1
pos_synthetic,1446,3,S02,positional_synthetic_v1
pos_synthetic,1447,1,T00,positional_synthetic_v1
pos_synthetic,1447,2,O00,positional_synthetic_v1
pos_synthetic,1447,3,S00,positional_synthetic_v1
pos_synthetic,1448,1,T07,positional_synthetic_v1
pos_synthetic,1448,2,O34,positional_synthetic_v1
pos_synthetic,1448,3,O00,positional_synthetic_v1
pos_synthetic,1448,4,N00,positional_synthetic_v1
pos_synthetic,1449,1,T02,positional_synthetic_v1
pos_synthetic,1449,2,O02,positional_synthetic_v1
pos_synthetic,1449,3,N00,positional_synthetic_v1
pos_synthetic,1450,1,T02,positional_synthetic_v1
pos_synthetic,1450,2,O00,positional_synthetic_v1
pos_synthetic,1450,3,O17,positional_synthetic_v1
pos_synthetic,1450,4,O00,positional_synthetic_v1
pos_synthetic,1450,5,O00,positional_synthetic_v1
pos_synthetic,1450,6,S03,positional_synthetic_v1
pos_synthetic,1451,1,T02,positional_synthetic_v1
pos_synthetic,1451,2,O11,positional_synthetic_v1
pos_synthetic,1451,3,O01,positional_synthetic_v1
pos_synthetic,1451,4,O01,positional_synthetic_v1
pos_synthetic,1451,5,O00,positional_synthetic_v1
pos_synthetic,1451,6,O02,positional_synthetic_v1
pos_synthetic,1451,7,N01,positional_synthetic_v1
pos_synthetic,1452,1,T02,positional_synthetic_v1
pos_synthetic,1452,2,T00,positional_synthetic_v1
pos_synthetic,1452,3,O28,positional_synthetic_v1
pos_synthetic,1452,4,S03,positional_synthetic_v1
pos_synthetic,1453,1,O00,positional_synthetic_v1
pos_synthetic,1453,2,O02,positional_synthetic_v1
pos_synthetic,1453,3,O01,positional_synthetic_v1
pos_synthetic,1453,4,S01,positional_synthetic_v1
pos_synthetic,1454,1,T01,positional_synthetic_v1
pos_synthetic,1454,2,O01,positional_synthetic_v1
pos_synthetic,1454,3,O08,positional_synthetic_v1
pos_synthetic,1454,4,S02,positional_synthetic_v1
pos_synthetic,1455,1,T00,positional_synthetic_v1
pos_synthetic,1455,2,O04,positional_synthetic_v1
pos_synthetic,1455,3,O03,positional_synthetic_v1
pos_synthetic,1455,4,N00,positional_synthetic_v1
pos_synthetic,1456,1,O02,positional_synthetic_v1
pos_synthetic,1456,2,O01,positional_synthetic_v1
pos_synthetic,1456,3,O00,positional_synthetic_v1
pos_synthetic,1456,4,O00,positional_synthetic_v1
pos_synthetic,1457,1,T00,positional_synthetic_v1
pos_synthetic,1457,2,O06,positional_synthetic_v1
pos_synthetic,1457,3,O05,positional_synthetic_v1
pos_synthetic,1457,4,N06,positional_synthetic_v1
pos_synthetic,1458,1,T02,positional_synthetic_v1
pos_synthetic,1458,2,O00,positional_synthetic_v1
pos_synthetic,1458,3,O19,positional_synthetic_v1
pos_synthetic,1458,4,O16,positional_synthetic_v1
pos_synthetic,1458,5,S01,positional_synthetic_v1
pos_synthetic,1459,1,O34,positional_synthetic_v1
pos_synthetic,1459,2,S01,positional_synthetic_v1
pos_synthetic,1459,3,O21,positional_synthetic_v1
pos_synthetic,1459,4,O00,positional_synthetic_v1
pos_synthetic,1460,1,T00,positional_synthetic_v1
pos_synthetic,1460,2,O01,positional_synthetic_v1
pos_synthetic,1460,3,O03,positional_synthetic_v1
pos_synthetic,1460,4,O12,positional_synthetic_v1
pos_synthetic,1460,5,O36,positional_synthetic_v1
pos_synthetic,1460,6,O01,positional_synthetic_v1
pos_synthetic,1460,7,O00,positional_synthetic_v1
pos_synthetic,1461,1,T03,positional_synthetic_v1
pos_synthetic,1461,2,O04,positional_synthetic_v1
pos_synthetic,1461,3,N00,positional_synthetic_v1
pos_synthetic,1462,1,T01,positional_synthetic_v1
pos_synthetic,1462,2,O08,positional_synthetic_v1
pos_synthetic,1462,3,O10,positional_synthetic_v1
pos_synthetic,1462,4,N01,positional_synthetic_v1
pos_synthetic,1463,1,T00,positional_synthetic_v1
pos_synthetic,1463,2,S03,positional_synthetic_v1
pos_synthetic,1463,3,O05,positional_synthetic_v1
pos_synthetic,1464,1,T00,positional_synthetic_v1
pos_synthetic,1464,2,S00,positional_synthetic_v1
pos_synthetic,1464,3,N03,positional_synthetic_v1
pos_synthetic,1465,1,O00,positional_synthetic_v1
pos_synthetic,1465,2,O00,positional_synthetic_v1
pos_synthetic,1465,3,N01,positional_synthetic_v1
pos_synthetic,1466,1,T00,positional_synthetic_v1
pos_synthetic,1466,2,O04,positional_synthetic_v1
pos_synthetic,1466,3,S01,positional_synthetic_v1
pos_synthetic,1467,1,T00,positional_synthetic_v1
pos_synthetic,1467,2,O00,positional_synthetic_v1
pos_synthetic,1467,3,O00,positional_synthetic_v1
pos_synthetic,1467,4,O25,positional_synthetic_v1
pos_synthetic,1467,5,N04,positional_synthetic_v1
pos_synthetic,1468,1,T00,positional_synthetic_v1
pos_synthetic,1468,2,O10,positional_synthetic_v1
pos_synthetic,1468,3,O04,positional_synthetic_v1
pos_synthetic,1468,4,N07,positional_synthetic_v1
pos_synthetic,1469,1,T00,positional_synthetic_v1
pos_synthetic,1469,2,O06,positional_synthetic_v1
pos_synthetic,1469,3,N00,positional_synthetic_v1
pos_synthetic,1470,1,T00,positional_synthetic_v1
pos_synthetic,1470,2,O31,positional_synthetic_v1
pos_synthetic,1470,3,O03,positional_synthetic_v1
pos_synthetic,1470,4,O00,positional_synthetic_v1
pos_synthetic,1470,5,O00,positional_synthetic_v1
pos_synthetic,1470,6,O07,positional_synthetic_v1
pos_synthetic,1470,7,S00,positional_synthetic_v1
pos_synthetic,1471,1,T06,positional_synthetic_v1
pos_synthetic,1471,2,T00,positional_synthetic_v1
pos_synthetic,1471,3,O00,positional_synthetic_v1
pos_synthetic,1471,4,N05,positional_synthetic_v1
pos_synthetic,1472,1,T00,positional_synthetic_v1
pos_synthetic,1472,2,O00,positional_synthetic_v1
pos_synthetic,1472,3,T01,positional_synthetic_v1
pos_synthetic,1472,4,O13,positional_synthetic_v1
pos_synthetic,1472,5,O00,positional_synthetic_v1
pos_synthetic,1472,6,S03,positional_synthetic_v1
pos_synthetic,1472,7,S00,positional_synthetic_v1
pos_synthetic,1473,1,T02,positional_synthetic_v1
pos_synthetic,1473,2,O01,positional_synthetic_v1
pos_synthetic,1473,3,O01,positional_synthetic_v1
pos_synthetic,1474,1,T03,positional_synthetic_v1
pos_synthetic,1474,2,O31,positional_synthetic_v1
pos_synthetic,1474,3,O00,positional_synthetic_v1
pos_synthetic,1474,4,S00,positional_synthetic_v1
pos_synthetic,1475,1,T00,positional_synthetic_v1
pos_synthetic,1475,2,O01,positional_synthetic_v1
pos_synthetic,1475,3,O00,positional_synthetic_v1
pos_synthetic,1475,4,O06,positional_synthetic_v1
pos_synthetic,1475,5,O01,positional_synthetic_v1
pos_synthetic,1475,6,O00,positional_synthetic_v1
pos_synthetic,1475,7,S02,positional_synthetic_v1
pos_synthetic,1476,1,T01,positional_synthetic_v1
pos_synthetic,1476,2,O00,positional_synthetic_v1
pos_synthetic,1476,3,O05,positional_synthetic_v1
pos_synthetic,1476,4,O00,positional_synthetic_v1
pos_synthetic,1476,5,O00,positional_synthetic_v1
pos_synthetic,1476,6,O08,positional_synthetic_v1
pos_synthetic,1476,7,N00,positional_synthetic_v1
pos_synthetic,1477,1,T00,positional_synthetic_v1
pos_synthetic,1477,2,S00,positional_synthetic_v1
pos_synthetic,1477,3,O00,positional_synthetic_v1
pos_synthetic,1477,4,O00,positional_synthetic_v1
pos_synthetic,1477,5,O38,positional_synthetic_v1
pos_synthetic,1477,6,O00,positional_synthetic_v1
pos_synthetic,1477,7,S00,positional_synthetic_v1
pos_synthetic,1478,1,T06,positional_synthetic_v1
pos_synthetic,1478,2,O02,positional_synthetic_v1
pos_synthetic,1478,3,O01,positional_synthetic_v1
pos_synthetic,1478,4,N05,positional_synthetic_v1
pos_synthetic,1479,1,T00,positional_synthetic_v1
pos_synthetic,1479,2,T00,positional_synthetic_v1
pos_synthetic,1479,3,S00,positional_synthetic_v1
pos_synthetic,1480,1,T00,positional_synthetic_v1
pos_synthetic,1480,2,O06,positional_synthetic_v1
pos_synthetic,1480,3,S01,positional_synthetic_v1
pos_synthetic,1481,1,T00,positional_synthetic_v1
pos_synthetic,1481,2,T00,positional_synthetic_v1
pos_synthetic,1481,3,O01,positional_synthetic_v1
pos_synthetic,1481,4,O26,positional_synthetic_v1
pos_synthetic,1481,5,O01,positional_synthetic_v1
pos_synthetic,1481,6,S00,positional_synthetic_v1
pos_synthetic,1482,1,T00,positional_synthetic_v1
pos_synthetic,1482,2,O00,positional_synthetic_v1
pos_synthetic,1482,3,O00,positional_synthetic_v1
pos_synthetic,1482,4,O00,positional_synthetic_v1
pos_synthetic,1482,5,O00,positional_synthetic_v1
pos_synthetic,1482,6,O09,positional_synthetic_v1
pos_synthetic,1482,7,N00,positional_synthetic_v1
pos_synthetic,1483,1,T01,positional_synthetic_v1
pos_synthetic,1483,2,O01,positional_synthetic_v1
pos_synthetic,1483,3,O02,positional_synthetic_v1
pos_synthetic,1483,4,S00,positional_synthetic_v1
pos_synthetic,1484,1,O00,positional_synthetic_v1
pos_synthetic,1484,2,O08,positional_synthetic_v1
pos_synthetic,1484,3,O17,positional_synthetic_v1
pos_synthetic,1485,1,O00,positional_synthetic_v1
pos_synthetic,1485,2,O00,positional_synthetic_v1
pos_synthetic,1485,3,O20,positional_synthetic_v1
pos_synthetic,1485,4,O01,positional_synthetic_v1
pos_synthetic,1485,5,N01,positional_synthetic_v1
pos_synthetic,1486,1,O01,positional_synthetic_v1
pos_synthetic,1486,2,O00,positional_synthetic_v1
pos_synthetic,1486,3,O03,positional_synthetic_v1
pos_synthetic,1486,4,N01,positional_synthetic_v1
pos_synthetic,1487,1,T00,positional_synthetic_v1
pos_synthetic,1487,2,O02,positional_synthetic_v1
pos_synthetic,1487,3,O11,positional_synthetic_v1
pos_synthetic,1487,4,O04,positional_synthetic_v1
pos_synthetic,1487,5,S01,positional_synthetic_v1
pos_synthetic,1488,1,T02,positional_synthetic_v1
pos_synthetic,1488,2,O11,positional_synthetic_v1
pos_synthetic,1488,3,O04,positional_synthetic_v1
pos_synthetic,1488,4,O00,positional_synthetic_v1
pos_synthetic,1488,5,O07,positional_synthetic_v1
pos_synthetic,1488,6,S00,positional_synthetic_v1
pos_synthetic,1489,1,T00,positional_synthetic_v1
pos_synthetic,1489,2,O01,positional_synthetic_v1
pos_synthetic,1489,3,O05,positional_synthetic_v1
pos_synthetic,1489,4,O00,positional_synthetic_v1
pos_synthetic,1489,5,S03,positional_synthetic_v1
pos_synthetic,1490,1,T03,positional_synthetic_v1
pos_synthetic,1490,2,O24,positional_synthetic_v1
pos_synthetic,1490,3,O34,positional_synthetic_v1
pos_synthetic,1490,4,O00,positional_synthetic_v1
pos_synthetic,1490,5,O04,positional_synthetic_v1
pos_synthetic,1490,6,S02,positional_synthetic_v1
pos_synthetic,1491,1,T00,positional_synthetic_v1
pos_synthetic,1491,2,O35,positional_synthetic_v1
pos_synthetic,1491,3,O04,positional_synthetic_v1
pos_synthetic,1491,4,O11,positional_synthetic_v1
pos_synthetic,1491,5,O00,positional_synthetic_v1
pos_synthetic,1491,6,O00,positional_synthetic_v1
pos_synthetic,1491,7,S00,positional_synthetic_v1
pos_synthetic,1492,1,T04,positional_synthetic_v1
pos_synthetic,1492,2,O00,positional_synthetic_v1
pos_synthetic,1492,3,T02,positional_synthetic_v1
pos_synthetic,1492,4,S01,positional_synthetic_v1
pos_synthetic,1493,1,O06,positional_synthetic_v1
pos_synthetic,1493,2,O01,positional_synthetic_v1
pos_synthetic,1493,3,T00,positional_synthetic_v1
pos_synthetic,1493,4,O00,positional_synthetic_v1
pos_synthetic,1493,5,S01,positional_synthetic_v1
pos_synthetic,1493,6,O02,positional_synthetic_v1
pos_synthetic,1493,7,S00,positional_synthetic_v1
pos_synthetic,1494,1,T00,positional_synthetic_v1
pos_synthetic,1494,2,T00,positional_synthetic_v1
pos_synthetic,1494,3,O00,positional_synthetic_v1
pos_synthetic,1494,4,O01,positional_synthetic_v1
pos_synthetic,1494,5,S02,positional_synthetic_v1
pos_synthetic,1495,1,T00,positional_synthetic_v1
pos_synthetic,1495,2,O03,positional_synthetic_v1
pos_synthetic,1495,3,N04,positional_synthetic_v1
pos_synthetic,1496,1,T01,positional_synthetic_v1
pos_synthetic,1496,2,O00,positional_synthetic_v1
pos_synthetic,1496,3,O00,positional_synthetic_v1
pos_synthetic,1496,4,T01,positional_synthetic_v1
pos_synthetic,1496,5,O32,positional_synthetic_v1
pos_synthetic,1496,6,N02,positional_synthetic_v1
pos_synthetic,1497,1,T00,positional_synthetic_v1
pos_synthetic,1497,2,O00,positional_synthetic_v1
pos_synthetic,1497,3,O10,positional_synthetic_v1
pos_synthetic,1497,4,O14,positional_synthetic_v1
pos_synthetic,1497,5,N02,positional_synthetic_v1
pos_synthetic,1498,1,T02,positional_synthetic_v1
pos_synthetic,1498,2,O00,positional_synthetic_v1
pos_synthetic,1498,3,O13,positional_synthetic_v1
pos_synthetic,1498,4,O11,positional_synthetic_v1
pos_synthetic,1498,5,O00,positional_synthetic_v1
pos_synthetic,1498,6,O07,positional_synthetic_v1
pos_synthetic,1498,7,S00,positional_synthetic_v1
pos_synthetic,1499,1,T00,positional_synthetic_v1
pos_synthetic,1499,2,O00,positional_synthetic_v1
pos_synthetic,1499,3,O01,positional_synthetic_v1
pos_synthetic,1499,4,N00,positional_synthetic_v1
pos_synthetic,1500,1,O02,positional_synthetic_v1
pos_synthetic,1500,2,O02,positional_synthetic_v1
pos_synthetic,1500,3,O00,positional_synthetic_v1
pos_synthetic,1501,1,T00,positional_synthetic_v1
pos_synthetic,1501,2,O04,positional_synthetic_v1
pos_synthetic,1501,3,O01,positional_synthetic_v1
pos_synthetic,1501,4,O00,positional_synthetic_v1
pos_synthetic,1501,5,O17,positional_synthetic_v1
pos_synthetic,1501,6,O08,positional_synthetic_v1
pos_synthetic,1501,7,N04,positional_synthetic_v1
pos_synthetic,1502,1,T01,positional_synthetic_v1
pos_synthetic,1502,2,O00,positional_synthetic_v1
pos_synthetic,1502,3,O06,positional_synthetic_v1
pos_synthetic,1502,4,O00,positional_synthetic_v1
pos_synthetic,1502,5,O01,positional_synthetic_v1
pos_synthetic,1502,6,O00,positional_synthetic_v1
pos_synthetic,1502,7,S00,positional_synthetic_v1
pos_synthetic,1503,1,T05,positional_synthetic_v1
pos_synthetic,1503,2,O17,positional_synthetic_v1
pos_synthetic,1503,3,O02,positional_synthetic_v1
pos_synthetic,1503,4,O08,positional_synthetic_v1
pos_synthetic,1503,5,O04,positional_synthetic_v1
pos_synthetic,1503,6,S00,positional_synthetic_v1
pos_synthetic,1504,1,T03,positional_synthetic_v1
pos_synthetic,1504,2,O02,positional_synthetic_v1
pos_synthetic,1504,3,O27,positional_synthetic_v1
pos_synthetic,1504,4,O02,positional_synthetic_v1
pos_synthetic,1504,5,O02,positional_synthetic_v1
pos_synthetic,1504,6,O10,positional_synthetic_v1
pos_synthetic,1504,7,N04,positional_synthetic_v1
pos_synthetic,1505,1,O03,positional_synthetic_v1
pos_synthetic,1505,2,O00,positional_synthetic_v1
pos_synthetic,1505,3,O02,positional_synthetic_v1
pos_synthetic,1505,4,N07,positional_synthetic_v1
pos_synthetic,1506,1,T03,positional_synthetic_v1
pos_synthetic,1506,2,O12,positional_synthetic_v1
pos_synthetic,1506,3,O00,positional_synthetic_v1
pos_synthetic,1506,4,O02,positional_synthetic_v1
pos_synthetic,1506,5,O05,positional_synthetic_v1
pos_synthetic,1506,6,O13,positional_synthetic_v1
pos_synthetic,1506,7,N00,positional_synthetic_v1
pos_synthetic,1507,1,O15,positional_synthetic_v1
pos_synthetic,1507,2,O03,positional_synthetic_v1
pos_synthetic,1507,3,T00,positional_synthetic_v1
pos_synthetic,1507,4,S00,positional_synthetic_v1
pos_synthetic,1508,1,T01,positional_synthetic_v1
pos_synthetic,1508,2,O00,positional_synthetic_v1
pos_synthetic,1508,3,O00,positional_synthetic_v1
pos_synthetic,1508,4,O12,positional_synthetic_v1
pos_synthetic,1508,5,O00,positional_synthetic_v1
pos_synthetic,1508,6,T00,positional_synthetic_v1
pos_synthetic,1508,7,S00,positional_synthetic_v1
pos_synthetic,1509,1,O09,positional_synthetic_v1
pos_synthetic,1509,2,O01,positional_synthetic_v1
pos_synthetic,1509,3,O11,positional_synthetic_v1
pos_synthetic,1509,4,O04,positional_synthetic_v1
pos_synthetic,1509,5,O00,positional_synthetic_v1
pos_synthetic,1509,6,O00,positional_synthetic_v1
pos_synthetic,1509,7,S00,positional_synthetic_v1
pos_synthetic,1510,1,T03,positional_synthetic_v1
pos_synthetic,1510,2,O03,positional_synthetic_v1
pos_synthetic,1510,3,O01,positional_synthetic_v1
pos_synthetic,1510,4,T00,positional_synthetic_v1
pos_synthetic,1510,5,S01,positional_synthetic_v1
pos_synthetic,1511,1,O01,positional_synthetic_v1
pos_synthetic,1511,2,O02,positional_synthetic_v1
pos_synthetic,1511,3,O00,positional_synthetic_v1
pos_synthetic,1511,4,O05,positional_synthetic_v1
pos_synthetic,1511,5,O15,positional_synthetic_v1
pos_synthetic,1511,6,N00,positional_synthetic_v1
pos_synthetic,1512,1,O02,positional_synthetic_v1
pos_synthetic,1512,2,O33,positional_synthetic_v1
pos_synthetic,1512,3,O01,positional_synthetic_v1
pos_synthetic,1512,4,O04,positional_synthetic_v1
pos_synthetic,1512,5,O00,positional_synthetic_v1
pos_synthetic,1512,6,O04,positional_synthetic_v1
pos_synthetic,1512,7,S03,positional_synthetic_v1
pos_synthetic,1513,1,T02,positional_synthetic_v1
pos_synthetic,1513,2,O11,positional_synthetic_v1
pos_synthetic,1513,3,O07,positional_synthetic_v1
pos_synthetic,1513,4,O03,positional_synthetic_v1
pos_synthetic,1513,5,O02,positional_synthetic_v1
pos_synthetic,1513,6,S03,positional_synthetic_v1
pos_synthetic,1514,1,O02,positional_synthetic_v1
pos_synthetic,1514,2,O25,positional_synthetic_v1
pos_synthetic,1514,3,O03,positional_synthetic_v1
pos_synthetic,1514,4,O03,positional_synthetic_v1
pos_synthetic,1514,5,O02,positional_synthetic_v1
pos_synthetic,1514,6,O00,positional_synthetic_v1
pos_synthetic,1514,7,S00,positional_synthetic_v1
pos_synthetic,1515,1,T01,positional_synthetic_v1
pos_synthetic,1515,2,O01,positional_synthetic_v1
pos_synthetic,1515,3,O02,positional_synthetic_v1
pos_synthetic,1515,4,S00,positional_synthetic_v1
pos_synthetic,1516,1,T01,positional_synthetic_v1
pos_synthetic,1516,2,O00,positional_synthetic_v1
pos_synthetic,1516,3,O00,positional_synthetic_v1
pos_synthetic,1516,4,S01,positional_synthetic_v1
pos_synthetic,1517,1,O09,positional_synthetic_v1
pos_synthetic,1517,2,O00,positional_synthetic_v1
pos_synthetic,1517,3,O03,positional_synthetic_v1
pos_synthetic,1517,4,O00,positional_synthetic_v1
pos_synthetic,1517,5,S00,positional_synthetic_v1
pos_synthetic,1518,1,T00,positional_synthetic_v1
pos_synthetic,1518,2,T00,positional_synthetic_v1
pos_synthetic,1518,3,O00,positional_synthetic_v1
pos_synthetic,1518,4,O36,positional_synthetic_v1
pos_synthetic,1518,5,O00,positional_synthetic_v1
pos_synthetic,1518,6,O00,positional_synthetic_v1
pos_synthetic,1518,7,N00,positional_synthetic_v1
pos_synthetic,1519,1,T01,positional_synthetic_v1
pos_synthetic,1519,2,O00,positional_synthetic_v1
pos_synthetic,1519,3,S03,positional_synthetic_v1
pos_synthetic,1520,1,T00,positional_synthetic_v1
pos_synthetic,1520,2,O02,positional_synthetic_v1
pos_synthetic,1520,3,O00,positional_synthetic_v1
pos_synthetic,1520,4,O05,positional_synthetic_v1
pos_synthetic,1520,5,O01,positional_synthetic_v1
pos_synthetic,1520,6,S00,positional_synthetic_v1
pos_synthetic,1521,1,T02,positional_synthetic_v1
pos_synthetic,1521,2,O01,positional_synthetic_v1
pos_synthetic,1521,3,O00,positional_synthetic_v1
pos_synthetic,1521,4,O06,positional_synthetic_v1
pos_synthetic,1521,5,O03,positional_synthetic_v1
pos_synthetic,1521,6,O16,positional_synthetic_v1
pos_synthetic,1522,1,T00,positional_synthetic_v1
pos_synthetic,1522,2,O10,positional_synthetic_v1
pos_synthetic,1522,3,O06,positional_synthetic_v1
pos_synthetic,1522,4,N00,positional_synthetic_v1
pos_synthetic,1523,1,T02,positional_synthetic_v1
pos_synthetic,1523,2,S00,positional_synthetic_v1
pos_synthetic,1523,3,O27,positional_synthetic_v1
pos_synthetic,1523,4,O00,positional_synthetic_v1
pos_synthetic,1523,5,T02,positional_synthetic_v1
pos_synthetic,1523,6,O01,positional_synthetic_v1
pos_synthetic,1523,7,N06,positional_synthetic_v1
pos_synthetic,1524,1,O01,positional_synthetic_v1
pos_synthetic,1524,2,O31,positional_synthetic_v1
pos_synthetic,1524,3,O21,positional_synthetic_v1
pos_synthetic,1524,4,N00,positional_synthetic_v1
pos_synthetic,1525,1,T03,positional_synthetic_v1
pos_synthetic,1525,2,O38,positional_synthetic_v1
pos_synthetic,1525,3,S00,positional_synthetic_v1
pos_synthetic,1526,1,T01,positional_synthetic_v1
pos_synthetic,1526,2,O00,positional_synthetic_v1
pos_synthetic,1526,3,O00,positional_synthetic_v1
pos_synthetic,1526,4,S00,positional_synthetic_v1
pos_synthetic,1527,1,T01,positional_synthetic_v1
pos_synthetic,1527,2,O00,positional_synthetic_v1
pos_synthetic,1527,3,O17,positional_synthetic_v1
pos_synthetic,1527,4,S00,positional_synthetic_v1
pos_synthetic,1528,1,T02,positional_synthetic_v1
pos_synthetic,1528,2,O05,positional_synthetic_v1
pos_synthetic,1528,3,O29,positional_synthetic_v1
pos_synthetic,1528,4,O00,positional_synthetic_v1
pos_synthetic,1528,5,O00,positional_synthetic_v1
pos_synthetic,1528,6,S03,positional_synthetic_v1
pos_synthetic,1529,1,T02,positional_synthetic_v1
pos_synthetic,1529,2,O09,positional_synthetic_v1
pos_synthetic,1529,3,O00,positional_synthetic_v1
pos_synthetic,1529,4,O02,positional_synthetic_v1
pos_synthetic,1529,5,O00,positional_synthetic_v1
pos_synthetic,1529,6,O00,positional_synthetic_v1
pos_synthetic,1529,7,O12,positional_synthetic_v1
pos_synthetic,1530,1,T00,positional_synthetic_v1
pos_synthetic,1530,2,O02,positional_synthetic_v1
pos_synthetic,1530,3,O26,positional_synthetic_v1
pos_synthetic,1530,4,O00,positional_synthetic_v1
pos_synthetic,1530,5,O34,positional_synthetic_v1
pos_synthetic,1530,6,N07,positional_synthetic_v1
pos_synthetic,1531,1,T01,positional_synthetic_v1
pos_synthetic,1531,2,O00,positional_synthetic_v1
pos_synthetic,1531,3,O01,positional_synthetic_v1
pos_synthetic,1531,4,O01,positional_synthetic_v1
pos_synthetic,1531,5,N00,positional_synthetic_v1
pos_synthetic,1532,1,T00,positional_synthetic_v1
pos_synthetic,1532,2,O33,positional_synthetic_v1
pos_synthetic,1532,3,N00,positional_synthetic_v1
pos_synthetic,1533,1,T03,positional_synthetic_v1
pos_synthetic,1533,2,O00,positional_synthetic_v1
pos_synthetic,1533,3,T01,positional_synthetic_v1
pos_synthetic,1533,4,O23,positional_synthetic_v1
pos_synthetic,1533,5,O00,positional_synthetic_v1
pos_synthetic,1533,6,S01,positional_synthetic_v1
pos_synthetic,1534,1,T02,positional_synthetic_v1
pos_synthetic,1534,2,O06,positional_synthetic_v1
pos_synthetic,1534,3,O01,positional_synthetic_v1
pos_synthetic,1534,4,O00,positional_synthetic_v1
pos_synthetic,1534,5,O29,positional_synthetic_v1
pos_synthetic,1534,6,O24,positional_synthetic_v1
pos_synthetic,1534,7,S02,positional_synthetic_v1
pos_synthetic,1535,1,T01,positional_synthetic_v1
pos_synthetic,1535,2,O01,positional_synthetic_v1
pos_synthetic,1535,3,O00,positional_synthetic_v1
pos_synthetic,1535,4,N00,positional_synthetic_v1
pos_synthetic,1536,1,T01,positional_synthetic_v1
pos_synthetic,1536,2,O00,positional_synthetic_v1
pos_synthetic,1536,3,O01,positional_synthetic_v1
pos_synthetic,1536,4,O10,positional_synthetic_v1
pos_synthetic,1537,1,T02,positional_synthetic_v1
pos_synthetic,1537,2,T02,positional_synthetic_v1
pos_synthetic,1537,3,O22,positional_synthetic_v1
pos_synthetic,1537,4,S01,positional_synthetic_v1
pos_synthetic,1538,1,O11,positional_synthetic_v1
pos_synthetic,1538,2,O03,positional_synthetic_v1
pos_synthetic,1538,3,O01,positional_synthetic_v1
pos_synthetic,1538,4,O00,positional_synthetic_v1
pos_synthetic,1538,5,S00,positional_synthetic_v1
pos_synthetic,1539,1,O18,positional_synthetic_v1
pos_synthetic,1539,2,O03,positional_synthetic_v1
pos_synthetic,1539,3,O06,positional_synthetic_v1
pos_synthetic,1539,4,S01,positional_synthetic_v1
pos_synthetic,1540,1,O01,positional_synthetic_v1
pos_synthetic,1540,2,O02,positional_synthetic_v1
pos_synthetic,1540,3,O12,positional_synthetic_v1
pos_synthetic,1540,4,N00,positional_synthetic_v1
pos_synthetic,1541,1,O01,positional_synthetic_v1
pos_synthetic,1541,2,O00,positional_synthetic_v1
pos_synthetic,1541,3,N05,positional_synthetic_v1
pos_synthetic,1542,1,T00,positional_synthetic_v1
pos_synthetic,1542,2,O05,positional_synthetic_v1
pos_synthetic,1542,3,T00,positional_synthetic_v1
pos_synthetic,1542,4,O01,positional_synthetic_v1
pos_synthetic,1542,5,O06,positional_synthetic_v1
pos_synthetic,1542,6,N00,positional_synthetic_v1
pos_synthetic,1543,1,T01,positional_synthetic_v1
pos_synthetic,1543,2,O10,positional_synthetic_v1
pos_synthetic,1543,3,O13,positional_synthetic_v1
pos_synthetic,1543,4,O00,positional_synthetic_v1
pos_synthetic,1543,5,O20,positional_synthetic_v1
pos_synthetic,1543,6,N02,positional_synthetic_v1
pos_synthetic,1544,1,T05,positional_synthetic_v1
pos_synthetic,1544,2,O02,positional_synthetic_v1
pos_synthetic,1544,3,O03,positional_synthetic_v1
pos_synthetic,1544,4,O23,positional_synthetic_v1
pos_synthetic,1544,5,O21,positional_synthetic_v1
pos_synthetic,1544,6,S00,positional_synthetic_v1
pos_synthetic,1545,1,O01,positional_synthetic_v1
pos_synthetic,1545,2,O01,positional_synthetic_v1
pos_synthetic,1545,3,O00,positional_synthetic_v1
pos_synthetic,1545,4,O00,positional_synthetic_v1
pos_synthetic,1545,5,O16,positional_synthetic_v1
pos_synthetic,1545,6,O00,positional_synthetic_v1
pos_synthetic,1545,7,N02,positional_synthetic_v1
pos_synthetic,1546,1,T00,positional_synthetic_v1
pos_synthetic,1546,2,O01,positional_synthetic_v1
pos_synthetic,1546,3,O00,positional_synthetic_v1
pos_synthetic,1546,4,O00,positional_synthetic_v1
pos_synthetic,1546,5,O09,positional_synthetic_v1
pos_synthetic,1546,6,O19,positional_synthetic_v1
pos_synthetic,1546,7,O00,positional_synthetic_v1
pos_synthetic,1547,1,T01,positional_synthetic_v1
pos_synthetic,1547,2,O02,positional_synthetic_v1
pos_synthetic,1547,3,O17,positional_synthetic_v1
pos_synthetic,1547,4,O09,positional_synthetic_v1
pos_synthetic,1548,1,T01,positional_synthetic_v1
pos_synthetic,1548,2,O05,positional_synthetic_v1
pos_synthetic,1548,3,N04,positional_synthetic_v1
pos_synthetic,1549,1,T00,positional_synthetic_v1
pos_synthetic,1549,2,O01,positional_synthetic_v1
pos_synthetic,1549,3,O22,positional_synthetic_v1
pos_synthetic,1549,4,O08,positional_synthetic_v1
pos_synthetic,1549,5,O03,positional_synthetic_v1
pos_synthetic,1549,6,S00,positional_synthetic_v1
pos_synthetic,1550,1,T01,positional_synthetic_v1
pos_synthetic,1550,2,O05,positional_synthetic_v1
pos_synthetic,1550,3,O01,positional_synthetic_v1
pos_synthetic,1550,4,S02,positional_synthetic_v1
pos_synthetic,1551,1,T00,positional_synthetic_v1
pos_synthetic,1551,2,O02,positional_synthetic_v1
pos_synthetic,1551,3,O01,positional_synthetic_v1
pos_synthetic,1551,4,S01,positional_synthetic_v1
pos_synthetic,1551,5,O00,positional_synthetic_v1
pos_synthetic,1551,6,N02,positional_synthetic_v1
pos_synthetic,1552,1,T05,positional_synthetic_v1
pos_synthetic,1552,2,O01,positional_synthetic_v1
pos_synthetic,1552,3,O22,positional_synthetic_v1
pos_synthetic,1552,4,S00,positional_synthetic_v1
pos_synthetic,1553,1,T00,positional_synthetic_v1
pos_synthetic,1553,2,O28,positional_synthetic_v1
pos_synthetic,1553,3,O30,positional_synthetic_v1
pos_synthetic,1553,4,N00,positional_synthetic_v1
pos_synthetic,1554,1,T00,positional_synthetic_v1
pos_synthetic,1554,2,O00,positional_synthetic_v1
pos_synthetic,1554,3,O38,positional_synthetic_v1
pos_synthetic,1554,4,O00,positional_synthetic_v1
pos_synthetic,1554,5,N01,positional_synthetic_v1
pos_synthetic,1555,1,T04,positional_synthetic_v1
pos_synthetic,1555,2,O00,positional_synthetic_v1
pos_synthetic,1555,3,O04,positional_synthetic_v1
pos_synthetic,1555,4,O00,positional_synthetic_v1
pos_synthetic,1555,5,O16,positional_synthetic_v1
pos_synthetic,1555,6,S01,positional_synthetic_v1
pos_synthetic,1556,1,T02,positional_synthetic_v1
pos_synthetic,1556,2,O00,positional_synthetic_v1
pos_synthetic,1556,3,N00,positional_synthetic_v1
pos_synthetic,1557,1,T00,positional_synthetic_v1
pos_synthetic,1557,2,O00,positional_synthetic_v1
pos_synthetic,1557,3,O12,positional_synthetic_v1
pos_synthetic,1557,4,T03,positional_synthetic_v1
pos_synthetic,1557,5,O02,positional_synthetic_v1
pos_synthetic,1557,6,O04,positional_synthetic_v1
pos_synthetic,1558,1,T01,positional_synthetic_v1
pos_synthetic,1558,2,O13,positional_synthetic_v1
pos_synthetic,1558,3,O01,positional_synthetic_v1
pos_synthetic,1558,4,O00,positional_synthetic_v1
pos_synthetic,1558,5,N00,positional_synthetic_v1
pos_synthetic,1559,1,O03,positional_synthetic_v1
pos_synthetic,1559,2,O02,positional_synthetic_v1
pos_synthetic,1559,3,O01,positional_synthetic_v1
pos_synthetic,1559,4,S01,positional_synthetic_v1
pos_synthetic,1560,1,O00,positional_synthetic_v1
pos_synthetic,1560,2,O00,positional_synthetic_v1
pos_synthetic,1560,3,O01,positional_synthetic_v1
pos_synthetic,1560,4,S01,positional_synthetic_v1
pos_synthetic,1561,1,T00,positional_synthetic_v1
pos_synthetic,1561,2,O02,positional_synthetic_v1
pos_synthetic,1561,3,O03,positional_synthetic_v1
pos_synthetic,1561,4,O00,positional_synthetic_v1
pos_synthetic,1561,5,O00,positional_synthetic_v1
pos_synthetic,1561,6,O18,positional_synthetic_v1
pos_synthetic,1561,7,N01,positional_synthetic_v1
pos_synthetic,1562,1,T00,positional_synthetic_v1
pos_synthetic,1562,2,O00,positional_synthetic_v1
pos_synthetic,1562,3,O02,positional_synthetic_v1
pos_synthetic,1562,4,S01,positional_synthetic_v1
pos_synthetic,1563,1,T02,positional_synthetic_v1
pos_synthetic,1563,2,O00,positional_synthetic_v1
pos_synthetic,1563,3,O00,positional_synthetic_v1
pos_synthetic,1563,4,S03,positional_synthetic_v1
pos_synthetic,1564,1,T00,positional_synthetic_v1
pos_synthetic,1564,2,O02,positional_synthetic_v1
pos_synthetic,1564,3,O00,positional_synthetic_v1
pos_synthetic,1564,4,S00,positional_synthetic_v1
pos_synthetic,1565,1,T00,positional_synthetic_v1
pos_synthetic,1565,2,O07,positional_synthetic_v1
pos_synthetic,1565,3,O03,positional_synthetic_v1
pos_synthetic,1565,4,O00,positional_synthetic_v1
pos_synthetic,1565,5,O00,positional_synthetic_v1
pos_synthetic,1565,6,O12,positional_synthetic_v1
pos_synthetic,1565,7,S01,positional_synthetic_v1
pos_synthetic,1566,1,T00,positional_synthetic_v1
pos_synthetic,1566,2,O03,positional_synthetic_v1
pos_synthetic,1566,3,O01,positional_synthetic_v1
pos_synthetic,1566,4,N00,positional_synthetic_v1
pos_synthetic,1567,1,T00,positional_synthetic_v1
pos_synthetic,1567,2,O00,positional_synthetic_v1
pos_synthetic,1567,3,O01,positional_synthetic_v1
pos_synthetic,1567,4,O05,positional_synthetic_v1
pos_synthetic,1567,5,N00,positional_synthetic_v1
pos_synthetic,1568,1,T00,positional_synthetic_v1
pos_synthetic,1568,2,T01,positional_synthetic_v1
pos_synthetic,1568,3,O04,positional_synthetic_v1
pos_synthetic,1568,4,O31,positional_synthetic_v1
pos_synthetic,1568,5,O03,positional_synthetic_v1
pos_synthetic,1568,6,S01,positional_synthetic_v1
pos_synthetic,1569,1,O24,positional_synthetic_v1
pos_synthetic,1569,2,O13,positional_synthetic_v1
pos_synthetic,1569,3,O01,positional_synthetic_v1
pos_synthetic,1569,4,S00,positional_synthetic_v1
pos_synthetic,1569,5,O00,positional_synthetic_v1
pos_synthetic,1569,6,N01,positional_synthetic_v1
pos_synthetic,1570,1,T03,positional_synthetic_v1
pos_synthetic,1570,2,O02,positional_synthetic_v1
pos_synthetic,1570,3,O00,positional_synthetic_v1
pos_synthetic,1570,4,O07,positional_synthetic_v1
pos_synthetic,1570,5,N03,positional_synthetic_v1
pos_synthetic,1571,1,T00,positional_synthetic_v1
pos_synthetic,1571,2,O05,positional_synthetic_v1
pos_synthetic,1571,3,O01,positional_synthetic_v1
pos_synthetic,1571,4,O19,positional_synthetic_v1
pos_synthetic,1571,5,O15,positional_synthetic_v1
pos_synthetic,1572,1,T01,positional_synthetic_v1
pos_synthetic,1572,2,O06,positional_synthetic_v1
pos_synthetic,1572,3,O19,positional_synthetic_v1
pos_synthetic,1572,4,O02,positional_synthetic_v1
pos_synthetic,1572,5,N00,positional_synthetic_v1
pos_synthetic,1573,1,O09,positional_synthetic_v1
pos_synthetic,1573,2,O00,positional_synthetic_v1
pos_synthetic,1573,3,O01,positional_synthetic_v1
pos_synthetic,1573,4,O17,positional_synthetic_v1
pos_synthetic,1573,5,O07,positional_synthetic_v1
pos_synthetic,1573,6,O01,positional_synthetic_v1
pos_synthetic,1573,7,S00,positional_synthetic_v1
pos_synthetic,1574,1,T00,positional_synthetic_v1
pos_synthetic,1574,2,O00,positional_synthetic_v1
pos_synthetic,1574,3,O08,positional_synthetic_v1
pos_synthetic,1574,4,O00,positional_synthetic_v1
pos_synthetic,1574,5,O02,positional_synthetic_v1
pos_synthetic,1574,6,O01,positional_synthetic_v1
pos_synthetic,1574,7,S00,positional_synthetic_v1
pos_synthetic,1575,1,T00,positional_synthetic_v1
pos_synthetic,1575,2,O00,positional_synthetic_v1
pos_synthetic,1575,3,O04,positional_synthetic_v1
pos_synthetic,1575,4,O04,positional_synthetic_v1
pos_synthetic,1575,5,O01,positional_synthetic_v1
pos_synthetic,1575,6,O01,positional_synthetic_v1
pos_synthetic,1575,7,S00,positional_synthetic_v1
pos_synthetic,1576,1,T01,positional_synthetic_v1
pos_synthetic,1576,2,O00,positional_synthetic_v1
pos_synthetic,1576,3,O00,positional_synthetic_v1
pos_synthetic,1576,4,O00,positional_synthetic_v1
pos_synthetic,1576,5,S01,positional_synthetic_v1
pos_synthetic,1577,1,O00,positional_synthetic_v1
pos_synthetic,1577,2,O00,positional_synthetic_v1
pos_synthetic,1577,3,O00,positional_synthetic_v1
pos_synthetic,1577,4,O30,positional_synthetic_v1
pos_synthetic,1577,5,O16,positional_synthetic_v1
pos_synthetic,1577,6,O00,positional_synthetic_v1
pos_synthetic,1577,7,N00,positional_synthetic_v1
pos_synthetic,1578,1,O00,positional_synthetic_v1
pos_synthetic,1578,2,T01,positional_synthetic_v1
pos_synthetic,1578,3,T00,positional_synthetic_v1
pos_synthetic,1578,4,O05,positional_synthetic_v1
pos_synthetic,1578,5,O02,positional_synthetic_v1
pos_synthetic,1578,6,O20,positional_synthetic_v1
pos_synthetic,1578,7,S02,positional_synthetic_v1
pos_synthetic,1579,1,O11,positional_synthetic_v1
pos_synthetic,1579,2,O00,positional_synthetic_v1
pos_synthetic,1579,3,O01,positional_synthetic_v1
pos_synthetic,1579,4,O00,positional_synthetic_v1
pos_synthetic,1579,5,O00,positional_synthetic_v1
pos_synthetic,1579,6,S01,positional_synthetic_v1
pos_synthetic,1580,1,T00,positional_synthetic_v1
pos_synthetic,1580,2,O28,positional_synthetic_v1
pos_synthetic,1580,3,O00,positional_synthetic_v1
pos_synthetic,1580,4,N07,positional_synthetic_v1
pos_synthetic,1581,1,O00,positional_synthetic_v1
pos_synthetic,1581,2,O10,positional_synthetic_v1
pos_synthetic,1581,3,O01,positional_synthetic_v1
pos_synthetic,1581,4,N00,positional_synthetic_v1
pos_synthetic,1582,1,T04,positional_synthetic_v1
pos_synthetic,1582,2,O00,positional_synthetic_v1
pos_synthetic,1582,3,S01,positional_synthetic_v1
pos_synthetic,1582,4,O03,positional_synthetic_v1
pos_synthetic,1582,5,O02,positional_synthetic_v1
pos_synthetic,1582,6,S01,positional_synthetic_v1
pos_synthetic,1583,1,T00,positional_synthetic_v1
pos_synthetic,1583,2,O05,positional_synthetic_v1
pos_synthetic,1583,3,O20,positional_synthetic_v1
pos_synthetic,1583,4,S00,positional_synthetic_v1
pos_synthetic,1584,1,T02,positional_synthetic_v1
pos_synthetic,1584,2,O01,positional_synthetic_v1
pos_synthetic,1584,3,S00,positional_synthetic_v1
pos_synthetic,1585,1,T01,positional_synthetic_v1
pos_synthetic,1585,2,O00,positional_synthetic_v1
pos_synthetic,1585,3,S02,positional_synthetic_v1
pos_synthetic,1586,1,T00,positional_synthetic_v1
pos_synthetic,1586,2,O02,positional_synthetic_v1
pos_synthetic,1586,3,O37,positional_synthetic_v1
pos_synthetic,1587,1,T02,positional_synthetic_v1
pos_synthetic,1587,2,O14,positional_synthetic_v1
pos_synthetic,1587,3,N00,positional_synthetic_v1
pos_synthetic,1588,1,T03,positional_synthetic_v1
pos_synthetic,1588,2,O00,positional_synthetic_v1
pos_synthetic,1588,3,O00,positional_synthetic_v1
pos_synthetic,1588,4,O00,positional_synthetic_v1
pos_synthetic,1589,1,T00,positional_synthetic_v1
pos_synthetic,1589,2,O15,positional_synthetic_v1
pos_synthetic,1589,3,O01,positional_synthetic_v1
pos_synthetic,1589,4,N02,positional_synthetic_v1
pos_synthetic,1590,1,T02,positional_synthetic_v1
pos_synthetic,1590,2,O03,positional_synthetic_v1
pos_synthetic,1590,3,O01,positional_synthetic_v1
pos_synthetic,1590,4,O03,positional_synthetic_v1
pos_synthetic,1590,5,O01,positional_synthetic_v1
pos_synthetic,1590,6,S03,positional_synthetic_v1
pos_synthetic,1591,1,T00,positional_synthetic_v1
pos_synthetic,1591,2,O00,positional_synthetic_v1
pos_synthetic,1591,3,O18,positional_synthetic_v1
pos_synthetic,1591,4,O00,positional_synthetic_v1
pos_synthetic,1591,5,O05,positional_synthetic_v1
pos_synthetic,1591,6,S00,positional_synthetic_v1
pos_synthetic,1592,1,T00,positional_synthetic_v1
pos_synthetic,1592,2,O01,positional_synthetic_v1
pos_synthetic,1592,3,O01,positional_synthetic_v1
pos_synthetic,1592,4,O07,positional_synthetic_v1
pos_synthetic,1592,5,O02,positional_synthetic_v1
pos_synthetic,1592,6,O27,positional_synthetic_v1
pos_synthetic,1592,7,S00,positional_synthetic_v1
pos_synthetic,1593,1,T01,positional_synthetic_v1
pos_synthetic,1593,2,O23,positional_synthetic_v1
pos_synthetic,1593,3,O00,positional_synthetic_v1
pos_synthetic,1593,4,O03,positional_synthetic_v1
pos_synthetic,1593,5,O15,positional_synthetic_v1
pos_synthetic,1593,6,O00,positional_synthetic_v1
pos_synthetic,1593,7,N05,positional_synthetic_v1
pos_synthetic,1594,1,T00,positional_synthetic_v1
pos_synthetic,1594,2,O08,positional_synthetic_v1
pos_synthetic,1594,3,O25,positional_synthetic_v1
pos_synthetic,1594,4,O05,positional_synthetic_v1
pos_synthetic,1594,5,O01,positional_synthetic_v1
pos_synthetic,1594,6,O00,positional_synthetic_v1
pos_synthetic,1594,7,S00,positional_synthetic_v1
pos_synthetic,1595,1,T00,positional_synthetic_v1
pos_synthetic,1595,2,O06,positional_synthetic_v1
pos_synthetic,1595,3,S00,positional_synthetic_v1
pos_synthetic,1596,1,T00,positional_synthetic_v1
pos_synthetic,1596,2,O00,positional_synthetic_v1
pos_synthetic,1596,3,O03,positional_synthetic_v1
pos_synthetic,1596,4,O04,positional_synthetic_v1
pos_synthetic,1596,5,N01,positional_synthetic_v1
pos_synthetic,1597,1,T04,positional_synthetic_v1
pos_synthetic,1597,2,O16,positional_synthetic_v1
pos_synthetic,1597,3,N02,positional_synthetic_v1
pos_synthetic,1598,1,T00,positional_synthetic_v1
pos_synthetic,1598,2,O06,positional_synthetic_v1
pos_synthetic,1598,3,O01,positional_synthetic_v1
pos_synthetic,1598,4,O03,positional_synthetic_v1
pos_synthetic,1598,5,O05,positional_synthetic_v1
pos_synthetic,1598,6,S03,positional_synthetic_v1
pos_synthetic,1599,1,T00,positional_synthetic_v1
pos_synthetic,1599,2,O05,positional_synthetic_v1
pos_synthetic,1599,3,O00,positional_synthetic_v1
pos_synthetic,1599,4,N06,positional_synthetic_v1
pos_synthetic,1600,1,T00,positional_synthetic_v1
pos_synthetic,1600,2,T00,positional_synthetic_v1
pos_synthetic,1600,3,O01,positional_synthetic_v1
pos_synthetic,1600,4,O01,positional_synthetic_v1
pos_synthetic,1600,5,O00,positional_synthetic_v1
pos_synthetic,1600,6,O03,positional_synthetic_v1
pos_synthetic,1600,7,S00,positional_synthetic_v1
pos_synthetic,1601,1,T00,positional_synthetic_v1
pos_synthetic,1601,2,O12,positional_synthetic_v1
pos_synthetic,1601,3,O06,positional_synthetic_v1
pos_synthetic,1601,4,O07,positional_synthetic_v1
pos_synthetic,1601,5,O06,positional_synthetic_v1
pos_synthetic,1601,6,O00,positional_synthetic_v1
pos_synthetic,1601,7,N00,positional_synthetic_v1
pos_synthetic,1602,1,T00,positional_synthetic_v1
pos_synthetic,1602,2,O14,positional_synthetic_v1
pos_synthetic,1602,3,O35,positional_synthetic_v1
pos_synthetic,1602,4,O02,positional_synthetic_v1
pos_synthetic,1602,5,O00,positional_synthetic_v1
pos_synthetic,1602,6,S00,positional_synthetic_v1
pos_synthetic,1603,1,T01,positional_synthetic_v1
pos_synthetic,1603,2,O00,positional_synthetic_v1
pos_synthetic,1603,3,O27,positional_synthetic_v1
pos_synthetic,1603,4,N00,positional_synthetic_v1
pos_synthetic,1604,1,T05,positional_synthetic_v1
pos_synthetic,1604,2,O10,positional_synthetic_v1
pos_synthetic,1604,3,N03,positional_synthetic_v1
pos_synthetic,1605,1,O04,positional_synthetic_v1
pos_synthetic,1605,2,O04,positional_synthetic_v1
pos_synthetic,1605,3,O05,positional_synthetic_v1
pos_synthetic,1605,4,N02,positional_synthetic_v1
pos_synthetic,1606,1,T01,positional_synthetic_v1
pos_synthetic,1606,2,O36,positional_synthetic_v1
pos_synthetic,1606,3,S02,positional_synthetic_v1
pos_synthetic,1607,1,O17,positional_synthetic_v1
pos_synthetic,1607,2,O00,positional_synthetic_v1
pos_synthetic,1607,3,O00,positional_synthetic_v1
pos_synthetic,1607,4,O02,positional_synthetic_v1
pos_synthetic,1607,5,S02,positional_synthetic_v1
pos_synthetic,1608,1,T01,positional_synthetic_v1
pos_synthetic,1608,2,O03,positional_synthetic_v1
pos_synthetic,1608,3,T01,positional_synthetic_v1
pos_synthetic,1608,4,O00,positional_synthetic_v1
pos_synthetic,1608,5,O04,positional_synthetic_v1
pos_synthetic,1608,6,S00,positional_synthetic_v1
pos_synthetic,1609,1,O04,positional_synthetic_v1
pos_synthetic,1609,2,O04,positional_synthetic_v1
pos_synthetic,1609,3,O00,positional_synthetic_v1
pos_synthetic,1609,4,O00,positional_synthetic_v1
pos_synthetic,1609,5,O34,positional_synthetic_v1
pos_synthetic,1609,6,O01,positional_synthetic_v1
pos_synthetic,1609,7,S00,positional_synthetic_v1
pos_synthetic,1610,1,T02,positional_synthetic_v1
pos_synthetic,1610,2,O04,positional_synthetic_v1
pos_synthetic,1610,3,O05,positional_synthetic_v1
pos_synthetic,1610,4,O00,positional_synthetic_v1
pos_synthetic,1610,5,O20,positional_synthetic_v1
pos_synthetic,1610,6,S00,positional_synthetic_v1
pos_synthetic,1611,1,O02,positional_synthetic_v1
pos_synthetic,1611,2,O01,positional_synthetic_v1
pos_synthetic,1611,3,O16,positional_synthetic_v1
pos_synthetic,1611,4,O25,positional_synthetic_v1
pos_synthetic,1611,5,S02,positional_synthetic_v1
pos_synthetic,1612,1,T03,positional_synthetic_v1
pos_synthetic,1612,2,O25,positional_synthetic_v1
pos_synthetic,1612,3,S01,positional_synthetic_v1
pos_synthetic,1613,1,T00,positional_synthetic_v1
pos_synthetic,1613,2,O13,positional_synthetic_v1
pos_synthetic,1613,3,N00,positional_synthetic_v1
pos_synthetic,1614,1,T01,positional_synthetic_v1
pos_synthetic,1614,2,O01,positional_synthetic_v1
pos_synthetic,1614,3,N00,positional_synthetic_v1
pos_synthetic,1615,1,T02,positional_synthetic_v1
pos_synthetic,1615,2,O15,positional_synthetic_v1
pos_synthetic,1615,3,O04,positional_synthetic_v1
pos_synthetic,1615,4,O15,positional_synthetic_v1
pos_synthetic,1615,5,O00,positional_synthetic_v1
pos_synthetic,1616,1,T01,positional_synthetic_v1
pos_synthetic,1616,2,O02,positional_synthetic_v1
pos_synthetic,1616,3,O00,positional_synthetic_v1
pos_synthetic,1616,4,O03,positional_synthetic_v1
pos_synthetic,1616,5,O05,positional_synthetic_v1
pos_synthetic,1616,6,N01,positional_synthetic_v1
pos_synthetic,1617,1,T03,positional_synthetic_v1
pos_synthetic,1617,2,O03,positional_synthetic_v1
pos_synthetic,1617,3,O00,positional_synthetic_v1
pos_synthetic,1618,1,T00,positional_synthetic_v1
pos_synthetic,1618,2,O04,positional_synthetic_v1
pos_synthetic,1618,3,O00,positional_synthetic_v1
pos_synthetic,1618,4,S00,positional_synthetic_v1
pos_synthetic,1619,1,T01,positional_synthetic_v1
pos_synthetic,1619,2,O01,positional_synthetic_v1
pos_synthetic,1619,3,N02,positional_synthetic_v1
pos_synthetic,1620,1,T02,positional_synthetic_v1
pos_synthetic,1620,2,O01,positional_synthetic_v1
pos_synthetic,1620,3,O09,positional_synthetic_v1
pos_synthetic,1620,4,O05,positional_synthetic_v1
pos_synthetic,1620,5,S01,positional_synthetic_v1
pos_synthetic,1621,1,T00,positional_synthetic_v1
pos_synthetic,1621,2,O06,positional_synthetic_v1
pos_synthetic,1621,3,O01,positional_synthetic_v1
pos_synthetic,1621,4,T06,positional_synthetic_v1
pos_synthetic,1621,5,N04,positional_synthetic_v1
pos_synthetic,1622,1,T01,positional_synthetic_v1
pos_synthetic,1622,2,O00,positional_synthetic_v1
pos_synthetic,1622,3,O00,positional_synthetic_v1
pos_synthetic,1622,4,O01,positional_synthetic_v1
pos_synthetic,1622,5,O02,positional_synthetic_v1
pos_synthetic,1622,6,O00,positional_synthetic_v1
pos_synthetic,1622,7,S00,positional_synthetic_v1
pos_synthetic,1623,1,T07,positional_synthetic_v1
pos_synthetic,1623,2,O00,positional_synthetic_v1
pos_synthetic,1623,3,O25,positional_synthetic_v1
pos_synthetic,1623,4,O22,positional_synthetic_v1
pos_synthetic,1623,5,O02,positional_synthetic_v1
pos_synthetic,1623,6,S00,positional_synthetic_v1
pos_synthetic,1624,1,T02,positional_synthetic_v1
pos_synthetic,1624,2,T00,positional_synthetic_v1
pos_synthetic,1624,3,N00,positional_synthetic_v1
pos_synthetic,1625,1,T01,positional_synthetic_v1
pos_synthetic,1625,2,O02,positional_synthetic_v1
pos_synthetic,1625,3,N01,positional_synthetic_v1
pos_synthetic,1626,1,T00,positional_synthetic_v1
pos_synthetic,1626,2,T00,positional_synthetic_v1
pos_synthetic,1626,3,O00,positional_synthetic_v1
pos_synthetic,1626,4,O00,positional_synthetic_v1
pos_synthetic,1626,5,N00,positional_synthetic_v1
pos_synthetic,1627,1,O00,positional_synthetic_v1
pos_synthetic,1627,2,O00,positional_synthetic_v1
pos_synthetic,1627,3,O12,positional_synthetic_v1
pos_synthetic,1627,4,O00,positional_synthetic_v1
pos_synthetic,1627,5,O05,positional_synthetic_v1
pos_synthetic,1627,6,N00,positional_synthetic_v1
pos_synthetic,1628,1,T04,positional_synthetic_v1
pos_synthetic,1628,2,O02,positional_synthetic_v1
pos_synthetic,1628,3,S00,positional_synthetic_v1
pos_synthetic,1629,1,T00,positional_synthetic_v1
pos_synthetic,1629,2,O03,positional_synthetic_v1
pos_synthetic,1629,3,O00,positional_synthetic_v1
pos_synthetic,1629,4,O39,positional_synthetic_v1
pos_synthetic,1630,1,T00,positional_synthetic_v1
pos_synthetic,1630,2,O01,positional_synthetic_v1
pos_synthetic,1630,3,O07,positional_synthetic_v1
pos_synthetic,1630,4,O01,positional_synthetic_v1
pos_synthetic,1630,5,S00,positional_synthetic_v1
pos_synthetic,1631,1,T02,positional_synthetic_v1
pos_synthetic,1631,2,O00,positional_synthetic_v1
pos_synthetic,1631,3,O15,positional_synthetic_v1
pos_synthetic,1631,4,O08,positional_synthetic_v1
pos_synthetic,1631,5,N00,positional_synthetic_v1
pos_synthetic,1632,1,O00,positional_synthetic_v1
pos_synthetic,1632,2,O01,positional_synthetic_v1
pos_synthetic,1632,3,O34,positional_synthetic_v1
pos_synthetic,1632,4,O00,positional_synthetic_v1
pos_synthetic,1632,5,O02,positional_synthetic_v1
pos_synthetic,1632,6,O00,positional_synthetic_v1
pos_synthetic,1632,7,S01,positional_synthetic_v1
pos_synthetic,1633,1,O29,positional_synthetic_v1
pos_synthetic,1633,2,O02,positional_synthetic_v1
pos_synthetic,1633,3,O13,positional_synthetic_v1
pos_synthetic,1633,4,O03,positional_synthetic_v1
pos_synthetic,1633,5,S00,positional_synthetic_v1
pos_synthetic,1634,1,T01,positional_synthetic_v1
pos_synthetic,1634,2,T06,positional_synthetic_v1
pos_synthetic,1634,3,O16,positional_synthetic_v1
pos_synthetic,1634,4,O00,positional_synthetic_v1
pos_synthetic,1634,5,O00,positional_synthetic_v1
pos_synthetic,1634,6,S03,positional_synthetic_v1
pos_synthetic,1635,1,T04,positional_synthetic_v1
pos_synthetic,1635,2,O10,positional_synthetic_v1
pos_synthetic,1635,3,O01,positional_synthetic_v1
pos_synthetic,1635,4,S00,positional_synthetic_v1
pos_synthetic,1636,1,T00,positional_synthetic_v1
pos_synthetic,1636,2,O02,positional_synthetic_v1
pos_synthetic,1636,3,O00,positional_synthetic_v1
pos_synthetic,1636,4,O00,positional_synthetic_v1
pos_synthetic,1636,5,O19,positional_synthetic_v1
pos_synthetic,1636,6,S00,positional_synthetic_v1
pos_synthetic,1637,1,T01,positional_synthetic_v1
pos_synthetic,1637,2,O01,positional_synthetic_v1
pos_synthetic,1637,3,O08,positional_synthetic_v1
pos_synthetic,1637,4,O10,positional_synthetic_v1
pos_synthetic,1637,5,N03,positional_synthetic_v1
pos_synthetic,1638,1,T02,positional_synthetic_v1
pos_synthetic,1638,2,O00,positional_synthetic_v1
pos_synthetic,1638,3,O01,positional_synthetic_v1
pos_synthetic,1639,1,O02,positional_synthetic_v1
pos_synthetic,1639,2,O01,positional_synthetic_v1
pos_synthetic,1639,3,O09,positional_synthetic_v1
pos_synthetic,1639,4,O01,positional_synthetic_v1
pos_synthetic,1640,1,T00,positional_synthetic_v1
pos_synthetic,1640,2,O01,positional_synthetic_v1
pos_synthetic,1640,3,O34,positional_synthetic_v1
pos_synthetic,1640,4,O00,positional_synthetic_v1
pos_synthetic,1640,5,S00,positional_synthetic_v1
pos_synthetic,1641,1,T00,positional_synthetic_v1
pos_synthetic,1641,2,O02,positional_synthetic_v1
pos_synthetic,1641,3,O07,positional_synthetic_v1
pos_synthetic,1641,4,O02,positional_synthetic_v1
pos_synthetic,1641,5,S00,positional_synthetic_v1
pos_synthetic,1642,1,T00,positional_synthetic_v1
pos_synthetic,1642,2,O26,positional_synthetic_v1
pos_synthetic,1642,3,O01,positional_synthetic_v1
pos_synthetic,1642,4,T01,positional_synthetic_v1
pos_synthetic,1642,5,O11,positional_synthetic_v1
pos_synthetic,1642,6,N00,positional_synthetic_v1
pos_synthetic,1643,1,T02,positional_synthetic_v1
pos_synthetic,1643,2,O00,positional_synthetic_v1
pos_synthetic,1643,3,S00,positional_synthetic_v1
pos_synthetic,1644,1,T04,positional_synthetic_v1
pos_synthetic,1644,2,O00,positional_synthetic_v1
pos_synthetic,1644,3,N02,positional_synthetic_v1
pos_synthetic,1645,1,T06,positional_synthetic_v1
pos_synthetic,1645,2,O02,positional_synthetic_v1
pos_synthetic,1645,3,T01,positional_synthetic_v1
pos_synthetic,1645,4,O02,positional_synthetic_v1
pos_synthetic,1645,5,O01,positional_synthetic_v1
pos_synthetic,1645,6,O02,positional_synthetic_v1
pos_synthetic,1645,7,N01,positional_synthetic_v1
pos_synthetic,1646,1,T07,positional_synthetic_v1
pos_synthetic,1646,2,O26,positional_synthetic_v1
pos_synthetic,1646,3,N04,positional_synthetic_v1
pos_synthetic,1647,1,O19,positional_synthetic_v1
pos_synthetic,1647,2,O02,positional_synthetic_v1
pos_synthetic,1647,3,O05,positional_synthetic_v1
pos_synthetic,1647,4,S00,positional_synthetic_v1
pos_synthetic,1648,1,T06,positional_synthetic_v1
pos_synthetic,1648,2,O01,positional_synthetic_v1
pos_synthetic,1648,3,O04,positional_synthetic_v1
pos_synthetic,1648,4,S03,positional_synthetic_v1
pos_synthetic,1649,1,T00,positional_synthetic_v1
pos_synthetic,1649,2,O08,positional_synthetic_v1
pos_synthetic,1649,3,O02,positional_synthetic_v1
pos_synthetic,1649,4,S02,positional_synthetic_v1
pos_synthetic,1650,1,O03,positional_synthetic_v1
pos_synthetic,1650,2,O05,positional_synthetic_v1
pos_synthetic,1650,3,O01,positional_synthetic_v1
pos_synthetic,1651,1,T01,positional_synthetic_v1
pos_synthetic,1651,2,O04,positional_synthetic_v1
pos_synthetic,1651,3,T00,positional_synthetic_v1
pos_synthetic,1651,4,N00,positional_synthetic_v1
pos_synthetic,1652,1,O30,positional_synthetic_v1
pos_synthetic,1652,2,O02,positional_synthetic_v1
pos_synthetic,1652,3,S01,positional_synthetic_v1
pos_synthetic,1652,4,O01,positional_synthetic_v1
pos_synthetic,1652,5,O01,positional_synthetic_v1
pos_synthetic,1652,6,O01,positional_synthetic_v1
pos_synthetic,1652,7,N00,positional_synthetic_v1
pos_synthetic,1653,1,T01,positional_synthetic_v1
pos_synthetic,1653,2,O03,positional_synthetic_v1
pos_synthetic,1653,3,O02,positional_synthetic_v1
pos_synthetic,1653,4,S00,positional_synthetic_v1
pos_synthetic,1653,5,O02,positional_synthetic_v1
pos_synthetic,1653,6,O00,positional_synthetic_v1
pos_synthetic,1653,7,S03,positional_synthetic_v1
pos_synthetic,1654,1,T01,positional_synthetic_v1
pos_synthetic,1654,2,O05,positional_synthetic_v1
pos_synthetic,1654,3,O01,positional_synthetic_v1
pos_synthetic,1654,4,O22,positional_synthetic_v1
pos_synthetic,1654,5,O05,positional_synthetic_v1
pos_synthetic,1654,6,S00,positional_synthetic_v1
pos_synthetic,1655,1,T06,positional_synthetic_v1
pos_synthetic,1655,2,O13,positional_synthetic_v1
pos_synthetic,1655,3,O16,positional_synthetic_v1
pos_synthetic,1655,4,O00,positional_synthetic_v1
pos_synthetic,1655,5,O00,positional_synthetic_v1
pos_synthetic,1655,6,O00,positional_synthetic_v1
pos_synthetic,1655,7,S02,positional_synthetic_v1
pos_synthetic,1656,1,T00,positional_synthetic_v1
pos_synthetic,1656,2,O00,positional_synthetic_v1
pos_synthetic,1656,3,N00,positional_synthetic_v1
pos_synthetic,1657,1,T00,positional_synthetic_v1
pos_synthetic,1657,2,O00,positional_synthetic_v1
pos_synthetic,1657,3,O11,positional_synthetic_v1
pos_synthetic,1657,4,S00,positional_synthetic_v1
pos_synthetic,1658,1,T01,positional_synthetic_v1
pos_synthetic,1658,2,O01,positional_synthetic_v1
pos_synthetic,1658,3,O00,positional_synthetic_v1
pos_synthetic,1658,4,O06,positional_synthetic_v1
pos_synthetic,1658,5,S01,positional_synthetic_v1
pos_synthetic,1659,1,T02,positional_synthetic_v1
pos_synthetic,1659,2,O00,positional_synthetic_v1
pos_synthetic,1659,3,O29,positional_synthetic_v1
pos_synthetic,1659,4,O12,positional_synthetic_v1
pos_synthetic,1659,5,S00,positional_synthetic_v1
pos_synthetic,1660,1,T06,positional_synthetic_v1
pos_synthetic,1660,2,O12,positional_synthetic_v1
pos_synthetic,1660,3,O14,positional_synthetic_v1
pos_synthetic,1660,4,O00,positional_synthetic_v1
pos_synthetic,1660,5,O08,positional_synthetic_v1
pos_synthetic,1660,6,S01,positional_synthetic_v1
pos_synthetic,1661,1,T01,positional_synthetic_v1
pos_synthetic,1661,2,O27,positional_synthetic_v1
pos_synthetic,1661,3,O01,positional_synthetic_v1
pos_synthetic,1661,4,S00,positional_synthetic_v1
pos_synthetic,1662,1,T06,positional_synthetic_v1
pos_synthetic,1662,2,O00,positional_synthetic_v1
pos_synthetic,1662,3,O02,positional_synthetic_v1
pos_synthetic,1662,4,O06,positional_synthetic_v1
pos_synthetic,1662,5,O11,positional_synthetic_v1
pos_synthetic,1662,6,O03,positional_synthetic_v1
pos_synthetic,1662,7,N05,positional_synthetic_v1
pos_synthetic,1663,1,T06,positional_synthetic_v1
pos_synthetic,1663,2,O00,positional_synthetic_v1
pos_synthetic,1663,3,O01,positional_synthetic_v1
pos_synthetic,1663,4,O00,positional_synthetic_v1
pos_synthetic,1663,5,S01,positional_synthetic_v1
pos_synthetic,1664,1,O22,positional_synthetic_v1
pos_synthetic,1664,2,T04,positional_synthetic_v1
pos_synthetic,1664,3,O00,positional_synthetic_v1
pos_synthetic,1664,4,O00,positional_synthetic_v1
pos_synthetic,1664,5,O03,positional_synthetic_v1
pos_synthetic,1664,6,S00,positional_synthetic_v1
pos_synthetic,1665,1,T05,positional_synthetic_v1
pos_synthetic,1665,2,O24,positional_synthetic_v1
pos_synthetic,1665,3,N00,positional_synthetic_v1
pos_synthetic,1666,1,O19,positional_synthetic_v1
pos_synthetic,1666,2,O01,positional_synthetic_v1
pos_synthetic,1666,3,N03,positional_synthetic_v1
pos_synthetic,1667,1,T01,positional_synthetic_v1
pos_synthetic,1667,2,O00,positional_synthetic_v1
pos_synthetic,1667,3,T06,positional_synthetic_v1
pos_synthetic,1667,4,N01,positional_synthetic_v1
pos_synthetic,1668,1,T03,positional_synthetic_v1
pos_synthetic,1668,2,O01,positional_synthetic_v1
pos_synthetic,1668,3,O00,positional_synthetic_v1
pos_synthetic,1668,4,O00,positional_synthetic_v1
pos_synthetic,1668,5,O02,positional_synthetic_v1
pos_synthetic,1668,6,O06,positional_synthetic_v1
pos_synthetic,1668,7,N00,positional_synthetic_v1
pos_synthetic,1669,1,T02,positional_synthetic_v1
pos_synthetic,1669,2,O06,positional_synthetic_v1
pos_synthetic,1669,3,O07,positional_synthetic_v1
pos_synthetic,1669,4,O02,positional_synthetic_v1
pos_synthetic,1670,1,T05,positional_synthetic_v1
pos_synthetic,1670,2,O02,positional_synthetic_v1
pos_synthetic,1670,3,T01,positional_synthetic_v1
pos_synthetic,1670,4,N00,positional_synthetic_v1
pos_synthetic,1671,1,T00,positional_synthetic_v1
pos_synthetic,1671,2,O00,positional_synthetic_v1
pos_synthetic,1671,3,O04,positional_synthetic_v1
pos_synthetic,1672,1,T00,positional_synthetic_v1
pos_synthetic,1672,2,S00,positional_synthetic_v1
pos_synthetic,1672,3,O10,positional_synthetic_v1
pos_synthetic,1672,4,N00,positional_synthetic_v1
pos_synthetic,1673,1,T00,positional_synthetic_v1
pos_synthetic,1673,2,O00,positional_synthetic_v1
pos_synthetic,1673,3,S02,positional_synthetic_v1
pos_synthetic,1673,4,O00,positional_synthetic_v1
pos_synthetic,1673,5,S00,positional_synthetic_v1
pos_synthetic,1673,6,S01,positional_synthetic_v1
pos_synthetic,1674,1,T02,positional_synthetic_v1
pos_synthetic,1674,2,O12,positional_synthetic_v1
pos_synthetic,1674,3,O00,positional_synthetic_v1
pos_synthetic,1674,4,O00,positional_synthetic_v1
pos_synthetic,1674,5,O00,positional_synthetic_v1
pos_synthetic,1674,6,N00,positional_synthetic_v1
pos_synthetic,1675,1,T00,positional_synthetic_v1
pos_synthetic,1675,2,O00,positional_synthetic_v1
pos_synthetic,1675,3,N01,positional_synthetic_v1
pos_synthetic,1676,1,T02,positional_synthetic_v1
pos_synthetic,1676,2,O01,positional_synthetic_v1
pos_synthetic,1676,3,O07,positional_synthetic_v1
pos_synthetic,1676,4,O01,positional_synthetic_v1
pos_synthetic,1676,5,O00,positional_synthetic_v1
pos_synthetic,1676,6,O03,positional_synthetic_v1
pos_synthetic,1676,7,S00,positional_synthetic_v1
pos_synthetic,1677,1,O01,positional_synthetic_v1
pos_synthetic,1677,2,O27,positional_synthetic_v1
pos_synthetic,1677,3,O07,positional_synthetic_v1
pos_synthetic,1677,4,O00,positional_synthetic_v1
pos_synthetic,1677,5,N04,positional_synthetic_v1
pos_synthetic,1678,1,T03,positional_synthetic_v1
pos_synthetic,1678,2,O04,positional_synthetic_v1
pos_synthetic,1678,3,O13,positional_synthetic_v1
pos_synthetic,1678,4,O01,positional_synthetic_v1
pos_synthetic,1678,5,N00,positional_synthetic_v1
pos_synthetic,1679,1,T01,positional_synthetic_v1
pos_synthetic,1679,2,O03,positional_synthetic_v1
pos_synthetic,1679,3,S01,positional_synthetic_v1
pos_synthetic,1679,4,O03,positional_synthetic_v1
pos_synthetic,1679,5,O28,positional_synthetic_v1
pos_synthetic,1679,6,O21,positional_synthetic_v1
pos_synthetic,1679,7,N05,positional_synthetic_v1
pos_synthetic,1680,1,O11,positional_synthetic_v1
pos_synthetic,1680,2,O27,positional_synthetic_v1
pos_synthetic,1680,3,O00,positional_synthetic_v1
pos_synthetic,1680,4,O00,positional_synthetic_v1
pos_synthetic,1680,5,O02,positional_synthetic_v1
pos_synthetic,1680,6,O15,positional_synthetic_v1
pos_synthetic,1680,7,S01,positional_synthetic_v1
pos_synthetic,1681,1,O00,positional_synthetic_v1
pos_synthetic,1681,2,O00,positional_synthetic_v1
pos_synthetic,1681,3,O08,positional_synthetic_v1
pos_synthetic,1681,4,O00,positional_synthetic_v1
pos_synthetic,1681,5,S00,positional_synthetic_v1
pos_synthetic,1682,1,O01,positional_synthetic_v1
pos_synthetic,1682,2,O07,positional_synthetic_v1
pos_synthetic,1682,3,O01,positional_synthetic_v1
pos_synthetic,1682,4,O03,positional_synthetic_v1
pos_synthetic,1683,1,T00,positional_synthetic_v1
pos_synthetic,1683,2,O12,positional_synthetic_v1
pos_synthetic,1683,3,O01,positional_synthetic_v1
pos_synthetic,1683,4,O05,positional_synthetic_v1
pos_synthetic,1683,5,O07,positional_synthetic_v1
pos_synthetic,1683,6,O00,positional_synthetic_v1
pos_synthetic,1683,7,S01,positional_synthetic_v1
pos_synthetic,1684,1,T01,positional_synthetic_v1
pos_synthetic,1684,2,O00,positional_synthetic_v1
pos_synthetic,1684,3,O27,positional_synthetic_v1
pos_synthetic,1684,4,O09,positional_synthetic_v1
pos_synthetic,1684,5,N00,positional_synthetic_v1
pos_synthetic,1685,1,T00,positional_synthetic_v1
pos_synthetic,1685,2,O12,positional_synthetic_v1
pos_synthetic,1685,3,S02,positional_synthetic_v1
pos_synthetic,1686,1,O01,positional_synthetic_v1
pos_synthetic,1686,2,O07,positional_synthetic_v1
pos_synthetic,1686,3,T00,positional_synthetic_v1
pos_synthetic,1686,4,S01,positional_synthetic_v1
pos_synthetic,1687,1,T07,positional_synthetic_v1
pos_synthetic,1687,2,O00,positional_synthetic_v1
pos_synthetic,1687,3,O02,positional_synthetic_v1
pos_synthetic,1687,4,O06,positional_synthetic_v1
pos_synthetic,1687,5,N01,positional_synthetic_v1
pos_synthetic,1688,1,T04,positional_synthetic_v1
pos_synthetic,1688,2,O09,positional_synthetic_v1
pos_synthetic,1688,3,O00,positional_synthetic_v1
pos_synthetic,1688,4,S01,positional_synthetic_v1
pos_synthetic,1689,1,T04,positional_synthetic_v1
pos_synthetic,1689,2,O05,positional_synthetic_v1
pos_synthetic,1689,3,O16,positional_synthetic_v1
pos_synthetic,1689,4,N00,positional_synthetic_v1
pos_synthetic,1690,1,T00,positional_synthetic_v1
pos_synthetic,1690,2,O18,positional_synthetic_v1
pos_synthetic,1690,3,O00,positional_synthetic_v1
pos_synthetic,1691,1,T00,positional_synthetic_v1
pos_synthetic,1691,2,O11,positional_synthetic_v1
pos_synthetic,1691,3,O14,positional_synthetic_v1
pos_synthetic,1691,4,N00,positional_synthetic_v1
pos_synthetic,1692,1,T04,positional_synthetic_v1
pos_synthetic,1692,2,O06,positional_synthetic_v1
pos_synthetic,1692,3,O02,positional_synthetic_v1
pos_synthetic,1692,4,O13,positional_synthetic_v1
pos_synthetic,1692,5,S00,positional_synthetic_v1
pos_synthetic,1693,1,O00,positional_synthetic_v1
pos_synthetic,1693,2,O02,positional_synthetic_v1
pos_synthetic,1693,3,O03,positional_synthetic_v1
pos_synthetic,1693,4,O12,positional_synthetic_v1
pos_synthetic,1693,5,O11,positional_synthetic_v1
pos_synthetic,1693,6,S02,positional_synthetic_v1
pos_synthetic,1694,1,T00,positional_synthetic_v1
pos_synthetic,1694,2,O00,positional_synthetic_v1
pos_synthetic,1694,3,O17,positional_synthetic_v1
pos_synthetic,1694,4,O00,positional_synthetic_v1
pos_synthetic,1694,5,T00,positional_synthetic_v1
pos_synthetic,1694,6,O06,positional_synthetic_v1
pos_synthetic,1694,7,N00,positional_synthetic_v1
pos_synthetic,1695,1,O18,positional_synthetic_v1
pos_synthetic,1695,2,O00,positional_synthetic_v1
pos_synthetic,1695,3,O00,positional_synthetic_v1
pos_synthetic,1695,4,O00,positional_synthetic_v1
pos_synthetic,1695,5,S00,positional_synthetic_v1
pos_synthetic,1696,1,T01,positional_synthetic_v1
pos_synthetic,1696,2,O18,positional_synthetic_v1
pos_synthetic,1696,3,O22,positional_synthetic_v1
pos_synthetic,1696,4,S00,positional_synthetic_v1
pos_synthetic,1697,1,T01,positional_synthetic_v1
pos_synthetic,1697,2,O28,positional_synthetic_v1
pos_synthetic,1697,3,N07,positional_synthetic_v1
pos_synthetic,1698,1,O00,positional_synthetic_v1
pos_synthetic,1698,2,S01,positional_synthetic_v1
pos_synthetic,1698,3,S00,positional_synthetic_v1
pos_synthetic,1699,1,T00,positional_synthetic_v1
pos_synthetic,1699,2,T01,positional_synthetic_v1
pos_synthetic,1699,3,O02,positional_synthetic_v1
pos_synthetic,1699,4,O00,positional_synthetic_v1
pos_synthetic,1699,5,O06,positional_synthetic_v1
pos_synthetic,1699,6,O00,positional_synthetic_v1
pos_synthetic,1699,7,N01,positional_synthetic_v1
pos_synthetic,1700,1,T00,positional_synthetic_v1
pos_synthetic,1700,2,O00,positional_synthetic_v1
pos_synthetic,1700,3,N00,positional_synthetic_v1
pos_synthetic,1701,1,O00,positional_synthetic_v1
pos_synthetic,1701,2,O03,positional_synthetic_v1
pos_synthetic,1701,3,O00,positional_synthetic_v1
pos_synthetic,1701,4,O02,positional_synthetic_v1
pos_synthetic,1701,5,O00,positional_synthetic_v1
pos_synthetic,1701,6,O05,positional_synthetic_v1
pos_synthetic,1701,7,S00,positional_synthetic_v1
pos_synthetic,1702,1,T01,positional_synthetic_v1
pos_synthetic,1702,2,O00,positional_synthetic_v1
pos_synthetic,1702,3,O04,positional_synthetic_v1
pos_synthetic,1702,4,O00,positional_synthetic_v1
pos_synthetic,1702,5,S00,positional_synthetic_v1
pos_synthetic,1703,1,T06,positional_synthetic_v1
pos_synthetic,1703,2,O03,positional_synthetic_v1
pos_synthetic,1703,3,O03,positional_synthetic_v1
pos_synthetic,1703,4,O01,positional_synthetic_v1
pos_synthetic,1703,5,O28,positional_synthetic_v1
pos_synthetic,1703,6,T03,positional_synthetic_v1
pos_synthetic,1703,7,S02,positional_synthetic_v1
pos_synthetic,1704,1,T01,positional_synthetic_v1
pos_synthetic,1704,2,O13,positional_synthetic_v1
pos_synthetic,1704,3,O13,positional_synthetic_v1
pos_synthetic,1704,4,O00,positional_synthetic_v1
pos_synthetic,1704,5,O06,positional_synthetic_v1
pos_synthetic,1704,6,S00,positional_synthetic_v1
pos_synthetic,1705,1,T00,positional_synthetic_v1
pos_synthetic,1705,2,O07,positional_synthetic_v1
pos_synthetic,1705,3,O00,positional_synthetic_v1
pos_synthetic,1705,4,O00,positional_synthetic_v1
pos_synthetic,1705,5,O07,positional_synthetic_v1
pos_synthetic,1705,6,N00,positional_synthetic_v1
pos_synthetic,1706,1,T00,positional_synthetic_v1
pos_synthetic,1706,2,O00,positional_synthetic_v1
pos_synthetic,1706,3,O01,positional_synthetic_v1
pos_synthetic,1706,4,N01,positional_synthetic_v1
pos_synthetic,1707,1,T00,positional_synthetic_v1
pos_synthetic,1707,2,O32,positional_synthetic_v1
pos_synthetic,1707,3,S00,positional_synthetic_v1
pos_synthetic,1708,1,O01,positional_synthetic_v1
pos_synthetic,1708,2,O02,positional_synthetic_v1
pos_synthetic,1708,3,O04,positional_synthetic_v1
pos_synthetic,1708,4,O00,positional_synthetic_v1
pos_synthetic,1708,5,S02,positional_synthetic_v1
pos_synthetic,1709,1,T00,positional_synthetic_v1
pos_synthetic,1709,2,T00,positional_synthetic_v1
pos_synthetic,1709,3,O17,positional_synthetic_v1
pos_synthetic,1709,4,S00,positional_synthetic_v1
pos_synthetic,1710,1,T02,positional_synthetic_v1
pos_synthetic,1710,2,O00,positional_synthetic_v1
pos_synthetic,1710,3,O08,positional_synthetic_v1
pos_synthetic,1710,4,O02,positional_synthetic_v1
pos_synthetic,1710,5,T04,positional_synthetic_v1
pos_synthetic,1710,6,S03,positional_synthetic_v1
pos_synthetic,1711,1,T05,positional_synthetic_v1
pos_synthetic,1711,2,O02,positional_synthetic_v1
pos_synthetic,1711,3,O01,positional_synthetic_v1
pos_synthetic,1711,4,O02,positional_synthetic_v1
pos_synthetic,1711,5,O06,positional_synthetic_v1
pos_synthetic,1711,6,S00,positional_synthetic_v1
pos_synthetic,1712,1,T05,positional_synthetic_v1
pos_synthetic,1712,2,O12,positional_synthetic_v1
pos_synthetic,1712,3,O34,positional_synthetic_v1
pos_synthetic,1712,4,S00,positional_synthetic_v1
pos_synthetic,1713,1,T00,positional_synthetic_v1
pos_synthetic,1713,2,O00,positional_synthetic_v1
pos_synthetic,1713,3,O00,positional_synthetic_v1
pos_synthetic,1713,4,N01,positional_synthetic_v1
pos_synthetic,1714,1,T03,positional_synthetic_v1
pos_synthetic,1714,2,O20,positional_synthetic_v1
pos_synthetic,1714,3,O04,positional_synthetic_v1
pos_synthetic,1714,4,O00,positional_synthetic_v1
pos_synthetic,1714,5,O00,positional_synthetic_v1
pos_synthetic,1714,6,S00,positional_synthetic_v1
pos_synthetic,1715,1,T01,positional_synthetic_v1
pos_synthetic,1715,2,O00,positional_synthetic_v1
pos_synthetic,1715,3,N00,positional_synthetic_v1
pos_synthetic,1716,1,T00,positional_synthetic_v1
pos_synthetic,1716,2,O05,positional_synthetic_v1
pos_synthetic,1716,3,S00,positional_synthetic_v1
pos_synthetic,1717,1,T00,positional_synthetic_v1
pos_synthetic,1717,2,O29,positional_synthetic_v1
pos_synthetic,1717,3,T00,positional_synthetic_v1
pos_synthetic,1717,4,O02,positional_synthetic_v1
pos_synthetic,1717,5,S01,positional_synthetic_v1
pos_synthetic,1718,1,T06,positional_synthetic_v1
pos_synthetic,1718,2,O01,positional_synthetic_v1
pos_synthetic,1718,3,O02,positional_synthetic_v1
pos_synthetic,1718,4,S00,positional_synthetic_v1
pos_synthetic,1718,5,O04,positional_synthetic_v1
pos_synthetic,1718,6,O00,positional_synthetic_v1
pos_synthetic,1718,7,S01,positional_synthetic_v1
pos_synthetic,1719,1,O03,positional_synthetic_v1
pos_synthetic,1719,2,O00,positional_synthetic_v1
pos_synthetic,1719,3,O06,positional_synthetic_v1
pos_synthetic,1719,4,O04,positional_synthetic_v1
pos_synthetic,1719,5,O00,positional_synthetic_v1
pos_synthetic,1719,6,O02,positional_synthetic_v1
pos_synthetic,1720,1,O07,positional_synthetic_v1
pos_synthetic,1720,2,O02,positional_synthetic_v1
pos_synthetic,1720,3,O01,positional_synthetic_v1
pos_synthetic,1720,4,O01,positional_synthetic_v1
pos_synthetic,1720,5,N01,positional_synthetic_v1
pos_synthetic,1721,1,T06,positional_synthetic_v1
pos_synthetic,1721,2,T02,positional_synthetic_v1
pos_synthetic,1721,3,T00,positional_synthetic_v1
pos_synthetic,1721,4,T01,positional_synthetic_v1
pos_synthetic,1721,5,N05,positional_synthetic_v1
pos_synthetic,1722,1,O00,positional_synthetic_v1
pos_synthetic,1722,2,T07,positional_synthetic_v1
pos_synthetic,1722,3,O28,positional_synthetic_v1
pos_synthetic,1722,4,N00,positional_synthetic_v1
pos_synthetic,1723,1,T06,positional_synthetic_v1
pos_synthetic,1723,2,O01,positional_synthetic_v1
pos_synthetic,1723,3,O15,positional_synthetic_v1
pos_synthetic,1723,4,S00,positional_synthetic_v1
pos_synthetic,1724,1,T02,positional_synthetic_v1
pos_synthetic,1724,2,O10,positional_synthetic_v1
pos_synthetic,1724,3,O00,positional_synthetic_v1
pos_synthetic,1724,4,O04,positional_synthetic_v1
pos_synthetic,1724,5,O00,positional_synthetic_v1
pos_synthetic,1724,6,S00,positional_synthetic_v1
pos_synthetic,1725,1,T01,positional_synthetic_v1
pos_synthetic,1725,2,O01,positional_synthetic_v1
pos_synthetic,1725,3,O00,positional_synthetic_v1
pos_synthetic,1725,4,O00,positional_synthetic_v1
pos_synthetic,1725,5,O00,positional_synthetic_v1
pos_synthetic,1725,6,N01,positional_synthetic_v1
pos_synthetic,1726,1,T06,positional_synthetic_v1
pos_synthetic,1726,2,O00,positional_synthetic_v1
pos_synthetic,1726,3,O28,positional_synthetic_v1
pos_synthetic,1726,4,O08,positional_synthetic_v1
pos_synthetic,1726,5,O05,positional_synthetic_v1
pos_synthetic,1726,6,S02,positional_synthetic_v1
pos_synthetic,1727,1,T00,positional_synthetic_v1
pos_synthetic,1727,2,O02,positional_synthetic_v1
pos_synthetic,1727,3,N02,positional_synthetic_v1
pos_synthetic,1728,1,T01,positional_synthetic_v1
pos_synthetic,1728,2,O14,positional_synthetic_v1
pos_synthetic,1728,3,O00,positional_synthetic_v1
pos_synthetic,1728,4,N02,positional_synthetic_v1
pos_synthetic,1729,1,T01,positional_synthetic_v1
pos_synthetic,1729,2,O01,positional_synthetic_v1
pos_synthetic,1729,3,O01,positional_synthetic_v1
pos_synthetic,1729,4,O04,positional_synthetic_v1
pos_synthetic,1729,5,O19,positional_synthetic_v1
pos_synthetic,1729,6,O02,positional_synthetic_v1
pos_synthetic,1729,7,N04,positional_synthetic_v1
pos_synthetic,1730,1,T00,positional_synthetic_v1
pos_synthetic,1730,2,O00,positional_synthetic_v1
pos_synthetic,1730,3,N00,positional_synthetic_v1
pos_synthetic,1731,1,T00,positional_synthetic_v1
pos_synthetic,1731,2,O01,positional_synthetic_v1
pos_synthetic,1731,3,O01,positional_synthetic_v1
pos_synthetic,1731,4,S01,positional_synthetic_v1
pos_synthetic,1732,1,T00,positional_synthetic_v1
pos_synthetic,1732,2,O00,positional_synthetic_v1
pos_synthetic,1732,3,N00,positional_synthetic_v1
pos_synthetic,1733,1,T01,positional_synthetic_v1
pos_synthetic,1733,2,O00,positional_synthetic_v1
pos_synthetic,1733,3,O00,positional_synthetic_v1
pos_synthetic,1733,4,O27,positional_synthetic_v1
pos_synthetic,1733,5,O12,positional_synthetic_v1
pos_synthetic,1733,6,O00,positional_synthetic_v1
pos_synthetic,1733,7,N00,positional_synthetic_v1
pos_synthetic,1734,1,T00,positional_synthetic_v1
pos_synthetic,1734,2,O11,positional_synthetic_v1
pos_synthetic,1734,3,O02,positional_synthetic_v1
pos_synthetic,1734,4,O00,positional_synthetic_v1
pos_synthetic,1734,5,N03,positional_synthetic_v1
pos_synthetic,1735,1,T00,positional_synthetic_v1
pos_synthetic,1735,2,O00,positional_synthetic_v1
pos_synthetic,1735,3,S00,positional_synthetic_v1
pos_synthetic,1736,1,T00,positional_synthetic_v1
pos_synthetic,1736,2,T00,positional_synthetic_v1
pos_synthetic,1736,3,O01,positional_synthetic_v1
pos_synthetic,1736,4,O00,positional_synthetic_v1
pos_synthetic,1736,5,O10,positional_synthetic_v1
pos_synthetic,1737,1,T00,positional_synthetic_v1
pos_synthetic,1737,2,O00,positional_synthetic_v1
pos_synthetic,1737,3,S02,positional_synthetic_v1
pos_synthetic,1738,1,T04,positional_synthetic_v1
pos_synthetic,1738,2,O02,positional_synthetic_v1
pos_synthetic,1738,3,O00,positional_synthetic_v1
pos_synthetic,1738,4,O08,positional_synthetic_v1
pos_synthetic,1738,5,O06,positional_synthetic_v1
pos_synthetic,1738,6,O00,positional_synthetic_v1
pos_synthetic,1739,1,T05,positional_synthetic_v1
pos_synthetic,1739,2,O00,positional_synthetic_v1
pos_synthetic,1739,3,O35,positional_synthetic_v1
pos_synthetic,1739,4,T04,positional_synthetic_v1
pos_synthetic,1739,5,O06,positional_synthetic_v1
pos_synthetic,1739,6,O26,positional_synthetic_v1
pos_synthetic,1739,7,S00,positional_synthetic_v1
pos_synthetic,1740,1,T01,positional_synthetic_v1
pos_synthetic,1740,2,O00,positional_synthetic_v1
pos_synthetic,1740,3,O01,positional_synthetic_v1
pos_synthetic,1740,4,O08,positional_synthetic_v1
pos_synthetic,1740,5,O01,positional_synthetic_v1
pos_synthetic,1740,6,O01,positional_synthetic_v1
pos_synthetic,1740,7,S02,positional_synthetic_v1
pos_synthetic,1741,1,T00,positional_synthetic_v1
pos_synthetic,1741,2,O01,positional_synthetic_v1
pos_synthetic,1741,3,O00,positional_synthetic_v1
pos_synthetic,1741,4,O06,positional_synthetic_v1
pos_synthetic,1742,1,O00,positional_synthetic_v1
pos_synthetic,1742,2,O05,positional_synthetic_v1
pos_synthetic,1742,3,O00,positional_synthetic_v1
pos_synthetic,1742,4,O00,positional_synthetic_v1
pos_synthetic,1742,5,O26,positional_synthetic_v1
pos_synthetic,1742,6,O00,positional_synthetic_v1
pos_synthetic,1742,7,N01,positional_synthetic_v1
pos_synthetic,1743,1,O00,positional_synthetic_v1
pos_synthetic,1743,2,O02,positional_synthetic_v1
pos_synthetic,1743,3,O02,positional_synthetic_v1
pos_synthetic,1743,4,O01,positional_synthetic_v1
pos_synthetic,1743,5,T00,positional_synthetic_v1
pos_synthetic,1743,6,N00,positional_synthetic_v1
pos_synthetic,1744,1,T02,positional_synthetic_v1
pos_synthetic,1744,2,O10,positional_synthetic_v1
pos_synthetic,1744,3,O02,positional_synthetic_v1
pos_synthetic,1744,4,S01,positional_synthetic_v1
pos_synthetic,1744,5,S00,positional_synthetic_v1
pos_synthetic,1745,1,O00,positional_synthetic_v1
pos_synthetic,1745,2,O00,positional_synthetic_v1
pos_synthetic,1745,3,O00,positional_synthetic_v1
pos_synthetic,1745,4,O02,positional_synthetic_v1
pos_synthetic,1745,5,O03,positional_synthetic_v1
pos_synthetic,1745,6,N06,positional_synthetic_v1
pos_synthetic,1746,1,T00,positional_synthetic_v1
pos_synthetic,1746,2,O05,positional_synthetic_v1
pos_synthetic,1746,3,O12,positional_synthetic_v1
pos_synthetic,1746,4,O03,positional_synthetic_v1
pos_synthetic,1746,5,O00,positional_synthetic_v1
pos_synthetic,1746,6,S00,positional_synthetic_v1
pos_synthetic,1747,1,O00,positional_synthetic_v1
pos_synthetic,1747,2,O08,positional_synthetic_v1
pos_synthetic,1747,3,O00,positional_synthetic_v1
pos_synthetic,1747,4,O00,positional_synthetic_v1
pos_synthetic,1747,5,O07,positional_synthetic_v1
pos_synthetic,1747,6,T03,positional_synthetic_v1
pos_synthetic,1747,7,S01,positional_synthetic_v1
pos_synthetic,1748,1,T00,positional_synthetic_v1
pos_synthetic,1748,2,O00,positional_synthetic_v1
pos_synthetic,1748,3,S01,positional_synthetic_v1
pos_synthetic,1749,1,T06,positional_synthetic_v1
pos_synthetic,1749,2,O00,positional_synthetic_v1
pos_synthetic,1749,3,N01,positional_synthetic_v1
pos_synthetic,1750,1,O01,positional_synthetic_v1
pos_synthetic,1750,2,O02,positional_synthetic_v1
pos_synthetic,1750,3,T00,positional_synthetic_v1
pos_synthetic,1750,4,O01,positional_synthetic_v1
pos_synthetic,1750,5,N04,positional_synthetic_v1
pos_synthetic,1751,1,T01,positional_synthetic_v1
pos_synthetic,1751,2,O02,positional_synthetic_v1
pos_synthetic,1751,3,O00,positional_synthetic_v1
pos_synthetic,1751,4,O00,positional_synthetic_v1
pos_synthetic,1751,5,O01,positional_synthetic_v1
pos_synthetic,1751,6,S03,positional_synthetic_v1
pos_synthetic,1752,1,O01,positional_synthetic_v1
pos_synthetic,1752,2,O01,positional_synthetic_v1
pos_synthetic,1752,3,O15,positional_synthetic_v1
pos_synthetic,1752,4,O01,positional_synthetic_v1
pos_synthetic,1752,5,O03,positional_synthetic_v1
pos_synthetic,1752,6,O00,positional_synthetic_v1
pos_synthetic,1752,7,S01,positional_synthetic_v1
pos_synthetic,1753,1,O12,positional_synthetic_v1
pos_synthetic,1753,2,O10,positional_synthetic_v1
pos_synthetic,1753,3,S01,positional_synthetic_v1
pos_synthetic,1754,1,T03,positional_synthetic_v1
pos_synthetic,1754,2,O01,positional_synthetic_v1
pos_synthetic,1754,3,O00,positional_synthetic_v1
pos_synthetic,1754,4,O00,positional_synthetic_v1
pos_synthetic,1754,5,S00,positional_synthetic_v1
pos_synthetic,1755,1,T01,positional_synthetic_v1
pos_synthetic,1755,2,O00,positional_synthetic_v1
pos_synthetic,1755,3,O16,positional_synthetic_v1
pos_synthetic,1755,4,O00,positional_synthetic_v1
pos_synthetic,1755,5,O00,positional_synthetic_v1
pos_synthetic,1755,6,N01,positional_synthetic_v1
pos_synthetic,1756,1,T01,positional_synthetic_v1
pos_synthetic,1756,2,O00,positional_synthetic_v1
pos_synthetic,1756,3,O00,positional_synthetic_v1
pos_synthetic,1756,4,O00,positional_synthetic_v1
pos_synthetic,1756,5,O07,positional_synthetic_v1
pos_synthetic,1756,6,T03,positional_synthetic_v1
pos_synthetic,1756,7,N01,positional_synthetic_v1
pos_synthetic,1757,1,T02,positional_synthetic_v1
pos_synthetic,1757,2,O08,positional_synthetic_v1
pos_synthetic,1757,3,S03,positional_synthetic_v1
pos_synthetic,1758,1,T04,positional_synthetic_v1
pos_synthetic,1758,2,O00,positional_synthetic_v1
pos_synthetic,1758,3,O00,positional_synthetic_v1
pos_synthetic,1758,4,O00,positional_synthetic_v1
pos_synthetic,1758,5,O00,positional_synthetic_v1
pos_synthetic,1758,6,O08,positional_synthetic_v1
pos_synthetic,1758,7,N01,positional_synthetic_v1
pos_synthetic,1759,1,O10,positional_synthetic_v1
pos_synthetic,1759,2,O08,positional_synthetic_v1
pos_synthetic,1759,3,O04,positional_synthetic_v1
pos_synthetic,1759,4,O06,positional_synthetic_v1
pos_synthetic,1759,5,T00,positional_synthetic_v1
pos_synthetic,1759,6,S01,positional_synthetic_v1
pos_synthetic,1760,1,T00,positional_synthetic_v1
pos_synthetic,1760,2,O00,positional_synthetic_v1
pos_synthetic,1760,3,O15,positional_synthetic_v1
pos_synthetic,1760,4,O06,positional_synthetic_v1
pos_synthetic,1760,5,S01,positional_synthetic_v1
pos_synthetic,1761,1,T03,positional_synthetic_v1
pos_synthetic,1761,2,O00,positional_synthetic_v1
pos_synthetic,1761,3,O00,positional_synthetic_v1
pos_synthetic,1761,4,O25,positional_synthetic_v1
pos_synthetic,1761,5,N00,positional_synthetic_v1
pos_synthetic,1762,1,T00,positional_synthetic_v1
pos_synthetic,1762,2,O02,positional_synthetic_v1
pos_synthetic,1762,3,O09,positional_synthetic_v1
pos_synthetic,1762,4,O00,positional_synthetic_v1
pos_synthetic,1762,5,N00,positional_synthetic_v1
pos_synthetic,1763,1,T00,positional_synthetic_v1
pos_synthetic,1763,2,O37,positional_synthetic_v1
pos_synthetic,1763,3,O00,positional_synthetic_v1
pos_synthetic,1763,4,O03,positional_synthetic_v1
pos_synthetic,1763,5,N06,positional_synthetic_v1
pos_synthetic,1764,1,T00,positional_synthetic_v1
pos_synthetic,1764,2,O32,positional_synthetic_v1
pos_synthetic,1764,3,O28,positional_synthetic_v1
pos_synthetic,1764,4,S00,positional_synthetic_v1
pos_synthetic,1765,1,T02,positional_synthetic_v1
pos_synthetic,1765,2,O09,positional_synthetic_v1
pos_synthetic,1765,3,O36,positional_synthetic_v1
pos_synthetic,1765,4,O00,positional_synthetic_v1
pos_synthetic,1765,5,O09,positional_synthetic_v1
pos_synthetic,1765,6,O01,positional_synthetic_v1
pos_synthetic,1765,7,O00,positional_synthetic_v1
pos_synthetic,1766,1,O01,positional_synthetic_v1
pos_synthetic,1766,2,O11,positional_synthetic_v1
pos_synthetic,1766,3,O02,positional_synthetic_v1
pos_synthetic,1766,4,N01,positional_synthetic_v1
pos_synthetic,1767,1,T07,positional_synthetic_v1
pos_synthetic,1767,2,O01,positional_synthetic_v1
pos_synthetic,1767,3,O04,positional_synthetic_v1
pos_synthetic,1767,4,O01,positional_synthetic_v1
pos_synthetic,1767,5,S00,positional_synthetic_v1
pos_synthetic,1767,6,O06,positional_synthetic_v1
pos_synthetic,1767,7,N06,positional_synthetic_v1
pos_synthetic,1768,1,O03,positional_synthetic_v1
pos_synthetic,1768,2,O09,positional_synthetic_v1
pos_synthetic,1768,3,O00,positional_synthetic_v1
pos_synthetic,1768,4,O00,positional_synthetic_v1
pos_synthetic,1768,5,O02,positional_synthetic_v1
pos_synthetic,1768,6,N00,positional_synthetic_v1
pos_synthetic,1769,1,T00,positional_synthetic_v1
pos_synthetic,1769,2,O02,positional_synthetic_v1
pos_synthetic,1769,3,O00,positional_synthetic_v1
pos_synthetic,1769,4,O00,positional_synthetic_v1
pos_synthetic,1769,5,S01,positional_synthetic_v1
pos_synthetic,1770,1,T06,positional_synthetic_v1
pos_synthetic,1770,2,O05,positional_synthetic_v1
pos_synthetic,1770,3,O01,positional_synthetic_v1
pos_synthetic,1770,4,O25,positional_synthetic_v1
pos_synthetic,1771,1,O10,positional_synthetic_v1
pos_synthetic,1771,2,O00,positional_synthetic_v1
pos_synthetic,1771,3,O00,positional_synthetic_v1
pos_synthetic,1771,4,S01,positional_synthetic_v1
pos_synthetic,1772,1,O11,positional_synthetic_v1
pos_synthetic,1772,2,O08,positional_synthetic_v1
pos_synthetic,1772,3,N02,positional_synthetic_v1
pos_synthetic,1773,1,T07,positional_synthetic_v1
pos_synthetic,1773,2,O03,positional_synthetic_v1
pos_synthetic,1773,3,O00,positional_synthetic_v1
pos_synthetic,1773,4,O13,positional_synthetic_v1
pos_synthetic,1773,5,O00,positional_synthetic_v1
pos_synthetic,1773,6,O10,positional_synthetic_v1
pos_synthetic,1773,7,S01,positional_synthetic_v1
pos_synthetic,1774,1,O04,positional_synthetic_v1
pos_synthetic,1774,2,O02,positional_synthetic_v1
pos_synthetic,1774,3,O01,positional_synthetic_v1
pos_synthetic,1774,4,O01,positional_synthetic_v1
pos_synthetic,1774,5,S01,positional_synthetic_v1
pos_synthetic,1775,1,T02,positional_synthetic_v1
pos_synthetic,1775,2,O00,positional_synthetic_v1
pos_synthetic,1775,3,O02,positional_synthetic_v1
pos_synthetic,1775,4,O11,positional_synthetic_v1
pos_synthetic,1775,5,N01,positional_synthetic_v1
pos_synthetic,1776,1,T01,positional_synthetic_v1
pos_synthetic,1776,2,O10,positional_synthetic_v1
pos_synthetic,1776,3,O05,positional_synthetic_v1
pos_synthetic,1776,4,O01,positional_synthetic_v1
pos_synthetic,1776,5,O20,positional_synthetic_v1
pos_synthetic,1776,6,O00,positional_synthetic_v1
pos_synthetic,1776,7,O38,positional_synthetic_v1
pos_synthetic,1777,1,T00,positional_synthetic_v1
pos_synthetic,1777,2,O00,positional_synthetic_v1
pos_synthetic,1777,3,O19,positional_synthetic_v1
pos_synthetic,1777,4,O00,positional_synthetic_v1
pos_synthetic,1777,5,N02,positional_synthetic_v1
pos_synthetic,1778,1,T03,positional_synthetic_v1
pos_synthetic,1778,2,O16,positional_synthetic_v1
pos_synthetic,1778,3,S00,positional_synthetic_v1
pos_synthetic,1779,1,T02,positional_synthetic_v1
pos_synthetic,1779,2,O00,positional_synthetic_v1
pos_synthetic,1779,3,O01,positional_synthetic_v1
pos_synthetic,1779,4,S00,positional_synthetic_v1
pos_synthetic,1780,1,T01,positional_synthetic_v1
pos_synthetic,1780,2,O02,positional_synthetic_v1
pos_synthetic,1780,3,O05,positional_synthetic_v1
pos_synthetic,1780,4,S00,positional_synthetic_v1
pos_synthetic,1781,1,T01,positional_synthetic_v1
pos_synthetic,1781,2,O16,positional_synthetic_v1
pos_synthetic,1781,3,N01,positional_synthetic_v1
pos_synthetic,1782,1,T00,positional_synthetic_v1
pos_synthetic,1782,2,O03,positional_synthetic_v1
pos_synthetic,1782,3,O01,positional_synthetic_v1
pos_synthetic,1782,4,O00,positional_synthetic_v1
pos_synthetic,1782,5,O15,positional_synthetic_v1
pos_synthetic,1782,6,N01,positional_synthetic_v1
pos_synthetic,1783,1,T06,positional_synthetic_v1
pos_synthetic,1783,2,O12,positional_synthetic_v1
pos_synthetic,1783,3,O06,positional_synthetic_v1
pos_synthetic,1783,4,O00,positional_synthetic_v1
pos_synthetic,1783,5,T00,positional_synthetic_v1
pos_synthetic,1783,6,N00,positional_synthetic_v1
pos_synthetic,1784,1,T05,positional_synthetic_v1
pos_synthetic,1784,2,O00,positional_synthetic_v1
pos_synthetic,1784,3,S00,positional_synthetic_v1
pos_synthetic,1784,4,S00,positional_synthetic_v1
pos_synthetic,1784,5,S00,positional_synthetic_v1
pos_synthetic,1785,1,T01,positional_synthetic_v1
pos_synthetic,1785,2,O00,positional_synthetic_v1
pos_synthetic,1785,3,O00,positional_synthetic_v1
pos_synthetic,1785,4,S01,positional_synthetic_v1
pos_synthetic,1786,1,T01,positional_synthetic_v1
pos_synthetic,1786,2,O01,positional_synthetic_v1
pos_synthetic,1786,3,O03,positional_synthetic_v1
pos_synthetic,1786,4,O01,positional_synthetic_v1
pos_synthetic,1786,5,O26,positional_synthetic_v1
pos_synthetic,1786,6,N00,positional_synthetic_v1
pos_synthetic,1787,1,T02,positional_synthetic_v1
pos_synthetic,1787,2,O19,positional_synthetic_v1
pos_synthetic,1787,3,O12,positional_synthetic_v1
pos_synthetic,1787,4,O00,positional_synthetic_v1
pos_synthetic,1787,5,O00,positional_synthetic_v1
pos_synthetic,1787,6,N02,positional_synthetic_v1
pos_synthetic,1788,1,T00,positional_synthetic_v1
pos_synthetic,1788,2,O12,positional_synthetic_v1
pos_synthetic,1788,3,O07,positional_synthetic_v1
pos_synthetic,1788,4,O08,positional_synthetic_v1
pos_synthetic,1788,5,O00,positional_synthetic_v1
pos_synthetic,1788,6,S01,positional_synthetic_v1
pos_synthetic,1789,1,T04,positional_synthetic_v1
pos_synthetic,1789,2,T00,positional_synthetic_v1
pos_synthetic,1789,3,N00,positional_synthetic_v1
pos_synthetic,1790,1,T00,positional_synthetic_v1
pos_synthetic,1790,2,O00,positional_synthetic_v1
pos_synthetic,1790,3,N01,positional_synthetic_v1
pos_synthetic,1791,1,T05,positional_synthetic_v1
pos_synthetic,1791,2,O01,positional_synthetic_v1
pos_synthetic,1791,3,N04,positional_synthetic_v1
pos_synthetic,1792,1,T00,positional_synthetic_v1
pos_synthetic,1792,2,S00,positional_synthetic_v1
pos_synthetic,1792,3,O00,positional_synthetic_v1
pos_synthetic,1792,4,O01,positional_synthetic_v1
pos_synthetic,1792,5,O22,positional_synthetic_v1
pos_synthetic,1792,6,O00,positional_synthetic_v1
pos_synthetic,1792,7,S00,positional_synthetic_v1
pos_synthetic,1793,1,T06,positional_synthetic_v1
pos_synthetic,1793,2,O00,positional_synthetic_v1
pos_synthetic,1793,3,O00,positional_synthetic_v1
pos_synthetic,1793,4,N00,positional_synthetic_v1
pos_synthetic,1794,1,T01,positional_synthetic_v1
pos_synthetic,1794,2,O00,positional_synthetic_v1
pos_synthetic,1794,3,O17,positional_synthetic_v1
pos_synthetic,1794,4,N01,positional_synthetic_v1
pos_synthetic,1795,1,O04,positional_synthetic_v1
pos_synthetic,1795,2,O03,positional_synthetic_v1
pos_synthetic,1795,3,S00,positional_synthetic_v1
pos_synthetic,1796,1,T07,positional_synthetic_v1
pos_synthetic,1796,2,O14,positional_synthetic_v1
pos_synthetic,1796,3,O20,positional_synthetic_v1
pos_synthetic,1796,4,S00,positional_synthetic_v1
pos_synthetic,1797,1,O00,positional_synthetic_v1
pos_synthetic,1797,2,O00,positional_synthetic_v1
pos_synthetic,1797,3,O00,positional_synthetic_v1
pos_synthetic,1797,4,O00,positional_synthetic_v1
pos_synthetic,1797,5,O02,positional_synthetic_v1
pos_synthetic,1797,6,O06,positional_synthetic_v1
pos_synthetic,1797,7,N05,positional_synthetic_v1
pos_synthetic,1798,1,T03,positional_synthetic_v1
pos_synthetic,1798,2,O26,positional_synthetic_v1
pos_synthetic,1798,3,O00,positional_synthetic_v1
pos_synthetic,1798,4,O00,positional_synthetic_v1
pos_synthetic,1798,5,S00,positional_synthetic_v1
pos_synthetic,1799,1,O00,positional_synthetic_v1
pos_synthetic,1799,2,O01,positional_synthetic_v1
pos_synthetic,1799,3,O00,positional_synthetic_v1
pos_synthetic,1800,1,T01,positional_synthetic_v1
pos_synthetic,1800,2,O01,positional_synthetic_v1
pos_synthetic,1800,3,O02,positional_synthetic_v1
pos_synthetic,1800,4,O06,positional_synthetic_v1
pos_synthetic,1800,5,O01,positional_synthetic_v1
pos_synthetic,1800,6,O00,positional_synthetic_v1
pos_synthetic,1800,7,S00,positional_synthetic_v1
pos_synthetic,1801,1,T03,positional_synthetic_v1
pos_synthetic,1801,2,O09,positional_synthetic_v1
pos_synthetic,1801,3,O05,positional_synthetic_v1
pos_synthetic,1801,4,O00,positional_synthetic_v1
pos_synthetic,1801,5,O03,positional_synthetic_v1
pos_synthetic,1801,6,O03,positional_synthetic_v1
pos_synthetic,1801,7,S01,positional_synthetic_v1
pos_synthetic,1802,1,T01,positional_synthetic_v1
pos_synthetic,1802,2,O03,positional_synthetic_v1
pos_synthetic,1802,3,O07,positional_synthetic_v1
pos_synthetic,1802,4,O00,positional_synthetic_v1
pos_synthetic,1802,5,O08,positional_synthetic_v1
pos_synthetic,1802,6,O00,positional_synthetic_v1
pos_synthetic,1803,1,T00,positional_synthetic_v1
pos_synthetic,1803,2,T07,positional_synthetic_v1
pos_synthetic,1803,3,S00,positional_synthetic_v1
pos_synthetic,1804,1,T01,positional_synthetic_v1
pos_synthetic,1804,2,O00,positional_synthetic_v1
pos_synthetic,1804,3,O02,positional_synthetic_v1
pos_synthetic,1804,4,O13,positional_synthetic_v1
pos_synthetic,1804,5,T06,positional_synthetic_v1
pos_synthetic,1804,6,T02,positional_synthetic_v1
pos_synthetic,1804,7,S01,positional_synthetic_v1
pos_synthetic,1805,1,O01,positional_synthetic_v1
pos_synthetic,1805,2,S03,positional_synthetic_v1
pos_synthetic,1805,3,O17,positional_synthetic_v1
pos_synthetic,1805,4,O03,positional_synthetic_v1
pos_synthetic,1805,5,N00,positional_synthetic_v1
pos_synthetic,1806,1,T00,positional_synthetic_v1
pos_synthetic,1806,2,O00,positional_synthetic_v1
pos_synthetic,1806,3,T04,positional_synthetic_v1
pos_synthetic,1806,4,S00,positional_synthetic_v1
pos_synthetic,1807,1,O02,positional_synthetic_v1
pos_synthetic,1807,2,O13,positional_synthetic_v1
pos_synthetic,1807,3,S00,positional_synthetic_v1
pos_synthetic,1807,4,S02,positional_synthetic_v1
pos_synthetic,1808,1,T06,positional_synthetic_v1
pos_synthetic,1808,2,O01,positional_synthetic_v1
pos_synthetic,1808,3,O00,positional_synthetic_v1
pos_synthetic,1808,4,O01,positional_synthetic_v1
pos_synthetic,1808,5,O01,positional_synthetic_v1
pos_synthetic,1808,6,T00,positional_synthetic_v1
pos_synthetic,1808,7,N01,positional_synthetic_v1
pos_synthetic,1809,1,O02,positional_synthetic_v1
pos_synthetic,1809,2,O17,positional_synthetic_v1
pos_synthetic,1809,3,O00,positional_synthetic_v1
pos_synthetic,1809,4,O05,positional_synthetic_v1
pos_synthetic,1809,5,S02,positional_synthetic_v1
pos_synthetic,1810,1,T05,positional_synthetic_v1
pos_synthetic,1810,2,O08,positional_synthetic_v1
pos_synthetic,1810,3,O24,positional_synthetic_v1
pos_synthetic,1810,4,O01,positional_synthetic_v1
pos_synthetic,1811,1,T01,positional_synthetic_v1
pos_synthetic,1811,2,O00,positional_synthetic_v1
pos_synthetic,1811,3,O00,positional_synthetic_v1
pos_synthetic,1811,4,O00,positional_synthetic_v1
pos_synthetic,1811,5,S00,positional_synthetic_v1
pos_synthetic,1812,1,T00,positional_synthetic_v1
pos_synthetic,1812,2,O00,positional_synthetic_v1
pos_synthetic,1812,3,O22,positional_synthetic_v1
pos_synthetic,1812,4,O00,positional_synthetic_v1
pos_synthetic,1812,5,O08,positional_synthetic_v1
pos_synthetic,1812,6,N00,positional_synthetic_v1
pos_synthetic,1813,1,T05,positional_synthetic_v1
pos_synthetic,1813,2,O20,positional_synthetic_v1
pos_synthetic,1813,3,S01,positional_synthetic_v1
pos_synthetic,1814,1,T00,positional_synthetic_v1
pos_synthetic,1814,2,O36,positional_synthetic_v1
pos_synthetic,1814,3,S02,positional_synthetic_v1
pos_synthetic,1815,1,T02,positional_synthetic_v1
pos_synthetic,1815,2,O01,positional_synthetic_v1
pos_synthetic,1815,3,O20,positional_synthetic_v1
pos_synthetic,1815,4,O00,positional_synthetic_v1
pos_synthetic,1815,5,S00,positional_synthetic_v1
pos_synthetic,1816,1,T05,positional_synthetic_v1
pos_synthetic,1816,2,O00,positional_synthetic_v1
pos_synthetic,1816,3,O00,positional_synthetic_v1
pos_synthetic,1816,4,O03,positional_synthetic_v1
pos_synthetic,1816,5,O09,positional_synthetic_v1
pos_synthetic,1817,1,T02,positional_synthetic_v1
pos_synthetic,1817,2,O00,positional_synthetic_v1
pos_synthetic,1817,3,N00,positional_synthetic_v1
pos_synthetic,1818,1,T03,positional_synthetic_v1
pos_synthetic,1818,2,O36,positional_synthetic_v1
pos_synthetic,1818,3,T03,positional_synthetic_v1
pos_synthetic,1818,4,O02,positional_synthetic_v1
pos_synthetic,1818,5,O21,positional_synthetic_v1
pos_synthetic,1818,6,S00,positional_synthetic_v1
pos_synthetic,1819,1,T01,positional_synthetic_v1
pos_synthetic,1819,2,O02,positional_synthetic_v1
pos_synthetic,1819,3,O10,positional_synthetic_v1
pos_synthetic,1819,4,O02,positional_synthetic_v1
pos_synthetic,1819,5,T00,positional_synthetic_v1
pos_synthetic,1819,6,O00,positional_synthetic_v1
pos_synthetic,1820,1,T00,positional_synthetic_v1
pos_synthetic,1820,2,O03,positional_synthetic_v1
pos_synthetic,1820,3,T00,positional_synthetic_v1
pos_synthetic,1820,4,S01,positional_synthetic_v1
pos_synthetic,1821,1,O06,positional_synthetic_v1
pos_synthetic,1821,2,O09,positional_synthetic_v1
pos_synthetic,1821,3,O02,positional_synthetic_v1
pos_synthetic,1821,4,O20,positional_synthetic_v1
pos_synthetic,1821,5,S02,positional_synthetic_v1
pos_synthetic,1822,1,T02,positional_synthetic_v1
pos_synthetic,1822,2,O00,positional_synthetic_v1
pos_synthetic,1822,3,O35,positional_synthetic_v1
pos_synthetic,1822,4,O00,positional_synthetic_v1
pos_synthetic,1822,5,S00,positional_synthetic_v1
pos_synthetic,1823,1,T00,positional_synthetic_v1
pos_synthetic,1823,2,O34,positional_synthetic_v1
pos_synthetic,1823,3,O03,positional_synthetic_v1
pos_synthetic,1823,4,O03,positional_synthetic_v1
pos_synthetic,1823,5,O05,positional_synthetic_v1
pos_synthetic,1823,6,S00,positional_synthetic_v1
pos_synthetic,1824,1,T01,positional_synthetic_v1
pos_synthetic,1824,2,O07,positional_synthetic_v1
pos_synthetic,1824,3,S01,positional_synthetic_v1
pos_synthetic,1825,1,T00,positional_synthetic_v1
pos_synthetic,1825,2,O00,positional_synthetic_v1
pos_synthetic,1825,3,O00,positional_synthetic_v1
pos_synthetic,1825,4,O01,positional_synthetic_v1
pos_synthetic,1825,5,N04,positional_synthetic_v1
pos_synthetic,1826,1,T04,positional_synthetic_v1
pos_synthetic,1826,2,O01,positional_synthetic_v1
pos_synthetic,1826,3,O03,positional_synthetic_v1
pos_synthetic,1826,4,O07,positional_synthetic_v1
pos_synthetic,1826,5,O00,positional_synthetic_v1
pos_synthetic,1826,6,N00,positional_synthetic_v1
pos_synthetic,1827,1,O33,positional_synthetic_v1
pos_synthetic,1827,2,O04,positional_synthetic_v1
pos_synthetic,1827,3,O35,positional_synthetic_v1
pos_synthetic,1827,4,O01,positional_synthetic_v1
pos_synthetic,1827,5,O07,positional_synthetic_v1
pos_synthetic,1827,6,N00,positional_synthetic_v1
pos_synthetic,1828,1,T00,positional_synthetic_v1
pos_synthetic,1828,2,O02,positional_synthetic_v1
pos_synthetic,1828,3,O01,positional_synthetic_v1
pos_synthetic,1828,4,O00,positional_synthetic_v1
pos_synthetic,1828,5,O00,positional_synthetic_v1
pos_synthetic,1828,6,O00,positional_synthetic_v1
pos_synthetic,1828,7,S00,positional_synthetic_v1
pos_synthetic,1829,1,T00,positional_synthetic_v1
pos_synthetic,1829,2,O00,positional_synthetic_v1
pos_synthetic,1829,3,O00,positional_synthetic_v1
pos_synthetic,1829,4,O04,positional_synthetic_v1
pos_synthetic,1829,5,S01,positional_synthetic_v1
pos_synthetic,1830,1,T00,positional_synthetic_v1
pos_synthetic,1830,2,O00,positional_synthetic_v1
pos_synthetic,1830,3,S01,positional_synthetic_v1
pos_synthetic,1831,1,O00,positional_synthetic_v1
pos_synthetic,1831,2,O13,positional_synthetic_v1
pos_synthetic,1831,3,O02,positional_synthetic_v1
pos_synthetic,1831,4,O15,positional_synthetic_v1
pos_synthetic,1831,5,O04,positional_synthetic_v1
pos_synthetic,1831,6,O06,positional_synthetic_v1
pos_synthetic,1831,7,S00,positional_synthetic_v1
pos_synthetic,1832,1,T02,positional_synthetic_v1
pos_synthetic,1832,2,O02,positional_synthetic_v1
pos_synthetic,1832,3,O00,positional_synthetic_v1
pos_synthetic,1832,4,O00,positional_synthetic_v1
pos_synthetic,1832,5,O00,positional_synthetic_v1
pos_synthetic,1832,6,S01,positional_synthetic_v1
pos_synthetic,1833,1,T01,positional_synthetic_v1
pos_synthetic,1833,2,O00,positional_synthetic_v1
pos_synthetic,1833,3,O02,positional_synthetic_v1
pos_synthetic,1833,4,N06,positional_synthetic_v1
pos_synthetic,1834,1,O01,positional_synthetic_v1
pos_synthetic,1834,2,O04,positional_synthetic_v1
pos_synthetic,1834,3,O10,positional_synthetic_v1
pos_synthetic,1834,4,O10,positional_synthetic_v1
pos_synthetic,1834,5,S02,positional_synthetic_v1
pos_synthetic,1835,1,T00,positional_synthetic_v1
pos_synthetic,1835,2,O19,positional_synthetic_v1
pos_synthetic,1835,3,O00,positional_synthetic_v1
pos_synthetic,1835,4,O00,positional_synthetic_v1
pos_synthetic,1836,1,T00,positional_synthetic_v1
pos_synthetic,1836,2,O11,positional_synthetic_v1
pos_synthetic,1836,3,O01,positional_synthetic_v1
pos_synthetic,1836,4,O00,positional_synthetic_v1
pos_synthetic,1836,5,O00,positional_synthetic_v1
pos_synthetic,1836,6,O21,positional_synthetic_v1
pos_synthetic,1836,7,N04,positional_synthetic_v1
pos_synthetic,1837,1,T01,positional_synthetic_v1
pos_synthetic,1837,2,O04,positional_synthetic_v1
pos_synthetic,1837,3,S00,positional_synthetic_v1
pos_synthetic,1838,1,T05,positional_synthetic_v1
pos_synthetic,1838,2,O00,positional_synthetic_v1
pos_synthetic,1838,3,O01,positional_synthetic_v1
pos_synthetic,1838,4,O01,positional_synthetic_v1
pos_synthetic,1838,5,O02,positional_synthetic_v1
pos_synthetic,1838,6,O02,positional_synthetic_v1
pos_synthetic,1838,7,N01,positional_synthetic_v1
pos_synthetic,1839,1,T00,positional_synthetic_v1
pos_synthetic,1839,2,O02,positional_synthetic_v1
pos_synthetic,1839,3,O00,positional_synthetic_v1
pos_synthetic,1839,4,O00,positional_synthetic_v1
pos_synthetic,1839,5,O00,positional_synthetic_v1
pos_synthetic,1839,6,N03,positional_synthetic_v1
pos_synthetic,1840,1,T00,positional_synthetic_v1
pos_synthetic,1840,2,O04,positional_synthetic_v1
pos_synthetic,1840,3,S01,positional_synthetic_v1
pos_synthetic,1841,1,T01,positional_synthetic_v1
pos_synthetic,1841,2,O01,positional_synthetic_v1
pos_synthetic,1841,3,S01,positional_synthetic_v1
pos_synthetic,1842,1,T01,positional_synthetic_v1
pos_synthetic,1842,2,S02,positional_synthetic_v1
pos_synthetic,1842,3,O18,positional_synthetic_v1
pos_synthetic,1842,4,N00,positional_synthetic_v1
pos_synthetic,1843,1,T00,positional_synthetic_v1
pos_synthetic,1843,2,O04,positional_synthetic_v1
pos_synthetic,1843,3,O00,positional_synthetic_v1
pos_synthetic,1843,4,O00,positional_synthetic_v1
pos_synthetic,1843,5,O19,positional_synthetic_v1
pos_synthetic,1843,6,S03,positional_synthetic_v1
pos_synthetic,1844,1,T02,positional_synthetic_v1
pos_synthetic,1844,2,O09,positional_synthetic_v1
pos_synthetic,1844,3,O00,positional_synthetic_v1
pos_synthetic,1844,4,O00,positional_synthetic_v1
pos_synthetic,1844,5,O02,positional_synthetic_v1
pos_synthetic,1844,6,S00,positional_synthetic_v1
pos_synthetic,1845,1,O01,positional_synthetic_v1
pos_synthetic,1845,2,O00,positional_synthetic_v1
pos_synthetic,1845,3,O00,positional_synthetic_v1
pos_synthetic,1845,4,N03,positional_synthetic_v1
pos_synthetic,1846,1,O00,positional_synthetic_v1
pos_synthetic,1846,2,O00,positional_synthetic_v1
pos_synthetic,1846,3,O04,positional_synthetic_v1
pos_synthetic,1846,4,N07,positional_synthetic_v1
pos_synthetic,1847,1,O01,positional_synthetic_v1
pos_synthetic,1847,2,O00,positional_synthetic_v1
pos_synthetic,1847,3,O03,positional_synthetic_v1
pos_synthetic,1847,4,O21,positional_synthetic_v1
pos_synthetic,1847,5,O10,positional_synthetic_v1
pos_synthetic,1848,1,T02,positional_synthetic_v1
pos_synthetic,1848,2,O01,positional_synthetic_v1
pos_synthetic,1848,3,O03,positional_synthetic_v1
pos_synthetic,1848,4,O00,positional_synthetic_v1
pos_synthetic,1848,5,O06,positional_synthetic_v1
pos_synthetic,1848,6,O07,positional_synthetic_v1
pos_synthetic,1848,7,N07,positional_synthetic_v1
pos_synthetic,1849,1,O00,positional_synthetic_v1
pos_synthetic,1849,2,O00,positional_synthetic_v1
pos_synthetic,1849,3,N01,positional_synthetic_v1
pos_synthetic,1850,1,T02,positional_synthetic_v1
pos_synthetic,1850,2,O11,positional_synthetic_v1
pos_synthetic,1850,3,O00,positional_synthetic_v1
pos_synthetic,1850,4,O00,positional_synthetic_v1
pos_synthetic,1850,5,S00,positional_synthetic_v1
pos_synthetic,1851,1,O16,positional_synthetic_v1
pos_synthetic,1851,2,O02,positional_synthetic_v1
pos_synthetic,1851,3,O11,positional_synthetic_v1
pos_synthetic,1851,4,O03,positional_synthetic_v1
pos_synthetic,1851,5,O10,positional_synthetic_v1
pos_synthetic,1851,6,O01,positional_synthetic_v1
pos_synthetic,1851,7,N04,positional_synthetic_v1
pos_synthetic,1852,1,T00,positional_synthetic_v1
pos_synthetic,1852,2,O03,positional_synthetic_v1
pos_synthetic,1852,3,O00,positional_synthetic_v1
pos_synthetic,1852,4,O02,positional_synthetic_v1
pos_synthetic,1852,5,O01,positional_synthetic_v1
pos_synthetic,1852,6,S03,positional_synthetic_v1
pos_synthetic,1853,1,T00,positional_synthetic_v1
pos_synthetic,1853,2,O11,positional_synthetic_v1
pos_synthetic,1853,3,O35,positional_synthetic_v1
pos_synthetic,1853,4,O00,positional_synthetic_v1
pos_synthetic,1853,5,S00,positional_synthetic_v1
pos_synthetic,1854,1,T00,positional_synthetic_v1
pos_synthetic,1854,2,O01,positional_synthetic_v1
pos_synthetic,1854,3,O26,positional_synthetic_v1
pos_synthetic,1854,4,O00,positional_synthetic_v1
pos_synthetic,1854,5,O03,positional_synthetic_v1
pos_synthetic,1854,6,O02,positional_synthetic_v1
pos_synthetic,1854,7,S00,positional_synthetic_v1
pos_synthetic,1855,1,T02,positional_synthetic_v1
pos_synthetic,1855,2,O06,positional_synthetic_v1
pos_synthetic,1855,3,O05,positional_synthetic_v1
pos_synthetic,1855,4,O27,positional_synthetic_v1
pos_synthetic,1855,5,O13,positional_synthetic_v1
pos_synthetic,1855,6,N00,positional_synthetic_v1
pos_synthetic,1856,1,T01,positional_synthetic_v1
pos_synthetic,1856,2,O01,positional_synthetic_v1
pos_synthetic,1856,3,O00,positional_synthetic_v1
pos_synthetic,1856,4,O02,positional_synthetic_v1
pos_synthetic,1856,5,S00,positional_synthetic_v1
pos_synthetic,1857,1,O34,positional_synthetic_v1
pos_synthetic,1857,2,O00,positional_synthetic_v1
pos_synthetic,1857,3,T05,positional_synthetic_v1
pos_synthetic,1857,4,O02,positional_synthetic_v1
pos_synthetic,1857,5,S02,positional_synthetic_v1
pos_synthetic,1858,1,T00,positional_synthetic_v1
pos_synthetic,1858,2,O01,positional_synthetic_v1
pos_synthetic,1858,3,O01,positional_synthetic_v1
pos_synthetic,1858,4,N00,positional_synthetic_v1
pos_synthetic,1859,1,T06,positional_synthetic_v1
pos_synthetic,1859,2,O13,positional_synthetic_v1
pos_synthetic,1859,3,N00,positional_synthetic_v1
pos_synthetic,1860,1,T00,positional_synthetic_v1
pos_synthetic,1860,2,O01,positional_synthetic_v1
pos_synthetic,1860,3,S01,positional_synthetic_v1
pos_synthetic,1861,1,T00,positional_synthetic_v1
pos_synthetic,1861,2,O02,positional_synthetic_v1
pos_synthetic,1861,3,O00,positional_synthetic_v1
pos_synthetic,1861,4,O01,positional_synthetic_v1
pos_synthetic,1861,5,N02,positional_synthetic_v1
pos_synthetic,1862,1,T01,positional_synthetic_v1
pos_synthetic,1862,2,O34,positional_synthetic_v1
pos_synthetic,1862,3,S00,positional_synthetic_v1
pos_synthetic,1863,1,T00,positional_synthetic_v1
pos_synthetic,1863,2,O15,positional_synthetic_v1
pos_synthetic,1863,3,O22,positional_synthetic_v1
pos_synthetic,1863,4,S00,positional_synthetic_v1
pos_synthetic,1864,1,T07,positional_synthetic_v1
pos_synthetic,1864,2,O00,positional_synthetic_v1
pos_synthetic,1864,3,O07,positional_synthetic_v1
pos_synthetic,1864,4,N05,positional_synthetic_v1
pos_synthetic,1865,1,O00,positional_synthetic_v1
pos_synthetic,1865,2,S03,positional_synthetic_v1
pos_synthetic,1865,3,O00,positional_synthetic_v1
pos_synthetic,1865,4,T07,positional_synthetic_v1
pos_synthetic,1865,5,O00,positional_synthetic_v1
pos_synthetic,1865,6,O29,positional_synthetic_v1
pos_synthetic,1865,7,N00,positional_synthetic_v1
pos_synthetic,1866,1,T02,positional_synthetic_v1
pos_synthetic,1866,2,O03,positional_synthetic_v1
pos_synthetic,1866,3,S00,positional_synthetic_v1
pos_synthetic,1866,4,S01,positional_synthetic_v1
pos_synthetic,1867,1,T00,positional_synthetic_v1
pos_synthetic,1867,2,O03,positional_synthetic_v1
pos_synthetic,1867,3,O00,positional_synthetic_v1
pos_synthetic,1867,4,N06,positional_synthetic_v1
pos_synthetic,1868,1,T00,positional_synthetic_v1
pos_synthetic,1868,2,O00,positional_synthetic_v1
pos_synthetic,1868,3,O00,positional_synthetic_v1
pos_synthetic,1868,4,O01,positional_synthetic_v1
pos_synthetic,1868,5,N00,positional_synthetic_v1
pos_synthetic,1869,1,T01,positional_synthetic_v1
pos_synthetic,1869,2,O17,positional_synthetic_v1
pos_synthetic,1869,3,S01,positional_synthetic_v1
pos_synthetic,1869,4,O03,positional_synthetic_v1
pos_synthetic,1869,5,S01,positional_synthetic_v1
pos_synthetic,1870,1,T00,positional_synthetic_v1
pos_synthetic,1870,2,O10,positional_synthetic_v1
pos_synthetic,1870,3,O00,positional_synthetic_v1
pos_synthetic,1870,4,T00,positional_synthetic_v1
pos_synthetic,1870,5,O01,positional_synthetic_v1
pos_synthetic,1870,6,N04,positional_synthetic_v1
pos_synthetic,1871,1,T00,positional_synthetic_v1
pos_synthetic,1871,2,O03,positional_synthetic_v1
pos_synthetic,1871,3,O00,positional_synthetic_v1
pos_synthetic,1871,4,O07,positional_synthetic_v1
pos_synthetic,1871,5,S00,positional_synthetic_v1
pos_synthetic,1872,1,T01,positional_synthetic_v1
pos_synthetic,1872,2,O24,positional_synthetic_v1
pos_synthetic,1872,3,O02,positional_synthetic_v1
pos_synthetic,1872,4,O02,positional_synthetic_v1
pos_synthetic,1872,5,N01,positional_synthetic_v1
pos_synthetic,1873,1,T02,positional_synthetic_v1
pos_synthetic,1873,2,O00,positional_synthetic_v1
pos_synthetic,1873,3,O13,positional_synthetic_v1
pos_synthetic,1873,4,N01,positional_synthetic_v1
pos_synthetic,1874,1,O00,positional_synthetic_v1
pos_synthetic,1874,2,O10,positional_synthetic_v1
pos_synthetic,1874,3,O01,positional_synthetic_v1
pos_synthetic,1874,4,O00,positional_synthetic_v1
pos_synthetic,1874,5,S02,positional_synthetic_v1
pos_synthetic,1875,1,T05,positional_synthetic_v1
pos_synthetic,1875,2,O30,positional_synthetic_v1
pos_synthetic,1875,3,O17,positional_synthetic_v1
pos_synthetic,1875,4,O00,positional_synthetic_v1
pos_synthetic,1876,1,O01,positional_synthetic_v1
pos_synthetic,1876,2,O13,positional_synthetic_v1
pos_synthetic,1876,3,O01,positional_synthetic_v1
pos_synthetic,1876,4,T01,positional_synthetic_v1
pos_synthetic,1876,5,O04,positional_synthetic_v1
pos_synthetic,1876,6,S03,positional_synthetic_v1
pos_synthetic,1877,1,O02,positional_synthetic_v1
pos_synthetic,1877,2,O02,positional_synthetic_v1
pos_synthetic,1877,3,T07,positional_synthetic_v1
pos_synthetic,1877,4,O02,positional_synthetic_v1
pos_synthetic,1877,5,O00,positional_synthetic_v1
pos_synthetic,1877,6,O02,positional_synthetic_v1
pos_synthetic,1877,7,S02,positional_synthetic_v1
pos_synthetic,1878,1,T03,positional_synthetic_v1
pos_synthetic,1878,2,O07,positional_synthetic_v1
pos_synthetic,1878,3,O00,positional_synthetic_v1
pos_synthetic,1878,4,O16,positional_synthetic_v1
pos_synthetic,1878,5,O20,positional_synthetic_v1
pos_synthetic,1878,6,O00,positional_synthetic_v1
pos_synthetic,1878,7,N00,positional_synthetic_v1
pos_synthetic,1879,1,O33,positional_synthetic_v1
pos_synthetic,1879,2,S02,positional_synthetic_v1
pos_synthetic,1879,3,O20,positional_synthetic_v1
pos_synthetic,1879,4,O19,positional_synthetic_v1
pos_synthetic,1879,5,S01,positional_synthetic_v1
pos_synthetic,1880,1,O03,positional_synthetic_v1
pos_synthetic,1880,2,O00,positional_synthetic_v1
pos_synthetic,1880,3,T03,positional_synthetic_v1
pos_synthetic,1880,4,O02,positional_synthetic_v1
pos_synthetic,1880,5,O05,positional_synthetic_v1
pos_synthetic,1880,6,N01,positional_synthetic_v1
pos_synthetic,1881,1,T01,positional_synthetic_v1
pos_synthetic,1881,2,O00,positional_synthetic_v1
pos_synthetic,1881,3,O00,positional_synthetic_v1
pos_synthetic,1881,4,O00,positional_synthetic_v1
pos_synthetic,1881,5,O00,positional_synthetic_v1
pos_synthetic,1881,6,S00,positional_synthetic_v1
pos_synthetic,1882,1,O00,positional_synthetic_v1
pos_synthetic,1882,2,S01,positional_synthetic_v1
pos_synthetic,1882,3,O04,positional_synthetic_v1
pos_synthetic,1882,4,O00,positional_synthetic_v1
pos_synthetic,1882,5,O11,positional_synthetic_v1
pos_synthetic,1882,6,O10,positional_synthetic_v1
pos_synthetic,1882,7,N00,positional_synthetic_v1
pos_synthetic,1883,1,T00,positional_synthetic_v1
pos_synthetic,1883,2,O26,positional_synthetic_v1
pos_synthetic,1883,3,O13,positional_synthetic_v1
pos_synthetic,1883,4,O06,positional_synthetic_v1
pos_synthetic,1883,5,N00,positional_synthetic_v1
pos_synthetic,1884,1,O01,positional_synthetic_v1
pos_synthetic,1884,2,O03,positional_synthetic_v1
pos_synthetic,1884,3,O00,positional_synthetic_v1
pos_synthetic,1884,4,N01,positional_synthetic_v1
pos_synthetic,1885,1,T01,positional_synthetic_v1
pos_synthetic,1885,2,O01,positional_synthetic_v1
pos_synthetic,1885,3,O10,positional_synthetic_v1
pos_synthetic,1885,4,O14,positional_synthetic_v1
pos_synthetic,1885,5,O01,positional_synthetic_v1
pos_synthetic,1885,6,O14,positional_synthetic_v1
pos_synthetic,1885,7,S02,positional_synthetic_v1
pos_synthetic,1886,1,T00,positional_synthetic_v1
pos_synthetic,1886,2,O00,positional_synthetic_v1
pos_synthetic,1886,3,O05,positional_synthetic_v1
pos_synthetic,1886,4,N01,positional_synthetic_v1
pos_synthetic,1887,1,T05,positional_synthetic_v1
pos_synthetic,1887,2,O01,positional_synthetic_v1
pos_synthetic,1887,3,O00,positional_synthetic_v1
pos_synthetic,1887,4,O02,positional_synthetic_v1
pos_synthetic,1887,5,S00,positional_synthetic_v1
pos_synthetic,1888,1,T02,positional_synthetic_v1
pos_synthetic,1888,2,O09,positional_synthetic_v1
pos_synthetic,1888,3,S03,positional_synthetic_v1
pos_synthetic,1889,1,T00,positional_synthetic_v1
pos_synthetic,1889,2,O07,positional_synthetic_v1
pos_synthetic,1889,3,O01,positional_synthetic_v1
pos_synthetic,1889,4,O06,positional_synthetic_v1
pos_synthetic,1889,5,O02,positional_synthetic_v1
pos_synthetic,1889,6,O38,positional_synthetic_v1
pos_synthetic,1889,7,N02,positional_synthetic_v1
pos_synthetic,1890,1,O29,positional_synthetic_v1
pos_synthetic,1890,2,O14,positional_synthetic_v1
pos_synthetic,1890,3,O21,positional_synthetic_v1
pos_synthetic,1890,4,N04,positional_synthetic_v1
pos_synthetic,1891,1,T01,positional_synthetic_v1
pos_synthetic,1891,2,O00,positional_synthetic_v1
pos_synthetic,1891,3,O01,positional_synthetic_v1
pos_synthetic,1891,4,N00,positional_synthetic_v1
pos_synthetic,1892,1,T01,positional_synthetic_v1
pos_synthetic,1892,2,O02,positional_synthetic_v1
pos_synthetic,1892,3,S03,positional_synthetic_v1
pos_synthetic,1893,1,T05,positional_synthetic_v1
pos_synthetic,1893,2,O00,positional_synthetic_v1
pos_synthetic,1893,3,O01,positional_synthetic_v1
pos_synthetic,1893,4,O01,positional_synthetic_v1
pos_synthetic,1893,5,O01,positional_synthetic_v1
pos_synthetic,1893,6,N03,positional_synthetic_v1
pos_synthetic,1894,1,T01,positional_synthetic_v1
pos_synthetic,1894,2,O03,positional_synthetic_v1
pos_synthetic,1894,3,O15,positional_synthetic_v1
pos_synthetic,1894,4,O12,positional_synthetic_v1
pos_synthetic,1894,5,S01,positional_synthetic_v1
pos_synthetic,1895,1,T01,positional_synthetic_v1
pos_synthetic,1895,2,T00,positional_synthetic_v1
pos_synthetic,1895,3,S00,positional_synthetic_v1
pos_synthetic,1895,4,S00,positional_synthetic_v1
pos_synthetic,1896,1,T00,positional_synthetic_v1
pos_synthetic,1896,2,O06,positional_synthetic_v1
pos_synthetic,1896,3,O09,positional_synthetic_v1
pos_synthetic,1896,4,N00,positional_synthetic_v1
pos_synthetic,1897,1,T00,positional_synthetic_v1
pos_synthetic,1897,2,O15,positional_synthetic_v1
pos_synthetic,1897,3,O00,positional_synthetic_v1
pos_synthetic,1897,4,O26,positional_synthetic_v1
pos_synthetic,1897,5,O04,positional_synthetic_v1
pos_synthetic,1897,6,S00,positional_synthetic_v1
pos_synthetic,1898,1,T00,positional_synthetic_v1
pos_synthetic,1898,2,O00,positional_synthetic_v1
pos_synthetic,1898,3,O00,positional_synthetic_v1
pos_synthetic,1898,4,S01,positional_synthetic_v1
pos_synthetic,1898,5,S00,positional_synthetic_v1
pos_synthetic,1898,6,O02,positional_synthetic_v1
pos_synthetic,1898,7,N01,positional_synthetic_v1
pos_synthetic,1899,1,T00,positional_synthetic_v1
pos_synthetic,1899,2,O00,positional_synthetic_v1
pos_synthetic,1899,3,O00,positional_synthetic_v1
pos_synthetic,1899,4,S01,positional_synthetic_v1
pos_synthetic,1900,1,T00,positional_synthetic_v1
pos_synthetic,1900,2,O11,positional_synthetic_v1
pos_synthetic,1900,3,N01,positional_synthetic_v1
pos_synthetic,1901,1,T01,positional_synthetic_v1
pos_synthetic,1901,2,O02,positional_synthetic_v1
pos_synthetic,1901,3,O07,positional_synthetic_v1
pos_synthetic,1901,4,O00,positional_synthetic_v1
pos_synthetic,1901,5,O00,positional_synthetic_v1
pos_synthetic,1901,6,N01,positional_synthetic_v1
pos_synthetic,1902,1,T00,positional_synthetic_v1
pos_synthetic,1902,2,O01,positional_synthetic_v1
pos_synthetic,1902,3,O05,positional_synthetic_v1
pos_synthetic,1902,4,N01,positional_synthetic_v1
pos_synthetic,1903,1,T02,positional_synthetic_v1
pos_synthetic,1903,2,T01,positional_synthetic_v1
pos_synthetic,1903,3,O08,positional_synthetic_v1
pos_synthetic,1903,4,O07,positional_synthetic_v1
pos_synthetic,1904,1,T01,positional_synthetic_v1
pos_synthetic,1904,2,O06,positional_synthetic_v1
pos_synthetic,1904,3,O17,positional_synthetic_v1
pos_synthetic,1904,4,S00,positional_synthetic_v1
pos_synthetic,1905,1,T03,positional_synthetic_v1
pos_synthetic,1905,2,O03,positional_synthetic_v1
pos_synthetic,1905,3,O00,positional_synthetic_v1
pos_synthetic,1905,4,O20,positional_synthetic_v1
pos_synthetic,1905,5,N00,positional_synthetic_v1
pos_synthetic,1906,1,T03,positional_synthetic_v1
pos_synthetic,1906,2,O09,positional_synthetic_v1
pos_synthetic,1906,3,O29,positional_synthetic_v1
pos_synthetic,1906,4,N00,positional_synthetic_v1
pos_synthetic,1907,1,O04,positional_synthetic_v1
pos_synthetic,1907,2,O01,positional_synthetic_v1
pos_synthetic,1907,3,O01,positional_synthetic_v1
pos_synthetic,1907,4,O00,positional_synthetic_v1
pos_synthetic,1907,5,O03,positional_synthetic_v1
pos_synthetic,1907,6,O02,positional_synthetic_v1
pos_synthetic,1907,7,N00,positional_synthetic_v1
pos_synthetic,1908,1,T01,positional_synthetic_v1
pos_synthetic,1908,2,O08,positional_synthetic_v1
pos_synthetic,1908,3,O09,positional_synthetic_v1
pos_synthetic,1908,4,O21,positional_synthetic_v1
pos_synthetic,1908,5,O01,positional_synthetic_v1
pos_synthetic,1908,6,O29,positional_synthetic_v1
pos_synthetic,1908,7,N04,positional_synthetic_v1
pos_synthetic,1909,1,T00,positional_synthetic_v1
pos_synthetic,1909,2,O00,positional_synthetic_v1
pos_synthetic,1909,3,O01,positional_synthetic_v1
pos_synthetic,1909,4,O01,positional_synthetic_v1
pos_synthetic,1909,5,O03,positional_synthetic_v1
pos_synthetic,1909,6,S01,positional_synthetic_v1
pos_synthetic,1910,1,T01,positional_synthetic_v1
pos_synthetic,1910,2,O00,positional_synthetic_v1
pos_synthetic,1910,3,N04,positional_synthetic_v1
pos_synthetic,1911,1,O00,positional_synthetic_v1
pos_synthetic,1911,2,O33,positional_synthetic_v1
pos_synthetic,1911,3,O00,positional_synthetic_v1
pos_synthetic,1911,4,O30,positional_synthetic_v1
pos_synthetic,1911,5,S00,positional_synthetic_v1
pos_synthetic,1912,1,T00,positional_synthetic_v1
pos_synthetic,1912,2,O07,positional_synthetic_v1
pos_synthetic,1912,3,O15,positional_synthetic_v1
pos_synthetic,1912,4,S03,positional_synthetic_v1
pos_synthetic,1913,1,O04,positional_synthetic_v1
pos_synthetic,1913,2,O04,positional_synthetic_v1
pos_synthetic,1913,3,O15,positional_synthetic_v1
pos_synthetic,1913,4,S00,positional_synthetic_v1
pos_synthetic,1914,1,T05,positional_synthetic_v1
pos_synthetic,1914,2,O21,positional_synthetic_v1
pos_synthetic,1914,3,O34,positional_synthetic_v1
pos_synthetic,1914,4,O21,positional_synthetic_v1
pos_synthetic,1914,5,N00,positional_synthetic_v1
pos_synthetic,1915,1,T04,positional_synthetic_v1
pos_synthetic,1915,2,O01,positional_synthetic_v1
pos_synthetic,1915,3,T07,positional_synthetic_v1
pos_synthetic,1915,4,S01,positional_synthetic_v1
pos_synthetic,1916,1,O02,positional_synthetic_v1
pos_synthetic,1916,2,O01,positional_synthetic_v1
pos_synthetic,1916,3,S02,positional_synthetic_v1
pos_synthetic,1917,1,O11,positional_synthetic_v1
pos_synthetic,1917,2,O00,positional_synthetic_v1
pos_synthetic,1917,3,O10,positional_synthetic_v1
pos_synthetic,1917,4,O04,positional_synthetic_v1
pos_synthetic,1917,5,O01,positional_synthetic_v1
pos_synthetic,1917,6,O00,positional_synthetic_v1
pos_synthetic,1917,7,S01,positional_synthetic_v1
pos_synthetic,1918,1,T01,positional_synthetic_v1
pos_synthetic,1918,2,T01,positional_synthetic_v1
pos_synthetic,1918,3,S00,positional_synthetic_v1
pos_synthetic,1919,1,O00,positional_synthetic_v1
pos_synthetic,1919,2,O00,positional_synthetic_v1
pos_synthetic,1919,3,O05,positional_synthetic_v1
pos_synthetic,1919,4,O22,positional_synthetic_v1
pos_synthetic,1919,5,O01,positional_synthetic_v1
pos_synthetic,1919,6,N00,positional_synthetic_v1
pos_synthetic,1920,1,O05,positional_synthetic_v1
pos_synthetic,1920,2,O17,positional_synthetic_v1
pos_synthetic,1920,3,S02,positional_synthetic_v1
pos_synthetic,1921,1,T01,positional_synthetic_v1
pos_synthetic,1921,2,O09,positional_synthetic_v1
pos_synthetic,1921,3,O00,positional_synthetic_v1
pos_synthetic,1921,4,S00,positional_synthetic_v1
pos_synthetic,1922,1,T01,positional_synthetic_v1
pos_synthetic,1922,2,O25,positional_synthetic_v1
pos_synthetic,1922,3,O18,positional_synthetic_v1
pos_synthetic,1922,4,S00,positional_synthetic_v1
pos_synthetic,1922,5,O00,positional_synthetic_v1
pos_synthetic,1922,6,T00,positional_synthetic_v1
pos_synthetic,1922,7,N00,positional_synthetic_v1
pos_synthetic,1923,1,T01,positional_synthetic_v1
pos_synthetic,1923,2,T05,positional_synthetic_v1
pos_synthetic,1923,3,O31,positional_synthetic_v1
pos_synthetic,1923,4,O05,positional_synthetic_v1
pos_synthetic,1923,5,O14,positional_synthetic_v1
pos_synthetic,1923,6,O02,positional_synthetic_v1
pos_synthetic,1924,1,T00,positional_synthetic_v1
pos_synthetic,1924,2,O02,positional_synthetic_v1
pos_synthetic,1924,3,O03,positional_synthetic_v1
pos_synthetic,1924,4,O08,positional_synthetic_v1
pos_synthetic,1924,5,O00,positional_synthetic_v1
pos_synthetic,1924,6,N00,positional_synthetic_v1
pos_synthetic,1925,1,O01,positional_synthetic_v1
pos_synthetic,1925,2,O30,positional_synthetic_v1
pos_synthetic,1925,3,N01,positional_synthetic_v1
pos_synthetic,1926,1,T03,positional_synthetic_v1
pos_synthetic,1926,2,O09,positional_synthetic_v1
pos_synthetic,1926,3,O00,positional_synthetic_v1
pos_synthetic,1926,4,O03,positional_synthetic_v1
pos_synthetic,1926,5,O20,positional_synthetic_v1
pos_synthetic,1926,6,N01,positional_synthetic_v1
pos_synthetic,1927,1,T06,positional_synthetic_v1
pos_synthetic,1927,2,O00,positional_synthetic_v1
pos_synthetic,1927,3,O00,positional_synthetic_v1
pos_synthetic,1927,4,O19,positional_synthetic_v1
pos_synthetic,1927,5,O15,positional_synthetic_v1
pos_synthetic,1927,6,O38,positional_synthetic_v1
pos_synthetic,1927,7,S03,positional_synthetic_v1
pos_synthetic,1928,1,T04,positional_synthetic_v1
pos_synthetic,1928,2,O15,positional_synthetic_v1
pos_synthetic,1928,3,O03,positional_synthetic_v1
pos_synthetic,1928,4,O01,positional_synthetic_v1
pos_synthetic,1928,5,O26,positional_synthetic_v1
pos_synthetic,1928,6,O01,positional_synthetic_v1
pos_synthetic,1929,1,T01,positional_synthetic_v1
pos_synthetic,1929,2,O01,positional_synthetic_v1
pos_synthetic,1929,3,O03,positional_synthetic_v1
pos_synthetic,1929,4,O02,positional_synthetic_v1
pos_synthetic,1929,5,O00,positional_synthetic_v1
pos_synthetic,1929,6,S00,positional_synthetic_v1
pos_synthetic,1930,1,O03,positional_synthetic_v1
pos_synthetic,1930,2,O00,positional_synthetic_v1
pos_synthetic,1930,3,T00,positional_synthetic_v1
pos_synthetic,1930,4,O00,positional_synthetic_v1
pos_synthetic,1930,5,O07,positional_synthetic_v1
pos_synthetic,1930,6,O00,positional_synthetic_v1
pos_synthetic,1930,7,N05,positional_synthetic_v1
pos_synthetic,1931,1,O00,positional_synthetic_v1
pos_synthetic,1931,2,O00,positional_synthetic_v1
pos_synthetic,1931,3,O00,positional_synthetic_v1
pos_synthetic,1931,4,N00,positional_synthetic_v1
pos_synthetic,1932,1,T03,positional_synthetic_v1
pos_synthetic,1932,2,O18,positional_synthetic_v1
pos_synthetic,1932,3,O04,positional_synthetic_v1
pos_synthetic,1932,4,O00,positional_synthetic_v1
pos_synthetic,1932,5,T00,positional_synthetic_v1
pos_synthetic,1932,6,S03,positional_synthetic_v1
pos_synthetic,1933,1,T00,positional_synthetic_v1
pos_synthetic,1933,2,O08,positional_synthetic_v1
pos_synthetic,1933,3,O01,positional_synthetic_v1
pos_synthetic,1933,4,O00,positional_synthetic_v1
pos_synthetic,1933,5,O02,positional_synthetic_v1
pos_synthetic,1933,6,O00,positional_synthetic_v1
pos_synthetic,1933,7,N03,positional_synthetic_v1
pos_synthetic,1934,1,O00,positional_synthetic_v1
pos_synthetic,1934,2,O07,positional_synthetic_v1
pos_synthetic,1934,3,O00,positional_synthetic_v1
pos_synthetic,1934,4,O29,positional_synthetic_v1
pos_synthetic,1934,5,O00,positional_synthetic_v1
pos_synthetic,1934,6,O18,positional_synthetic_v1
pos_synthetic,1934,7,S03,positional_synthetic_v1
pos_synthetic,1935,1,T01,positional_synthetic_v1
pos_synthetic,1935,2,O07,positional_synthetic_v1
pos_synthetic,1935,3,O01,positional_synthetic_v1
pos_synthetic,1935,4,O00,positional_synthetic_v1
pos_synthetic,1935,5,O01,positional_synthetic_v1
pos_synthetic,1935,6,O00,positional_synthetic_v1
pos_synthetic,1936,1,T07,positional_synthetic_v1
pos_synthetic,1936,2,S00,positional_synthetic_v1
pos_synthetic,1936,3,O03,positional_synthetic_v1
pos_synthetic,1936,4,O04,positional_synthetic_v1
pos_synthetic,1936,5,O03,positional_synthetic_v1
pos_synthetic,1936,6,O05,positional_synthetic_v1
pos_synthetic,1937,1,O00,positional_synthetic_v1
pos_synthetic,1937,2,O03,positional_synthetic_v1
pos_synthetic,1937,3,S03,positional_synthetic_v1
pos_synthetic,1938,1,T03,positional_synthetic_v1
pos_synthetic,1938,2,O33,positional_synthetic_v1
pos_synthetic,1938,3,S00,positional_synthetic_v1
pos_synthetic,1938,4,N00,positional_synthetic_v1
pos_synthetic,1939,1,O00,positional_synthetic_v1
pos_synthetic,1939,2,O00,positional_synthetic_v1
pos_synthetic,1939,3,T00,positional_synthetic_v1
pos_synthetic,1939,4,O06,positional_synthetic_v1
pos_synthetic,1939,5,O00,positional_synthetic_v1
pos_synthetic,1939,6,S02,positional_synthetic_v1
pos_synthetic,1940,1,T02,positional_synthetic_v1
pos_synthetic,1940,2,O01,positional_synthetic_v1
pos_synthetic,1940,3,O01,positional_synthetic_v1
pos_synthetic,1940,4,T01,positional_synthetic_v1
pos_synthetic,1940,5,O00,positional_synthetic_v1
pos_synthetic,1940,6,T02,positional_synthetic_v1
pos_synthetic,1940,7,S02,positional_synthetic_v1
pos_synthetic,1941,1,O09,positional_synthetic_v1
pos_synthetic,1941,2,O04,positional_synthetic_v1
pos_synthetic,1941,3,O01,positional_synthetic_v1
pos_synthetic,1941,4,O00,positional_synthetic_v1
pos_synthetic,1941,5,O10,positional_synthetic_v1
pos_synthetic,1941,6,S00,positional_synthetic_v1
pos_synthetic,1942,1,O00,positional_synthetic_v1
pos_synthetic,1942,2,O00,positional_synthetic_v1
pos_synthetic,1942,3,O10,positional_synthetic_v1
pos_synthetic,1942,4,O00,positional_synthetic_v1
pos_synthetic,1942,5,O02,positional_synthetic_v1
pos_synthetic,1942,6,S01,positional_synthetic_v1
pos_synthetic,1943,1,T05,positional_synthetic_v1
pos_synthetic,1943,2,O17,positional_synthetic_v1
pos_synthetic,1943,3,O02,positional_synthetic_v1
pos_synthetic,1943,4,N00,positional_synthetic_v1
pos_synthetic,1944,1,T00,positional_synthetic_v1
pos_synthetic,1944,2,O04,positional_synthetic_v1
pos_synthetic,1944,3,O03,positional_synthetic_v1
pos_synthetic,1944,4,N02,positional_synthetic_v1
pos_synthetic,1945,1,T00,positional_synthetic_v1
pos_synthetic,1945,2,O05,positional_synthetic_v1
pos_synthetic,1945,3,T00,positional_synthetic_v1
pos_synthetic,1945,4,O09,positional_synthetic_v1
pos_synthetic,1945,5,O01,positional_synthetic_v1
pos_synthetic,1945,6,N02,positional_synthetic_v1
pos_synthetic,1946,1,T00,positional_synthetic_v1
pos_synthetic,1946,2,O01,positional_synthetic_v1
pos_synthetic,1946,3,O07,positional_synthetic_v1
pos_synthetic,1946,4,O00,positional_synthetic_v1
pos_synthetic,1946,5,O11,positional_synthetic_v1
pos_synthetic,1946,6,N02,positional_synthetic_v1
pos_synthetic,1947,1,T01,positional_synthetic_v1
pos_synthetic,1947,2,O01,positional_synthetic_v1
pos_synthetic,1947,3,O02,positional_synthetic_v1
pos_synthetic,1947,4,O04,positional_synthetic_v1
pos_synthetic,1947,5,S01,positional_synthetic_v1
pos_synthetic,1948,1,T01,positional_synthetic_v1
pos_synthetic,1948,2,O00,positional_synthetic_v1
pos_synthetic,1948,3,O00,positional_synthetic_v1
pos_synthetic,1948,4,O00,positional_synthetic_v1
pos_synthetic,1948,5,S01,positional_synthetic_v1
pos_synthetic,1949,1,T03,positional_synthetic_v1
pos_synthetic,1949,2,O00,positional_synthetic_v1
pos_synthetic,1949,3,O30,positional_synthetic_v1
pos_synthetic,1949,4,O02,positional_synthetic_v1
pos_synthetic,1950,1,T05,positional_synthetic_v1
pos_synthetic,1950,2,O07,positional_synthetic_v1
pos_synthetic,1950,3,O07,positional_synthetic_v1
pos_synthetic,1951,1,T00,positional_synthetic_v1
pos_synthetic,1951,2,O00,positional_synthetic_v1
pos_synthetic,1951,3,O00,positional_synthetic_v1
pos_synthetic,1951,4,O07,positional_synthetic_v1
pos_synthetic,1951,5,O01,positional_synthetic_v1
pos_synthetic,1951,6,N03,positional_synthetic_v1
pos_synthetic,1952,1,T00,positional_synthetic_v1
pos_synthetic,1952,2,O13,positional_synthetic_v1
pos_synthetic,1952,3,O00,positional_synthetic_v1
pos_synthetic,1952,4,O00,positional_synthetic_v1
pos_synthetic,1952,5,T00,positional_synthetic_v1
pos_synthetic,1952,6,O01,positional_synthetic_v1
pos_synthetic,1952,7,N00,positional_synthetic_v1
pos_synthetic,1953,1,T03,positional_synthetic_v1
pos_synthetic,1953,2,T00,positional_synthetic_v1
pos_synthetic,1953,3,N00,positional_synthetic_v1
pos_synthetic,1954,1,T04,positional_synthetic_v1
pos_synthetic,1954,2,O00,positional_synthetic_v1
pos_synthetic,1954,3,S03,positional_synthetic_v1
pos_synthetic,1955,1,T00,positional_synthetic_v1
pos_synthetic,1955,2,O00,positional_synthetic_v1
pos_synthetic,1955,3,O01,positional_synthetic_v1
pos_synthetic,1955,4,O10,positional_synthetic_v1
pos_synthetic,1955,5,T01,positional_synthetic_v1
pos_synthetic,1955,6,S01,positional_synthetic_v1
pos_synthetic,1956,1,T00,positional_synthetic_v1
pos_synthetic,1956,2,O14,positional_synthetic_v1
pos_synthetic,1956,3,O07,positional_synthetic_v1
pos_synthetic,1956,4,S02,positional_synthetic_v1
pos_synthetic,1957,1,T02,positional_synthetic_v1
pos_synthetic,1957,2,O00,positional_synthetic_v1
pos_synthetic,1957,3,T01,positional_synthetic_v1
pos_synthetic,1957,4,S00,positional_synthetic_v1
pos_synthetic,1958,1,T06,positional_synthetic_v1
pos_synthetic,1958,2,S00,positional_synthetic_v1
pos_synthetic,1958,3,O06,positional_synthetic_v1
pos_synthetic,1958,4,O02,positional_synthetic_v1
pos_synthetic,1958,5,O00,positional_synthetic_v1
pos_synthetic,1958,6,S02,positional_synthetic_v1
pos_synthetic,1959,1,T01,positional_synthetic_v1
pos_synthetic,1959,2,O00,positional_synthetic_v1
pos_synthetic,1959,3,O00,positional_synthetic_v1
pos_synthetic,1959,4,N00,positional_synthetic_v1
pos_synthetic,1960,1,T00,positional_synthetic_v1
pos_synthetic,1960,2,O02,positional_synthetic_v1
pos_synthetic,1960,3,O31,positional_synthetic_v1
pos_synthetic,1960,4,O03,positional_synthetic_v1
pos_synthetic,1960,5,O19,positional_synthetic_v1
pos_synthetic,1960,6,S00,positional_synthetic_v1
pos_synthetic,1961,1,O16,positional_synthetic_v1
pos_synthetic,1961,2,O02,positional_synthetic_v1
pos_synthetic,1961,3,O17,positional_synthetic_v1
pos_synthetic,1961,4,N00,positional_synthetic_v1
pos_synthetic,1962,1,T00,positional_synthetic_v1
pos_synthetic,1962,2,O16,positional_synthetic_v1
pos_synthetic,1962,3,N01,positional_synthetic_v1
pos_synthetic,1963,1,O19,positional_synthetic_v1
pos_synthetic,1963,2,O26,positional_synthetic_v1
pos_synthetic,1963,3,O00,positional_synthetic_v1
pos_synthetic,1963,4,O02,positional_synthetic_v1
pos_synthetic,1963,5,S01,positional_synthetic_v1
pos_synthetic,1964,1,T03,positional_synthetic_v1
pos_synthetic,1964,2,O00,positional_synthetic_v1
pos_synthetic,1964,3,O03,positional_synthetic_v1
pos_synthetic,1964,4,O07,positional_synthetic_v1
pos_synthetic,1964,5,O00,positional_synthetic_v1
pos_synthetic,1964,6,O12,positional_synthetic_v1
pos_synthetic,1965,1,T01,positional_synthetic_v1
pos_synthetic,1965,2,O28,positional_synthetic_v1
pos_synthetic,1965,3,O01,positional_synthetic_v1
pos_synthetic,1965,4,N00,positional_synthetic_v1
pos_synthetic,1966,1,T01,positional_synthetic_v1
pos_synthetic,1966,2,O00,positional_synthetic_v1
pos_synthetic,1966,3,O32,positional_synthetic_v1
pos_synthetic,1966,4,N00,positional_synthetic_v1
pos_synthetic,1967,1,T03,positional_synthetic_v1
pos_synthetic,1967,2,O02,positional_synthetic_v1
pos_synthetic,1967,3,O01,positional_synthetic_v1
pos_synthetic,1967,4,O00,positional_synthetic_v1
pos_synthetic,1967,5,O04,positional_synthetic_v1
pos_synthetic,1967,6,S00,positional_synthetic_v1
pos_synthetic,1968,1,T05,positional_synthetic_v1
pos_synthetic,1968,2,O00,positional_synthetic_v1
pos_synthetic,1968,3,O02,positional_synthetic_v1
pos_synthetic,1968,4,O03,positional_synthetic_v1
pos_synthetic,1968,5,O00,positional_synthetic_v1
pos_synthetic,1968,6,O25,positional_synthetic_v1
pos_synthetic,1969,1,T00,positional_synthetic_v1
pos_synthetic,1969,2,O00,positional_synthetic_v1
pos_synthetic,1969,3,O01,positional_synthetic_v1
pos_synthetic,1969,4,O04,positional_synthetic_v1
pos_synthetic,1969,5,O02,positional_synthetic_v1
pos_synthetic,1969,6,O06,positional_synthetic_v1
pos_synthetic,1970,1,T00,positional_synthetic_v1
pos_synthetic,1970,2,O00,positional_synthetic_v1
pos_synthetic,1970,3,O13,positional_synthetic_v1
pos_synthetic,1970,4,O00,positional_synthetic_v1
pos_synthetic,1970,5,O16,positional_synthetic_v1
pos_synthetic,1970,6,O00,positional_synthetic_v1
pos_synthetic,1970,7,N04,positional_synthetic_v1
pos_synthetic,1971,1,O01,positional_synthetic_v1
pos_synthetic,1971,2,O04,positional_synthetic_v1
pos_synthetic,1971,3,O00,positional_synthetic_v1
pos_synthetic,1971,4,O00,positional_synthetic_v1
pos_synthetic,1971,5,S00,positional_synthetic_v1
pos_synthetic,1972,1,T00,positional_synthetic_v1
pos_synthetic,1972,2,O02,positional_synthetic_v1
pos_synthetic,1972,3,O03,positional_synthetic_v1
pos_synthetic,1972,4,S01,positional_synthetic_v1
pos_synthetic,1973,1,T01,positional_synthetic_v1
pos_synthetic,1973,2,O01,positional_synthetic_v1
pos_synthetic,1973,3,O02,positional_synthetic_v1
pos_synthetic,1973,4,O01,positional_synthetic_v1
pos_synthetic,1973,5,N04,positional_synthetic_v1
pos_synthetic,1974,1,T00,positional_synthetic_v1
pos_synthetic,1974,2,O00,positional_synthetic_v1
pos_synthetic,1974,3,O05,positional_synthetic_v1
pos_synthetic,1974,4,O00,positional_synthetic_v1
pos_synthetic,1974,5,S02,positional_synthetic_v1
pos_synthetic,1975,1,T00,positional_synthetic_v1
pos_synthetic,1975,2,O00,positional_synthetic_v1
pos_synthetic,1975,3,O02,positional_synthetic_v1
pos_synthetic,1975,4,O04,positional_synthetic_v1
pos_synthetic,1975,5,O00,positional_synthetic_v1
pos_synthetic,1975,6,O07,positional_synthetic_v1
pos_synthetic,1975,7,S00,positional_synthetic_v1
pos_synthetic,1976,1,T00,positional_synthetic_v1
pos_synthetic,1976,2,O09,positional_synthetic_v1
pos_synthetic,1976,3,O00,positional_synthetic_v1
pos_synthetic,1976,4,O14,positional_synthetic_v1
pos_synthetic,1976,5,O01,positional_synthetic_v1
pos_synthetic,1976,6,S02,positional_synthetic_v1
pos_synthetic,1977,1,T04,positional_synthetic_v1
pos_synthetic,1977,2,O01,positional_synthetic_v1
pos_synthetic,1977,3,O00,positional_synthetic_v1
pos_synthetic,1978,1,T03,positional_synthetic_v1
pos_synthetic,1978,2,O01,positional_synthetic_v1
pos_synthetic,1978,3,S03,positional_synthetic_v1
pos_synthetic,1979,1,T00,positional_synthetic_v1
pos_synthetic,1979,2,O00,positional_synthetic_v1
pos_synthetic,1979,3,O00,positional_synthetic_v1
pos_synthetic,1979,4,O04,positional_synthetic_v1
pos_synthetic,1979,5,S01,positional_synthetic_v1
pos_synthetic,1979,6,O00,positional_synthetic_v1
pos_synthetic,1979,7,O01,positional_synthetic_v1
pos_synthetic,1980,1,T00,positional_synthetic_v1
pos_synthetic,1980,2,O06,positional_synthetic_v1
pos_synthetic,1980,3,O00,positional_synthetic_v1
pos_synthetic,1980,4,O25,positional_synthetic_v1
pos_synthetic,1980,5,O00,positional_synthetic_v1
pos_synthetic,1980,6,S00,positional_synthetic_v1
pos_synthetic,1981,1,T03,positional_synthetic_v1
pos_synthetic,1981,2,O00,positional_synthetic_v1
pos_synthetic,1981,3,N00,positional_synthetic_v1
pos_synthetic,1982,1,T05,positional_synthetic_v1
pos_synthetic,1982,2,O16,positional_synthetic_v1
pos_synthetic,1982,3,O01,positional_synthetic_v1
pos_synthetic,1982,4,T02,positional_synthetic_v1
pos_synthetic,1982,5,O03,positional_synthetic_v1
pos_synthetic,1982,6,S00,positional_synthetic_v1
pos_synthetic,1983,1,T01,positional_synthetic_v1
pos_synthetic,1983,2,O02,positional_synthetic_v1
pos_synthetic,1983,3,O01,positional_synthetic_v1
pos_synthetic,1983,4,O19,positional_synthetic_v1
pos_synthetic,1983,5,O00,positional_synthetic_v1
pos_synthetic,1983,6,S01,positional_synthetic_v1
pos_synthetic,1984,1,T02,positional_synthetic_v1
pos_synthetic,1984,2,O00,positional_synthetic_v1
pos_synthetic,1984,3,N00,positional_synthetic_v1
pos_synthetic,1985,1,T06,positional_synthetic_v1
pos_synthetic,1985,2,O00,positional_synthetic_v1
pos_synthetic,1985,3,O05,positional_synthetic_v1
pos_synthetic,1985,4,O08,positional_synthetic_v1
pos_synthetic,1985,5,O02,positional_synthetic_v1
pos_synthetic,1985,6,S01,positional_synthetic_v1
pos_synthetic,1986,1,T01,positional_synthetic_v1
pos_synthetic,1986,2,O03,positional_synthetic_v1
pos_synthetic,1986,3,O06,positional_synthetic_v1
pos_synthetic,1986,4,O04,positional_synthetic_v1
pos_synthetic,1986,5,O18,positional_synthetic_v1
pos_synthetic,1986,6,O01,positional_synthetic_v1
pos_synthetic,1987,1,T00,positional_synthetic_v1
pos_synthetic,1987,2,O00,positional_synthetic_v1
pos_synthetic,1987,3,O00,positional_synthetic_v1
pos_synthetic,1987,4,O00,positional_synthetic_v1
pos_synthetic,1987,5,S01,positional_synthetic_v1
pos_synthetic,1988,1,T02,positional_synthetic_v1
pos_synthetic,1988,2,O04,positional_synthetic_v1
pos_synthetic,1988,3,O15,positional_synthetic_v1
pos_synthetic,1988,4,S02,positional_synthetic_v1
pos_synthetic,1989,1,O01,positional_synthetic_v1
pos_synthetic,1989,2,O24,positional_synthetic_v1
pos_synthetic,1989,3,T02,positional_synthetic_v1
pos_synthetic,1989,4,O00,positional_synthetic_v1
pos_synthetic,1989,5,O03,positional_synthetic_v1
pos_synthetic,1989,6,S00,positional_synthetic_v1
pos_synthetic,1990,1,T01,positional_synthetic_v1
pos_synthetic,1990,2,T00,positional_synthetic_v1
pos_synthetic,1990,3,O00,positional_synthetic_v1
pos_synthetic,1990,4,O28,positional_synthetic_v1
pos_synthetic,1990,5,O05,positional_synthetic_v1
pos_synthetic,1990,6,O18,positional_synthetic_v1
pos_synthetic,1990,7,S00,positional_synthetic_v1
pos_synthetic,1991,1,T01,positional_synthetic_v1
pos_synthetic,1991,2,O06,positional_synthetic_v1
pos_synthetic,1991,3,O30,positional_synthetic_v1
pos_synthetic,1991,4,O00,positional_synthetic_v1
pos_synthetic,1991,5,O18,positional_synthetic_v1
pos_synthetic,1991,6,N06,positional_synthetic_v1
pos_synthetic,1992,1,T02,positional_synthetic_v1
pos_synthetic,1992,2,O25,positional_synthetic_v1
pos_synthetic,1992,3,T00,positional_synthetic_v1
pos_synthetic,1992,4,O29,positional_synthetic_v1
pos_synthetic,1992,5,O07,positional_synthetic_v1
pos_synthetic,1992,6,S03,positional_synthetic_v1
pos_synthetic,1993,1,T01,positional_synthetic_v1
pos_synthetic,1993,2,O02,positional_synthetic_v1
pos_synthetic,1993,3,S00,positional_synthetic_v1
pos_synthetic,1994,1,O02,positional_synthetic_v1
pos_synthetic,1994,2,O14,positional_synthetic_v1
pos_synthetic,1994,3,O00,positional_synthetic_v1
pos_synthetic,1994,4,O00,positional_synthetic_v1
pos_synthetic,1994,5,O00,positional_synthetic_v1
pos_synthetic,1994,6,S01,positional_synthetic_v1
pos_synthetic,1995,1,T03,positional_synthetic_v1
pos_synthetic,1995,2,O27,positional_synthetic_v1
pos_synthetic,1995,3,O04,positional_synthetic_v1
pos_synthetic,1995,4,S03,positional_synthetic_v1
pos_synthetic,1996,1,O10,positional_synthetic_v1
pos_synthetic,1996,2,O03,positional_synthetic_v1
pos_synthetic,1996,3,S03,positional_synthetic_v1
pos_synthetic,1997,1,T02,positional_synthetic_v1
pos_synthetic,1997,2,O01,positional_synthetic_v1
pos_synthetic,1997,3,S01,positional_synthetic_v1
pos_synthetic,1997,4,N00,positional_synthetic_v1
pos_synthetic,1998,1,T00,positional_synthetic_v1
pos_synthetic,1998,2,O01,positional_synthetic_v1
pos_synthetic,1998,3,O00,positional_synthetic_v1
pos_synthetic,1998,4,O00,positional_synthetic_v1
pos_synthetic,1998,5,O00,positional_synthetic_v1
pos_synthetic,1998,6,S02,positional_synthetic_v1
pos_synthetic,1999,1,T07,positional_synthetic_v1
pos_synthetic,1999,2,O01,positional_synthetic_v1
pos_synthetic,1999,3,N01,positional_synthetic_v1
pos_synthetic,2000,1,T06,positional_synthetic_v1
pos_synthetic,2000,2,O00,positional_synthetic_v1
pos_synthetic,2000,3,O07,positional_synthetic_v1
pos_synthetic,2000,4,S00,positional_synthetic_v1
