doc_id,line_id,position,token,raw_token,orientation,source,notes
seal_001,1,1,i004,i004,normal,synthetic_indus_like,
seal_001,1,2,i004,i004,normal,synthetic_indus_like,
seal_001,1,3,i029,i029,normal,synthetic_indus_like,
seal_001,2,1,i047,i047,normal,synthetic_indus_like,
seal_001,2,2,i089,i089,normal,synthetic_indus_like,
seal_001,3,1,i003,i003,normal,synthetic_indus_like,
seal_001,3,2,i034,i034,normal,synthetic_indus_like,
seal_001,3,3,i016,i016,normal,synthetic_indus_like,
seal_001,4,1,i005,i005,normal,synthetic_indus_like,
seal_001,4,2,i018,i018,normal,synthetic_indus_like,
seal_001,5,1,i006,i006,normal,synthetic_indus_like,
seal_001,5,2,i004,i004,normal,synthetic_indus_like,
seal_001,5,3,i038,i038,normal,synthetic_indus_like,
seal_001,6,1,i038,i038,normal,synthetic_indus_like,
seal_001,6,2,i069,i069,normal,synthetic_indus_like,
seal_001,7,1,i003,i003,normal,synthetic_indus_like,
seal_001,7,2,i036,i036,normal,synthetic_indus_like,
seal_001,7,3,i019,i019,normal,synthetic_indus_like,
seal_001,8,1,i045,i045,normal,synthetic_indus_like,
seal_001,8,2,i137,i137,normal,synthetic_indus_like,
seal_001,9,1,i007,i007,normal,synthetic_indus_like,
seal_001,9,2,i003,i003,normal,synthetic_indus_like,
seal_001,9,3,i050,i050,normal,synthetic_indus_like,
seal_001,10,1,i006,i006,normal,synthetic_indus_like,
seal_001,10,2,i040,i040,normal,synthetic_indus_like,
seal_001,10,3,i091,i091,normal,synthetic_indus_like,
seal_001,11,1,i005,i005,normal,synthetic_indus_like,
seal_001,11,2,i054,i054,normal,synthetic_indus_like,
seal_001,11,3,i138,i138,normal,synthetic_indus_like,
seal_001,12,1,i006,i006,normal,synthetic_indus_like,
seal_001,12,2,i022,i022,normal,synthetic_indus_like,
seal_001,12,3,i136,i136,normal,synthetic_indus_like,
seal_001,13,1,i009,i009,normal,synthetic_indus_like,
seal_001,13,2,i013,i013,normal,synthetic_indus_like,
seal_001,14,1,i010,i010,normal,synthetic_indus_like,
seal_001,14,2,i057,i057,normal,synthetic_indus_like,
seal_001,14,3,i018,i018,normal,synthetic_indus_like,
seal_001,15,1,i005,i005,normal,synthetic_indus_like,
seal_001,15,2,i050,i050,normal,synthetic_indus_like,
seal_001,15,3,i092,i092,normal,synthetic_indus_like,
seal_001,16,1,i008,i008,normal,synthetic_indus_like,
seal_001,16,2,i018,i018,normal,synthetic_indus_like,
seal_001,16,3,i014,i014,normal,synthetic_indus_like,
seal_001,17,1,i005,i005,normal,synthetic_indus_like,
seal_001,17,2,i050,i050,normal,synthetic_indus_like,
seal_001,17,3,i015,i015,normal,synthetic_indus_like,
seal_001,18,1,i009,i009,normal,synthetic_indus_like,
seal_001,18,2,i003,i003,normal,synthetic_indus_like,
seal_001,18,3,i024,i024,normal,synthetic_indus_like,
seal_001,19,1,i010,i010,normal,synthetic_indus_like,
seal_001,19,2,i002,i002,normal,synthetic_indus_like,
seal_001,19,3,i047,i047,normal,synthetic_indus_like,
seal_001,20,1,i005,i005,normal,synthetic_indus_like,
seal_001,20,2,i050,i050,normal,synthetic_indus_like,
seal_001,20,3,i016,i016,normal,synthetic_indus_like,
seal_001,21,1,i004,i004,normal,synthetic_indus_like,
seal_001,21,2,i044,i044,normal,synthetic_indus_like,
seal_001,21,3,i015,i015,normal,synthetic_indus_like,
seal_001,22,1,i009,i009,normal,synthetic_indus_like,
seal_001,22,2,i030,i030,normal,synthetic_indus_like,
seal_001,22,3,i015,i015,normal,synthetic_indus_like,
seal_001,23,1,i002,i002,normal,synthetic_indus_like,
seal_001,23,2,i030,i030,normal,synthetic_indus_like,
seal_001,23,3,i130,i130,normal,synthetic_indus_like,
seal_001,24,1,i007,i007,normal,synthetic_indus_like,
seal_001,24,2,i020,i020,normal,synthetic_indus_like,
seal_001,25,1,i003,i003,normal,synthetic_indus_like,
seal_001,25,2,i007,i007,normal,synthetic_indus_like,
seal_001,25,3,i022,i022,normal,synthetic_indus_like,
seal_001,26,1,i004,i004,normal,synthetic_indus_like,
seal_001,26,2,i017,i017,normal,synthetic_indus_like,
seal_001,26,3,i016,i016,normal,synthetic_indus_like,
seal_001,27,1,i007,i007,normal,synthetic_indus_like,
seal_001,27,2,i043,i043,normal,synthetic_indus_like,
seal_001,27,3,i101,i101,normal,synthetic_indus_like,
seal_001,28,1,i048,i048,normal,synthetic_indus_like,
seal_001,28,2,i061,i061,normal,synthetic_indus_like,
seal_001,29,1,i004,i004,normal,synthetic_indus_like,
seal_001,29,2,i047,i047,normal,synthetic_indus_like,
seal_001,29,3,i146,i146,normal,synthetic_indus_like,
seal_001,30,1,i006,i006,normal,synthetic_indus_like,
seal_001,30,2,i050,i050,normal,synthetic_indus_like,
seal_001,30,3,i117,i117,normal,synthetic_indus_like,
seal_001,31,1,i004,i004,normal,synthetic_indus_like,
seal_001,31,2,i015,i015,normal,synthetic_indus_like,
seal_001,31,3,i014,i014,normal,synthetic_indus_like,
seal_001,32,1,i004,i004,normal,synthetic_indus_like,
seal_001,32,2,i013,i013,normal,synthetic_indus_like,
seal_001,33,1,i008,i008,normal,synthetic_indus_like,
seal_001,33,2,i019,i019,normal,synthetic_indus_like,
seal_001,33,3,i019,i019,normal,synthetic_indus_like,
seal_001,34,1,i008,i008,normal,synthetic_indus_like,
seal_001,34,2,i008,i008,normal,synthetic_indus_like,
seal_001,34,3,i037,i037,normal,synthetic_indus_like,
seal_001,35,1,i007,i007,normal,synthetic_indus_like,
seal_001,35,2,i013,i013,normal,synthetic_indus_like,
seal_001,35,3,i014,i014,normal,synthetic_indus_like,
seal_001,36,1,i007,i007,normal,synthetic_indus_like,
seal_001,36,2,i019,i019,normal,synthetic_indus_like,
seal_001,37,1,i007,i007,normal,synthetic_indus_like,
seal_001,37,2,i031,i031,normal,synthetic_indus_like,
seal_001,37,3,i120,i120,normal,synthetic_indus_like,
seal_001,38,1,i048,i048,normal,synthetic_indus_like,
seal_001,38,2,i078,i078,normal,synthetic_indus_like,
seal_001,39,1,i007,i007,normal,synthetic_indus_like,
seal_001,39,2,i005,i005,normal,synthetic_indus_like,
seal_001,39,3,i026,i026,normal,synthetic_indus_like,
seal_001,40,1,i008,i008,normal,synthetic_indus_like,
seal_001,40,2,i037,i037,normal,synthetic_indus_like,
seal_001,40,3,i108,i108,normal,synthetic_indus_like,
seal_001,41,1,i004,i004,normal,synthetic_indus_like,
seal_001,41,2,i012,i012,normal,synthetic_indus_like,
seal_001,42,1,i006,i006,normal,synthetic_indus_like,
seal_001,42,2,i012,i012,normal,synthetic_indus_like,
seal_001,42,3,i019,i019,normal,synthetic_indus_like,
seal_001,43,1,i006,i006,normal,synthetic_indus_like,
seal_001,43,2,i050,i050,normal,synthetic_indus_like,
seal_001,43,3,i013,i013,normal,synthetic_indus_like,
seal_001,44,1,i045,i045,normal,synthetic_indus_like,
seal_001,44,2,i104,i104,normal,synthetic_indus_like,
seal_001,45,1,i004,i004,normal,synthetic_indus_like,
seal_001,45,2,i017,i017,normal,synthetic_indus_like,
seal_001,45,3,i018,i018,normal,synthetic_indus_like,
seal_001,46,1,i040,i040,normal,synthetic_indus_like,
seal_001,46,2,i145,i145,normal,synthetic_indus_like,
seal_001,47,1,i008,i008,normal,synthetic_indus_like,
seal_001,47,2,i015,i015,normal,synthetic_indus_like,
seal_001,48,1,i010,i010,normal,synthetic_indus_like,
seal_001,48,2,i054,i054,normal,synthetic_indus_like,
seal_001,48,3,i020,i020,normal,synthetic_indus_like,
seal_001,49,1,i009,i009,normal,synthetic_indus_like,
seal_001,49,2,i039,i039,normal,synthetic_indus_like,
seal_001,49,3,i013,i013,normal,synthetic_indus_like,
seal_001,50,1,i004,i004,normal,synthetic_indus_like,
seal_001,50,2,i028,i028,normal,synthetic_indus_like,
seal_001,50,3,i132,i132,normal,synthetic_indus_like,
seal_002,51,1,i002,i002,normal,synthetic_indus_like,
seal_002,51,2,i014,i014,normal,synthetic_indus_like,
seal_002,52,1,i003,i003,normal,synthetic_indus_like,
seal_002,52,2,i004,i004,normal,synthetic_indus_like,
seal_002,52,3,i032,i032,normal,synthetic_indus_like,
seal_002,53,1,i002,i002,normal,synthetic_indus_like,
seal_002,53,2,i004,i004,normal,synthetic_indus_like,
seal_002,53,3,i037,i037,normal,synthetic_indus_like,
seal_002,54,1,i002,i002,normal,synthetic_indus_like,
seal_002,54,2,i018,i018,normal,synthetic_indus_like,
seal_002,54,3,i015,i015,normal,synthetic_indus_like,
seal_002,55,1,i002,i002,normal,synthetic_indus_like,
seal_002,55,2,i059,i059,normal,synthetic_indus_like,
seal_002,55,3,i011,i011,normal,synthetic_indus_like,
seal_002,56,1,i008,i008,normal,synthetic_indus_like,
seal_002,56,2,i005,i005,normal,synthetic_indus_like,
seal_002,56,3,i032,i032,normal,synthetic_indus_like,
seal_002,57,1,i009,i009,normal,synthetic_indus_like,
seal_002,57,2,i011,i011,normal,synthetic_indus_like,
seal_002,58,1,i008,i008,normal,synthetic_indus_like,
seal_002,58,2,i018,i018,normal,synthetic_indus_like,
seal_002,58,3,i011,i011,normal,synthetic_indus_like,
seal_002,59,1,i008,i008,normal,synthetic_indus_like,
seal_002,59,2,i012,i012,normal,synthetic_indus_like,
seal_002,60,1,i010,i010,normal,synthetic_indus_like,
seal_002,60,2,i019,i019,normal,synthetic_indus_like,
seal_002,61,1,i005,i005,normal,synthetic_indus_like,
seal_002,61,2,i015,i015,normal,synthetic_indus_like,
seal_002,61,3,i020,i020,normal,synthetic_indus_like,
seal_002,62,1,i006,i006,normal,synthetic_indus_like,
seal_002,62,2,i018,i018,normal,synthetic_indus_like,
seal_002,63,1,i006,i006,normal,synthetic_indus_like,
seal_002,63,2,i012,i012,normal,synthetic_indus_like,
seal_002,63,3,i018,i018,normal,synthetic_indus_like,
seal_002,64,1,i003,i003,normal,synthetic_indus_like,
seal_002,64,2,i025,i025,normal,synthetic_indus_like,
seal_002,64,3,i018,i018,normal,synthetic_indus_like,
seal_002,65,1,i048,i048,normal,synthetic_indus_like,
seal_002,65,2,i073,i073,normal,synthetic_indus_like,
seal_002,66,1,i003,i003,normal,synthetic_indus_like,
seal_002,66,2,i013,i013,normal,synthetic_indus_like,
seal_002,66,3,i013,i013,normal,synthetic_indus_like,
seal_002,67,1,i009,i009,normal,synthetic_indus_like,
seal_002,67,2,i031,i031,normal,synthetic_indus_like,
seal_002,67,3,i070,i070,normal,synthetic_indus_like,
seal_002,68,1,i005,i005,normal,synthetic_indus_like,
seal_002,68,2,i048,i048,normal,synthetic_indus_like,
seal_002,68,3,i015,i015,normal,synthetic_indus_like,
seal_002,69,1,i005,i005,normal,synthetic_indus_like,
seal_002,69,2,i013,i013,normal,synthetic_indus_like,
seal_002,70,1,i044,i044,normal,synthetic_indus_like,
seal_002,70,2,i077,i077,normal,synthetic_indus_like,
seal_002,71,1,i039,i039,normal,synthetic_indus_like,
seal_002,71,2,i104,i104,normal,synthetic_indus_like,
seal_002,72,1,i002,i002,normal,synthetic_indus_like,
seal_002,72,2,i046,i046,normal,synthetic_indus_like,
seal_002,72,3,i011,i011,normal,synthetic_indus_like,
seal_002,73,1,i010,i010,normal,synthetic_indus_like,
seal_002,73,2,i056,i056,normal,synthetic_indus_like,
seal_002,73,3,i016,i016,normal,synthetic_indus_like,
seal_002,74,1,i003,i003,normal,synthetic_indus_like,
seal_002,74,2,i047,i047,normal,synthetic_indus_like,
seal_002,74,3,i144,i144,normal,synthetic_indus_like,
seal_002,75,1,i006,i006,normal,synthetic_indus_like,
seal_002,75,2,i004,i004,normal,synthetic_indus_like,
seal_002,75,3,i049,i049,normal,synthetic_indus_like,
seal_002,76,1,i004,i004,normal,synthetic_indus_like,
seal_002,76,2,i010,i010,normal,synthetic_indus_like,
seal_002,76,3,i022,i022,normal,synthetic_indus_like,
seal_002,77,1,i010,i010,normal,synthetic_indus_like,
seal_002,77,2,i001,i001,normal,synthetic_indus_like,
seal_002,77,3,i038,i038,normal,synthetic_indus_like,
seal_002,78,1,i010,i010,normal,synthetic_indus_like,
seal_002,78,2,i041,i041,normal,synthetic_indus_like,
seal_002,78,3,i011,i011,normal,synthetic_indus_like,
seal_002,79,1,i002,i002,normal,synthetic_indus_like,
seal_002,79,2,i018,i018,normal,synthetic_indus_like,
seal_002,80,1,i025,i025,normal,synthetic_indus_like,
seal_002,80,2,i077,i077,normal,synthetic_indus_like,
seal_002,81,1,i007,i007,normal,synthetic_indus_like,
seal_002,81,2,i017,i017,normal,synthetic_indus_like,
seal_002,82,1,i006,i006,normal,synthetic_indus_like,
seal_002,82,2,i005,i005,normal,synthetic_indus_like,
seal_002,82,3,i044,i044,normal,synthetic_indus_like,
seal_002,83,1,i005,i005,normal,synthetic_indus_like,
seal_002,83,2,i059,i059,normal,synthetic_indus_like,
seal_002,83,3,i100,i100,normal,synthetic_indus_like,
seal_002,84,1,i010,i010,normal,synthetic_indus_like,
seal_002,84,2,i035,i035,normal,synthetic_indus_like,
seal_002,84,3,i115,i115,normal,synthetic_indus_like,
seal_002,85,1,i009,i009,normal,synthetic_indus_like,
seal_002,85,2,i022,i022,normal,synthetic_indus_like,
seal_002,85,3,i020,i020,normal,synthetic_indus_like,
seal_002,86,1,i003,i003,normal,synthetic_indus_like,
seal_002,86,2,i022,i022,normal,synthetic_indus_like,
seal_002,86,3,i012,i012,normal,synthetic_indus_like,
seal_002,87,1,i003,i003,normal,synthetic_indus_like,
seal_002,87,2,i031,i031,normal,synthetic_indus_like,
seal_002,87,3,i020,i020,normal,synthetic_indus_like,
seal_002,88,1,i054,i054,normal,synthetic_indus_like,
seal_002,88,2,i146,i146,normal,synthetic_indus_like,
seal_002,89,1,i009,i009,normal,synthetic_indus_like,
seal_002,89,2,i019,i019,normal,synthetic_indus_like,
seal_002,90,1,i006,i006,normal,synthetic_indus_like,
seal_002,90,2,i025,i025,normal,synthetic_indus_like,
seal_002,90,3,i017,i017,normal,synthetic_indus_like,
seal_002,91,1,i007,i007,normal,synthetic_indus_like,
seal_002,91,2,i012,i012,normal,synthetic_indus_like,
seal_002,91,3,i014,i014,normal,synthetic_indus_like,
seal_002,92,1,i005,i005,normal,synthetic_indus_like,
seal_002,92,2,i042,i042,normal,synthetic_indus_like,
seal_002,92,3,i014,i014,normal,synthetic_indus_like,
seal_002,93,1,i025,i025,normal,synthetic_indus_like,
seal_002,93,2,i083,i083,normal,synthetic_indus_like,
seal_002,94,1,i006,i006,normal,synthetic_indus_like,
seal_002,94,2,i030,i030,normal,synthetic_indus_like,
seal_002,94,3,i018,i018,normal,synthetic_indus_like,
seal_002,95,1,i059,i059,normal,synthetic_indus_like,
seal_002,95,2,i125,i125,normal,synthetic_indus_like,
seal_002,96,1,i001,i001,normal,synthetic_indus_like,
seal_002,96,2,i036,i036,normal,synthetic_indus_like,
seal_002,96,3,i117,i117,normal,synthetic_indus_like,
seal_002,97,1,i047,i047,normal,synthetic_indus_like,
seal_002,97,2,i104,i104,normal,synthetic_indus_like,
seal_002,98,1,i009,i009,normal,synthetic_indus_like,
seal_002,98,2,i017,i017,normal,synthetic_indus_like,
seal_002,99,1,i002,i002,normal,synthetic_indus_like,
seal_002,99,2,i007,i007,normal,synthetic_indus_like,
seal_002,99,3,i053,i053,normal,synthetic_indus_like,
seal_002,100,1,i003,i003,normal,synthetic_indus_like,
seal_002,100,2,i013,i013,normal,synthetic_indus_like,
seal_003,101,1,i001,i001,normal,synthetic_indus_like,
seal_003,101,2,i007,i007,normal,synthetic_indus_like,
seal_003,101,3,i044,i044,normal,synthetic_indus_like,
seal_003,102,1,i053,i053,normal,synthetic_indus_like,
seal_003,102,2,i128,i128,normal,synthetic_indus_like,
seal_003,103,1,i009,i009,normal,synthetic_indus_like,
seal_003,103,2,i027,i027,normal,synthetic_indus_like,
seal_003,103,3,i019,i019,normal,synthetic_indus_like,
seal_003,104,1,i009,i009,normal,synthetic_indus_like,
seal_003,104,2,i006,i006,normal,synthetic_indus_like,
seal_003,104,3,i036,i036,normal,synthetic_indus_like,
seal_003,105,1,i002,i002,normal,synthetic_indus_like,
seal_003,105,2,i011,i011,normal,synthetic_indus_like,
seal_003,105,3,i015,i015,normal,synthetic_indus_like,
seal_003,106,1,i009,i009,normal,synthetic_indus_like,
seal_003,106,2,i011,i011,normal,synthetic_indus_like,
seal_003,107,1,i021,i021,normal,synthetic_indus_like,
seal_003,107,2,i139,i139,normal,synthetic_indus_like,
seal_003,108,1,i022,i022,normal,synthetic_indus_like,
seal_003,108,2,i110,i110,normal,synthetic_indus_like,
seal_003,109,1,i004,i004,normal,synthetic_indus_like,
seal_003,109,2,i027,i027,normal,synthetic_indus_like,
seal_003,109,3,i020,i020,normal,synthetic_indus_like,
seal_003,110,1,i040,i040,normal,synthetic_indus_like,
seal_003,110,2,i126,i126,normal,synthetic_indus_like,
seal_003,111,1,i001,i001,normal,synthetic_indus_like,
seal_003,111,2,i042,i042,normal,synthetic_indus_like,
seal_003,111,3,i015,i015,normal,synthetic_indus_like,
seal_003,112,1,i010,i010,normal,synthetic_indus_like,
seal_003,112,2,i003,i003,normal,synthetic_indus_like,
seal_003,112,3,i055,i055,normal,synthetic_indus_like,
seal_003,113,1,i001,i001,normal,synthetic_indus_like,
seal_003,113,2,i006,i006,normal,synthetic_indus_like,
seal_003,113,3,i060,i060,normal,synthetic_indus_like,
seal_003,114,1,i044,i044,normal,synthetic_indus_like,
seal_003,114,2,i107,i107,normal,synthetic_indus_like,
seal_003,115,1,i001,i001,normal,synthetic_indus_like,
seal_003,115,2,i032,i032,normal,synthetic_indus_like,
seal_003,115,3,i124,i124,normal,synthetic_indus_like,
seal_003,116,1,i002,i002,normal,synthetic_indus_like,
seal_003,116,2,i037,i037,normal,synthetic_indus_like,
seal_003,116,3,i015,i015,normal,synthetic_indus_like,
seal_003,117,1,i003,i003,normal,synthetic_indus_like,
seal_003,117,2,i016,i016,normal,synthetic_indus_like,
seal_003,117,3,i019,i019,normal,synthetic_indus_like,
seal_003,118,1,i010,i010,normal,synthetic_indus_like,
seal_003,118,2,i012,i012,normal,synthetic_indus_like,
seal_003,118,3,i012,i012,normal,synthetic_indus_like,
seal_003,119,1,i009,i009,normal,synthetic_indus_like,
seal_003,119,2,i058,i058,normal,synthetic_indus_like,
seal_003,119,3,i084,i084,normal,synthetic_indus_like,
seal_003,120,1,i031,i031,normal,synthetic_indus_like,
seal_003,120,2,i102,i102,normal,synthetic_indus_like,
seal_003,121,1,i003,i003,normal,synthetic_indus_like,
seal_003,121,2,i040,i040,normal,synthetic_indus_like,
seal_003,121,3,i020,i020,normal,synthetic_indus_like,
seal_003,122,1,i047,i047,normal,synthetic_indus_like,
seal_003,122,2,i140,i140,normal,synthetic_indus_like,
seal_003,123,1,i003,i003,normal,synthetic_indus_like,
seal_003,123,2,i008,i008,normal,synthetic_indus_like,
seal_003,123,3,i047,i047,normal,synthetic_indus_like,
seal_003,124,1,i003,i003,normal,synthetic_indus_like,
seal_003,124,2,i027,i027,normal,synthetic_indus_like,
seal_003,124,3,i067,i067,normal,synthetic_indus_like,
seal_003,125,1,i008,i008,normal,synthetic_indus_like,
seal_003,125,2,i019,i019,normal,synthetic_indus_like,
seal_003,125,3,i018,i018,normal,synthetic_indus_like,
seal_003,126,1,i005,i005,normal,synthetic_indus_like,
seal_003,126,2,i018,i018,normal,synthetic_indus_like,
seal_003,126,3,i020,i020,normal,synthetic_indus_like,
seal_003,127,1,i006,i006,normal,synthetic_indus_like,
seal_003,127,2,i056,i056,normal,synthetic_indus_like,
seal_003,127,3,i097,i097,normal,synthetic_indus_like,
seal_003,128,1,i009,i009,normal,synthetic_indus_like,
seal_003,128,2,i044,i044,normal,synthetic_indus_like,
seal_003,128,3,i079,i079,normal,synthetic_indus_like,
seal_003,129,1,i042,i042,normal,synthetic_indus_like,
seal_003,129,2,i121,i121,normal,synthetic_indus_like,
seal_003,130,1,i006,i006,normal,synthetic_indus_like,
seal_003,130,2,i016,i016,normal,synthetic_indus_like,
seal_003,131,1,i003,i003,normal,synthetic_indus_like,
seal_003,131,2,i019,i019,normal,synthetic_indus_like,
seal_003,132,1,i007,i007,normal,synthetic_indus_like,
seal_003,132,2,i030,i030,normal,synthetic_indus_like,
seal_003,132,3,i113,i113,normal,synthetic_indus_like,
seal_003,133,1,i006,i006,normal,synthetic_indus_like,
seal_003,133,2,i032,i032,normal,synthetic_indus_like,
seal_003,133,3,i119,i119,normal,synthetic_indus_like,
seal_003,134,1,i005,i005,normal,synthetic_indus_like,
seal_003,134,2,i014,i014,normal,synthetic_indus_like,
seal_003,134,3,i015,i015,normal,synthetic_indus_like,
seal_003,135,1,i007,i007,normal,synthetic_indus_like,
seal_003,135,2,i016,i016,normal,synthetic_indus_like,
seal_003,135,3,i013,i013,normal,synthetic_indus_like,
seal_003,136,1,i004,i004,normal,synthetic_indus_like,
seal_003,136,2,i011,i011,normal,synthetic_indus_like,
seal_003,137,1,i008,i008,normal,synthetic_indus_like,
seal_003,137,2,i018,i018,normal,synthetic_indus_like,
seal_003,138,1,i005,i005,normal,synthetic_indus_like,
seal_003,138,2,i001,i001,normal,synthetic_indus_like,
seal_003,138,3,i026,i026,normal,synthetic_indus_like,
seal_003,139,1,i027,i027,normal,synthetic_indus_like,
seal_003,139,2,i103,i103,normal,synthetic_indus_like,
seal_003,140,1,i004,i004,normal,synthetic_indus_like,
seal_003,140,2,i032,i032,normal,synthetic_indus_like,
seal_003,140,3,i139,i139,normal,synthetic_indus_like,
seal_003,141,1,i051,i051,normal,synthetic_indus_like,
seal_003,141,2,i102,i102,normal,synthetic_indus_like,
seal_003,142,1,i009,i009,normal,synthetic_indus_like,
seal_003,142,2,i015,i015,normal,synthetic_indus_like,
seal_003,143,1,i006,i006,normal,synthetic_indus_like,
seal_003,143,2,i047,i047,normal,synthetic_indus_like,
seal_003,143,3,i150,i150,normal,synthetic_indus_like,
seal_003,144,1,i001,i001,normal,synthetic_indus_like,
seal_003,144,2,i056,i056,normal,synthetic_indus_like,
seal_003,144,3,i125,i125,normal,synthetic_indus_like,
seal_003,145,1,i008,i008,normal,synthetic_indus_like,
seal_003,145,2,i012,i012,normal,synthetic_indus_like,
seal_003,145,3,i019,i019,normal,synthetic_indus_like,
seal_003,146,1,i007,i007,normal,synthetic_indus_like,
seal_003,146,2,i016,i016,normal,synthetic_indus_like,
seal_003,147,1,i002,i002,normal,synthetic_indus_like,
seal_003,147,2,i055,i055,normal,synthetic_indus_like,
seal_003,147,3,i011,i011,normal,synthetic_indus_like,
seal_003,148,1,i001,i001,normal,synthetic_indus_like,
seal_003,148,2,i040,i040,normal,synthetic_indus_like,
seal_003,148,3,i120,i120,normal,synthetic_indus_like,
seal_003,149,1,i007,i007,normal,synthetic_indus_like,
seal_003,149,2,i035,i035,normal,synthetic_indus_like,
seal_003,149,3,i014,i014,normal,synthetic_indus_like,
seal_003,150,1,i010,i010,normal,synthetic_indus_like,
seal_003,150,2,i001,i001,normal,synthetic_indus_like,
seal_003,150,3,i036,i036,normal,synthetic_indus_like,
seal_004,151,1,i009,i009,normal,synthetic_indus_like,
seal_004,151,2,i020,i020,normal,synthetic_indus_like,
seal_004,152,1,i006,i006,normal,synthetic_indus_like,
seal_004,152,2,i017,i017,normal,synthetic_indus_like,
seal_004,152,3,i017,i017,normal,synthetic_indus_like,
seal_004,153,1,i056,i056,normal,synthetic_indus_like,
seal_004,153,2,i113,i113,normal,synthetic_indus_like,
seal_004,154,1,i002,i002,normal,synthetic_indus_like,
seal_004,154,2,i009,i009,normal,synthetic_indus_like,
seal_004,154,3,i033,i033,normal,synthetic_indus_like,
seal_004,155,1,i033,i033,normal,synthetic_indus_like,
seal_004,155,2,i076,i076,normal,synthetic_indus_like,
seal_004,156,1,i008,i008,normal,synthetic_indus_like,
seal_004,156,2,i018,i018,normal,synthetic_indus_like,
seal_004,156,3,i012,i012,normal,synthetic_indus_like,
seal_004,157,1,i003,i003,normal,synthetic_indus_like,
seal_004,157,2,i033,i033,normal,synthetic_indus_like,
seal_004,157,3,i103,i103,normal,synthetic_indus_like,
seal_004,158,1,i003,i003,normal,synthetic_indus_like,
seal_004,158,2,i019,i019,normal,synthetic_indus_like,
seal_004,159,1,i001,i001,normal,synthetic_indus_like,
seal_004,159,2,i054,i054,normal,synthetic_indus_like,
seal_004,159,3,i011,i011,normal,synthetic_indus_like,
seal_004,160,1,i009,i009,normal,synthetic_indus_like,
seal_004,160,2,i038,i038,normal,synthetic_indus_like,
seal_004,160,3,i129,i129,normal,synthetic_indus_like,
seal_004,161,1,i010,i010,normal,synthetic_indus_like,
seal_004,161,2,i019,i019,normal,synthetic_indus_like,
seal_004,161,3,i015,i015,normal,synthetic_indus_like,
seal_004,162,1,i008,i008,normal,synthetic_indus_like,
seal_004,162,2,i057,i057,normal,synthetic_indus_like,
seal_004,162,3,i014,i014,normal,synthetic_indus_like,
seal_004,163,1,i005,i005,normal,synthetic_indus_like,
seal_004,163,2,i023,i023,normal,synthetic_indus_like,
seal_004,163,3,i070,i070,normal,synthetic_indus_like,
seal_004,164,1,i030,i030,normal,synthetic_indus_like,
seal_004,164,2,i111,i111,normal,synthetic_indus_like,
seal_004,165,1,i007,i007,normal,synthetic_indus_like,
seal_004,165,2,i029,i029,normal,synthetic_indus_like,
seal_004,165,3,i012,i012,normal,synthetic_indus_like,
seal_004,166,1,i005,i005,normal,synthetic_indus_like,
seal_004,166,2,i049,i049,normal,synthetic_indus_like,
seal_004,166,3,i018,i018,normal,synthetic_indus_like,
seal_004,167,1,i005,i005,normal,synthetic_indus_like,
seal_004,167,2,i030,i030,normal,synthetic_indus_like,
seal_004,167,3,i017,i017,normal,synthetic_indus_like,
seal_004,168,1,i001,i001,normal,synthetic_indus_like,
seal_004,168,2,i012,i012,normal,synthetic_indus_like,
seal_004,168,3,i016,i016,normal,synthetic_indus_like,
seal_004,169,1,i009,i009,normal,synthetic_indus_like,
seal_004,169,2,i013,i013,normal,synthetic_indus_like,
seal_004,169,3,i017,i017,normal,synthetic_indus_like,
seal_004,170,1,i002,i002,normal,synthetic_indus_like,
seal_004,170,2,i016,i016,normal,synthetic_indus_like,
seal_004,170,3,i015,i015,normal,synthetic_indus_like,
seal_004,171,1,i007,i007,normal,synthetic_indus_like,
seal_004,171,2,i059,i059,normal,synthetic_indus_like,
seal_004,171,3,i078,i078,normal,synthetic_indus_like,
seal_004,172,1,i004,i004,normal,synthetic_indus_like,
seal_004,172,2,i051,i051,normal,synthetic_indus_like,
seal_004,172,3,i016,i016,normal,synthetic_indus_like,
seal_004,173,1,i008,i008,normal,synthetic_indus_like,
seal_004,173,2,i013,i013,normal,synthetic_indus_like,
seal_004,174,1,i005,i005,normal,synthetic_indus_like,
seal_004,174,2,i036,i036,normal,synthetic_indus_like,
seal_004,174,3,i015,i015,normal,synthetic_indus_like,
seal_004,175,1,i006,i006,normal,synthetic_indus_like,
seal_004,175,2,i055,i055,normal,synthetic_indus_like,
seal_004,175,3,i020,i020,normal,synthetic_indus_like,
seal_004,176,1,i057,i057,normal,synthetic_indus_like,
seal_004,176,2,i089,i089,normal,synthetic_indus_like,
seal_004,177,1,i006,i006,normal,synthetic_indus_like,
seal_004,177,2,i015,i015,normal,synthetic_indus_like,
seal_004,177,3,i016,i016,normal,synthetic_indus_like,
seal_004,178,1,i006,i006,normal,synthetic_indus_like,
seal_004,178,2,i002,i002,normal,synthetic_indus_like,
seal_004,178,3,i040,i040,normal,synthetic_indus_like,
seal_004,179,1,i007,i007,normal,synthetic_indus_like,
seal_004,179,2,i017,i017,normal,synthetic_indus_like,
seal_004,179,3,i011,i011,normal,synthetic_indus_like,
seal_004,180,1,i004,i004,normal,synthetic_indus_like,
seal_004,180,2,i050,i050,normal,synthetic_indus_like,
seal_004,180,3,i075,i075,normal,synthetic_indus_like,
seal_004,181,1,i010,i010,normal,synthetic_indus_like,
seal_004,181,2,i012,i012,normal,synthetic_indus_like,
seal_004,182,1,i003,i003,normal,synthetic_indus_like,
seal_004,182,2,i019,i019,normal,synthetic_indus_like,
seal_004,182,3,i017,i017,normal,synthetic_indus_like,
seal_004,183,1,i003,i003,normal,synthetic_indus_like,
seal_004,183,2,i013,i013,normal,synthetic_indus_like,
seal_004,183,3,i016,i016,normal,synthetic_indus_like,
seal_004,184,1,i009,i009,normal,synthetic_indus_like,
seal_004,184,2,i009,i009,normal,synthetic_indus_like,
seal_004,184,3,i052,i052,normal,synthetic_indus_like,
seal_004,185,1,i009,i009,normal,synthetic_indus_like,
seal_004,185,2,i028,i028,normal,synthetic_indus_like,
seal_004,185,3,i134,i134,normal,synthetic_indus_like,
seal_004,186,1,i006,i006,normal,synthetic_indus_like,
seal_004,186,2,i055,i055,normal,synthetic_indus_like,
seal_004,186,3,i011,i011,normal,synthetic_indus_like,
seal_004,187,1,i001,i001,normal,synthetic_indus_like,
seal_004,187,2,i057,i057,normal,synthetic_indus_like,
seal_004,187,3,i105,i105,normal,synthetic_indus_like,
seal_004,188,1,i005,i005,normal,synthetic_indus_like,
seal_004,188,2,i005,i005,normal,synthetic_indus_like,
seal_004,188,3,i057,i057,normal,synthetic_indus_like,
seal_004,189,1,i008,i008,normal,synthetic_indus_like,
seal_004,189,2,i025,i025,normal,synthetic_indus_like,
seal_004,189,3,i142,i142,normal,synthetic_indus_like,
seal_004,190,1,i008,i008,normal,synthetic_indus_like,
seal_004,190,2,i016,i016,normal,synthetic_indus_like,
seal_004,190,3,i012,i012,normal,synthetic_indus_like,
seal_004,191,1,i005,i005,normal,synthetic_indus_like,
seal_004,191,2,i041,i041,normal,synthetic_indus_like,
seal_004,191,3,i015,i015,normal,synthetic_indus_like,
seal_004,192,1,i002,i002,normal,synthetic_indus_like,
seal_004,192,2,i016,i016,normal,synthetic_indus_like,
seal_004,193,1,i004,i004,normal,synthetic_indus_like,
seal_004,193,2,i019,i019,normal,synthetic_indus_like,
seal_004,194,1,i029,i029,normal,synthetic_indus_like,
seal_004,194,2,i122,i122,normal,synthetic_indus_like,
seal_004,195,1,i006,i006,normal,synthetic_indus_like,
seal_004,195,2,i034,i034,normal,synthetic_indus_like,
seal_004,195,3,i141,i141,normal,synthetic_indus_like,
seal_004,196,1,i003,i003,normal,synthetic_indus_like,
seal_004,196,2,i036,i036,normal,synthetic_indus_like,
seal_004,196,3,i096,i096,normal,synthetic_indus_like,
seal_004,197,1,i010,i010,normal,synthetic_indus_like,
seal_004,197,2,i019,i019,normal,synthetic_indus_like,
seal_004,197,3,i014,i014,normal,synthetic_indus_like,
seal_004,198,1,i006,i006,normal,synthetic_indus_like,
seal_004,198,2,i019,i019,normal,synthetic_indus_like,
seal_004,199,1,i004,i004,normal,synthetic_indus_like,
seal_004,199,2,i011,i011,normal,synthetic_indus_like,
seal_004,199,3,i011,i011,normal,synthetic_indus_like,
seal_004,200,1,i004,i004,normal,synthetic_indus_like,
seal_004,200,2,i030,i030,normal,synthetic_indus_like,
seal_004,200,3,i129,i129,normal,synthetic_indus_like,
seal_005,201,1,i002,i002,normal,synthetic_indus_like,
seal_005,201,2,i040,i040,normal,synthetic_indus_like,
seal_005,201,3,i017,i017,normal,synthetic_indus_like,
seal_005,202,1,i054,i054,normal,synthetic_indus_like,
seal_005,202,2,i094,i094,normal,synthetic_indus_like,
seal_005,203,1,i009,i009,normal,synthetic_indus_like,
seal_005,203,2,i025,i025,normal,synthetic_indus_like,
seal_005,203,3,i015,i015,normal,synthetic_indus_like,
seal_005,204,1,i001,i001,normal,synthetic_indus_like,
seal_005,204,2,i019,i019,normal,synthetic_indus_like,
seal_005,205,1,i007,i007,normal,synthetic_indus_like,
seal_005,205,2,i035,i035,normal,synthetic_indus_like,
seal_005,205,3,i016,i016,normal,synthetic_indus_like,
seal_005,206,1,i005,i005,normal,synthetic_indus_like,
seal_005,206,2,i005,i005,normal,synthetic_indus_like,
seal_005,206,3,i041,i041,normal,synthetic_indus_like,
seal_005,207,1,i008,i008,normal,synthetic_indus_like,
seal_005,207,2,i044,i044,normal,synthetic_indus_like,
seal_005,207,3,i020,i020,normal,synthetic_indus_like,
seal_005,208,1,i009,i009,normal,synthetic_indus_like,
seal_005,208,2,i017,i017,normal,synthetic_indus_like,
seal_005,209,1,i029,i029,normal,synthetic_indus_like,
seal_005,209,2,i142,i142,normal,synthetic_indus_like,
seal_005,210,1,i002,i002,normal,synthetic_indus_like,
seal_005,210,2,i014,i014,normal,synthetic_indus_like,
seal_005,210,3,i013,i013,normal,synthetic_indus_like,
seal_005,211,1,i008,i008,normal,synthetic_indus_like,
seal_005,211,2,i041,i041,normal,synthetic_indus_like,
seal_005,211,3,i017,i017,normal,synthetic_indus_like,
seal_005,212,1,i008,i008,normal,synthetic_indus_like,
seal_005,212,2,i019,i019,normal,synthetic_indus_like,
seal_005,213,1,i004,i004,normal,synthetic_indus_like,
seal_005,213,2,i046,i046,normal,synthetic_indus_like,
seal_005,213,3,i108,i108,normal,synthetic_indus_like,
seal_005,214,1,i010,i010,normal,synthetic_indus_like,
seal_005,214,2,i017,i017,normal,synthetic_indus_like,
seal_005,215,1,i008,i008,normal,synthetic_indus_like,
seal_005,215,2,i030,i030,normal,synthetic_indus_like,
seal_005,215,3,i065,i065,normal,synthetic_indus_like,
seal_005,216,1,i009,i009,normal,synthetic_indus_like,
seal_005,216,2,i014,i014,normal,synthetic_indus_like,
seal_005,217,1,i007,i007,normal,synthetic_indus_like,
seal_005,217,2,i038,i038,normal,synthetic_indus_like,
seal_005,217,3,i084,i084,normal,synthetic_indus_like,
seal_005,218,1,i001,i001,normal,synthetic_indus_like,
seal_005,218,2,i008,i008,normal,synthetic_indus_like,
seal_005,218,3,i054,i054,normal,synthetic_indus_like,
seal_005,219,1,i003,i003,normal,synthetic_indus_like,
seal_005,219,2,i003,i003,normal,synthetic_indus_like,
seal_005,219,3,i036,i036,normal,synthetic_indus_like,
seal_005,220,1,i001,i001,normal,synthetic_indus_like,
seal_005,220,2,i054,i054,normal,synthetic_indus_like,
seal_005,220,3,i122,i122,normal,synthetic_indus_like,
seal_005,221,1,i009,i009,normal,synthetic_indus_like,
seal_005,221,2,i044,i044,normal,synthetic_indus_like,
seal_005,221,3,i070,i070,normal,synthetic_indus_like,
seal_005,222,1,i006,i006,normal,synthetic_indus_like,
seal_005,222,2,i003,i003,normal,synthetic_indus_like,
seal_005,222,3,i031,i031,normal,synthetic_indus_like,
seal_005,223,1,i007,i007,normal,synthetic_indus_like,
seal_005,223,2,i040,i040,normal,synthetic_indus_like,
seal_005,223,3,i015,i015,normal,synthetic_indus_like,
seal_005,224,1,i041,i041,normal,synthetic_indus_like,
seal_005,224,2,i082,i082,normal,synthetic_indus_like,
seal_005,225,1,i006,i006,normal,synthetic_indus_like,
seal_005,225,2,i055,i055,normal,synthetic_indus_like,
seal_005,225,3,i109,i109,normal,synthetic_indus_like,
seal_005,226,1,i006,i006,normal,synthetic_indus_like,
seal_005,226,2,i031,i031,normal,synthetic_indus_like,
seal_005,226,3,i109,i109,normal,synthetic_indus_like,
seal_005,227,1,i010,i010,normal,synthetic_indus_like,
seal_005,227,2,i008,i008,normal,synthetic_indus_like,
seal_005,227,3,i022,i022,normal,synthetic_indus_like,
seal_005,228,1,i007,i007,normal,synthetic_indus_like,
seal_005,228,2,i056,i056,normal,synthetic_indus_like,
seal_005,228,3,i019,i019,normal,synthetic_indus_like,
seal_005,229,1,i004,i004,normal,synthetic_indus_like,
seal_005,229,2,i013,i013,normal,synthetic_indus_like,
seal_005,229,3,i015,i015,normal,synthetic_indus_like,
seal_005,230,1,i009,i009,normal,synthetic_indus_like,
seal_005,230,2,i007,i007,normal,synthetic_indus_like,
seal_005,230,3,i032,i032,normal,synthetic_indus_like,
seal_005,231,1,i009,i009,normal,synthetic_indus_like,
seal_005,231,2,i024,i024,normal,synthetic_indus_like,
seal_005,231,3,i110,i110,normal,synthetic_indus_like,
seal_005,232,1,i008,i008,normal,synthetic_indus_like,
seal_005,232,2,i005,i005,normal,synthetic_indus_like,
seal_005,232,3,i026,i026,normal,synthetic_indus_like,
seal_005,233,1,i007,i007,normal,synthetic_indus_like,
seal_005,233,2,i014,i014,normal,synthetic_indus_like,
seal_005,233,3,i013,i013,normal,synthetic_indus_like,
seal_005,234,1,i007,i007,normal,synthetic_indus_like,
seal_005,234,2,i028,i028,normal,synthetic_indus_like,
seal_005,234,3,i114,i114,normal,synthetic_indus_like,
seal_005,235,1,i010,i010,normal,synthetic_indus_like,
seal_005,235,2,i058,i058,normal,synthetic_indus_like,
seal_005,235,3,i012,i012,normal,synthetic_indus_like,
seal_005,236,1,i046,i046,normal,synthetic_indus_like,
seal_005,236,2,i065,i065,normal,synthetic_indus_like,
seal_005,237,1,i008,i008,normal,synthetic_indus_like,
seal_005,237,2,i016,i016,normal,synthetic_indus_like,
seal_005,237,3,i015,i015,normal,synthetic_indus_like,
seal_005,238,1,i009,i009,normal,synthetic_indus_like,
seal_005,238,2,i006,i006,normal,synthetic_indus_like,
seal_005,238,3,i024,i024,normal,synthetic_indus_like,
seal_005,239,1,i004,i004,normal,synthetic_indus_like,
seal_005,239,2,i001,i001,normal,synthetic_indus_like,
seal_005,239,3,i050,i050,normal,synthetic_indus_like,
seal_005,240,1,i006,i006,normal,synthetic_indus_like,
seal_005,240,2,i052,i052,normal,synthetic_indus_like,
seal_005,240,3,i020,i020,normal,synthetic_indus_like,
seal_005,241,1,i003,i003,normal,synthetic_indus_like,
seal_005,241,2,i057,i057,normal,synthetic_indus_like,
seal_005,241,3,i014,i014,normal,synthetic_indus_like,
seal_005,242,1,i008,i008,normal,synthetic_indus_like,
seal_005,242,2,i015,i015,normal,synthetic_indus_like,
seal_005,242,3,i014,i014,normal,synthetic_indus_like,
seal_005,243,1,i059,i059,normal,synthetic_indus_like,
seal_005,243,2,i138,i138,normal,synthetic_indus_like,
seal_005,244,1,i007,i007,normal,synthetic_indus_like,
seal_005,244,2,i016,i016,normal,synthetic_indus_like,
seal_005,244,3,i013,i013,normal,synthetic_indus_like,
seal_005,245,1,i035,i035,normal,synthetic_indus_like,
seal_005,245,2,i148,i148,normal,synthetic_indus_like,
seal_005,246,1,i042,i042,normal,synthetic_indus_like,
seal_005,246,2,i144,i144,normal,synthetic_indus_like,
seal_005,247,1,i058,i058,normal,synthetic_indus_like,
seal_005,247,2,i135,i135,normal,synthetic_indus_like,
seal_005,248,1,i047,i047,normal,synthetic_indus_like,
seal_005,248,2,i133,i133,normal,synthetic_indus_like,
seal_005,249,1,i008,i008,normal,synthetic_indus_like,
seal_005,249,2,i012,i012,normal,synthetic_indus_like,
seal_005,249,3,i013,i013,normal,synthetic_indus_like,
seal_005,250,1,i004,i004,normal,synthetic_indus_like,
seal_005,250,2,i014,i014,normal,synthetic_indus_like,
seal_006,251,1,i005,i005,normal,synthetic_indus_like,
seal_006,251,2,i039,i039,normal,synthetic_indus_like,
seal_006,251,3,i119,i119,normal,synthetic_indus_like,
seal_006,252,1,i004,i004,normal,synthetic_indus_like,
seal_006,252,2,i029,i029,normal,synthetic_indus_like,
seal_006,252,3,i088,i088,normal,synthetic_indus_like,
seal_006,253,1,i001,i001,normal,synthetic_indus_like,
seal_006,253,2,i020,i020,normal,synthetic_indus_like,
seal_006,253,3,i011,i011,normal,synthetic_indus_like,
seal_006,254,1,i010,i010,normal,synthetic_indus_like,
seal_006,254,2,i020,i020,normal,synthetic_indus_like,
seal_006,255,1,i039,i039,normal,synthetic_indus_like,
seal_006,255,2,i075,i075,normal,synthetic_indus_like,
seal_006,256,1,i001,i001,normal,synthetic_indus_like,
seal_006,256,2,i021,i021,normal,synthetic_indus_like,
seal_006,256,3,i146,i146,normal,synthetic_indus_like,
seal_006,257,1,i008,i008,normal,synthetic_indus_like,
seal_006,257,2,i030,i030,normal,synthetic_indus_like,
seal_006,257,3,i012,i012,normal,synthetic_indus_like,
seal_006,258,1,i023,i023,normal,synthetic_indus_like,
seal_006,258,2,i062,i062,normal,synthetic_indus_like,
seal_006,259,1,i006,i006,normal,synthetic_indus_like,
seal_006,259,2,i032,i032,normal,synthetic_indus_like,
seal_006,259,3,i012,i012,normal,synthetic_indus_like,
seal_006,260,1,i006,i006,normal,synthetic_indus_like,
seal_006,260,2,i020,i020,normal,synthetic_indus_like,
seal_006,260,3,i011,i011,normal,synthetic_indus_like,
seal_006,261,1,i004,i004,normal,synthetic_indus_like,
seal_006,261,2,i016,i016,normal,synthetic_indus_like,
seal_006,261,3,i019,i019,normal,synthetic_indus_like,
seal_006,262,1,i009,i009,normal,synthetic_indus_like,
seal_006,262,2,i010,i010,normal,synthetic_indus_like,
seal_006,262,3,i024,i024,normal,synthetic_indus_like,
seal_006,263,1,i004,i004,normal,synthetic_indus_like,
seal_006,263,2,i012,i012,normal,synthetic_indus_like,
seal_006,263,3,i018,i018,normal,synthetic_indus_like,
seal_006,264,1,i002,i002,normal,synthetic_indus_like,
seal_006,264,2,i059,i059,normal,synthetic_indus_like,
seal_006,264,3,i140,i140,normal,synthetic_indus_like,
seal_006,265,1,i002,i002,normal,synthetic_indus_like,
seal_006,265,2,i012,i012,normal,synthetic_indus_like,
seal_006,266,1,i008,i008,normal,synthetic_indus_like,
seal_006,266,2,i029,i029,normal,synthetic_indus_like,
seal_006,266,3,i113,i113,normal,synthetic_indus_like,
seal_006,267,1,i010,i010,normal,synthetic_indus_like,
seal_006,267,2,i028,i028,normal,synthetic_indus_like,
seal_006,267,3,i118,i118,normal,synthetic_indus_like,
seal_006,268,1,i002,i002,normal,synthetic_indus_like,
seal_006,268,2,i017,i017,normal,synthetic_indus_like,
seal_006,269,1,i004,i004,normal,synthetic_indus_like,
seal_006,269,2,i015,i015,normal,synthetic_indus_like,
seal_006,269,3,i017,i017,normal,synthetic_indus_like,
seal_006,270,1,i006,i006,normal,synthetic_indus_like,
seal_006,270,2,i029,i029,normal,synthetic_indus_like,
seal_006,270,3,i144,i144,normal,synthetic_indus_like,
seal_006,271,1,i007,i007,normal,synthetic_indus_like,
seal_006,271,2,i019,i019,normal,synthetic_indus_like,
seal_006,271,3,i015,i015,normal,synthetic_indus_like,
seal_006,272,1,i005,i005,normal,synthetic_indus_like,
seal_006,272,2,i013,i013,normal,synthetic_indus_like,
seal_006,272,3,i011,i011,normal,synthetic_indus_like,
seal_006,273,1,i002,i002,normal,synthetic_indus_like,
seal_006,273,2,i060,i060,normal,synthetic_indus_like,
seal_006,273,3,i019,i019,normal,synthetic_indus_like,
seal_006,274,1,i010,i010,normal,synthetic_indus_like,
seal_006,274,2,i008,i008,normal,synthetic_indus_like,
seal_006,274,3,i035,i035,normal,synthetic_indus_like,
seal_006,275,1,i006,i006,normal,synthetic_indus_like,
seal_006,275,2,i018,i018,normal,synthetic_indus_like,
seal_006,276,1,i006,i006,normal,synthetic_indus_like,
seal_006,276,2,i010,i010,normal,synthetic_indus_like,
seal_006,276,3,i024,i024,normal,synthetic_indus_like,
seal_006,277,1,i055,i055,normal,synthetic_indus_like,
seal_006,277,2,i129,i129,normal,synthetic_indus_like,
seal_006,278,1,i006,i006,normal,synthetic_indus_like,
seal_006,278,2,i018,i018,normal,synthetic_indus_like,
seal_006,278,3,i014,i014,normal,synthetic_indus_like,
seal_006,279,1,i008,i008,normal,synthetic_indus_like,
seal_006,279,2,i023,i023,normal,synthetic_indus_like,
seal_006,279,3,i098,i098,normal,synthetic_indus_like,
seal_006,280,1,i007,i007,normal,synthetic_indus_like,
seal_006,280,2,i012,i012,normal,synthetic_indus_like,
seal_006,281,1,i003,i003,normal,synthetic_indus_like,
seal_006,281,2,i015,i015,normal,synthetic_indus_like,
seal_006,281,3,i019,i019,normal,synthetic_indus_like,
seal_006,282,1,i010,i010,normal,synthetic_indus_like,
seal_006,282,2,i023,i023,normal,synthetic_indus_like,
seal_006,282,3,i150,i150,normal,synthetic_indus_like,
seal_006,283,1,i003,i003,normal,synthetic_indus_like,
seal_006,283,2,i055,i055,normal,synthetic_indus_like,
seal_006,283,3,i089,i089,normal,synthetic_indus_like,
seal_006,284,1,i005,i005,normal,synthetic_indus_like,
seal_006,284,2,i030,i030,normal,synthetic_indus_like,
seal_006,284,3,i015,i015,normal,synthetic_indus_like,
seal_006,285,1,i005,i005,normal,synthetic_indus_like,
seal_006,285,2,i034,i034,normal,synthetic_indus_like,
seal_006,285,3,i016,i016,normal,synthetic_indus_like,
seal_006,286,1,i037,i037,normal,synthetic_indus_like,
seal_006,286,2,i073,i073,normal,synthetic_indus_like,
seal_006,287,1,i006,i006,normal,synthetic_indus_like,
seal_006,287,2,i008,i008,normal,synthetic_indus_like,
seal_006,287,3,i049,i049,normal,synthetic_indus_like,
seal_006,288,1,i001,i001,normal,synthetic_indus_like,
seal_006,288,2,i041,i041,normal,synthetic_indus_like,
seal_006,288,3,i014,i014,normal,synthetic_indus_like,
seal_006,289,1,i009,i009,normal,synthetic_indus_like,
seal_006,289,2,i022,i022,normal,synthetic_indus_like,
seal_006,289,3,i135,i135,normal,synthetic_indus_like,
seal_006,290,1,i004,i004,normal,synthetic_indus_like,
seal_006,290,2,i058,i058,normal,synthetic_indus_like,
seal_006,290,3,i098,i098,normal,synthetic_indus_like,
seal_006,291,1,i010,i010,normal,synthetic_indus_like,
seal_006,291,2,i020,i020,normal,synthetic_indus_like,
seal_006,292,1,i005,i005,normal,synthetic_indus_like,
seal_006,292,2,i016,i016,normal,synthetic_indus_like,
seal_006,292,3,i014,i014,normal,synthetic_indus_like,
seal_006,293,1,i003,i003,normal,synthetic_indus_like,
seal_006,293,2,i045,i045,normal,synthetic_indus_like,
seal_006,293,3,i144,i144,normal,synthetic_indus_like,
seal_006,294,1,i007,i007,normal,synthetic_indus_like,
seal_006,294,2,i004,i004,normal,synthetic_indus_like,
seal_006,294,3,i054,i054,normal,synthetic_indus_like,
seal_006,295,1,i002,i002,normal,synthetic_indus_like,
seal_006,295,2,i018,i018,normal,synthetic_indus_like,
seal_006,296,1,i010,i010,normal,synthetic_indus_like,
seal_006,296,2,i031,i031,normal,synthetic_indus_like,
seal_006,296,3,i078,i078,normal,synthetic_indus_like,
seal_006,297,1,i010,i010,normal,synthetic_indus_like,
seal_006,297,2,i011,i011,normal,synthetic_indus_like,
seal_006,297,3,i015,i015,normal,synthetic_indus_like,
seal_006,298,1,i010,i010,normal,synthetic_indus_like,
seal_006,298,2,i003,i003,normal,synthetic_indus_like,
seal_006,298,3,i058,i058,normal,synthetic_indus_like,
seal_006,299,1,i007,i007,normal,synthetic_indus_like,
seal_006,299,2,i045,i045,normal,synthetic_indus_like,
seal_006,299,3,i013,i013,normal,synthetic_indus_like,
seal_006,300,1,i002,i002,normal,synthetic_indus_like,
seal_006,300,2,i008,i008,normal,synthetic_indus_like,
seal_006,300,3,i029,i029,normal,synthetic_indus_like,
seal_007,301,1,i048,i048,normal,synthetic_indus_like,
seal_007,301,2,i078,i078,normal,synthetic_indus_like,
seal_007,302,1,i003,i003,normal,synthetic_indus_like,
seal_007,302,2,i017,i017,normal,synthetic_indus_like,
seal_007,303,1,i044,i044,normal,synthetic_indus_like,
seal_007,303,2,i139,i139,normal,synthetic_indus_like,
seal_007,304,1,i003,i003,normal,synthetic_indus_like,
seal_007,304,2,i012,i012,normal,synthetic_indus_like,
seal_007,304,3,i014,i014,normal,synthetic_indus_like,
seal_007,305,1,i021,i021,normal,synthetic_indus_like,
seal_007,305,2,i072,i072,normal,synthetic_indus_like,
seal_007,306,1,i054,i054,normal,synthetic_indus_like,
seal_007,306,2,i097,i097,normal,synthetic_indus_like,
seal_007,307,1,i060,i060,normal,synthetic_indus_like,
seal_007,307,2,i082,i082,normal,synthetic_indus_like,
seal_007,308,1,i010,i010,normal,synthetic_indus_like,
seal_007,308,2,i043,i043,normal,synthetic_indus_like,
seal_007,308,3,i105,i105,normal,synthetic_indus_like,
seal_007,309,1,i002,i002,normal,synthetic_indus_like,
seal_007,309,2,i053,i053,normal,synthetic_indus_like,
seal_007,309,3,i098,i098,normal,synthetic_indus_like,
seal_007,310,1,i057,i057,normal,synthetic_indus_like,
seal_007,310,2,i122,i122,normal,synthetic_indus_like,
seal_007,311,1,i002,i002,normal,synthetic_indus_like,
seal_007,311,2,i045,i045,normal,synthetic_indus_like,
seal_007,311,3,i014,i014,normal,synthetic_indus_like,
seal_007,312,1,i006,i006,normal,synthetic_indus_like,
seal_007,312,2,i006,i006,normal,synthetic_indus_like,
seal_007,312,3,i034,i034,normal,synthetic_indus_like,
seal_007,313,1,i028,i028,normal,synthetic_indus_like,
seal_007,313,2,i071,i071,normal,synthetic_indus_like,
seal_007,314,1,i008,i008,normal,synthetic_indus_like,
seal_007,314,2,i057,i057,normal,synthetic_indus_like,
seal_007,314,3,i015,i015,normal,synthetic_indus_like,
seal_007,315,1,i054,i054,normal,synthetic_indus_like,
seal_007,315,2,i119,i119,normal,synthetic_indus_like,
seal_007,316,1,i004,i004,normal,synthetic_indus_like,
seal_007,316,2,i017,i017,normal,synthetic_indus_like,
seal_007,317,1,i005,i005,normal,synthetic_indus_like,
seal_007,317,2,i008,i008,normal,synthetic_indus_like,
seal_007,317,3,i032,i032,normal,synthetic_indus_like,
seal_007,318,1,i003,i003,normal,synthetic_indus_like,
seal_007,318,2,i030,i030,normal,synthetic_indus_like,
seal_007,318,3,i018,i018,normal,synthetic_indus_like,
seal_007,319,1,i051,i051,normal,synthetic_indus_like,
seal_007,319,2,i141,i141,normal,synthetic_indus_like,
seal_007,320,1,i009,i009,normal,synthetic_indus_like,
seal_007,320,2,i018,i018,normal,synthetic_indus_like,
seal_007,321,1,i030,i030,normal,synthetic_indus_like,
seal_007,321,2,i082,i082,normal,synthetic_indus_like,
seal_007,322,1,i004,i004,normal,synthetic_indus_like,
seal_007,322,2,i041,i041,normal,synthetic_indus_like,
seal_007,322,3,i016,i016,normal,synthetic_indus_like,
seal_007,323,1,i003,i003,normal,synthetic_indus_like,
seal_007,323,2,i036,i036,normal,synthetic_indus_like,
seal_007,323,3,i015,i015,normal,synthetic_indus_like,
seal_007,324,1,i002,i002,normal,synthetic_indus_like,
seal_007,324,2,i037,i037,normal,synthetic_indus_like,
seal_007,324,3,i020,i020,normal,synthetic_indus_like,
seal_007,325,1,i010,i010,normal,synthetic_indus_like,
seal_007,325,2,i059,i059,normal,synthetic_indus_like,
seal_007,325,3,i119,i119,normal,synthetic_indus_like,
seal_007,326,1,i005,i005,normal,synthetic_indus_like,
seal_007,326,2,i030,i030,normal,synthetic_indus_like,
seal_007,326,3,i099,i099,normal,synthetic_indus_like,
seal_007,327,1,i052,i052,normal,synthetic_indus_like,
seal_007,327,2,i122,i122,normal,synthetic_indus_like,
seal_007,328,1,i005,i005,normal,synthetic_indus_like,
seal_007,328,2,i026,i026,normal,synthetic_indus_like,
seal_007,328,3,i115,i115,normal,synthetic_indus_like,
seal_007,329,1,i003,i003,normal,synthetic_indus_like,
seal_007,329,2,i015,i015,normal,synthetic_indus_like,
seal_007,329,3,i012,i012,normal,synthetic_indus_like,
seal_007,330,1,i003,i003,normal,synthetic_indus_like,
seal_007,330,2,i001,i001,normal,synthetic_indus_like,
seal_007,330,3,i055,i055,normal,synthetic_indus_like,
seal_007,331,1,i001,i001,normal,synthetic_indus_like,
seal_007,331,2,i052,i052,normal,synthetic_indus_like,
seal_007,331,3,i014,i014,normal,synthetic_indus_like,
seal_007,332,1,i004,i004,normal,synthetic_indus_like,
seal_007,332,2,i023,i023,normal,synthetic_indus_like,
seal_007,332,3,i086,i086,normal,synthetic_indus_like,
seal_007,333,1,i006,i006,normal,synthetic_indus_like,
seal_007,333,2,i011,i011,normal,synthetic_indus_like,
seal_007,334,1,i010,i010,normal,synthetic_indus_like,
seal_007,334,2,i018,i018,normal,synthetic_indus_like,
seal_007,335,1,i010,i010,normal,synthetic_indus_like,
seal_007,335,2,i030,i030,normal,synthetic_indus_like,
seal_007,335,3,i016,i016,normal,synthetic_indus_like,
seal_007,336,1,i003,i003,normal,synthetic_indus_like,
seal_007,336,2,i037,i037,normal,synthetic_indus_like,
seal_007,336,3,i066,i066,normal,synthetic_indus_like,
seal_007,337,1,i004,i004,normal,synthetic_indus_like,
seal_007,337,2,i010,i010,normal,synthetic_indus_like,
seal_007,337,3,i032,i032,normal,synthetic_indus_like,
seal_007,338,1,i021,i021,normal,synthetic_indus_like,
seal_007,338,2,i142,i142,normal,synthetic_indus_like,
seal_007,339,1,i002,i002,normal,synthetic_indus_like,
seal_007,339,2,i019,i019,normal,synthetic_indus_like,
seal_007,340,1,i010,i010,normal,synthetic_indus_like,
seal_007,340,2,i045,i045,normal,synthetic_indus_like,
seal_007,340,3,i145,i145,normal,synthetic_indus_like,
seal_007,341,1,i025,i025,normal,synthetic_indus_like,
seal_007,341,2,i062,i062,normal,synthetic_indus_like,
seal_007,342,1,i009,i009,normal,synthetic_indus_like,
seal_007,342,2,i001,i001,normal,synthetic_indus_like,
seal_007,342,3,i025,i025,normal,synthetic_indus_like,
seal_007,343,1,i010,i010,normal,synthetic_indus_like,
seal_007,343,2,i016,i016,normal,synthetic_indus_like,
seal_007,343,3,i018,i018,normal,synthetic_indus_like,
seal_007,344,1,i007,i007,normal,synthetic_indus_like,
seal_007,344,2,i048,i048,normal,synthetic_indus_like,
seal_007,344,3,i102,i102,normal,synthetic_indus_like,
seal_007,345,1,i049,i049,normal,synthetic_indus_like,
seal_007,345,2,i118,i118,normal,synthetic_indus_like,
seal_007,346,1,i038,i038,normal,synthetic_indus_like,
seal_007,346,2,i131,i131,normal,synthetic_indus_like,
seal_007,347,1,i005,i005,normal,synthetic_indus_like,
seal_007,347,2,i012,i012,normal,synthetic_indus_like,
seal_007,347,3,i020,i020,normal,synthetic_indus_like,
seal_007,348,1,i002,i002,normal,synthetic_indus_like,
seal_007,348,2,i010,i010,normal,synthetic_indus_like,
seal_007,348,3,i040,i040,normal,synthetic_indus_like,
seal_007,349,1,i010,i010,normal,synthetic_indus_like,
seal_007,349,2,i021,i021,normal,synthetic_indus_like,
seal_007,349,3,i017,i017,normal,synthetic_indus_like,
seal_007,350,1,i008,i008,normal,synthetic_indus_like,
seal_007,350,2,i020,i020,normal,synthetic_indus_like,
seal_008,351,1,i005,i005,normal,synthetic_indus_like,
seal_008,351,2,i002,i002,normal,synthetic_indus_like,
seal_008,351,3,i046,i046,normal,synthetic_indus_like,
seal_008,352,1,i004,i004,normal,synthetic_indus_like,
seal_008,352,2,i004,i004,normal,synthetic_indus_like,
seal_008,352,3,i025,i025,normal,synthetic_indus_like,
seal_008,353,1,i001,i001,normal,synthetic_indus_like,
seal_008,353,2,i005,i005,normal,synthetic_indus_like,
seal_008,353,3,i031,i031,normal,synthetic_indus_like,
seal_008,354,1,i006,i006,normal,synthetic_indus_like,
seal_008,354,2,i014,i014,normal,synthetic_indus_like,
seal_008,355,1,i056,i056,normal,synthetic_indus_like,
seal_008,355,2,i122,i122,normal,synthetic_indus_like,
seal_008,356,1,i001,i001,normal,synthetic_indus_like,
seal_008,356,2,i015,i015,normal,synthetic_indus_like,
seal_008,357,1,i007,i007,normal,synthetic_indus_like,
seal_008,357,2,i035,i035,normal,synthetic_indus_like,
seal_008,357,3,i017,i017,normal,synthetic_indus_like,
seal_008,358,1,i005,i005,normal,synthetic_indus_like,
seal_008,358,2,i011,i011,normal,synthetic_indus_like,
seal_008,359,1,i007,i007,normal,synthetic_indus_like,
seal_008,359,2,i013,i013,normal,synthetic_indus_like,
seal_008,359,3,i012,i012,normal,synthetic_indus_like,
seal_008,360,1,i042,i042,normal,synthetic_indus_like,
seal_008,360,2,i118,i118,normal,synthetic_indus_like,
seal_008,361,1,i009,i009,normal,synthetic_indus_like,
seal_008,361,2,i019,i019,normal,synthetic_indus_like,
seal_008,361,3,i012,i012,normal,synthetic_indus_like,
seal_008,362,1,i005,i005,normal,synthetic_indus_like,
seal_008,362,2,i003,i003,normal,synthetic_indus_like,
seal_008,362,3,i033,i033,normal,synthetic_indus_like,
seal_008,363,1,i001,i001,normal,synthetic_indus_like,
seal_008,363,2,i006,i006,normal,synthetic_indus_like,
seal_008,363,3,i026,i026,normal,synthetic_indus_like,
seal_008,364,1,i010,i010,normal,synthetic_indus_like,
seal_008,364,2,i018,i018,normal,synthetic_indus_like,
seal_008,365,1,i010,i010,normal,synthetic_indus_like,
seal_008,365,2,i059,i059,normal,synthetic_indus_like,
seal_008,365,3,i129,i129,normal,synthetic_indus_like,
seal_008,366,1,i001,i001,normal,synthetic_indus_like,
seal_008,366,2,i019,i019,normal,synthetic_indus_like,
seal_008,366,3,i017,i017,normal,synthetic_indus_like,
seal_008,367,1,i008,i008,normal,synthetic_indus_like,
seal_008,367,2,i026,i026,normal,synthetic_indus_like,
seal_008,367,3,i125,i125,normal,synthetic_indus_like,
seal_008,368,1,i006,i006,normal,synthetic_indus_like,
seal_008,368,2,i013,i013,normal,synthetic_indus_like,
seal_008,369,1,i054,i054,normal,synthetic_indus_like,
seal_008,369,2,i110,i110,normal,synthetic_indus_like,
seal_008,370,1,i003,i003,normal,synthetic_indus_like,
seal_008,370,2,i028,i028,normal,synthetic_indus_like,
seal_008,370,3,i077,i077,normal,synthetic_indus_like,
seal_008,371,1,i005,i005,normal,synthetic_indus_like,
seal_008,371,2,i021,i021,normal,synthetic_indus_like,
seal_008,371,3,i018,i018,normal,synthetic_indus_like,
seal_008,372,1,i004,i004,normal,synthetic_indus_like,
seal_008,372,2,i009,i009,normal,synthetic_indus_like,
seal_008,372,3,i038,i038,normal,synthetic_indus_like,
seal_008,373,1,i005,i005,normal,synthetic_indus_like,
seal_008,373,2,i060,i060,normal,synthetic_indus_like,
seal_008,373,3,i145,i145,normal,synthetic_indus_like,
seal_008,374,1,i006,i006,normal,synthetic_indus_like,
seal_008,374,2,i001,i001,normal,synthetic_indus_like,
seal_008,374,3,i026,i026,normal,synthetic_indus_like,
seal_008,375,1,i004,i004,normal,synthetic_indus_like,
seal_008,375,2,i020,i020,normal,synthetic_indus_like,
seal_008,375,3,i011,i011,normal,synthetic_indus_like,
seal_008,376,1,i010,i010,normal,synthetic_indus_like,
seal_008,376,2,i016,i016,normal,synthetic_indus_like,
seal_008,376,3,i013,i013,normal,synthetic_indus_like,
seal_008,377,1,i028,i028,normal,synthetic_indus_like,
seal_008,377,2,i064,i064,normal,synthetic_indus_like,
seal_008,378,1,i005,i005,normal,synthetic_indus_like,
seal_008,378,2,i019,i019,normal,synthetic_indus_like,
seal_008,378,3,i019,i019,normal,synthetic_indus_like,
seal_008,379,1,i042,i042,normal,synthetic_indus_like,
seal_008,379,2,i147,i147,normal,synthetic_indus_like,
seal_008,380,1,i041,i041,normal,synthetic_indus_like,
seal_008,380,2,i132,i132,normal,synthetic_indus_like,
seal_008,381,1,i001,i001,normal,synthetic_indus_like,
seal_008,381,2,i042,i042,normal,synthetic_indus_like,
seal_008,381,3,i017,i017,normal,synthetic_indus_like,
seal_008,382,1,i008,i008,normal,synthetic_indus_like,
seal_008,382,2,i036,i036,normal,synthetic_indus_like,
seal_008,382,3,i016,i016,normal,synthetic_indus_like,
seal_008,383,1,i006,i006,normal,synthetic_indus_like,
seal_008,383,2,i013,i013,normal,synthetic_indus_like,
seal_008,383,3,i012,i012,normal,synthetic_indus_like,
seal_008,384,1,i010,i010,normal,synthetic_indus_like,
seal_008,384,2,i015,i015,normal,synthetic_indus_like,
seal_008,385,1,i003,i003,normal,synthetic_indus_like,
seal_008,385,2,i031,i031,normal,synthetic_indus_like,
seal_008,385,3,i096,i096,normal,synthetic_indus_like,
seal_008,386,1,i010,i010,normal,synthetic_indus_like,
seal_008,386,2,i036,i036,normal,synthetic_indus_like,
seal_008,386,3,i082,i082,normal,synthetic_indus_like,
seal_008,387,1,i007,i007,normal,synthetic_indus_like,
seal_008,387,2,i013,i013,normal,synthetic_indus_like,
seal_008,388,1,i009,i009,normal,synthetic_indus_like,
seal_008,388,2,i012,i012,normal,synthetic_indus_like,
seal_008,388,3,i018,i018,normal,synthetic_indus_like,
seal_008,389,1,i005,i005,normal,synthetic_indus_like,
seal_008,389,2,i050,i050,normal,synthetic_indus_like,
seal_008,389,3,i018,i018,normal,synthetic_indus_like,
seal_008,390,1,i009,i009,normal,synthetic_indus_like,
seal_008,390,2,i027,i027,normal,synthetic_indus_like,
seal_008,390,3,i112,i112,normal,synthetic_indus_like,
seal_008,391,1,i008,i008,normal,synthetic_indus_like,
seal_008,391,2,i007,i007,normal,synthetic_indus_like,
seal_008,391,3,i058,i058,normal,synthetic_indus_like,
seal_008,392,1,i002,i002,normal,synthetic_indus_like,
seal_008,392,2,i058,i058,normal,synthetic_indus_like,
seal_008,392,3,i137,i137,normal,synthetic_indus_like,
seal_008,393,1,i008,i008,normal,synthetic_indus_like,
seal_008,393,2,i024,i024,normal,synthetic_indus_like,
seal_008,393,3,i072,i072,normal,synthetic_indus_like,
seal_008,394,1,i010,i010,normal,synthetic_indus_like,
seal_008,394,2,i018,i018,normal,synthetic_indus_like,
seal_008,394,3,i014,i014,normal,synthetic_indus_like,
seal_008,395,1,i006,i006,normal,synthetic_indus_like,
seal_008,395,2,i026,i026,normal,synthetic_indus_like,
seal_008,395,3,i020,i020,normal,synthetic_indus_like,
seal_008,396,1,i007,i007,normal,synthetic_indus_like,
seal_008,396,2,i010,i010,normal,synthetic_indus_like,
seal_008,396,3,i046,i046,normal,synthetic_indus_like,
seal_008,397,1,i006,i006,normal,synthetic_indus_like,
seal_008,397,2,i007,i007,normal,synthetic_indus_like,
seal_008,397,3,i030,i030,normal,synthetic_indus_like,
seal_008,398,1,i008,i008,normal,synthetic_indus_like,
seal_008,398,2,i010,i010,normal,synthetic_indus_like,
seal_008,398,3,i048,i048,normal,synthetic_indus_like,
seal_008,399,1,i010,i010,normal,synthetic_indus_like,
seal_008,399,2,i018,i018,normal,synthetic_indus_like,
seal_008,400,1,i004,i004,normal,synthetic_indus_like,
seal_008,400,2,i018,i018,normal,synthetic_indus_like,
seal_009,401,1,i042,i042,normal,synthetic_indus_like,
seal_009,401,2,i129,i129,normal,synthetic_indus_like,
seal_009,402,1,i005,i005,normal,synthetic_indus_like,
seal_009,402,2,i039,i039,normal,synthetic_indus_like,
seal_009,402,3,i013,i013,normal,synthetic_indus_like,
seal_009,403,1,i003,i003,normal,synthetic_indus_like,
seal_009,403,2,i009,i009,normal,synthetic_indus_like,
seal_009,403,3,i025,i025,normal,synthetic_indus_like,
seal_009,404,1,i003,i003,normal,synthetic_indus_like,
seal_009,404,2,i019,i019,normal,synthetic_indus_like,
seal_009,404,3,i011,i011,normal,synthetic_indus_like,
seal_009,405,1,i057,i057,normal,synthetic_indus_like,
seal_009,405,2,i105,i105,normal,synthetic_indus_like,
seal_009,406,1,i006,i006,normal,synthetic_indus_like,
seal_009,406,2,i019,i019,normal,synthetic_indus_like,
seal_009,407,1,i008,i008,normal,synthetic_indus_like,
seal_009,407,2,i014,i014,normal,synthetic_indus_like,
seal_009,408,1,i056,i056,normal,synthetic_indus_like,
seal_009,408,2,i062,i062,normal,synthetic_indus_like,
seal_009,409,1,i004,i004,normal,synthetic_indus_like,
seal_009,409,2,i001,i001,normal,synthetic_indus_like,
seal_009,409,3,i022,i022,normal,synthetic_indus_like,
seal_009,410,1,i039,i039,normal,synthetic_indus_like,
seal_009,410,2,i120,i120,normal,synthetic_indus_like,
seal_009,411,1,i001,i001,normal,synthetic_indus_like,
seal_009,411,2,i045,i045,normal,synthetic_indus_like,
seal_009,411,3,i017,i017,normal,synthetic_indus_like,
seal_009,412,1,i002,i002,normal,synthetic_indus_like,
seal_009,412,2,i011,i011,normal,synthetic_indus_like,
seal_009,412,3,i012,i012,normal,synthetic_indus_like,
seal_009,413,1,i008,i008,normal,synthetic_indus_like,
seal_009,413,2,i051,i051,normal,synthetic_indus_like,
seal_009,413,3,i116,i116,normal,synthetic_indus_like,
seal_009,414,1,i004,i004,normal,synthetic_indus_like,
seal_009,414,2,i021,i021,normal,synthetic_indus_like,
seal_009,414,3,i017,i017,normal,synthetic_indus_like,
seal_009,415,1,i002,i002,normal,synthetic_indus_like,
seal_009,415,2,i018,i018,normal,synthetic_indus_like,
seal_009,416,1,i004,i004,normal,synthetic_indus_like,
seal_009,416,2,i029,i029,normal,synthetic_indus_like,
seal_009,416,3,i011,i011,normal,synthetic_indus_like,
seal_009,417,1,i002,i002,normal,synthetic_indus_like,
seal_009,417,2,i011,i011,normal,synthetic_indus_like,
seal_009,418,1,i008,i008,normal,synthetic_indus_like,
seal_009,418,2,i010,i010,normal,synthetic_indus_like,
seal_009,418,3,i023,i023,normal,synthetic_indus_like,
seal_009,419,1,i006,i006,normal,synthetic_indus_like,
seal_009,419,2,i046,i046,normal,synthetic_indus_like,
seal_009,419,3,i102,i102,normal,synthetic_indus_like,
seal_009,420,1,i001,i001,normal,synthetic_indus_like,
seal_009,420,2,i010,i010,normal,synthetic_indus_like,
seal_009,420,3,i032,i032,normal,synthetic_indus_like,
seal_009,421,1,i003,i003,normal,synthetic_indus_like,
seal_009,421,2,i012,i012,normal,synthetic_indus_like,
seal_009,422,1,i007,i007,normal,synthetic_indus_like,
seal_009,422,2,i036,i036,normal,synthetic_indus_like,
seal_009,422,3,i083,i083,normal,synthetic_indus_like,
seal_009,423,1,i002,i002,normal,synthetic_indus_like,
seal_009,423,2,i054,i054,normal,synthetic_indus_like,
seal_009,423,3,i073,i073,normal,synthetic_indus_like,
seal_009,424,1,i001,i001,normal,synthetic_indus_like,
seal_009,424,2,i011,i011,normal,synthetic_indus_like,
seal_009,425,1,i009,i009,normal,synthetic_indus_like,
seal_009,425,2,i032,i032,normal,synthetic_indus_like,
seal_009,425,3,i081,i081,normal,synthetic_indus_like,
seal_009,426,1,i002,i002,normal,synthetic_indus_like,
seal_009,426,2,i014,i014,normal,synthetic_indus_like,
seal_009,427,1,i058,i058,normal,synthetic_indus_like,
seal_009,427,2,i123,i123,normal,synthetic_indus_like,
seal_009,428,1,i001,i001,normal,synthetic_indus_like,
seal_009,428,2,i020,i020,normal,synthetic_indus_like,
seal_009,428,3,i011,i011,normal,synthetic_indus_like,
seal_009,429,1,i002,i002,normal,synthetic_indus_like,
seal_009,429,2,i047,i047,normal,synthetic_indus_like,
seal_009,429,3,i127,i127,normal,synthetic_indus_like,
seal_009,430,1,i008,i008,normal,synthetic_indus_like,
seal_009,430,2,i050,i050,normal,synthetic_indus_like,
seal_009,430,3,i015,i015,normal,synthetic_indus_like,
seal_009,431,1,i001,i001,normal,synthetic_indus_like,
seal_009,431,2,i007,i007,normal,synthetic_indus_like,
seal_009,431,3,i054,i054,normal,synthetic_indus_like,
seal_009,432,1,i004,i004,normal,synthetic_indus_like,
seal_009,432,2,i002,i002,normal,synthetic_indus_like,
seal_009,432,3,i022,i022,normal,synthetic_indus_like,
seal_009,433,1,i005,i005,normal,synthetic_indus_like,
seal_009,433,2,i048,i048,normal,synthetic_indus_like,
seal_009,433,3,i095,i095,normal,synthetic_indus_like,
seal_009,434,1,i006,i006,normal,synthetic_indus_like,
seal_009,434,2,i001,i001,normal,synthetic_indus_like,
seal_009,434,3,i053,i053,normal,synthetic_indus_like,
seal_009,435,1,i004,i004,normal,synthetic_indus_like,
seal_009,435,2,i035,i035,normal,synthetic_indus_like,
seal_009,435,3,i102,i102,normal,synthetic_indus_like,
seal_009,436,1,i009,i009,normal,synthetic_indus_like,
seal_009,436,2,i019,i019,normal,synthetic_indus_like,
seal_009,436,3,i012,i012,normal,synthetic_indus_like,
seal_009,437,1,i003,i003,normal,synthetic_indus_like,
seal_009,437,2,i015,i015,normal,synthetic_indus_like,
seal_009,437,3,i012,i012,normal,synthetic_indus_like,
seal_009,438,1,i003,i003,normal,synthetic_indus_like,
seal_009,438,2,i034,i034,normal,synthetic_indus_like,
seal_009,438,3,i019,i019,normal,synthetic_indus_like,
seal_009,439,1,i041,i041,normal,synthetic_indus_like,
seal_009,439,2,i123,i123,normal,synthetic_indus_like,
seal_009,440,1,i008,i008,normal,synthetic_indus_like,
seal_009,440,2,i006,i006,normal,synthetic_indus_like,
seal_009,440,3,i039,i039,normal,synthetic_indus_like,
seal_009,441,1,i009,i009,normal,synthetic_indus_like,
seal_009,441,2,i011,i011,normal,synthetic_indus_like,
seal_009,442,1,i006,i006,normal,synthetic_indus_like,
seal_009,442,2,i008,i008,normal,synthetic_indus_like,
seal_009,442,3,i055,i055,normal,synthetic_indus_like,
seal_009,443,1,i001,i001,normal,synthetic_indus_like,
seal_009,443,2,i013,i013,normal,synthetic_indus_like,
seal_009,444,1,i001,i001,normal,synthetic_indus_like,
seal_009,444,2,i059,i059,normal,synthetic_indus_like,
seal_009,444,3,i143,i143,normal,synthetic_indus_like,
seal_009,445,1,i004,i004,normal,synthetic_indus_like,
seal_009,445,2,i052,i052,normal,synthetic_indus_like,
seal_009,445,3,i101,i101,normal,synthetic_indus_like,
seal_009,446,1,i003,i003,normal,synthetic_indus_like,
seal_009,446,2,i007,i007,normal,synthetic_indus_like,
seal_009,446,3,i044,i044,normal,synthetic_indus_like,
seal_009,447,1,i047,i047,normal,synthetic_indus_like,
seal_009,447,2,i078,i078,normal,synthetic_indus_like,
seal_009,448,1,i038,i038,normal,synthetic_indus_like,
seal_009,448,2,i114,i114,normal,synthetic_indus_like,
seal_009,449,1,i009,i009,normal,synthetic_indus_like,
seal_009,449,2,i052,i052,normal,synthetic_indus_like,
seal_009,449,3,i011,i011,normal,synthetic_indus_like,
seal_009,450,1,i028,i028,normal,synthetic_indus_like,
seal_009,450,2,i096,i096,normal,synthetic_indus_like,
seal_010,451,1,i009,i009,normal,synthetic_indus_like,
seal_010,451,2,i010,i010,normal,synthetic_indus_like,
seal_010,451,3,i022,i022,normal,synthetic_indus_like,
seal_010,452,1,i004,i004,normal,synthetic_indus_like,
seal_010,452,2,i032,i032,normal,synthetic_indus_like,
seal_010,452,3,i073,i073,normal,synthetic_indus_like,
seal_010,453,1,i006,i006,normal,synthetic_indus_like,
seal_010,453,2,i013,i013,normal,synthetic_indus_like,
seal_010,453,3,i011,i011,normal,synthetic_indus_like,
seal_010,454,1,i009,i009,normal,synthetic_indus_like,
seal_010,454,2,i020,i020,normal,synthetic_indus_like,
seal_010,454,3,i019,i019,normal,synthetic_indus_like,
seal_010,455,1,i002,i002,normal,synthetic_indus_like,
seal_010,455,2,i028,i028,normal,synthetic_indus_like,
seal_010,455,3,i013,i013,normal,synthetic_indus_like,
seal_010,456,1,i002,i002,normal,synthetic_indus_like,
seal_010,456,2,i035,i035,normal,synthetic_indus_like,
seal_010,456,3,i013,i013,normal,synthetic_indus_like,
seal_010,457,1,i009,i009,normal,synthetic_indus_like,
seal_010,457,2,i010,i010,normal,synthetic_indus_like,
seal_010,457,3,i024,i024,normal,synthetic_indus_like,
seal_010,458,1,i003,i003,normal,synthetic_indus_like,
seal_010,458,2,i053,i053,normal,synthetic_indus_like,
seal_010,458,3,i139,i139,normal,synthetic_indus_like,
seal_010,459,1,i008,i008,normal,synthetic_indus_like,
seal_010,459,2,i016,i016,normal,synthetic_indus_like,
seal_010,460,1,i010,i010,normal,synthetic_indus_like,
seal_010,460,2,i032,i032,normal,synthetic_indus_like,
seal_010,460,3,i018,i018,normal,synthetic_indus_like,
seal_010,461,1,i010,i010,normal,synthetic_indus_like,
seal_010,461,2,i015,i015,normal,synthetic_indus_like,
seal_010,462,1,i008,i008,normal,synthetic_indus_like,
seal_010,462,2,i016,i016,normal,synthetic_indus_like,
seal_010,462,3,i013,i013,normal,synthetic_indus_like,
seal_010,463,1,i009,i009,normal,synthetic_indus_like,
seal_010,463,2,i026,i026,normal,synthetic_indus_like,
seal_010,463,3,i012,i012,normal,synthetic_indus_like,
seal_010,464,1,i005,i005,normal,synthetic_indus_like,
seal_010,464,2,i010,i010,normal,synthetic_indus_like,
seal_010,464,3,i058,i058,normal,synthetic_indus_like,
seal_010,465,1,i003,i003,normal,synthetic_indus_like,
seal_010,465,2,i011,i011,normal,synthetic_indus_like,
seal_010,465,3,i012,i012,normal,synthetic_indus_like,
seal_010,466,1,i004,i004,normal,synthetic_indus_like,
seal_010,466,2,i039,i039,normal,synthetic_indus_like,
seal_010,466,3,i145,i145,normal,synthetic_indus_like,
seal_010,467,1,i005,i005,normal,synthetic_indus_like,
seal_010,467,2,i055,i055,normal,synthetic_indus_like,
seal_010,467,3,i016,i016,normal,synthetic_indus_like,
seal_010,468,1,i010,i010,normal,synthetic_indus_like,
seal_010,468,2,i052,i052,normal,synthetic_indus_like,
seal_010,468,3,i145,i145,normal,synthetic_indus_like,
seal_010,469,1,i008,i008,normal,synthetic_indus_like,
seal_010,469,2,i051,i051,normal,synthetic_indus_like,
seal_010,469,3,i019,i019,normal,synthetic_indus_like,
seal_010,470,1,i010,i010,normal,synthetic_indus_like,
seal_010,470,2,i023,i023,normal,synthetic_indus_like,
seal_010,470,3,i013,i013,normal,synthetic_indus_like,
seal_010,471,1,i001,i001,normal,synthetic_indus_like,
seal_010,471,2,i018,i018,normal,synthetic_indus_like,
seal_010,472,1,i001,i001,normal,synthetic_indus_like,
seal_010,472,2,i016,i016,normal,synthetic_indus_like,
seal_010,472,3,i017,i017,normal,synthetic_indus_like,
seal_010,473,1,i008,i008,normal,synthetic_indus_like,
seal_010,473,2,i009,i009,normal,synthetic_indus_like,
seal_010,473,3,i042,i042,normal,synthetic_indus_like,
seal_010,474,1,i010,i010,normal,synthetic_indus_like,
seal_010,474,2,i042,i042,normal,synthetic_indus_like,
seal_010,474,3,i095,i095,normal,synthetic_indus_like,
seal_010,475,1,i004,i004,normal,synthetic_indus_like,
seal_010,475,2,i047,i047,normal,synthetic_indus_like,
seal_010,475,3,i112,i112,normal,synthetic_indus_like,
seal_010,476,1,i009,i009,normal,synthetic_indus_like,
seal_010,476,2,i060,i060,normal,synthetic_indus_like,
seal_010,476,3,i116,i116,normal,synthetic_indus_like,
seal_010,477,1,i040,i040,normal,synthetic_indus_like,
seal_010,477,2,i116,i116,normal,synthetic_indus_like,
seal_010,478,1,i004,i004,normal,synthetic_indus_like,
seal_010,478,2,i002,i002,normal,synthetic_indus_like,
seal_010,478,3,i030,i030,normal,synthetic_indus_like,
seal_010,479,1,i003,i003,normal,synthetic_indus_like,
seal_010,479,2,i038,i038,normal,synthetic_indus_like,
seal_010,479,3,i013,i013,normal,synthetic_indus_like,
seal_010,480,1,i007,i007,normal,synthetic_indus_like,
seal_010,480,2,i003,i003,normal,synthetic_indus_like,
seal_010,480,3,i036,i036,normal,synthetic_indus_like,
seal_010,481,1,i036,i036,normal,synthetic_indus_like,
seal_010,481,2,i115,i115,normal,synthetic_indus_like,
seal_010,482,1,i041,i041,normal,synthetic_indus_like,
seal_010,482,2,i130,i130,normal,synthetic_indus_like,
seal_010,483,1,i005,i005,normal,synthetic_indus_like,
seal_010,483,2,i016,i016,normal,synthetic_indus_like,
seal_010,483,3,i012,i012,normal,synthetic_indus_like,
seal_010,484,1,i031,i031,normal,synthetic_indus_like,
seal_010,484,2,i117,i117,normal,synthetic_indus_like,
seal_010,485,1,i003,i003,normal,synthetic_indus_like,
seal_010,485,2,i018,i018,normal,synthetic_indus_like,
seal_010,486,1,i002,i002,normal,synthetic_indus_like,
seal_010,486,2,i013,i013,normal,synthetic_indus_like,
seal_010,486,3,i014,i014,normal,synthetic_indus_like,
seal_010,487,1,i008,i008,normal,synthetic_indus_like,
seal_010,487,2,i029,i029,normal,synthetic_indus_like,
seal_010,487,3,i015,i015,normal,synthetic_indus_like,
seal_010,488,1,i001,i001,normal,synthetic_indus_like,
seal_010,488,2,i056,i056,normal,synthetic_indus_like,
seal_010,488,3,i020,i020,normal,synthetic_indus_like,
seal_010,489,1,i008,i008,normal,synthetic_indus_like,
seal_010,489,2,i012,i012,normal,synthetic_indus_like,
seal_010,489,3,i014,i014,normal,synthetic_indus_like,
seal_010,490,1,i003,i003,normal,synthetic_indus_like,
seal_010,490,2,i017,i017,normal,synthetic_indus_like,
seal_010,490,3,i013,i013,normal,synthetic_indus_like,
seal_010,491,1,i004,i004,normal,synthetic_indus_like,
seal_010,491,2,i044,i044,normal,synthetic_indus_like,
seal_010,491,3,i020,i020,normal,synthetic_indus_like,
seal_010,492,1,i010,i010,normal,synthetic_indus_like,
seal_010,492,2,i011,i011,normal,synthetic_indus_like,
seal_010,492,3,i011,i011,normal,synthetic_indus_like,
seal_010,493,1,i009,i009,normal,synthetic_indus_like,
seal_010,493,2,i018,i018,normal,synthetic_indus_like,
seal_010,493,3,i016,i016,normal,synthetic_indus_like,
seal_010,494,1,i006,i006,normal,synthetic_indus_like,
seal_010,494,2,i017,i017,normal,synthetic_indus_like,
seal_010,494,3,i015,i015,normal,synthetic_indus_like,
seal_010,495,1,i005,i005,normal,synthetic_indus_like,
seal_010,495,2,i013,i013,normal,synthetic_indus_like,
seal_010,496,1,i008,i008,normal,synthetic_indus_like,
seal_010,496,2,i001,i001,normal,synthetic_indus_like,
seal_010,496,3,i049,i049,normal,synthetic_indus_like,
seal_010,497,1,i010,i010,normal,synthetic_indus_like,
seal_010,497,2,i011,i011,normal,synthetic_indus_like,
seal_010,497,3,i019,i019,normal,synthetic_indus_like,
seal_010,498,1,i008,i008,normal,synthetic_indus_like,
seal_010,498,2,i018,i018,normal,synthetic_indus_like,
seal_010,499,1,i001,i001,normal,synthetic_indus_like,
seal_010,499,2,i039,i039,normal,synthetic_indus_like,
seal_010,499,3,i102,i102,normal,synthetic_indus_like,
seal_010,500,1,i010,i010,normal,synthetic_indus_like,
seal_010,500,2,i045,i045,normal,synthetic_indus_like,
seal_010,500,3,i012,i012,normal,synthetic_indus_like,
seal_011,501,1,i043,i043,normal,synthetic_indus_like,
seal_011,501,2,i146,i146,normal,synthetic_indus_like,
seal_011,502,1,i008,i008,normal,synthetic_indus_like,
seal_011,502,2,i014,i014,normal,synthetic_indus_like,
seal_011,503,1,i003,i003,normal,synthetic_indus_like,
seal_011,503,2,i029,i029,normal,synthetic_indus_like,
seal_011,503,3,i148,i148,normal,synthetic_indus_like,
seal_011,504,1,i023,i023,normal,synthetic_indus_like,
seal_011,504,2,i126,i126,normal,synthetic_indus_like,
seal_011,505,1,i006,i006,normal,synthetic_indus_like,
seal_011,505,2,i020,i020,normal,synthetic_indus_like,
seal_011,506,1,i002,i002,normal,synthetic_indus_like,
seal_011,506,2,i020,i020,normal,synthetic_indus_like,
seal_011,506,3,i015,i015,normal,synthetic_indus_like,
seal_011,507,1,i008,i008,normal,synthetic_indus_like,
seal_011,507,2,i008,i008,normal,synthetic_indus_like,
seal_011,507,3,i046,i046,normal,synthetic_indus_like,
seal_011,508,1,i001,i001,normal,synthetic_indus_like,
seal_011,508,2,i004,i004,normal,synthetic_indus_like,
seal_011,508,3,i022,i022,normal,synthetic_indus_like,
seal_011,509,1,i008,i008,normal,synthetic_indus_like,
seal_011,509,2,i011,i011,normal,synthetic_indus_like,
seal_011,509,3,i018,i018,normal,synthetic_indus_like,
seal_011,510,1,i001,i001,normal,synthetic_indus_like,
seal_011,510,2,i052,i052,normal,synthetic_indus_like,
seal_011,510,3,i112,i112,normal,synthetic_indus_like,
seal_011,511,1,i005,i005,normal,synthetic_indus_like,
seal_011,511,2,i047,i047,normal,synthetic_indus_like,
seal_011,511,3,i121,i121,normal,synthetic_indus_like,
seal_011,512,1,i006,i006,normal,synthetic_indus_like,
seal_011,512,2,i020,i020,normal,synthetic_indus_like,
seal_011,513,1,i007,i007,normal,synthetic_indus_like,
seal_011,513,2,i007,i007,normal,synthetic_indus_like,
seal_011,513,3,i044,i044,normal,synthetic_indus_like,
seal_011,514,1,i006,i006,normal,synthetic_indus_like,
seal_011,514,2,i037,i037,normal,synthetic_indus_like,
seal_011,514,3,i106,i106,normal,synthetic_indus_like,
seal_011,515,1,i035,i035,normal,synthetic_indus_like,
seal_011,515,2,i076,i076,normal,synthetic_indus_like,
seal_011,516,1,i002,i002,normal,synthetic_indus_like,
seal_011,516,2,i001,i001,normal,synthetic_indus_like,
seal_011,516,3,i049,i049,normal,synthetic_indus_like,
seal_011,517,1,i002,i002,normal,synthetic_indus_like,
seal_011,517,2,i013,i013,normal,synthetic_indus_like,
seal_011,517,3,i016,i016,normal,synthetic_indus_like,
seal_011,518,1,i006,i006,normal,synthetic_indus_like,
seal_011,518,2,i005,i005,normal,synthetic_indus_like,
seal_011,518,3,i053,i053,normal,synthetic_indus_like,
seal_011,519,1,i008,i008,normal,synthetic_indus_like,
seal_011,519,2,i013,i013,normal,synthetic_indus_like,
seal_011,519,3,i011,i011,normal,synthetic_indus_like,
seal_011,520,1,i003,i003,normal,synthetic_indus_like,
seal_011,520,2,i048,i048,normal,synthetic_indus_like,
seal_011,520,3,i011,i011,normal,synthetic_indus_like,
seal_011,521,1,i005,i005,normal,synthetic_indus_like,
seal_011,521,2,i054,i054,normal,synthetic_indus_like,
seal_011,521,3,i020,i020,normal,synthetic_indus_like,
seal_011,522,1,i009,i009,normal,synthetic_indus_like,
seal_011,522,2,i042,i042,normal,synthetic_indus_like,
seal_011,522,3,i017,i017,normal,synthetic_indus_like,
seal_011,523,1,i001,i001,normal,synthetic_indus_like,
seal_011,523,2,i016,i016,normal,synthetic_indus_like,
seal_011,523,3,i015,i015,normal,synthetic_indus_like,
seal_011,524,1,i010,i010,normal,synthetic_indus_like,
seal_011,524,2,i013,i013,normal,synthetic_indus_like,
seal_011,525,1,i007,i007,normal,synthetic_indus_like,
seal_011,525,2,i054,i054,normal,synthetic_indus_like,
seal_011,525,3,i014,i014,normal,synthetic_indus_like,
seal_011,526,1,i009,i009,normal,synthetic_indus_like,
seal_011,526,2,i017,i017,normal,synthetic_indus_like,
seal_011,526,3,i020,i020,normal,synthetic_indus_like,
seal_011,527,1,i008,i008,normal,synthetic_indus_like,
seal_011,527,2,i018,i018,normal,synthetic_indus_like,
seal_011,527,3,i013,i013,normal,synthetic_indus_like,
seal_011,528,1,i047,i047,normal,synthetic_indus_like,
seal_011,528,2,i075,i075,normal,synthetic_indus_like,
seal_011,529,1,i005,i005,normal,synthetic_indus_like,
seal_011,529,2,i044,i044,normal,synthetic_indus_like,
seal_011,529,3,i015,i015,normal,synthetic_indus_like,
seal_011,530,1,i002,i002,normal,synthetic_indus_like,
seal_011,530,2,i001,i001,normal,synthetic_indus_like,
seal_011,530,3,i047,i047,normal,synthetic_indus_like,
seal_011,531,1,i009,i009,normal,synthetic_indus_like,
seal_011,531,2,i011,i011,normal,synthetic_indus_like,
seal_011,532,1,i004,i004,normal,synthetic_indus_like,
seal_011,532,2,i060,i060,normal,synthetic_indus_like,
seal_011,532,3,i130,i130,normal,synthetic_indus_like,
seal_011,533,1,i004,i004,normal,synthetic_indus_like,
seal_011,533,2,i058,i058,normal,synthetic_indus_like,
seal_011,533,3,i117,i117,normal,synthetic_indus_like,
seal_011,534,1,i006,i006,normal,synthetic_indus_like,
seal_011,534,2,i046,i046,normal,synthetic_indus_like,
seal_011,534,3,i020,i020,normal,synthetic_indus_like,
seal_011,535,1,i002,i002,normal,synthetic_indus_like,
seal_011,535,2,i055,i055,normal,synthetic_indus_like,
seal_011,535,3,i013,i013,normal,synthetic_indus_like,
seal_011,536,1,i002,i002,normal,synthetic_indus_like,
seal_011,536,2,i006,i006,normal,synthetic_indus_like,
seal_011,536,3,i030,i030,normal,synthetic_indus_like,
seal_011,537,1,i008,i008,normal,synthetic_indus_like,
seal_011,537,2,i053,i053,normal,synthetic_indus_like,
seal_011,537,3,i019,i019,normal,synthetic_indus_like,
seal_011,538,1,i002,i002,normal,synthetic_indus_like,
seal_011,538,2,i053,i053,normal,synthetic_indus_like,
seal_011,538,3,i087,i087,normal,synthetic_indus_like,
seal_011,539,1,i003,i003,normal,synthetic_indus_like,
seal_011,539,2,i021,i021,normal,synthetic_indus_like,
seal_011,539,3,i068,i068,normal,synthetic_indus_like,
seal_011,540,1,i004,i004,normal,synthetic_indus_like,
seal_011,540,2,i010,i010,normal,synthetic_indus_like,
seal_011,540,3,i053,i053,normal,synthetic_indus_like,
seal_011,541,1,i004,i004,normal,synthetic_indus_like,
seal_011,541,2,i010,i010,normal,synthetic_indus_like,
seal_011,541,3,i053,i053,normal,synthetic_indus_like,
seal_011,542,1,i007,i007,normal,synthetic_indus_like,
seal_011,542,2,i056,i056,normal,synthetic_indus_like,
seal_011,542,3,i150,i150,normal,synthetic_indus_like,
seal_011,543,1,i001,i001,normal,synthetic_indus_like,
seal_011,543,2,i008,i008,normal,synthetic_indus_like,
seal_011,543,3,i028,i028,normal,synthetic_indus_like,
seal_011,544,1,i010,i010,normal,synthetic_indus_like,
seal_011,544,2,i015,i015,normal,synthetic_indus_like,
seal_011,544,3,i014,i014,normal,synthetic_indus_like,
seal_011,545,1,i009,i009,normal,synthetic_indus_like,
seal_011,545,2,i033,i033,normal,synthetic_indus_like,
seal_011,545,3,i145,i145,normal,synthetic_indus_like,
seal_011,546,1,i037,i037,normal,synthetic_indus_like,
seal_011,546,2,i133,i133,normal,synthetic_indus_like,
seal_011,547,1,i009,i009,normal,synthetic_indus_like,
seal_011,547,2,i011,i011,normal,synthetic_indus_like,
seal_011,548,1,i004,i004,normal,synthetic_indus_like,
seal_011,548,2,i024,i024,normal,synthetic_indus_like,
seal_011,548,3,i015,i015,normal,synthetic_indus_like,
seal_011,549,1,i008,i008,normal,synthetic_indus_like,
seal_011,549,2,i017,i017,normal,synthetic_indus_like,
seal_011,549,3,i011,i011,normal,synthetic_indus_like,
seal_011,550,1,i004,i004,normal,synthetic_indus_like,
seal_011,550,2,i042,i042,normal,synthetic_indus_like,
seal_011,550,3,i011,i011,normal,synthetic_indus_like,
seal_012,551,1,i010,i010,normal,synthetic_indus_like,
seal_012,551,2,i017,i017,normal,synthetic_indus_like,
seal_012,551,3,i012,i012,normal,synthetic_indus_like,
seal_012,552,1,i002,i002,normal,synthetic_indus_like,
seal_012,552,2,i016,i016,normal,synthetic_indus_like,
seal_012,553,1,i027,i027,normal,synthetic_indus_like,
seal_012,553,2,i074,i074,normal,synthetic_indus_like,
seal_012,554,1,i036,i036,normal,synthetic_indus_like,
seal_012,554,2,i078,i078,normal,synthetic_indus_like,
seal_012,555,1,i003,i003,normal,synthetic_indus_like,
seal_012,555,2,i008,i008,normal,synthetic_indus_like,
seal_012,555,3,i040,i040,normal,synthetic_indus_like,
seal_012,556,1,i008,i008,normal,synthetic_indus_like,
seal_012,556,2,i020,i020,normal,synthetic_indus_like,
seal_012,557,1,i001,i001,normal,synthetic_indus_like,
seal_012,557,2,i014,i014,normal,synthetic_indus_like,
seal_012,558,1,i004,i004,normal,synthetic_indus_like,
seal_012,558,2,i050,i050,normal,synthetic_indus_like,
seal_012,558,3,i020,i020,normal,synthetic_indus_like,
seal_012,559,1,i004,i004,normal,synthetic_indus_like,
seal_012,559,2,i015,i015,normal,synthetic_indus_like,
seal_012,560,1,i004,i004,normal,synthetic_indus_like,
seal_012,560,2,i003,i003,normal,synthetic_indus_like,
seal_012,560,3,i033,i033,normal,synthetic_indus_like,
seal_012,561,1,i007,i007,normal,synthetic_indus_like,
seal_012,561,2,i012,i012,normal,synthetic_indus_like,
seal_012,561,3,i012,i012,normal,synthetic_indus_like,
seal_012,562,1,i007,i007,normal,synthetic_indus_like,
seal_012,562,2,i004,i004,normal,synthetic_indus_like,
seal_012,562,3,i023,i023,normal,synthetic_indus_like,
seal_012,563,1,i004,i004,normal,synthetic_indus_like,
seal_012,563,2,i002,i002,normal,synthetic_indus_like,
seal_012,563,3,i051,i051,normal,synthetic_indus_like,
seal_012,564,1,i007,i007,normal,synthetic_indus_like,
seal_012,564,2,i020,i020,normal,synthetic_indus_like,
seal_012,564,3,i011,i011,normal,synthetic_indus_like,
seal_012,565,1,i007,i007,normal,synthetic_indus_like,
seal_012,565,2,i010,i010,normal,synthetic_indus_like,
seal_012,565,3,i031,i031,normal,synthetic_indus_like,
seal_012,566,1,i010,i010,normal,synthetic_indus_like,
seal_012,566,2,i023,i023,normal,synthetic_indus_like,
seal_012,566,3,i018,i018,normal,synthetic_indus_like,
seal_012,567,1,i003,i003,normal,synthetic_indus_like,
seal_012,567,2,i049,i049,normal,synthetic_indus_like,
seal_012,567,3,i014,i014,normal,synthetic_indus_like,
seal_012,568,1,i042,i042,normal,synthetic_indus_like,
seal_012,568,2,i093,i093,normal,synthetic_indus_like,
seal_012,569,1,i004,i004,normal,synthetic_indus_like,
seal_012,569,2,i035,i035,normal,synthetic_indus_like,
seal_012,569,3,i087,i087,normal,synthetic_indus_like,
seal_012,570,1,i008,i008,normal,synthetic_indus_like,
seal_012,570,2,i006,i006,normal,synthetic_indus_like,
seal_012,570,3,i026,i026,normal,synthetic_indus_like,
seal_012,571,1,i009,i009,normal,synthetic_indus_like,
seal_012,571,2,i040,i040,normal,synthetic_indus_like,
seal_012,571,3,i102,i102,normal,synthetic_indus_like,
seal_012,572,1,i007,i007,normal,synthetic_indus_like,
seal_012,572,2,i017,i017,normal,synthetic_indus_like,
seal_012,572,3,i014,i014,normal,synthetic_indus_like,
seal_012,573,1,i002,i002,normal,synthetic_indus_like,
seal_012,573,2,i042,i042,normal,synthetic_indus_like,
seal_012,573,3,i020,i020,normal,synthetic_indus_like,
seal_012,574,1,i004,i004,normal,synthetic_indus_like,
seal_012,574,2,i005,i005,normal,synthetic_indus_like,
seal_012,574,3,i054,i054,normal,synthetic_indus_like,
seal_012,575,1,i045,i045,normal,synthetic_indus_like,
seal_012,575,2,i087,i087,normal,synthetic_indus_like,
seal_012,576,1,i008,i008,normal,synthetic_indus_like,
seal_012,576,2,i012,i012,normal,synthetic_indus_like,
seal_012,576,3,i017,i017,normal,synthetic_indus_like,
seal_012,577,1,i003,i003,normal,synthetic_indus_like,
seal_012,577,2,i020,i020,normal,synthetic_indus_like,
seal_012,578,1,i001,i001,normal,synthetic_indus_like,
seal_012,578,2,i014,i014,normal,synthetic_indus_like,
seal_012,578,3,i013,i013,normal,synthetic_indus_like,
seal_012,579,1,i007,i007,normal,synthetic_indus_like,
seal_012,579,2,i056,i056,normal,synthetic_indus_like,
seal_012,579,3,i012,i012,normal,synthetic_indus_like,
seal_012,580,1,i001,i001,normal,synthetic_indus_like,
seal_012,580,2,i015,i015,normal,synthetic_indus_like,
seal_012,580,3,i012,i012,normal,synthetic_indus_like,
seal_012,581,1,i010,i010,normal,synthetic_indus_like,
seal_012,581,2,i027,i027,normal,synthetic_indus_like,
seal_012,581,3,i083,i083,normal,synthetic_indus_like,
seal_012,582,1,i001,i001,normal,synthetic_indus_like,
seal_012,582,2,i019,i019,normal,synthetic_indus_like,
seal_012,583,1,i007,i007,normal,synthetic_indus_like,
seal_012,583,2,i014,i014,normal,synthetic_indus_like,
seal_012,583,3,i014,i014,normal,synthetic_indus_like,
seal_012,584,1,i007,i007,normal,synthetic_indus_like,
seal_012,584,2,i053,i053,normal,synthetic_indus_like,
seal_012,584,3,i074,i074,normal,synthetic_indus_like,
seal_012,585,1,i004,i004,normal,synthetic_indus_like,
seal_012,585,2,i060,i060,normal,synthetic_indus_like,
seal_012,585,3,i014,i014,normal,synthetic_indus_like,
seal_012,586,1,i008,i008,normal,synthetic_indus_like,
seal_012,586,2,i012,i012,normal,synthetic_indus_like,
seal_012,587,1,i041,i041,normal,synthetic_indus_like,
seal_012,587,2,i141,i141,normal,synthetic_indus_like,
seal_012,588,1,i005,i005,normal,synthetic_indus_like,
seal_012,588,2,i014,i014,normal,synthetic_indus_like,
seal_012,589,1,i001,i001,normal,synthetic_indus_like,
seal_012,589,2,i014,i014,normal,synthetic_indus_like,
seal_012,590,1,i004,i004,normal,synthetic_indus_like,
seal_012,590,2,i042,i042,normal,synthetic_indus_like,
seal_012,590,3,i104,i104,normal,synthetic_indus_like,
seal_012,591,1,i010,i010,normal,synthetic_indus_like,
seal_012,591,2,i007,i007,normal,synthetic_indus_like,
seal_012,591,3,i054,i054,normal,synthetic_indus_like,
seal_012,592,1,i010,i010,normal,synthetic_indus_like,
seal_012,592,2,i009,i009,normal,synthetic_indus_like,
seal_012,592,3,i034,i034,normal,synthetic_indus_like,
seal_012,593,1,i008,i008,normal,synthetic_indus_like,
seal_012,593,2,i012,i012,normal,synthetic_indus_like,
seal_012,593,3,i016,i016,normal,synthetic_indus_like,
seal_012,594,1,i002,i002,normal,synthetic_indus_like,
seal_012,594,2,i015,i015,normal,synthetic_indus_like,
seal_012,594,3,i020,i020,normal,synthetic_indus_like,
seal_012,595,1,i008,i008,normal,synthetic_indus_like,
seal_012,595,2,i040,i040,normal,synthetic_indus_like,
seal_012,595,3,i018,i018,normal,synthetic_indus_like,
seal_012,596,1,i002,i002,normal,synthetic_indus_like,
seal_012,596,2,i047,i047,normal,synthetic_indus_like,
seal_012,596,3,i065,i065,normal,synthetic_indus_like,
seal_012,597,1,i052,i052,normal,synthetic_indus_like,
seal_012,597,2,i142,i142,normal,synthetic_indus_like,
seal_012,598,1,i007,i007,normal,synthetic_indus_like,
seal_012,598,2,i017,i017,normal,synthetic_indus_like,
seal_012,599,1,i010,i010,normal,synthetic_indus_like,
seal_012,599,2,i026,i026,normal,synthetic_indus_like,
seal_012,599,3,i019,i019,normal,synthetic_indus_like,
seal_012,600,1,i003,i003,normal,synthetic_indus_like,
seal_012,600,2,i018,i018,normal,synthetic_indus_like,
seal_012,600,3,i011,i011,normal,synthetic_indus_like,
seal_013,601,1,i003,i003,normal,synthetic_indus_like,
seal_013,601,2,i006,i006,normal,synthetic_indus_like,
seal_013,601,3,i032,i032,normal,synthetic_indus_like,
seal_013,602,1,i060,i060,normal,synthetic_indus_like,
seal_013,602,2,i074,i074,normal,synthetic_indus_like,
seal_013,603,1,i005,i005,normal,synthetic_indus_like,
seal_013,603,2,i011,i011,normal,synthetic_indus_like,
seal_013,603,3,i020,i020,normal,synthetic_indus_like,
seal_013,604,1,i006,i006,normal,synthetic_indus_like,
seal_013,604,2,i036,i036,normal,synthetic_indus_like,
seal_013,604,3,i107,i107,normal,synthetic_indus_like,
seal_013,605,1,i001,i001,normal,synthetic_indus_like,
seal_013,605,2,i020,i020,normal,synthetic_indus_like,
seal_013,605,3,i012,i012,normal,synthetic_indus_like,
seal_013,606,1,i008,i008,normal,synthetic_indus_like,
seal_013,606,2,i017,i017,normal,synthetic_indus_like,
seal_013,607,1,i010,i010,normal,synthetic_indus_like,
seal_013,607,2,i014,i014,normal,synthetic_indus_like,
seal_013,607,3,i013,i013,normal,synthetic_indus_like,
seal_013,608,1,i009,i009,normal,synthetic_indus_like,
seal_013,608,2,i014,i014,normal,synthetic_indus_like,
seal_013,608,3,i014,i014,normal,synthetic_indus_like,
seal_013,609,1,i009,i009,normal,synthetic_indus_like,
seal_013,609,2,i052,i052,normal,synthetic_indus_like,
seal_013,609,3,i072,i072,normal,synthetic_indus_like,
seal_013,610,1,i002,i002,normal,synthetic_indus_like,
seal_013,610,2,i016,i016,normal,synthetic_indus_like,
seal_013,611,1,i010,i010,normal,synthetic_indus_like,
seal_013,611,2,i011,i011,normal,synthetic_indus_like,
seal_013,611,3,i015,i015,normal,synthetic_indus_like,
seal_013,612,1,i007,i007,normal,synthetic_indus_like,
seal_013,612,2,i011,i011,normal,synthetic_indus_like,
seal_013,612,3,i019,i019,normal,synthetic_indus_like,
seal_013,613,1,i059,i059,normal,synthetic_indus_like,
seal_013,613,2,i101,i101,normal,synthetic_indus_like,
seal_013,614,1,i008,i008,normal,synthetic_indus_like,
seal_013,614,2,i017,i017,normal,synthetic_indus_like,
seal_013,614,3,i015,i015,normal,synthetic_indus_like,
seal_013,615,1,i010,i010,normal,synthetic_indus_like,
seal_013,615,2,i011,i011,normal,synthetic_indus_like,
seal_013,616,1,i010,i010,normal,synthetic_indus_like,
seal_013,616,2,i012,i012,normal,synthetic_indus_like,
seal_013,617,1,i007,i007,normal,synthetic_indus_like,
seal_013,617,2,i013,i013,normal,synthetic_indus_like,
seal_013,618,1,i007,i007,normal,synthetic_indus_like,
seal_013,618,2,i015,i015,normal,synthetic_indus_like,
seal_013,619,1,i008,i008,normal,synthetic_indus_like,
seal_013,619,2,i015,i015,normal,synthetic_indus_like,
seal_013,620,1,i003,i003,normal,synthetic_indus_like,
seal_013,620,2,i012,i012,normal,synthetic_indus_like,
seal_013,620,3,i016,i016,normal,synthetic_indus_like,
seal_013,621,1,i003,i003,normal,synthetic_indus_like,
seal_013,621,2,i059,i059,normal,synthetic_indus_like,
seal_013,621,3,i149,i149,normal,synthetic_indus_like,
seal_013,622,1,i034,i034,normal,synthetic_indus_like,
seal_013,622,2,i144,i144,normal,synthetic_indus_like,
seal_013,623,1,i008,i008,normal,synthetic_indus_like,
seal_013,623,2,i029,i029,normal,synthetic_indus_like,
seal_013,623,3,i134,i134,normal,synthetic_indus_like,
seal_013,624,1,i009,i009,normal,synthetic_indus_like,
seal_013,624,2,i004,i004,normal,synthetic_indus_like,
seal_013,624,3,i027,i027,normal,synthetic_indus_like,
seal_013,625,1,i002,i002,normal,synthetic_indus_like,
seal_013,625,2,i015,i015,normal,synthetic_indus_like,
seal_013,626,1,i010,i010,normal,synthetic_indus_like,
seal_013,626,2,i019,i019,normal,synthetic_indus_like,
seal_013,626,3,i020,i020,normal,synthetic_indus_like,
seal_013,627,1,i002,i002,normal,synthetic_indus_like,
seal_013,627,2,i005,i005,normal,synthetic_indus_like,
seal_013,627,3,i028,i028,normal,synthetic_indus_like,
seal_013,628,1,i045,i045,normal,synthetic_indus_like,
seal_013,628,2,i074,i074,normal,synthetic_indus_like,
seal_013,629,1,i006,i006,normal,synthetic_indus_like,
seal_013,629,2,i017,i017,normal,synthetic_indus_like,
seal_013,629,3,i013,i013,normal,synthetic_indus_like,
seal_013,630,1,i010,i010,normal,synthetic_indus_like,
seal_013,630,2,i017,i017,normal,synthetic_indus_like,
seal_013,631,1,i008,i008,normal,synthetic_indus_like,
seal_013,631,2,i032,i032,normal,synthetic_indus_like,
seal_013,631,3,i018,i018,normal,synthetic_indus_like,
seal_013,632,1,i005,i005,normal,synthetic_indus_like,
seal_013,632,2,i019,i019,normal,synthetic_indus_like,
seal_013,632,3,i018,i018,normal,synthetic_indus_like,
seal_013,633,1,i008,i008,normal,synthetic_indus_like,
seal_013,633,2,i053,i053,normal,synthetic_indus_like,
seal_013,633,3,i019,i019,normal,synthetic_indus_like,
seal_013,634,1,i025,i025,normal,synthetic_indus_like,
seal_013,634,2,i107,i107,normal,synthetic_indus_like,
seal_013,635,1,i004,i004,normal,synthetic_indus_like,
seal_013,635,2,i015,i015,normal,synthetic_indus_like,
seal_013,636,1,i001,i001,normal,synthetic_indus_like,
seal_013,636,2,i016,i016,normal,synthetic_indus_like,
seal_013,637,1,i001,i001,normal,synthetic_indus_like,
seal_013,637,2,i002,i002,normal,synthetic_indus_like,
seal_013,637,3,i048,i048,normal,synthetic_indus_like,
seal_013,638,1,i007,i007,normal,synthetic_indus_like,
seal_013,638,2,i006,i006,normal,synthetic_indus_like,
seal_013,638,3,i040,i040,normal,synthetic_indus_like,
seal_013,639,1,i001,i001,normal,synthetic_indus_like,
seal_013,639,2,i013,i013,normal,synthetic_indus_like,
seal_013,639,3,i017,i017,normal,synthetic_indus_like,
seal_013,640,1,i008,i008,normal,synthetic_indus_like,
seal_013,640,2,i009,i009,normal,synthetic_indus_like,
seal_013,640,3,i052,i052,normal,synthetic_indus_like,
seal_013,641,1,i004,i004,normal,synthetic_indus_like,
seal_013,641,2,i001,i001,normal,synthetic_indus_like,
seal_013,641,3,i042,i042,normal,synthetic_indus_like,
seal_013,642,1,i003,i003,normal,synthetic_indus_like,
seal_013,642,2,i004,i004,normal,synthetic_indus_like,
seal_013,642,3,i038,i038,normal,synthetic_indus_like,
seal_013,643,1,i004,i004,normal,synthetic_indus_like,
seal_013,643,2,i058,i058,normal,synthetic_indus_like,
seal_013,643,3,i013,i013,normal,synthetic_indus_like,
seal_013,644,1,i042,i042,normal,synthetic_indus_like,
seal_013,644,2,i115,i115,normal,synthetic_indus_like,
seal_013,645,1,i005,i005,normal,synthetic_indus_like,
seal_013,645,2,i043,i043,normal,synthetic_indus_like,
seal_013,645,3,i017,i017,normal,synthetic_indus_like,
seal_013,646,1,i003,i003,normal,synthetic_indus_like,
seal_013,646,2,i042,i042,normal,synthetic_indus_like,
seal_013,646,3,i107,i107,normal,synthetic_indus_like,
seal_013,647,1,i004,i004,normal,synthetic_indus_like,
seal_013,647,2,i014,i014,normal,synthetic_indus_like,
seal_013,648,1,i007,i007,normal,synthetic_indus_like,
seal_013,648,2,i019,i019,normal,synthetic_indus_like,
seal_013,649,1,i010,i010,normal,synthetic_indus_like,
seal_013,649,2,i015,i015,normal,synthetic_indus_like,
seal_013,650,1,i009,i009,normal,synthetic_indus_like,
seal_013,650,2,i019,i019,normal,synthetic_indus_like,
seal_013,650,3,i012,i012,normal,synthetic_indus_like,
seal_014,651,1,i031,i031,normal,synthetic_indus_like,
seal_014,651,2,i134,i134,normal,synthetic_indus_like,
seal_014,652,1,i004,i004,normal,synthetic_indus_like,
seal_014,652,2,i039,i039,normal,synthetic_indus_like,
seal_014,652,3,i015,i015,normal,synthetic_indus_like,
seal_014,653,1,i059,i059,normal,synthetic_indus_like,
seal_014,653,2,i108,i108,normal,synthetic_indus_like,
seal_014,654,1,i004,i004,normal,synthetic_indus_like,
seal_014,654,2,i005,i005,normal,synthetic_indus_like,
seal_014,654,3,i032,i032,normal,synthetic_indus_like,
seal_014,655,1,i005,i005,normal,synthetic_indus_like,
seal_014,655,2,i004,i004,normal,synthetic_indus_like,
seal_014,655,3,i058,i058,normal,synthetic_indus_like,
seal_014,656,1,i008,i008,normal,synthetic_indus_like,
seal_014,656,2,i032,i032,normal,synthetic_indus_like,
seal_014,656,3,i013,i013,normal,synthetic_indus_like,
seal_014,657,1,i003,i003,normal,synthetic_indus_like,
seal_014,657,2,i025,i025,normal,synthetic_indus_like,
seal_014,657,3,i017,i017,normal,synthetic_indus_like,
seal_014,658,1,i006,i006,normal,synthetic_indus_like,
seal_014,658,2,i026,i026,normal,synthetic_indus_like,
seal_014,658,3,i086,i086,normal,synthetic_indus_like,
seal_014,659,1,i036,i036,normal,synthetic_indus_like,
seal_014,659,2,i068,i068,normal,synthetic_indus_like,
seal_014,660,1,i007,i007,normal,synthetic_indus_like,
seal_014,660,2,i017,i017,normal,synthetic_indus_like,
seal_014,660,3,i013,i013,normal,synthetic_indus_like,
seal_014,661,1,i006,i006,normal,synthetic_indus_like,
seal_014,661,2,i012,i012,normal,synthetic_indus_like,
seal_014,661,3,i016,i016,normal,synthetic_indus_like,
seal_014,662,1,i006,i006,normal,synthetic_indus_like,
seal_014,662,2,i015,i015,normal,synthetic_indus_like,
seal_014,663,1,i045,i045,normal,synthetic_indus_like,
seal_014,663,2,i118,i118,normal,synthetic_indus_like,
seal_014,664,1,i007,i007,normal,synthetic_indus_like,
seal_014,664,2,i020,i020,normal,synthetic_indus_like,
seal_014,664,3,i016,i016,normal,synthetic_indus_like,
seal_014,665,1,i045,i045,normal,synthetic_indus_like,
seal_014,665,2,i071,i071,normal,synthetic_indus_like,
seal_014,666,1,i001,i001,normal,synthetic_indus_like,
seal_014,666,2,i016,i016,normal,synthetic_indus_like,
seal_014,666,3,i016,i016,normal,synthetic_indus_like,
seal_014,667,1,i001,i001,normal,synthetic_indus_like,
seal_014,667,2,i017,i017,normal,synthetic_indus_like,
seal_014,667,3,i016,i016,normal,synthetic_indus_like,
seal_014,668,1,i008,i008,normal,synthetic_indus_like,
seal_014,668,2,i013,i013,normal,synthetic_indus_like,
seal_014,669,1,i009,i009,normal,synthetic_indus_like,
seal_014,669,2,i040,i040,normal,synthetic_indus_like,
seal_014,669,3,i018,i018,normal,synthetic_indus_like,
seal_014,670,1,i007,i007,normal,synthetic_indus_like,
seal_014,670,2,i013,i013,normal,synthetic_indus_like,
seal_014,671,1,i001,i001,normal,synthetic_indus_like,
seal_014,671,2,i004,i004,normal,synthetic_indus_like,
seal_014,671,3,i046,i046,normal,synthetic_indus_like,
seal_014,672,1,i001,i001,normal,synthetic_indus_like,
seal_014,672,2,i044,i044,normal,synthetic_indus_like,
seal_014,672,3,i017,i017,normal,synthetic_indus_like,
seal_014,673,1,i001,i001,normal,synthetic_indus_like,
seal_014,673,2,i014,i014,normal,synthetic_indus_like,
seal_014,673,3,i015,i015,normal,synthetic_indus_like,
seal_014,674,1,i043,i043,normal,synthetic_indus_like,
seal_014,674,2,i097,i097,normal,synthetic_indus_like,
seal_014,675,1,i008,i008,normal,synthetic_indus_like,
seal_014,675,2,i012,i012,normal,synthetic_indus_like,
seal_014,676,1,i009,i009,normal,synthetic_indus_like,
seal_014,676,2,i016,i016,normal,synthetic_indus_like,
seal_014,676,3,i018,i018,normal,synthetic_indus_like,
seal_014,677,1,i010,i010,normal,synthetic_indus_like,
seal_014,677,2,i018,i018,normal,synthetic_indus_like,
seal_014,677,3,i012,i012,normal,synthetic_indus_like,
seal_014,678,1,i010,i010,normal,synthetic_indus_like,
seal_014,678,2,i016,i016,normal,synthetic_indus_like,
seal_014,678,3,i016,i016,normal,synthetic_indus_like,
seal_014,679,1,i010,i010,normal,synthetic_indus_like,
seal_014,679,2,i029,i029,normal,synthetic_indus_like,
seal_014,679,3,i117,i117,normal,synthetic_indus_like,
seal_014,680,1,i037,i037,normal,synthetic_indus_like,
seal_014,680,2,i148,i148,normal,synthetic_indus_like,
seal_014,681,1,i007,i007,normal,synthetic_indus_like,
seal_014,681,2,i002,i002,normal,synthetic_indus_like,
seal_014,681,3,i035,i035,normal,synthetic_indus_like,
seal_014,682,1,i002,i002,normal,synthetic_indus_like,
seal_014,682,2,i046,i046,normal,synthetic_indus_like,
seal_014,682,3,i017,i017,normal,synthetic_indus_like,
seal_014,683,1,i003,i003,normal,synthetic_indus_like,
seal_014,683,2,i004,i004,normal,synthetic_indus_like,
seal_014,683,3,i041,i041,normal,synthetic_indus_like,
seal_014,684,1,i009,i009,normal,synthetic_indus_like,
seal_014,684,2,i014,i014,normal,synthetic_indus_like,
seal_014,685,1,i040,i040,normal,synthetic_indus_like,
seal_014,685,2,i082,i082,normal,synthetic_indus_like,
seal_014,686,1,i009,i009,normal,synthetic_indus_like,
seal_014,686,2,i010,i010,normal,synthetic_indus_like,
seal_014,686,3,i033,i033,normal,synthetic_indus_like,
seal_014,687,1,i004,i004,normal,synthetic_indus_like,
seal_014,687,2,i017,i017,normal,synthetic_indus_like,
seal_014,688,1,i009,i009,normal,synthetic_indus_like,
seal_014,688,2,i031,i031,normal,synthetic_indus_like,
seal_014,688,3,i020,i020,normal,synthetic_indus_like,
seal_014,689,1,i003,i003,normal,synthetic_indus_like,
seal_014,689,2,i050,i050,normal,synthetic_indus_like,
seal_014,689,3,i115,i115,normal,synthetic_indus_like,
seal_014,690,1,i005,i005,normal,synthetic_indus_like,
seal_014,690,2,i020,i020,normal,synthetic_indus_like,
seal_014,690,3,i012,i012,normal,synthetic_indus_like,
seal_014,691,1,i002,i002,normal,synthetic_indus_like,
seal_014,691,2,i052,i052,normal,synthetic_indus_like,
seal_014,691,3,i020,i020,normal,synthetic_indus_like,
seal_014,692,1,i006,i006,normal,synthetic_indus_like,
seal_014,692,2,i014,i014,normal,synthetic_indus_like,
seal_014,692,3,i019,i019,normal,synthetic_indus_like,
seal_014,693,1,i006,i006,normal,synthetic_indus_like,
seal_014,693,2,i031,i031,normal,synthetic_indus_like,
seal_014,693,3,i134,i134,normal,synthetic_indus_like,
seal_014,694,1,i007,i007,normal,synthetic_indus_like,
seal_014,694,2,i033,i033,normal,synthetic_indus_like,
seal_014,694,3,i020,i020,normal,synthetic_indus_like,
seal_014,695,1,i010,i010,normal,synthetic_indus_like,
seal_014,695,2,i007,i007,normal,synthetic_indus_like,
seal_014,695,3,i037,i037,normal,synthetic_indus_like,
seal_014,696,1,i002,i002,normal,synthetic_indus_like,
seal_014,696,2,i010,i010,normal,synthetic_indus_like,
seal_014,696,3,i045,i045,normal,synthetic_indus_like,
seal_014,697,1,i022,i022,normal,synthetic_indus_like,
seal_014,697,2,i142,i142,normal,synthetic_indus_like,
seal_014,698,1,i002,i002,normal,synthetic_indus_like,
seal_014,698,2,i014,i014,normal,synthetic_indus_like,
seal_014,699,1,i001,i001,normal,synthetic_indus_like,
seal_014,699,2,i028,i028,normal,synthetic_indus_like,
seal_014,699,3,i104,i104,normal,synthetic_indus_like,
seal_014,700,1,i028,i028,normal,synthetic_indus_like,
seal_014,700,2,i085,i085,normal,synthetic_indus_like,
seal_015,701,1,i006,i006,normal,synthetic_indus_like,
seal_015,701,2,i019,i019,normal,synthetic_indus_like,
seal_015,702,1,i007,i007,normal,synthetic_indus_like,
seal_015,702,2,i009,i009,normal,synthetic_indus_like,
seal_015,702,3,i046,i046,normal,synthetic_indus_like,
seal_015,703,1,i038,i038,normal,synthetic_indus_like,
seal_015,703,2,i101,i101,normal,synthetic_indus_like,
seal_015,704,1,i058,i058,normal,synthetic_indus_like,
seal_015,704,2,i113,i113,normal,synthetic_indus_like,
seal_015,705,1,i004,i004,normal,synthetic_indus_like,
seal_015,705,2,i002,i002,normal,synthetic_indus_like,
seal_015,705,3,i034,i034,normal,synthetic_indus_like,
seal_015,706,1,i005,i005,normal,synthetic_indus_like,
seal_015,706,2,i020,i020,normal,synthetic_indus_like,
seal_015,707,1,i001,i001,normal,synthetic_indus_like,
seal_015,707,2,i018,i018,normal,synthetic_indus_like,
seal_015,707,3,i018,i018,normal,synthetic_indus_like,
seal_015,708,1,i003,i003,normal,synthetic_indus_like,
seal_015,708,2,i059,i059,normal,synthetic_indus_like,
seal_015,708,3,i016,i016,normal,synthetic_indus_like,
seal_015,709,1,i051,i051,normal,synthetic_indus_like,
seal_015,709,2,i073,i073,normal,synthetic_indus_like,
seal_015,710,1,i007,i007,normal,synthetic_indus_like,
seal_015,710,2,i005,i005,normal,synthetic_indus_like,
seal_015,710,3,i050,i050,normal,synthetic_indus_like,
seal_015,711,1,i002,i002,normal,synthetic_indus_like,
seal_015,711,2,i041,i041,normal,synthetic_indus_like,
seal_015,711,3,i017,i017,normal,synthetic_indus_like,
seal_015,712,1,i007,i007,normal,synthetic_indus_like,
seal_015,712,2,i018,i018,normal,synthetic_indus_like,
seal_015,713,1,i002,i002,normal,synthetic_indus_like,
seal_015,713,2,i037,i037,normal,synthetic_indus_like,
seal_015,713,3,i098,i098,normal,synthetic_indus_like,
seal_015,714,1,i004,i004,normal,synthetic_indus_like,
seal_015,714,2,i052,i052,normal,synthetic_indus_like,
seal_015,714,3,i074,i074,normal,synthetic_indus_like,
seal_015,715,1,i003,i003,normal,synthetic_indus_like,
seal_015,715,2,i014,i014,normal,synthetic_indus_like,
seal_015,715,3,i016,i016,normal,synthetic_indus_like,
seal_015,716,1,i007,i007,normal,synthetic_indus_like,
seal_015,716,2,i003,i003,normal,synthetic_indus_like,
seal_015,716,3,i040,i040,normal,synthetic_indus_like,
seal_015,717,1,i009,i009,normal,synthetic_indus_like,
seal_015,717,2,i012,i012,normal,synthetic_indus_like,
seal_015,717,3,i016,i016,normal,synthetic_indus_like,
seal_015,718,1,i027,i027,normal,synthetic_indus_like,
seal_015,718,2,i067,i067,normal,synthetic_indus_like,
seal_015,719,1,i009,i009,normal,synthetic_indus_like,
seal_015,719,2,i007,i007,normal,synthetic_indus_like,
seal_015,719,3,i027,i027,normal,synthetic_indus_like,
seal_015,720,1,i046,i046,normal,synthetic_indus_like,
seal_015,720,2,i111,i111,normal,synthetic_indus_like,
seal_015,721,1,i001,i001,normal,synthetic_indus_like,
seal_015,721,2,i002,i002,normal,synthetic_indus_like,
seal_015,721,3,i032,i032,normal,synthetic_indus_like,
seal_015,722,1,i003,i003,normal,synthetic_indus_like,
seal_015,722,2,i021,i021,normal,synthetic_indus_like,
seal_015,722,3,i137,i137,normal,synthetic_indus_like,
seal_015,723,1,i022,i022,normal,synthetic_indus_like,
seal_015,723,2,i133,i133,normal,synthetic_indus_like,
seal_015,724,1,i006,i006,normal,synthetic_indus_like,
seal_015,724,2,i018,i018,normal,synthetic_indus_like,
seal_015,724,3,i011,i011,normal,synthetic_indus_like,
seal_015,725,1,i001,i001,normal,synthetic_indus_like,
seal_015,725,2,i003,i003,normal,synthetic_indus_like,
seal_015,725,3,i047,i047,normal,synthetic_indus_like,
seal_015,726,1,i049,i049,normal,synthetic_indus_like,
seal_015,726,2,i128,i128,normal,synthetic_indus_like,
seal_015,727,1,i008,i008,normal,synthetic_indus_like,
seal_015,727,2,i020,i020,normal,synthetic_indus_like,
seal_015,727,3,i016,i016,normal,synthetic_indus_like,
seal_015,728,1,i001,i001,normal,synthetic_indus_like,
seal_015,728,2,i050,i050,normal,synthetic_indus_like,
seal_015,728,3,i066,i066,normal,synthetic_indus_like,
seal_015,729,1,i005,i005,normal,synthetic_indus_like,
seal_015,729,2,i001,i001,normal,synthetic_indus_like,
seal_015,729,3,i048,i048,normal,synthetic_indus_like,
seal_015,730,1,i004,i004,normal,synthetic_indus_like,
seal_015,730,2,i011,i011,normal,synthetic_indus_like,
seal_015,730,3,i018,i018,normal,synthetic_indus_like,
seal_015,731,1,i010,i010,normal,synthetic_indus_like,
seal_015,731,2,i005,i005,normal,synthetic_indus_like,
seal_015,731,3,i032,i032,normal,synthetic_indus_like,
seal_015,732,1,i006,i006,normal,synthetic_indus_like,
seal_015,732,2,i019,i019,normal,synthetic_indus_like,
seal_015,733,1,i007,i007,normal,synthetic_indus_like,
seal_015,733,2,i008,i008,normal,synthetic_indus_like,
seal_015,733,3,i047,i047,normal,synthetic_indus_like,
seal_015,734,1,i010,i010,normal,synthetic_indus_like,
seal_015,734,2,i053,i053,normal,synthetic_indus_like,
seal_015,734,3,i016,i016,normal,synthetic_indus_like,
seal_015,735,1,i009,i009,normal,synthetic_indus_like,
seal_015,735,2,i011,i011,normal,synthetic_indus_like,
seal_015,736,1,i004,i004,normal,synthetic_indus_like,
seal_015,736,2,i054,i054,normal,synthetic_indus_like,
seal_015,736,3,i013,i013,normal,synthetic_indus_like,
seal_015,737,1,i036,i036,normal,synthetic_indus_like,
seal_015,737,2,i087,i087,normal,synthetic_indus_like,
seal_015,738,1,i004,i004,normal,synthetic_indus_like,
seal_015,738,2,i009,i009,normal,synthetic_indus_like,
seal_015,738,3,i037,i037,normal,synthetic_indus_like,
seal_015,739,1,i005,i005,normal,synthetic_indus_like,
seal_015,739,2,i012,i012,normal,synthetic_indus_like,
seal_015,739,3,i020,i020,normal,synthetic_indus_like,
seal_015,740,1,i002,i002,normal,synthetic_indus_like,
seal_015,740,2,i020,i020,normal,synthetic_indus_like,
seal_015,740,3,i017,i017,normal,synthetic_indus_like,
seal_015,741,1,i001,i001,normal,synthetic_indus_like,
seal_015,741,2,i043,i043,normal,synthetic_indus_like,
seal_015,741,3,i013,i013,normal,synthetic_indus_like,
seal_015,742,1,i008,i008,normal,synthetic_indus_like,
seal_015,742,2,i045,i045,normal,synthetic_indus_like,
seal_015,742,3,i121,i121,normal,synthetic_indus_like,
seal_015,743,1,i009,i009,normal,synthetic_indus_like,
seal_015,743,2,i054,i054,normal,synthetic_indus_like,
seal_015,743,3,i015,i015,normal,synthetic_indus_like,
seal_015,744,1,i002,i002,normal,synthetic_indus_like,
seal_015,744,2,i011,i011,normal,synthetic_indus_like,
seal_015,745,1,i008,i008,normal,synthetic_indus_like,
seal_015,745,2,i017,i017,normal,synthetic_indus_like,
seal_015,745,3,i013,i013,normal,synthetic_indus_like,
seal_015,746,1,i054,i054,normal,synthetic_indus_like,
seal_015,746,2,i085,i085,normal,synthetic_indus_like,
seal_015,747,1,i008,i008,normal,synthetic_indus_like,
seal_015,747,2,i053,i053,normal,synthetic_indus_like,
seal_015,747,3,i106,i106,normal,synthetic_indus_like,
seal_015,748,1,i002,i002,normal,synthetic_indus_like,
seal_015,748,2,i028,i028,normal,synthetic_indus_like,
seal_015,748,3,i124,i124,normal,synthetic_indus_like,
seal_015,749,1,i002,i002,normal,synthetic_indus_like,
seal_015,749,2,i055,i055,normal,synthetic_indus_like,
seal_015,749,3,i134,i134,normal,synthetic_indus_like,
seal_015,750,1,i028,i028,normal,synthetic_indus_like,
seal_015,750,2,i135,i135,normal,synthetic_indus_like,
seal_016,751,1,i007,i007,normal,synthetic_indus_like,
seal_016,751,2,i020,i020,normal,synthetic_indus_like,
seal_016,752,1,i008,i008,normal,synthetic_indus_like,
seal_016,752,2,i003,i003,normal,synthetic_indus_like,
seal_016,752,3,i038,i038,normal,synthetic_indus_like,
seal_016,753,1,i003,i003,normal,synthetic_indus_like,
seal_016,753,2,i017,i017,normal,synthetic_indus_like,
seal_016,754,1,i007,i007,normal,synthetic_indus_like,
seal_016,754,2,i024,i024,normal,synthetic_indus_like,
seal_016,754,3,i091,i091,normal,synthetic_indus_like,
seal_016,755,1,i021,i021,normal,synthetic_indus_like,
seal_016,755,2,i092,i092,normal,synthetic_indus_like,
seal_016,756,1,i005,i005,normal,synthetic_indus_like,
seal_016,756,2,i003,i003,normal,synthetic_indus_like,
seal_016,756,3,i059,i059,normal,synthetic_indus_like,
seal_016,757,1,i006,i006,normal,synthetic_indus_like,
seal_016,757,2,i019,i019,normal,synthetic_indus_like,
seal_016,757,3,i019,i019,normal,synthetic_indus_like,
seal_016,758,1,i005,i005,normal,synthetic_indus_like,
seal_016,758,2,i026,i026,normal,synthetic_indus_like,
seal_016,758,3,i014,i014,normal,synthetic_indus_like,
seal_016,759,1,i002,i002,normal,synthetic_indus_like,
seal_016,759,2,i011,i011,normal,synthetic_indus_like,
seal_016,759,3,i015,i015,normal,synthetic_indus_like,
seal_016,760,1,i048,i048,normal,synthetic_indus_like,
seal_016,760,2,i129,i129,normal,synthetic_indus_like,
seal_016,761,1,i007,i007,normal,synthetic_indus_like,
seal_016,761,2,i020,i020,normal,synthetic_indus_like,
seal_016,762,1,i002,i002,normal,synthetic_indus_like,
seal_016,762,2,i036,i036,normal,synthetic_indus_like,
seal_016,762,3,i130,i130,normal,synthetic_indus_like,
seal_016,763,1,i005,i005,normal,synthetic_indus_like,
seal_016,763,2,i006,i006,normal,synthetic_indus_like,
seal_016,763,3,i038,i038,normal,synthetic_indus_like,
seal_016,764,1,i007,i007,normal,synthetic_indus_like,
seal_016,764,2,i024,i024,normal,synthetic_indus_like,
seal_016,764,3,i135,i135,normal,synthetic_indus_like,
seal_016,765,1,i009,i009,normal,synthetic_indus_like,
seal_016,765,2,i041,i041,normal,synthetic_indus_like,
seal_016,765,3,i012,i012,normal,synthetic_indus_like,
seal_016,766,1,i006,i006,normal,synthetic_indus_like,
seal_016,766,2,i019,i019,normal,synthetic_indus_like,
seal_016,767,1,i010,i010,normal,synthetic_indus_like,
seal_016,767,2,i016,i016,normal,synthetic_indus_like,
seal_016,768,1,i005,i005,normal,synthetic_indus_like,
seal_016,768,2,i003,i003,normal,synthetic_indus_like,
seal_016,768,3,i022,i022,normal,synthetic_indus_like,
seal_016,769,1,i009,i009,normal,synthetic_indus_like,
seal_016,769,2,i058,i058,normal,synthetic_indus_like,
seal_016,769,3,i105,i105,normal,synthetic_indus_like,
seal_016,770,1,i010,i010,normal,synthetic_indus_like,
seal_016,770,2,i019,i019,normal,synthetic_indus_like,
seal_016,770,3,i017,i017,normal,synthetic_indus_like,
seal_016,771,1,i006,i006,normal,synthetic_indus_like,
seal_016,771,2,i012,i012,normal,synthetic_indus_like,
seal_016,772,1,i010,i010,normal,synthetic_indus_like,
seal_016,772,2,i035,i035,normal,synthetic_indus_like,
seal_016,772,3,i118,i118,normal,synthetic_indus_like,
seal_016,773,1,i007,i007,normal,synthetic_indus_like,
seal_016,773,2,i010,i010,normal,synthetic_indus_like,
seal_016,773,3,i029,i029,normal,synthetic_indus_like,
seal_016,774,1,i010,i010,normal,synthetic_indus_like,
seal_016,774,2,i052,i052,normal,synthetic_indus_like,
seal_016,774,3,i014,i014,normal,synthetic_indus_like,
seal_016,775,1,i004,i004,normal,synthetic_indus_like,
seal_016,775,2,i039,i039,normal,synthetic_indus_like,
seal_016,775,3,i076,i076,normal,synthetic_indus_like,
seal_016,776,1,i010,i010,normal,synthetic_indus_like,
seal_016,776,2,i060,i060,normal,synthetic_indus_like,
seal_016,776,3,i012,i012,normal,synthetic_indus_like,
seal_016,777,1,i008,i008,normal,synthetic_indus_like,
seal_016,777,2,i013,i013,normal,synthetic_indus_like,
seal_016,777,3,i019,i019,normal,synthetic_indus_like,
seal_016,778,1,i005,i005,normal,synthetic_indus_like,
seal_016,778,2,i016,i016,normal,synthetic_indus_like,
seal_016,778,3,i017,i017,normal,synthetic_indus_like,
seal_016,779,1,i043,i043,normal,synthetic_indus_like,
seal_016,779,2,i097,i097,normal,synthetic_indus_like,
seal_016,780,1,i004,i004,normal,synthetic_indus_like,
seal_016,780,2,i005,i005,normal,synthetic_indus_like,
seal_016,780,3,i030,i030,normal,synthetic_indus_like,
seal_016,781,1,i008,i008,normal,synthetic_indus_like,
seal_016,781,2,i019,i019,normal,synthetic_indus_like,
seal_016,781,3,i013,i013,normal,synthetic_indus_like,
seal_016,782,1,i005,i005,normal,synthetic_indus_like,
seal_016,782,2,i018,i018,normal,synthetic_indus_like,
seal_016,783,1,i001,i001,normal,synthetic_indus_like,
seal_016,783,2,i007,i007,normal,synthetic_indus_like,
seal_016,783,3,i027,i027,normal,synthetic_indus_like,
seal_016,784,1,i003,i003,normal,synthetic_indus_like,
seal_016,784,2,i014,i014,normal,synthetic_indus_like,
seal_016,784,3,i012,i012,normal,synthetic_indus_like,
seal_016,785,1,i003,i003,normal,synthetic_indus_like,
seal_016,785,2,i001,i001,normal,synthetic_indus_like,
seal_016,785,3,i047,i047,normal,synthetic_indus_like,
seal_016,786,1,i007,i007,normal,synthetic_indus_like,
seal_016,786,2,i010,i010,normal,synthetic_indus_like,
seal_016,786,3,i043,i043,normal,synthetic_indus_like,
seal_016,787,1,i043,i043,normal,synthetic_indus_like,
seal_016,787,2,i150,i150,normal,synthetic_indus_like,
seal_016,788,1,i041,i041,normal,synthetic_indus_like,
seal_016,788,2,i094,i094,normal,synthetic_indus_like,
seal_016,789,1,i001,i001,normal,synthetic_indus_like,
seal_016,789,2,i005,i005,normal,synthetic_indus_like,
seal_016,789,3,i049,i049,normal,synthetic_indus_like,
seal_016,790,1,i001,i001,normal,synthetic_indus_like,
seal_016,790,2,i007,i007,normal,synthetic_indus_like,
seal_016,790,3,i026,i026,normal,synthetic_indus_like,
seal_016,791,1,i001,i001,normal,synthetic_indus_like,
seal_016,791,2,i023,i023,normal,synthetic_indus_like,
seal_016,791,3,i063,i063,normal,synthetic_indus_like,
seal_016,792,1,i007,i007,normal,synthetic_indus_like,
seal_016,792,2,i013,i013,normal,synthetic_indus_like,
seal_016,793,1,i022,i022,normal,synthetic_indus_like,
seal_016,793,2,i062,i062,normal,synthetic_indus_like,
seal_016,794,1,i001,i001,normal,synthetic_indus_like,
seal_016,794,2,i005,i005,normal,synthetic_indus_like,
seal_016,794,3,i038,i038,normal,synthetic_indus_like,
seal_016,795,1,i008,i008,normal,synthetic_indus_like,
seal_016,795,2,i005,i005,normal,synthetic_indus_like,
seal_016,795,3,i055,i055,normal,synthetic_indus_like,
seal_016,796,1,i004,i004,normal,synthetic_indus_like,
seal_016,796,2,i008,i008,normal,synthetic_indus_like,
seal_016,796,3,i044,i044,normal,synthetic_indus_like,
seal_016,797,1,i007,i007,normal,synthetic_indus_like,
seal_016,797,2,i015,i015,normal,synthetic_indus_like,
seal_016,798,1,i047,i047,normal,synthetic_indus_like,
seal_016,798,2,i061,i061,normal,synthetic_indus_like,
seal_016,799,1,i009,i009,normal,synthetic_indus_like,
seal_016,799,2,i002,i002,normal,synthetic_indus_like,
seal_016,799,3,i027,i027,normal,synthetic_indus_like,
seal_016,800,1,i054,i054,normal,synthetic_indus_like,
seal_016,800,2,i123,i123,normal,synthetic_indus_like,
seal_017,801,1,i005,i005,normal,synthetic_indus_like,
seal_017,801,2,i019,i019,normal,synthetic_indus_like,
seal_017,801,3,i014,i014,normal,synthetic_indus_like,
seal_017,802,1,i001,i001,normal,synthetic_indus_like,
seal_017,802,2,i015,i015,normal,synthetic_indus_like,
seal_017,803,1,i027,i027,normal,synthetic_indus_like,
seal_017,803,2,i068,i068,normal,synthetic_indus_like,
seal_017,804,1,i009,i009,normal,synthetic_indus_like,
seal_017,804,2,i055,i055,normal,synthetic_indus_like,
seal_017,804,3,i143,i143,normal,synthetic_indus_like,
seal_017,805,1,i057,i057,normal,synthetic_indus_like,
seal_017,805,2,i074,i074,normal,synthetic_indus_like,
seal_017,806,1,i010,i010,normal,synthetic_indus_like,
seal_017,806,2,i051,i051,normal,synthetic_indus_like,
seal_017,806,3,i014,i014,normal,synthetic_indus_like,
seal_017,807,1,i040,i040,normal,synthetic_indus_like,
seal_017,807,2,i125,i125,normal,synthetic_indus_like,
seal_017,808,1,i009,i009,normal,synthetic_indus_like,
seal_017,808,2,i049,i049,normal,synthetic_indus_like,
seal_017,808,3,i123,i123,normal,synthetic_indus_like,
seal_017,809,1,i001,i001,normal,synthetic_indus_like,
seal_017,809,2,i006,i006,normal,synthetic_indus_like,
seal_017,809,3,i050,i050,normal,synthetic_indus_like,
seal_017,810,1,i005,i005,normal,synthetic_indus_like,
seal_017,810,2,i011,i011,normal,synthetic_indus_like,
seal_017,811,1,i005,i005,normal,synthetic_indus_like,
seal_017,811,2,i051,i051,normal,synthetic_indus_like,
seal_017,811,3,i017,i017,normal,synthetic_indus_like,
seal_017,812,1,i029,i029,normal,synthetic_indus_like,
seal_017,812,2,i071,i071,normal,synthetic_indus_like,
seal_017,813,1,i006,i006,normal,synthetic_indus_like,
seal_017,813,2,i006,i006,normal,synthetic_indus_like,
seal_017,813,3,i031,i031,normal,synthetic_indus_like,
seal_017,814,1,i005,i005,normal,synthetic_indus_like,
seal_017,814,2,i026,i026,normal,synthetic_indus_like,
seal_017,814,3,i013,i013,normal,synthetic_indus_like,
seal_017,815,1,i006,i006,normal,synthetic_indus_like,
seal_017,815,2,i050,i050,normal,synthetic_indus_like,
seal_017,815,3,i020,i020,normal,synthetic_indus_like,
seal_017,816,1,i033,i033,normal,synthetic_indus_like,
seal_017,816,2,i077,i077,normal,synthetic_indus_like,
seal_017,817,1,i006,i006,normal,synthetic_indus_like,
seal_017,817,2,i016,i016,normal,synthetic_indus_like,
seal_017,818,1,i006,i006,normal,synthetic_indus_like,
seal_017,818,2,i039,i039,normal,synthetic_indus_like,
seal_017,818,3,i087,i087,normal,synthetic_indus_like,
seal_017,819,1,i050,i050,normal,synthetic_indus_like,
seal_017,819,2,i094,i094,normal,synthetic_indus_like,
seal_017,820,1,i010,i010,normal,synthetic_indus_like,
seal_017,820,2,i001,i001,normal,synthetic_indus_like,
seal_017,820,3,i041,i041,normal,synthetic_indus_like,
seal_017,821,1,i022,i022,normal,synthetic_indus_like,
seal_017,821,2,i117,i117,normal,synthetic_indus_like,
seal_017,822,1,i006,i006,normal,synthetic_indus_like,
seal_017,822,2,i059,i059,normal,synthetic_indus_like,
seal_017,822,3,i016,i016,normal,synthetic_indus_like,
seal_017,823,1,i003,i003,normal,synthetic_indus_like,
seal_017,823,2,i013,i013,normal,synthetic_indus_like,
seal_017,823,3,i016,i016,normal,synthetic_indus_like,
seal_017,824,1,i001,i001,normal,synthetic_indus_like,
seal_017,824,2,i003,i003,normal,synthetic_indus_like,
seal_017,824,3,i033,i033,normal,synthetic_indus_like,
seal_017,825,1,i009,i009,normal,synthetic_indus_like,
seal_017,825,2,i017,i017,normal,synthetic_indus_like,
seal_017,825,3,i014,i014,normal,synthetic_indus_like,
seal_017,826,1,i007,i007,normal,synthetic_indus_like,
seal_017,826,2,i006,i006,normal,synthetic_indus_like,
seal_017,826,3,i039,i039,normal,synthetic_indus_like,
seal_017,827,1,i010,i010,normal,synthetic_indus_like,
seal_017,827,2,i032,i032,normal,synthetic_indus_like,
seal_017,827,3,i014,i014,normal,synthetic_indus_like,
seal_017,828,1,i002,i002,normal,synthetic_indus_like,
seal_017,828,2,i006,i006,normal,synthetic_indus_like,
seal_017,828,3,i045,i045,normal,synthetic_indus_like,
seal_017,829,1,i002,i002,normal,synthetic_indus_like,
seal_017,829,2,i017,i017,normal,synthetic_indus_like,
seal_017,829,3,i011,i011,normal,synthetic_indus_like,
seal_017,830,1,i008,i008,normal,synthetic_indus_like,
seal_017,830,2,i053,i053,normal,synthetic_indus_like,
seal_017,830,3,i108,i108,normal,synthetic_indus_like,
seal_017,831,1,i001,i001,normal,synthetic_indus_like,
seal_017,831,2,i016,i016,normal,synthetic_indus_like,
seal_017,831,3,i020,i020,normal,synthetic_indus_like,
seal_017,832,1,i005,i005,normal,synthetic_indus_like,
seal_017,832,2,i048,i048,normal,synthetic_indus_like,
seal_017,832,3,i104,i104,normal,synthetic_indus_like,
seal_017,833,1,i006,i006,normal,synthetic_indus_like,
seal_017,833,2,i007,i007,normal,synthetic_indus_like,
seal_017,833,3,i022,i022,normal,synthetic_indus_like,
seal_017,834,1,i003,i003,normal,synthetic_indus_like,
seal_017,834,2,i026,i026,normal,synthetic_indus_like,
seal_017,834,3,i019,i019,normal,synthetic_indus_like,
seal_017,835,1,i001,i001,normal,synthetic_indus_like,
seal_017,835,2,i013,i013,normal,synthetic_indus_like,
seal_017,836,1,i002,i002,normal,synthetic_indus_like,
seal_017,836,2,i004,i004,normal,synthetic_indus_like,
seal_017,836,3,i057,i057,normal,synthetic_indus_like,
seal_017,837,1,i001,i001,normal,synthetic_indus_like,
seal_017,837,2,i017,i017,normal,synthetic_indus_like,
seal_017,838,1,i004,i004,normal,synthetic_indus_like,
seal_017,838,2,i011,i011,normal,synthetic_indus_like,
seal_017,838,3,i016,i016,normal,synthetic_indus_like,
seal_017,839,1,i003,i003,normal,synthetic_indus_like,
seal_017,839,2,i018,i018,normal,synthetic_indus_like,
seal_017,840,1,i046,i046,normal,synthetic_indus_like,
seal_017,840,2,i065,i065,normal,synthetic_indus_like,
seal_017,841,1,i030,i030,normal,synthetic_indus_like,
seal_017,841,2,i140,i140,normal,synthetic_indus_like,
seal_017,842,1,i007,i007,normal,synthetic_indus_like,
seal_017,842,2,i009,i009,normal,synthetic_indus_like,
seal_017,842,3,i029,i029,normal,synthetic_indus_like,
seal_017,843,1,i005,i005,normal,synthetic_indus_like,
seal_017,843,2,i016,i016,normal,synthetic_indus_like,
seal_017,843,3,i016,i016,normal,synthetic_indus_like,
seal_017,844,1,i007,i007,normal,synthetic_indus_like,
seal_017,844,2,i015,i015,normal,synthetic_indus_like,
seal_017,844,3,i011,i011,normal,synthetic_indus_like,
seal_017,845,1,i010,i010,normal,synthetic_indus_like,
seal_017,845,2,i047,i047,normal,synthetic_indus_like,
seal_017,845,3,i017,i017,normal,synthetic_indus_like,
seal_017,846,1,i026,i026,normal,synthetic_indus_like,
seal_017,846,2,i108,i108,normal,synthetic_indus_like,
seal_017,847,1,i004,i004,normal,synthetic_indus_like,
seal_017,847,2,i006,i006,normal,synthetic_indus_like,
seal_017,847,3,i029,i029,normal,synthetic_indus_like,
seal_017,848,1,i003,i003,normal,synthetic_indus_like,
seal_017,848,2,i050,i050,normal,synthetic_indus_like,
seal_017,848,3,i019,i019,normal,synthetic_indus_like,
seal_017,849,1,i007,i007,normal,synthetic_indus_like,
seal_017,849,2,i019,i019,normal,synthetic_indus_like,
seal_017,850,1,i058,i058,normal,synthetic_indus_like,
seal_017,850,2,i075,i075,normal,synthetic_indus_like,
seal_018,851,1,i002,i002,normal,synthetic_indus_like,
seal_018,851,2,i042,i042,normal,synthetic_indus_like,
seal_018,851,3,i012,i012,normal,synthetic_indus_like,
seal_018,852,1,i005,i005,normal,synthetic_indus_like,
seal_018,852,2,i018,i018,normal,synthetic_indus_like,
seal_018,853,1,i008,i008,normal,synthetic_indus_like,
seal_018,853,2,i039,i039,normal,synthetic_indus_like,
seal_018,853,3,i013,i013,normal,synthetic_indus_like,
seal_018,854,1,i006,i006,normal,synthetic_indus_like,
seal_018,854,2,i013,i013,normal,synthetic_indus_like,
seal_018,854,3,i020,i020,normal,synthetic_indus_like,
seal_018,855,1,i005,i005,normal,synthetic_indus_like,
seal_018,855,2,i034,i034,normal,synthetic_indus_like,
seal_018,855,3,i089,i089,normal,synthetic_indus_like,
seal_018,856,1,i001,i001,normal,synthetic_indus_like,
seal_018,856,2,i046,i046,normal,synthetic_indus_like,
seal_018,856,3,i141,i141,normal,synthetic_indus_like,
seal_018,857,1,i004,i004,normal,synthetic_indus_like,
seal_018,857,2,i014,i014,normal,synthetic_indus_like,
seal_018,858,1,i010,i010,normal,synthetic_indus_like,
seal_018,858,2,i005,i005,normal,synthetic_indus_like,
seal_018,858,3,i056,i056,normal,synthetic_indus_like,
seal_018,859,1,i010,i010,normal,synthetic_indus_like,
seal_018,859,2,i058,i058,normal,synthetic_indus_like,
seal_018,859,3,i018,i018,normal,synthetic_indus_like,
seal_018,860,1,i009,i009,normal,synthetic_indus_like,
seal_018,860,2,i058,i058,normal,synthetic_indus_like,
seal_018,860,3,i014,i014,normal,synthetic_indus_like,
seal_018,861,1,i042,i042,normal,synthetic_indus_like,
seal_018,861,2,i125,i125,normal,synthetic_indus_like,
seal_018,862,1,i002,i002,normal,synthetic_indus_like,
seal_018,862,2,i017,i017,normal,synthetic_indus_like,
seal_018,863,1,i005,i005,normal,synthetic_indus_like,
seal_018,863,2,i027,i027,normal,synthetic_indus_like,
seal_018,863,3,i018,i018,normal,synthetic_indus_like,
seal_018,864,1,i009,i009,normal,synthetic_indus_like,
seal_018,864,2,i018,i018,normal,synthetic_indus_like,
seal_018,865,1,i006,i006,normal,synthetic_indus_like,
seal_018,865,2,i041,i041,normal,synthetic_indus_like,
seal_018,865,3,i118,i118,normal,synthetic_indus_like,
seal_018,866,1,i043,i043,normal,synthetic_indus_like,
seal_018,866,2,i143,i143,normal,synthetic_indus_like,
seal_018,867,1,i007,i007,normal,synthetic_indus_like,
seal_018,867,2,i006,i006,normal,synthetic_indus_like,
seal_018,867,3,i056,i056,normal,synthetic_indus_like,
seal_018,868,1,i052,i052,normal,synthetic_indus_like,
seal_018,868,2,i092,i092,normal,synthetic_indus_like,
seal_018,869,1,i003,i003,normal,synthetic_indus_like,
seal_018,869,2,i058,i058,normal,synthetic_indus_like,
seal_018,869,3,i099,i099,normal,synthetic_indus_like,
seal_018,870,1,i009,i009,normal,synthetic_indus_like,
seal_018,870,2,i015,i015,normal,synthetic_indus_like,
seal_018,870,3,i011,i011,normal,synthetic_indus_like,
seal_018,871,1,i004,i004,normal,synthetic_indus_like,
seal_018,871,2,i015,i015,normal,synthetic_indus_like,
seal_018,871,3,i015,i015,normal,synthetic_indus_like,
seal_018,872,1,i009,i009,normal,synthetic_indus_like,
seal_018,872,2,i041,i041,normal,synthetic_indus_like,
seal_018,872,3,i129,i129,normal,synthetic_indus_like,
seal_018,873,1,i004,i004,normal,synthetic_indus_like,
seal_018,873,2,i012,i012,normal,synthetic_indus_like,
seal_018,874,1,i025,i025,normal,synthetic_indus_like,
seal_018,874,2,i084,i084,normal,synthetic_indus_like,
seal_018,875,1,i010,i010,normal,synthetic_indus_like,
seal_018,875,2,i041,i041,normal,synthetic_indus_like,
seal_018,875,3,i129,i129,normal,synthetic_indus_like,
seal_018,876,1,i006,i006,normal,synthetic_indus_like,
seal_018,876,2,i057,i057,normal,synthetic_indus_like,
seal_018,876,3,i013,i013,normal,synthetic_indus_like,
seal_018,877,1,i005,i005,normal,synthetic_indus_like,
seal_018,877,2,i014,i014,normal,synthetic_indus_like,
seal_018,877,3,i014,i014,normal,synthetic_indus_like,
seal_018,878,1,i010,i010,normal,synthetic_indus_like,
seal_018,878,2,i028,i028,normal,synthetic_indus_like,
seal_018,878,3,i072,i072,normal,synthetic_indus_like,
seal_018,879,1,i059,i059,normal,synthetic_indus_like,
seal_018,879,2,i106,i106,normal,synthetic_indus_like,
seal_018,880,1,i005,i005,normal,synthetic_indus_like,
seal_018,880,2,i014,i014,normal,synthetic_indus_like,
seal_018,881,1,i003,i003,normal,synthetic_indus_like,
seal_018,881,2,i013,i013,normal,synthetic_indus_like,
seal_018,882,1,i044,i044,normal,synthetic_indus_like,
seal_018,882,2,i140,i140,normal,synthetic_indus_like,
seal_018,883,1,i006,i006,normal,synthetic_indus_like,
seal_018,883,2,i015,i015,normal,synthetic_indus_like,
seal_018,883,3,i020,i020,normal,synthetic_indus_like,
seal_018,884,1,i001,i001,normal,synthetic_indus_like,
seal_018,884,2,i030,i030,normal,synthetic_indus_like,
seal_018,884,3,i017,i017,normal,synthetic_indus_like,
seal_018,885,1,i029,i029,normal,synthetic_indus_like,
seal_018,885,2,i138,i138,normal,synthetic_indus_like,
seal_018,886,1,i004,i004,normal,synthetic_indus_like,
seal_018,886,2,i026,i026,normal,synthetic_indus_like,
seal_018,886,3,i073,i073,normal,synthetic_indus_like,
seal_018,887,1,i042,i042,normal,synthetic_indus_like,
seal_018,887,2,i120,i120,normal,synthetic_indus_like,
seal_018,888,1,i003,i003,normal,synthetic_indus_like,
seal_018,888,2,i011,i011,normal,synthetic_indus_like,
seal_018,888,3,i014,i014,normal,synthetic_indus_like,
seal_018,889,1,i034,i034,normal,synthetic_indus_like,
seal_018,889,2,i119,i119,normal,synthetic_indus_like,
seal_018,890,1,i008,i008,normal,synthetic_indus_like,
seal_018,890,2,i009,i009,normal,synthetic_indus_like,
seal_018,890,3,i050,i050,normal,synthetic_indus_like,
seal_018,891,1,i006,i006,normal,synthetic_indus_like,
seal_018,891,2,i015,i015,normal,synthetic_indus_like,
seal_018,891,3,i018,i018,normal,synthetic_indus_like,
seal_018,892,1,i009,i009,normal,synthetic_indus_like,
seal_018,892,2,i054,i054,normal,synthetic_indus_like,
seal_018,892,3,i067,i067,normal,synthetic_indus_like,
seal_018,893,1,i004,i004,normal,synthetic_indus_like,
seal_018,893,2,i054,i054,normal,synthetic_indus_like,
seal_018,893,3,i013,i013,normal,synthetic_indus_like,
seal_018,894,1,i005,i005,normal,synthetic_indus_like,
seal_018,894,2,i014,i014,normal,synthetic_indus_like,
seal_018,895,1,i001,i001,normal,synthetic_indus_like,
seal_018,895,2,i007,i007,normal,synthetic_indus_like,
seal_018,895,3,i029,i029,normal,synthetic_indus_like,
seal_018,896,1,i003,i003,normal,synthetic_indus_like,
seal_018,896,2,i038,i038,normal,synthetic_indus_like,
seal_018,896,3,i102,i102,normal,synthetic_indus_like,
seal_018,897,1,i005,i005,normal,synthetic_indus_like,
seal_018,897,2,i054,i054,normal,synthetic_indus_like,
seal_018,897,3,i012,i012,normal,synthetic_indus_like,
seal_018,898,1,i031,i031,normal,synthetic_indus_like,
seal_018,898,2,i149,i149,normal,synthetic_indus_like,
seal_018,899,1,i004,i004,normal,synthetic_indus_like,
seal_018,899,2,i052,i052,normal,synthetic_indus_like,
seal_018,899,3,i017,i017,normal,synthetic_indus_like,
seal_018,900,1,i009,i009,normal,synthetic_indus_like,
seal_018,900,2,i059,i059,normal,synthetic_indus_like,
seal_018,900,3,i133,i133,normal,synthetic_indus_like,
seal_019,901,1,i057,i057,normal,synthetic_indus_like,
seal_019,901,2,i073,i073,normal,synthetic_indus_like,
seal_019,902,1,i048,i048,normal,synthetic_indus_like,
seal_019,902,2,i146,i146,normal,synthetic_indus_like,
seal_019,903,1,i005,i005,normal,synthetic_indus_like,
seal_019,903,2,i006,i006,normal,synthetic_indus_like,
seal_019,903,3,i043,i043,normal,synthetic_indus_like,
seal_019,904,1,i005,i005,normal,synthetic_indus_like,
seal_019,904,2,i012,i012,normal,synthetic_indus_like,
seal_019,905,1,i045,i045,normal,synthetic_indus_like,
seal_019,905,2,i086,i086,normal,synthetic_indus_like,
seal_019,906,1,i001,i001,normal,synthetic_indus_like,
seal_019,906,2,i028,i028,normal,synthetic_indus_like,
seal_019,906,3,i014,i014,normal,synthetic_indus_like,
seal_019,907,1,i055,i055,normal,synthetic_indus_like,
seal_019,907,2,i106,i106,normal,synthetic_indus_like,
seal_019,908,1,i004,i004,normal,synthetic_indus_like,
seal_019,908,2,i049,i049,normal,synthetic_indus_like,
seal_019,908,3,i011,i011,normal,synthetic_indus_like,
seal_019,909,1,i010,i010,normal,synthetic_indus_like,
seal_019,909,2,i017,i017,normal,synthetic_indus_like,
seal_019,910,1,i003,i003,normal,synthetic_indus_like,
seal_019,910,2,i016,i016,normal,synthetic_indus_like,
seal_019,911,1,i006,i006,normal,synthetic_indus_like,
seal_019,911,2,i012,i012,normal,synthetic_indus_like,
seal_019,911,3,i020,i020,normal,synthetic_indus_like,
seal_019,912,1,i052,i052,normal,synthetic_indus_like,
seal_019,912,2,i136,i136,normal,synthetic_indus_like,
seal_019,913,1,i057,i057,normal,synthetic_indus_like,
seal_019,913,2,i093,i093,normal,synthetic_indus_like,
seal_019,914,1,i009,i009,normal,synthetic_indus_like,
seal_019,914,2,i040,i040,normal,synthetic_indus_like,
seal_019,914,3,i016,i016,normal,synthetic_indus_like,
seal_019,915,1,i002,i002,normal,synthetic_indus_like,
seal_019,915,2,i060,i060,normal,synthetic_indus_like,
seal_019,915,3,i012,i012,normal,synthetic_indus_like,
seal_019,916,1,i007,i007,normal,synthetic_indus_like,
seal_019,916,2,i057,i057,normal,synthetic_indus_like,
seal_019,916,3,i017,i017,normal,synthetic_indus_like,
seal_019,917,1,i003,i003,normal,synthetic_indus_like,
seal_019,917,2,i037,i037,normal,synthetic_indus_like,
seal_019,917,3,i017,i017,normal,synthetic_indus_like,
seal_019,918,1,i001,i001,normal,synthetic_indus_like,
seal_019,918,2,i009,i009,normal,synthetic_indus_like,
seal_019,918,3,i021,i021,normal,synthetic_indus_like,
seal_019,919,1,i009,i009,normal,synthetic_indus_like,
seal_019,919,2,i004,i004,normal,synthetic_indus_like,
seal_019,919,3,i043,i043,normal,synthetic_indus_like,
seal_019,920,1,i001,i001,normal,synthetic_indus_like,
seal_019,920,2,i009,i009,normal,synthetic_indus_like,
seal_019,920,3,i028,i028,normal,synthetic_indus_like,
seal_019,921,1,i002,i002,normal,synthetic_indus_like,
seal_019,921,2,i019,i019,normal,synthetic_indus_like,
seal_019,921,3,i012,i012,normal,synthetic_indus_like,
seal_019,922,1,i009,i009,normal,synthetic_indus_like,
seal_019,922,2,i012,i012,normal,synthetic_indus_like,
seal_019,922,3,i016,i016,normal,synthetic_indus_like,
seal_019,923,1,i009,i009,normal,synthetic_indus_like,
seal_019,923,2,i033,i033,normal,synthetic_indus_like,
seal_019,923,3,i015,i015,normal,synthetic_indus_like,
seal_019,924,1,i004,i004,normal,synthetic_indus_like,
seal_019,924,2,i026,i026,normal,synthetic_indus_like,
seal_019,924,3,i100,i100,normal,synthetic_indus_like,
seal_019,925,1,i001,i001,normal,synthetic_indus_like,
seal_019,925,2,i048,i048,normal,synthetic_indus_like,
seal_019,925,3,i126,i126,normal,synthetic_indus_like,
seal_019,926,1,i006,i006,normal,synthetic_indus_like,
seal_019,926,2,i023,i023,normal,synthetic_indus_like,
seal_019,926,3,i014,i014,normal,synthetic_indus_like,
seal_019,927,1,i005,i005,normal,synthetic_indus_like,
seal_019,927,2,i001,i001,normal,synthetic_indus_like,
seal_019,927,3,i036,i036,normal,synthetic_indus_like,
seal_019,928,1,i007,i007,normal,synthetic_indus_like,
seal_019,928,2,i038,i038,normal,synthetic_indus_like,
seal_019,928,3,i085,i085,normal,synthetic_indus_like,
seal_019,929,1,i008,i008,normal,synthetic_indus_like,
seal_019,929,2,i003,i003,normal,synthetic_indus_like,
seal_019,929,3,i035,i035,normal,synthetic_indus_like,
seal_019,930,1,i009,i009,normal,synthetic_indus_like,
seal_019,930,2,i005,i005,normal,synthetic_indus_like,
seal_019,930,3,i039,i039,normal,synthetic_indus_like,
seal_019,931,1,i007,i007,normal,synthetic_indus_like,
seal_019,931,2,i013,i013,normal,synthetic_indus_like,
seal_019,931,3,i012,i012,normal,synthetic_indus_like,
seal_019,932,1,i001,i001,normal,synthetic_indus_like,
seal_019,932,2,i020,i020,normal,synthetic_indus_like,
seal_019,932,3,i011,i011,normal,synthetic_indus_like,
seal_019,933,1,i007,i007,normal,synthetic_indus_like,
seal_019,933,2,i003,i003,normal,synthetic_indus_like,
seal_019,933,3,i039,i039,normal,synthetic_indus_like,
seal_019,934,1,i001,i001,normal,synthetic_indus_like,
seal_019,934,2,i020,i020,normal,synthetic_indus_like,
seal_019,935,1,i002,i002,normal,synthetic_indus_like,
seal_019,935,2,i014,i014,normal,synthetic_indus_like,
seal_019,936,1,i057,i057,normal,synthetic_indus_like,
seal_019,936,2,i143,i143,normal,synthetic_indus_like,
seal_019,937,1,i003,i003,normal,synthetic_indus_like,
seal_019,937,2,i015,i015,normal,synthetic_indus_like,
seal_019,937,3,i013,i013,normal,synthetic_indus_like,
seal_019,938,1,i003,i003,normal,synthetic_indus_like,
seal_019,938,2,i016,i016,normal,synthetic_indus_like,
seal_019,938,3,i014,i014,normal,synthetic_indus_like,
seal_019,939,1,i004,i004,normal,synthetic_indus_like,
seal_019,939,2,i014,i014,normal,synthetic_indus_like,
seal_019,939,3,i014,i014,normal,synthetic_indus_like,
seal_019,940,1,i005,i005,normal,synthetic_indus_like,
seal_019,940,2,i004,i004,normal,synthetic_indus_like,
seal_019,940,3,i046,i046,normal,synthetic_indus_like,
seal_019,941,1,i010,i010,normal,synthetic_indus_like,
seal_019,941,2,i013,i013,normal,synthetic_indus_like,
seal_019,942,1,i007,i007,normal,synthetic_indus_like,
seal_019,942,2,i057,i057,normal,synthetic_indus_like,
seal_019,942,3,i014,i014,normal,synthetic_indus_like,
seal_019,943,1,i005,i005,normal,synthetic_indus_like,
seal_019,943,2,i025,i025,normal,synthetic_indus_like,
seal_019,943,3,i107,i107,normal,synthetic_indus_like,
seal_019,944,1,i003,i003,normal,synthetic_indus_like,
seal_019,944,2,i005,i005,normal,synthetic_indus_like,
seal_019,944,3,i040,i040,normal,synthetic_indus_like,
seal_019,945,1,i009,i009,normal,synthetic_indus_like,
seal_019,945,2,i056,i056,normal,synthetic_indus_like,
seal_019,945,3,i018,i018,normal,synthetic_indus_like,
seal_019,946,1,i010,i010,normal,synthetic_indus_like,
seal_019,946,2,i010,i010,normal,synthetic_indus_like,
seal_019,946,3,i032,i032,normal,synthetic_indus_like,
seal_019,947,1,i003,i003,normal,synthetic_indus_like,
seal_019,947,2,i002,i002,normal,synthetic_indus_like,
seal_019,947,3,i033,i033,normal,synthetic_indus_like,
seal_019,948,1,i022,i022,normal,synthetic_indus_like,
seal_019,948,2,i123,i123,normal,synthetic_indus_like,
seal_019,949,1,i010,i010,normal,synthetic_indus_like,
seal_019,949,2,i011,i011,normal,synthetic_indus_like,
seal_019,949,3,i020,i020,normal,synthetic_indus_like,
seal_019,950,1,i053,i053,normal,synthetic_indus_like,
seal_019,950,2,i115,i115,normal,synthetic_indus_like,
seal_020,951,1,i002,i002,normal,synthetic_indus_like,
seal_020,951,2,i032,i032,normal,synthetic_indus_like,
seal_020,951,3,i108,i108,normal,synthetic_indus_like,
seal_020,952,1,i002,i002,normal,synthetic_indus_like,
seal_020,952,2,i011,i011,normal,synthetic_indus_like,
seal_020,953,1,i004,i004,normal,synthetic_indus_like,
seal_020,953,2,i014,i014,normal,synthetic_indus_like,
seal_020,953,3,i011,i011,normal,synthetic_indus_like,
seal_020,954,1,i003,i003,normal,synthetic_indus_like,
seal_020,954,2,i008,i008,normal,synthetic_indus_like,
seal_020,954,3,i039,i039,normal,synthetic_indus_like,
seal_020,955,1,i007,i007,normal,synthetic_indus_like,
seal_020,955,2,i019,i019,normal,synthetic_indus_like,
seal_020,956,1,i008,i008,normal,synthetic_indus_like,
seal_020,956,2,i016,i016,normal,synthetic_indus_like,
seal_020,957,1,i026,i026,normal,synthetic_indus_like,
seal_020,957,2,i101,i101,normal,synthetic_indus_like,
seal_020,958,1,i055,i055,normal,synthetic_indus_like,
seal_020,958,2,i085,i085,normal,synthetic_indus_like,
seal_020,959,1,i001,i001,normal,synthetic_indus_like,
seal_020,959,2,i013,i013,normal,synthetic_indus_like,
seal_020,959,3,i016,i016,normal,synthetic_indus_like,
seal_020,960,1,i003,i003,normal,synthetic_indus_like,
seal_020,960,2,i004,i004,normal,synthetic_indus_like,
seal_020,960,3,i027,i027,normal,synthetic_indus_like,
seal_020,961,1,i059,i059,normal,synthetic_indus_like,
seal_020,961,2,i124,i124,normal,synthetic_indus_like,
seal_020,962,1,i007,i007,normal,synthetic_indus_like,
seal_020,962,2,i018,i018,normal,synthetic_indus_like,
seal_020,962,3,i011,i011,normal,synthetic_indus_like,
seal_020,963,1,i003,i003,normal,synthetic_indus_like,
seal_020,963,2,i016,i016,normal,synthetic_indus_like,
seal_020,963,3,i020,i020,normal,synthetic_indus_like,
seal_020,964,1,i010,i010,normal,synthetic_indus_like,
seal_020,964,2,i014,i014,normal,synthetic_indus_like,
seal_020,965,1,i007,i007,normal,synthetic_indus_like,
seal_020,965,2,i030,i030,normal,synthetic_indus_like,
seal_020,965,3,i140,i140,normal,synthetic_indus_like,
seal_020,966,1,i045,i045,normal,synthetic_indus_like,
seal_020,966,2,i085,i085,normal,synthetic_indus_like,
seal_020,967,1,i041,i041,normal,synthetic_indus_like,
seal_020,967,2,i123,i123,normal,synthetic_indus_like,
seal_020,968,1,i001,i001,normal,synthetic_indus_like,
seal_020,968,2,i011,i011,normal,synthetic_indus_like,
seal_020,969,1,i008,i008,normal,synthetic_indus_like,
seal_020,969,2,i003,i003,normal,synthetic_indus_like,
seal_020,969,3,i049,i049,normal,synthetic_indus_like,
seal_020,970,1,i003,i003,normal,synthetic_indus_like,
seal_020,970,2,i016,i016,normal,synthetic_indus_like,
seal_020,971,1,i007,i007,normal,synthetic_indus_like,
seal_020,971,2,i056,i056,normal,synthetic_indus_like,
seal_020,971,3,i011,i011,normal,synthetic_indus_like,
seal_020,972,1,i027,i027,normal,synthetic_indus_like,
seal_020,972,2,i127,i127,normal,synthetic_indus_like,
seal_020,973,1,i047,i047,normal,synthetic_indus_like,
seal_020,973,2,i143,i143,normal,synthetic_indus_like,
seal_020,974,1,i035,i035,normal,synthetic_indus_like,
seal_020,974,2,i122,i122,normal,synthetic_indus_like,
seal_020,975,1,i009,i009,normal,synthetic_indus_like,
seal_020,975,2,i005,i005,normal,synthetic_indus_like,
seal_020,975,3,i052,i052,normal,synthetic_indus_like,
seal_020,976,1,i044,i044,normal,synthetic_indus_like,
seal_020,976,2,i126,i126,normal,synthetic_indus_like,
seal_020,977,1,i009,i009,normal,synthetic_indus_like,
seal_020,977,2,i044,i044,normal,synthetic_indus_like,
seal_020,977,3,i019,i019,normal,synthetic_indus_like,
seal_020,978,1,i028,i028,normal,synthetic_indus_like,
seal_020,978,2,i066,i066,normal,synthetic_indus_like,
seal_020,979,1,i004,i004,normal,synthetic_indus_like,
seal_020,979,2,i018,i018,normal,synthetic_indus_like,
seal_020,980,1,i007,i007,normal,synthetic_indus_like,
seal_020,980,2,i041,i041,normal,synthetic_indus_like,
seal_020,980,3,i018,i018,normal,synthetic_indus_like,
seal_020,981,1,i004,i004,normal,synthetic_indus_like,
seal_020,981,2,i017,i017,normal,synthetic_indus_like,
seal_020,982,1,i007,i007,normal,synthetic_indus_like,
seal_020,982,2,i001,i001,normal,synthetic_indus_like,
seal_020,982,3,i040,i040,normal,synthetic_indus_like,
seal_020,983,1,i001,i001,normal,synthetic_indus_like,
seal_020,983,2,i028,i028,normal,synthetic_indus_like,
seal_020,983,3,i012,i012,normal,synthetic_indus_like,
seal_020,984,1,i001,i001,normal,synthetic_indus_like,
seal_020,984,2,i008,i008,normal,synthetic_indus_like,
seal_020,984,3,i048,i048,normal,synthetic_indus_like,
seal_020,985,1,i021,i021,normal,synthetic_indus_like,
seal_020,985,2,i144,i144,normal,synthetic_indus_like,
seal_020,986,1,i008,i008,normal,synthetic_indus_like,
seal_020,986,2,i008,i008,normal,synthetic_indus_like,
seal_020,986,3,i055,i055,normal,synthetic_indus_like,
seal_020,987,1,i008,i008,normal,synthetic_indus_like,
seal_020,987,2,i006,i006,normal,synthetic_indus_like,
seal_020,987,3,i039,i039,normal,synthetic_indus_like,
seal_020,988,1,i008,i008,normal,synthetic_indus_like,
seal_020,988,2,i009,i009,normal,synthetic_indus_like,
seal_020,988,3,i031,i031,normal,synthetic_indus_like,
seal_020,989,1,i003,i003,normal,synthetic_indus_like,
seal_020,989,2,i014,i014,normal,synthetic_indus_like,
seal_020,990,1,i002,i002,normal,synthetic_indus_like,
seal_020,990,2,i014,i014,normal,synthetic_indus_like,
seal_020,991,1,i001,i001,normal,synthetic_indus_like,
seal_020,991,2,i009,i009,normal,synthetic_indus_like,
seal_020,991,3,i027,i027,normal,synthetic_indus_like,
seal_020,992,1,i001,i001,normal,synthetic_indus_like,
seal_020,992,2,i022,i022,normal,synthetic_indus_like,
seal_020,992,3,i011,i011,normal,synthetic_indus_like,
seal_020,993,1,i010,i010,normal,synthetic_indus_like,
seal_020,993,2,i020,i020,normal,synthetic_indus_like,
seal_020,993,3,i018,i018,normal,synthetic_indus_like,
seal_020,994,1,i007,i007,normal,synthetic_indus_like,
seal_020,994,2,i020,i020,normal,synthetic_indus_like,
seal_020,994,3,i020,i020,normal,synthetic_indus_like,
seal_020,995,1,i036,i036,normal,synthetic_indus_like,
seal_020,995,2,i141,i141,normal,synthetic_indus_like,
seal_020,996,1,i003,i003,normal,synthetic_indus_like,
seal_020,996,2,i020,i020,normal,synthetic_indus_like,
seal_020,996,3,i011,i011,normal,synthetic_indus_like,
seal_020,997,1,i008,i008,normal,synthetic_indus_like,
seal_020,997,2,i039,i039,normal,synthetic_indus_like,
seal_020,997,3,i081,i081,normal,synthetic_indus_like,
seal_020,998,1,i003,i003,normal,synthetic_indus_like,
seal_020,998,2,i002,i002,normal,synthetic_indus_like,
seal_020,998,3,i033,i033,normal,synthetic_indus_like,
seal_020,999,1,i008,i008,normal,synthetic_indus_like,
seal_020,999,2,i016,i016,normal,synthetic_indus_like,
seal_020,1000,1,i047,i047,normal,synthetic_indus_like,
seal_020,1000,2,i121,i121,normal,synthetic_indus_like,
seal_021,1001,1,i003,i003,normal,synthetic_indus_like,
seal_021,1001,2,i033,i033,normal,synthetic_indus_like,
seal_021,1001,3,i118,i118,normal,synthetic_indus_like,
seal_021,1002,1,i028,i028,normal,synthetic_indus_like,
seal_021,1002,2,i132,i132,normal,synthetic_indus_like,
seal_021,1003,1,i004,i004,normal,synthetic_indus_like,
seal_021,1003,2,i014,i014,normal,synthetic_indus_like,
seal_021,1004,1,i003,i003,normal,synthetic_indus_like,
seal_021,1004,2,i053,i053,normal,synthetic_indus_like,
seal_021,1004,3,i079,i079,normal,synthetic_indus_like,
seal_021,1005,1,i001,i001,normal,synthetic_indus_like,
seal_021,1005,2,i014,i014,normal,synthetic_indus_like,
seal_021,1006,1,i006,i006,normal,synthetic_indus_like,
seal_021,1006,2,i046,i046,normal,synthetic_indus_like,
seal_021,1006,3,i018,i018,normal,synthetic_indus_like,
seal_021,1007,1,i007,i007,normal,synthetic_indus_like,
seal_021,1007,2,i038,i038,normal,synthetic_indus_like,
seal_021,1007,3,i120,i120,normal,synthetic_indus_like,
seal_021,1008,1,i010,i010,normal,synthetic_indus_like,
seal_021,1008,2,i041,i041,normal,synthetic_indus_like,
seal_021,1008,3,i015,i015,normal,synthetic_indus_like,
seal_021,1009,1,i009,i009,normal,synthetic_indus_like,
seal_021,1009,2,i010,i010,normal,synthetic_indus_like,
seal_021,1009,3,i025,i025,normal,synthetic_indus_like,
seal_021,1010,1,i005,i005,normal,synthetic_indus_like,
seal_021,1010,2,i004,i004,normal,synthetic_indus_like,
seal_021,1010,3,i042,i042,normal,synthetic_indus_like,
seal_021,1011,1,i002,i002,normal,synthetic_indus_like,
seal_021,1011,2,i039,i039,normal,synthetic_indus_like,
seal_021,1011,3,i142,i142,normal,synthetic_indus_like,
seal_021,1012,1,i051,i051,normal,synthetic_indus_like,
seal_021,1012,2,i095,i095,normal,synthetic_indus_like,
seal_021,1013,1,i007,i007,normal,synthetic_indus_like,
seal_021,1013,2,i001,i001,normal,synthetic_indus_like,
seal_021,1013,3,i025,i025,normal,synthetic_indus_like,
seal_021,1014,1,i005,i005,normal,synthetic_indus_like,
seal_021,1014,2,i024,i024,normal,synthetic_indus_like,
seal_021,1014,3,i017,i017,normal,synthetic_indus_like,
seal_021,1015,1,i010,i010,normal,synthetic_indus_like,
seal_021,1015,2,i024,i024,normal,synthetic_indus_like,
seal_021,1015,3,i062,i062,normal,synthetic_indus_like,
seal_021,1016,1,i006,i006,normal,synthetic_indus_like,
seal_021,1016,2,i036,i036,normal,synthetic_indus_like,
seal_021,1016,3,i080,i080,normal,synthetic_indus_like,
seal_021,1017,1,i007,i007,normal,synthetic_indus_like,
seal_021,1017,2,i004,i004,normal,synthetic_indus_like,
seal_021,1017,3,i055,i055,normal,synthetic_indus_like,
seal_021,1018,1,i005,i005,normal,synthetic_indus_like,
seal_021,1018,2,i012,i012,normal,synthetic_indus_like,
seal_021,1018,3,i011,i011,normal,synthetic_indus_like,
seal_021,1019,1,i005,i005,normal,synthetic_indus_like,
seal_021,1019,2,i014,i014,normal,synthetic_indus_like,
seal_021,1020,1,i010,i010,normal,synthetic_indus_like,
seal_021,1020,2,i034,i034,normal,synthetic_indus_like,
seal_021,1020,3,i108,i108,normal,synthetic_indus_like,
seal_021,1021,1,i008,i008,normal,synthetic_indus_like,
seal_021,1021,2,i011,i011,normal,synthetic_indus_like,
seal_021,1022,1,i006,i006,normal,synthetic_indus_like,
seal_021,1022,2,i017,i017,normal,synthetic_indus_like,
seal_021,1022,3,i011,i011,normal,synthetic_indus_like,
seal_021,1023,1,i003,i003,normal,synthetic_indus_like,
seal_021,1023,2,i014,i014,normal,synthetic_indus_like,
seal_021,1023,3,i020,i020,normal,synthetic_indus_like,
seal_021,1024,1,i060,i060,normal,synthetic_indus_like,
seal_021,1024,2,i150,i150,normal,synthetic_indus_like,
seal_021,1025,1,i040,i040,normal,synthetic_indus_like,
seal_021,1025,2,i082,i082,normal,synthetic_indus_like,
seal_021,1026,1,i005,i005,normal,synthetic_indus_like,
seal_021,1026,2,i032,i032,normal,synthetic_indus_like,
seal_021,1026,3,i129,i129,normal,synthetic_indus_like,
seal_021,1027,1,i009,i009,normal,synthetic_indus_like,
seal_021,1027,2,i003,i003,normal,synthetic_indus_like,
seal_021,1027,3,i036,i036,normal,synthetic_indus_like,
seal_021,1028,1,i003,i003,normal,synthetic_indus_like,
seal_021,1028,2,i003,i003,normal,synthetic_indus_like,
seal_021,1028,3,i036,i036,normal,synthetic_indus_like,
seal_021,1029,1,i009,i009,normal,synthetic_indus_like,
seal_021,1029,2,i018,i018,normal,synthetic_indus_like,
seal_021,1030,1,i054,i054,normal,synthetic_indus_like,
seal_021,1030,2,i113,i113,normal,synthetic_indus_like,
seal_021,1031,1,i001,i001,normal,synthetic_indus_like,
seal_021,1031,2,i016,i016,normal,synthetic_indus_like,
seal_021,1031,3,i018,i018,normal,synthetic_indus_like,
seal_021,1032,1,i008,i008,normal,synthetic_indus_like,
seal_021,1032,2,i015,i015,normal,synthetic_indus_like,
seal_021,1032,3,i018,i018,normal,synthetic_indus_like,
seal_021,1033,1,i039,i039,normal,synthetic_indus_like,
seal_021,1033,2,i108,i108,normal,synthetic_indus_like,
seal_021,1034,1,i043,i043,normal,synthetic_indus_like,
seal_021,1034,2,i103,i103,normal,synthetic_indus_like,
seal_021,1035,1,i022,i022,normal,synthetic_indus_like,
seal_021,1035,2,i118,i118,normal,synthetic_indus_like,
seal_021,1036,1,i007,i007,normal,synthetic_indus_like,
seal_021,1036,2,i016,i016,normal,synthetic_indus_like,
seal_021,1037,1,i003,i003,normal,synthetic_indus_like,
seal_021,1037,2,i004,i004,normal,synthetic_indus_like,
seal_021,1037,3,i026,i026,normal,synthetic_indus_like,
seal_021,1038,1,i007,i007,normal,synthetic_indus_like,
seal_021,1038,2,i057,i057,normal,synthetic_indus_like,
seal_021,1038,3,i014,i014,normal,synthetic_indus_like,
seal_021,1039,1,i009,i009,normal,synthetic_indus_like,
seal_021,1039,2,i016,i016,normal,synthetic_indus_like,
seal_021,1040,1,i004,i004,normal,synthetic_indus_like,
seal_021,1040,2,i011,i011,normal,synthetic_indus_like,
seal_021,1040,3,i017,i017,normal,synthetic_indus_like,
seal_021,1041,1,i030,i030,normal,synthetic_indus_like,
seal_021,1041,2,i132,i132,normal,synthetic_indus_like,
seal_021,1042,1,i003,i003,normal,synthetic_indus_like,
seal_021,1042,2,i020,i020,normal,synthetic_indus_like,
seal_021,1042,3,i018,i018,normal,synthetic_indus_like,
seal_021,1043,1,i001,i001,normal,synthetic_indus_like,
seal_021,1043,2,i006,i006,normal,synthetic_indus_like,
seal_021,1043,3,i044,i044,normal,synthetic_indus_like,
seal_021,1044,1,i002,i002,normal,synthetic_indus_like,
seal_021,1044,2,i026,i026,normal,synthetic_indus_like,
seal_021,1044,3,i071,i071,normal,synthetic_indus_like,
seal_021,1045,1,i007,i007,normal,synthetic_indus_like,
seal_021,1045,2,i052,i052,normal,synthetic_indus_like,
seal_021,1045,3,i012,i012,normal,synthetic_indus_like,
seal_021,1046,1,i003,i003,normal,synthetic_indus_like,
seal_021,1046,2,i046,i046,normal,synthetic_indus_like,
seal_021,1046,3,i123,i123,normal,synthetic_indus_like,
seal_021,1047,1,i002,i002,normal,synthetic_indus_like,
seal_021,1047,2,i010,i010,normal,synthetic_indus_like,
seal_021,1047,3,i039,i039,normal,synthetic_indus_like,
seal_021,1048,1,i006,i006,normal,synthetic_indus_like,
seal_021,1048,2,i003,i003,normal,synthetic_indus_like,
seal_021,1048,3,i051,i051,normal,synthetic_indus_like,
seal_021,1049,1,i024,i024,normal,synthetic_indus_like,
seal_021,1049,2,i136,i136,normal,synthetic_indus_like,
seal_021,1050,1,i008,i008,normal,synthetic_indus_like,
seal_021,1050,2,i007,i007,normal,synthetic_indus_like,
seal_021,1050,3,i047,i047,normal,synthetic_indus_like,
seal_022,1051,1,i003,i003,normal,synthetic_indus_like,
seal_022,1051,2,i016,i016,normal,synthetic_indus_like,
seal_022,1052,1,i003,i003,normal,synthetic_indus_like,
seal_022,1052,2,i023,i023,normal,synthetic_indus_like,
seal_022,1052,3,i078,i078,normal,synthetic_indus_like,
seal_022,1053,1,i006,i006,normal,synthetic_indus_like,
seal_022,1053,2,i042,i042,normal,synthetic_indus_like,
seal_022,1053,3,i061,i061,normal,synthetic_indus_like,
seal_022,1054,1,i001,i001,normal,synthetic_indus_like,
seal_022,1054,2,i018,i018,normal,synthetic_indus_like,
seal_022,1055,1,i002,i002,normal,synthetic_indus_like,
seal_022,1055,2,i051,i051,normal,synthetic_indus_like,
seal_022,1055,3,i114,i114,normal,synthetic_indus_like,
seal_022,1056,1,i004,i004,normal,synthetic_indus_like,
seal_022,1056,2,i008,i008,normal,synthetic_indus_like,
seal_022,1056,3,i037,i037,normal,synthetic_indus_like,
seal_022,1057,1,i009,i009,normal,synthetic_indus_like,
seal_022,1057,2,i047,i047,normal,synthetic_indus_like,
seal_022,1057,3,i063,i063,normal,synthetic_indus_like,
seal_022,1058,1,i004,i004,normal,synthetic_indus_like,
seal_022,1058,2,i011,i011,normal,synthetic_indus_like,
seal_022,1059,1,i007,i007,normal,synthetic_indus_like,
seal_022,1059,2,i014,i014,normal,synthetic_indus_like,
seal_022,1060,1,i005,i005,normal,synthetic_indus_like,
seal_022,1060,2,i005,i005,normal,synthetic_indus_like,
seal_022,1060,3,i055,i055,normal,synthetic_indus_like,
seal_022,1061,1,i002,i002,normal,synthetic_indus_like,
seal_022,1061,2,i009,i009,normal,synthetic_indus_like,
seal_022,1061,3,i055,i055,normal,synthetic_indus_like,
seal_022,1062,1,i003,i003,normal,synthetic_indus_like,
seal_022,1062,2,i013,i013,normal,synthetic_indus_like,
seal_022,1062,3,i016,i016,normal,synthetic_indus_like,
seal_022,1063,1,i002,i002,normal,synthetic_indus_like,
seal_022,1063,2,i014,i014,normal,synthetic_indus_like,
seal_022,1064,1,i001,i001,normal,synthetic_indus_like,
seal_022,1064,2,i016,i016,normal,synthetic_indus_like,
seal_022,1065,1,i002,i002,normal,synthetic_indus_like,
seal_022,1065,2,i058,i058,normal,synthetic_indus_like,
seal_022,1065,3,i078,i078,normal,synthetic_indus_like,
seal_022,1066,1,i005,i005,normal,synthetic_indus_like,
seal_022,1066,2,i013,i013,normal,synthetic_indus_like,
seal_022,1067,1,i025,i025,normal,synthetic_indus_like,
seal_022,1067,2,i128,i128,normal,synthetic_indus_like,
seal_022,1068,1,i005,i005,normal,synthetic_indus_like,
seal_022,1068,2,i042,i042,normal,synthetic_indus_like,
seal_022,1068,3,i101,i101,normal,synthetic_indus_like,
seal_022,1069,1,i004,i004,normal,synthetic_indus_like,
seal_022,1069,2,i058,i058,normal,synthetic_indus_like,
seal_022,1069,3,i012,i012,normal,synthetic_indus_like,
seal_022,1070,1,i003,i003,normal,synthetic_indus_like,
seal_022,1070,2,i012,i012,normal,synthetic_indus_like,
seal_022,1070,3,i012,i012,normal,synthetic_indus_like,
seal_022,1071,1,i010,i010,normal,synthetic_indus_like,
seal_022,1071,2,i012,i012,normal,synthetic_indus_like,
seal_022,1072,1,i001,i001,normal,synthetic_indus_like,
seal_022,1072,2,i051,i051,normal,synthetic_indus_like,
seal_022,1072,3,i014,i014,normal,synthetic_indus_like,
seal_022,1073,1,i007,i007,normal,synthetic_indus_like,
seal_022,1073,2,i058,i058,normal,synthetic_indus_like,
seal_022,1073,3,i097,i097,normal,synthetic_indus_like,
seal_022,1074,1,i010,i010,normal,synthetic_indus_like,
seal_022,1074,2,i012,i012,normal,synthetic_indus_like,
seal_022,1075,1,i001,i001,normal,synthetic_indus_like,
seal_022,1075,2,i014,i014,normal,synthetic_indus_like,
seal_022,1076,1,i003,i003,normal,synthetic_indus_like,
seal_022,1076,2,i012,i012,normal,synthetic_indus_like,
seal_022,1076,3,i016,i016,normal,synthetic_indus_like,
seal_022,1077,1,i007,i007,normal,synthetic_indus_like,
seal_022,1077,2,i006,i006,normal,synthetic_indus_like,
seal_022,1077,3,i033,i033,normal,synthetic_indus_like,
seal_022,1078,1,i005,i005,normal,synthetic_indus_like,
seal_022,1078,2,i032,i032,normal,synthetic_indus_like,
seal_022,1078,3,i115,i115,normal,synthetic_indus_like,
seal_022,1079,1,i006,i006,normal,synthetic_indus_like,
seal_022,1079,2,i005,i005,normal,synthetic_indus_like,
seal_022,1079,3,i035,i035,normal,synthetic_indus_like,
seal_022,1080,1,i002,i002,normal,synthetic_indus_like,
seal_022,1080,2,i015,i015,normal,synthetic_indus_like,
seal_022,1081,1,i009,i009,normal,synthetic_indus_like,
seal_022,1081,2,i013,i013,normal,synthetic_indus_like,
seal_022,1082,1,i002,i002,normal,synthetic_indus_like,
seal_022,1082,2,i015,i015,normal,synthetic_indus_like,
seal_022,1083,1,i059,i059,normal,synthetic_indus_like,
seal_022,1083,2,i133,i133,normal,synthetic_indus_like,
seal_022,1084,1,i008,i008,normal,synthetic_indus_like,
seal_022,1084,2,i004,i004,normal,synthetic_indus_like,
seal_022,1084,3,i055,i055,normal,synthetic_indus_like,
seal_022,1085,1,i007,i007,normal,synthetic_indus_like,
seal_022,1085,2,i023,i023,normal,synthetic_indus_like,
seal_022,1085,3,i014,i014,normal,synthetic_indus_like,
seal_022,1086,1,i004,i004,normal,synthetic_indus_like,
seal_022,1086,2,i060,i060,normal,synthetic_indus_like,
seal_022,1086,3,i076,i076,normal,synthetic_indus_like,
seal_022,1087,1,i007,i007,normal,synthetic_indus_like,
seal_022,1087,2,i042,i042,normal,synthetic_indus_like,
seal_022,1087,3,i073,i073,normal,synthetic_indus_like,
seal_022,1088,1,i001,i001,normal,synthetic_indus_like,
seal_022,1088,2,i007,i007,normal,synthetic_indus_like,
seal_022,1088,3,i043,i043,normal,synthetic_indus_like,
seal_022,1089,1,i003,i003,normal,synthetic_indus_like,
seal_022,1089,2,i035,i035,normal,synthetic_indus_like,
seal_022,1089,3,i011,i011,normal,synthetic_indus_like,
seal_022,1090,1,i004,i004,normal,synthetic_indus_like,
seal_022,1090,2,i044,i044,normal,synthetic_indus_like,
seal_022,1090,3,i015,i015,normal,synthetic_indus_like,
seal_022,1091,1,i009,i009,normal,synthetic_indus_like,
seal_022,1091,2,i056,i056,normal,synthetic_indus_like,
seal_022,1091,3,i147,i147,normal,synthetic_indus_like,
seal_022,1092,1,i010,i010,normal,synthetic_indus_like,
seal_022,1092,2,i009,i009,normal,synthetic_indus_like,
seal_022,1092,3,i057,i057,normal,synthetic_indus_like,
seal_022,1093,1,i001,i001,normal,synthetic_indus_like,
seal_022,1093,2,i035,i035,normal,synthetic_indus_like,
seal_022,1093,3,i150,i150,normal,synthetic_indus_like,
seal_022,1094,1,i003,i003,normal,synthetic_indus_like,
seal_022,1094,2,i001,i001,normal,synthetic_indus_like,
seal_022,1094,3,i054,i054,normal,synthetic_indus_like,
seal_022,1095,1,i006,i006,normal,synthetic_indus_like,
seal_022,1095,2,i009,i009,normal,synthetic_indus_like,
seal_022,1095,3,i055,i055,normal,synthetic_indus_like,
seal_022,1096,1,i003,i003,normal,synthetic_indus_like,
seal_022,1096,2,i035,i035,normal,synthetic_indus_like,
seal_022,1096,3,i012,i012,normal,synthetic_indus_like,
seal_022,1097,1,i008,i008,normal,synthetic_indus_like,
seal_022,1097,2,i019,i019,normal,synthetic_indus_like,
seal_022,1098,1,i001,i001,normal,synthetic_indus_like,
seal_022,1098,2,i003,i003,normal,synthetic_indus_like,
seal_022,1098,3,i043,i043,normal,synthetic_indus_like,
seal_022,1099,1,i003,i003,normal,synthetic_indus_like,
seal_022,1099,2,i013,i013,normal,synthetic_indus_like,
seal_022,1099,3,i015,i015,normal,synthetic_indus_like,
seal_022,1100,1,i059,i059,normal,synthetic_indus_like,
seal_022,1100,2,i067,i067,normal,synthetic_indus_like,
seal_023,1101,1,i006,i006,normal,synthetic_indus_like,
seal_023,1101,2,i016,i016,normal,synthetic_indus_like,
seal_023,1102,1,i007,i007,normal,synthetic_indus_like,
seal_023,1102,2,i034,i034,normal,synthetic_indus_like,
seal_023,1102,3,i091,i091,normal,synthetic_indus_like,
seal_023,1103,1,i005,i005,normal,synthetic_indus_like,
seal_023,1103,2,i024,i024,normal,synthetic_indus_like,
seal_023,1103,3,i076,i076,normal,synthetic_indus_like,
seal_023,1104,1,i004,i004,normal,synthetic_indus_like,
seal_023,1104,2,i019,i019,normal,synthetic_indus_like,
seal_023,1105,1,i030,i030,normal,synthetic_indus_like,
seal_023,1105,2,i150,i150,normal,synthetic_indus_like,
seal_023,1106,1,i054,i054,normal,synthetic_indus_like,
seal_023,1106,2,i116,i116,normal,synthetic_indus_like,
seal_023,1107,1,i004,i004,normal,synthetic_indus_like,
seal_023,1107,2,i011,i011,normal,synthetic_indus_like,
seal_023,1108,1,i001,i001,normal,synthetic_indus_like,
seal_023,1108,2,i035,i035,normal,synthetic_indus_like,
seal_023,1108,3,i074,i074,normal,synthetic_indus_like,
seal_023,1109,1,i005,i005,normal,synthetic_indus_like,
seal_023,1109,2,i006,i006,normal,synthetic_indus_like,
seal_023,1109,3,i029,i029,normal,synthetic_indus_like,
seal_023,1110,1,i002,i002,normal,synthetic_indus_like,
seal_023,1110,2,i026,i026,normal,synthetic_indus_like,
seal_023,1110,3,i073,i073,normal,synthetic_indus_like,
seal_023,1111,1,i008,i008,normal,synthetic_indus_like,
seal_023,1111,2,i028,i028,normal,synthetic_indus_like,
seal_023,1111,3,i019,i019,normal,synthetic_indus_like,
seal_023,1112,1,i007,i007,normal,synthetic_indus_like,
seal_023,1112,2,i023,i023,normal,synthetic_indus_like,
seal_023,1112,3,i012,i012,normal,synthetic_indus_like,
seal_023,1113,1,i042,i042,normal,synthetic_indus_like,
seal_023,1113,2,i114,i114,normal,synthetic_indus_like,
seal_023,1114,1,i008,i008,normal,synthetic_indus_like,
seal_023,1114,2,i052,i052,normal,synthetic_indus_like,
seal_023,1114,3,i015,i015,normal,synthetic_indus_like,
seal_023,1115,1,i005,i005,normal,synthetic_indus_like,
seal_023,1115,2,i059,i059,normal,synthetic_indus_like,
seal_023,1115,3,i012,i012,normal,synthetic_indus_like,
seal_023,1116,1,i034,i034,normal,synthetic_indus_like,
seal_023,1116,2,i138,i138,normal,synthetic_indus_like,
seal_023,1117,1,i009,i009,normal,synthetic_indus_like,
seal_023,1117,2,i017,i017,normal,synthetic_indus_like,
seal_023,1117,3,i011,i011,normal,synthetic_indus_like,
seal_023,1118,1,i001,i001,normal,synthetic_indus_like,
seal_023,1118,2,i011,i011,normal,synthetic_indus_like,
seal_023,1118,3,i014,i014,normal,synthetic_indus_like,
seal_023,1119,1,i004,i004,normal,synthetic_indus_like,
seal_023,1119,2,i012,i012,normal,synthetic_indus_like,
seal_023,1119,3,i013,i013,normal,synthetic_indus_like,
seal_023,1120,1,i052,i052,normal,synthetic_indus_like,
seal_023,1120,2,i141,i141,normal,synthetic_indus_like,
seal_023,1121,1,i005,i005,normal,synthetic_indus_like,
seal_023,1121,2,i009,i009,normal,synthetic_indus_like,
seal_023,1121,3,i021,i021,normal,synthetic_indus_like,
seal_023,1122,1,i001,i001,normal,synthetic_indus_like,
seal_023,1122,2,i059,i059,normal,synthetic_indus_like,
seal_023,1122,3,i067,i067,normal,synthetic_indus_like,
seal_023,1123,1,i007,i007,normal,synthetic_indus_like,
seal_023,1123,2,i059,i059,normal,synthetic_indus_like,
seal_023,1123,3,i134,i134,normal,synthetic_indus_like,
seal_023,1124,1,i009,i009,normal,synthetic_indus_like,
seal_023,1124,2,i010,i010,normal,synthetic_indus_like,
seal_023,1124,3,i059,i059,normal,synthetic_indus_like,
seal_023,1125,1,i053,i053,normal,synthetic_indus_like,
seal_023,1125,2,i100,i100,normal,synthetic_indus_like,
seal_023,1126,1,i001,i001,normal,synthetic_indus_like,
seal_023,1126,2,i019,i019,normal,synthetic_indus_like,
seal_023,1126,3,i018,i018,normal,synthetic_indus_like,
seal_023,1127,1,i004,i004,normal,synthetic_indus_like,
seal_023,1127,2,i005,i005,normal,synthetic_indus_like,
seal_023,1127,3,i056,i056,normal,synthetic_indus_like,
seal_023,1128,1,i006,i006,normal,synthetic_indus_like,
seal_023,1128,2,i022,i022,normal,synthetic_indus_like,
seal_023,1128,3,i131,i131,normal,synthetic_indus_like,
seal_023,1129,1,i010,i010,normal,synthetic_indus_like,
seal_023,1129,2,i017,i017,normal,synthetic_indus_like,
seal_023,1129,3,i016,i016,normal,synthetic_indus_like,
seal_023,1130,1,i005,i005,normal,synthetic_indus_like,
seal_023,1130,2,i046,i046,normal,synthetic_indus_like,
seal_023,1130,3,i130,i130,normal,synthetic_indus_like,
seal_023,1131,1,i005,i005,normal,synthetic_indus_like,
seal_023,1131,2,i053,i053,normal,synthetic_indus_like,
seal_023,1131,3,i015,i015,normal,synthetic_indus_like,
seal_023,1132,1,i001,i001,normal,synthetic_indus_like,
seal_023,1132,2,i020,i020,normal,synthetic_indus_like,
seal_023,1133,1,i005,i005,normal,synthetic_indus_like,
seal_023,1133,2,i026,i026,normal,synthetic_indus_like,
seal_023,1133,3,i015,i015,normal,synthetic_indus_like,
seal_023,1134,1,i010,i010,normal,synthetic_indus_like,
seal_023,1134,2,i015,i015,normal,synthetic_indus_like,
seal_023,1134,3,i017,i017,normal,synthetic_indus_like,
seal_023,1135,1,i026,i026,normal,synthetic_indus_like,
seal_023,1135,2,i123,i123,normal,synthetic_indus_like,
seal_023,1136,1,i009,i009,normal,synthetic_indus_like,
seal_023,1136,2,i005,i005,normal,synthetic_indus_like,
seal_023,1136,3,i025,i025,normal,synthetic_indus_like,
seal_023,1137,1,i006,i006,normal,synthetic_indus_like,
seal_023,1137,2,i046,i046,normal,synthetic_indus_like,
seal_023,1137,3,i012,i012,normal,synthetic_indus_like,
seal_023,1138,1,i004,i004,normal,synthetic_indus_like,
seal_023,1138,2,i048,i048,normal,synthetic_indus_like,
seal_023,1138,3,i014,i014,normal,synthetic_indus_like,
seal_023,1139,1,i006,i006,normal,synthetic_indus_like,
seal_023,1139,2,i011,i011,normal,synthetic_indus_like,
seal_023,1139,3,i013,i013,normal,synthetic_indus_like,
seal_023,1140,1,i004,i004,normal,synthetic_indus_like,
seal_023,1140,2,i008,i008,normal,synthetic_indus_like,
seal_023,1140,3,i034,i034,normal,synthetic_indus_like,
seal_023,1141,1,i005,i005,normal,synthetic_indus_like,
seal_023,1141,2,i054,i054,normal,synthetic_indus_like,
seal_023,1141,3,i114,i114,normal,synthetic_indus_like,
seal_023,1142,1,i006,i006,normal,synthetic_indus_like,
seal_023,1142,2,i052,i052,normal,synthetic_indus_like,
seal_023,1142,3,i020,i020,normal,synthetic_indus_like,
seal_023,1143,1,i007,i007,normal,synthetic_indus_like,
seal_023,1143,2,i017,i017,normal,synthetic_indus_like,
seal_023,1143,3,i012,i012,normal,synthetic_indus_like,
seal_023,1144,1,i006,i006,normal,synthetic_indus_like,
seal_023,1144,2,i016,i016,normal,synthetic_indus_like,
seal_023,1145,1,i003,i003,normal,synthetic_indus_like,
seal_023,1145,2,i026,i026,normal,synthetic_indus_like,
seal_023,1145,3,i017,i017,normal,synthetic_indus_like,
seal_023,1146,1,i005,i005,normal,synthetic_indus_like,
seal_023,1146,2,i036,i036,normal,synthetic_indus_like,
seal_023,1146,3,i116,i116,normal,synthetic_indus_like,
seal_023,1147,1,i042,i042,normal,synthetic_indus_like,
seal_023,1147,2,i065,i065,normal,synthetic_indus_like,
seal_023,1148,1,i002,i002,normal,synthetic_indus_like,
seal_023,1148,2,i012,i012,normal,synthetic_indus_like,
seal_023,1148,3,i015,i015,normal,synthetic_indus_like,
seal_023,1149,1,i004,i004,normal,synthetic_indus_like,
seal_023,1149,2,i055,i055,normal,synthetic_indus_like,
seal_023,1149,3,i145,i145,normal,synthetic_indus_like,
seal_023,1150,1,i010,i010,normal,synthetic_indus_like,
seal_023,1150,2,i019,i019,normal,synthetic_indus_like,
seal_023,1150,3,i018,i018,normal,synthetic_indus_like,
seal_024,1151,1,i007,i007,normal,synthetic_indus_like,
seal_024,1151,2,i013,i013,normal,synthetic_indus_like,
seal_024,1152,1,i045,i045,normal,synthetic_indus_like,
seal_024,1152,2,i109,i109,normal,synthetic_indus_like,
seal_024,1153,1,i032,i032,normal,synthetic_indus_like,
seal_024,1153,2,i128,i128,normal,synthetic_indus_like,
seal_024,1154,1,i003,i003,normal,synthetic_indus_like,
seal_024,1154,2,i036,i036,normal,synthetic_indus_like,
seal_024,1154,3,i013,i013,normal,synthetic_indus_like,
seal_024,1155,1,i007,i007,normal,synthetic_indus_like,
seal_024,1155,2,i058,i058,normal,synthetic_indus_like,
seal_024,1155,3,i089,i089,normal,synthetic_indus_like,
seal_024,1156,1,i056,i056,normal,synthetic_indus_like,
seal_024,1156,2,i111,i111,normal,synthetic_indus_like,
seal_024,1157,1,i004,i004,normal,synthetic_indus_like,
seal_024,1157,2,i015,i015,normal,synthetic_indus_like,
seal_024,1157,3,i020,i020,normal,synthetic_indus_like,
seal_024,1158,1,i010,i010,normal,synthetic_indus_like,
seal_024,1158,2,i051,i051,normal,synthetic_indus_like,
seal_024,1158,3,i013,i013,normal,synthetic_indus_like,
seal_024,1159,1,i006,i006,normal,synthetic_indus_like,
seal_024,1159,2,i039,i039,normal,synthetic_indus_like,
seal_024,1159,3,i018,i018,normal,synthetic_indus_like,
seal_024,1160,1,i003,i003,normal,synthetic_indus_like,
seal_024,1160,2,i012,i012,normal,synthetic_indus_like,
seal_024,1160,3,i015,i015,normal,synthetic_indus_like,
seal_024,1161,1,i001,i001,normal,synthetic_indus_like,
seal_024,1161,2,i038,i038,normal,synthetic_indus_like,
seal_024,1161,3,i107,i107,normal,synthetic_indus_like,
seal_024,1162,1,i006,i006,normal,synthetic_indus_like,
seal_024,1162,2,i058,i058,normal,synthetic_indus_like,
seal_024,1162,3,i125,i125,normal,synthetic_indus_like,
seal_024,1163,1,i006,i006,normal,synthetic_indus_like,
seal_024,1163,2,i016,i016,normal,synthetic_indus_like,
seal_024,1164,1,i009,i009,normal,synthetic_indus_like,
seal_024,1164,2,i003,i003,normal,synthetic_indus_like,
seal_024,1164,3,i040,i040,normal,synthetic_indus_like,
seal_024,1165,1,i002,i002,normal,synthetic_indus_like,
seal_024,1165,2,i016,i016,normal,synthetic_indus_like,
seal_024,1165,3,i016,i016,normal,synthetic_indus_like,
seal_024,1166,1,i009,i009,normal,synthetic_indus_like,
seal_024,1166,2,i060,i060,normal,synthetic_indus_like,
seal_024,1166,3,i110,i110,normal,synthetic_indus_like,
seal_024,1167,1,i049,i049,normal,synthetic_indus_like,
seal_024,1167,2,i098,i098,normal,synthetic_indus_like,
seal_024,1168,1,i004,i004,normal,synthetic_indus_like,
seal_024,1168,2,i059,i059,normal,synthetic_indus_like,
seal_024,1168,3,i079,i079,normal,synthetic_indus_like,
seal_024,1169,1,i004,i004,normal,synthetic_indus_like,
seal_024,1169,2,i056,i056,normal,synthetic_indus_like,
seal_024,1169,3,i120,i120,normal,synthetic_indus_like,
seal_024,1170,1,i006,i006,normal,synthetic_indus_like,
seal_024,1170,2,i018,i018,normal,synthetic_indus_like,
seal_024,1170,3,i018,i018,normal,synthetic_indus_like,
seal_024,1171,1,i003,i003,normal,synthetic_indus_like,
seal_024,1171,2,i045,i045,normal,synthetic_indus_like,
seal_024,1171,3,i013,i013,normal,synthetic_indus_like,
seal_024,1172,1,i009,i009,normal,synthetic_indus_like,
seal_024,1172,2,i032,i032,normal,synthetic_indus_like,
seal_024,1172,3,i018,i018,normal,synthetic_indus_like,
seal_024,1173,1,i010,i010,normal,synthetic_indus_like,
seal_024,1173,2,i012,i012,normal,synthetic_indus_like,
seal_024,1174,1,i031,i031,normal,synthetic_indus_like,
seal_024,1174,2,i102,i102,normal,synthetic_indus_like,
seal_024,1175,1,i005,i005,normal,synthetic_indus_like,
seal_024,1175,2,i014,i014,normal,synthetic_indus_like,
seal_024,1175,3,i011,i011,normal,synthetic_indus_like,
seal_024,1176,1,i008,i008,normal,synthetic_indus_like,
seal_024,1176,2,i010,i010,normal,synthetic_indus_like,
seal_024,1176,3,i058,i058,normal,synthetic_indus_like,
seal_024,1177,1,i003,i003,normal,synthetic_indus_like,
seal_024,1177,2,i011,i011,normal,synthetic_indus_like,
seal_024,1178,1,i009,i009,normal,synthetic_indus_like,
seal_024,1178,2,i052,i052,normal,synthetic_indus_like,
seal_024,1178,3,i138,i138,normal,synthetic_indus_like,
seal_024,1179,1,i053,i053,normal,synthetic_indus_like,
seal_024,1179,2,i106,i106,normal,synthetic_indus_like,
seal_024,1180,1,i002,i002,normal,synthetic_indus_like,
seal_024,1180,2,i010,i010,normal,synthetic_indus_like,
seal_024,1180,3,i057,i057,normal,synthetic_indus_like,
seal_024,1181,1,i004,i004,normal,synthetic_indus_like,
seal_024,1181,2,i024,i024,normal,synthetic_indus_like,
seal_024,1181,3,i139,i139,normal,synthetic_indus_like,
seal_024,1182,1,i004,i004,normal,synthetic_indus_like,
seal_024,1182,2,i010,i010,normal,synthetic_indus_like,
seal_024,1182,3,i052,i052,normal,synthetic_indus_like,
seal_024,1183,1,i002,i002,normal,synthetic_indus_like,
seal_024,1183,2,i050,i050,normal,synthetic_indus_like,
seal_024,1183,3,i017,i017,normal,synthetic_indus_like,
seal_024,1184,1,i004,i004,normal,synthetic_indus_like,
seal_024,1184,2,i014,i014,normal,synthetic_indus_like,
seal_024,1184,3,i020,i020,normal,synthetic_indus_like,
seal_024,1185,1,i050,i050,normal,synthetic_indus_like,
seal_024,1185,2,i144,i144,normal,synthetic_indus_like,
seal_024,1186,1,i010,i010,normal,synthetic_indus_like,
seal_024,1186,2,i039,i039,normal,synthetic_indus_like,
seal_024,1186,3,i109,i109,normal,synthetic_indus_like,
seal_024,1187,1,i007,i007,normal,synthetic_indus_like,
seal_024,1187,2,i002,i002,normal,synthetic_indus_like,
seal_024,1187,3,i021,i021,normal,synthetic_indus_like,
seal_024,1188,1,i043,i043,normal,synthetic_indus_like,
seal_024,1188,2,i131,i131,normal,synthetic_indus_like,
seal_024,1189,1,i002,i002,normal,synthetic_indus_like,
seal_024,1189,2,i030,i030,normal,synthetic_indus_like,
seal_024,1189,3,i011,i011,normal,synthetic_indus_like,
seal_024,1190,1,i005,i005,normal,synthetic_indus_like,
seal_024,1190,2,i019,i019,normal,synthetic_indus_like,
seal_024,1191,1,i005,i005,normal,synthetic_indus_like,
seal_024,1191,2,i011,i011,normal,synthetic_indus_like,
seal_024,1191,3,i014,i014,normal,synthetic_indus_like,
seal_024,1192,1,i006,i006,normal,synthetic_indus_like,
seal_024,1192,2,i007,i007,normal,synthetic_indus_like,
seal_024,1192,3,i040,i040,normal,synthetic_indus_like,
seal_024,1193,1,i003,i003,normal,synthetic_indus_like,
seal_024,1193,2,i005,i005,normal,synthetic_indus_like,
seal_024,1193,3,i050,i050,normal,synthetic_indus_like,
seal_024,1194,1,i007,i007,normal,synthetic_indus_like,
seal_024,1194,2,i054,i054,normal,synthetic_indus_like,
seal_024,1194,3,i066,i066,normal,synthetic_indus_like,
seal_024,1195,1,i006,i006,normal,synthetic_indus_like,
seal_024,1195,2,i011,i011,normal,synthetic_indus_like,
seal_024,1195,3,i018,i018,normal,synthetic_indus_like,
seal_024,1196,1,i008,i008,normal,synthetic_indus_like,
seal_024,1196,2,i004,i004,normal,synthetic_indus_like,
seal_024,1196,3,i042,i042,normal,synthetic_indus_like,
seal_024,1197,1,i009,i009,normal,synthetic_indus_like,
seal_024,1197,2,i019,i019,normal,synthetic_indus_like,
seal_024,1197,3,i016,i016,normal,synthetic_indus_like,
seal_024,1198,1,i004,i004,normal,synthetic_indus_like,
seal_024,1198,2,i020,i020,normal,synthetic_indus_like,
seal_024,1198,3,i017,i017,normal,synthetic_indus_like,
seal_024,1199,1,i003,i003,normal,synthetic_indus_like,
seal_024,1199,2,i026,i026,normal,synthetic_indus_like,
seal_024,1199,3,i016,i016,normal,synthetic_indus_like,
seal_024,1200,1,i002,i002,normal,synthetic_indus_like,
seal_024,1200,2,i037,i037,normal,synthetic_indus_like,
seal_024,1200,3,i065,i065,normal,synthetic_indus_like,
seal_025,1201,1,i006,i006,normal,synthetic_indus_like,
seal_025,1201,2,i032,i032,normal,synthetic_indus_like,
seal_025,1201,3,i066,i066,normal,synthetic_indus_like,
seal_025,1202,1,i010,i010,normal,synthetic_indus_like,
seal_025,1202,2,i018,i018,normal,synthetic_indus_like,
seal_025,1203,1,i007,i007,normal,synthetic_indus_like,
seal_025,1203,2,i012,i012,normal,synthetic_indus_like,
seal_025,1203,3,i013,i013,normal,synthetic_indus_like,
seal_025,1204,1,i010,i010,normal,synthetic_indus_like,
seal_025,1204,2,i039,i039,normal,synthetic_indus_like,
seal_025,1204,3,i135,i135,normal,synthetic_indus_like,
seal_025,1205,1,i008,i008,normal,synthetic_indus_like,
seal_025,1205,2,i021,i021,normal,synthetic_indus_like,
seal_025,1205,3,i012,i012,normal,synthetic_indus_like,
seal_025,1206,1,i004,i004,normal,synthetic_indus_like,
seal_025,1206,2,i016,i016,normal,synthetic_indus_like,
seal_025,1206,3,i020,i020,normal,synthetic_indus_like,
seal_025,1207,1,i053,i053,normal,synthetic_indus_like,
seal_025,1207,2,i141,i141,normal,synthetic_indus_like,
seal_025,1208,1,i002,i002,normal,synthetic_indus_like,
seal_025,1208,2,i008,i008,normal,synthetic_indus_like,
seal_025,1208,3,i043,i043,normal,synthetic_indus_like,
seal_025,1209,1,i004,i004,normal,synthetic_indus_like,
seal_025,1209,2,i045,i045,normal,synthetic_indus_like,
seal_025,1209,3,i133,i133,normal,synthetic_indus_like,
seal_025,1210,1,i009,i009,normal,synthetic_indus_like,
seal_025,1210,2,i053,i053,normal,synthetic_indus_like,
seal_025,1210,3,i080,i080,normal,synthetic_indus_like,
seal_025,1211,1,i005,i005,normal,synthetic_indus_like,
seal_025,1211,2,i012,i012,normal,synthetic_indus_like,
seal_025,1211,3,i020,i020,normal,synthetic_indus_like,
seal_025,1212,1,i056,i056,normal,synthetic_indus_like,
seal_025,1212,2,i089,i089,normal,synthetic_indus_like,
seal_025,1213,1,i045,i045,normal,synthetic_indus_like,
seal_025,1213,2,i130,i130,normal,synthetic_indus_like,
seal_025,1214,1,i006,i006,normal,synthetic_indus_like,
seal_025,1214,2,i058,i058,normal,synthetic_indus_like,
seal_025,1214,3,i092,i092,normal,synthetic_indus_like,
seal_025,1215,1,i038,i038,normal,synthetic_indus_like,
seal_025,1215,2,i129,i129,normal,synthetic_indus_like,
seal_025,1216,1,i007,i007,normal,synthetic_indus_like,
seal_025,1216,2,i051,i051,normal,synthetic_indus_like,
seal_025,1216,3,i013,i013,normal,synthetic_indus_like,
seal_025,1217,1,i010,i010,normal,synthetic_indus_like,
seal_025,1217,2,i036,i036,normal,synthetic_indus_like,
seal_025,1217,3,i016,i016,normal,synthetic_indus_like,
seal_025,1218,1,i005,i005,normal,synthetic_indus_like,
seal_025,1218,2,i041,i041,normal,synthetic_indus_like,
seal_025,1218,3,i019,i019,normal,synthetic_indus_like,
seal_025,1219,1,i007,i007,normal,synthetic_indus_like,
seal_025,1219,2,i025,i025,normal,synthetic_indus_like,
seal_025,1219,3,i121,i121,normal,synthetic_indus_like,
seal_025,1220,1,i003,i003,normal,synthetic_indus_like,
seal_025,1220,2,i037,i037,normal,synthetic_indus_like,
seal_025,1220,3,i020,i020,normal,synthetic_indus_like,
seal_025,1221,1,i005,i005,normal,synthetic_indus_like,
seal_025,1221,2,i055,i055,normal,synthetic_indus_like,
seal_025,1221,3,i115,i115,normal,synthetic_indus_like,
seal_025,1222,1,i040,i040,normal,synthetic_indus_like,
seal_025,1222,2,i125,i125,normal,synthetic_indus_like,
seal_025,1223,1,i008,i008,normal,synthetic_indus_like,
seal_025,1223,2,i016,i016,normal,synthetic_indus_like,
seal_025,1223,3,i014,i014,normal,synthetic_indus_like,
seal_025,1224,1,i004,i004,normal,synthetic_indus_like,
seal_025,1224,2,i047,i047,normal,synthetic_indus_like,
seal_025,1224,3,i143,i143,normal,synthetic_indus_like,
seal_025,1225,1,i010,i010,normal,synthetic_indus_like,
seal_025,1225,2,i057,i057,normal,synthetic_indus_like,
seal_025,1225,3,i099,i099,normal,synthetic_indus_like,
seal_025,1226,1,i045,i045,normal,synthetic_indus_like,
seal_025,1226,2,i148,i148,normal,synthetic_indus_like,
seal_025,1227,1,i048,i048,normal,synthetic_indus_like,
seal_025,1227,2,i107,i107,normal,synthetic_indus_like,
seal_025,1228,1,i029,i029,normal,synthetic_indus_like,
seal_025,1228,2,i092,i092,normal,synthetic_indus_like,
seal_025,1229,1,i007,i007,normal,synthetic_indus_like,
seal_025,1229,2,i006,i006,normal,synthetic_indus_like,
seal_025,1229,3,i059,i059,normal,synthetic_indus_like,
seal_025,1230,1,i007,i007,normal,synthetic_indus_like,
seal_025,1230,2,i008,i008,normal,synthetic_indus_like,
seal_025,1230,3,i051,i051,normal,synthetic_indus_like,
seal_025,1231,1,i009,i009,normal,synthetic_indus_like,
seal_025,1231,2,i021,i021,normal,synthetic_indus_like,
seal_025,1231,3,i074,i074,normal,synthetic_indus_like,
seal_025,1232,1,i008,i008,normal,synthetic_indus_like,
seal_025,1232,2,i013,i013,normal,synthetic_indus_like,
seal_025,1233,1,i001,i001,normal,synthetic_indus_like,
seal_025,1233,2,i014,i014,normal,synthetic_indus_like,
seal_025,1233,3,i019,i019,normal,synthetic_indus_like,
seal_025,1234,1,i003,i003,normal,synthetic_indus_like,
seal_025,1234,2,i012,i012,normal,synthetic_indus_like,
seal_025,1235,1,i008,i008,normal,synthetic_indus_like,
seal_025,1235,2,i016,i016,normal,synthetic_indus_like,
seal_025,1236,1,i005,i005,normal,synthetic_indus_like,
seal_025,1236,2,i019,i019,normal,synthetic_indus_like,
seal_025,1236,3,i020,i020,normal,synthetic_indus_like,
seal_025,1237,1,i006,i006,normal,synthetic_indus_like,
seal_025,1237,2,i011,i011,normal,synthetic_indus_like,
seal_025,1238,1,i007,i007,normal,synthetic_indus_like,
seal_025,1238,2,i059,i059,normal,synthetic_indus_like,
seal_025,1238,3,i090,i090,normal,synthetic_indus_like,
seal_025,1239,1,i040,i040,normal,synthetic_indus_like,
seal_025,1239,2,i062,i062,normal,synthetic_indus_like,
seal_025,1240,1,i037,i037,normal,synthetic_indus_like,
seal_025,1240,2,i093,i093,normal,synthetic_indus_like,
seal_025,1241,1,i010,i010,normal,synthetic_indus_like,
seal_025,1241,2,i028,i028,normal,synthetic_indus_like,
seal_025,1241,3,i079,i079,normal,synthetic_indus_like,
seal_025,1242,1,i010,i010,normal,synthetic_indus_like,
seal_025,1242,2,i019,i019,normal,synthetic_indus_like,
seal_025,1242,3,i019,i019,normal,synthetic_indus_like,
seal_025,1243,1,i002,i002,normal,synthetic_indus_like,
seal_025,1243,2,i005,i005,normal,synthetic_indus_like,
seal_025,1243,3,i049,i049,normal,synthetic_indus_like,
seal_025,1244,1,i009,i009,normal,synthetic_indus_like,
seal_025,1244,2,i014,i014,normal,synthetic_indus_like,
seal_025,1244,3,i014,i014,normal,synthetic_indus_like,
seal_025,1245,1,i001,i001,normal,synthetic_indus_like,
seal_025,1245,2,i046,i046,normal,synthetic_indus_like,
seal_025,1245,3,i013,i013,normal,synthetic_indus_like,
seal_025,1246,1,i007,i007,normal,synthetic_indus_like,
seal_025,1246,2,i045,i045,normal,synthetic_indus_like,
seal_025,1246,3,i075,i075,normal,synthetic_indus_like,
seal_025,1247,1,i007,i007,normal,synthetic_indus_like,
seal_025,1247,2,i026,i026,normal,synthetic_indus_like,
seal_025,1247,3,i097,i097,normal,synthetic_indus_like,
seal_025,1248,1,i003,i003,normal,synthetic_indus_like,
seal_025,1248,2,i033,i033,normal,synthetic_indus_like,
seal_025,1248,3,i101,i101,normal,synthetic_indus_like,
seal_025,1249,1,i006,i006,normal,synthetic_indus_like,
seal_025,1249,2,i027,i027,normal,synthetic_indus_like,
seal_025,1249,3,i011,i011,normal,synthetic_indus_like,
seal_025,1250,1,i002,i002,normal,synthetic_indus_like,
seal_025,1250,2,i012,i012,normal,synthetic_indus_like,
seal_026,1251,1,i004,i004,normal,synthetic_indus_like,
seal_026,1251,2,i039,i039,normal,synthetic_indus_like,
seal_026,1251,3,i011,i011,normal,synthetic_indus_like,
seal_026,1252,1,i007,i007,normal,synthetic_indus_like,
seal_026,1252,2,i007,i007,normal,synthetic_indus_like,
seal_026,1252,3,i056,i056,normal,synthetic_indus_like,
seal_026,1253,1,i010,i010,normal,synthetic_indus_like,
seal_026,1253,2,i028,i028,normal,synthetic_indus_like,
seal_026,1253,3,i121,i121,normal,synthetic_indus_like,
seal_026,1254,1,i006,i006,normal,synthetic_indus_like,
seal_026,1254,2,i010,i010,normal,synthetic_indus_like,
seal_026,1254,3,i048,i048,normal,synthetic_indus_like,
seal_026,1255,1,i001,i001,normal,synthetic_indus_like,
seal_026,1255,2,i040,i040,normal,synthetic_indus_like,
seal_026,1255,3,i071,i071,normal,synthetic_indus_like,
seal_026,1256,1,i053,i053,normal,synthetic_indus_like,
seal_026,1256,2,i101,i101,normal,synthetic_indus_like,
seal_026,1257,1,i002,i002,normal,synthetic_indus_like,
seal_026,1257,2,i002,i002,normal,synthetic_indus_like,
seal_026,1257,3,i055,i055,normal,synthetic_indus_like,
seal_026,1258,1,i058,i058,normal,synthetic_indus_like,
seal_026,1258,2,i070,i070,normal,synthetic_indus_like,
seal_026,1259,1,i005,i005,normal,synthetic_indus_like,
seal_026,1259,2,i044,i044,normal,synthetic_indus_like,
seal_026,1259,3,i018,i018,normal,synthetic_indus_like,
seal_026,1260,1,i004,i004,normal,synthetic_indus_like,
seal_026,1260,2,i006,i006,normal,synthetic_indus_like,
seal_026,1260,3,i047,i047,normal,synthetic_indus_like,
seal_026,1261,1,i005,i005,normal,synthetic_indus_like,
seal_026,1261,2,i001,i001,normal,synthetic_indus_like,
seal_026,1261,3,i024,i024,normal,synthetic_indus_like,
seal_026,1262,1,i007,i007,normal,synthetic_indus_like,
seal_026,1262,2,i025,i025,normal,synthetic_indus_like,
seal_026,1262,3,i017,i017,normal,synthetic_indus_like,
seal_026,1263,1,i002,i002,normal,synthetic_indus_like,
seal_026,1263,2,i002,i002,normal,synthetic_indus_like,
seal_026,1263,3,i041,i041,normal,synthetic_indus_like,
seal_026,1264,1,i005,i005,normal,synthetic_indus_like,
seal_026,1264,2,i026,i026,normal,synthetic_indus_like,
seal_026,1264,3,i125,i125,normal,synthetic_indus_like,
seal_026,1265,1,i050,i050,normal,synthetic_indus_like,
seal_026,1265,2,i113,i113,normal,synthetic_indus_like,
seal_026,1266,1,i053,i053,normal,synthetic_indus_like,
seal_026,1266,2,i079,i079,normal,synthetic_indus_like,
seal_026,1267,1,i005,i005,normal,synthetic_indus_like,
seal_026,1267,2,i034,i034,normal,synthetic_indus_like,
seal_026,1267,3,i107,i107,normal,synthetic_indus_like,
seal_026,1268,1,i007,i007,normal,synthetic_indus_like,
seal_026,1268,2,i009,i009,normal,synthetic_indus_like,
seal_026,1268,3,i024,i024,normal,synthetic_indus_like,
seal_026,1269,1,i040,i040,normal,synthetic_indus_like,
seal_026,1269,2,i083,i083,normal,synthetic_indus_like,
seal_026,1270,1,i008,i008,normal,synthetic_indus_like,
seal_026,1270,2,i005,i005,normal,synthetic_indus_like,
seal_026,1270,3,i024,i024,normal,synthetic_indus_like,
seal_026,1271,1,i010,i010,normal,synthetic_indus_like,
seal_026,1271,2,i001,i001,normal,synthetic_indus_like,
seal_026,1271,3,i055,i055,normal,synthetic_indus_like,
seal_026,1272,1,i007,i007,normal,synthetic_indus_like,
seal_026,1272,2,i011,i011,normal,synthetic_indus_like,
seal_026,1273,1,i005,i005,normal,synthetic_indus_like,
seal_026,1273,2,i012,i012,normal,synthetic_indus_like,
seal_026,1273,3,i013,i013,normal,synthetic_indus_like,
seal_026,1274,1,i003,i003,normal,synthetic_indus_like,
seal_026,1274,2,i016,i016,normal,synthetic_indus_like,
seal_026,1275,1,i008,i008,normal,synthetic_indus_like,
seal_026,1275,2,i033,i033,normal,synthetic_indus_like,
seal_026,1275,3,i077,i077,normal,synthetic_indus_like,
seal_026,1276,1,i001,i001,normal,synthetic_indus_like,
seal_026,1276,2,i014,i014,normal,synthetic_indus_like,
seal_026,1277,1,i023,i023,normal,synthetic_indus_like,
seal_026,1277,2,i088,i088,normal,synthetic_indus_like,
seal_026,1278,1,i032,i032,normal,synthetic_indus_like,
seal_026,1278,2,i130,i130,normal,synthetic_indus_like,
seal_026,1279,1,i010,i010,normal,synthetic_indus_like,
seal_026,1279,2,i048,i048,normal,synthetic_indus_like,
seal_026,1279,3,i131,i131,normal,synthetic_indus_like,
seal_026,1280,1,i005,i005,normal,synthetic_indus_like,
seal_026,1280,2,i020,i020,normal,synthetic_indus_like,
seal_026,1281,1,i006,i006,normal,synthetic_indus_like,
seal_026,1281,2,i035,i035,normal,synthetic_indus_like,
seal_026,1281,3,i011,i011,normal,synthetic_indus_like,
seal_026,1282,1,i010,i010,normal,synthetic_indus_like,
seal_026,1282,2,i011,i011,normal,synthetic_indus_like,
seal_026,1283,1,i042,i042,normal,synthetic_indus_like,
seal_026,1283,2,i073,i073,normal,synthetic_indus_like,
seal_026,1284,1,i009,i009,normal,synthetic_indus_like,
seal_026,1284,2,i007,i007,normal,synthetic_indus_like,
seal_026,1284,3,i053,i053,normal,synthetic_indus_like,
seal_026,1285,1,i003,i003,normal,synthetic_indus_like,
seal_026,1285,2,i020,i020,normal,synthetic_indus_like,
seal_026,1286,1,i003,i003,normal,synthetic_indus_like,
seal_026,1286,2,i007,i007,normal,synthetic_indus_like,
seal_026,1286,3,i023,i023,normal,synthetic_indus_like,
seal_026,1287,1,i008,i008,normal,synthetic_indus_like,
seal_026,1287,2,i001,i001,normal,synthetic_indus_like,
seal_026,1287,3,i059,i059,normal,synthetic_indus_like,
seal_026,1288,1,i004,i004,normal,synthetic_indus_like,
seal_026,1288,2,i048,i048,normal,synthetic_indus_like,
seal_026,1288,3,i013,i013,normal,synthetic_indus_like,
seal_026,1289,1,i010,i010,normal,synthetic_indus_like,
seal_026,1289,2,i018,i018,normal,synthetic_indus_like,
seal_026,1290,1,i006,i006,normal,synthetic_indus_like,
seal_026,1290,2,i014,i014,normal,synthetic_indus_like,
seal_026,1290,3,i018,i018,normal,synthetic_indus_like,
seal_026,1291,1,i010,i010,normal,synthetic_indus_like,
seal_026,1291,2,i008,i008,normal,synthetic_indus_like,
seal_026,1291,3,i032,i032,normal,synthetic_indus_like,
seal_026,1292,1,i039,i039,normal,synthetic_indus_like,
seal_026,1292,2,i129,i129,normal,synthetic_indus_like,
seal_026,1293,1,i003,i003,normal,synthetic_indus_like,
seal_026,1293,2,i009,i009,normal,synthetic_indus_like,
seal_026,1293,3,i028,i028,normal,synthetic_indus_like,
seal_026,1294,1,i001,i001,normal,synthetic_indus_like,
seal_026,1294,2,i034,i034,normal,synthetic_indus_like,
seal_026,1294,3,i011,i011,normal,synthetic_indus_like,
seal_026,1295,1,i007,i007,normal,synthetic_indus_like,
seal_026,1295,2,i014,i014,normal,synthetic_indus_like,
seal_026,1295,3,i011,i011,normal,synthetic_indus_like,
seal_026,1296,1,i003,i003,normal,synthetic_indus_like,
seal_026,1296,2,i012,i012,normal,synthetic_indus_like,
seal_026,1296,3,i011,i011,normal,synthetic_indus_like,
seal_026,1297,1,i002,i002,normal,synthetic_indus_like,
seal_026,1297,2,i011,i011,normal,synthetic_indus_like,
seal_026,1297,3,i015,i015,normal,synthetic_indus_like,
seal_026,1298,1,i008,i008,normal,synthetic_indus_like,
seal_026,1298,2,i011,i011,normal,synthetic_indus_like,
seal_026,1298,3,i019,i019,normal,synthetic_indus_like,
seal_026,1299,1,i030,i030,normal,synthetic_indus_like,
seal_026,1299,2,i071,i071,normal,synthetic_indus_like,
seal_026,1300,1,i033,i033,normal,synthetic_indus_like,
seal_026,1300,2,i148,i148,normal,synthetic_indus_like,
seal_027,1301,1,i003,i003,normal,synthetic_indus_like,
seal_027,1301,2,i017,i017,normal,synthetic_indus_like,
seal_027,1301,3,i012,i012,normal,synthetic_indus_like,
seal_027,1302,1,i010,i010,normal,synthetic_indus_like,
seal_027,1302,2,i012,i012,normal,synthetic_indus_like,
seal_027,1303,1,i004,i004,normal,synthetic_indus_like,
seal_027,1303,2,i013,i013,normal,synthetic_indus_like,
seal_027,1304,1,i005,i005,normal,synthetic_indus_like,
seal_027,1304,2,i050,i050,normal,synthetic_indus_like,
seal_027,1304,3,i013,i013,normal,synthetic_indus_like,
seal_027,1305,1,i005,i005,normal,synthetic_indus_like,
seal_027,1305,2,i052,i052,normal,synthetic_indus_like,
seal_027,1305,3,i103,i103,normal,synthetic_indus_like,
seal_027,1306,1,i008,i008,normal,synthetic_indus_like,
seal_027,1306,2,i015,i015,normal,synthetic_indus_like,
seal_027,1306,3,i017,i017,normal,synthetic_indus_like,
seal_027,1307,1,i004,i004,normal,synthetic_indus_like,
seal_027,1307,2,i038,i038,normal,synthetic_indus_like,
seal_027,1307,3,i013,i013,normal,synthetic_indus_like,
seal_027,1308,1,i007,i007,normal,synthetic_indus_like,
seal_027,1308,2,i017,i017,normal,synthetic_indus_like,
seal_027,1308,3,i015,i015,normal,synthetic_indus_like,
seal_027,1309,1,i006,i006,normal,synthetic_indus_like,
seal_027,1309,2,i010,i010,normal,synthetic_indus_like,
seal_027,1309,3,i028,i028,normal,synthetic_indus_like,
seal_027,1310,1,i004,i004,normal,synthetic_indus_like,
seal_027,1310,2,i031,i031,normal,synthetic_indus_like,
seal_027,1310,3,i017,i017,normal,synthetic_indus_like,
seal_027,1311,1,i043,i043,normal,synthetic_indus_like,
seal_027,1311,2,i082,i082,normal,synthetic_indus_like,
seal_027,1312,1,i008,i008,normal,synthetic_indus_like,
seal_027,1312,2,i014,i014,normal,synthetic_indus_like,
seal_027,1313,1,i007,i007,normal,synthetic_indus_like,
seal_027,1313,2,i006,i006,normal,synthetic_indus_like,
seal_027,1313,3,i030,i030,normal,synthetic_indus_like,
seal_027,1314,1,i006,i006,normal,synthetic_indus_like,
seal_027,1314,2,i016,i016,normal,synthetic_indus_like,
seal_027,1315,1,i002,i002,normal,synthetic_indus_like,
seal_027,1315,2,i015,i015,normal,synthetic_indus_like,
seal_027,1315,3,i013,i013,normal,synthetic_indus_like,
seal_027,1316,1,i009,i009,normal,synthetic_indus_like,
seal_027,1316,2,i012,i012,normal,synthetic_indus_like,
seal_027,1316,3,i018,i018,normal,synthetic_indus_like,
seal_027,1317,1,i008,i008,normal,synthetic_indus_like,
seal_027,1317,2,i036,i036,normal,synthetic_indus_like,
seal_027,1317,3,i105,i105,normal,synthetic_indus_like,
seal_027,1318,1,i049,i049,normal,synthetic_indus_like,
seal_027,1318,2,i090,i090,normal,synthetic_indus_like,
seal_027,1319,1,i001,i001,normal,synthetic_indus_like,
seal_027,1319,2,i051,i051,normal,synthetic_indus_like,
seal_027,1319,3,i111,i111,normal,synthetic_indus_like,
seal_027,1320,1,i008,i008,normal,synthetic_indus_like,
seal_027,1320,2,i023,i023,normal,synthetic_indus_like,
seal_027,1320,3,i019,i019,normal,synthetic_indus_like,
seal_027,1321,1,i009,i009,normal,synthetic_indus_like,
seal_027,1321,2,i013,i013,normal,synthetic_indus_like,
seal_027,1321,3,i012,i012,normal,synthetic_indus_like,
seal_027,1322,1,i030,i030,normal,synthetic_indus_like,
seal_027,1322,2,i087,i087,normal,synthetic_indus_like,
seal_027,1323,1,i032,i032,normal,synthetic_indus_like,
seal_027,1323,2,i083,i083,normal,synthetic_indus_like,
seal_027,1324,1,i001,i001,normal,synthetic_indus_like,
seal_027,1324,2,i015,i015,normal,synthetic_indus_like,
seal_027,1324,3,i017,i017,normal,synthetic_indus_like,
seal_027,1325,1,i041,i041,normal,synthetic_indus_like,
seal_027,1325,2,i080,i080,normal,synthetic_indus_like,
seal_027,1326,1,i008,i008,normal,synthetic_indus_like,
seal_027,1326,2,i006,i006,normal,synthetic_indus_like,
seal_027,1326,3,i045,i045,normal,synthetic_indus_like,
seal_027,1327,1,i002,i002,normal,synthetic_indus_like,
seal_027,1327,2,i020,i020,normal,synthetic_indus_like,
seal_027,1328,1,i010,i010,normal,synthetic_indus_like,
seal_027,1328,2,i006,i006,normal,synthetic_indus_like,
seal_027,1328,3,i049,i049,normal,synthetic_indus_like,
seal_027,1329,1,i002,i002,normal,synthetic_indus_like,
seal_027,1329,2,i033,i033,normal,synthetic_indus_like,
seal_027,1329,3,i134,i134,normal,synthetic_indus_like,
seal_027,1330,1,i010,i010,normal,synthetic_indus_like,
seal_027,1330,2,i008,i008,normal,synthetic_indus_like,
seal_027,1330,3,i046,i046,normal,synthetic_indus_like,
seal_027,1331,1,i022,i022,normal,synthetic_indus_like,
seal_027,1331,2,i119,i119,normal,synthetic_indus_like,
seal_027,1332,1,i005,i005,normal,synthetic_indus_like,
seal_027,1332,2,i004,i004,normal,synthetic_indus_like,
seal_027,1332,3,i028,i028,normal,synthetic_indus_like,
seal_027,1333,1,i005,i005,normal,synthetic_indus_like,
seal_027,1333,2,i020,i020,normal,synthetic_indus_like,
seal_027,1334,1,i009,i009,normal,synthetic_indus_like,
seal_027,1334,2,i018,i018,normal,synthetic_indus_like,
seal_027,1334,3,i017,i017,normal,synthetic_indus_like,
seal_027,1335,1,i005,i005,normal,synthetic_indus_like,
seal_027,1335,2,i057,i057,normal,synthetic_indus_like,
seal_027,1335,3,i018,i018,normal,synthetic_indus_like,
seal_027,1336,1,i010,i010,normal,synthetic_indus_like,
seal_027,1336,2,i017,i017,normal,synthetic_indus_like,
seal_027,1336,3,i015,i015,normal,synthetic_indus_like,
seal_027,1337,1,i045,i045,normal,synthetic_indus_like,
seal_027,1337,2,i089,i089,normal,synthetic_indus_like,
seal_027,1338,1,i004,i004,normal,synthetic_indus_like,
seal_027,1338,2,i026,i026,normal,synthetic_indus_like,
seal_027,1338,3,i101,i101,normal,synthetic_indus_like,
seal_027,1339,1,i043,i043,normal,synthetic_indus_like,
seal_027,1339,2,i097,i097,normal,synthetic_indus_like,
seal_027,1340,1,i057,i057,normal,synthetic_indus_like,
seal_027,1340,2,i138,i138,normal,synthetic_indus_like,
seal_027,1341,1,i009,i009,normal,synthetic_indus_like,
seal_027,1341,2,i013,i013,normal,synthetic_indus_like,
seal_027,1341,3,i013,i013,normal,synthetic_indus_like,
seal_027,1342,1,i004,i004,normal,synthetic_indus_like,
seal_027,1342,2,i010,i010,normal,synthetic_indus_like,
seal_027,1342,3,i055,i055,normal,synthetic_indus_like,
seal_027,1343,1,i005,i005,normal,synthetic_indus_like,
seal_027,1343,2,i047,i047,normal,synthetic_indus_like,
seal_027,1343,3,i108,i108,normal,synthetic_indus_like,
seal_027,1344,1,i007,i007,normal,synthetic_indus_like,
seal_027,1344,2,i025,i025,normal,synthetic_indus_like,
seal_027,1344,3,i079,i079,normal,synthetic_indus_like,
seal_027,1345,1,i028,i028,normal,synthetic_indus_like,
seal_027,1345,2,i087,i087,normal,synthetic_indus_like,
seal_027,1346,1,i026,i026,normal,synthetic_indus_like,
seal_027,1346,2,i134,i134,normal,synthetic_indus_like,
seal_027,1347,1,i004,i004,normal,synthetic_indus_like,
seal_027,1347,2,i002,i002,normal,synthetic_indus_like,
seal_027,1347,3,i025,i025,normal,synthetic_indus_like,
seal_027,1348,1,i004,i004,normal,synthetic_indus_like,
seal_027,1348,2,i018,i018,normal,synthetic_indus_like,
seal_027,1349,1,i001,i001,normal,synthetic_indus_like,
seal_027,1349,2,i013,i013,normal,synthetic_indus_like,
seal_027,1350,1,i037,i037,normal,synthetic_indus_like,
seal_027,1350,2,i085,i085,normal,synthetic_indus_like,
seal_028,1351,1,i006,i006,normal,synthetic_indus_like,
seal_028,1351,2,i031,i031,normal,synthetic_indus_like,
seal_028,1351,3,i086,i086,normal,synthetic_indus_like,
seal_028,1352,1,i001,i001,normal,synthetic_indus_like,
seal_028,1352,2,i003,i003,normal,synthetic_indus_like,
seal_028,1352,3,i022,i022,normal,synthetic_indus_like,
seal_028,1353,1,i001,i001,normal,synthetic_indus_like,
seal_028,1353,2,i049,i049,normal,synthetic_indus_like,
seal_028,1353,3,i115,i115,normal,synthetic_indus_like,
seal_028,1354,1,i038,i038,normal,synthetic_indus_like,
seal_028,1354,2,i143,i143,normal,synthetic_indus_like,
seal_028,1355,1,i003,i003,normal,synthetic_indus_like,
seal_028,1355,2,i019,i019,normal,synthetic_indus_like,
seal_028,1355,3,i015,i015,normal,synthetic_indus_like,
seal_028,1356,1,i024,i024,normal,synthetic_indus_like,
seal_028,1356,2,i117,i117,normal,synthetic_indus_like,
seal_028,1357,1,i024,i024,normal,synthetic_indus_like,
seal_028,1357,2,i110,i110,normal,synthetic_indus_like,
seal_028,1358,1,i003,i003,normal,synthetic_indus_like,
seal_028,1358,2,i006,i006,normal,synthetic_indus_like,
seal_028,1358,3,i059,i059,normal,synthetic_indus_like,
seal_028,1359,1,i008,i008,normal,synthetic_indus_like,
seal_028,1359,2,i036,i036,normal,synthetic_indus_like,
seal_028,1359,3,i014,i014,normal,synthetic_indus_like,
seal_028,1360,1,i004,i004,normal,synthetic_indus_like,
seal_028,1360,2,i043,i043,normal,synthetic_indus_like,
seal_028,1360,3,i019,i019,normal,synthetic_indus_like,
seal_028,1361,1,i008,i008,normal,synthetic_indus_like,
seal_028,1361,2,i017,i017,normal,synthetic_indus_like,
seal_028,1362,1,i003,i003,normal,synthetic_indus_like,
seal_028,1362,2,i017,i017,normal,synthetic_indus_like,
seal_028,1363,1,i021,i021,normal,synthetic_indus_like,
seal_028,1363,2,i149,i149,normal,synthetic_indus_like,
seal_028,1364,1,i003,i003,normal,synthetic_indus_like,
seal_028,1364,2,i021,i021,normal,synthetic_indus_like,
seal_028,1364,3,i108,i108,normal,synthetic_indus_like,
seal_028,1365,1,i010,i010,normal,synthetic_indus_like,
seal_028,1365,2,i013,i013,normal,synthetic_indus_like,
seal_028,1365,3,i017,i017,normal,synthetic_indus_like,
seal_028,1366,1,i041,i041,normal,synthetic_indus_like,
seal_028,1366,2,i082,i082,normal,synthetic_indus_like,
seal_028,1367,1,i010,i010,normal,synthetic_indus_like,
seal_028,1367,2,i003,i003,normal,synthetic_indus_like,
seal_028,1367,3,i022,i022,normal,synthetic_indus_like,
seal_028,1368,1,i010,i010,normal,synthetic_indus_like,
seal_028,1368,2,i015,i015,normal,synthetic_indus_like,
seal_028,1369,1,i007,i007,normal,synthetic_indus_like,
seal_028,1369,2,i002,i002,normal,synthetic_indus_like,
seal_028,1369,3,i042,i042,normal,synthetic_indus_like,
seal_028,1370,1,i002,i002,normal,synthetic_indus_like,
seal_028,1370,2,i016,i016,normal,synthetic_indus_like,
seal_028,1371,1,i005,i005,normal,synthetic_indus_like,
seal_028,1371,2,i053,i053,normal,synthetic_indus_like,
seal_028,1371,3,i012,i012,normal,synthetic_indus_like,
seal_028,1372,1,i005,i005,normal,synthetic_indus_like,
seal_028,1372,2,i013,i013,normal,synthetic_indus_like,
seal_028,1372,3,i011,i011,normal,synthetic_indus_like,
seal_028,1373,1,i004,i004,normal,synthetic_indus_like,
seal_028,1373,2,i006,i006,normal,synthetic_indus_like,
seal_028,1373,3,i054,i054,normal,synthetic_indus_like,
seal_028,1374,1,i030,i030,normal,synthetic_indus_like,
seal_028,1374,2,i083,i083,normal,synthetic_indus_like,
seal_028,1375,1,i009,i009,normal,synthetic_indus_like,
seal_028,1375,2,i020,i020,normal,synthetic_indus_like,
seal_028,1375,3,i012,i012,normal,synthetic_indus_like,
seal_028,1376,1,i003,i003,normal,synthetic_indus_like,
seal_028,1376,2,i019,i019,normal,synthetic_indus_like,
seal_028,1376,3,i014,i014,normal,synthetic_indus_like,
seal_028,1377,1,i007,i007,normal,synthetic_indus_like,
seal_028,1377,2,i047,i047,normal,synthetic_indus_like,
seal_028,1377,3,i011,i011,normal,synthetic_indus_like,
seal_028,1378,1,i006,i006,normal,synthetic_indus_like,
seal_028,1378,2,i056,i056,normal,synthetic_indus_like,
seal_028,1378,3,i149,i149,normal,synthetic_indus_like,
seal_028,1379,1,i001,i001,normal,synthetic_indus_like,
seal_028,1379,2,i001,i001,normal,synthetic_indus_like,
seal_028,1379,3,i049,i049,normal,synthetic_indus_like,
seal_028,1380,1,i009,i009,normal,synthetic_indus_like,
seal_028,1380,2,i060,i060,normal,synthetic_indus_like,
seal_028,1380,3,i017,i017,normal,synthetic_indus_like,
seal_028,1381,1,i003,i003,normal,synthetic_indus_like,
seal_028,1381,2,i012,i012,normal,synthetic_indus_like,
seal_028,1382,1,i009,i009,normal,synthetic_indus_like,
seal_028,1382,2,i053,i053,normal,synthetic_indus_like,
seal_028,1382,3,i014,i014,normal,synthetic_indus_like,
seal_028,1383,1,i002,i002,normal,synthetic_indus_like,
seal_028,1383,2,i015,i015,normal,synthetic_indus_like,
seal_028,1383,3,i014,i014,normal,synthetic_indus_like,
seal_028,1384,1,i008,i008,normal,synthetic_indus_like,
seal_028,1384,2,i013,i013,normal,synthetic_indus_like,
seal_028,1385,1,i007,i007,normal,synthetic_indus_like,
seal_028,1385,2,i006,i006,normal,synthetic_indus_like,
seal_028,1385,3,i046,i046,normal,synthetic_indus_like,
seal_028,1386,1,i007,i007,normal,synthetic_indus_like,
seal_028,1386,2,i021,i021,normal,synthetic_indus_like,
seal_028,1386,3,i117,i117,normal,synthetic_indus_like,
seal_028,1387,1,i007,i007,normal,synthetic_indus_like,
seal_028,1387,2,i020,i020,normal,synthetic_indus_like,
seal_028,1387,3,i015,i015,normal,synthetic_indus_like,
seal_028,1388,1,i040,i040,normal,synthetic_indus_like,
seal_028,1388,2,i148,i148,normal,synthetic_indus_like,
seal_028,1389,1,i008,i008,normal,synthetic_indus_like,
seal_028,1389,2,i014,i014,normal,synthetic_indus_like,
seal_028,1389,3,i015,i015,normal,synthetic_indus_like,
seal_028,1390,1,i001,i001,normal,synthetic_indus_like,
seal_028,1390,2,i015,i015,normal,synthetic_indus_like,
seal_028,1390,3,i015,i015,normal,synthetic_indus_like,
seal_028,1391,1,i001,i001,normal,synthetic_indus_like,
seal_028,1391,2,i041,i041,normal,synthetic_indus_like,
seal_028,1391,3,i013,i013,normal,synthetic_indus_like,
seal_028,1392,1,i054,i054,normal,synthetic_indus_like,
seal_028,1392,2,i074,i074,normal,synthetic_indus_like,
seal_028,1393,1,i005,i005,normal,synthetic_indus_like,
seal_028,1393,2,i012,i012,normal,synthetic_indus_like,
seal_028,1393,3,i019,i019,normal,synthetic_indus_like,
seal_028,1394,1,i043,i043,normal,synthetic_indus_like,
seal_028,1394,2,i110,i110,normal,synthetic_indus_like,
seal_028,1395,1,i009,i009,normal,synthetic_indus_like,
seal_028,1395,2,i018,i018,normal,synthetic_indus_like,
seal_028,1396,1,i023,i023,normal,synthetic_indus_like,
seal_028,1396,2,i064,i064,normal,synthetic_indus_like,
seal_028,1397,1,i005,i005,normal,synthetic_indus_like,
seal_028,1397,2,i037,i037,normal,synthetic_indus_like,
seal_028,1397,3,i013,i013,normal,synthetic_indus_like,
seal_028,1398,1,i007,i007,normal,synthetic_indus_like,
seal_028,1398,2,i030,i030,normal,synthetic_indus_like,
seal_028,1398,3,i013,i013,normal,synthetic_indus_like,
seal_028,1399,1,i009,i009,normal,synthetic_indus_like,
seal_028,1399,2,i015,i015,normal,synthetic_indus_like,
seal_028,1400,1,i004,i004,normal,synthetic_indus_like,
seal_028,1400,2,i010,i010,normal,synthetic_indus_like,
seal_028,1400,3,i048,i048,normal,synthetic_indus_like,
seal_029,1401,1,i004,i004,normal,synthetic_indus_like,
seal_029,1401,2,i002,i002,normal,synthetic_indus_like,
seal_029,1401,3,i031,i031,normal,synthetic_indus_like,
seal_029,1402,1,i055,i055,normal,synthetic_indus_like,
seal_029,1402,2,i143,i143,normal,synthetic_indus_like,
seal_029,1403,1,i003,i003,normal,synthetic_indus_like,
seal_029,1403,2,i032,i032,normal,synthetic_indus_like,
seal_029,1403,3,i020,i020,normal,synthetic_indus_like,
seal_029,1404,1,i005,i005,normal,synthetic_indus_like,
seal_029,1404,2,i020,i020,normal,synthetic_indus_like,
seal_029,1404,3,i012,i012,normal,synthetic_indus_like,
seal_029,1405,1,i005,i005,normal,synthetic_indus_like,
seal_029,1405,2,i012,i012,normal,synthetic_indus_like,
seal_029,1405,3,i018,i018,normal,synthetic_indus_like,
seal_029,1406,1,i010,i010,normal,synthetic_indus_like,
seal_029,1406,2,i004,i004,normal,synthetic_indus_like,
seal_029,1406,3,i023,i023,normal,synthetic_indus_like,
seal_029,1407,1,i007,i007,normal,synthetic_indus_like,
seal_029,1407,2,i026,i026,normal,synthetic_indus_like,
seal_029,1407,3,i012,i012,normal,synthetic_indus_like,
seal_029,1408,1,i009,i009,normal,synthetic_indus_like,
seal_029,1408,2,i017,i017,normal,synthetic_indus_like,
seal_029,1408,3,i013,i013,normal,synthetic_indus_like,
seal_029,1409,1,i004,i004,normal,synthetic_indus_like,
seal_029,1409,2,i006,i006,normal,synthetic_indus_like,
seal_029,1409,3,i035,i035,normal,synthetic_indus_like,
seal_029,1410,1,i003,i003,normal,synthetic_indus_like,
seal_029,1410,2,i020,i020,normal,synthetic_indus_like,
seal_029,1410,3,i017,i017,normal,synthetic_indus_like,
seal_029,1411,1,i003,i003,normal,synthetic_indus_like,
seal_029,1411,2,i058,i058,normal,synthetic_indus_like,
seal_029,1411,3,i020,i020,normal,synthetic_indus_like,
seal_029,1412,1,i006,i006,normal,synthetic_indus_like,
seal_029,1412,2,i031,i031,normal,synthetic_indus_like,
seal_029,1412,3,i073,i073,normal,synthetic_indus_like,
seal_029,1413,1,i009,i009,normal,synthetic_indus_like,
seal_029,1413,2,i019,i019,normal,synthetic_indus_like,
seal_029,1413,3,i015,i015,normal,synthetic_indus_like,
seal_029,1414,1,i003,i003,normal,synthetic_indus_like,
seal_029,1414,2,i019,i019,normal,synthetic_indus_like,
seal_029,1414,3,i012,i012,normal,synthetic_indus_like,
seal_029,1415,1,i008,i008,normal,synthetic_indus_like,
seal_029,1415,2,i026,i026,normal,synthetic_indus_like,
seal_029,1415,3,i120,i120,normal,synthetic_indus_like,
seal_029,1416,1,i002,i002,normal,synthetic_indus_like,
seal_029,1416,2,i013,i013,normal,synthetic_indus_like,
seal_029,1417,1,i048,i048,normal,synthetic_indus_like,
seal_029,1417,2,i129,i129,normal,synthetic_indus_like,
seal_029,1418,1,i008,i008,normal,synthetic_indus_like,
seal_029,1418,2,i018,i018,normal,synthetic_indus_like,
seal_029,1418,3,i020,i020,normal,synthetic_indus_like,
seal_029,1419,1,i007,i007,normal,synthetic_indus_like,
seal_029,1419,2,i058,i058,normal,synthetic_indus_like,
seal_029,1419,3,i014,i014,normal,synthetic_indus_like,
seal_029,1420,1,i002,i002,normal,synthetic_indus_like,
seal_029,1420,2,i028,i028,normal,synthetic_indus_like,
seal_029,1420,3,i020,i020,normal,synthetic_indus_like,
seal_029,1421,1,i041,i041,normal,synthetic_indus_like,
seal_029,1421,2,i129,i129,normal,synthetic_indus_like,
seal_029,1422,1,i003,i003,normal,synthetic_indus_like,
seal_029,1422,2,i049,i049,normal,synthetic_indus_like,
seal_029,1422,3,i071,i071,normal,synthetic_indus_like,
seal_029,1423,1,i002,i002,normal,synthetic_indus_like,
seal_029,1423,2,i016,i016,normal,synthetic_indus_like,
seal_029,1424,1,i010,i010,normal,synthetic_indus_like,
seal_029,1424,2,i018,i018,normal,synthetic_indus_like,
seal_029,1424,3,i020,i020,normal,synthetic_indus_like,
seal_029,1425,1,i008,i008,normal,synthetic_indus_like,
seal_029,1425,2,i018,i018,normal,synthetic_indus_like,
seal_029,1425,3,i013,i013,normal,synthetic_indus_like,
seal_029,1426,1,i007,i007,normal,synthetic_indus_like,
seal_029,1426,2,i047,i047,normal,synthetic_indus_like,
seal_029,1426,3,i011,i011,normal,synthetic_indus_like,
seal_029,1427,1,i001,i001,normal,synthetic_indus_like,
seal_029,1427,2,i014,i014,normal,synthetic_indus_like,
seal_029,1428,1,i021,i021,normal,synthetic_indus_like,
seal_029,1428,2,i094,i094,normal,synthetic_indus_like,
seal_029,1429,1,i006,i006,normal,synthetic_indus_like,
seal_029,1429,2,i014,i014,normal,synthetic_indus_like,
seal_029,1429,3,i011,i011,normal,synthetic_indus_like,
seal_029,1430,1,i007,i007,normal,synthetic_indus_like,
seal_029,1430,2,i037,i037,normal,synthetic_indus_like,
seal_029,1430,3,i020,i020,normal,synthetic_indus_like,
seal_029,1431,1,i005,i005,normal,synthetic_indus_like,
seal_029,1431,2,i014,i014,normal,synthetic_indus_like,
seal_029,1431,3,i011,i011,normal,synthetic_indus_like,
seal_029,1432,1,i004,i004,normal,synthetic_indus_like,
seal_029,1432,2,i056,i056,normal,synthetic_indus_like,
seal_029,1432,3,i121,i121,normal,synthetic_indus_like,
seal_029,1433,1,i049,i049,normal,synthetic_indus_like,
seal_029,1433,2,i062,i062,normal,synthetic_indus_like,
seal_029,1434,1,i001,i001,normal,synthetic_indus_like,
seal_029,1434,2,i003,i003,normal,synthetic_indus_like,
seal_029,1434,3,i055,i055,normal,synthetic_indus_like,
seal_029,1435,1,i008,i008,normal,synthetic_indus_like,
seal_029,1435,2,i020,i020,normal,synthetic_indus_like,
seal_029,1436,1,i005,i005,normal,synthetic_indus_like,
seal_029,1436,2,i012,i012,normal,synthetic_indus_like,
seal_029,1437,1,i009,i009,normal,synthetic_indus_like,
seal_029,1437,2,i008,i008,normal,synthetic_indus_like,
seal_029,1437,3,i022,i022,normal,synthetic_indus_like,
seal_029,1438,1,i006,i006,normal,synthetic_indus_like,
seal_029,1438,2,i026,i026,normal,synthetic_indus_like,
seal_029,1438,3,i018,i018,normal,synthetic_indus_like,
seal_029,1439,1,i007,i007,normal,synthetic_indus_like,
seal_029,1439,2,i014,i014,normal,synthetic_indus_like,
seal_029,1439,3,i011,i011,normal,synthetic_indus_like,
seal_029,1440,1,i002,i002,normal,synthetic_indus_like,
seal_029,1440,2,i057,i057,normal,synthetic_indus_like,
seal_029,1440,3,i107,i107,normal,synthetic_indus_like,
seal_029,1441,1,i010,i010,normal,synthetic_indus_like,
seal_029,1441,2,i022,i022,normal,synthetic_indus_like,
seal_029,1441,3,i011,i011,normal,synthetic_indus_like,
seal_029,1442,1,i002,i002,normal,synthetic_indus_like,
seal_029,1442,2,i027,i027,normal,synthetic_indus_like,
seal_029,1442,3,i087,i087,normal,synthetic_indus_like,
seal_029,1443,1,i001,i001,normal,synthetic_indus_like,
seal_029,1443,2,i053,i053,normal,synthetic_indus_like,
seal_029,1443,3,i018,i018,normal,synthetic_indus_like,
seal_029,1444,1,i002,i002,normal,synthetic_indus_like,
seal_029,1444,2,i008,i008,normal,synthetic_indus_like,
seal_029,1444,3,i021,i021,normal,synthetic_indus_like,
seal_029,1445,1,i030,i030,normal,synthetic_indus_like,
seal_029,1445,2,i104,i104,normal,synthetic_indus_like,
seal_029,1446,1,i003,i003,normal,synthetic_indus_like,
seal_029,1446,2,i017,i017,normal,synthetic_indus_like,
seal_029,1446,3,i016,i016,normal,synthetic_indus_like,
seal_029,1447,1,i005,i005,normal,synthetic_indus_like,
seal_029,1447,2,i009,i009,normal,synthetic_indus_like,
seal_029,1447,3,i022,i022,normal,synthetic_indus_like,
seal_029,1448,1,i058,i058,normal,synthetic_indus_like,
seal_029,1448,2,i072,i072,normal,synthetic_indus_like,
seal_029,1449,1,i034,i034,normal,synthetic_indus_like,
seal_029,1449,2,i120,i120,normal,synthetic_indus_like,
seal_029,1450,1,i010,i010,normal,synthetic_indus_like,
seal_029,1450,2,i011,i011,normal,synthetic_indus_like,
seal_029,1450,3,i018,i018,normal,synthetic_indus_like,
seal_030,1451,1,i006,i006,normal,synthetic_indus_like,
seal_030,1451,2,i035,i035,normal,synthetic_indus_like,
seal_030,1451,3,i096,i096,normal,synthetic_indus_like,
seal_030,1452,1,i003,i003,normal,synthetic_indus_like,
seal_030,1452,2,i013,i013,normal,synthetic_indus_like,
seal_030,1453,1,i001,i001,normal,synthetic_indus_like,
seal_030,1453,2,i031,i031,normal,synthetic_indus_like,
seal_030,1453,3,i012,i012,normal,synthetic_indus_like,
seal_030,1454,1,i001,i001,normal,synthetic_indus_like,
seal_030,1454,2,i021,i021,normal,synthetic_indus_like,
seal_030,1454,3,i127,i127,normal,synthetic_indus_like,
seal_030,1455,1,i002,i002,normal,synthetic_indus_like,
seal_030,1455,2,i017,i017,normal,synthetic_indus_like,
seal_030,1455,3,i020,i020,normal,synthetic_indus_like,
seal_030,1456,1,i045,i045,normal,synthetic_indus_like,
seal_030,1456,2,i062,i062,normal,synthetic_indus_like,
seal_030,1457,1,i007,i007,normal,synthetic_indus_like,
seal_030,1457,2,i036,i036,normal,synthetic_indus_like,
seal_030,1457,3,i011,i011,normal,synthetic_indus_like,
seal_030,1458,1,i002,i002,normal,synthetic_indus_like,
seal_030,1458,2,i054,i054,normal,synthetic_indus_like,
seal_030,1458,3,i012,i012,normal,synthetic_indus_like,
seal_030,1459,1,i001,i001,normal,synthetic_indus_like,
seal_030,1459,2,i049,i049,normal,synthetic_indus_like,
seal_030,1459,3,i102,i102,normal,synthetic_indus_like,
seal_030,1460,1,i010,i010,normal,synthetic_indus_like,
seal_030,1460,2,i005,i005,normal,synthetic_indus_like,
seal_030,1460,3,i046,i046,normal,synthetic_indus_like,
seal_030,1461,1,i053,i053,normal,synthetic_indus_like,
seal_030,1461,2,i118,i118,normal,synthetic_indus_like,
seal_030,1462,1,i009,i009,normal,synthetic_indus_like,
seal_030,1462,2,i025,i025,normal,synthetic_indus_like,
seal_030,1462,3,i018,i018,normal,synthetic_indus_like,
seal_030,1463,1,i007,i007,normal,synthetic_indus_like,
seal_030,1463,2,i012,i012,normal,synthetic_indus_like,
seal_030,1464,1,i001,i001,normal,synthetic_indus_like,
seal_030,1464,2,i011,i011,normal,synthetic_indus_like,
seal_030,1464,3,i018,i018,normal,synthetic_indus_like,
seal_030,1465,1,i001,i001,normal,synthetic_indus_like,
seal_030,1465,2,i026,i026,normal,synthetic_indus_like,
seal_030,1465,3,i083,i083,normal,synthetic_indus_like,
seal_030,1466,1,i037,i037,normal,synthetic_indus_like,
seal_030,1466,2,i129,i129,normal,synthetic_indus_like,
seal_030,1467,1,i007,i007,normal,synthetic_indus_like,
seal_030,1467,2,i023,i023,normal,synthetic_indus_like,
seal_030,1467,3,i015,i015,normal,synthetic_indus_like,
seal_030,1468,1,i005,i005,normal,synthetic_indus_like,
seal_030,1468,2,i008,i008,normal,synthetic_indus_like,
seal_030,1468,3,i030,i030,normal,synthetic_indus_like,
seal_030,1469,1,i008,i008,normal,synthetic_indus_like,
seal_030,1469,2,i003,i003,normal,synthetic_indus_like,
seal_030,1469,3,i046,i046,normal,synthetic_indus_like,
seal_030,1470,1,i005,i005,normal,synthetic_indus_like,
seal_030,1470,2,i025,i025,normal,synthetic_indus_like,
seal_030,1470,3,i020,i020,normal,synthetic_indus_like,
seal_030,1471,1,i053,i053,normal,synthetic_indus_like,
seal_030,1471,2,i099,i099,normal,synthetic_indus_like,
seal_030,1472,1,i005,i005,normal,synthetic_indus_like,
seal_030,1472,2,i007,i007,normal,synthetic_indus_like,
seal_030,1472,3,i045,i045,normal,synthetic_indus_like,
seal_030,1473,1,i006,i006,normal,synthetic_indus_like,
seal_030,1473,2,i037,i037,normal,synthetic_indus_like,
seal_030,1473,3,i020,i020,normal,synthetic_indus_like,
seal_030,1474,1,i005,i005,normal,synthetic_indus_like,
seal_030,1474,2,i053,i053,normal,synthetic_indus_like,
seal_030,1474,3,i125,i125,normal,synthetic_indus_like,
seal_030,1475,1,i007,i007,normal,synthetic_indus_like,
seal_030,1475,2,i009,i009,normal,synthetic_indus_like,
seal_030,1475,3,i022,i022,normal,synthetic_indus_like,
seal_030,1476,1,i005,i005,normal,synthetic_indus_like,
seal_030,1476,2,i002,i002,normal,synthetic_indus_like,
seal_030,1476,3,i032,i032,normal,synthetic_indus_like,
seal_030,1477,1,i002,i002,normal,synthetic_indus_like,
seal_030,1477,2,i059,i059,normal,synthetic_indus_like,
seal_030,1477,3,i118,i118,normal,synthetic_indus_like,
seal_030,1478,1,i004,i004,normal,synthetic_indus_like,
seal_030,1478,2,i027,i027,normal,synthetic_indus_like,
seal_030,1478,3,i149,i149,normal,synthetic_indus_like,
seal_030,1479,1,i005,i005,normal,synthetic_indus_like,
seal_030,1479,2,i027,i027,normal,synthetic_indus_like,
seal_030,1479,3,i135,i135,normal,synthetic_indus_like,
seal_030,1480,1,i003,i003,normal,synthetic_indus_like,
seal_030,1480,2,i028,i028,normal,synthetic_indus_like,
seal_030,1480,3,i063,i063,normal,synthetic_indus_like,
seal_030,1481,1,i002,i002,normal,synthetic_indus_like,
seal_030,1481,2,i047,i047,normal,synthetic_indus_like,
seal_030,1481,3,i074,i074,normal,synthetic_indus_like,
seal_030,1482,1,i008,i008,normal,synthetic_indus_like,
seal_030,1482,2,i003,i003,normal,synthetic_indus_like,
seal_030,1482,3,i029,i029,normal,synthetic_indus_like,
seal_030,1483,1,i056,i056,normal,synthetic_indus_like,
seal_030,1483,2,i074,i074,normal,synthetic_indus_like,
seal_030,1484,1,i008,i008,normal,synthetic_indus_like,
seal_030,1484,2,i053,i053,normal,synthetic_indus_like,
seal_030,1484,3,i011,i011,normal,synthetic_indus_like,
seal_030,1485,1,i007,i007,normal,synthetic_indus_like,
seal_030,1485,2,i020,i020,normal,synthetic_indus_like,
seal_030,1486,1,i002,i002,normal,synthetic_indus_like,
seal_030,1486,2,i036,i036,normal,synthetic_indus_like,
seal_030,1486,3,i020,i020,normal,synthetic_indus_like,
seal_030,1487,1,i009,i009,normal,synthetic_indus_like,
seal_030,1487,2,i035,i035,normal,synthetic_indus_like,
seal_030,1487,3,i134,i134,normal,synthetic_indus_like,
seal_030,1488,1,i005,i005,normal,synthetic_indus_like,
seal_030,1488,2,i053,i053,normal,synthetic_indus_like,
seal_030,1488,3,i012,i012,normal,synthetic_indus_like,
seal_030,1489,1,i004,i004,normal,synthetic_indus_like,
seal_030,1489,2,i060,i060,normal,synthetic_indus_like,
seal_030,1489,3,i103,i103,normal,synthetic_indus_like,
seal_030,1490,1,i038,i038,normal,synthetic_indus_like,
seal_030,1490,2,i124,i124,normal,synthetic_indus_like,
seal_030,1491,1,i029,i029,normal,synthetic_indus_like,
seal_030,1491,2,i130,i130,normal,synthetic_indus_like,
seal_030,1492,1,i002,i002,normal,synthetic_indus_like,
seal_030,1492,2,i006,i006,normal,synthetic_indus_like,
seal_030,1492,3,i044,i044,normal,synthetic_indus_like,
seal_030,1493,1,i006,i006,normal,synthetic_indus_like,
seal_030,1493,2,i005,i005,normal,synthetic_indus_like,
seal_030,1493,3,i048,i048,normal,synthetic_indus_like,
seal_030,1494,1,i037,i037,normal,synthetic_indus_like,
seal_030,1494,2,i144,i144,normal,synthetic_indus_like,
seal_030,1495,1,i008,i008,normal,synthetic_indus_like,
seal_030,1495,2,i032,i032,normal,synthetic_indus_like,
seal_030,1495,3,i110,i110,normal,synthetic_indus_like,
seal_030,1496,1,i030,i030,normal,synthetic_indus_like,
seal_030,1496,2,i118,i118,normal,synthetic_indus_like,
seal_030,1497,1,i051,i051,normal,synthetic_indus_like,
seal_030,1497,2,i069,i069,normal,synthetic_indus_like,
seal_030,1498,1,i007,i007,normal,synthetic_indus_like,
seal_030,1498,2,i020,i020,normal,synthetic_indus_like,
seal_030,1499,1,i006,i006,normal,synthetic_indus_like,
seal_030,1499,2,i011,i011,normal,synthetic_indus_like,
seal_030,1499,3,i019,i019,normal,synthetic_indus_like,
seal_030,1500,1,i004,i004,normal,synthetic_indus_like,
seal_030,1500,2,i016,i016,normal,synthetic_indus_like,
seal_030,1500,3,i017,i017,normal,synthetic_indus_like,
seal_031,1501,1,i001,i001,normal,synthetic_indus_like,
seal_031,1501,2,i014,i014,normal,synthetic_indus_like,
seal_031,1501,3,i019,i019,normal,synthetic_indus_like,
seal_031,1502,1,i003,i003,normal,synthetic_indus_like,
seal_031,1502,2,i018,i018,normal,synthetic_indus_like,
seal_031,1502,3,i012,i012,normal,synthetic_indus_like,
seal_031,1503,1,i003,i003,normal,synthetic_indus_like,
seal_031,1503,2,i020,i020,normal,synthetic_indus_like,
seal_031,1503,3,i019,i019,normal,synthetic_indus_like,
seal_031,1504,1,i001,i001,normal,synthetic_indus_like,
seal_031,1504,2,i013,i013,normal,synthetic_indus_like,
seal_031,1505,1,i007,i007,normal,synthetic_indus_like,
seal_031,1505,2,i057,i057,normal,synthetic_indus_like,
seal_031,1505,3,i019,i019,normal,synthetic_indus_like,
seal_031,1506,1,i004,i004,normal,synthetic_indus_like,
seal_031,1506,2,i002,i002,normal,synthetic_indus_like,
seal_031,1506,3,i046,i046,normal,synthetic_indus_like,
seal_031,1507,1,i010,i010,normal,synthetic_indus_like,
seal_031,1507,2,i038,i038,normal,synthetic_indus_like,
seal_031,1507,3,i117,i117,normal,synthetic_indus_like,
seal_031,1508,1,i006,i006,normal,synthetic_indus_like,
seal_031,1508,2,i012,i012,normal,synthetic_indus_like,
seal_031,1509,1,i031,i031,normal,synthetic_indus_like,
seal_031,1509,2,i124,i124,normal,synthetic_indus_like,
seal_031,1510,1,i048,i048,normal,synthetic_indus_like,
seal_031,1510,2,i114,i114,normal,synthetic_indus_like,
seal_031,1511,1,i001,i001,normal,synthetic_indus_like,
seal_031,1511,2,i017,i017,normal,synthetic_indus_like,
seal_031,1512,1,i055,i055,normal,synthetic_indus_like,
seal_031,1512,2,i062,i062,normal,synthetic_indus_like,
seal_031,1513,1,i001,i001,normal,synthetic_indus_like,
seal_031,1513,2,i005,i005,normal,synthetic_indus_like,
seal_031,1513,3,i037,i037,normal,synthetic_indus_like,
seal_031,1514,1,i023,i023,normal,synthetic_indus_like,
seal_031,1514,2,i080,i080,normal,synthetic_indus_like,
seal_031,1515,1,i007,i007,normal,synthetic_indus_like,
seal_031,1515,2,i010,i010,normal,synthetic_indus_like,
seal_031,1515,3,i053,i053,normal,synthetic_indus_like,
seal_031,1516,1,i007,i007,normal,synthetic_indus_like,
seal_031,1516,2,i031,i031,normal,synthetic_indus_like,
seal_031,1516,3,i020,i020,normal,synthetic_indus_like,
seal_031,1517,1,i010,i010,normal,synthetic_indus_like,
seal_031,1517,2,i020,i020,normal,synthetic_indus_like,
seal_031,1517,3,i020,i020,normal,synthetic_indus_like,
seal_031,1518,1,i010,i010,normal,synthetic_indus_like,
seal_031,1518,2,i015,i015,normal,synthetic_indus_like,
seal_031,1519,1,i003,i003,normal,synthetic_indus_like,
seal_031,1519,2,i013,i013,normal,synthetic_indus_like,
seal_031,1519,3,i017,i017,normal,synthetic_indus_like,
seal_031,1520,1,i005,i005,normal,synthetic_indus_like,
seal_031,1520,2,i045,i045,normal,synthetic_indus_like,
seal_031,1520,3,i074,i074,normal,synthetic_indus_like,
seal_031,1521,1,i004,i004,normal,synthetic_indus_like,
seal_031,1521,2,i001,i001,normal,synthetic_indus_like,
seal_031,1521,3,i021,i021,normal,synthetic_indus_like,
seal_031,1522,1,i004,i004,normal,synthetic_indus_like,
seal_031,1522,2,i006,i006,normal,synthetic_indus_like,
seal_031,1522,3,i043,i043,normal,synthetic_indus_like,
seal_031,1523,1,i006,i006,normal,synthetic_indus_like,
seal_031,1523,2,i037,i037,normal,synthetic_indus_like,
seal_031,1523,3,i077,i077,normal,synthetic_indus_like,
seal_031,1524,1,i007,i007,normal,synthetic_indus_like,
seal_031,1524,2,i018,i018,normal,synthetic_indus_like,
seal_031,1525,1,i058,i058,normal,synthetic_indus_like,
seal_031,1525,2,i136,i136,normal,synthetic_indus_like,
seal_031,1526,1,i003,i003,normal,synthetic_indus_like,
seal_031,1526,2,i016,i016,normal,synthetic_indus_like,
seal_031,1527,1,i005,i005,normal,synthetic_indus_like,
seal_031,1527,2,i014,i014,normal,synthetic_indus_like,
seal_031,1528,1,i003,i003,normal,synthetic_indus_like,
seal_031,1528,2,i016,i016,normal,synthetic_indus_like,
seal_031,1529,1,i047,i047,normal,synthetic_indus_like,
seal_031,1529,2,i085,i085,normal,synthetic_indus_like,
seal_031,1530,1,i010,i010,normal,synthetic_indus_like,
seal_031,1530,2,i017,i017,normal,synthetic_indus_like,
seal_031,1530,3,i017,i017,normal,synthetic_indus_like,
seal_031,1531,1,i001,i001,normal,synthetic_indus_like,
seal_031,1531,2,i037,i037,normal,synthetic_indus_like,
seal_031,1531,3,i016,i016,normal,synthetic_indus_like,
seal_031,1532,1,i003,i003,normal,synthetic_indus_like,
seal_031,1532,2,i040,i040,normal,synthetic_indus_like,
seal_031,1532,3,i120,i120,normal,synthetic_indus_like,
seal_031,1533,1,i007,i007,normal,synthetic_indus_like,
seal_031,1533,2,i012,i012,normal,synthetic_indus_like,
seal_031,1534,1,i007,i007,normal,synthetic_indus_like,
seal_031,1534,2,i003,i003,normal,synthetic_indus_like,
seal_031,1534,3,i046,i046,normal,synthetic_indus_like,
seal_031,1535,1,i030,i030,normal,synthetic_indus_like,
seal_031,1535,2,i089,i089,normal,synthetic_indus_like,
seal_031,1536,1,i008,i008,normal,synthetic_indus_like,
seal_031,1536,2,i018,i018,normal,synthetic_indus_like,
seal_031,1537,1,i004,i004,normal,synthetic_indus_like,
seal_031,1537,2,i015,i015,normal,synthetic_indus_like,
seal_031,1537,3,i020,i020,normal,synthetic_indus_like,
seal_031,1538,1,i056,i056,normal,synthetic_indus_like,
seal_031,1538,2,i117,i117,normal,synthetic_indus_like,
seal_031,1539,1,i005,i005,normal,synthetic_indus_like,
seal_031,1539,2,i015,i015,normal,synthetic_indus_like,
seal_031,1539,3,i012,i012,normal,synthetic_indus_like,
seal_031,1540,1,i007,i007,normal,synthetic_indus_like,
seal_031,1540,2,i010,i010,normal,synthetic_indus_like,
seal_031,1540,3,i037,i037,normal,synthetic_indus_like,
seal_031,1541,1,i001,i001,normal,synthetic_indus_like,
seal_031,1541,2,i005,i005,normal,synthetic_indus_like,
seal_031,1541,3,i050,i050,normal,synthetic_indus_like,
seal_031,1542,1,i008,i008,normal,synthetic_indus_like,
seal_031,1542,2,i005,i005,normal,synthetic_indus_like,
seal_031,1542,3,i032,i032,normal,synthetic_indus_like,
seal_031,1543,1,i040,i040,normal,synthetic_indus_like,
seal_031,1543,2,i123,i123,normal,synthetic_indus_like,
seal_031,1544,1,i006,i006,normal,synthetic_indus_like,
seal_031,1544,2,i017,i017,normal,synthetic_indus_like,
seal_031,1544,3,i015,i015,normal,synthetic_indus_like,
seal_031,1545,1,i001,i001,normal,synthetic_indus_like,
seal_031,1545,2,i030,i030,normal,synthetic_indus_like,
seal_031,1545,3,i118,i118,normal,synthetic_indus_like,
seal_031,1546,1,i002,i002,normal,synthetic_indus_like,
seal_031,1546,2,i021,i021,normal,synthetic_indus_like,
seal_031,1546,3,i019,i019,normal,synthetic_indus_like,
seal_031,1547,1,i006,i006,normal,synthetic_indus_like,
seal_031,1547,2,i023,i023,normal,synthetic_indus_like,
seal_031,1547,3,i014,i014,normal,synthetic_indus_like,
seal_031,1548,1,i007,i007,normal,synthetic_indus_like,
seal_031,1548,2,i018,i018,normal,synthetic_indus_like,
seal_031,1548,3,i020,i020,normal,synthetic_indus_like,
seal_031,1549,1,i042,i042,normal,synthetic_indus_like,
seal_031,1549,2,i147,i147,normal,synthetic_indus_like,
seal_031,1550,1,i003,i003,normal,synthetic_indus_like,
seal_031,1550,2,i053,i053,normal,synthetic_indus_like,
seal_031,1550,3,i020,i020,normal,synthetic_indus_like,
seal_032,1551,1,i003,i003,normal,synthetic_indus_like,
seal_032,1551,2,i024,i024,normal,synthetic_indus_like,
seal_032,1551,3,i069,i069,normal,synthetic_indus_like,
seal_032,1552,1,i002,i002,normal,synthetic_indus_like,
seal_032,1552,2,i020,i020,normal,synthetic_indus_like,
seal_032,1552,3,i019,i019,normal,synthetic_indus_like,
seal_032,1553,1,i008,i008,normal,synthetic_indus_like,
seal_032,1553,2,i002,i002,normal,synthetic_indus_like,
seal_032,1553,3,i050,i050,normal,synthetic_indus_like,
seal_032,1554,1,i005,i005,normal,synthetic_indus_like,
seal_032,1554,2,i020,i020,normal,synthetic_indus_like,
seal_032,1554,3,i011,i011,normal,synthetic_indus_like,
seal_032,1555,1,i010,i010,normal,synthetic_indus_like,
seal_032,1555,2,i003,i003,normal,synthetic_indus_like,
seal_032,1555,3,i025,i025,normal,synthetic_indus_like,
seal_032,1556,1,i005,i005,normal,synthetic_indus_like,
seal_032,1556,2,i035,i035,normal,synthetic_indus_like,
seal_032,1556,3,i019,i019,normal,synthetic_indus_like,
seal_032,1557,1,i007,i007,normal,synthetic_indus_like,
seal_032,1557,2,i045,i045,normal,synthetic_indus_like,
seal_032,1557,3,i015,i015,normal,synthetic_indus_like,
seal_032,1558,1,i006,i006,normal,synthetic_indus_like,
seal_032,1558,2,i021,i021,normal,synthetic_indus_like,
seal_032,1558,3,i014,i014,normal,synthetic_indus_like,
seal_032,1559,1,i031,i031,normal,synthetic_indus_like,
seal_032,1559,2,i112,i112,normal,synthetic_indus_like,
seal_032,1560,1,i009,i009,normal,synthetic_indus_like,
seal_032,1560,2,i041,i041,normal,synthetic_indus_like,
seal_032,1560,3,i011,i011,normal,synthetic_indus_like,
seal_032,1561,1,i007,i007,normal,synthetic_indus_like,
seal_032,1561,2,i055,i055,normal,synthetic_indus_like,
seal_032,1561,3,i011,i011,normal,synthetic_indus_like,
seal_032,1562,1,i005,i005,normal,synthetic_indus_like,
seal_032,1562,2,i038,i038,normal,synthetic_indus_like,
seal_032,1562,3,i095,i095,normal,synthetic_indus_like,
seal_032,1563,1,i003,i003,normal,synthetic_indus_like,
seal_032,1563,2,i011,i011,normal,synthetic_indus_like,
seal_032,1563,3,i015,i015,normal,synthetic_indus_like,
seal_032,1564,1,i008,i008,normal,synthetic_indus_like,
seal_032,1564,2,i017,i017,normal,synthetic_indus_like,
seal_032,1565,1,i007,i007,normal,synthetic_indus_like,
seal_032,1565,2,i008,i008,normal,synthetic_indus_like,
seal_032,1565,3,i021,i021,normal,synthetic_indus_like,
seal_032,1566,1,i044,i044,normal,synthetic_indus_like,
seal_032,1566,2,i096,i096,normal,synthetic_indus_like,
seal_032,1567,1,i007,i007,normal,synthetic_indus_like,
seal_032,1567,2,i013,i013,normal,synthetic_indus_like,
seal_032,1567,3,i014,i014,normal,synthetic_indus_like,
seal_032,1568,1,i003,i003,normal,synthetic_indus_like,
seal_032,1568,2,i013,i013,normal,synthetic_indus_like,
seal_032,1569,1,i001,i001,normal,synthetic_indus_like,
seal_032,1569,2,i037,i037,normal,synthetic_indus_like,
seal_032,1569,3,i013,i013,normal,synthetic_indus_like,
seal_032,1570,1,i007,i007,normal,synthetic_indus_like,
seal_032,1570,2,i003,i003,normal,synthetic_indus_like,
seal_032,1570,3,i033,i033,normal,synthetic_indus_like,
seal_032,1571,1,i007,i007,normal,synthetic_indus_like,
seal_032,1571,2,i009,i009,normal,synthetic_indus_like,
seal_032,1571,3,i053,i053,normal,synthetic_indus_like,
seal_032,1572,1,i001,i001,normal,synthetic_indus_like,
seal_032,1572,2,i009,i009,normal,synthetic_indus_like,
seal_032,1572,3,i037,i037,normal,synthetic_indus_like,
seal_032,1573,1,i003,i003,normal,synthetic_indus_like,
seal_032,1573,2,i046,i046,normal,synthetic_indus_like,
seal_032,1573,3,i011,i011,normal,synthetic_indus_like,
seal_032,1574,1,i004,i004,normal,synthetic_indus_like,
seal_032,1574,2,i005,i005,normal,synthetic_indus_like,
seal_032,1574,3,i028,i028,normal,synthetic_indus_like,
seal_032,1575,1,i001,i001,normal,synthetic_indus_like,
seal_032,1575,2,i042,i042,normal,synthetic_indus_like,
seal_032,1575,3,i140,i140,normal,synthetic_indus_like,
seal_032,1576,1,i004,i004,normal,synthetic_indus_like,
seal_032,1576,2,i001,i001,normal,synthetic_indus_like,
seal_032,1576,3,i057,i057,normal,synthetic_indus_like,
seal_032,1577,1,i002,i002,normal,synthetic_indus_like,
seal_032,1577,2,i018,i018,normal,synthetic_indus_like,
seal_032,1577,3,i016,i016,normal,synthetic_indus_like,
seal_032,1578,1,i005,i005,normal,synthetic_indus_like,
seal_032,1578,2,i012,i012,normal,synthetic_indus_like,
seal_032,1579,1,i008,i008,normal,synthetic_indus_like,
seal_032,1579,2,i014,i014,normal,synthetic_indus_like,
seal_032,1580,1,i010,i010,normal,synthetic_indus_like,
seal_032,1580,2,i020,i020,normal,synthetic_indus_like,
seal_032,1581,1,i034,i034,normal,synthetic_indus_like,
seal_032,1581,2,i119,i119,normal,synthetic_indus_like,
seal_032,1582,1,i009,i009,normal,synthetic_indus_like,
seal_032,1582,2,i017,i017,normal,synthetic_indus_like,
seal_032,1582,3,i013,i013,normal,synthetic_indus_like,
seal_032,1583,1,i056,i056,normal,synthetic_indus_like,
seal_032,1583,2,i106,i106,normal,synthetic_indus_like,
seal_032,1584,1,i025,i025,normal,synthetic_indus_like,
seal_032,1584,2,i132,i132,normal,synthetic_indus_like,
seal_032,1585,1,i008,i008,normal,synthetic_indus_like,
seal_032,1585,2,i037,i037,normal,synthetic_indus_like,
seal_032,1585,3,i015,i015,normal,synthetic_indus_like,
seal_032,1586,1,i010,i010,normal,synthetic_indus_like,
seal_032,1586,2,i055,i055,normal,synthetic_indus_like,
seal_032,1586,3,i080,i080,normal,synthetic_indus_like,
seal_032,1587,1,i005,i005,normal,synthetic_indus_like,
seal_032,1587,2,i011,i011,normal,synthetic_indus_like,
seal_032,1588,1,i001,i001,normal,synthetic_indus_like,
seal_032,1588,2,i003,i003,normal,synthetic_indus_like,
seal_032,1588,3,i046,i046,normal,synthetic_indus_like,
seal_032,1589,1,i010,i010,normal,synthetic_indus_like,
seal_032,1589,2,i018,i018,normal,synthetic_indus_like,
seal_032,1589,3,i015,i015,normal,synthetic_indus_like,
seal_032,1590,1,i010,i010,normal,synthetic_indus_like,
seal_032,1590,2,i009,i009,normal,synthetic_indus_like,
seal_032,1590,3,i051,i051,normal,synthetic_indus_like,
seal_032,1591,1,i003,i003,normal,synthetic_indus_like,
seal_032,1591,2,i007,i007,normal,synthetic_indus_like,
seal_032,1591,3,i045,i045,normal,synthetic_indus_like,
seal_032,1592,1,i005,i005,normal,synthetic_indus_like,
seal_032,1592,2,i018,i018,normal,synthetic_indus_like,
seal_032,1592,3,i013,i013,normal,synthetic_indus_like,
seal_032,1593,1,i001,i001,normal,synthetic_indus_like,
seal_032,1593,2,i019,i019,normal,synthetic_indus_like,
seal_032,1593,3,i013,i013,normal,synthetic_indus_like,
seal_032,1594,1,i004,i004,normal,synthetic_indus_like,
seal_032,1594,2,i016,i016,normal,synthetic_indus_like,
seal_032,1595,1,i002,i002,normal,synthetic_indus_like,
seal_032,1595,2,i019,i019,normal,synthetic_indus_like,
seal_032,1595,3,i015,i015,normal,synthetic_indus_like,
seal_032,1596,1,i042,i042,normal,synthetic_indus_like,
seal_032,1596,2,i067,i067,normal,synthetic_indus_like,
seal_032,1597,1,i001,i001,normal,synthetic_indus_like,
seal_032,1597,2,i029,i029,normal,synthetic_indus_like,
seal_032,1597,3,i019,i019,normal,synthetic_indus_like,
seal_032,1598,1,i010,i010,normal,synthetic_indus_like,
seal_032,1598,2,i015,i015,normal,synthetic_indus_like,
seal_032,1598,3,i016,i016,normal,synthetic_indus_like,
seal_032,1599,1,i001,i001,normal,synthetic_indus_like,
seal_032,1599,2,i020,i020,normal,synthetic_indus_like,
seal_032,1599,3,i019,i019,normal,synthetic_indus_like,
seal_032,1600,1,i005,i005,normal,synthetic_indus_like,
seal_032,1600,2,i041,i041,normal,synthetic_indus_like,
seal_032,1600,3,i015,i015,normal,synthetic_indus_like,
seal_033,1601,1,i006,i006,normal,synthetic_indus_like,
seal_033,1601,2,i016,i016,normal,synthetic_indus_like,
seal_033,1601,3,i019,i019,normal,synthetic_indus_like,
seal_033,1602,1,i003,i003,normal,synthetic_indus_like,
seal_033,1602,2,i031,i031,normal,synthetic_indus_like,
seal_033,1602,3,i020,i020,normal,synthetic_indus_like,
seal_033,1603,1,i049,i049,normal,synthetic_indus_like,
seal_033,1603,2,i062,i062,normal,synthetic_indus_like,
seal_033,1604,1,i044,i044,normal,synthetic_indus_like,
seal_033,1604,2,i086,i086,normal,synthetic_indus_like,
seal_033,1605,1,i024,i024,normal,synthetic_indus_like,
seal_033,1605,2,i108,i108,normal,synthetic_indus_like,
seal_033,1606,1,i005,i005,normal,synthetic_indus_like,
seal_033,1606,2,i049,i049,normal,synthetic_indus_like,
seal_033,1606,3,i020,i020,normal,synthetic_indus_like,
seal_033,1607,1,i010,i010,normal,synthetic_indus_like,
seal_033,1607,2,i009,i009,normal,synthetic_indus_like,
seal_033,1607,3,i046,i046,normal,synthetic_indus_like,
seal_033,1608,1,i009,i009,normal,synthetic_indus_like,
seal_033,1608,2,i011,i011,normal,synthetic_indus_like,
seal_033,1608,3,i016,i016,normal,synthetic_indus_like,
seal_033,1609,1,i004,i004,normal,synthetic_indus_like,
seal_033,1609,2,i001,i001,normal,synthetic_indus_like,
seal_033,1609,3,i027,i027,normal,synthetic_indus_like,
seal_033,1610,1,i004,i004,normal,synthetic_indus_like,
seal_033,1610,2,i003,i003,normal,synthetic_indus_like,
seal_033,1610,3,i034,i034,normal,synthetic_indus_like,
seal_033,1611,1,i009,i009,normal,synthetic_indus_like,
seal_033,1611,2,i016,i016,normal,synthetic_indus_like,
seal_033,1612,1,i007,i007,normal,synthetic_indus_like,
seal_033,1612,2,i060,i060,normal,synthetic_indus_like,
seal_033,1612,3,i085,i085,normal,synthetic_indus_like,
seal_033,1613,1,i025,i025,normal,synthetic_indus_like,
seal_033,1613,2,i138,i138,normal,synthetic_indus_like,
seal_033,1614,1,i006,i006,normal,synthetic_indus_like,
seal_033,1614,2,i003,i003,normal,synthetic_indus_like,
seal_033,1614,3,i045,i045,normal,synthetic_indus_like,
seal_033,1615,1,i003,i003,normal,synthetic_indus_like,
seal_033,1615,2,i013,i013,normal,synthetic_indus_like,
seal_033,1615,3,i017,i017,normal,synthetic_indus_like,
seal_033,1616,1,i004,i004,normal,synthetic_indus_like,
seal_033,1616,2,i034,i034,normal,synthetic_indus_like,
seal_033,1616,3,i012,i012,normal,synthetic_indus_like,
seal_033,1617,1,i008,i008,normal,synthetic_indus_like,
seal_033,1617,2,i015,i015,normal,synthetic_indus_like,
seal_033,1618,1,i001,i001,normal,synthetic_indus_like,
seal_033,1618,2,i029,i029,normal,synthetic_indus_like,
seal_033,1618,3,i018,i018,normal,synthetic_indus_like,
seal_033,1619,1,i033,i033,normal,synthetic_indus_like,
seal_033,1619,2,i126,i126,normal,synthetic_indus_like,
seal_033,1620,1,i054,i054,normal,synthetic_indus_like,
seal_033,1620,2,i088,i088,normal,synthetic_indus_like,
seal_033,1621,1,i001,i001,normal,synthetic_indus_like,
seal_033,1621,2,i010,i010,normal,synthetic_indus_like,
seal_033,1621,3,i060,i060,normal,synthetic_indus_like,
seal_033,1622,1,i027,i027,normal,synthetic_indus_like,
seal_033,1622,2,i077,i077,normal,synthetic_indus_like,
seal_033,1623,1,i007,i007,normal,synthetic_indus_like,
seal_033,1623,2,i031,i031,normal,synthetic_indus_like,
seal_033,1623,3,i078,i078,normal,synthetic_indus_like,
seal_033,1624,1,i003,i003,normal,synthetic_indus_like,
seal_033,1624,2,i003,i003,normal,synthetic_indus_like,
seal_033,1624,3,i042,i042,normal,synthetic_indus_like,
seal_033,1625,1,i002,i002,normal,synthetic_indus_like,
seal_033,1625,2,i014,i014,normal,synthetic_indus_like,
seal_033,1626,1,i001,i001,normal,synthetic_indus_like,
seal_033,1626,2,i041,i041,normal,synthetic_indus_like,
seal_033,1626,3,i126,i126,normal,synthetic_indus_like,
seal_033,1627,1,i007,i007,normal,synthetic_indus_like,
seal_033,1627,2,i028,i028,normal,synthetic_indus_like,
seal_033,1627,3,i067,i067,normal,synthetic_indus_like,
seal_033,1628,1,i021,i021,normal,synthetic_indus_like,
seal_033,1628,2,i073,i073,normal,synthetic_indus_like,
seal_033,1629,1,i006,i006,normal,synthetic_indus_like,
seal_033,1629,2,i052,i052,normal,synthetic_indus_like,
seal_033,1629,3,i019,i019,normal,synthetic_indus_like,
seal_033,1630,1,i047,i047,normal,synthetic_indus_like,
seal_033,1630,2,i128,i128,normal,synthetic_indus_like,
seal_033,1631,1,i003,i003,normal,synthetic_indus_like,
seal_033,1631,2,i005,i005,normal,synthetic_indus_like,
seal_033,1631,3,i040,i040,normal,synthetic_indus_like,
seal_033,1632,1,i009,i009,normal,synthetic_indus_like,
seal_033,1632,2,i047,i047,normal,synthetic_indus_like,
seal_033,1632,3,i019,i019,normal,synthetic_indus_like,
seal_033,1633,1,i010,i010,normal,synthetic_indus_like,
seal_033,1633,2,i040,i040,normal,synthetic_indus_like,
seal_033,1633,3,i015,i015,normal,synthetic_indus_like,
seal_033,1634,1,i004,i004,normal,synthetic_indus_like,
seal_033,1634,2,i005,i005,normal,synthetic_indus_like,
seal_033,1634,3,i058,i058,normal,synthetic_indus_like,
seal_033,1635,1,i007,i007,normal,synthetic_indus_like,
seal_033,1635,2,i020,i020,normal,synthetic_indus_like,
seal_033,1635,3,i015,i015,normal,synthetic_indus_like,
seal_033,1636,1,i010,i010,normal,synthetic_indus_like,
seal_033,1636,2,i037,i037,normal,synthetic_indus_like,
seal_033,1636,3,i147,i147,normal,synthetic_indus_like,
seal_033,1637,1,i007,i007,normal,synthetic_indus_like,
seal_033,1637,2,i001,i001,normal,synthetic_indus_like,
seal_033,1637,3,i031,i031,normal,synthetic_indus_like,
seal_033,1638,1,i033,i033,normal,synthetic_indus_like,
seal_033,1638,2,i100,i100,normal,synthetic_indus_like,
seal_033,1639,1,i006,i006,normal,synthetic_indus_like,
seal_033,1639,2,i010,i010,normal,synthetic_indus_like,
seal_033,1639,3,i044,i044,normal,synthetic_indus_like,
seal_033,1640,1,i003,i003,normal,synthetic_indus_like,
seal_033,1640,2,i010,i010,normal,synthetic_indus_like,
seal_033,1640,3,i041,i041,normal,synthetic_indus_like,
seal_033,1641,1,i009,i009,normal,synthetic_indus_like,
seal_033,1641,2,i007,i007,normal,synthetic_indus_like,
seal_033,1641,3,i060,i060,normal,synthetic_indus_like,
seal_033,1642,1,i003,i003,normal,synthetic_indus_like,
seal_033,1642,2,i010,i010,normal,synthetic_indus_like,
seal_033,1642,3,i034,i034,normal,synthetic_indus_like,
seal_033,1643,1,i010,i010,normal,synthetic_indus_like,
seal_033,1643,2,i005,i005,normal,synthetic_indus_like,
seal_033,1643,3,i047,i047,normal,synthetic_indus_like,
seal_033,1644,1,i022,i022,normal,synthetic_indus_like,
seal_033,1644,2,i080,i080,normal,synthetic_indus_like,
seal_033,1645,1,i009,i009,normal,synthetic_indus_like,
seal_033,1645,2,i005,i005,normal,synthetic_indus_like,
seal_033,1645,3,i050,i050,normal,synthetic_indus_like,
seal_033,1646,1,i004,i004,normal,synthetic_indus_like,
seal_033,1646,2,i018,i018,normal,synthetic_indus_like,
seal_033,1646,3,i019,i019,normal,synthetic_indus_like,
seal_033,1647,1,i009,i009,normal,synthetic_indus_like,
seal_033,1647,2,i034,i034,normal,synthetic_indus_like,
seal_033,1647,3,i125,i125,normal,synthetic_indus_like,
seal_033,1648,1,i009,i009,normal,synthetic_indus_like,
seal_033,1648,2,i001,i001,normal,synthetic_indus_like,
seal_033,1648,3,i030,i030,normal,synthetic_indus_like,
seal_033,1649,1,i006,i006,normal,synthetic_indus_like,
seal_033,1649,2,i002,i002,normal,synthetic_indus_like,
seal_033,1649,3,i056,i056,normal,synthetic_indus_like,
seal_033,1650,1,i003,i003,normal,synthetic_indus_like,
seal_033,1650,2,i035,i035,normal,synthetic_indus_like,
seal_033,1650,3,i122,i122,normal,synthetic_indus_like,
seal_034,1651,1,i007,i007,normal,synthetic_indus_like,
seal_034,1651,2,i015,i015,normal,synthetic_indus_like,
seal_034,1651,3,i020,i020,normal,synthetic_indus_like,
seal_034,1652,1,i008,i008,normal,synthetic_indus_like,
seal_034,1652,2,i014,i014,normal,synthetic_indus_like,
seal_034,1653,1,i001,i001,normal,synthetic_indus_like,
seal_034,1653,2,i016,i016,normal,synthetic_indus_like,
seal_034,1653,3,i018,i018,normal,synthetic_indus_like,
seal_034,1654,1,i010,i010,normal,synthetic_indus_like,
seal_034,1654,2,i059,i059,normal,synthetic_indus_like,
seal_034,1654,3,i014,i014,normal,synthetic_indus_like,
seal_034,1655,1,i008,i008,normal,synthetic_indus_like,
seal_034,1655,2,i028,i028,normal,synthetic_indus_like,
seal_034,1655,3,i102,i102,normal,synthetic_indus_like,
seal_034,1656,1,i049,i049,normal,synthetic_indus_like,
seal_034,1656,2,i129,i129,normal,synthetic_indus_like,
seal_034,1657,1,i035,i035,normal,synthetic_indus_like,
seal_034,1657,2,i115,i115,normal,synthetic_indus_like,
seal_034,1658,1,i009,i009,normal,synthetic_indus_like,
seal_034,1658,2,i004,i004,normal,synthetic_indus_like,
seal_034,1658,3,i028,i028,normal,synthetic_indus_like,
seal_034,1659,1,i009,i009,normal,synthetic_indus_like,
seal_034,1659,2,i004,i004,normal,synthetic_indus_like,
seal_034,1659,3,i023,i023,normal,synthetic_indus_like,
seal_034,1660,1,i007,i007,normal,synthetic_indus_like,
seal_034,1660,2,i006,i006,normal,synthetic_indus_like,
seal_034,1660,3,i025,i025,normal,synthetic_indus_like,
seal_034,1661,1,i032,i032,normal,synthetic_indus_like,
seal_034,1661,2,i076,i076,normal,synthetic_indus_like,
seal_034,1662,1,i010,i010,normal,synthetic_indus_like,
seal_034,1662,2,i028,i028,normal,synthetic_indus_like,
seal_034,1662,3,i017,i017,normal,synthetic_indus_like,
seal_034,1663,1,i045,i045,normal,synthetic_indus_like,
seal_034,1663,2,i150,i150,normal,synthetic_indus_like,
seal_034,1664,1,i003,i003,normal,synthetic_indus_like,
seal_034,1664,2,i048,i048,normal,synthetic_indus_like,
seal_034,1664,3,i142,i142,normal,synthetic_indus_like,
seal_034,1665,1,i010,i010,normal,synthetic_indus_like,
seal_034,1665,2,i045,i045,normal,synthetic_indus_like,
seal_034,1665,3,i013,i013,normal,synthetic_indus_like,
seal_034,1666,1,i001,i001,normal,synthetic_indus_like,
seal_034,1666,2,i029,i029,normal,synthetic_indus_like,
seal_034,1666,3,i016,i016,normal,synthetic_indus_like,
seal_034,1667,1,i047,i047,normal,synthetic_indus_like,
seal_034,1667,2,i123,i123,normal,synthetic_indus_like,
seal_034,1668,1,i010,i010,normal,synthetic_indus_like,
seal_034,1668,2,i013,i013,normal,synthetic_indus_like,
seal_034,1668,3,i014,i014,normal,synthetic_indus_like,
seal_034,1669,1,i003,i003,normal,synthetic_indus_like,
seal_034,1669,2,i045,i045,normal,synthetic_indus_like,
seal_034,1669,3,i088,i088,normal,synthetic_indus_like,
seal_034,1670,1,i006,i006,normal,synthetic_indus_like,
seal_034,1670,2,i045,i045,normal,synthetic_indus_like,
seal_034,1670,3,i020,i020,normal,synthetic_indus_like,
seal_034,1671,1,i006,i006,normal,synthetic_indus_like,
seal_034,1671,2,i001,i001,normal,synthetic_indus_like,
seal_034,1671,3,i032,i032,normal,synthetic_indus_like,
seal_034,1672,1,i040,i040,normal,synthetic_indus_like,
seal_034,1672,2,i121,i121,normal,synthetic_indus_like,
seal_034,1673,1,i004,i004,normal,synthetic_indus_like,
seal_034,1673,2,i003,i003,normal,synthetic_indus_like,
seal_034,1673,3,i043,i043,normal,synthetic_indus_like,
seal_034,1674,1,i002,i002,normal,synthetic_indus_like,
seal_034,1674,2,i029,i029,normal,synthetic_indus_like,
seal_034,1674,3,i011,i011,normal,synthetic_indus_like,
seal_034,1675,1,i009,i009,normal,synthetic_indus_like,
seal_034,1675,2,i044,i044,normal,synthetic_indus_like,
seal_034,1675,3,i019,i019,normal,synthetic_indus_like,
seal_034,1676,1,i005,i005,normal,synthetic_indus_like,
seal_034,1676,2,i035,i035,normal,synthetic_indus_like,
seal_034,1676,3,i017,i017,normal,synthetic_indus_like,
seal_034,1677,1,i007,i007,normal,synthetic_indus_like,
seal_034,1677,2,i020,i020,normal,synthetic_indus_like,
seal_034,1678,1,i007,i007,normal,synthetic_indus_like,
seal_034,1678,2,i011,i011,normal,synthetic_indus_like,
seal_034,1678,3,i011,i011,normal,synthetic_indus_like,
seal_034,1679,1,i006,i006,normal,synthetic_indus_like,
seal_034,1679,2,i042,i042,normal,synthetic_indus_like,
seal_034,1679,3,i011,i011,normal,synthetic_indus_like,
seal_034,1680,1,i006,i006,normal,synthetic_indus_like,
seal_034,1680,2,i010,i010,normal,synthetic_indus_like,
seal_034,1680,3,i057,i057,normal,synthetic_indus_like,
seal_034,1681,1,i001,i001,normal,synthetic_indus_like,
seal_034,1681,2,i012,i012,normal,synthetic_indus_like,
seal_034,1682,1,i002,i002,normal,synthetic_indus_like,
seal_034,1682,2,i004,i004,normal,synthetic_indus_like,
seal_034,1682,3,i037,i037,normal,synthetic_indus_like,
seal_034,1683,1,i006,i006,normal,synthetic_indus_like,
seal_034,1683,2,i029,i029,normal,synthetic_indus_like,
seal_034,1683,3,i088,i088,normal,synthetic_indus_like,
seal_034,1684,1,i005,i005,normal,synthetic_indus_like,
seal_034,1684,2,i013,i013,normal,synthetic_indus_like,
seal_034,1685,1,i004,i004,normal,synthetic_indus_like,
seal_034,1685,2,i007,i007,normal,synthetic_indus_like,
seal_034,1685,3,i050,i050,normal,synthetic_indus_like,
seal_034,1686,1,i006,i006,normal,synthetic_indus_like,
seal_034,1686,2,i003,i003,normal,synthetic_indus_like,
seal_034,1686,3,i045,i045,normal,synthetic_indus_like,
seal_034,1687,1,i027,i027,normal,synthetic_indus_like,
seal_034,1687,2,i095,i095,normal,synthetic_indus_like,
seal_034,1688,1,i007,i007,normal,synthetic_indus_like,
seal_034,1688,2,i006,i006,normal,synthetic_indus_like,
seal_034,1688,3,i035,i035,normal,synthetic_indus_like,
seal_034,1689,1,i007,i007,normal,synthetic_indus_like,
seal_034,1689,2,i014,i014,normal,synthetic_indus_like,
seal_034,1690,1,i006,i006,normal,synthetic_indus_like,
seal_034,1690,2,i019,i019,normal,synthetic_indus_like,
seal_034,1690,3,i017,i017,normal,synthetic_indus_like,
seal_034,1691,1,i009,i009,normal,synthetic_indus_like,
seal_034,1691,2,i030,i030,normal,synthetic_indus_like,
seal_034,1691,3,i015,i015,normal,synthetic_indus_like,
seal_034,1692,1,i001,i001,normal,synthetic_indus_like,
seal_034,1692,2,i018,i018,normal,synthetic_indus_like,
seal_034,1693,1,i003,i003,normal,synthetic_indus_like,
seal_034,1693,2,i021,i021,normal,synthetic_indus_like,
seal_034,1693,3,i012,i012,normal,synthetic_indus_like,
seal_034,1694,1,i003,i003,normal,synthetic_indus_like,
seal_034,1694,2,i017,i017,normal,synthetic_indus_like,
seal_034,1695,1,i027,i027,normal,synthetic_indus_like,
seal_034,1695,2,i119,i119,normal,synthetic_indus_like,
seal_034,1696,1,i001,i001,normal,synthetic_indus_like,
seal_034,1696,2,i017,i017,normal,synthetic_indus_like,
seal_034,1697,1,i002,i002,normal,synthetic_indus_like,
seal_034,1697,2,i017,i017,normal,synthetic_indus_like,
seal_034,1697,3,i012,i012,normal,synthetic_indus_like,
seal_034,1698,1,i007,i007,normal,synthetic_indus_like,
seal_034,1698,2,i018,i018,normal,synthetic_indus_like,
seal_034,1699,1,i004,i004,normal,synthetic_indus_like,
seal_034,1699,2,i038,i038,normal,synthetic_indus_like,
seal_034,1699,3,i019,i019,normal,synthetic_indus_like,
seal_034,1700,1,i002,i002,normal,synthetic_indus_like,
seal_034,1700,2,i002,i002,normal,synthetic_indus_like,
seal_034,1700,3,i046,i046,normal,synthetic_indus_like,
seal_035,1701,1,i007,i007,normal,synthetic_indus_like,
seal_035,1701,2,i002,i002,normal,synthetic_indus_like,
seal_035,1701,3,i046,i046,normal,synthetic_indus_like,
seal_035,1702,1,i008,i008,normal,synthetic_indus_like,
seal_035,1702,2,i020,i020,normal,synthetic_indus_like,
seal_035,1703,1,i002,i002,normal,synthetic_indus_like,
seal_035,1703,2,i004,i004,normal,synthetic_indus_like,
seal_035,1703,3,i055,i055,normal,synthetic_indus_like,
seal_035,1704,1,i001,i001,normal,synthetic_indus_like,
seal_035,1704,2,i003,i003,normal,synthetic_indus_like,
seal_035,1704,3,i040,i040,normal,synthetic_indus_like,
seal_035,1705,1,i004,i004,normal,synthetic_indus_like,
seal_035,1705,2,i017,i017,normal,synthetic_indus_like,
seal_035,1705,3,i018,i018,normal,synthetic_indus_like,
seal_035,1706,1,i004,i004,normal,synthetic_indus_like,
seal_035,1706,2,i009,i009,normal,synthetic_indus_like,
seal_035,1706,3,i026,i026,normal,synthetic_indus_like,
seal_035,1707,1,i010,i010,normal,synthetic_indus_like,
seal_035,1707,2,i017,i017,normal,synthetic_indus_like,
seal_035,1708,1,i001,i001,normal,synthetic_indus_like,
seal_035,1708,2,i013,i013,normal,synthetic_indus_like,
seal_035,1709,1,i055,i055,normal,synthetic_indus_like,
seal_035,1709,2,i137,i137,normal,synthetic_indus_like,
seal_035,1710,1,i044,i044,normal,synthetic_indus_like,
seal_035,1710,2,i074,i074,normal,synthetic_indus_like,
seal_035,1711,1,i026,i026,normal,synthetic_indus_like,
seal_035,1711,2,i119,i119,normal,synthetic_indus_like,
seal_035,1712,1,i039,i039,normal,synthetic_indus_like,
seal_035,1712,2,i144,i144,normal,synthetic_indus_like,
seal_035,1713,1,i002,i002,normal,synthetic_indus_like,
seal_035,1713,2,i001,i001,normal,synthetic_indus_like,
seal_035,1713,3,i021,i021,normal,synthetic_indus_like,
seal_035,1714,1,i003,i003,normal,synthetic_indus_like,
seal_035,1714,2,i004,i004,normal,synthetic_indus_like,
seal_035,1714,3,i053,i053,normal,synthetic_indus_like,
seal_035,1715,1,i009,i009,normal,synthetic_indus_like,
seal_035,1715,2,i030,i030,normal,synthetic_indus_like,
seal_035,1715,3,i015,i015,normal,synthetic_indus_like,
seal_035,1716,1,i049,i049,normal,synthetic_indus_like,
seal_035,1716,2,i138,i138,normal,synthetic_indus_like,
seal_035,1717,1,i002,i002,normal,synthetic_indus_like,
seal_035,1717,2,i044,i044,normal,synthetic_indus_like,
seal_035,1717,3,i123,i123,normal,synthetic_indus_like,
seal_035,1718,1,i008,i008,normal,synthetic_indus_like,
seal_035,1718,2,i054,i054,normal,synthetic_indus_like,
seal_035,1718,3,i014,i014,normal,synthetic_indus_like,
seal_035,1719,1,i010,i010,normal,synthetic_indus_like,
seal_035,1719,2,i042,i042,normal,synthetic_indus_like,
seal_035,1719,3,i013,i013,normal,synthetic_indus_like,
seal_035,1720,1,i010,i010,normal,synthetic_indus_like,
seal_035,1720,2,i012,i012,normal,synthetic_indus_like,
seal_035,1721,1,i010,i010,normal,synthetic_indus_like,
seal_035,1721,2,i020,i020,normal,synthetic_indus_like,
seal_035,1721,3,i011,i011,normal,synthetic_indus_like,
seal_035,1722,1,i038,i038,normal,synthetic_indus_like,
seal_035,1722,2,i084,i084,normal,synthetic_indus_like,
seal_035,1723,1,i045,i045,normal,synthetic_indus_like,
seal_035,1723,2,i069,i069,normal,synthetic_indus_like,
seal_035,1724,1,i007,i007,normal,synthetic_indus_like,
seal_035,1724,2,i056,i056,normal,synthetic_indus_like,
seal_035,1724,3,i069,i069,normal,synthetic_indus_like,
seal_035,1725,1,i038,i038,normal,synthetic_indus_like,
seal_035,1725,2,i085,i085,normal,synthetic_indus_like,
seal_035,1726,1,i003,i003,normal,synthetic_indus_like,
seal_035,1726,2,i037,i037,normal,synthetic_indus_like,
seal_035,1726,3,i083,i083,normal,synthetic_indus_like,
seal_035,1727,1,i040,i040,normal,synthetic_indus_like,
seal_035,1727,2,i075,i075,normal,synthetic_indus_like,
seal_035,1728,1,i006,i006,normal,synthetic_indus_like,
seal_035,1728,2,i050,i050,normal,synthetic_indus_like,
seal_035,1728,3,i015,i015,normal,synthetic_indus_like,
seal_035,1729,1,i002,i002,normal,synthetic_indus_like,
seal_035,1729,2,i041,i041,normal,synthetic_indus_like,
seal_035,1729,3,i142,i142,normal,synthetic_indus_like,
seal_035,1730,1,i007,i007,normal,synthetic_indus_like,
seal_035,1730,2,i013,i013,normal,synthetic_indus_like,
seal_035,1730,3,i020,i020,normal,synthetic_indus_like,
seal_035,1731,1,i003,i003,normal,synthetic_indus_like,
seal_035,1731,2,i003,i003,normal,synthetic_indus_like,
seal_035,1731,3,i022,i022,normal,synthetic_indus_like,
seal_035,1732,1,i004,i004,normal,synthetic_indus_like,
seal_035,1732,2,i028,i028,normal,synthetic_indus_like,
seal_035,1732,3,i090,i090,normal,synthetic_indus_like,
seal_035,1733,1,i006,i006,normal,synthetic_indus_like,
seal_035,1733,2,i001,i001,normal,synthetic_indus_like,
seal_035,1733,3,i032,i032,normal,synthetic_indus_like,
seal_035,1734,1,i006,i006,normal,synthetic_indus_like,
seal_035,1734,2,i060,i060,normal,synthetic_indus_like,
seal_035,1734,3,i014,i014,normal,synthetic_indus_like,
seal_035,1735,1,i010,i010,normal,synthetic_indus_like,
seal_035,1735,2,i040,i040,normal,synthetic_indus_like,
seal_035,1735,3,i061,i061,normal,synthetic_indus_like,
seal_035,1736,1,i002,i002,normal,synthetic_indus_like,
seal_035,1736,2,i017,i017,normal,synthetic_indus_like,
seal_035,1736,3,i018,i018,normal,synthetic_indus_like,
seal_035,1737,1,i005,i005,normal,synthetic_indus_like,
seal_035,1737,2,i016,i016,normal,synthetic_indus_like,
seal_035,1737,3,i014,i014,normal,synthetic_indus_like,
seal_035,1738,1,i009,i009,normal,synthetic_indus_like,
seal_035,1738,2,i012,i012,normal,synthetic_indus_like,
seal_035,1739,1,i008,i008,normal,synthetic_indus_like,
seal_035,1739,2,i019,i019,normal,synthetic_indus_like,
seal_035,1740,1,i008,i008,normal,synthetic_indus_like,
seal_035,1740,2,i007,i007,normal,synthetic_indus_like,
seal_035,1740,3,i034,i034,normal,synthetic_indus_like,
seal_035,1741,1,i009,i009,normal,synthetic_indus_like,
seal_035,1741,2,i005,i005,normal,synthetic_indus_like,
seal_035,1741,3,i053,i053,normal,synthetic_indus_like,
seal_035,1742,1,i009,i009,normal,synthetic_indus_like,
seal_035,1742,2,i020,i020,normal,synthetic_indus_like,
seal_035,1742,3,i013,i013,normal,synthetic_indus_like,
seal_035,1743,1,i009,i009,normal,synthetic_indus_like,
seal_035,1743,2,i014,i014,normal,synthetic_indus_like,
seal_035,1744,1,i034,i034,normal,synthetic_indus_like,
seal_035,1744,2,i128,i128,normal,synthetic_indus_like,
seal_035,1745,1,i005,i005,normal,synthetic_indus_like,
seal_035,1745,2,i003,i003,normal,synthetic_indus_like,
seal_035,1745,3,i048,i048,normal,synthetic_indus_like,
seal_035,1746,1,i007,i007,normal,synthetic_indus_like,
seal_035,1746,2,i006,i006,normal,synthetic_indus_like,
seal_035,1746,3,i045,i045,normal,synthetic_indus_like,
seal_035,1747,1,i007,i007,normal,synthetic_indus_like,
seal_035,1747,2,i013,i013,normal,synthetic_indus_like,
seal_035,1747,3,i016,i016,normal,synthetic_indus_like,
seal_035,1748,1,i004,i004,normal,synthetic_indus_like,
seal_035,1748,2,i016,i016,normal,synthetic_indus_like,
seal_035,1749,1,i010,i010,normal,synthetic_indus_like,
seal_035,1749,2,i004,i004,normal,synthetic_indus_like,
seal_035,1749,3,i037,i037,normal,synthetic_indus_like,
seal_035,1750,1,i021,i021,normal,synthetic_indus_like,
seal_035,1750,2,i097,i097,normal,synthetic_indus_like,
seal_036,1751,1,i004,i004,normal,synthetic_indus_like,
seal_036,1751,2,i018,i018,normal,synthetic_indus_like,
seal_036,1752,1,i007,i007,normal,synthetic_indus_like,
seal_036,1752,2,i033,i033,normal,synthetic_indus_like,
seal_036,1752,3,i113,i113,normal,synthetic_indus_like,
seal_036,1753,1,i009,i009,normal,synthetic_indus_like,
seal_036,1753,2,i038,i038,normal,synthetic_indus_like,
seal_036,1753,3,i077,i077,normal,synthetic_indus_like,
seal_036,1754,1,i009,i009,normal,synthetic_indus_like,
seal_036,1754,2,i013,i013,normal,synthetic_indus_like,
seal_036,1754,3,i019,i019,normal,synthetic_indus_like,
seal_036,1755,1,i010,i010,normal,synthetic_indus_like,
seal_036,1755,2,i005,i005,normal,synthetic_indus_like,
seal_036,1755,3,i048,i048,normal,synthetic_indus_like,
seal_036,1756,1,i001,i001,normal,synthetic_indus_like,
seal_036,1756,2,i011,i011,normal,synthetic_indus_like,
seal_036,1756,3,i012,i012,normal,synthetic_indus_like,
seal_036,1757,1,i054,i054,normal,synthetic_indus_like,
seal_036,1757,2,i126,i126,normal,synthetic_indus_like,
seal_036,1758,1,i004,i004,normal,synthetic_indus_like,
seal_036,1758,2,i016,i016,normal,synthetic_indus_like,
seal_036,1758,3,i014,i014,normal,synthetic_indus_like,
seal_036,1759,1,i010,i010,normal,synthetic_indus_like,
seal_036,1759,2,i011,i011,normal,synthetic_indus_like,
seal_036,1759,3,i012,i012,normal,synthetic_indus_like,
seal_036,1760,1,i009,i009,normal,synthetic_indus_like,
seal_036,1760,2,i019,i019,normal,synthetic_indus_like,
seal_036,1761,1,i007,i007,normal,synthetic_indus_like,
seal_036,1761,2,i017,i017,normal,synthetic_indus_like,
seal_036,1761,3,i019,i019,normal,synthetic_indus_like,
seal_036,1762,1,i010,i010,normal,synthetic_indus_like,
seal_036,1762,2,i009,i009,normal,synthetic_indus_like,
seal_036,1762,3,i033,i033,normal,synthetic_indus_like,
seal_036,1763,1,i006,i006,normal,synthetic_indus_like,
seal_036,1763,2,i009,i009,normal,synthetic_indus_like,
seal_036,1763,3,i025,i025,normal,synthetic_indus_like,
seal_036,1764,1,i004,i004,normal,synthetic_indus_like,
seal_036,1764,2,i058,i058,normal,synthetic_indus_like,
seal_036,1764,3,i020,i020,normal,synthetic_indus_like,
seal_036,1765,1,i007,i007,normal,synthetic_indus_like,
seal_036,1765,2,i007,i007,normal,synthetic_indus_like,
seal_036,1765,3,i056,i056,normal,synthetic_indus_like,
seal_036,1766,1,i007,i007,normal,synthetic_indus_like,
seal_036,1766,2,i007,i007,normal,synthetic_indus_like,
seal_036,1766,3,i058,i058,normal,synthetic_indus_like,
seal_036,1767,1,i003,i003,normal,synthetic_indus_like,
seal_036,1767,2,i011,i011,normal,synthetic_indus_like,
seal_036,1768,1,i003,i003,normal,synthetic_indus_like,
seal_036,1768,2,i018,i018,normal,synthetic_indus_like,
seal_036,1769,1,i021,i021,normal,synthetic_indus_like,
seal_036,1769,2,i117,i117,normal,synthetic_indus_like,
seal_036,1770,1,i002,i002,normal,synthetic_indus_like,
seal_036,1770,2,i020,i020,normal,synthetic_indus_like,
seal_036,1770,3,i017,i017,normal,synthetic_indus_like,
seal_036,1771,1,i050,i050,normal,synthetic_indus_like,
seal_036,1771,2,i113,i113,normal,synthetic_indus_like,
seal_036,1772,1,i010,i010,normal,synthetic_indus_like,
seal_036,1772,2,i006,i006,normal,synthetic_indus_like,
seal_036,1772,3,i030,i030,normal,synthetic_indus_like,
seal_036,1773,1,i021,i021,normal,synthetic_indus_like,
seal_036,1773,2,i119,i119,normal,synthetic_indus_like,
seal_036,1774,1,i002,i002,normal,synthetic_indus_like,
seal_036,1774,2,i006,i006,normal,synthetic_indus_like,
seal_036,1774,3,i023,i023,normal,synthetic_indus_like,
seal_036,1775,1,i004,i004,normal,synthetic_indus_like,
seal_036,1775,2,i035,i035,normal,synthetic_indus_like,
seal_036,1775,3,i101,i101,normal,synthetic_indus_like,
seal_036,1776,1,i007,i007,normal,synthetic_indus_like,
seal_036,1776,2,i014,i014,normal,synthetic_indus_like,
seal_036,1777,1,i005,i005,normal,synthetic_indus_like,
seal_036,1777,2,i004,i004,normal,synthetic_indus_like,
seal_036,1777,3,i030,i030,normal,synthetic_indus_like,
seal_036,1778,1,i001,i001,normal,synthetic_indus_like,
seal_036,1778,2,i023,i023,normal,synthetic_indus_like,
seal_036,1778,3,i149,i149,normal,synthetic_indus_like,
seal_036,1779,1,i007,i007,normal,synthetic_indus_like,
seal_036,1779,2,i024,i024,normal,synthetic_indus_like,
seal_036,1779,3,i012,i012,normal,synthetic_indus_like,
seal_036,1780,1,i001,i001,normal,synthetic_indus_like,
seal_036,1780,2,i011,i011,normal,synthetic_indus_like,
seal_036,1781,1,i009,i009,normal,synthetic_indus_like,
seal_036,1781,2,i010,i010,normal,synthetic_indus_like,
seal_036,1781,3,i058,i058,normal,synthetic_indus_like,
seal_036,1782,1,i005,i005,normal,synthetic_indus_like,
seal_036,1782,2,i014,i014,normal,synthetic_indus_like,
seal_036,1783,1,i008,i008,normal,synthetic_indus_like,
seal_036,1783,2,i047,i047,normal,synthetic_indus_like,
seal_036,1783,3,i017,i017,normal,synthetic_indus_like,
seal_036,1784,1,i009,i009,normal,synthetic_indus_like,
seal_036,1784,2,i014,i014,normal,synthetic_indus_like,
seal_036,1785,1,i010,i010,normal,synthetic_indus_like,
seal_036,1785,2,i012,i012,normal,synthetic_indus_like,
seal_036,1786,1,i001,i001,normal,synthetic_indus_like,
seal_036,1786,2,i012,i012,normal,synthetic_indus_like,
seal_036,1786,3,i017,i017,normal,synthetic_indus_like,
seal_036,1787,1,i007,i007,normal,synthetic_indus_like,
seal_036,1787,2,i019,i019,normal,synthetic_indus_like,
seal_036,1787,3,i019,i019,normal,synthetic_indus_like,
seal_036,1788,1,i004,i004,normal,synthetic_indus_like,
seal_036,1788,2,i018,i018,normal,synthetic_indus_like,
seal_036,1789,1,i006,i006,normal,synthetic_indus_like,
seal_036,1789,2,i003,i003,normal,synthetic_indus_like,
seal_036,1789,3,i032,i032,normal,synthetic_indus_like,
seal_036,1790,1,i008,i008,normal,synthetic_indus_like,
seal_036,1790,2,i018,i018,normal,synthetic_indus_like,
seal_036,1790,3,i018,i018,normal,synthetic_indus_like,
seal_036,1791,1,i055,i055,normal,synthetic_indus_like,
seal_036,1791,2,i064,i064,normal,synthetic_indus_like,
seal_036,1792,1,i008,i008,normal,synthetic_indus_like,
seal_036,1792,2,i012,i012,normal,synthetic_indus_like,
seal_036,1793,1,i001,i001,normal,synthetic_indus_like,
seal_036,1793,2,i020,i020,normal,synthetic_indus_like,
seal_036,1793,3,i013,i013,normal,synthetic_indus_like,
seal_036,1794,1,i009,i009,normal,synthetic_indus_like,
seal_036,1794,2,i052,i052,normal,synthetic_indus_like,
seal_036,1794,3,i016,i016,normal,synthetic_indus_like,
seal_036,1795,1,i007,i007,normal,synthetic_indus_like,
seal_036,1795,2,i020,i020,normal,synthetic_indus_like,
seal_036,1795,3,i016,i016,normal,synthetic_indus_like,
seal_036,1796,1,i003,i003,normal,synthetic_indus_like,
seal_036,1796,2,i017,i017,normal,synthetic_indus_like,
seal_036,1797,1,i005,i005,normal,synthetic_indus_like,
seal_036,1797,2,i011,i011,normal,synthetic_indus_like,
seal_036,1797,3,i016,i016,normal,synthetic_indus_like,
seal_036,1798,1,i045,i045,normal,synthetic_indus_like,
seal_036,1798,2,i130,i130,normal,synthetic_indus_like,
seal_036,1799,1,i009,i009,normal,synthetic_indus_like,
seal_036,1799,2,i014,i014,normal,synthetic_indus_like,
seal_036,1800,1,i007,i007,normal,synthetic_indus_like,
seal_036,1800,2,i015,i015,normal,synthetic_indus_like,
seal_036,1800,3,i019,i019,normal,synthetic_indus_like,
seal_037,1801,1,i001,i001,normal,synthetic_indus_like,
seal_037,1801,2,i009,i009,normal,synthetic_indus_like,
seal_037,1801,3,i059,i059,normal,synthetic_indus_like,
seal_037,1802,1,i006,i006,normal,synthetic_indus_like,
seal_037,1802,2,i011,i011,normal,synthetic_indus_like,
seal_037,1802,3,i016,i016,normal,synthetic_indus_like,
seal_037,1803,1,i001,i001,normal,synthetic_indus_like,
seal_037,1803,2,i008,i008,normal,synthetic_indus_like,
seal_037,1803,3,i033,i033,normal,synthetic_indus_like,
seal_037,1804,1,i010,i010,normal,synthetic_indus_like,
seal_037,1804,2,i041,i041,normal,synthetic_indus_like,
seal_037,1804,3,i015,i015,normal,synthetic_indus_like,
seal_037,1805,1,i056,i056,normal,synthetic_indus_like,
seal_037,1805,2,i073,i073,normal,synthetic_indus_like,
seal_037,1806,1,i002,i002,normal,synthetic_indus_like,
seal_037,1806,2,i013,i013,normal,synthetic_indus_like,
seal_037,1806,3,i014,i014,normal,synthetic_indus_like,
seal_037,1807,1,i005,i005,normal,synthetic_indus_like,
seal_037,1807,2,i003,i003,normal,synthetic_indus_like,
seal_037,1807,3,i056,i056,normal,synthetic_indus_like,
seal_037,1808,1,i009,i009,normal,synthetic_indus_like,
seal_037,1808,2,i033,i033,normal,synthetic_indus_like,
seal_037,1808,3,i019,i019,normal,synthetic_indus_like,
seal_037,1809,1,i008,i008,normal,synthetic_indus_like,
seal_037,1809,2,i011,i011,normal,synthetic_indus_like,
seal_037,1809,3,i017,i017,normal,synthetic_indus_like,
seal_037,1810,1,i008,i008,normal,synthetic_indus_like,
seal_037,1810,2,i033,i033,normal,synthetic_indus_like,
seal_037,1810,3,i014,i014,normal,synthetic_indus_like,
seal_037,1811,1,i001,i001,normal,synthetic_indus_like,
seal_037,1811,2,i058,i058,normal,synthetic_indus_like,
seal_037,1811,3,i140,i140,normal,synthetic_indus_like,
seal_037,1812,1,i004,i004,normal,synthetic_indus_like,
seal_037,1812,2,i026,i026,normal,synthetic_indus_like,
seal_037,1812,3,i020,i020,normal,synthetic_indus_like,
seal_037,1813,1,i004,i004,normal,synthetic_indus_like,
seal_037,1813,2,i038,i038,normal,synthetic_indus_like,
seal_037,1813,3,i090,i090,normal,synthetic_indus_like,
seal_037,1814,1,i006,i006,normal,synthetic_indus_like,
seal_037,1814,2,i011,i011,normal,synthetic_indus_like,
seal_037,1815,1,i008,i008,normal,synthetic_indus_like,
seal_037,1815,2,i045,i045,normal,synthetic_indus_like,
seal_037,1815,3,i120,i120,normal,synthetic_indus_like,
seal_037,1816,1,i005,i005,normal,synthetic_indus_like,
seal_037,1816,2,i014,i014,normal,synthetic_indus_like,
seal_037,1816,3,i012,i012,normal,synthetic_indus_like,
seal_037,1817,1,i010,i010,normal,synthetic_indus_like,
seal_037,1817,2,i044,i044,normal,synthetic_indus_like,
seal_037,1817,3,i014,i014,normal,synthetic_indus_like,
seal_037,1818,1,i010,i010,normal,synthetic_indus_like,
seal_037,1818,2,i012,i012,normal,synthetic_indus_like,
seal_037,1819,1,i004,i004,normal,synthetic_indus_like,
seal_037,1819,2,i010,i010,normal,synthetic_indus_like,
seal_037,1819,3,i030,i030,normal,synthetic_indus_like,
seal_037,1820,1,i001,i001,normal,synthetic_indus_like,
seal_037,1820,2,i049,i049,normal,synthetic_indus_like,
seal_037,1820,3,i143,i143,normal,synthetic_indus_like,
seal_037,1821,1,i004,i004,normal,synthetic_indus_like,
seal_037,1821,2,i001,i001,normal,synthetic_indus_like,
seal_037,1821,3,i037,i037,normal,synthetic_indus_like,
seal_037,1822,1,i006,i006,normal,synthetic_indus_like,
seal_037,1822,2,i011,i011,normal,synthetic_indus_like,
seal_037,1822,3,i013,i013,normal,synthetic_indus_like,
seal_037,1823,1,i007,i007,normal,synthetic_indus_like,
seal_037,1823,2,i018,i018,normal,synthetic_indus_like,
seal_037,1823,3,i016,i016,normal,synthetic_indus_like,
seal_037,1824,1,i001,i001,normal,synthetic_indus_like,
seal_037,1824,2,i002,i002,normal,synthetic_indus_like,
seal_037,1824,3,i036,i036,normal,synthetic_indus_like,
seal_037,1825,1,i002,i002,normal,synthetic_indus_like,
seal_037,1825,2,i009,i009,normal,synthetic_indus_like,
seal_037,1825,3,i040,i040,normal,synthetic_indus_like,
seal_037,1826,1,i010,i010,normal,synthetic_indus_like,
seal_037,1826,2,i012,i012,normal,synthetic_indus_like,
seal_037,1827,1,i053,i053,normal,synthetic_indus_like,
seal_037,1827,2,i136,i136,normal,synthetic_indus_like,
seal_037,1828,1,i005,i005,normal,synthetic_indus_like,
seal_037,1828,2,i056,i056,normal,synthetic_indus_like,
seal_037,1828,3,i107,i107,normal,synthetic_indus_like,
seal_037,1829,1,i054,i054,normal,synthetic_indus_like,
seal_037,1829,2,i108,i108,normal,synthetic_indus_like,
seal_037,1830,1,i006,i006,normal,synthetic_indus_like,
seal_037,1830,2,i047,i047,normal,synthetic_indus_like,
seal_037,1830,3,i020,i020,normal,synthetic_indus_like,
seal_037,1831,1,i007,i007,normal,synthetic_indus_like,
seal_037,1831,2,i014,i014,normal,synthetic_indus_like,
seal_037,1831,3,i020,i020,normal,synthetic_indus_like,
seal_037,1832,1,i001,i001,normal,synthetic_indus_like,
seal_037,1832,2,i006,i006,normal,synthetic_indus_like,
seal_037,1832,3,i044,i044,normal,synthetic_indus_like,
seal_037,1833,1,i001,i001,normal,synthetic_indus_like,
seal_037,1833,2,i015,i015,normal,synthetic_indus_like,
seal_037,1834,1,i002,i002,normal,synthetic_indus_like,
seal_037,1834,2,i016,i016,normal,synthetic_indus_like,
seal_037,1834,3,i013,i013,normal,synthetic_indus_like,
seal_037,1835,1,i007,i007,normal,synthetic_indus_like,
seal_037,1835,2,i016,i016,normal,synthetic_indus_like,
seal_037,1835,3,i017,i017,normal,synthetic_indus_like,
seal_037,1836,1,i004,i004,normal,synthetic_indus_like,
seal_037,1836,2,i017,i017,normal,synthetic_indus_like,
seal_037,1837,1,i004,i004,normal,synthetic_indus_like,
seal_037,1837,2,i026,i026,normal,synthetic_indus_like,
seal_037,1837,3,i016,i016,normal,synthetic_indus_like,
seal_037,1838,1,i001,i001,normal,synthetic_indus_like,
seal_037,1838,2,i037,i037,normal,synthetic_indus_like,
seal_037,1838,3,i011,i011,normal,synthetic_indus_like,
seal_037,1839,1,i008,i008,normal,synthetic_indus_like,
seal_037,1839,2,i042,i042,normal,synthetic_indus_like,
seal_037,1839,3,i147,i147,normal,synthetic_indus_like,
seal_037,1840,1,i009,i009,normal,synthetic_indus_like,
seal_037,1840,2,i037,i037,normal,synthetic_indus_like,
seal_037,1840,3,i020,i020,normal,synthetic_indus_like,
seal_037,1841,1,i002,i002,normal,synthetic_indus_like,
seal_037,1841,2,i019,i019,normal,synthetic_indus_like,
seal_037,1841,3,i020,i020,normal,synthetic_indus_like,
seal_037,1842,1,i004,i004,normal,synthetic_indus_like,
seal_037,1842,2,i041,i041,normal,synthetic_indus_like,
seal_037,1842,3,i017,i017,normal,synthetic_indus_like,
seal_037,1843,1,i010,i010,normal,synthetic_indus_like,
seal_037,1843,2,i034,i034,normal,synthetic_indus_like,
seal_037,1843,3,i128,i128,normal,synthetic_indus_like,
seal_037,1844,1,i001,i001,normal,synthetic_indus_like,
seal_037,1844,2,i046,i046,normal,synthetic_indus_like,
seal_037,1844,3,i019,i019,normal,synthetic_indus_like,
seal_037,1845,1,i001,i001,normal,synthetic_indus_like,
seal_037,1845,2,i015,i015,normal,synthetic_indus_like,
seal_037,1846,1,i007,i007,normal,synthetic_indus_like,
seal_037,1846,2,i014,i014,normal,synthetic_indus_like,
seal_037,1847,1,i010,i010,normal,synthetic_indus_like,
seal_037,1847,2,i058,i058,normal,synthetic_indus_like,
seal_037,1847,3,i019,i019,normal,synthetic_indus_like,
seal_037,1848,1,i003,i003,normal,synthetic_indus_like,
seal_037,1848,2,i012,i012,normal,synthetic_indus_like,
seal_037,1848,3,i013,i013,normal,synthetic_indus_like,
seal_037,1849,1,i004,i004,normal,synthetic_indus_like,
seal_037,1849,2,i057,i057,normal,synthetic_indus_like,
seal_037,1849,3,i020,i020,normal,synthetic_indus_like,
seal_037,1850,1,i010,i010,normal,synthetic_indus_like,
seal_037,1850,2,i048,i048,normal,synthetic_indus_like,
seal_037,1850,3,i150,i150,normal,synthetic_indus_like,
seal_038,1851,1,i003,i003,normal,synthetic_indus_like,
seal_038,1851,2,i012,i012,normal,synthetic_indus_like,
seal_038,1851,3,i018,i018,normal,synthetic_indus_like,
seal_038,1852,1,i008,i008,normal,synthetic_indus_like,
seal_038,1852,2,i014,i014,normal,synthetic_indus_like,
seal_038,1853,1,i004,i004,normal,synthetic_indus_like,
seal_038,1853,2,i013,i013,normal,synthetic_indus_like,
seal_038,1854,1,i005,i005,normal,synthetic_indus_like,
seal_038,1854,2,i013,i013,normal,synthetic_indus_like,
seal_038,1855,1,i009,i009,normal,synthetic_indus_like,
seal_038,1855,2,i017,i017,normal,synthetic_indus_like,
seal_038,1856,1,i009,i009,normal,synthetic_indus_like,
seal_038,1856,2,i020,i020,normal,synthetic_indus_like,
seal_038,1857,1,i007,i007,normal,synthetic_indus_like,
seal_038,1857,2,i012,i012,normal,synthetic_indus_like,
seal_038,1858,1,i003,i003,normal,synthetic_indus_like,
seal_038,1858,2,i020,i020,normal,synthetic_indus_like,
seal_038,1858,3,i020,i020,normal,synthetic_indus_like,
seal_038,1859,1,i032,i032,normal,synthetic_indus_like,
seal_038,1859,2,i082,i082,normal,synthetic_indus_like,
seal_038,1860,1,i007,i007,normal,synthetic_indus_like,
seal_038,1860,2,i017,i017,normal,synthetic_indus_like,
seal_038,1861,1,i033,i033,normal,synthetic_indus_like,
seal_038,1861,2,i099,i099,normal,synthetic_indus_like,
seal_038,1862,1,i007,i007,normal,synthetic_indus_like,
seal_038,1862,2,i016,i016,normal,synthetic_indus_like,
seal_038,1862,3,i015,i015,normal,synthetic_indus_like,
seal_038,1863,1,i010,i010,normal,synthetic_indus_like,
seal_038,1863,2,i043,i043,normal,synthetic_indus_like,
seal_038,1863,3,i081,i081,normal,synthetic_indus_like,
seal_038,1864,1,i010,i010,normal,synthetic_indus_like,
seal_038,1864,2,i017,i017,normal,synthetic_indus_like,
seal_038,1864,3,i015,i015,normal,synthetic_indus_like,
seal_038,1865,1,i010,i010,normal,synthetic_indus_like,
seal_038,1865,2,i058,i058,normal,synthetic_indus_like,
seal_038,1865,3,i104,i104,normal,synthetic_indus_like,
seal_038,1866,1,i007,i007,normal,synthetic_indus_like,
seal_038,1866,2,i049,i049,normal,synthetic_indus_like,
seal_038,1866,3,i136,i136,normal,synthetic_indus_like,
seal_038,1867,1,i005,i005,normal,synthetic_indus_like,
seal_038,1867,2,i050,i050,normal,synthetic_indus_like,
seal_038,1867,3,i011,i011,normal,synthetic_indus_like,
seal_038,1868,1,i006,i006,normal,synthetic_indus_like,
seal_038,1868,2,i021,i021,normal,synthetic_indus_like,
seal_038,1868,3,i144,i144,normal,synthetic_indus_like,
seal_038,1869,1,i005,i005,normal,synthetic_indus_like,
seal_038,1869,2,i034,i034,normal,synthetic_indus_like,
seal_038,1869,3,i108,i108,normal,synthetic_indus_like,
seal_038,1870,1,i001,i001,normal,synthetic_indus_like,
seal_038,1870,2,i013,i013,normal,synthetic_indus_like,
seal_038,1871,1,i005,i005,normal,synthetic_indus_like,
seal_038,1871,2,i032,i032,normal,synthetic_indus_like,
seal_038,1871,3,i019,i019,normal,synthetic_indus_like,
seal_038,1872,1,i008,i008,normal,synthetic_indus_like,
seal_038,1872,2,i007,i007,normal,synthetic_indus_like,
seal_038,1872,3,i032,i032,normal,synthetic_indus_like,
seal_038,1873,1,i001,i001,normal,synthetic_indus_like,
seal_038,1873,2,i026,i026,normal,synthetic_indus_like,
seal_038,1873,3,i079,i079,normal,synthetic_indus_like,
seal_038,1874,1,i009,i009,normal,synthetic_indus_like,
seal_038,1874,2,i016,i016,normal,synthetic_indus_like,
seal_038,1874,3,i013,i013,normal,synthetic_indus_like,
seal_038,1875,1,i007,i007,normal,synthetic_indus_like,
seal_038,1875,2,i014,i014,normal,synthetic_indus_like,
seal_038,1875,3,i015,i015,normal,synthetic_indus_like,
seal_038,1876,1,i003,i003,normal,synthetic_indus_like,
seal_038,1876,2,i014,i014,normal,synthetic_indus_like,
seal_038,1876,3,i014,i014,normal,synthetic_indus_like,
seal_038,1877,1,i008,i008,normal,synthetic_indus_like,
seal_038,1877,2,i018,i018,normal,synthetic_indus_like,
seal_038,1877,3,i017,i017,normal,synthetic_indus_like,
seal_038,1878,1,i005,i005,normal,synthetic_indus_like,
seal_038,1878,2,i015,i015,normal,synthetic_indus_like,
seal_038,1879,1,i008,i008,normal,synthetic_indus_like,
seal_038,1879,2,i018,i018,normal,synthetic_indus_like,
seal_038,1879,3,i015,i015,normal,synthetic_indus_like,
seal_038,1880,1,i001,i001,normal,synthetic_indus_like,
seal_038,1880,2,i005,i005,normal,synthetic_indus_like,
seal_038,1880,3,i030,i030,normal,synthetic_indus_like,
seal_038,1881,1,i010,i010,normal,synthetic_indus_like,
seal_038,1881,2,i020,i020,normal,synthetic_indus_like,
seal_038,1881,3,i011,i011,normal,synthetic_indus_like,
seal_038,1882,1,i009,i009,normal,synthetic_indus_like,
seal_038,1882,2,i003,i003,normal,synthetic_indus_like,
seal_038,1882,3,i036,i036,normal,synthetic_indus_like,
seal_038,1883,1,i002,i002,normal,synthetic_indus_like,
seal_038,1883,2,i025,i025,normal,synthetic_indus_like,
seal_038,1883,3,i068,i068,normal,synthetic_indus_like,
seal_038,1884,1,i002,i002,normal,synthetic_indus_like,
seal_038,1884,2,i026,i026,normal,synthetic_indus_like,
seal_038,1884,3,i131,i131,normal,synthetic_indus_like,
seal_038,1885,1,i008,i008,normal,synthetic_indus_like,
seal_038,1885,2,i018,i018,normal,synthetic_indus_like,
seal_038,1885,3,i017,i017,normal,synthetic_indus_like,
seal_038,1886,1,i006,i006,normal,synthetic_indus_like,
seal_038,1886,2,i029,i029,normal,synthetic_indus_like,
seal_038,1886,3,i108,i108,normal,synthetic_indus_like,
seal_038,1887,1,i038,i038,normal,synthetic_indus_like,
seal_038,1887,2,i082,i082,normal,synthetic_indus_like,
seal_038,1888,1,i001,i001,normal,synthetic_indus_like,
seal_038,1888,2,i041,i041,normal,synthetic_indus_like,
seal_038,1888,3,i015,i015,normal,synthetic_indus_like,
seal_038,1889,1,i040,i040,normal,synthetic_indus_like,
seal_038,1889,2,i118,i118,normal,synthetic_indus_like,
seal_038,1890,1,i005,i005,normal,synthetic_indus_like,
seal_038,1890,2,i027,i027,normal,synthetic_indus_like,
seal_038,1890,3,i063,i063,normal,synthetic_indus_like,
seal_038,1891,1,i008,i008,normal,synthetic_indus_like,
seal_038,1891,2,i035,i035,normal,synthetic_indus_like,
seal_038,1891,3,i016,i016,normal,synthetic_indus_like,
seal_038,1892,1,i009,i009,normal,synthetic_indus_like,
seal_038,1892,2,i026,i026,normal,synthetic_indus_like,
seal_038,1892,3,i105,i105,normal,synthetic_indus_like,
seal_038,1893,1,i002,i002,normal,synthetic_indus_like,
seal_038,1893,2,i008,i008,normal,synthetic_indus_like,
seal_038,1893,3,i056,i056,normal,synthetic_indus_like,
seal_038,1894,1,i006,i006,normal,synthetic_indus_like,
seal_038,1894,2,i009,i009,normal,synthetic_indus_like,
seal_038,1894,3,i028,i028,normal,synthetic_indus_like,
seal_038,1895,1,i002,i002,normal,synthetic_indus_like,
seal_038,1895,2,i009,i009,normal,synthetic_indus_like,
seal_038,1895,3,i023,i023,normal,synthetic_indus_like,
seal_038,1896,1,i001,i001,normal,synthetic_indus_like,
seal_038,1896,2,i020,i020,normal,synthetic_indus_like,
seal_038,1896,3,i012,i012,normal,synthetic_indus_like,
seal_038,1897,1,i026,i026,normal,synthetic_indus_like,
seal_038,1897,2,i086,i086,normal,synthetic_indus_like,
seal_038,1898,1,i002,i002,normal,synthetic_indus_like,
seal_038,1898,2,i024,i024,normal,synthetic_indus_like,
seal_038,1898,3,i139,i139,normal,synthetic_indus_like,
seal_038,1899,1,i009,i009,normal,synthetic_indus_like,
seal_038,1899,2,i040,i040,normal,synthetic_indus_like,
seal_038,1899,3,i016,i016,normal,synthetic_indus_like,
seal_038,1900,1,i007,i007,normal,synthetic_indus_like,
seal_038,1900,2,i012,i012,normal,synthetic_indus_like,
seal_039,1901,1,i003,i003,normal,synthetic_indus_like,
seal_039,1901,2,i013,i013,normal,synthetic_indus_like,
seal_039,1901,3,i015,i015,normal,synthetic_indus_like,
seal_039,1902,1,i009,i009,normal,synthetic_indus_like,
seal_039,1902,2,i014,i014,normal,synthetic_indus_like,
seal_039,1903,1,i005,i005,normal,synthetic_indus_like,
seal_039,1903,2,i052,i052,normal,synthetic_indus_like,
seal_039,1903,3,i020,i020,normal,synthetic_indus_like,
seal_039,1904,1,i004,i004,normal,synthetic_indus_like,
seal_039,1904,2,i031,i031,normal,synthetic_indus_like,
seal_039,1904,3,i013,i013,normal,synthetic_indus_like,
seal_039,1905,1,i003,i003,normal,synthetic_indus_like,
seal_039,1905,2,i060,i060,normal,synthetic_indus_like,
seal_039,1905,3,i016,i016,normal,synthetic_indus_like,
seal_039,1906,1,i005,i005,normal,synthetic_indus_like,
seal_039,1906,2,i056,i056,normal,synthetic_indus_like,
seal_039,1906,3,i011,i011,normal,synthetic_indus_like,
seal_039,1907,1,i007,i007,normal,synthetic_indus_like,
seal_039,1907,2,i016,i016,normal,synthetic_indus_like,
seal_039,1908,1,i004,i004,normal,synthetic_indus_like,
seal_039,1908,2,i009,i009,normal,synthetic_indus_like,
seal_039,1908,3,i056,i056,normal,synthetic_indus_like,
seal_039,1909,1,i001,i001,normal,synthetic_indus_like,
seal_039,1909,2,i012,i012,normal,synthetic_indus_like,
seal_039,1909,3,i012,i012,normal,synthetic_indus_like,
seal_039,1910,1,i021,i021,normal,synthetic_indus_like,
seal_039,1910,2,i088,i088,normal,synthetic_indus_like,
seal_039,1911,1,i002,i002,normal,synthetic_indus_like,
seal_039,1911,2,i015,i015,normal,synthetic_indus_like,
seal_039,1911,3,i018,i018,normal,synthetic_indus_like,
seal_039,1912,1,i003,i003,normal,synthetic_indus_like,
seal_039,1912,2,i056,i056,normal,synthetic_indus_like,
seal_039,1912,3,i014,i014,normal,synthetic_indus_like,
seal_039,1913,1,i009,i009,normal,synthetic_indus_like,
seal_039,1913,2,i007,i007,normal,synthetic_indus_like,
seal_039,1913,3,i054,i054,normal,synthetic_indus_like,
seal_039,1914,1,i004,i004,normal,synthetic_indus_like,
seal_039,1914,2,i016,i016,normal,synthetic_indus_like,
seal_039,1914,3,i014,i014,normal,synthetic_indus_like,
seal_039,1915,1,i008,i008,normal,synthetic_indus_like,
seal_039,1915,2,i015,i015,normal,synthetic_indus_like,
seal_039,1916,1,i002,i002,normal,synthetic_indus_like,
seal_039,1916,2,i051,i051,normal,synthetic_indus_like,
seal_039,1916,3,i102,i102,normal,synthetic_indus_like,
seal_039,1917,1,i002,i002,normal,synthetic_indus_like,
seal_039,1917,2,i012,i012,normal,synthetic_indus_like,
seal_039,1917,3,i015,i015,normal,synthetic_indus_like,
seal_039,1918,1,i048,i048,normal,synthetic_indus_like,
seal_039,1918,2,i093,i093,normal,synthetic_indus_like,
seal_039,1919,1,i010,i010,normal,synthetic_indus_like,
seal_039,1919,2,i007,i007,normal,synthetic_indus_like,
seal_039,1919,3,i049,i049,normal,synthetic_indus_like,
seal_039,1920,1,i005,i005,normal,synthetic_indus_like,
seal_039,1920,2,i030,i030,normal,synthetic_indus_like,
seal_039,1920,3,i077,i077,normal,synthetic_indus_like,
seal_039,1921,1,i001,i001,normal,synthetic_indus_like,
seal_039,1921,2,i012,i012,normal,synthetic_indus_like,
seal_039,1922,1,i001,i001,normal,synthetic_indus_like,
seal_039,1922,2,i012,i012,normal,synthetic_indus_like,
seal_039,1922,3,i016,i016,normal,synthetic_indus_like,
seal_039,1923,1,i001,i001,normal,synthetic_indus_like,
seal_039,1923,2,i016,i016,normal,synthetic_indus_like,
seal_039,1923,3,i014,i014,normal,synthetic_indus_like,
seal_039,1924,1,i005,i005,normal,synthetic_indus_like,
seal_039,1924,2,i060,i060,normal,synthetic_indus_like,
seal_039,1924,3,i134,i134,normal,synthetic_indus_like,
seal_039,1925,1,i007,i007,normal,synthetic_indus_like,
seal_039,1925,2,i008,i008,normal,synthetic_indus_like,
seal_039,1925,3,i030,i030,normal,synthetic_indus_like,
seal_039,1926,1,i003,i003,normal,synthetic_indus_like,
seal_039,1926,2,i017,i017,normal,synthetic_indus_like,
seal_039,1926,3,i013,i013,normal,synthetic_indus_like,
seal_039,1927,1,i008,i008,normal,synthetic_indus_like,
seal_039,1927,2,i053,i053,normal,synthetic_indus_like,
seal_039,1927,3,i015,i015,normal,synthetic_indus_like,
seal_039,1928,1,i044,i044,normal,synthetic_indus_like,
seal_039,1928,2,i069,i069,normal,synthetic_indus_like,
seal_039,1929,1,i004,i004,normal,synthetic_indus_like,
seal_039,1929,2,i019,i019,normal,synthetic_indus_like,
seal_039,1929,3,i016,i016,normal,synthetic_indus_like,
seal_039,1930,1,i006,i006,normal,synthetic_indus_like,
seal_039,1930,2,i015,i015,normal,synthetic_indus_like,
seal_039,1930,3,i020,i020,normal,synthetic_indus_like,
seal_039,1931,1,i008,i008,normal,synthetic_indus_like,
seal_039,1931,2,i017,i017,normal,synthetic_indus_like,
seal_039,1932,1,i008,i008,normal,synthetic_indus_like,
seal_039,1932,2,i012,i012,normal,synthetic_indus_like,
seal_039,1932,3,i011,i011,normal,synthetic_indus_like,
seal_039,1933,1,i003,i003,normal,synthetic_indus_like,
seal_039,1933,2,i032,i032,normal,synthetic_indus_like,
seal_039,1933,3,i106,i106,normal,synthetic_indus_like,
seal_039,1934,1,i002,i002,normal,synthetic_indus_like,
seal_039,1934,2,i004,i004,normal,synthetic_indus_like,
seal_039,1934,3,i042,i042,normal,synthetic_indus_like,
seal_039,1935,1,i006,i006,normal,synthetic_indus_like,
seal_039,1935,2,i019,i019,normal,synthetic_indus_like,
seal_039,1935,3,i011,i011,normal,synthetic_indus_like,
seal_039,1936,1,i005,i005,normal,synthetic_indus_like,
seal_039,1936,2,i012,i012,normal,synthetic_indus_like,
seal_039,1936,3,i014,i014,normal,synthetic_indus_like,
seal_039,1937,1,i001,i001,normal,synthetic_indus_like,
seal_039,1937,2,i040,i040,normal,synthetic_indus_like,
seal_039,1937,3,i011,i011,normal,synthetic_indus_like,
seal_039,1938,1,i010,i010,normal,synthetic_indus_like,
seal_039,1938,2,i006,i006,normal,synthetic_indus_like,
seal_039,1938,3,i023,i023,normal,synthetic_indus_like,
seal_039,1939,1,i008,i008,normal,synthetic_indus_like,
seal_039,1939,2,i020,i020,normal,synthetic_indus_like,
seal_039,1940,1,i002,i002,normal,synthetic_indus_like,
seal_039,1940,2,i046,i046,normal,synthetic_indus_like,
seal_039,1940,3,i080,i080,normal,synthetic_indus_like,
seal_039,1941,1,i004,i004,normal,synthetic_indus_like,
seal_039,1941,2,i044,i044,normal,synthetic_indus_like,
seal_039,1941,3,i147,i147,normal,synthetic_indus_like,
seal_039,1942,1,i001,i001,normal,synthetic_indus_like,
seal_039,1942,2,i008,i008,normal,synthetic_indus_like,
seal_039,1942,3,i029,i029,normal,synthetic_indus_like,
seal_039,1943,1,i007,i007,normal,synthetic_indus_like,
seal_039,1943,2,i017,i017,normal,synthetic_indus_like,
seal_039,1944,1,i001,i001,normal,synthetic_indus_like,
seal_039,1944,2,i018,i018,normal,synthetic_indus_like,
seal_039,1945,1,i045,i045,normal,synthetic_indus_like,
seal_039,1945,2,i064,i064,normal,synthetic_indus_like,
seal_039,1946,1,i058,i058,normal,synthetic_indus_like,
seal_039,1946,2,i074,i074,normal,synthetic_indus_like,
seal_039,1947,1,i008,i008,normal,synthetic_indus_like,
seal_039,1947,2,i015,i015,normal,synthetic_indus_like,
seal_039,1948,1,i005,i005,normal,synthetic_indus_like,
seal_039,1948,2,i045,i045,normal,synthetic_indus_like,
seal_039,1948,3,i016,i016,normal,synthetic_indus_like,
seal_039,1949,1,i001,i001,normal,synthetic_indus_like,
seal_039,1949,2,i014,i014,normal,synthetic_indus_like,
seal_039,1949,3,i019,i019,normal,synthetic_indus_like,
seal_039,1950,1,i002,i002,normal,synthetic_indus_like,
seal_039,1950,2,i009,i009,normal,synthetic_indus_like,
seal_039,1950,3,i038,i038,normal,synthetic_indus_like,
seal_040,1951,1,i004,i004,normal,synthetic_indus_like,
seal_040,1951,2,i045,i045,normal,synthetic_indus_like,
seal_040,1951,3,i062,i062,normal,synthetic_indus_like,
seal_040,1952,1,i008,i008,normal,synthetic_indus_like,
seal_040,1952,2,i008,i008,normal,synthetic_indus_like,
seal_040,1952,3,i023,i023,normal,synthetic_indus_like,
seal_040,1953,1,i008,i008,normal,synthetic_indus_like,
seal_040,1953,2,i030,i030,normal,synthetic_indus_like,
seal_040,1953,3,i066,i066,normal,synthetic_indus_like,
seal_040,1954,1,i010,i010,normal,synthetic_indus_like,
seal_040,1954,2,i014,i014,normal,synthetic_indus_like,
seal_040,1954,3,i011,i011,normal,synthetic_indus_like,
seal_040,1955,1,i058,i058,normal,synthetic_indus_like,
seal_040,1955,2,i139,i139,normal,synthetic_indus_like,
seal_040,1956,1,i009,i009,normal,synthetic_indus_like,
seal_040,1956,2,i012,i012,normal,synthetic_indus_like,
seal_040,1957,1,i055,i055,normal,synthetic_indus_like,
seal_040,1957,2,i079,i079,normal,synthetic_indus_like,
seal_040,1958,1,i003,i003,normal,synthetic_indus_like,
seal_040,1958,2,i028,i028,normal,synthetic_indus_like,
seal_040,1958,3,i115,i115,normal,synthetic_indus_like,
seal_040,1959,1,i005,i005,normal,synthetic_indus_like,
seal_040,1959,2,i014,i014,normal,synthetic_indus_like,
seal_040,1960,1,i010,i010,normal,synthetic_indus_like,
seal_040,1960,2,i014,i014,normal,synthetic_indus_like,
seal_040,1961,1,i004,i004,normal,synthetic_indus_like,
seal_040,1961,2,i026,i026,normal,synthetic_indus_like,
seal_040,1961,3,i134,i134,normal,synthetic_indus_like,
seal_040,1962,1,i010,i010,normal,synthetic_indus_like,
seal_040,1962,2,i051,i051,normal,synthetic_indus_like,
seal_040,1962,3,i020,i020,normal,synthetic_indus_like,
seal_040,1963,1,i001,i001,normal,synthetic_indus_like,
seal_040,1963,2,i042,i042,normal,synthetic_indus_like,
seal_040,1963,3,i072,i072,normal,synthetic_indus_like,
seal_040,1964,1,i008,i008,normal,synthetic_indus_like,
seal_040,1964,2,i018,i018,normal,synthetic_indus_like,
seal_040,1965,1,i007,i007,normal,synthetic_indus_like,
seal_040,1965,2,i005,i005,normal,synthetic_indus_like,
seal_040,1965,3,i035,i035,normal,synthetic_indus_like,
seal_040,1966,1,i005,i005,normal,synthetic_indus_like,
seal_040,1966,2,i055,i055,normal,synthetic_indus_like,
seal_040,1966,3,i096,i096,normal,synthetic_indus_like,
seal_040,1967,1,i003,i003,normal,synthetic_indus_like,
seal_040,1967,2,i051,i051,normal,synthetic_indus_like,
seal_040,1967,3,i067,i067,normal,synthetic_indus_like,
seal_040,1968,1,i027,i027,normal,synthetic_indus_like,
seal_040,1968,2,i074,i074,normal,synthetic_indus_like,
seal_040,1969,1,i057,i057,normal,synthetic_indus_like,
seal_040,1969,2,i119,i119,normal,synthetic_indus_like,
seal_040,1970,1,i007,i007,normal,synthetic_indus_like,
seal_040,1970,2,i020,i020,normal,synthetic_indus_like,
seal_040,1971,1,i010,i010,normal,synthetic_indus_like,
seal_040,1971,2,i049,i049,normal,synthetic_indus_like,
seal_040,1971,3,i117,i117,normal,synthetic_indus_like,
seal_040,1972,1,i008,i008,normal,synthetic_indus_like,
seal_040,1972,2,i012,i012,normal,synthetic_indus_like,
seal_040,1973,1,i029,i029,normal,synthetic_indus_like,
seal_040,1973,2,i131,i131,normal,synthetic_indus_like,
seal_040,1974,1,i001,i001,normal,synthetic_indus_like,
seal_040,1974,2,i017,i017,normal,synthetic_indus_like,
seal_040,1975,1,i005,i005,normal,synthetic_indus_like,
seal_040,1975,2,i004,i004,normal,synthetic_indus_like,
seal_040,1975,3,i021,i021,normal,synthetic_indus_like,
seal_040,1976,1,i036,i036,normal,synthetic_indus_like,
seal_040,1976,2,i122,i122,normal,synthetic_indus_like,
seal_040,1977,1,i003,i003,normal,synthetic_indus_like,
seal_040,1977,2,i044,i044,normal,synthetic_indus_like,
seal_040,1977,3,i105,i105,normal,synthetic_indus_like,
seal_040,1978,1,i009,i009,normal,synthetic_indus_like,
seal_040,1978,2,i048,i048,normal,synthetic_indus_like,
seal_040,1978,3,i131,i131,normal,synthetic_indus_like,
seal_040,1979,1,i008,i008,normal,synthetic_indus_like,
seal_040,1979,2,i023,i023,normal,synthetic_indus_like,
seal_040,1979,3,i072,i072,normal,synthetic_indus_like,
seal_040,1980,1,i055,i055,normal,synthetic_indus_like,
seal_040,1980,2,i121,i121,normal,synthetic_indus_like,
seal_040,1981,1,i006,i006,normal,synthetic_indus_like,
seal_040,1981,2,i007,i007,normal,synthetic_indus_like,
seal_040,1981,3,i032,i032,normal,synthetic_indus_like,
seal_040,1982,1,i051,i051,normal,synthetic_indus_like,
seal_040,1982,2,i061,i061,normal,synthetic_indus_like,
seal_040,1983,1,i006,i006,normal,synthetic_indus_like,
seal_040,1983,2,i015,i015,normal,synthetic_indus_like,
seal_040,1983,3,i016,i016,normal,synthetic_indus_like,
seal_040,1984,1,i008,i008,normal,synthetic_indus_like,
seal_040,1984,2,i016,i016,normal,synthetic_indus_like,
seal_040,1984,3,i011,i011,normal,synthetic_indus_like,
seal_040,1985,1,i024,i024,normal,synthetic_indus_like,
seal_040,1985,2,i122,i122,normal,synthetic_indus_like,
seal_040,1986,1,i004,i004,normal,synthetic_indus_like,
seal_040,1986,2,i009,i009,normal,synthetic_indus_like,
seal_040,1986,3,i034,i034,normal,synthetic_indus_like,
seal_040,1987,1,i006,i006,normal,synthetic_indus_like,
seal_040,1987,2,i011,i011,normal,synthetic_indus_like,
seal_040,1988,1,i002,i002,normal,synthetic_indus_like,
seal_040,1988,2,i057,i057,normal,synthetic_indus_like,
seal_040,1988,3,i077,i077,normal,synthetic_indus_like,
seal_040,1989,1,i010,i010,normal,synthetic_indus_like,
seal_040,1989,2,i033,i033,normal,synthetic_indus_like,
seal_040,1989,3,i122,i122,normal,synthetic_indus_like,
seal_040,1990,1,i006,i006,normal,synthetic_indus_like,
seal_040,1990,2,i009,i009,normal,synthetic_indus_like,
seal_040,1990,3,i044,i044,normal,synthetic_indus_like,
seal_040,1991,1,i008,i008,normal,synthetic_indus_like,
seal_040,1991,2,i005,i005,normal,synthetic_indus_like,
seal_040,1991,3,i028,i028,normal,synthetic_indus_like,
seal_040,1992,1,i005,i005,normal,synthetic_indus_like,
seal_040,1992,2,i020,i020,normal,synthetic_indus_like,
seal_040,1992,3,i018,i018,normal,synthetic_indus_like,
seal_040,1993,1,i010,i010,normal,synthetic_indus_like,
seal_040,1993,2,i018,i018,normal,synthetic_indus_like,
seal_040,1993,3,i019,i019,normal,synthetic_indus_like,
seal_040,1994,1,i005,i005,normal,synthetic_indus_like,
seal_040,1994,2,i004,i004,normal,synthetic_indus_like,
seal_040,1994,3,i054,i054,normal,synthetic_indus_like,
seal_040,1995,1,i007,i007,normal,synthetic_indus_like,
seal_040,1995,2,i001,i001,normal,synthetic_indus_like,
seal_040,1995,3,i022,i022,normal,synthetic_indus_like,
seal_040,1996,1,i003,i003,normal,synthetic_indus_like,
seal_040,1996,2,i013,i013,normal,synthetic_indus_like,
seal_040,1996,3,i016,i016,normal,synthetic_indus_like,
seal_040,1997,1,i010,i010,normal,synthetic_indus_like,
seal_040,1997,2,i002,i002,normal,synthetic_indus_like,
seal_040,1997,3,i038,i038,normal,synthetic_indus_like,
seal_040,1998,1,i005,i005,normal,synthetic_indus_like,
seal_040,1998,2,i008,i008,normal,synthetic_indus_like,
seal_040,1998,3,i042,i042,normal,synthetic_indus_like,
seal_040,1999,1,i010,i010,normal,synthetic_indus_like,
seal_040,1999,2,i019,i019,normal,synthetic_indus_like,
seal_040,1999,3,i014,i014,normal,synthetic_indus_like,
seal_040,2000,1,i001,i001,normal,synthetic_indus_like,
seal_040,2000,2,i011,i011,normal,synthetic_indus_like,
seal_041,2001,1,i010,i010,normal,synthetic_indus_like,
seal_041,2001,2,i001,i001,normal,synthetic_indus_like,
seal_041,2001,3,i057,i057,normal,synthetic_indus_like,
seal_041,2002,1,i004,i004,normal,synthetic_indus_like,
seal_041,2002,2,i028,i028,normal,synthetic_indus_like,
seal_041,2002,3,i112,i112,normal,synthetic_indus_like,
seal_041,2003,1,i057,i057,normal,synthetic_indus_like,
seal_041,2003,2,i089,i089,normal,synthetic_indus_like,
seal_041,2004,1,i003,i003,normal,synthetic_indus_like,
seal_041,2004,2,i006,i006,normal,synthetic_indus_like,
seal_041,2004,3,i032,i032,normal,synthetic_indus_like,
seal_041,2005,1,i004,i004,normal,synthetic_indus_like,
seal_041,2005,2,i005,i005,normal,synthetic_indus_like,
seal_041,2005,3,i042,i042,normal,synthetic_indus_like,
seal_041,2006,1,i005,i005,normal,synthetic_indus_like,
seal_041,2006,2,i051,i051,normal,synthetic_indus_like,
seal_041,2006,3,i015,i015,normal,synthetic_indus_like,
seal_041,2007,1,i006,i006,normal,synthetic_indus_like,
seal_041,2007,2,i041,i041,normal,synthetic_indus_like,
seal_041,2007,3,i129,i129,normal,synthetic_indus_like,
seal_041,2008,1,i005,i005,normal,synthetic_indus_like,
seal_041,2008,2,i024,i024,normal,synthetic_indus_like,
seal_041,2008,3,i015,i015,normal,synthetic_indus_like,
seal_041,2009,1,i006,i006,normal,synthetic_indus_like,
seal_041,2009,2,i022,i022,normal,synthetic_indus_like,
seal_041,2009,3,i105,i105,normal,synthetic_indus_like,
seal_041,2010,1,i003,i003,normal,synthetic_indus_like,
seal_041,2010,2,i019,i019,normal,synthetic_indus_like,
seal_041,2011,1,i003,i003,normal,synthetic_indus_like,
seal_041,2011,2,i038,i038,normal,synthetic_indus_like,
seal_041,2011,3,i017,i017,normal,synthetic_indus_like,
seal_041,2012,1,i009,i009,normal,synthetic_indus_like,
seal_041,2012,2,i045,i045,normal,synthetic_indus_like,
seal_041,2012,3,i125,i125,normal,synthetic_indus_like,
seal_041,2013,1,i009,i009,normal,synthetic_indus_like,
seal_041,2013,2,i011,i011,normal,synthetic_indus_like,
seal_041,2013,3,i020,i020,normal,synthetic_indus_like,
seal_041,2014,1,i009,i009,normal,synthetic_indus_like,
seal_041,2014,2,i019,i019,normal,synthetic_indus_like,
seal_041,2014,3,i012,i012,normal,synthetic_indus_like,
seal_041,2015,1,i002,i002,normal,synthetic_indus_like,
seal_041,2015,2,i054,i054,normal,synthetic_indus_like,
seal_041,2015,3,i148,i148,normal,synthetic_indus_like,
seal_041,2016,1,i009,i009,normal,synthetic_indus_like,
seal_041,2016,2,i013,i013,normal,synthetic_indus_like,
seal_041,2016,3,i017,i017,normal,synthetic_indus_like,
seal_041,2017,1,i003,i003,normal,synthetic_indus_like,
seal_041,2017,2,i014,i014,normal,synthetic_indus_like,
seal_041,2017,3,i018,i018,normal,synthetic_indus_like,
seal_041,2018,1,i046,i046,normal,synthetic_indus_like,
seal_041,2018,2,i138,i138,normal,synthetic_indus_like,
seal_041,2019,1,i010,i010,normal,synthetic_indus_like,
seal_041,2019,2,i023,i023,normal,synthetic_indus_like,
seal_041,2019,3,i116,i116,normal,synthetic_indus_like,
seal_041,2020,1,i052,i052,normal,synthetic_indus_like,
seal_041,2020,2,i073,i073,normal,synthetic_indus_like,
seal_041,2021,1,i003,i003,normal,synthetic_indus_like,
seal_041,2021,2,i022,i022,normal,synthetic_indus_like,
seal_041,2021,3,i065,i065,normal,synthetic_indus_like,
seal_041,2022,1,i006,i006,normal,synthetic_indus_like,
seal_041,2022,2,i048,i048,normal,synthetic_indus_like,
seal_041,2022,3,i016,i016,normal,synthetic_indus_like,
seal_041,2023,1,i056,i056,normal,synthetic_indus_like,
seal_041,2023,2,i122,i122,normal,synthetic_indus_like,
seal_041,2024,1,i001,i001,normal,synthetic_indus_like,
seal_041,2024,2,i019,i019,normal,synthetic_indus_like,
seal_041,2024,3,i011,i011,normal,synthetic_indus_like,
seal_041,2025,1,i004,i004,normal,synthetic_indus_like,
seal_041,2025,2,i021,i021,normal,synthetic_indus_like,
seal_041,2025,3,i086,i086,normal,synthetic_indus_like,
seal_041,2026,1,i001,i001,normal,synthetic_indus_like,
seal_041,2026,2,i018,i018,normal,synthetic_indus_like,
seal_041,2027,1,i005,i005,normal,synthetic_indus_like,
seal_041,2027,2,i027,i027,normal,synthetic_indus_like,
seal_041,2027,3,i018,i018,normal,synthetic_indus_like,
seal_041,2028,1,i003,i003,normal,synthetic_indus_like,
seal_041,2028,2,i003,i003,normal,synthetic_indus_like,
seal_041,2028,3,i042,i042,normal,synthetic_indus_like,
seal_041,2029,1,i004,i004,normal,synthetic_indus_like,
seal_041,2029,2,i039,i039,normal,synthetic_indus_like,
seal_041,2029,3,i011,i011,normal,synthetic_indus_like,
seal_041,2030,1,i007,i007,normal,synthetic_indus_like,
seal_041,2030,2,i011,i011,normal,synthetic_indus_like,
seal_041,2030,3,i019,i019,normal,synthetic_indus_like,
seal_041,2031,1,i009,i009,normal,synthetic_indus_like,
seal_041,2031,2,i017,i017,normal,synthetic_indus_like,
seal_041,2031,3,i014,i014,normal,synthetic_indus_like,
seal_041,2032,1,i003,i003,normal,synthetic_indus_like,
seal_041,2032,2,i013,i013,normal,synthetic_indus_like,
seal_041,2032,3,i015,i015,normal,synthetic_indus_like,
seal_041,2033,1,i006,i006,normal,synthetic_indus_like,
seal_041,2033,2,i011,i011,normal,synthetic_indus_like,
seal_041,2033,3,i014,i014,normal,synthetic_indus_like,
seal_041,2034,1,i007,i007,normal,synthetic_indus_like,
seal_041,2034,2,i058,i058,normal,synthetic_indus_like,
seal_041,2034,3,i012,i012,normal,synthetic_indus_like,
seal_041,2035,1,i009,i009,normal,synthetic_indus_like,
seal_041,2035,2,i019,i019,normal,synthetic_indus_like,
seal_041,2036,1,i026,i026,normal,synthetic_indus_like,
seal_041,2036,2,i096,i096,normal,synthetic_indus_like,
seal_041,2037,1,i010,i010,normal,synthetic_indus_like,
seal_041,2037,2,i011,i011,normal,synthetic_indus_like,
seal_041,2037,3,i015,i015,normal,synthetic_indus_like,
seal_041,2038,1,i027,i027,normal,synthetic_indus_like,
seal_041,2038,2,i098,i098,normal,synthetic_indus_like,
seal_041,2039,1,i006,i006,normal,synthetic_indus_like,
seal_041,2039,2,i008,i008,normal,synthetic_indus_like,
seal_041,2039,3,i029,i029,normal,synthetic_indus_like,
seal_041,2040,1,i008,i008,normal,synthetic_indus_like,
seal_041,2040,2,i011,i011,normal,synthetic_indus_like,
seal_041,2040,3,i020,i020,normal,synthetic_indus_like,
seal_041,2041,1,i010,i010,normal,synthetic_indus_like,
seal_041,2041,2,i039,i039,normal,synthetic_indus_like,
seal_041,2041,3,i012,i012,normal,synthetic_indus_like,
seal_041,2042,1,i001,i001,normal,synthetic_indus_like,
seal_041,2042,2,i012,i012,normal,synthetic_indus_like,
seal_041,2042,3,i011,i011,normal,synthetic_indus_like,
seal_041,2043,1,i008,i008,normal,synthetic_indus_like,
seal_041,2043,2,i039,i039,normal,synthetic_indus_like,
seal_041,2043,3,i127,i127,normal,synthetic_indus_like,
seal_041,2044,1,i005,i005,normal,synthetic_indus_like,
seal_041,2044,2,i056,i056,normal,synthetic_indus_like,
seal_041,2044,3,i017,i017,normal,synthetic_indus_like,
seal_041,2045,1,i001,i001,normal,synthetic_indus_like,
seal_041,2045,2,i024,i024,normal,synthetic_indus_like,
seal_041,2045,3,i018,i018,normal,synthetic_indus_like,
seal_041,2046,1,i027,i027,normal,synthetic_indus_like,
seal_041,2046,2,i134,i134,normal,synthetic_indus_like,
seal_041,2047,1,i010,i010,normal,synthetic_indus_like,
seal_041,2047,2,i017,i017,normal,synthetic_indus_like,
seal_041,2048,1,i006,i006,normal,synthetic_indus_like,
seal_041,2048,2,i036,i036,normal,synthetic_indus_like,
seal_041,2048,3,i061,i061,normal,synthetic_indus_like,
seal_041,2049,1,i008,i008,normal,synthetic_indus_like,
seal_041,2049,2,i036,i036,normal,synthetic_indus_like,
seal_041,2049,3,i074,i074,normal,synthetic_indus_like,
seal_041,2050,1,i005,i005,normal,synthetic_indus_like,
seal_041,2050,2,i009,i009,normal,synthetic_indus_like,
seal_041,2050,3,i052,i052,normal,synthetic_indus_like,
seal_042,2051,1,i008,i008,normal,synthetic_indus_like,
seal_042,2051,2,i045,i045,normal,synthetic_indus_like,
seal_042,2051,3,i019,i019,normal,synthetic_indus_like,
seal_042,2052,1,i051,i051,normal,synthetic_indus_like,
seal_042,2052,2,i090,i090,normal,synthetic_indus_like,
seal_042,2053,1,i001,i001,normal,synthetic_indus_like,
seal_042,2053,2,i046,i046,normal,synthetic_indus_like,
seal_042,2053,3,i020,i020,normal,synthetic_indus_like,
seal_042,2054,1,i007,i007,normal,synthetic_indus_like,
seal_042,2054,2,i017,i017,normal,synthetic_indus_like,
seal_042,2055,1,i010,i010,normal,synthetic_indus_like,
seal_042,2055,2,i030,i030,normal,synthetic_indus_like,
seal_042,2055,3,i016,i016,normal,synthetic_indus_like,
seal_042,2056,1,i007,i007,normal,synthetic_indus_like,
seal_042,2056,2,i002,i002,normal,synthetic_indus_like,
seal_042,2056,3,i047,i047,normal,synthetic_indus_like,
seal_042,2057,1,i004,i004,normal,synthetic_indus_like,
seal_042,2057,2,i019,i019,normal,synthetic_indus_like,
seal_042,2057,3,i015,i015,normal,synthetic_indus_like,
seal_042,2058,1,i037,i037,normal,synthetic_indus_like,
seal_042,2058,2,i146,i146,normal,synthetic_indus_like,
seal_042,2059,1,i002,i002,normal,synthetic_indus_like,
seal_042,2059,2,i019,i019,normal,synthetic_indus_like,
seal_042,2060,1,i008,i008,normal,synthetic_indus_like,
seal_042,2060,2,i007,i007,normal,synthetic_indus_like,
seal_042,2060,3,i025,i025,normal,synthetic_indus_like,
seal_042,2061,1,i004,i004,normal,synthetic_indus_like,
seal_042,2061,2,i020,i020,normal,synthetic_indus_like,
seal_042,2062,1,i003,i003,normal,synthetic_indus_like,
seal_042,2062,2,i045,i045,normal,synthetic_indus_like,
seal_042,2062,3,i138,i138,normal,synthetic_indus_like,
seal_042,2063,1,i010,i010,normal,synthetic_indus_like,
seal_042,2063,2,i006,i006,normal,synthetic_indus_like,
seal_042,2063,3,i031,i031,normal,synthetic_indus_like,
seal_042,2064,1,i007,i007,normal,synthetic_indus_like,
seal_042,2064,2,i055,i055,normal,synthetic_indus_like,
seal_042,2064,3,i017,i017,normal,synthetic_indus_like,
seal_042,2065,1,i007,i007,normal,synthetic_indus_like,
seal_042,2065,2,i031,i031,normal,synthetic_indus_like,
seal_042,2065,3,i122,i122,normal,synthetic_indus_like,
seal_042,2066,1,i007,i007,normal,synthetic_indus_like,
seal_042,2066,2,i014,i014,normal,synthetic_indus_like,
seal_042,2066,3,i018,i018,normal,synthetic_indus_like,
seal_042,2067,1,i010,i010,normal,synthetic_indus_like,
seal_042,2067,2,i041,i041,normal,synthetic_indus_like,
seal_042,2067,3,i105,i105,normal,synthetic_indus_like,
seal_042,2068,1,i003,i003,normal,synthetic_indus_like,
seal_042,2068,2,i015,i015,normal,synthetic_indus_like,
seal_042,2069,1,i006,i006,normal,synthetic_indus_like,
seal_042,2069,2,i017,i017,normal,synthetic_indus_like,
seal_042,2070,1,i003,i003,normal,synthetic_indus_like,
seal_042,2070,2,i014,i014,normal,synthetic_indus_like,
seal_042,2070,3,i014,i014,normal,synthetic_indus_like,
seal_042,2071,1,i009,i009,normal,synthetic_indus_like,
seal_042,2071,2,i013,i013,normal,synthetic_indus_like,
seal_042,2071,3,i019,i019,normal,synthetic_indus_like,
seal_042,2072,1,i002,i002,normal,synthetic_indus_like,
seal_042,2072,2,i003,i003,normal,synthetic_indus_like,
seal_042,2072,3,i049,i049,normal,synthetic_indus_like,
seal_042,2073,1,i002,i002,normal,synthetic_indus_like,
seal_042,2073,2,i048,i048,normal,synthetic_indus_like,
seal_042,2073,3,i148,i148,normal,synthetic_indus_like,
seal_042,2074,1,i001,i001,normal,synthetic_indus_like,
seal_042,2074,2,i022,i022,normal,synthetic_indus_like,
seal_042,2074,3,i107,i107,normal,synthetic_indus_like,
seal_042,2075,1,i009,i009,normal,synthetic_indus_like,
seal_042,2075,2,i005,i005,normal,synthetic_indus_like,
seal_042,2075,3,i029,i029,normal,synthetic_indus_like,
seal_042,2076,1,i005,i005,normal,synthetic_indus_like,
seal_042,2076,2,i033,i033,normal,synthetic_indus_like,
seal_042,2076,3,i119,i119,normal,synthetic_indus_like,
seal_042,2077,1,i002,i002,normal,synthetic_indus_like,
seal_042,2077,2,i048,i048,normal,synthetic_indus_like,
seal_042,2077,3,i115,i115,normal,synthetic_indus_like,
seal_042,2078,1,i037,i037,normal,synthetic_indus_like,
seal_042,2078,2,i108,i108,normal,synthetic_indus_like,
seal_042,2079,1,i001,i001,normal,synthetic_indus_like,
seal_042,2079,2,i009,i009,normal,synthetic_indus_like,
seal_042,2079,3,i039,i039,normal,synthetic_indus_like,
seal_042,2080,1,i001,i001,normal,synthetic_indus_like,
seal_042,2080,2,i041,i041,normal,synthetic_indus_like,
seal_042,2080,3,i063,i063,normal,synthetic_indus_like,
seal_042,2081,1,i031,i031,normal,synthetic_indus_like,
seal_042,2081,2,i103,i103,normal,synthetic_indus_like,
seal_042,2082,1,i008,i008,normal,synthetic_indus_like,
seal_042,2082,2,i046,i046,normal,synthetic_indus_like,
seal_042,2082,3,i083,i083,normal,synthetic_indus_like,
seal_042,2083,1,i003,i003,normal,synthetic_indus_like,
seal_042,2083,2,i050,i050,normal,synthetic_indus_like,
seal_042,2083,3,i118,i118,normal,synthetic_indus_like,
seal_042,2084,1,i003,i003,normal,synthetic_indus_like,
seal_042,2084,2,i046,i046,normal,synthetic_indus_like,
seal_042,2084,3,i011,i011,normal,synthetic_indus_like,
seal_042,2085,1,i006,i006,normal,synthetic_indus_like,
seal_042,2085,2,i042,i042,normal,synthetic_indus_like,
seal_042,2085,3,i149,i149,normal,synthetic_indus_like,
seal_042,2086,1,i010,i010,normal,synthetic_indus_like,
seal_042,2086,2,i026,i026,normal,synthetic_indus_like,
seal_042,2086,3,i074,i074,normal,synthetic_indus_like,
seal_042,2087,1,i002,i002,normal,synthetic_indus_like,
seal_042,2087,2,i026,i026,normal,synthetic_indus_like,
seal_042,2087,3,i110,i110,normal,synthetic_indus_like,
seal_042,2088,1,i003,i003,normal,synthetic_indus_like,
seal_042,2088,2,i013,i013,normal,synthetic_indus_like,
seal_042,2088,3,i012,i012,normal,synthetic_indus_like,
seal_042,2089,1,i001,i001,normal,synthetic_indus_like,
seal_042,2089,2,i021,i021,normal,synthetic_indus_like,
seal_042,2089,3,i019,i019,normal,synthetic_indus_like,
seal_042,2090,1,i008,i008,normal,synthetic_indus_like,
seal_042,2090,2,i038,i038,normal,synthetic_indus_like,
seal_042,2090,3,i017,i017,normal,synthetic_indus_like,
seal_042,2091,1,i010,i010,normal,synthetic_indus_like,
seal_042,2091,2,i053,i053,normal,synthetic_indus_like,
seal_042,2091,3,i111,i111,normal,synthetic_indus_like,
seal_042,2092,1,i004,i004,normal,synthetic_indus_like,
seal_042,2092,2,i052,i052,normal,synthetic_indus_like,
seal_042,2092,3,i136,i136,normal,synthetic_indus_like,
seal_042,2093,1,i002,i002,normal,synthetic_indus_like,
seal_042,2093,2,i011,i011,normal,synthetic_indus_like,
seal_042,2093,3,i018,i018,normal,synthetic_indus_like,
seal_042,2094,1,i004,i004,normal,synthetic_indus_like,
seal_042,2094,2,i042,i042,normal,synthetic_indus_like,
seal_042,2094,3,i135,i135,normal,synthetic_indus_like,
seal_042,2095,1,i006,i006,normal,synthetic_indus_like,
seal_042,2095,2,i019,i019,normal,synthetic_indus_like,
seal_042,2095,3,i016,i016,normal,synthetic_indus_like,
seal_042,2096,1,i001,i001,normal,synthetic_indus_like,
seal_042,2096,2,i018,i018,normal,synthetic_indus_like,
seal_042,2096,3,i014,i014,normal,synthetic_indus_like,
seal_042,2097,1,i004,i004,normal,synthetic_indus_like,
seal_042,2097,2,i014,i014,normal,synthetic_indus_like,
seal_042,2098,1,i001,i001,normal,synthetic_indus_like,
seal_042,2098,2,i004,i004,normal,synthetic_indus_like,
seal_042,2098,3,i033,i033,normal,synthetic_indus_like,
seal_042,2099,1,i005,i005,normal,synthetic_indus_like,
seal_042,2099,2,i060,i060,normal,synthetic_indus_like,
seal_042,2099,3,i118,i118,normal,synthetic_indus_like,
seal_042,2100,1,i010,i010,normal,synthetic_indus_like,
seal_042,2100,2,i014,i014,normal,synthetic_indus_like,
seal_043,2101,1,i030,i030,normal,synthetic_indus_like,
seal_043,2101,2,i065,i065,normal,synthetic_indus_like,
seal_043,2102,1,i003,i003,normal,synthetic_indus_like,
seal_043,2102,2,i018,i018,normal,synthetic_indus_like,
seal_043,2103,1,i027,i027,normal,synthetic_indus_like,
seal_043,2103,2,i080,i080,normal,synthetic_indus_like,
seal_043,2104,1,i007,i007,normal,synthetic_indus_like,
seal_043,2104,2,i014,i014,normal,synthetic_indus_like,
seal_043,2105,1,i004,i004,normal,synthetic_indus_like,
seal_043,2105,2,i020,i020,normal,synthetic_indus_like,
seal_043,2106,1,i007,i007,normal,synthetic_indus_like,
seal_043,2106,2,i001,i001,normal,synthetic_indus_like,
seal_043,2106,3,i022,i022,normal,synthetic_indus_like,
seal_043,2107,1,i003,i003,normal,synthetic_indus_like,
seal_043,2107,2,i030,i030,normal,synthetic_indus_like,
seal_043,2107,3,i011,i011,normal,synthetic_indus_like,
seal_043,2108,1,i004,i004,normal,synthetic_indus_like,
seal_043,2108,2,i015,i015,normal,synthetic_indus_like,
seal_043,2108,3,i015,i015,normal,synthetic_indus_like,
seal_043,2109,1,i010,i010,normal,synthetic_indus_like,
seal_043,2109,2,i017,i017,normal,synthetic_indus_like,
seal_043,2110,1,i001,i001,normal,synthetic_indus_like,
seal_043,2110,2,i006,i006,normal,synthetic_indus_like,
seal_043,2110,3,i035,i035,normal,synthetic_indus_like,
seal_043,2111,1,i006,i006,normal,synthetic_indus_like,
seal_043,2111,2,i015,i015,normal,synthetic_indus_like,
seal_043,2111,3,i020,i020,normal,synthetic_indus_like,
seal_043,2112,1,i030,i030,normal,synthetic_indus_like,
seal_043,2112,2,i081,i081,normal,synthetic_indus_like,
seal_043,2113,1,i041,i041,normal,synthetic_indus_like,
seal_043,2113,2,i078,i078,normal,synthetic_indus_like,
seal_043,2114,1,i050,i050,normal,synthetic_indus_like,
seal_043,2114,2,i088,i088,normal,synthetic_indus_like,
seal_043,2115,1,i007,i007,normal,synthetic_indus_like,
seal_043,2115,2,i026,i026,normal,synthetic_indus_like,
seal_043,2115,3,i079,i079,normal,synthetic_indus_like,
seal_043,2116,1,i046,i046,normal,synthetic_indus_like,
seal_043,2116,2,i127,i127,normal,synthetic_indus_like,
seal_043,2117,1,i002,i002,normal,synthetic_indus_like,
seal_043,2117,2,i049,i049,normal,synthetic_indus_like,
seal_043,2117,3,i011,i011,normal,synthetic_indus_like,
seal_043,2118,1,i057,i057,normal,synthetic_indus_like,
seal_043,2118,2,i108,i108,normal,synthetic_indus_like,
seal_043,2119,1,i010,i010,normal,synthetic_indus_like,
seal_043,2119,2,i026,i026,normal,synthetic_indus_like,
seal_043,2119,3,i139,i139,normal,synthetic_indus_like,
seal_043,2120,1,i009,i009,normal,synthetic_indus_like,
seal_043,2120,2,i017,i017,normal,synthetic_indus_like,
seal_043,2120,3,i018,i018,normal,synthetic_indus_like,
seal_043,2121,1,i007,i007,normal,synthetic_indus_like,
seal_043,2121,2,i018,i018,normal,synthetic_indus_like,
seal_043,2122,1,i001,i001,normal,synthetic_indus_like,
seal_043,2122,2,i051,i051,normal,synthetic_indus_like,
seal_043,2122,3,i067,i067,normal,synthetic_indus_like,
seal_043,2123,1,i006,i006,normal,synthetic_indus_like,
seal_043,2123,2,i022,i022,normal,synthetic_indus_like,
seal_043,2123,3,i013,i013,normal,synthetic_indus_like,
seal_043,2124,1,i006,i006,normal,synthetic_indus_like,
seal_043,2124,2,i035,i035,normal,synthetic_indus_like,
seal_043,2124,3,i137,i137,normal,synthetic_indus_like,
seal_043,2125,1,i008,i008,normal,synthetic_indus_like,
seal_043,2125,2,i040,i040,normal,synthetic_indus_like,
seal_043,2125,3,i015,i015,normal,synthetic_indus_like,
seal_043,2126,1,i007,i007,normal,synthetic_indus_like,
seal_043,2126,2,i020,i020,normal,synthetic_indus_like,
seal_043,2127,1,i021,i021,normal,synthetic_indus_like,
seal_043,2127,2,i128,i128,normal,synthetic_indus_like,
seal_043,2128,1,i001,i001,normal,synthetic_indus_like,
seal_043,2128,2,i053,i053,normal,synthetic_indus_like,
seal_043,2128,3,i068,i068,normal,synthetic_indus_like,
seal_043,2129,1,i001,i001,normal,synthetic_indus_like,
seal_043,2129,2,i006,i006,normal,synthetic_indus_like,
seal_043,2129,3,i049,i049,normal,synthetic_indus_like,
seal_043,2130,1,i058,i058,normal,synthetic_indus_like,
seal_043,2130,2,i074,i074,normal,synthetic_indus_like,
seal_043,2131,1,i002,i002,normal,synthetic_indus_like,
seal_043,2131,2,i019,i019,normal,synthetic_indus_like,
seal_043,2132,1,i010,i010,normal,synthetic_indus_like,
seal_043,2132,2,i018,i018,normal,synthetic_indus_like,
seal_043,2133,1,i009,i009,normal,synthetic_indus_like,
seal_043,2133,2,i018,i018,normal,synthetic_indus_like,
seal_043,2133,3,i019,i019,normal,synthetic_indus_like,
seal_043,2134,1,i045,i045,normal,synthetic_indus_like,
seal_043,2134,2,i061,i061,normal,synthetic_indus_like,
seal_043,2135,1,i005,i005,normal,synthetic_indus_like,
seal_043,2135,2,i007,i007,normal,synthetic_indus_like,
seal_043,2135,3,i026,i026,normal,synthetic_indus_like,
seal_043,2136,1,i060,i060,normal,synthetic_indus_like,
seal_043,2136,2,i119,i119,normal,synthetic_indus_like,
seal_043,2137,1,i010,i010,normal,synthetic_indus_like,
seal_043,2137,2,i034,i034,normal,synthetic_indus_like,
seal_043,2137,3,i114,i114,normal,synthetic_indus_like,
seal_043,2138,1,i010,i010,normal,synthetic_indus_like,
seal_043,2138,2,i022,i022,normal,synthetic_indus_like,
seal_043,2138,3,i075,i075,normal,synthetic_indus_like,
seal_043,2139,1,i003,i003,normal,synthetic_indus_like,
seal_043,2139,2,i013,i013,normal,synthetic_indus_like,
seal_043,2140,1,i001,i001,normal,synthetic_indus_like,
seal_043,2140,2,i013,i013,normal,synthetic_indus_like,
seal_043,2141,1,i034,i034,normal,synthetic_indus_like,
seal_043,2141,2,i117,i117,normal,synthetic_indus_like,
seal_043,2142,1,i002,i002,normal,synthetic_indus_like,
seal_043,2142,2,i014,i014,normal,synthetic_indus_like,
seal_043,2142,3,i019,i019,normal,synthetic_indus_like,
seal_043,2143,1,i010,i010,normal,synthetic_indus_like,
seal_043,2143,2,i019,i019,normal,synthetic_indus_like,
seal_043,2143,3,i016,i016,normal,synthetic_indus_like,
seal_043,2144,1,i009,i009,normal,synthetic_indus_like,
seal_043,2144,2,i013,i013,normal,synthetic_indus_like,
seal_043,2144,3,i016,i016,normal,synthetic_indus_like,
seal_043,2145,1,i045,i045,normal,synthetic_indus_like,
seal_043,2145,2,i136,i136,normal,synthetic_indus_like,
seal_043,2146,1,i003,i003,normal,synthetic_indus_like,
seal_043,2146,2,i001,i001,normal,synthetic_indus_like,
seal_043,2146,3,i036,i036,normal,synthetic_indus_like,
seal_043,2147,1,i007,i007,normal,synthetic_indus_like,
seal_043,2147,2,i019,i019,normal,synthetic_indus_like,
seal_043,2148,1,i045,i045,normal,synthetic_indus_like,
seal_043,2148,2,i064,i064,normal,synthetic_indus_like,
seal_043,2149,1,i007,i007,normal,synthetic_indus_like,
seal_043,2149,2,i003,i003,normal,synthetic_indus_like,
seal_043,2149,3,i055,i055,normal,synthetic_indus_like,
seal_043,2150,1,i006,i006,normal,synthetic_indus_like,
seal_043,2150,2,i019,i019,normal,synthetic_indus_like,
seal_043,2150,3,i016,i016,normal,synthetic_indus_like,
seal_044,2151,1,i003,i003,normal,synthetic_indus_like,
seal_044,2151,2,i015,i015,normal,synthetic_indus_like,
seal_044,2151,3,i011,i011,normal,synthetic_indus_like,
seal_044,2152,1,i008,i008,normal,synthetic_indus_like,
seal_044,2152,2,i056,i056,normal,synthetic_indus_like,
seal_044,2152,3,i129,i129,normal,synthetic_indus_like,
seal_044,2153,1,i007,i007,normal,synthetic_indus_like,
seal_044,2153,2,i020,i020,normal,synthetic_indus_like,
seal_044,2153,3,i011,i011,normal,synthetic_indus_like,
seal_044,2154,1,i004,i004,normal,synthetic_indus_like,
seal_044,2154,2,i034,i034,normal,synthetic_indus_like,
seal_044,2154,3,i013,i013,normal,synthetic_indus_like,
seal_044,2155,1,i007,i007,normal,synthetic_indus_like,
seal_044,2155,2,i011,i011,normal,synthetic_indus_like,
seal_044,2156,1,i002,i002,normal,synthetic_indus_like,
seal_044,2156,2,i014,i014,normal,synthetic_indus_like,
seal_044,2157,1,i009,i009,normal,synthetic_indus_like,
seal_044,2157,2,i052,i052,normal,synthetic_indus_like,
seal_044,2157,3,i012,i012,normal,synthetic_indus_like,
seal_044,2158,1,i006,i006,normal,synthetic_indus_like,
seal_044,2158,2,i004,i004,normal,synthetic_indus_like,
seal_044,2158,3,i034,i034,normal,synthetic_indus_like,
seal_044,2159,1,i010,i010,normal,synthetic_indus_like,
seal_044,2159,2,i039,i039,normal,synthetic_indus_like,
seal_044,2159,3,i106,i106,normal,synthetic_indus_like,
seal_044,2160,1,i010,i010,normal,synthetic_indus_like,
seal_044,2160,2,i026,i026,normal,synthetic_indus_like,
seal_044,2160,3,i117,i117,normal,synthetic_indus_like,
seal_044,2161,1,i009,i009,normal,synthetic_indus_like,
seal_044,2161,2,i004,i004,normal,synthetic_indus_like,
seal_044,2161,3,i060,i060,normal,synthetic_indus_like,
seal_044,2162,1,i002,i002,normal,synthetic_indus_like,
seal_044,2162,2,i002,i002,normal,synthetic_indus_like,
seal_044,2162,3,i060,i060,normal,synthetic_indus_like,
seal_044,2163,1,i004,i004,normal,synthetic_indus_like,
seal_044,2163,2,i016,i016,normal,synthetic_indus_like,
seal_044,2164,1,i021,i021,normal,synthetic_indus_like,
seal_044,2164,2,i150,i150,normal,synthetic_indus_like,
seal_044,2165,1,i008,i008,normal,synthetic_indus_like,
seal_044,2165,2,i020,i020,normal,synthetic_indus_like,
seal_044,2165,3,i016,i016,normal,synthetic_indus_like,
seal_044,2166,1,i041,i041,normal,synthetic_indus_like,
seal_044,2166,2,i099,i099,normal,synthetic_indus_like,
seal_044,2167,1,i004,i004,normal,synthetic_indus_like,
seal_044,2167,2,i037,i037,normal,synthetic_indus_like,
seal_044,2167,3,i019,i019,normal,synthetic_indus_like,
seal_044,2168,1,i003,i003,normal,synthetic_indus_like,
seal_044,2168,2,i052,i052,normal,synthetic_indus_like,
seal_044,2168,3,i014,i014,normal,synthetic_indus_like,
seal_044,2169,1,i009,i009,normal,synthetic_indus_like,
seal_044,2169,2,i055,i055,normal,synthetic_indus_like,
seal_044,2169,3,i143,i143,normal,synthetic_indus_like,
seal_044,2170,1,i006,i006,normal,synthetic_indus_like,
seal_044,2170,2,i003,i003,normal,synthetic_indus_like,
seal_044,2170,3,i033,i033,normal,synthetic_indus_like,
seal_044,2171,1,i006,i006,normal,synthetic_indus_like,
seal_044,2171,2,i046,i046,normal,synthetic_indus_like,
seal_044,2171,3,i019,i019,normal,synthetic_indus_like,
seal_044,2172,1,i010,i010,normal,synthetic_indus_like,
seal_044,2172,2,i002,i002,normal,synthetic_indus_like,
seal_044,2172,3,i060,i060,normal,synthetic_indus_like,
seal_044,2173,1,i006,i006,normal,synthetic_indus_like,
seal_044,2173,2,i011,i011,normal,synthetic_indus_like,
seal_044,2174,1,i004,i004,normal,synthetic_indus_like,
seal_044,2174,2,i018,i018,normal,synthetic_indus_like,
seal_044,2175,1,i009,i009,normal,synthetic_indus_like,
seal_044,2175,2,i025,i025,normal,synthetic_indus_like,
seal_044,2175,3,i012,i012,normal,synthetic_indus_like,
seal_044,2176,1,i001,i001,normal,synthetic_indus_like,
seal_044,2176,2,i043,i043,normal,synthetic_indus_like,
seal_044,2176,3,i020,i020,normal,synthetic_indus_like,
seal_044,2177,1,i009,i009,normal,synthetic_indus_like,
seal_044,2177,2,i001,i001,normal,synthetic_indus_like,
seal_044,2177,3,i022,i022,normal,synthetic_indus_like,
seal_044,2178,1,i005,i005,normal,synthetic_indus_like,
seal_044,2178,2,i019,i019,normal,synthetic_indus_like,
seal_044,2178,3,i019,i019,normal,synthetic_indus_like,
seal_044,2179,1,i030,i030,normal,synthetic_indus_like,
seal_044,2179,2,i128,i128,normal,synthetic_indus_like,
seal_044,2180,1,i002,i002,normal,synthetic_indus_like,
seal_044,2180,2,i010,i010,normal,synthetic_indus_like,
seal_044,2180,3,i047,i047,normal,synthetic_indus_like,
seal_044,2181,1,i030,i030,normal,synthetic_indus_like,
seal_044,2181,2,i091,i091,normal,synthetic_indus_like,
seal_044,2182,1,i005,i005,normal,synthetic_indus_like,
seal_044,2182,2,i012,i012,normal,synthetic_indus_like,
seal_044,2182,3,i017,i017,normal,synthetic_indus_like,
seal_044,2183,1,i004,i004,normal,synthetic_indus_like,
seal_044,2183,2,i027,i027,normal,synthetic_indus_like,
seal_044,2183,3,i018,i018,normal,synthetic_indus_like,
seal_044,2184,1,i009,i009,normal,synthetic_indus_like,
seal_044,2184,2,i027,i027,normal,synthetic_indus_like,
seal_044,2184,3,i012,i012,normal,synthetic_indus_like,
seal_044,2185,1,i003,i003,normal,synthetic_indus_like,
seal_044,2185,2,i017,i017,normal,synthetic_indus_like,
seal_044,2186,1,i003,i003,normal,synthetic_indus_like,
seal_044,2186,2,i017,i017,normal,synthetic_indus_like,
seal_044,2186,3,i019,i019,normal,synthetic_indus_like,
seal_044,2187,1,i008,i008,normal,synthetic_indus_like,
seal_044,2187,2,i026,i026,normal,synthetic_indus_like,
seal_044,2187,3,i015,i015,normal,synthetic_indus_like,
seal_044,2188,1,i003,i003,normal,synthetic_indus_like,
seal_044,2188,2,i013,i013,normal,synthetic_indus_like,
seal_044,2188,3,i018,i018,normal,synthetic_indus_like,
seal_044,2189,1,i010,i010,normal,synthetic_indus_like,
seal_044,2189,2,i041,i041,normal,synthetic_indus_like,
seal_044,2189,3,i147,i147,normal,synthetic_indus_like,
seal_044,2190,1,i004,i004,normal,synthetic_indus_like,
seal_044,2190,2,i037,i037,normal,synthetic_indus_like,
seal_044,2190,3,i011,i011,normal,synthetic_indus_like,
seal_044,2191,1,i010,i010,normal,synthetic_indus_like,
seal_044,2191,2,i016,i016,normal,synthetic_indus_like,
seal_044,2192,1,i010,i010,normal,synthetic_indus_like,
seal_044,2192,2,i042,i042,normal,synthetic_indus_like,
seal_044,2192,3,i012,i012,normal,synthetic_indus_like,
seal_044,2193,1,i031,i031,normal,synthetic_indus_like,
seal_044,2193,2,i125,i125,normal,synthetic_indus_like,
seal_044,2194,1,i032,i032,normal,synthetic_indus_like,
seal_044,2194,2,i090,i090,normal,synthetic_indus_like,
seal_044,2195,1,i010,i010,normal,synthetic_indus_like,
seal_044,2195,2,i015,i015,normal,synthetic_indus_like,
seal_044,2196,1,i004,i004,normal,synthetic_indus_like,
seal_044,2196,2,i016,i016,normal,synthetic_indus_like,
seal_044,2197,1,i009,i009,normal,synthetic_indus_like,
seal_044,2197,2,i012,i012,normal,synthetic_indus_like,
seal_044,2198,1,i009,i009,normal,synthetic_indus_like,
seal_044,2198,2,i013,i013,normal,synthetic_indus_like,
seal_044,2199,1,i038,i038,normal,synthetic_indus_like,
seal_044,2199,2,i070,i070,normal,synthetic_indus_like,
seal_044,2200,1,i004,i004,normal,synthetic_indus_like,
seal_044,2200,2,i011,i011,normal,synthetic_indus_like,
seal_044,2200,3,i020,i020,normal,synthetic_indus_like,
seal_045,2201,1,i008,i008,normal,synthetic_indus_like,
seal_045,2201,2,i050,i050,normal,synthetic_indus_like,
seal_045,2201,3,i061,i061,normal,synthetic_indus_like,
seal_045,2202,1,i003,i003,normal,synthetic_indus_like,
seal_045,2202,2,i012,i012,normal,synthetic_indus_like,
seal_045,2202,3,i019,i019,normal,synthetic_indus_like,
seal_045,2203,1,i004,i004,normal,synthetic_indus_like,
seal_045,2203,2,i020,i020,normal,synthetic_indus_like,
seal_045,2204,1,i002,i002,normal,synthetic_indus_like,
seal_045,2204,2,i011,i011,normal,synthetic_indus_like,
seal_045,2204,3,i011,i011,normal,synthetic_indus_like,
seal_045,2205,1,i003,i003,normal,synthetic_indus_like,
seal_045,2205,2,i023,i023,normal,synthetic_indus_like,
seal_045,2205,3,i124,i124,normal,synthetic_indus_like,
seal_045,2206,1,i004,i004,normal,synthetic_indus_like,
seal_045,2206,2,i038,i038,normal,synthetic_indus_like,
seal_045,2206,3,i019,i019,normal,synthetic_indus_like,
seal_045,2207,1,i006,i006,normal,synthetic_indus_like,
seal_045,2207,2,i007,i007,normal,synthetic_indus_like,
seal_045,2207,3,i041,i041,normal,synthetic_indus_like,
seal_045,2208,1,i009,i009,normal,synthetic_indus_like,
seal_045,2208,2,i027,i027,normal,synthetic_indus_like,
seal_045,2208,3,i018,i018,normal,synthetic_indus_like,
seal_045,2209,1,i007,i007,normal,synthetic_indus_like,
seal_045,2209,2,i010,i010,normal,synthetic_indus_like,
seal_045,2209,3,i035,i035,normal,synthetic_indus_like,
seal_045,2210,1,i006,i006,normal,synthetic_indus_like,
seal_045,2210,2,i012,i012,normal,synthetic_indus_like,
seal_045,2210,3,i017,i017,normal,synthetic_indus_like,
seal_045,2211,1,i004,i004,normal,synthetic_indus_like,
seal_045,2211,2,i017,i017,normal,synthetic_indus_like,
seal_045,2212,1,i003,i003,normal,synthetic_indus_like,
seal_045,2212,2,i055,i055,normal,synthetic_indus_like,
seal_045,2212,3,i106,i106,normal,synthetic_indus_like,
seal_045,2213,1,i004,i004,normal,synthetic_indus_like,
seal_045,2213,2,i050,i050,normal,synthetic_indus_like,
seal_045,2213,3,i013,i013,normal,synthetic_indus_like,
seal_045,2214,1,i004,i004,normal,synthetic_indus_like,
seal_045,2214,2,i012,i012,normal,synthetic_indus_like,
seal_045,2215,1,i002,i002,normal,synthetic_indus_like,
seal_045,2215,2,i013,i013,normal,synthetic_indus_like,
seal_045,2215,3,i016,i016,normal,synthetic_indus_like,
seal_045,2216,1,i028,i028,normal,synthetic_indus_like,
seal_045,2216,2,i122,i122,normal,synthetic_indus_like,
seal_045,2217,1,i052,i052,normal,synthetic_indus_like,
seal_045,2217,2,i146,i146,normal,synthetic_indus_like,
seal_045,2218,1,i009,i009,normal,synthetic_indus_like,
seal_045,2218,2,i014,i014,normal,synthetic_indus_like,
seal_045,2219,1,i010,i010,normal,synthetic_indus_like,
seal_045,2219,2,i023,i023,normal,synthetic_indus_like,
seal_045,2219,3,i014,i014,normal,synthetic_indus_like,
seal_045,2220,1,i001,i001,normal,synthetic_indus_like,
seal_045,2220,2,i013,i013,normal,synthetic_indus_like,
seal_045,2220,3,i016,i016,normal,synthetic_indus_like,
seal_045,2221,1,i010,i010,normal,synthetic_indus_like,
seal_045,2221,2,i055,i055,normal,synthetic_indus_like,
seal_045,2221,3,i115,i115,normal,synthetic_indus_like,
seal_045,2222,1,i054,i054,normal,synthetic_indus_like,
seal_045,2222,2,i103,i103,normal,synthetic_indus_like,
seal_045,2223,1,i034,i034,normal,synthetic_indus_like,
seal_045,2223,2,i134,i134,normal,synthetic_indus_like,
seal_045,2224,1,i006,i006,normal,synthetic_indus_like,
seal_045,2224,2,i017,i017,normal,synthetic_indus_like,
seal_045,2224,3,i016,i016,normal,synthetic_indus_like,
seal_045,2225,1,i003,i003,normal,synthetic_indus_like,
seal_045,2225,2,i002,i002,normal,synthetic_indus_like,
seal_045,2225,3,i022,i022,normal,synthetic_indus_like,
seal_045,2226,1,i003,i003,normal,synthetic_indus_like,
seal_045,2226,2,i031,i031,normal,synthetic_indus_like,
seal_045,2226,3,i014,i014,normal,synthetic_indus_like,
seal_045,2227,1,i003,i003,normal,synthetic_indus_like,
seal_045,2227,2,i047,i047,normal,synthetic_indus_like,
seal_045,2227,3,i100,i100,normal,synthetic_indus_like,
seal_045,2228,1,i009,i009,normal,synthetic_indus_like,
seal_045,2228,2,i006,i006,normal,synthetic_indus_like,
seal_045,2228,3,i060,i060,normal,synthetic_indus_like,
seal_045,2229,1,i027,i027,normal,synthetic_indus_like,
seal_045,2229,2,i062,i062,normal,synthetic_indus_like,
seal_045,2230,1,i006,i006,normal,synthetic_indus_like,
seal_045,2230,2,i013,i013,normal,synthetic_indus_like,
seal_045,2230,3,i019,i019,normal,synthetic_indus_like,
seal_045,2231,1,i040,i040,normal,synthetic_indus_like,
seal_045,2231,2,i118,i118,normal,synthetic_indus_like,
seal_045,2232,1,i001,i001,normal,synthetic_indus_like,
seal_045,2232,2,i010,i010,normal,synthetic_indus_like,
seal_045,2232,3,i046,i046,normal,synthetic_indus_like,
seal_045,2233,1,i004,i004,normal,synthetic_indus_like,
seal_045,2233,2,i040,i040,normal,synthetic_indus_like,
seal_045,2233,3,i090,i090,normal,synthetic_indus_like,
seal_045,2234,1,i004,i004,normal,synthetic_indus_like,
seal_045,2234,2,i053,i053,normal,synthetic_indus_like,
seal_045,2234,3,i118,i118,normal,synthetic_indus_like,
seal_045,2235,1,i007,i007,normal,synthetic_indus_like,
seal_045,2235,2,i017,i017,normal,synthetic_indus_like,
seal_045,2235,3,i011,i011,normal,synthetic_indus_like,
seal_045,2236,1,i008,i008,normal,synthetic_indus_like,
seal_045,2236,2,i007,i007,normal,synthetic_indus_like,
seal_045,2236,3,i058,i058,normal,synthetic_indus_like,
seal_045,2237,1,i001,i001,normal,synthetic_indus_like,
seal_045,2237,2,i040,i040,normal,synthetic_indus_like,
seal_045,2237,3,i076,i076,normal,synthetic_indus_like,
seal_045,2238,1,i004,i004,normal,synthetic_indus_like,
seal_045,2238,2,i034,i034,normal,synthetic_indus_like,
seal_045,2238,3,i014,i014,normal,synthetic_indus_like,
seal_045,2239,1,i003,i003,normal,synthetic_indus_like,
seal_045,2239,2,i058,i058,normal,synthetic_indus_like,
seal_045,2239,3,i016,i016,normal,synthetic_indus_like,
seal_045,2240,1,i039,i039,normal,synthetic_indus_like,
seal_045,2240,2,i138,i138,normal,synthetic_indus_like,
seal_045,2241,1,i009,i009,normal,synthetic_indus_like,
seal_045,2241,2,i018,i018,normal,synthetic_indus_like,
seal_045,2241,3,i012,i012,normal,synthetic_indus_like,
seal_045,2242,1,i003,i003,normal,synthetic_indus_like,
seal_045,2242,2,i019,i019,normal,synthetic_indus_like,
seal_045,2242,3,i016,i016,normal,synthetic_indus_like,
seal_045,2243,1,i002,i002,normal,synthetic_indus_like,
seal_045,2243,2,i030,i030,normal,synthetic_indus_like,
seal_045,2243,3,i020,i020,normal,synthetic_indus_like,
seal_045,2244,1,i009,i009,normal,synthetic_indus_like,
seal_045,2244,2,i016,i016,normal,synthetic_indus_like,
seal_045,2244,3,i017,i017,normal,synthetic_indus_like,
seal_045,2245,1,i004,i004,normal,synthetic_indus_like,
seal_045,2245,2,i011,i011,normal,synthetic_indus_like,
seal_045,2245,3,i017,i017,normal,synthetic_indus_like,
seal_045,2246,1,i002,i002,normal,synthetic_indus_like,
seal_045,2246,2,i029,i029,normal,synthetic_indus_like,
seal_045,2246,3,i146,i146,normal,synthetic_indus_like,
seal_045,2247,1,i058,i058,normal,synthetic_indus_like,
seal_045,2247,2,i126,i126,normal,synthetic_indus_like,
seal_045,2248,1,i027,i027,normal,synthetic_indus_like,
seal_045,2248,2,i063,i063,normal,synthetic_indus_like,
seal_045,2249,1,i001,i001,normal,synthetic_indus_like,
seal_045,2249,2,i043,i043,normal,synthetic_indus_like,
seal_045,2249,3,i013,i013,normal,synthetic_indus_like,
seal_045,2250,1,i060,i060,normal,synthetic_indus_like,
seal_045,2250,2,i124,i124,normal,synthetic_indus_like,
seal_046,2251,1,i021,i021,normal,synthetic_indus_like,
seal_046,2251,2,i136,i136,normal,synthetic_indus_like,
seal_046,2252,1,i055,i055,normal,synthetic_indus_like,
seal_046,2252,2,i105,i105,normal,synthetic_indus_like,
seal_046,2253,1,i008,i008,normal,synthetic_indus_like,
seal_046,2253,2,i017,i017,normal,synthetic_indus_like,
seal_046,2253,3,i013,i013,normal,synthetic_indus_like,
seal_046,2254,1,i002,i002,normal,synthetic_indus_like,
seal_046,2254,2,i017,i017,normal,synthetic_indus_like,
seal_046,2254,3,i015,i015,normal,synthetic_indus_like,
seal_046,2255,1,i007,i007,normal,synthetic_indus_like,
seal_046,2255,2,i013,i013,normal,synthetic_indus_like,
seal_046,2255,3,i020,i020,normal,synthetic_indus_like,
seal_046,2256,1,i007,i007,normal,synthetic_indus_like,
seal_046,2256,2,i018,i018,normal,synthetic_indus_like,
seal_046,2257,1,i001,i001,normal,synthetic_indus_like,
seal_046,2257,2,i028,i028,normal,synthetic_indus_like,
seal_046,2257,3,i017,i017,normal,synthetic_indus_like,
seal_046,2258,1,i042,i042,normal,synthetic_indus_like,
seal_046,2258,2,i080,i080,normal,synthetic_indus_like,
seal_046,2259,1,i008,i008,normal,synthetic_indus_like,
seal_046,2259,2,i003,i003,normal,synthetic_indus_like,
seal_046,2259,3,i027,i027,normal,synthetic_indus_like,
seal_046,2260,1,i002,i002,normal,synthetic_indus_like,
seal_046,2260,2,i053,i053,normal,synthetic_indus_like,
seal_046,2260,3,i015,i015,normal,synthetic_indus_like,
seal_046,2261,1,i035,i035,normal,synthetic_indus_like,
seal_046,2261,2,i074,i074,normal,synthetic_indus_like,
seal_046,2262,1,i010,i010,normal,synthetic_indus_like,
seal_046,2262,2,i009,i009,normal,synthetic_indus_like,
seal_046,2262,3,i030,i030,normal,synthetic_indus_like,
seal_046,2263,1,i027,i027,normal,synthetic_indus_like,
seal_046,2263,2,i144,i144,normal,synthetic_indus_like,
seal_046,2264,1,i006,i006,normal,synthetic_indus_like,
seal_046,2264,2,i029,i029,normal,synthetic_indus_like,
seal_046,2264,3,i114,i114,normal,synthetic_indus_like,
seal_046,2265,1,i005,i005,normal,synthetic_indus_like,
seal_046,2265,2,i013,i013,normal,synthetic_indus_like,
seal_046,2265,3,i013,i013,normal,synthetic_indus_like,
seal_046,2266,1,i005,i005,normal,synthetic_indus_like,
seal_046,2266,2,i016,i016,normal,synthetic_indus_like,
seal_046,2266,3,i016,i016,normal,synthetic_indus_like,
seal_046,2267,1,i048,i048,normal,synthetic_indus_like,
seal_046,2267,2,i109,i109,normal,synthetic_indus_like,
seal_046,2268,1,i041,i041,normal,synthetic_indus_like,
seal_046,2268,2,i087,i087,normal,synthetic_indus_like,
seal_046,2269,1,i039,i039,normal,synthetic_indus_like,
seal_046,2269,2,i071,i071,normal,synthetic_indus_like,
seal_046,2270,1,i008,i008,normal,synthetic_indus_like,
seal_046,2270,2,i015,i015,normal,synthetic_indus_like,
seal_046,2270,3,i015,i015,normal,synthetic_indus_like,
seal_046,2271,1,i002,i002,normal,synthetic_indus_like,
seal_046,2271,2,i028,i028,normal,synthetic_indus_like,
seal_046,2271,3,i016,i016,normal,synthetic_indus_like,
seal_046,2272,1,i006,i006,normal,synthetic_indus_like,
seal_046,2272,2,i056,i056,normal,synthetic_indus_like,
seal_046,2272,3,i113,i113,normal,synthetic_indus_like,
seal_046,2273,1,i006,i006,normal,synthetic_indus_like,
seal_046,2273,2,i020,i020,normal,synthetic_indus_like,
seal_046,2273,3,i020,i020,normal,synthetic_indus_like,
seal_046,2274,1,i058,i058,normal,synthetic_indus_like,
seal_046,2274,2,i066,i066,normal,synthetic_indus_like,
seal_046,2275,1,i002,i002,normal,synthetic_indus_like,
seal_046,2275,2,i015,i015,normal,synthetic_indus_like,
seal_046,2275,3,i019,i019,normal,synthetic_indus_like,
seal_046,2276,1,i008,i008,normal,synthetic_indus_like,
seal_046,2276,2,i017,i017,normal,synthetic_indus_like,
seal_046,2277,1,i009,i009,normal,synthetic_indus_like,
seal_046,2277,2,i047,i047,normal,synthetic_indus_like,
seal_046,2277,3,i129,i129,normal,synthetic_indus_like,
seal_046,2278,1,i010,i010,normal,synthetic_indus_like,
seal_046,2278,2,i013,i013,normal,synthetic_indus_like,
seal_046,2279,1,i055,i055,normal,synthetic_indus_like,
seal_046,2279,2,i106,i106,normal,synthetic_indus_like,
seal_046,2280,1,i009,i009,normal,synthetic_indus_like,
seal_046,2280,2,i038,i038,normal,synthetic_indus_like,
seal_046,2280,3,i020,i020,normal,synthetic_indus_like,
seal_046,2281,1,i002,i002,normal,synthetic_indus_like,
seal_046,2281,2,i017,i017,normal,synthetic_indus_like,
seal_046,2282,1,i006,i006,normal,synthetic_indus_like,
seal_046,2282,2,i009,i009,normal,synthetic_indus_like,
seal_046,2282,3,i044,i044,normal,synthetic_indus_like,
seal_046,2283,1,i009,i009,normal,synthetic_indus_like,
seal_046,2283,2,i052,i052,normal,synthetic_indus_like,
seal_046,2283,3,i121,i121,normal,synthetic_indus_like,
seal_046,2284,1,i004,i004,normal,synthetic_indus_like,
seal_046,2284,2,i044,i044,normal,synthetic_indus_like,
seal_046,2284,3,i019,i019,normal,synthetic_indus_like,
seal_046,2285,1,i009,i009,normal,synthetic_indus_like,
seal_046,2285,2,i055,i055,normal,synthetic_indus_like,
seal_046,2285,3,i015,i015,normal,synthetic_indus_like,
seal_046,2286,1,i027,i027,normal,synthetic_indus_like,
seal_046,2286,2,i103,i103,normal,synthetic_indus_like,
seal_046,2287,1,i005,i005,normal,synthetic_indus_like,
seal_046,2287,2,i018,i018,normal,synthetic_indus_like,
seal_046,2288,1,i004,i004,normal,synthetic_indus_like,
seal_046,2288,2,i019,i019,normal,synthetic_indus_like,
seal_046,2288,3,i011,i011,normal,synthetic_indus_like,
seal_046,2289,1,i005,i005,normal,synthetic_indus_like,
seal_046,2289,2,i014,i014,normal,synthetic_indus_like,
seal_046,2290,1,i006,i006,normal,synthetic_indus_like,
seal_046,2290,2,i016,i016,normal,synthetic_indus_like,
seal_046,2291,1,i008,i008,normal,synthetic_indus_like,
seal_046,2291,2,i014,i014,normal,synthetic_indus_like,
seal_046,2292,1,i042,i042,normal,synthetic_indus_like,
seal_046,2292,2,i113,i113,normal,synthetic_indus_like,
seal_046,2293,1,i006,i006,normal,synthetic_indus_like,
seal_046,2293,2,i009,i009,normal,synthetic_indus_like,
seal_046,2293,3,i045,i045,normal,synthetic_indus_like,
seal_046,2294,1,i006,i006,normal,synthetic_indus_like,
seal_046,2294,2,i054,i054,normal,synthetic_indus_like,
seal_046,2294,3,i117,i117,normal,synthetic_indus_like,
seal_046,2295,1,i043,i043,normal,synthetic_indus_like,
seal_046,2295,2,i141,i141,normal,synthetic_indus_like,
seal_046,2296,1,i006,i006,normal,synthetic_indus_like,
seal_046,2296,2,i014,i014,normal,synthetic_indus_like,
seal_046,2297,1,i001,i001,normal,synthetic_indus_like,
seal_046,2297,2,i004,i004,normal,synthetic_indus_like,
seal_046,2297,3,i049,i049,normal,synthetic_indus_like,
seal_046,2298,1,i009,i009,normal,synthetic_indus_like,
seal_046,2298,2,i011,i011,normal,synthetic_indus_like,
seal_046,2299,1,i024,i024,normal,synthetic_indus_like,
seal_046,2299,2,i096,i096,normal,synthetic_indus_like,
seal_046,2300,1,i035,i035,normal,synthetic_indus_like,
seal_046,2300,2,i129,i129,normal,synthetic_indus_like,
seal_047,2301,1,i010,i010,normal,synthetic_indus_like,
seal_047,2301,2,i051,i051,normal,synthetic_indus_like,
seal_047,2301,3,i094,i094,normal,synthetic_indus_like,
seal_047,2302,1,i026,i026,normal,synthetic_indus_like,
seal_047,2302,2,i063,i063,normal,synthetic_indus_like,
seal_047,2303,1,i002,i002,normal,synthetic_indus_like,
seal_047,2303,2,i046,i046,normal,synthetic_indus_like,
seal_047,2303,3,i015,i015,normal,synthetic_indus_like,
seal_047,2304,1,i005,i005,normal,synthetic_indus_like,
seal_047,2304,2,i037,i037,normal,synthetic_indus_like,
seal_047,2304,3,i014,i014,normal,synthetic_indus_like,
seal_047,2305,1,i002,i002,normal,synthetic_indus_like,
seal_047,2305,2,i055,i055,normal,synthetic_indus_like,
seal_047,2305,3,i148,i148,normal,synthetic_indus_like,
seal_047,2306,1,i028,i028,normal,synthetic_indus_like,
seal_047,2306,2,i077,i077,normal,synthetic_indus_like,
seal_047,2307,1,i001,i001,normal,synthetic_indus_like,
seal_047,2307,2,i017,i017,normal,synthetic_indus_like,
seal_047,2308,1,i009,i009,normal,synthetic_indus_like,
seal_047,2308,2,i040,i040,normal,synthetic_indus_like,
seal_047,2308,3,i117,i117,normal,synthetic_indus_like,
seal_047,2309,1,i007,i007,normal,synthetic_indus_like,
seal_047,2309,2,i016,i016,normal,synthetic_indus_like,
seal_047,2309,3,i015,i015,normal,synthetic_indus_like,
seal_047,2310,1,i009,i009,normal,synthetic_indus_like,
seal_047,2310,2,i019,i019,normal,synthetic_indus_like,
seal_047,2310,3,i014,i014,normal,synthetic_indus_like,
seal_047,2311,1,i009,i009,normal,synthetic_indus_like,
seal_047,2311,2,i005,i005,normal,synthetic_indus_like,
seal_047,2311,3,i037,i037,normal,synthetic_indus_like,
seal_047,2312,1,i007,i007,normal,synthetic_indus_like,
seal_047,2312,2,i001,i001,normal,synthetic_indus_like,
seal_047,2312,3,i042,i042,normal,synthetic_indus_like,
seal_047,2313,1,i007,i007,normal,synthetic_indus_like,
seal_047,2313,2,i007,i007,normal,synthetic_indus_like,
seal_047,2313,3,i033,i033,normal,synthetic_indus_like,
seal_047,2314,1,i038,i038,normal,synthetic_indus_like,
seal_047,2314,2,i068,i068,normal,synthetic_indus_like,
seal_047,2315,1,i006,i006,normal,synthetic_indus_like,
seal_047,2315,2,i001,i001,normal,synthetic_indus_like,
seal_047,2315,3,i022,i022,normal,synthetic_indus_like,
seal_047,2316,1,i006,i006,normal,synthetic_indus_like,
seal_047,2316,2,i015,i015,normal,synthetic_indus_like,
seal_047,2316,3,i019,i019,normal,synthetic_indus_like,
seal_047,2317,1,i004,i004,normal,synthetic_indus_like,
seal_047,2317,2,i010,i010,normal,synthetic_indus_like,
seal_047,2317,3,i054,i054,normal,synthetic_indus_like,
seal_047,2318,1,i006,i006,normal,synthetic_indus_like,
seal_047,2318,2,i016,i016,normal,synthetic_indus_like,
seal_047,2319,1,i042,i042,normal,synthetic_indus_like,
seal_047,2319,2,i136,i136,normal,synthetic_indus_like,
seal_047,2320,1,i005,i005,normal,synthetic_indus_like,
seal_047,2320,2,i058,i058,normal,synthetic_indus_like,
seal_047,2320,3,i075,i075,normal,synthetic_indus_like,
seal_047,2321,1,i007,i007,normal,synthetic_indus_like,
seal_047,2321,2,i059,i059,normal,synthetic_indus_like,
seal_047,2321,3,i107,i107,normal,synthetic_indus_like,
seal_047,2322,1,i008,i008,normal,synthetic_indus_like,
seal_047,2322,2,i018,i018,normal,synthetic_indus_like,
seal_047,2323,1,i006,i006,normal,synthetic_indus_like,
seal_047,2323,2,i010,i010,normal,synthetic_indus_like,
seal_047,2323,3,i032,i032,normal,synthetic_indus_like,
seal_047,2324,1,i005,i005,normal,synthetic_indus_like,
seal_047,2324,2,i020,i020,normal,synthetic_indus_like,
seal_047,2325,1,i008,i008,normal,synthetic_indus_like,
seal_047,2325,2,i028,i028,normal,synthetic_indus_like,
seal_047,2325,3,i080,i080,normal,synthetic_indus_like,
seal_047,2326,1,i003,i003,normal,synthetic_indus_like,
seal_047,2326,2,i008,i008,normal,synthetic_indus_like,
seal_047,2326,3,i048,i048,normal,synthetic_indus_like,
seal_047,2327,1,i044,i044,normal,synthetic_indus_like,
seal_047,2327,2,i075,i075,normal,synthetic_indus_like,
seal_047,2328,1,i060,i060,normal,synthetic_indus_like,
seal_047,2328,2,i104,i104,normal,synthetic_indus_like,
seal_047,2329,1,i060,i060,normal,synthetic_indus_like,
seal_047,2329,2,i106,i106,normal,synthetic_indus_like,
seal_047,2330,1,i006,i006,normal,synthetic_indus_like,
seal_047,2330,2,i013,i013,normal,synthetic_indus_like,
seal_047,2330,3,i012,i012,normal,synthetic_indus_like,
seal_047,2331,1,i009,i009,normal,synthetic_indus_like,
seal_047,2331,2,i045,i045,normal,synthetic_indus_like,
seal_047,2331,3,i011,i011,normal,synthetic_indus_like,
seal_047,2332,1,i006,i006,normal,synthetic_indus_like,
seal_047,2332,2,i044,i044,normal,synthetic_indus_like,
seal_047,2332,3,i019,i019,normal,synthetic_indus_like,
seal_047,2333,1,i001,i001,normal,synthetic_indus_like,
seal_047,2333,2,i036,i036,normal,synthetic_indus_like,
seal_047,2333,3,i130,i130,normal,synthetic_indus_like,
seal_047,2334,1,i009,i009,normal,synthetic_indus_like,
seal_047,2334,2,i010,i010,normal,synthetic_indus_like,
seal_047,2334,3,i034,i034,normal,synthetic_indus_like,
seal_047,2335,1,i053,i053,normal,synthetic_indus_like,
seal_047,2335,2,i150,i150,normal,synthetic_indus_like,
seal_047,2336,1,i009,i009,normal,synthetic_indus_like,
seal_047,2336,2,i014,i014,normal,synthetic_indus_like,
seal_047,2336,3,i013,i013,normal,synthetic_indus_like,
seal_047,2337,1,i009,i009,normal,synthetic_indus_like,
seal_047,2337,2,i018,i018,normal,synthetic_indus_like,
seal_047,2338,1,i007,i007,normal,synthetic_indus_like,
seal_047,2338,2,i015,i015,normal,synthetic_indus_like,
seal_047,2339,1,i001,i001,normal,synthetic_indus_like,
seal_047,2339,2,i019,i019,normal,synthetic_indus_like,
seal_047,2339,3,i020,i020,normal,synthetic_indus_like,
seal_047,2340,1,i009,i009,normal,synthetic_indus_like,
seal_047,2340,2,i025,i025,normal,synthetic_indus_like,
seal_047,2340,3,i012,i012,normal,synthetic_indus_like,
seal_047,2341,1,i038,i038,normal,synthetic_indus_like,
seal_047,2341,2,i067,i067,normal,synthetic_indus_like,
seal_047,2342,1,i007,i007,normal,synthetic_indus_like,
seal_047,2342,2,i044,i044,normal,synthetic_indus_like,
seal_047,2342,3,i119,i119,normal,synthetic_indus_like,
seal_047,2343,1,i006,i006,normal,synthetic_indus_like,
seal_047,2343,2,i002,i002,normal,synthetic_indus_like,
seal_047,2343,3,i029,i029,normal,synthetic_indus_like,
seal_047,2344,1,i006,i006,normal,synthetic_indus_like,
seal_047,2344,2,i007,i007,normal,synthetic_indus_like,
seal_047,2344,3,i027,i027,normal,synthetic_indus_like,
seal_047,2345,1,i006,i006,normal,synthetic_indus_like,
seal_047,2345,2,i026,i026,normal,synthetic_indus_like,
seal_047,2345,3,i141,i141,normal,synthetic_indus_like,
seal_047,2346,1,i006,i006,normal,synthetic_indus_like,
seal_047,2346,2,i007,i007,normal,synthetic_indus_like,
seal_047,2346,3,i044,i044,normal,synthetic_indus_like,
seal_047,2347,1,i001,i001,normal,synthetic_indus_like,
seal_047,2347,2,i038,i038,normal,synthetic_indus_like,
seal_047,2347,3,i077,i077,normal,synthetic_indus_like,
seal_047,2348,1,i025,i025,normal,synthetic_indus_like,
seal_047,2348,2,i123,i123,normal,synthetic_indus_like,
seal_047,2349,1,i008,i008,normal,synthetic_indus_like,
seal_047,2349,2,i022,i022,normal,synthetic_indus_like,
seal_047,2349,3,i084,i084,normal,synthetic_indus_like,
seal_047,2350,1,i007,i007,normal,synthetic_indus_like,
seal_047,2350,2,i027,i027,normal,synthetic_indus_like,
seal_047,2350,3,i012,i012,normal,synthetic_indus_like,
seal_048,2351,1,i027,i027,normal,synthetic_indus_like,
seal_048,2351,2,i112,i112,normal,synthetic_indus_like,
seal_048,2352,1,i003,i003,normal,synthetic_indus_like,
seal_048,2352,2,i018,i018,normal,synthetic_indus_like,
seal_048,2352,3,i015,i015,normal,synthetic_indus_like,
seal_048,2353,1,i007,i007,normal,synthetic_indus_like,
seal_048,2353,2,i016,i016,normal,synthetic_indus_like,
seal_048,2353,3,i016,i016,normal,synthetic_indus_like,
seal_048,2354,1,i006,i006,normal,synthetic_indus_like,
seal_048,2354,2,i042,i042,normal,synthetic_indus_like,
seal_048,2354,3,i016,i016,normal,synthetic_indus_like,
seal_048,2355,1,i001,i001,normal,synthetic_indus_like,
seal_048,2355,2,i043,i043,normal,synthetic_indus_like,
seal_048,2355,3,i017,i017,normal,synthetic_indus_like,
seal_048,2356,1,i009,i009,normal,synthetic_indus_like,
seal_048,2356,2,i015,i015,normal,synthetic_indus_like,
seal_048,2357,1,i007,i007,normal,synthetic_indus_like,
seal_048,2357,2,i006,i006,normal,synthetic_indus_like,
seal_048,2357,3,i051,i051,normal,synthetic_indus_like,
seal_048,2358,1,i005,i005,normal,synthetic_indus_like,
seal_048,2358,2,i012,i012,normal,synthetic_indus_like,
seal_048,2359,1,i009,i009,normal,synthetic_indus_like,
seal_048,2359,2,i009,i009,normal,synthetic_indus_like,
seal_048,2359,3,i023,i023,normal,synthetic_indus_like,
seal_048,2360,1,i007,i007,normal,synthetic_indus_like,
seal_048,2360,2,i033,i033,normal,synthetic_indus_like,
seal_048,2360,3,i014,i014,normal,synthetic_indus_like,
seal_048,2361,1,i003,i003,normal,synthetic_indus_like,
seal_048,2361,2,i016,i016,normal,synthetic_indus_like,
seal_048,2362,1,i007,i007,normal,synthetic_indus_like,
seal_048,2362,2,i054,i054,normal,synthetic_indus_like,
seal_048,2362,3,i074,i074,normal,synthetic_indus_like,
seal_048,2363,1,i002,i002,normal,synthetic_indus_like,
seal_048,2363,2,i024,i024,normal,synthetic_indus_like,
seal_048,2363,3,i148,i148,normal,synthetic_indus_like,
seal_048,2364,1,i009,i009,normal,synthetic_indus_like,
seal_048,2364,2,i020,i020,normal,synthetic_indus_like,
seal_048,2365,1,i043,i043,normal,synthetic_indus_like,
seal_048,2365,2,i080,i080,normal,synthetic_indus_like,
seal_048,2366,1,i006,i006,normal,synthetic_indus_like,
seal_048,2366,2,i017,i017,normal,synthetic_indus_like,
seal_048,2366,3,i013,i013,normal,synthetic_indus_like,
seal_048,2367,1,i001,i001,normal,synthetic_indus_like,
seal_048,2367,2,i020,i020,normal,synthetic_indus_like,
seal_048,2368,1,i004,i004,normal,synthetic_indus_like,
seal_048,2368,2,i029,i029,normal,synthetic_indus_like,
seal_048,2368,3,i124,i124,normal,synthetic_indus_like,
seal_048,2369,1,i008,i008,normal,synthetic_indus_like,
seal_048,2369,2,i008,i008,normal,synthetic_indus_like,
seal_048,2369,3,i052,i052,normal,synthetic_indus_like,
seal_048,2370,1,i046,i046,normal,synthetic_indus_like,
seal_048,2370,2,i100,i100,normal,synthetic_indus_like,
seal_048,2371,1,i008,i008,normal,synthetic_indus_like,
seal_048,2371,2,i015,i015,normal,synthetic_indus_like,
seal_048,2372,1,i052,i052,normal,synthetic_indus_like,
seal_048,2372,2,i106,i106,normal,synthetic_indus_like,
seal_048,2373,1,i008,i008,normal,synthetic_indus_like,
seal_048,2373,2,i049,i049,normal,synthetic_indus_like,
seal_048,2373,3,i138,i138,normal,synthetic_indus_like,
seal_048,2374,1,i005,i005,normal,synthetic_indus_like,
seal_048,2374,2,i004,i004,normal,synthetic_indus_like,
seal_048,2374,3,i055,i055,normal,synthetic_indus_like,
seal_048,2375,1,i007,i007,normal,synthetic_indus_like,
seal_048,2375,2,i052,i052,normal,synthetic_indus_like,
seal_048,2375,3,i075,i075,normal,synthetic_indus_like,
seal_048,2376,1,i007,i007,normal,synthetic_indus_like,
seal_048,2376,2,i058,i058,normal,synthetic_indus_like,
seal_048,2376,3,i020,i020,normal,synthetic_indus_like,
seal_048,2377,1,i003,i003,normal,synthetic_indus_like,
seal_048,2377,2,i009,i009,normal,synthetic_indus_like,
seal_048,2377,3,i051,i051,normal,synthetic_indus_like,
seal_048,2378,1,i053,i053,normal,synthetic_indus_like,
seal_048,2378,2,i076,i076,normal,synthetic_indus_like,
seal_048,2379,1,i006,i006,normal,synthetic_indus_like,
seal_048,2379,2,i028,i028,normal,synthetic_indus_like,
seal_048,2379,3,i018,i018,normal,synthetic_indus_like,
seal_048,2380,1,i004,i004,normal,synthetic_indus_like,
seal_048,2380,2,i057,i057,normal,synthetic_indus_like,
seal_048,2380,3,i015,i015,normal,synthetic_indus_like,
seal_048,2381,1,i005,i005,normal,synthetic_indus_like,
seal_048,2381,2,i006,i006,normal,synthetic_indus_like,
seal_048,2381,3,i034,i034,normal,synthetic_indus_like,
seal_048,2382,1,i023,i023,normal,synthetic_indus_like,
seal_048,2382,2,i085,i085,normal,synthetic_indus_like,
seal_048,2383,1,i045,i045,normal,synthetic_indus_like,
seal_048,2383,2,i119,i119,normal,synthetic_indus_like,
seal_048,2384,1,i025,i025,normal,synthetic_indus_like,
seal_048,2384,2,i063,i063,normal,synthetic_indus_like,
seal_048,2385,1,i002,i002,normal,synthetic_indus_like,
seal_048,2385,2,i001,i001,normal,synthetic_indus_like,
seal_048,2385,3,i027,i027,normal,synthetic_indus_like,
seal_048,2386,1,i054,i054,normal,synthetic_indus_like,
seal_048,2386,2,i100,i100,normal,synthetic_indus_like,
seal_048,2387,1,i001,i001,normal,synthetic_indus_like,
seal_048,2387,2,i002,i002,normal,synthetic_indus_like,
seal_048,2387,3,i047,i047,normal,synthetic_indus_like,
seal_048,2388,1,i003,i003,normal,synthetic_indus_like,
seal_048,2388,2,i013,i013,normal,synthetic_indus_like,
seal_048,2388,3,i014,i014,normal,synthetic_indus_like,
seal_048,2389,1,i001,i001,normal,synthetic_indus_like,
seal_048,2389,2,i024,i024,normal,synthetic_indus_like,
seal_048,2389,3,i114,i114,normal,synthetic_indus_like,
seal_048,2390,1,i009,i009,normal,synthetic_indus_like,
seal_048,2390,2,i025,i025,normal,synthetic_indus_like,
seal_048,2390,3,i011,i011,normal,synthetic_indus_like,
seal_048,2391,1,i010,i010,normal,synthetic_indus_like,
seal_048,2391,2,i042,i042,normal,synthetic_indus_like,
seal_048,2391,3,i116,i116,normal,synthetic_indus_like,
seal_048,2392,1,i006,i006,normal,synthetic_indus_like,
seal_048,2392,2,i011,i011,normal,synthetic_indus_like,
seal_048,2392,3,i013,i013,normal,synthetic_indus_like,
seal_048,2393,1,i008,i008,normal,synthetic_indus_like,
seal_048,2393,2,i010,i010,normal,synthetic_indus_like,
seal_048,2393,3,i027,i027,normal,synthetic_indus_like,
seal_048,2394,1,i003,i003,normal,synthetic_indus_like,
seal_048,2394,2,i026,i026,normal,synthetic_indus_like,
seal_048,2394,3,i020,i020,normal,synthetic_indus_like,
seal_048,2395,1,i002,i002,normal,synthetic_indus_like,
seal_048,2395,2,i034,i034,normal,synthetic_indus_like,
seal_048,2395,3,i019,i019,normal,synthetic_indus_like,
seal_048,2396,1,i005,i005,normal,synthetic_indus_like,
seal_048,2396,2,i048,i048,normal,synthetic_indus_like,
seal_048,2396,3,i140,i140,normal,synthetic_indus_like,
seal_048,2397,1,i009,i009,normal,synthetic_indus_like,
seal_048,2397,2,i013,i013,normal,synthetic_indus_like,
seal_048,2397,3,i018,i018,normal,synthetic_indus_like,
seal_048,2398,1,i006,i006,normal,synthetic_indus_like,
seal_048,2398,2,i059,i059,normal,synthetic_indus_like,
seal_048,2398,3,i012,i012,normal,synthetic_indus_like,
seal_048,2399,1,i009,i009,normal,synthetic_indus_like,
seal_048,2399,2,i015,i015,normal,synthetic_indus_like,
seal_048,2400,1,i005,i005,normal,synthetic_indus_like,
seal_048,2400,2,i007,i007,normal,synthetic_indus_like,
seal_048,2400,3,i032,i032,normal,synthetic_indus_like,
seal_049,2401,1,i001,i001,normal,synthetic_indus_like,
seal_049,2401,2,i015,i015,normal,synthetic_indus_like,
seal_049,2401,3,i013,i013,normal,synthetic_indus_like,
seal_049,2402,1,i007,i007,normal,synthetic_indus_like,
seal_049,2402,2,i046,i046,normal,synthetic_indus_like,
seal_049,2402,3,i018,i018,normal,synthetic_indus_like,
seal_049,2403,1,i059,i059,normal,synthetic_indus_like,
seal_049,2403,2,i124,i124,normal,synthetic_indus_like,
seal_049,2404,1,i010,i010,normal,synthetic_indus_like,
seal_049,2404,2,i056,i056,normal,synthetic_indus_like,
seal_049,2404,3,i101,i101,normal,synthetic_indus_like,
seal_049,2405,1,i001,i001,normal,synthetic_indus_like,
seal_049,2405,2,i018,i018,normal,synthetic_indus_like,
seal_049,2406,1,i002,i002,normal,synthetic_indus_like,
seal_049,2406,2,i012,i012,normal,synthetic_indus_like,
seal_049,2407,1,i005,i005,normal,synthetic_indus_like,
seal_049,2407,2,i018,i018,normal,synthetic_indus_like,
seal_049,2407,3,i011,i011,normal,synthetic_indus_like,
seal_049,2408,1,i007,i007,normal,synthetic_indus_like,
seal_049,2408,2,i033,i033,normal,synthetic_indus_like,
seal_049,2408,3,i105,i105,normal,synthetic_indus_like,
seal_049,2409,1,i021,i021,normal,synthetic_indus_like,
seal_049,2409,2,i102,i102,normal,synthetic_indus_like,
seal_049,2410,1,i010,i010,normal,synthetic_indus_like,
seal_049,2410,2,i025,i025,normal,synthetic_indus_like,
seal_049,2410,3,i105,i105,normal,synthetic_indus_like,
seal_049,2411,1,i059,i059,normal,synthetic_indus_like,
seal_049,2411,2,i113,i113,normal,synthetic_indus_like,
seal_049,2412,1,i004,i004,normal,synthetic_indus_like,
seal_049,2412,2,i037,i037,normal,synthetic_indus_like,
seal_049,2412,3,i078,i078,normal,synthetic_indus_like,
seal_049,2413,1,i028,i028,normal,synthetic_indus_like,
seal_049,2413,2,i078,i078,normal,synthetic_indus_like,
seal_049,2414,1,i031,i031,normal,synthetic_indus_like,
seal_049,2414,2,i117,i117,normal,synthetic_indus_like,
seal_049,2415,1,i010,i010,normal,synthetic_indus_like,
seal_049,2415,2,i034,i034,normal,synthetic_indus_like,
seal_049,2415,3,i014,i014,normal,synthetic_indus_like,
seal_049,2416,1,i009,i009,normal,synthetic_indus_like,
seal_049,2416,2,i001,i001,normal,synthetic_indus_like,
seal_049,2416,3,i036,i036,normal,synthetic_indus_like,
seal_049,2417,1,i007,i007,normal,synthetic_indus_like,
seal_049,2417,2,i025,i025,normal,synthetic_indus_like,
seal_049,2417,3,i115,i115,normal,synthetic_indus_like,
seal_049,2418,1,i004,i004,normal,synthetic_indus_like,
seal_049,2418,2,i015,i015,normal,synthetic_indus_like,
seal_049,2419,1,i008,i008,normal,synthetic_indus_like,
seal_049,2419,2,i037,i037,normal,synthetic_indus_like,
seal_049,2419,3,i014,i014,normal,synthetic_indus_like,
seal_049,2420,1,i002,i002,normal,synthetic_indus_like,
seal_049,2420,2,i004,i004,normal,synthetic_indus_like,
seal_049,2420,3,i028,i028,normal,synthetic_indus_like,
seal_049,2421,1,i002,i002,normal,synthetic_indus_like,
seal_049,2421,2,i054,i054,normal,synthetic_indus_like,
seal_049,2421,3,i137,i137,normal,synthetic_indus_like,
seal_049,2422,1,i008,i008,normal,synthetic_indus_like,
seal_049,2422,2,i007,i007,normal,synthetic_indus_like,
seal_049,2422,3,i051,i051,normal,synthetic_indus_like,
seal_049,2423,1,i060,i060,normal,synthetic_indus_like,
seal_049,2423,2,i119,i119,normal,synthetic_indus_like,
seal_049,2424,1,i002,i002,normal,synthetic_indus_like,
seal_049,2424,2,i018,i018,normal,synthetic_indus_like,
seal_049,2424,3,i014,i014,normal,synthetic_indus_like,
seal_049,2425,1,i002,i002,normal,synthetic_indus_like,
seal_049,2425,2,i019,i019,normal,synthetic_indus_like,
seal_049,2426,1,i038,i038,normal,synthetic_indus_like,
seal_049,2426,2,i100,i100,normal,synthetic_indus_like,
seal_049,2427,1,i008,i008,normal,synthetic_indus_like,
seal_049,2427,2,i025,i025,normal,synthetic_indus_like,
seal_049,2427,3,i106,i106,normal,synthetic_indus_like,
seal_049,2428,1,i006,i006,normal,synthetic_indus_like,
seal_049,2428,2,i015,i015,normal,synthetic_indus_like,
seal_049,2428,3,i015,i015,normal,synthetic_indus_like,
seal_049,2429,1,i029,i029,normal,synthetic_indus_like,
seal_049,2429,2,i074,i074,normal,synthetic_indus_like,
seal_049,2430,1,i002,i002,normal,synthetic_indus_like,
seal_049,2430,2,i011,i011,normal,synthetic_indus_like,
seal_049,2431,1,i005,i005,normal,synthetic_indus_like,
seal_049,2431,2,i056,i056,normal,synthetic_indus_like,
seal_049,2431,3,i017,i017,normal,synthetic_indus_like,
seal_049,2432,1,i028,i028,normal,synthetic_indus_like,
seal_049,2432,2,i063,i063,normal,synthetic_indus_like,
seal_049,2433,1,i010,i010,normal,synthetic_indus_like,
seal_049,2433,2,i018,i018,normal,synthetic_indus_like,
seal_049,2434,1,i004,i004,normal,synthetic_indus_like,
seal_049,2434,2,i001,i001,normal,synthetic_indus_like,
seal_049,2434,3,i037,i037,normal,synthetic_indus_like,
seal_049,2435,1,i022,i022,normal,synthetic_indus_like,
seal_049,2435,2,i097,i097,normal,synthetic_indus_like,
seal_049,2436,1,i002,i002,normal,synthetic_indus_like,
seal_049,2436,2,i019,i019,normal,synthetic_indus_like,
seal_049,2436,3,i012,i012,normal,synthetic_indus_like,
seal_049,2437,1,i003,i003,normal,synthetic_indus_like,
seal_049,2437,2,i016,i016,normal,synthetic_indus_like,
seal_049,2437,3,i017,i017,normal,synthetic_indus_like,
seal_049,2438,1,i005,i005,normal,synthetic_indus_like,
seal_049,2438,2,i012,i012,normal,synthetic_indus_like,
seal_049,2438,3,i012,i012,normal,synthetic_indus_like,
seal_049,2439,1,i004,i004,normal,synthetic_indus_like,
seal_049,2439,2,i007,i007,normal,synthetic_indus_like,
seal_049,2439,3,i058,i058,normal,synthetic_indus_like,
seal_049,2440,1,i002,i002,normal,synthetic_indus_like,
seal_049,2440,2,i016,i016,normal,synthetic_indus_like,
seal_049,2441,1,i006,i006,normal,synthetic_indus_like,
seal_049,2441,2,i041,i041,normal,synthetic_indus_like,
seal_049,2441,3,i087,i087,normal,synthetic_indus_like,
seal_049,2442,1,i003,i003,normal,synthetic_indus_like,
seal_049,2442,2,i010,i010,normal,synthetic_indus_like,
seal_049,2442,3,i044,i044,normal,synthetic_indus_like,
seal_049,2443,1,i004,i004,normal,synthetic_indus_like,
seal_049,2443,2,i043,i043,normal,synthetic_indus_like,
seal_049,2443,3,i019,i019,normal,synthetic_indus_like,
seal_049,2444,1,i058,i058,normal,synthetic_indus_like,
seal_049,2444,2,i148,i148,normal,synthetic_indus_like,
seal_049,2445,1,i008,i008,normal,synthetic_indus_like,
seal_049,2445,2,i052,i052,normal,synthetic_indus_like,
seal_049,2445,3,i018,i018,normal,synthetic_indus_like,
seal_049,2446,1,i053,i053,normal,synthetic_indus_like,
seal_049,2446,2,i078,i078,normal,synthetic_indus_like,
seal_049,2447,1,i043,i043,normal,synthetic_indus_like,
seal_049,2447,2,i144,i144,normal,synthetic_indus_like,
seal_049,2448,1,i006,i006,normal,synthetic_indus_like,
seal_049,2448,2,i005,i005,normal,synthetic_indus_like,
seal_049,2448,3,i043,i043,normal,synthetic_indus_like,
seal_049,2449,1,i008,i008,normal,synthetic_indus_like,
seal_049,2449,2,i010,i010,normal,synthetic_indus_like,
seal_049,2449,3,i030,i030,normal,synthetic_indus_like,
seal_049,2450,1,i005,i005,normal,synthetic_indus_like,
seal_049,2450,2,i038,i038,normal,synthetic_indus_like,
seal_049,2450,3,i080,i080,normal,synthetic_indus_like,
seal_050,2451,1,i058,i058,normal,synthetic_indus_like,
seal_050,2451,2,i094,i094,normal,synthetic_indus_like,
seal_050,2452,1,i003,i003,normal,synthetic_indus_like,
seal_050,2452,2,i013,i013,normal,synthetic_indus_like,
seal_050,2453,1,i005,i005,normal,synthetic_indus_like,
seal_050,2453,2,i011,i011,normal,synthetic_indus_like,
seal_050,2454,1,i027,i027,normal,synthetic_indus_like,
seal_050,2454,2,i071,i071,normal,synthetic_indus_like,
seal_050,2455,1,i005,i005,normal,synthetic_indus_like,
seal_050,2455,2,i016,i016,normal,synthetic_indus_like,
seal_050,2455,3,i020,i020,normal,synthetic_indus_like,
seal_050,2456,1,i003,i003,normal,synthetic_indus_like,
seal_050,2456,2,i004,i004,normal,synthetic_indus_like,
seal_050,2456,3,i060,i060,normal,synthetic_indus_like,
seal_050,2457,1,i028,i028,normal,synthetic_indus_like,
seal_050,2457,2,i066,i066,normal,synthetic_indus_like,
seal_050,2458,1,i042,i042,normal,synthetic_indus_like,
seal_050,2458,2,i088,i088,normal,synthetic_indus_like,
seal_050,2459,1,i010,i010,normal,synthetic_indus_like,
seal_050,2459,2,i009,i009,normal,synthetic_indus_like,
seal_050,2459,3,i033,i033,normal,synthetic_indus_like,
seal_050,2460,1,i001,i001,normal,synthetic_indus_like,
seal_050,2460,2,i013,i013,normal,synthetic_indus_like,
seal_050,2461,1,i001,i001,normal,synthetic_indus_like,
seal_050,2461,2,i051,i051,normal,synthetic_indus_like,
seal_050,2461,3,i080,i080,normal,synthetic_indus_like,
seal_050,2462,1,i002,i002,normal,synthetic_indus_like,
seal_050,2462,2,i009,i009,normal,synthetic_indus_like,
seal_050,2462,3,i058,i058,normal,synthetic_indus_like,
seal_050,2463,1,i010,i010,normal,synthetic_indus_like,
seal_050,2463,2,i010,i010,normal,synthetic_indus_like,
seal_050,2463,3,i054,i054,normal,synthetic_indus_like,
seal_050,2464,1,i009,i009,normal,synthetic_indus_like,
seal_050,2464,2,i001,i001,normal,synthetic_indus_like,
seal_050,2464,3,i048,i048,normal,synthetic_indus_like,
seal_050,2465,1,i001,i001,normal,synthetic_indus_like,
seal_050,2465,2,i024,i024,normal,synthetic_indus_like,
seal_050,2465,3,i018,i018,normal,synthetic_indus_like,
seal_050,2466,1,i010,i010,normal,synthetic_indus_like,
seal_050,2466,2,i015,i015,normal,synthetic_indus_like,
seal_050,2467,1,i042,i042,normal,synthetic_indus_like,
seal_050,2467,2,i074,i074,normal,synthetic_indus_like,
seal_050,2468,1,i005,i005,normal,synthetic_indus_like,
seal_050,2468,2,i014,i014,normal,synthetic_indus_like,
seal_050,2468,3,i015,i015,normal,synthetic_indus_like,
seal_050,2469,1,i006,i006,normal,synthetic_indus_like,
seal_050,2469,2,i055,i055,normal,synthetic_indus_like,
seal_050,2469,3,i101,i101,normal,synthetic_indus_like,
seal_050,2470,1,i008,i008,normal,synthetic_indus_like,
seal_050,2470,2,i060,i060,normal,synthetic_indus_like,
seal_050,2470,3,i091,i091,normal,synthetic_indus_like,
seal_050,2471,1,i002,i002,normal,synthetic_indus_like,
seal_050,2471,2,i048,i048,normal,synthetic_indus_like,
seal_050,2471,3,i095,i095,normal,synthetic_indus_like,
seal_050,2472,1,i003,i003,normal,synthetic_indus_like,
seal_050,2472,2,i037,i037,normal,synthetic_indus_like,
seal_050,2472,3,i014,i014,normal,synthetic_indus_like,
seal_050,2473,1,i010,i010,normal,synthetic_indus_like,
seal_050,2473,2,i013,i013,normal,synthetic_indus_like,
seal_050,2473,3,i011,i011,normal,synthetic_indus_like,
seal_050,2474,1,i025,i025,normal,synthetic_indus_like,
seal_050,2474,2,i080,i080,normal,synthetic_indus_like,
seal_050,2475,1,i007,i007,normal,synthetic_indus_like,
seal_050,2475,2,i017,i017,normal,synthetic_indus_like,
seal_050,2475,3,i011,i011,normal,synthetic_indus_like,
seal_050,2476,1,i007,i007,normal,synthetic_indus_like,
seal_050,2476,2,i042,i042,normal,synthetic_indus_like,
seal_050,2476,3,i144,i144,normal,synthetic_indus_like,
seal_050,2477,1,i059,i059,normal,synthetic_indus_like,
seal_050,2477,2,i117,i117,normal,synthetic_indus_like,
seal_050,2478,1,i008,i008,normal,synthetic_indus_like,
seal_050,2478,2,i040,i040,normal,synthetic_indus_like,
seal_050,2478,3,i097,i097,normal,synthetic_indus_like,
seal_050,2479,1,i048,i048,normal,synthetic_indus_like,
seal_050,2479,2,i084,i084,normal,synthetic_indus_like,
seal_050,2480,1,i002,i002,normal,synthetic_indus_like,
seal_050,2480,2,i009,i009,normal,synthetic_indus_like,
seal_050,2480,3,i030,i030,normal,synthetic_indus_like,
seal_050,2481,1,i010,i010,normal,synthetic_indus_like,
seal_050,2481,2,i009,i009,normal,synthetic_indus_like,
seal_050,2481,3,i053,i053,normal,synthetic_indus_like,
seal_050,2482,1,i001,i001,normal,synthetic_indus_like,
seal_050,2482,2,i015,i015,normal,synthetic_indus_like,
seal_050,2483,1,i051,i051,normal,synthetic_indus_like,
seal_050,2483,2,i070,i070,normal,synthetic_indus_like,
seal_050,2484,1,i027,i027,normal,synthetic_indus_like,
seal_050,2484,2,i112,i112,normal,synthetic_indus_like,
seal_050,2485,1,i001,i001,normal,synthetic_indus_like,
seal_050,2485,2,i053,i053,normal,synthetic_indus_like,
seal_050,2485,3,i146,i146,normal,synthetic_indus_like,
seal_050,2486,1,i006,i006,normal,synthetic_indus_like,
seal_050,2486,2,i003,i003,normal,synthetic_indus_like,
seal_050,2486,3,i025,i025,normal,synthetic_indus_like,
seal_050,2487,1,i009,i009,normal,synthetic_indus_like,
seal_050,2487,2,i016,i016,normal,synthetic_indus_like,
seal_050,2488,1,i003,i003,normal,synthetic_indus_like,
seal_050,2488,2,i010,i010,normal,synthetic_indus_like,
seal_050,2488,3,i055,i055,normal,synthetic_indus_like,
seal_050,2489,1,i001,i001,normal,synthetic_indus_like,
seal_050,2489,2,i033,i033,normal,synthetic_indus_like,
seal_050,2489,3,i072,i072,normal,synthetic_indus_like,
seal_050,2490,1,i005,i005,normal,synthetic_indus_like,
seal_050,2490,2,i053,i053,normal,synthetic_indus_like,
seal_050,2490,3,i129,i129,normal,synthetic_indus_like,
seal_050,2491,1,i007,i007,normal,synthetic_indus_like,
seal_050,2491,2,i012,i012,normal,synthetic_indus_like,
seal_050,2491,3,i016,i016,normal,synthetic_indus_like,
seal_050,2492,1,i025,i025,normal,synthetic_indus_like,
seal_050,2492,2,i118,i118,normal,synthetic_indus_like,
seal_050,2493,1,i055,i055,normal,synthetic_indus_like,
seal_050,2493,2,i134,i134,normal,synthetic_indus_like,
seal_050,2494,1,i008,i008,normal,synthetic_indus_like,
seal_050,2494,2,i017,i017,normal,synthetic_indus_like,
seal_050,2495,1,i009,i009,normal,synthetic_indus_like,
seal_050,2495,2,i016,i016,normal,synthetic_indus_like,
seal_050,2495,3,i012,i012,normal,synthetic_indus_like,
seal_050,2496,1,i004,i004,normal,synthetic_indus_like,
seal_050,2496,2,i019,i019,normal,synthetic_indus_like,
seal_050,2497,1,i005,i005,normal,synthetic_indus_like,
seal_050,2497,2,i017,i017,normal,synthetic_indus_like,
seal_050,2498,1,i048,i048,normal,synthetic_indus_like,
seal_050,2498,2,i113,i113,normal,synthetic_indus_like,
seal_050,2499,1,i001,i001,normal,synthetic_indus_like,
seal_050,2499,2,i052,i052,normal,synthetic_indus_like,
seal_050,2499,3,i101,i101,normal,synthetic_indus_like,
seal_050,2500,1,i006,i006,normal,synthetic_indus_like,
seal_050,2500,2,i011,i011,normal,synthetic_indus_like,
seal_051,2501,1,i058,i058,normal,synthetic_indus_like,
seal_051,2501,2,i142,i142,normal,synthetic_indus_like,
seal_051,2502,1,i008,i008,normal,synthetic_indus_like,
seal_051,2502,2,i018,i018,normal,synthetic_indus_like,
seal_051,2503,1,i049,i049,normal,synthetic_indus_like,
seal_051,2503,2,i111,i111,normal,synthetic_indus_like,
seal_051,2504,1,i004,i004,normal,synthetic_indus_like,
seal_051,2504,2,i020,i020,normal,synthetic_indus_like,
seal_051,2505,1,i003,i003,normal,synthetic_indus_like,
seal_051,2505,2,i059,i059,normal,synthetic_indus_like,
seal_051,2505,3,i015,i015,normal,synthetic_indus_like,
seal_051,2506,1,i010,i010,normal,synthetic_indus_like,
seal_051,2506,2,i009,i009,normal,synthetic_indus_like,
seal_051,2506,3,i060,i060,normal,synthetic_indus_like,
seal_051,2507,1,i003,i003,normal,synthetic_indus_like,
seal_051,2507,2,i018,i018,normal,synthetic_indus_like,
seal_051,2507,3,i016,i016,normal,synthetic_indus_like,
seal_051,2508,1,i032,i032,normal,synthetic_indus_like,
seal_051,2508,2,i083,i083,normal,synthetic_indus_like,
seal_051,2509,1,i004,i004,normal,synthetic_indus_like,
seal_051,2509,2,i007,i007,normal,synthetic_indus_like,
seal_051,2509,3,i038,i038,normal,synthetic_indus_like,
seal_051,2510,1,i008,i008,normal,synthetic_indus_like,
seal_051,2510,2,i053,i053,normal,synthetic_indus_like,
seal_051,2510,3,i067,i067,normal,synthetic_indus_like,
seal_051,2511,1,i001,i001,normal,synthetic_indus_like,
seal_051,2511,2,i011,i011,normal,synthetic_indus_like,
seal_051,2512,1,i006,i006,normal,synthetic_indus_like,
seal_051,2512,2,i009,i009,normal,synthetic_indus_like,
seal_051,2512,3,i048,i048,normal,synthetic_indus_like,
seal_051,2513,1,i038,i038,normal,synthetic_indus_like,
seal_051,2513,2,i114,i114,normal,synthetic_indus_like,
seal_051,2514,1,i006,i006,normal,synthetic_indus_like,
seal_051,2514,2,i012,i012,normal,synthetic_indus_like,
seal_051,2515,1,i007,i007,normal,synthetic_indus_like,
seal_051,2515,2,i016,i016,normal,synthetic_indus_like,
seal_051,2515,3,i017,i017,normal,synthetic_indus_like,
seal_051,2516,1,i006,i006,normal,synthetic_indus_like,
seal_051,2516,2,i030,i030,normal,synthetic_indus_like,
seal_051,2516,3,i013,i013,normal,synthetic_indus_like,
seal_051,2517,1,i033,i033,normal,synthetic_indus_like,
seal_051,2517,2,i119,i119,normal,synthetic_indus_like,
seal_051,2518,1,i004,i004,normal,synthetic_indus_like,
seal_051,2518,2,i052,i052,normal,synthetic_indus_like,
seal_051,2518,3,i080,i080,normal,synthetic_indus_like,
seal_051,2519,1,i003,i003,normal,synthetic_indus_like,
seal_051,2519,2,i028,i028,normal,synthetic_indus_like,
seal_051,2519,3,i011,i011,normal,synthetic_indus_like,
seal_051,2520,1,i004,i004,normal,synthetic_indus_like,
seal_051,2520,2,i059,i059,normal,synthetic_indus_like,
seal_051,2520,3,i067,i067,normal,synthetic_indus_like,
seal_051,2521,1,i008,i008,normal,synthetic_indus_like,
seal_051,2521,2,i019,i019,normal,synthetic_indus_like,
seal_051,2521,3,i013,i013,normal,synthetic_indus_like,
seal_051,2522,1,i007,i007,normal,synthetic_indus_like,
seal_051,2522,2,i053,i053,normal,synthetic_indus_like,
seal_051,2522,3,i081,i081,normal,synthetic_indus_like,
seal_051,2523,1,i031,i031,normal,synthetic_indus_like,
seal_051,2523,2,i134,i134,normal,synthetic_indus_like,
seal_051,2524,1,i055,i055,normal,synthetic_indus_like,
seal_051,2524,2,i138,i138,normal,synthetic_indus_like,
seal_051,2525,1,i005,i005,normal,synthetic_indus_like,
seal_051,2525,2,i020,i020,normal,synthetic_indus_like,
seal_051,2525,3,i017,i017,normal,synthetic_indus_like,
seal_051,2526,1,i051,i051,normal,synthetic_indus_like,
seal_051,2526,2,i139,i139,normal,synthetic_indus_like,
seal_051,2527,1,i009,i009,normal,synthetic_indus_like,
seal_051,2527,2,i055,i055,normal,synthetic_indus_like,
seal_051,2527,3,i090,i090,normal,synthetic_indus_like,
seal_051,2528,1,i008,i008,normal,synthetic_indus_like,
seal_051,2528,2,i017,i017,normal,synthetic_indus_like,
seal_051,2528,3,i020,i020,normal,synthetic_indus_like,
seal_051,2529,1,i010,i010,normal,synthetic_indus_like,
seal_051,2529,2,i036,i036,normal,synthetic_indus_like,
seal_051,2529,3,i020,i020,normal,synthetic_indus_like,
seal_051,2530,1,i001,i001,normal,synthetic_indus_like,
seal_051,2530,2,i030,i030,normal,synthetic_indus_like,
seal_051,2530,3,i014,i014,normal,synthetic_indus_like,
seal_051,2531,1,i010,i010,normal,synthetic_indus_like,
seal_051,2531,2,i056,i056,normal,synthetic_indus_like,
seal_051,2531,3,i013,i013,normal,synthetic_indus_like,
seal_051,2532,1,i001,i001,normal,synthetic_indus_like,
seal_051,2532,2,i011,i011,normal,synthetic_indus_like,
seal_051,2533,1,i003,i003,normal,synthetic_indus_like,
seal_051,2533,2,i015,i015,normal,synthetic_indus_like,
seal_051,2533,3,i015,i015,normal,synthetic_indus_like,
seal_051,2534,1,i002,i002,normal,synthetic_indus_like,
seal_051,2534,2,i044,i044,normal,synthetic_indus_like,
seal_051,2534,3,i012,i012,normal,synthetic_indus_like,
seal_051,2535,1,i004,i004,normal,synthetic_indus_like,
seal_051,2535,2,i015,i015,normal,synthetic_indus_like,
seal_051,2536,1,i010,i010,normal,synthetic_indus_like,
seal_051,2536,2,i034,i034,normal,synthetic_indus_like,
seal_051,2536,3,i083,i083,normal,synthetic_indus_like,
seal_051,2537,1,i003,i003,normal,synthetic_indus_like,
seal_051,2537,2,i011,i011,normal,synthetic_indus_like,
seal_051,2537,3,i013,i013,normal,synthetic_indus_like,
seal_051,2538,1,i010,i010,normal,synthetic_indus_like,
seal_051,2538,2,i043,i043,normal,synthetic_indus_like,
seal_051,2538,3,i015,i015,normal,synthetic_indus_like,
seal_051,2539,1,i006,i006,normal,synthetic_indus_like,
seal_051,2539,2,i012,i012,normal,synthetic_indus_like,
seal_051,2539,3,i016,i016,normal,synthetic_indus_like,
seal_051,2540,1,i001,i001,normal,synthetic_indus_like,
seal_051,2540,2,i015,i015,normal,synthetic_indus_like,
seal_051,2541,1,i038,i038,normal,synthetic_indus_like,
seal_051,2541,2,i070,i070,normal,synthetic_indus_like,
seal_051,2542,1,i001,i001,normal,synthetic_indus_like,
seal_051,2542,2,i014,i014,normal,synthetic_indus_like,
seal_051,2542,3,i018,i018,normal,synthetic_indus_like,
seal_051,2543,1,i001,i001,normal,synthetic_indus_like,
seal_051,2543,2,i021,i021,normal,synthetic_indus_like,
seal_051,2543,3,i019,i019,normal,synthetic_indus_like,
seal_051,2544,1,i003,i003,normal,synthetic_indus_like,
seal_051,2544,2,i008,i008,normal,synthetic_indus_like,
seal_051,2544,3,i059,i059,normal,synthetic_indus_like,
seal_051,2545,1,i007,i007,normal,synthetic_indus_like,
seal_051,2545,2,i055,i055,normal,synthetic_indus_like,
seal_051,2545,3,i064,i064,normal,synthetic_indus_like,
seal_051,2546,1,i001,i001,normal,synthetic_indus_like,
seal_051,2546,2,i044,i044,normal,synthetic_indus_like,
seal_051,2546,3,i011,i011,normal,synthetic_indus_like,
seal_051,2547,1,i001,i001,normal,synthetic_indus_like,
seal_051,2547,2,i018,i018,normal,synthetic_indus_like,
seal_051,2548,1,i005,i005,normal,synthetic_indus_like,
seal_051,2548,2,i016,i016,normal,synthetic_indus_like,
seal_051,2549,1,i007,i007,normal,synthetic_indus_like,
seal_051,2549,2,i052,i052,normal,synthetic_indus_like,
seal_051,2549,3,i017,i017,normal,synthetic_indus_like,
seal_051,2550,1,i010,i010,normal,synthetic_indus_like,
seal_051,2550,2,i030,i030,normal,synthetic_indus_like,
seal_051,2550,3,i012,i012,normal,synthetic_indus_like,
seal_052,2551,1,i010,i010,normal,synthetic_indus_like,
seal_052,2551,2,i016,i016,normal,synthetic_indus_like,
seal_052,2552,1,i008,i008,normal,synthetic_indus_like,
seal_052,2552,2,i032,i032,normal,synthetic_indus_like,
seal_052,2552,3,i119,i119,normal,synthetic_indus_like,
seal_052,2553,1,i007,i007,normal,synthetic_indus_like,
seal_052,2553,2,i014,i014,normal,synthetic_indus_like,
seal_052,2554,1,i006,i006,normal,synthetic_indus_like,
seal_052,2554,2,i017,i017,normal,synthetic_indus_like,
seal_052,2555,1,i010,i010,normal,synthetic_indus_like,
seal_052,2555,2,i002,i002,normal,synthetic_indus_like,
seal_052,2555,3,i056,i056,normal,synthetic_indus_like,
seal_052,2556,1,i047,i047,normal,synthetic_indus_like,
seal_052,2556,2,i115,i115,normal,synthetic_indus_like,
seal_052,2557,1,i003,i003,normal,synthetic_indus_like,
seal_052,2557,2,i019,i019,normal,synthetic_indus_like,
seal_052,2557,3,i019,i019,normal,synthetic_indus_like,
seal_052,2558,1,i005,i005,normal,synthetic_indus_like,
seal_052,2558,2,i014,i014,normal,synthetic_indus_like,
seal_052,2558,3,i015,i015,normal,synthetic_indus_like,
seal_052,2559,1,i005,i005,normal,synthetic_indus_like,
seal_052,2559,2,i013,i013,normal,synthetic_indus_like,
seal_052,2559,3,i012,i012,normal,synthetic_indus_like,
seal_052,2560,1,i060,i060,normal,synthetic_indus_like,
seal_052,2560,2,i075,i075,normal,synthetic_indus_like,
seal_052,2561,1,i008,i008,normal,synthetic_indus_like,
seal_052,2561,2,i016,i016,normal,synthetic_indus_like,
seal_052,2562,1,i002,i002,normal,synthetic_indus_like,
seal_052,2562,2,i054,i054,normal,synthetic_indus_like,
seal_052,2562,3,i089,i089,normal,synthetic_indus_like,
seal_052,2563,1,i006,i006,normal,synthetic_indus_like,
seal_052,2563,2,i014,i014,normal,synthetic_indus_like,
seal_052,2563,3,i012,i012,normal,synthetic_indus_like,
seal_052,2564,1,i001,i001,normal,synthetic_indus_like,
seal_052,2564,2,i012,i012,normal,synthetic_indus_like,
seal_052,2564,3,i015,i015,normal,synthetic_indus_like,
seal_052,2565,1,i010,i010,normal,synthetic_indus_like,
seal_052,2565,2,i012,i012,normal,synthetic_indus_like,
seal_052,2565,3,i013,i013,normal,synthetic_indus_like,
seal_052,2566,1,i001,i001,normal,synthetic_indus_like,
seal_052,2566,2,i013,i013,normal,synthetic_indus_like,
seal_052,2567,1,i009,i009,normal,synthetic_indus_like,
seal_052,2567,2,i014,i014,normal,synthetic_indus_like,
seal_052,2568,1,i010,i010,normal,synthetic_indus_like,
seal_052,2568,2,i019,i019,normal,synthetic_indus_like,
seal_052,2568,3,i015,i015,normal,synthetic_indus_like,
seal_052,2569,1,i001,i001,normal,synthetic_indus_like,
seal_052,2569,2,i012,i012,normal,synthetic_indus_like,
seal_052,2569,3,i015,i015,normal,synthetic_indus_like,
seal_052,2570,1,i006,i006,normal,synthetic_indus_like,
seal_052,2570,2,i020,i020,normal,synthetic_indus_like,
seal_052,2571,1,i010,i010,normal,synthetic_indus_like,
seal_052,2571,2,i019,i019,normal,synthetic_indus_like,
seal_052,2571,3,i013,i013,normal,synthetic_indus_like,
seal_052,2572,1,i010,i010,normal,synthetic_indus_like,
seal_052,2572,2,i009,i009,normal,synthetic_indus_like,
seal_052,2572,3,i034,i034,normal,synthetic_indus_like,
seal_052,2573,1,i038,i038,normal,synthetic_indus_like,
seal_052,2573,2,i090,i090,normal,synthetic_indus_like,
seal_052,2574,1,i009,i009,normal,synthetic_indus_like,
seal_052,2574,2,i047,i047,normal,synthetic_indus_like,
seal_052,2574,3,i020,i020,normal,synthetic_indus_like,
seal_052,2575,1,i002,i002,normal,synthetic_indus_like,
seal_052,2575,2,i009,i009,normal,synthetic_indus_like,
seal_052,2575,3,i039,i039,normal,synthetic_indus_like,
seal_052,2576,1,i003,i003,normal,synthetic_indus_like,
seal_052,2576,2,i015,i015,normal,synthetic_indus_like,
seal_052,2577,1,i009,i009,normal,synthetic_indus_like,
seal_052,2577,2,i016,i016,normal,synthetic_indus_like,
seal_052,2578,1,i003,i003,normal,synthetic_indus_like,
seal_052,2578,2,i003,i003,normal,synthetic_indus_like,
seal_052,2578,3,i042,i042,normal,synthetic_indus_like,
seal_052,2579,1,i008,i008,normal,synthetic_indus_like,
seal_052,2579,2,i015,i015,normal,synthetic_indus_like,
seal_052,2580,1,i035,i035,normal,synthetic_indus_like,
seal_052,2580,2,i146,i146,normal,synthetic_indus_like,
seal_052,2581,1,i002,i002,normal,synthetic_indus_like,
seal_052,2581,2,i042,i042,normal,synthetic_indus_like,
seal_052,2581,3,i020,i020,normal,synthetic_indus_like,
seal_052,2582,1,i031,i031,normal,synthetic_indus_like,
seal_052,2582,2,i139,i139,normal,synthetic_indus_like,
seal_052,2583,1,i005,i005,normal,synthetic_indus_like,
seal_052,2583,2,i017,i017,normal,synthetic_indus_like,
seal_052,2583,3,i012,i012,normal,synthetic_indus_like,
seal_052,2584,1,i004,i004,normal,synthetic_indus_like,
seal_052,2584,2,i014,i014,normal,synthetic_indus_like,
seal_052,2584,3,i019,i019,normal,synthetic_indus_like,
seal_052,2585,1,i006,i006,normal,synthetic_indus_like,
seal_052,2585,2,i015,i015,normal,synthetic_indus_like,
seal_052,2585,3,i015,i015,normal,synthetic_indus_like,
seal_052,2586,1,i001,i001,normal,synthetic_indus_like,
seal_052,2586,2,i031,i031,normal,synthetic_indus_like,
seal_052,2586,3,i148,i148,normal,synthetic_indus_like,
seal_052,2587,1,i050,i050,normal,synthetic_indus_like,
seal_052,2587,2,i119,i119,normal,synthetic_indus_like,
seal_052,2588,1,i006,i006,normal,synthetic_indus_like,
seal_052,2588,2,i015,i015,normal,synthetic_indus_like,
seal_052,2588,3,i014,i014,normal,synthetic_indus_like,
seal_052,2589,1,i036,i036,normal,synthetic_indus_like,
seal_052,2589,2,i067,i067,normal,synthetic_indus_like,
seal_052,2590,1,i003,i003,normal,synthetic_indus_like,
seal_052,2590,2,i017,i017,normal,synthetic_indus_like,
seal_052,2590,3,i015,i015,normal,synthetic_indus_like,
seal_052,2591,1,i009,i009,normal,synthetic_indus_like,
seal_052,2591,2,i014,i014,normal,synthetic_indus_like,
seal_052,2592,1,i024,i024,normal,synthetic_indus_like,
seal_052,2592,2,i083,i083,normal,synthetic_indus_like,
seal_052,2593,1,i060,i060,normal,synthetic_indus_like,
seal_052,2593,2,i087,i087,normal,synthetic_indus_like,
seal_052,2594,1,i040,i040,normal,synthetic_indus_like,
seal_052,2594,2,i138,i138,normal,synthetic_indus_like,
seal_052,2595,1,i041,i041,normal,synthetic_indus_like,
seal_052,2595,2,i079,i079,normal,synthetic_indus_like,
seal_052,2596,1,i008,i008,normal,synthetic_indus_like,
seal_052,2596,2,i020,i020,normal,synthetic_indus_like,
seal_052,2597,1,i003,i003,normal,synthetic_indus_like,
seal_052,2597,2,i019,i019,normal,synthetic_indus_like,
seal_052,2598,1,i008,i008,normal,synthetic_indus_like,
seal_052,2598,2,i014,i014,normal,synthetic_indus_like,
seal_052,2598,3,i015,i015,normal,synthetic_indus_like,
seal_052,2599,1,i060,i060,normal,synthetic_indus_like,
seal_052,2599,2,i077,i077,normal,synthetic_indus_like,
seal_052,2600,1,i006,i006,normal,synthetic_indus_like,
seal_052,2600,2,i024,i024,normal,synthetic_indus_like,
seal_052,2600,3,i115,i115,normal,synthetic_indus_like,
seal_053,2601,1,i007,i007,normal,synthetic_indus_like,
seal_053,2601,2,i056,i056,normal,synthetic_indus_like,
seal_053,2601,3,i135,i135,normal,synthetic_indus_like,
seal_053,2602,1,i007,i007,normal,synthetic_indus_like,
seal_053,2602,2,i005,i005,normal,synthetic_indus_like,
seal_053,2602,3,i047,i047,normal,synthetic_indus_like,
seal_053,2603,1,i006,i006,normal,synthetic_indus_like,
seal_053,2603,2,i046,i046,normal,synthetic_indus_like,
seal_053,2603,3,i138,i138,normal,synthetic_indus_like,
seal_053,2604,1,i009,i009,normal,synthetic_indus_like,
seal_053,2604,2,i040,i040,normal,synthetic_indus_like,
seal_053,2604,3,i128,i128,normal,synthetic_indus_like,
seal_053,2605,1,i002,i002,normal,synthetic_indus_like,
seal_053,2605,2,i010,i010,normal,synthetic_indus_like,
seal_053,2605,3,i048,i048,normal,synthetic_indus_like,
seal_053,2606,1,i003,i003,normal,synthetic_indus_like,
seal_053,2606,2,i043,i043,normal,synthetic_indus_like,
seal_053,2606,3,i020,i020,normal,synthetic_indus_like,
seal_053,2607,1,i007,i007,normal,synthetic_indus_like,
seal_053,2607,2,i014,i014,normal,synthetic_indus_like,
seal_053,2607,3,i018,i018,normal,synthetic_indus_like,
seal_053,2608,1,i006,i006,normal,synthetic_indus_like,
seal_053,2608,2,i017,i017,normal,synthetic_indus_like,
seal_053,2608,3,i018,i018,normal,synthetic_indus_like,
seal_053,2609,1,i010,i010,normal,synthetic_indus_like,
seal_053,2609,2,i009,i009,normal,synthetic_indus_like,
seal_053,2609,3,i040,i040,normal,synthetic_indus_like,
seal_053,2610,1,i006,i006,normal,synthetic_indus_like,
seal_053,2610,2,i047,i047,normal,synthetic_indus_like,
seal_053,2610,3,i071,i071,normal,synthetic_indus_like,
seal_053,2611,1,i004,i004,normal,synthetic_indus_like,
seal_053,2611,2,i012,i012,normal,synthetic_indus_like,
seal_053,2612,1,i004,i004,normal,synthetic_indus_like,
seal_053,2612,2,i017,i017,normal,synthetic_indus_like,
seal_053,2613,1,i003,i003,normal,synthetic_indus_like,
seal_053,2613,2,i009,i009,normal,synthetic_indus_like,
seal_053,2613,3,i025,i025,normal,synthetic_indus_like,
seal_053,2614,1,i003,i003,normal,synthetic_indus_like,
seal_053,2614,2,i010,i010,normal,synthetic_indus_like,
seal_053,2614,3,i038,i038,normal,synthetic_indus_like,
seal_053,2615,1,i010,i010,normal,synthetic_indus_like,
seal_053,2615,2,i016,i016,normal,synthetic_indus_like,
seal_053,2615,3,i011,i011,normal,synthetic_indus_like,
seal_053,2616,1,i002,i002,normal,synthetic_indus_like,
seal_053,2616,2,i003,i003,normal,synthetic_indus_like,
seal_053,2616,3,i046,i046,normal,synthetic_indus_like,
seal_053,2617,1,i021,i021,normal,synthetic_indus_like,
seal_053,2617,2,i070,i070,normal,synthetic_indus_like,
seal_053,2618,1,i009,i009,normal,synthetic_indus_like,
seal_053,2618,2,i031,i031,normal,synthetic_indus_like,
seal_053,2618,3,i078,i078,normal,synthetic_indus_like,
seal_053,2619,1,i005,i005,normal,synthetic_indus_like,
seal_053,2619,2,i020,i020,normal,synthetic_indus_like,
seal_053,2619,3,i015,i015,normal,synthetic_indus_like,
seal_053,2620,1,i042,i042,normal,synthetic_indus_like,
seal_053,2620,2,i141,i141,normal,synthetic_indus_like,
seal_053,2621,1,i007,i007,normal,synthetic_indus_like,
seal_053,2621,2,i049,i049,normal,synthetic_indus_like,
seal_053,2621,3,i019,i019,normal,synthetic_indus_like,
seal_053,2622,1,i007,i007,normal,synthetic_indus_like,
seal_053,2622,2,i007,i007,normal,synthetic_indus_like,
seal_053,2622,3,i027,i027,normal,synthetic_indus_like,
seal_053,2623,1,i002,i002,normal,synthetic_indus_like,
seal_053,2623,2,i013,i013,normal,synthetic_indus_like,
seal_053,2623,3,i011,i011,normal,synthetic_indus_like,
seal_053,2624,1,i005,i005,normal,synthetic_indus_like,
seal_053,2624,2,i019,i019,normal,synthetic_indus_like,
seal_053,2624,3,i014,i014,normal,synthetic_indus_like,
seal_053,2625,1,i004,i004,normal,synthetic_indus_like,
seal_053,2625,2,i020,i020,normal,synthetic_indus_like,
seal_053,2625,3,i017,i017,normal,synthetic_indus_like,
seal_053,2626,1,i009,i009,normal,synthetic_indus_like,
seal_053,2626,2,i018,i018,normal,synthetic_indus_like,
seal_053,2627,1,i001,i001,normal,synthetic_indus_like,
seal_053,2627,2,i013,i013,normal,synthetic_indus_like,
seal_053,2627,3,i016,i016,normal,synthetic_indus_like,
seal_053,2628,1,i024,i024,normal,synthetic_indus_like,
seal_053,2628,2,i148,i148,normal,synthetic_indus_like,
seal_053,2629,1,i023,i023,normal,synthetic_indus_like,
seal_053,2629,2,i064,i064,normal,synthetic_indus_like,
seal_053,2630,1,i005,i005,normal,synthetic_indus_like,
seal_053,2630,2,i046,i046,normal,synthetic_indus_like,
seal_053,2630,3,i018,i018,normal,synthetic_indus_like,
seal_053,2631,1,i045,i045,normal,synthetic_indus_like,
seal_053,2631,2,i124,i124,normal,synthetic_indus_like,
seal_053,2632,1,i027,i027,normal,synthetic_indus_like,
seal_053,2632,2,i072,i072,normal,synthetic_indus_like,
seal_053,2633,1,i001,i001,normal,synthetic_indus_like,
seal_053,2633,2,i035,i035,normal,synthetic_indus_like,
seal_053,2633,3,i078,i078,normal,synthetic_indus_like,
seal_053,2634,1,i002,i002,normal,synthetic_indus_like,
seal_053,2634,2,i033,i033,normal,synthetic_indus_like,
seal_053,2634,3,i100,i100,normal,synthetic_indus_like,
seal_053,2635,1,i004,i004,normal,synthetic_indus_like,
seal_053,2635,2,i009,i009,normal,synthetic_indus_like,
seal_053,2635,3,i050,i050,normal,synthetic_indus_like,
seal_053,2636,1,i001,i001,normal,synthetic_indus_like,
seal_053,2636,2,i051,i051,normal,synthetic_indus_like,
seal_053,2636,3,i076,i076,normal,synthetic_indus_like,
seal_053,2637,1,i008,i008,normal,synthetic_indus_like,
seal_053,2637,2,i019,i019,normal,synthetic_indus_like,
seal_053,2637,3,i017,i017,normal,synthetic_indus_like,
seal_053,2638,1,i059,i059,normal,synthetic_indus_like,
seal_053,2638,2,i078,i078,normal,synthetic_indus_like,
seal_053,2639,1,i008,i008,normal,synthetic_indus_like,
seal_053,2639,2,i052,i052,normal,synthetic_indus_like,
seal_053,2639,3,i128,i128,normal,synthetic_indus_like,
seal_053,2640,1,i041,i041,normal,synthetic_indus_like,
seal_053,2640,2,i104,i104,normal,synthetic_indus_like,
seal_053,2641,1,i006,i006,normal,synthetic_indus_like,
seal_053,2641,2,i004,i004,normal,synthetic_indus_like,
seal_053,2641,3,i049,i049,normal,synthetic_indus_like,
seal_053,2642,1,i044,i044,normal,synthetic_indus_like,
seal_053,2642,2,i074,i074,normal,synthetic_indus_like,
seal_053,2643,1,i009,i009,normal,synthetic_indus_like,
seal_053,2643,2,i021,i021,normal,synthetic_indus_like,
seal_053,2643,3,i138,i138,normal,synthetic_indus_like,
seal_053,2644,1,i001,i001,normal,synthetic_indus_like,
seal_053,2644,2,i014,i014,normal,synthetic_indus_like,
seal_053,2645,1,i003,i003,normal,synthetic_indus_like,
seal_053,2645,2,i014,i014,normal,synthetic_indus_like,
seal_053,2645,3,i015,i015,normal,synthetic_indus_like,
seal_053,2646,1,i054,i054,normal,synthetic_indus_like,
seal_053,2646,2,i142,i142,normal,synthetic_indus_like,
seal_053,2647,1,i007,i007,normal,synthetic_indus_like,
seal_053,2647,2,i002,i002,normal,synthetic_indus_like,
seal_053,2647,3,i054,i054,normal,synthetic_indus_like,
seal_053,2648,1,i009,i009,normal,synthetic_indus_like,
seal_053,2648,2,i027,i027,normal,synthetic_indus_like,
seal_053,2648,3,i134,i134,normal,synthetic_indus_like,
seal_053,2649,1,i010,i010,normal,synthetic_indus_like,
seal_053,2649,2,i015,i015,normal,synthetic_indus_like,
seal_053,2650,1,i038,i038,normal,synthetic_indus_like,
seal_053,2650,2,i069,i069,normal,synthetic_indus_like,
seal_054,2651,1,i007,i007,normal,synthetic_indus_like,
seal_054,2651,2,i051,i051,normal,synthetic_indus_like,
seal_054,2651,3,i085,i085,normal,synthetic_indus_like,
seal_054,2652,1,i010,i010,normal,synthetic_indus_like,
seal_054,2652,2,i009,i009,normal,synthetic_indus_like,
seal_054,2652,3,i045,i045,normal,synthetic_indus_like,
seal_054,2653,1,i003,i003,normal,synthetic_indus_like,
seal_054,2653,2,i044,i044,normal,synthetic_indus_like,
seal_054,2653,3,i011,i011,normal,synthetic_indus_like,
seal_054,2654,1,i009,i009,normal,synthetic_indus_like,
seal_054,2654,2,i018,i018,normal,synthetic_indus_like,
seal_054,2654,3,i013,i013,normal,synthetic_indus_like,
seal_054,2655,1,i002,i002,normal,synthetic_indus_like,
seal_054,2655,2,i007,i007,normal,synthetic_indus_like,
seal_054,2655,3,i033,i033,normal,synthetic_indus_like,
seal_054,2656,1,i004,i004,normal,synthetic_indus_like,
seal_054,2656,2,i007,i007,normal,synthetic_indus_like,
seal_054,2656,3,i040,i040,normal,synthetic_indus_like,
seal_054,2657,1,i027,i027,normal,synthetic_indus_like,
seal_054,2657,2,i110,i110,normal,synthetic_indus_like,
seal_054,2658,1,i002,i002,normal,synthetic_indus_like,
seal_054,2658,2,i012,i012,normal,synthetic_indus_like,
seal_054,2659,1,i003,i003,normal,synthetic_indus_like,
seal_054,2659,2,i045,i045,normal,synthetic_indus_like,
seal_054,2659,3,i061,i061,normal,synthetic_indus_like,
seal_054,2660,1,i010,i010,normal,synthetic_indus_like,
seal_054,2660,2,i012,i012,normal,synthetic_indus_like,
seal_054,2660,3,i017,i017,normal,synthetic_indus_like,
seal_054,2661,1,i009,i009,normal,synthetic_indus_like,
seal_054,2661,2,i005,i005,normal,synthetic_indus_like,
seal_054,2661,3,i041,i041,normal,synthetic_indus_like,
seal_054,2662,1,i009,i009,normal,synthetic_indus_like,
seal_054,2662,2,i057,i057,normal,synthetic_indus_like,
seal_054,2662,3,i014,i014,normal,synthetic_indus_like,
seal_054,2663,1,i002,i002,normal,synthetic_indus_like,
seal_054,2663,2,i015,i015,normal,synthetic_indus_like,
seal_054,2663,3,i019,i019,normal,synthetic_indus_like,
seal_054,2664,1,i002,i002,normal,synthetic_indus_like,
seal_054,2664,2,i037,i037,normal,synthetic_indus_like,
seal_054,2664,3,i018,i018,normal,synthetic_indus_like,
seal_054,2665,1,i003,i003,normal,synthetic_indus_like,
seal_054,2665,2,i053,i053,normal,synthetic_indus_like,
seal_054,2665,3,i019,i019,normal,synthetic_indus_like,
seal_054,2666,1,i003,i003,normal,synthetic_indus_like,
seal_054,2666,2,i038,i038,normal,synthetic_indus_like,
seal_054,2666,3,i137,i137,normal,synthetic_indus_like,
seal_054,2667,1,i007,i007,normal,synthetic_indus_like,
seal_054,2667,2,i030,i030,normal,synthetic_indus_like,
seal_054,2667,3,i091,i091,normal,synthetic_indus_like,
seal_054,2668,1,i009,i009,normal,synthetic_indus_like,
seal_054,2668,2,i016,i016,normal,synthetic_indus_like,
seal_054,2669,1,i009,i009,normal,synthetic_indus_like,
seal_054,2669,2,i047,i047,normal,synthetic_indus_like,
seal_054,2669,3,i144,i144,normal,synthetic_indus_like,
seal_054,2670,1,i006,i006,normal,synthetic_indus_like,
seal_054,2670,2,i058,i058,normal,synthetic_indus_like,
seal_054,2670,3,i064,i064,normal,synthetic_indus_like,
seal_054,2671,1,i005,i005,normal,synthetic_indus_like,
seal_054,2671,2,i037,i037,normal,synthetic_indus_like,
seal_054,2671,3,i121,i121,normal,synthetic_indus_like,
seal_054,2672,1,i007,i007,normal,synthetic_indus_like,
seal_054,2672,2,i054,i054,normal,synthetic_indus_like,
seal_054,2672,3,i147,i147,normal,synthetic_indus_like,
seal_054,2673,1,i007,i007,normal,synthetic_indus_like,
seal_054,2673,2,i017,i017,normal,synthetic_indus_like,
seal_054,2673,3,i017,i017,normal,synthetic_indus_like,
seal_054,2674,1,i004,i004,normal,synthetic_indus_like,
seal_054,2674,2,i048,i048,normal,synthetic_indus_like,
seal_054,2674,3,i127,i127,normal,synthetic_indus_like,
seal_054,2675,1,i004,i004,normal,synthetic_indus_like,
seal_054,2675,2,i020,i020,normal,synthetic_indus_like,
seal_054,2675,3,i014,i014,normal,synthetic_indus_like,
seal_054,2676,1,i008,i008,normal,synthetic_indus_like,
seal_054,2676,2,i006,i006,normal,synthetic_indus_like,
seal_054,2676,3,i029,i029,normal,synthetic_indus_like,
seal_054,2677,1,i002,i002,normal,synthetic_indus_like,
seal_054,2677,2,i008,i008,normal,synthetic_indus_like,
seal_054,2677,3,i041,i041,normal,synthetic_indus_like,
seal_054,2678,1,i006,i006,normal,synthetic_indus_like,
seal_054,2678,2,i029,i029,normal,synthetic_indus_like,
seal_054,2678,3,i150,i150,normal,synthetic_indus_like,
seal_054,2679,1,i010,i010,normal,synthetic_indus_like,
seal_054,2679,2,i018,i018,normal,synthetic_indus_like,
seal_054,2680,1,i010,i010,normal,synthetic_indus_like,
seal_054,2680,2,i023,i023,normal,synthetic_indus_like,
seal_054,2680,3,i134,i134,normal,synthetic_indus_like,
seal_054,2681,1,i002,i002,normal,synthetic_indus_like,
seal_054,2681,2,i059,i059,normal,synthetic_indus_like,
seal_054,2681,3,i015,i015,normal,synthetic_indus_like,
seal_054,2682,1,i007,i007,normal,synthetic_indus_like,
seal_054,2682,2,i020,i020,normal,synthetic_indus_like,
seal_054,2683,1,i009,i009,normal,synthetic_indus_like,
seal_054,2683,2,i018,i018,normal,synthetic_indus_like,
seal_054,2683,3,i018,i018,normal,synthetic_indus_like,
seal_054,2684,1,i008,i008,normal,synthetic_indus_like,
seal_054,2684,2,i019,i019,normal,synthetic_indus_like,
seal_054,2685,1,i003,i003,normal,synthetic_indus_like,
seal_054,2685,2,i019,i019,normal,synthetic_indus_like,
seal_054,2685,3,i012,i012,normal,synthetic_indus_like,
seal_054,2686,1,i009,i009,normal,synthetic_indus_like,
seal_054,2686,2,i060,i060,normal,synthetic_indus_like,
seal_054,2686,3,i019,i019,normal,synthetic_indus_like,
seal_054,2687,1,i035,i035,normal,synthetic_indus_like,
seal_054,2687,2,i068,i068,normal,synthetic_indus_like,
seal_054,2688,1,i010,i010,normal,synthetic_indus_like,
seal_054,2688,2,i046,i046,normal,synthetic_indus_like,
seal_054,2688,3,i018,i018,normal,synthetic_indus_like,
seal_054,2689,1,i006,i006,normal,synthetic_indus_like,
seal_054,2689,2,i007,i007,normal,synthetic_indus_like,
seal_054,2689,3,i023,i023,normal,synthetic_indus_like,
seal_054,2690,1,i005,i005,normal,synthetic_indus_like,
seal_054,2690,2,i020,i020,normal,synthetic_indus_like,
seal_054,2691,1,i004,i004,normal,synthetic_indus_like,
seal_054,2691,2,i017,i017,normal,synthetic_indus_like,
seal_054,2691,3,i017,i017,normal,synthetic_indus_like,
seal_054,2692,1,i009,i009,normal,synthetic_indus_like,
seal_054,2692,2,i036,i036,normal,synthetic_indus_like,
seal_054,2692,3,i018,i018,normal,synthetic_indus_like,
seal_054,2693,1,i009,i009,normal,synthetic_indus_like,
seal_054,2693,2,i041,i041,normal,synthetic_indus_like,
seal_054,2693,3,i014,i014,normal,synthetic_indus_like,
seal_054,2694,1,i001,i001,normal,synthetic_indus_like,
seal_054,2694,2,i049,i049,normal,synthetic_indus_like,
seal_054,2694,3,i075,i075,normal,synthetic_indus_like,
seal_054,2695,1,i007,i007,normal,synthetic_indus_like,
seal_054,2695,2,i004,i004,normal,synthetic_indus_like,
seal_054,2695,3,i041,i041,normal,synthetic_indus_like,
seal_054,2696,1,i003,i003,normal,synthetic_indus_like,
seal_054,2696,2,i018,i018,normal,synthetic_indus_like,
seal_054,2696,3,i011,i011,normal,synthetic_indus_like,
seal_054,2697,1,i007,i007,normal,synthetic_indus_like,
seal_054,2697,2,i024,i024,normal,synthetic_indus_like,
seal_054,2697,3,i097,i097,normal,synthetic_indus_like,
seal_054,2698,1,i046,i046,normal,synthetic_indus_like,
seal_054,2698,2,i149,i149,normal,synthetic_indus_like,
seal_054,2699,1,i006,i006,normal,synthetic_indus_like,
seal_054,2699,2,i015,i015,normal,synthetic_indus_like,
seal_054,2700,1,i003,i003,normal,synthetic_indus_like,
seal_054,2700,2,i019,i019,normal,synthetic_indus_like,
seal_055,2701,1,i009,i009,normal,synthetic_indus_like,
seal_055,2701,2,i001,i001,normal,synthetic_indus_like,
seal_055,2701,3,i044,i044,normal,synthetic_indus_like,
seal_055,2702,1,i007,i007,normal,synthetic_indus_like,
seal_055,2702,2,i049,i049,normal,synthetic_indus_like,
seal_055,2702,3,i019,i019,normal,synthetic_indus_like,
seal_055,2703,1,i001,i001,normal,synthetic_indus_like,
seal_055,2703,2,i006,i006,normal,synthetic_indus_like,
seal_055,2703,3,i031,i031,normal,synthetic_indus_like,
seal_055,2704,1,i048,i048,normal,synthetic_indus_like,
seal_055,2704,2,i144,i144,normal,synthetic_indus_like,
seal_055,2705,1,i010,i010,normal,synthetic_indus_like,
seal_055,2705,2,i049,i049,normal,synthetic_indus_like,
seal_055,2705,3,i149,i149,normal,synthetic_indus_like,
seal_055,2706,1,i009,i009,normal,synthetic_indus_like,
seal_055,2706,2,i011,i011,normal,synthetic_indus_like,
seal_055,2707,1,i006,i006,normal,synthetic_indus_like,
seal_055,2707,2,i013,i013,normal,synthetic_indus_like,
seal_055,2708,1,i003,i003,normal,synthetic_indus_like,
seal_055,2708,2,i003,i003,normal,synthetic_indus_like,
seal_055,2708,3,i029,i029,normal,synthetic_indus_like,
seal_055,2709,1,i010,i010,normal,synthetic_indus_like,
seal_055,2709,2,i009,i009,normal,synthetic_indus_like,
seal_055,2709,3,i055,i055,normal,synthetic_indus_like,
seal_055,2710,1,i021,i021,normal,synthetic_indus_like,
seal_055,2710,2,i062,i062,normal,synthetic_indus_like,
seal_055,2711,1,i005,i005,normal,synthetic_indus_like,
seal_055,2711,2,i011,i011,normal,synthetic_indus_like,
seal_055,2711,3,i016,i016,normal,synthetic_indus_like,
seal_055,2712,1,i023,i023,normal,synthetic_indus_like,
seal_055,2712,2,i142,i142,normal,synthetic_indus_like,
seal_055,2713,1,i009,i009,normal,synthetic_indus_like,
seal_055,2713,2,i028,i028,normal,synthetic_indus_like,
seal_055,2713,3,i080,i080,normal,synthetic_indus_like,
seal_055,2714,1,i004,i004,normal,synthetic_indus_like,
seal_055,2714,2,i046,i046,normal,synthetic_indus_like,
seal_055,2714,3,i013,i013,normal,synthetic_indus_like,
seal_055,2715,1,i006,i006,normal,synthetic_indus_like,
seal_055,2715,2,i017,i017,normal,synthetic_indus_like,
seal_055,2715,3,i016,i016,normal,synthetic_indus_like,
seal_055,2716,1,i007,i007,normal,synthetic_indus_like,
seal_055,2716,2,i015,i015,normal,synthetic_indus_like,
seal_055,2717,1,i006,i006,normal,synthetic_indus_like,
seal_055,2717,2,i001,i001,normal,synthetic_indus_like,
seal_055,2717,3,i054,i054,normal,synthetic_indus_like,
seal_055,2718,1,i006,i006,normal,synthetic_indus_like,
seal_055,2718,2,i044,i044,normal,synthetic_indus_like,
seal_055,2718,3,i123,i123,normal,synthetic_indus_like,
seal_055,2719,1,i001,i001,normal,synthetic_indus_like,
seal_055,2719,2,i006,i006,normal,synthetic_indus_like,
seal_055,2719,3,i053,i053,normal,synthetic_indus_like,
seal_055,2720,1,i007,i007,normal,synthetic_indus_like,
seal_055,2720,2,i060,i060,normal,synthetic_indus_like,
seal_055,2720,3,i110,i110,normal,synthetic_indus_like,
seal_055,2721,1,i003,i003,normal,synthetic_indus_like,
seal_055,2721,2,i013,i013,normal,synthetic_indus_like,
seal_055,2721,3,i014,i014,normal,synthetic_indus_like,
seal_055,2722,1,i006,i006,normal,synthetic_indus_like,
seal_055,2722,2,i035,i035,normal,synthetic_indus_like,
seal_055,2722,3,i015,i015,normal,synthetic_indus_like,
seal_055,2723,1,i029,i029,normal,synthetic_indus_like,
seal_055,2723,2,i133,i133,normal,synthetic_indus_like,
seal_055,2724,1,i001,i001,normal,synthetic_indus_like,
seal_055,2724,2,i034,i034,normal,synthetic_indus_like,
seal_055,2724,3,i084,i084,normal,synthetic_indus_like,
seal_055,2725,1,i002,i002,normal,synthetic_indus_like,
seal_055,2725,2,i012,i012,normal,synthetic_indus_like,
seal_055,2726,1,i008,i008,normal,synthetic_indus_like,
seal_055,2726,2,i019,i019,normal,synthetic_indus_like,
seal_055,2726,3,i013,i013,normal,synthetic_indus_like,
seal_055,2727,1,i004,i004,normal,synthetic_indus_like,
seal_055,2727,2,i004,i004,normal,synthetic_indus_like,
seal_055,2727,3,i039,i039,normal,synthetic_indus_like,
seal_055,2728,1,i050,i050,normal,synthetic_indus_like,
seal_055,2728,2,i093,i093,normal,synthetic_indus_like,
seal_055,2729,1,i004,i004,normal,synthetic_indus_like,
seal_055,2729,2,i017,i017,normal,synthetic_indus_like,
seal_055,2729,3,i014,i014,normal,synthetic_indus_like,
seal_055,2730,1,i010,i010,normal,synthetic_indus_like,
seal_055,2730,2,i019,i019,normal,synthetic_indus_like,
seal_055,2730,3,i014,i014,normal,synthetic_indus_like,
seal_055,2731,1,i004,i004,normal,synthetic_indus_like,
seal_055,2731,2,i013,i013,normal,synthetic_indus_like,
seal_055,2731,3,i011,i011,normal,synthetic_indus_like,
seal_055,2732,1,i007,i007,normal,synthetic_indus_like,
seal_055,2732,2,i008,i008,normal,synthetic_indus_like,
seal_055,2732,3,i049,i049,normal,synthetic_indus_like,
seal_055,2733,1,i010,i010,normal,synthetic_indus_like,
seal_055,2733,2,i041,i041,normal,synthetic_indus_like,
seal_055,2733,3,i020,i020,normal,synthetic_indus_like,
seal_055,2734,1,i009,i009,normal,synthetic_indus_like,
seal_055,2734,2,i058,i058,normal,synthetic_indus_like,
seal_055,2734,3,i109,i109,normal,synthetic_indus_like,
seal_055,2735,1,i010,i010,normal,synthetic_indus_like,
seal_055,2735,2,i052,i052,normal,synthetic_indus_like,
seal_055,2735,3,i018,i018,normal,synthetic_indus_like,
seal_055,2736,1,i059,i059,normal,synthetic_indus_like,
seal_055,2736,2,i068,i068,normal,synthetic_indus_like,
seal_055,2737,1,i006,i006,normal,synthetic_indus_like,
seal_055,2737,2,i019,i019,normal,synthetic_indus_like,
seal_055,2738,1,i003,i003,normal,synthetic_indus_like,
seal_055,2738,2,i003,i003,normal,synthetic_indus_like,
seal_055,2738,3,i051,i051,normal,synthetic_indus_like,
seal_055,2739,1,i008,i008,normal,synthetic_indus_like,
seal_055,2739,2,i002,i002,normal,synthetic_indus_like,
seal_055,2739,3,i058,i058,normal,synthetic_indus_like,
seal_055,2740,1,i008,i008,normal,synthetic_indus_like,
seal_055,2740,2,i008,i008,normal,synthetic_indus_like,
seal_055,2740,3,i052,i052,normal,synthetic_indus_like,
seal_055,2741,1,i002,i002,normal,synthetic_indus_like,
seal_055,2741,2,i021,i021,normal,synthetic_indus_like,
seal_055,2741,3,i015,i015,normal,synthetic_indus_like,
seal_055,2742,1,i008,i008,normal,synthetic_indus_like,
seal_055,2742,2,i005,i005,normal,synthetic_indus_like,
seal_055,2742,3,i046,i046,normal,synthetic_indus_like,
seal_055,2743,1,i036,i036,normal,synthetic_indus_like,
seal_055,2743,2,i067,i067,normal,synthetic_indus_like,
seal_055,2744,1,i009,i009,normal,synthetic_indus_like,
seal_055,2744,2,i014,i014,normal,synthetic_indus_like,
seal_055,2745,1,i010,i010,normal,synthetic_indus_like,
seal_055,2745,2,i040,i040,normal,synthetic_indus_like,
seal_055,2745,3,i018,i018,normal,synthetic_indus_like,
seal_055,2746,1,i004,i004,normal,synthetic_indus_like,
seal_055,2746,2,i020,i020,normal,synthetic_indus_like,
seal_055,2746,3,i011,i011,normal,synthetic_indus_like,
seal_055,2747,1,i002,i002,normal,synthetic_indus_like,
seal_055,2747,2,i045,i045,normal,synthetic_indus_like,
seal_055,2747,3,i094,i094,normal,synthetic_indus_like,
seal_055,2748,1,i006,i006,normal,synthetic_indus_like,
seal_055,2748,2,i014,i014,normal,synthetic_indus_like,
seal_055,2748,3,i018,i018,normal,synthetic_indus_like,
seal_055,2749,1,i010,i010,normal,synthetic_indus_like,
seal_055,2749,2,i020,i020,normal,synthetic_indus_like,
seal_055,2750,1,i001,i001,normal,synthetic_indus_like,
seal_055,2750,2,i051,i051,normal,synthetic_indus_like,
seal_055,2750,3,i012,i012,normal,synthetic_indus_like,
seal_056,2751,1,i003,i003,normal,synthetic_indus_like,
seal_056,2751,2,i057,i057,normal,synthetic_indus_like,
seal_056,2751,3,i014,i014,normal,synthetic_indus_like,
seal_056,2752,1,i005,i005,normal,synthetic_indus_like,
seal_056,2752,2,i013,i013,normal,synthetic_indus_like,
seal_056,2753,1,i051,i051,normal,synthetic_indus_like,
seal_056,2753,2,i116,i116,normal,synthetic_indus_like,
seal_056,2754,1,i048,i048,normal,synthetic_indus_like,
seal_056,2754,2,i085,i085,normal,synthetic_indus_like,
seal_056,2755,1,i007,i007,normal,synthetic_indus_like,
seal_056,2755,2,i040,i040,normal,synthetic_indus_like,
seal_056,2755,3,i123,i123,normal,synthetic_indus_like,
seal_056,2756,1,i041,i041,normal,synthetic_indus_like,
seal_056,2756,2,i065,i065,normal,synthetic_indus_like,
seal_056,2757,1,i006,i006,normal,synthetic_indus_like,
seal_056,2757,2,i055,i055,normal,synthetic_indus_like,
seal_056,2757,3,i075,i075,normal,synthetic_indus_like,
seal_056,2758,1,i008,i008,normal,synthetic_indus_like,
seal_056,2758,2,i015,i015,normal,synthetic_indus_like,
seal_056,2758,3,i015,i015,normal,synthetic_indus_like,
seal_056,2759,1,i008,i008,normal,synthetic_indus_like,
seal_056,2759,2,i015,i015,normal,synthetic_indus_like,
seal_056,2760,1,i004,i004,normal,synthetic_indus_like,
seal_056,2760,2,i008,i008,normal,synthetic_indus_like,
seal_056,2760,3,i057,i057,normal,synthetic_indus_like,
seal_056,2761,1,i036,i036,normal,synthetic_indus_like,
seal_056,2761,2,i097,i097,normal,synthetic_indus_like,
seal_056,2762,1,i010,i010,normal,synthetic_indus_like,
seal_056,2762,2,i017,i017,normal,synthetic_indus_like,
seal_056,2762,3,i013,i013,normal,synthetic_indus_like,
seal_056,2763,1,i005,i005,normal,synthetic_indus_like,
seal_056,2763,2,i018,i018,normal,synthetic_indus_like,
seal_056,2764,1,i009,i009,normal,synthetic_indus_like,
seal_056,2764,2,i020,i020,normal,synthetic_indus_like,
seal_056,2765,1,i010,i010,normal,synthetic_indus_like,
seal_056,2765,2,i045,i045,normal,synthetic_indus_like,
seal_056,2765,3,i069,i069,normal,synthetic_indus_like,
seal_056,2766,1,i051,i051,normal,synthetic_indus_like,
seal_056,2766,2,i122,i122,normal,synthetic_indus_like,
seal_056,2767,1,i008,i008,normal,synthetic_indus_like,
seal_056,2767,2,i020,i020,normal,synthetic_indus_like,
seal_056,2768,1,i003,i003,normal,synthetic_indus_like,
seal_056,2768,2,i010,i010,normal,synthetic_indus_like,
seal_056,2768,3,i023,i023,normal,synthetic_indus_like,
seal_056,2769,1,i006,i006,normal,synthetic_indus_like,
seal_056,2769,2,i005,i005,normal,synthetic_indus_like,
seal_056,2769,3,i023,i023,normal,synthetic_indus_like,
seal_056,2770,1,i007,i007,normal,synthetic_indus_like,
seal_056,2770,2,i016,i016,normal,synthetic_indus_like,
seal_056,2770,3,i014,i014,normal,synthetic_indus_like,
seal_056,2771,1,i003,i003,normal,synthetic_indus_like,
seal_056,2771,2,i012,i012,normal,synthetic_indus_like,
seal_056,2771,3,i020,i020,normal,synthetic_indus_like,
seal_056,2772,1,i004,i004,normal,synthetic_indus_like,
seal_056,2772,2,i020,i020,normal,synthetic_indus_like,
seal_056,2773,1,i057,i057,normal,synthetic_indus_like,
seal_056,2773,2,i124,i124,normal,synthetic_indus_like,
seal_056,2774,1,i001,i001,normal,synthetic_indus_like,
seal_056,2774,2,i012,i012,normal,synthetic_indus_like,
seal_056,2774,3,i011,i011,normal,synthetic_indus_like,
seal_056,2775,1,i004,i004,normal,synthetic_indus_like,
seal_056,2775,2,i011,i011,normal,synthetic_indus_like,
seal_056,2775,3,i016,i016,normal,synthetic_indus_like,
seal_056,2776,1,i005,i005,normal,synthetic_indus_like,
seal_056,2776,2,i041,i041,normal,synthetic_indus_like,
seal_056,2776,3,i131,i131,normal,synthetic_indus_like,
seal_056,2777,1,i001,i001,normal,synthetic_indus_like,
seal_056,2777,2,i044,i044,normal,synthetic_indus_like,
seal_056,2777,3,i086,i086,normal,synthetic_indus_like,
seal_056,2778,1,i008,i008,normal,synthetic_indus_like,
seal_056,2778,2,i011,i011,normal,synthetic_indus_like,
seal_056,2778,3,i016,i016,normal,synthetic_indus_like,
seal_056,2779,1,i041,i041,normal,synthetic_indus_like,
seal_056,2779,2,i110,i110,normal,synthetic_indus_like,
seal_056,2780,1,i004,i004,normal,synthetic_indus_like,
seal_056,2780,2,i049,i049,normal,synthetic_indus_like,
seal_056,2780,3,i020,i020,normal,synthetic_indus_like,
seal_056,2781,1,i007,i007,normal,synthetic_indus_like,
seal_056,2781,2,i033,i033,normal,synthetic_indus_like,
seal_056,2781,3,i020,i020,normal,synthetic_indus_like,
seal_056,2782,1,i048,i048,normal,synthetic_indus_like,
seal_056,2782,2,i104,i104,normal,synthetic_indus_like,
seal_056,2783,1,i041,i041,normal,synthetic_indus_like,
seal_056,2783,2,i142,i142,normal,synthetic_indus_like,
seal_056,2784,1,i055,i055,normal,synthetic_indus_like,
seal_056,2784,2,i101,i101,normal,synthetic_indus_like,
seal_056,2785,1,i002,i002,normal,synthetic_indus_like,
seal_056,2785,2,i044,i044,normal,synthetic_indus_like,
seal_056,2785,3,i068,i068,normal,synthetic_indus_like,
seal_056,2786,1,i002,i002,normal,synthetic_indus_like,
seal_056,2786,2,i014,i014,normal,synthetic_indus_like,
seal_056,2787,1,i008,i008,normal,synthetic_indus_like,
seal_056,2787,2,i006,i006,normal,synthetic_indus_like,
seal_056,2787,3,i023,i023,normal,synthetic_indus_like,
seal_056,2788,1,i006,i006,normal,synthetic_indus_like,
seal_056,2788,2,i017,i017,normal,synthetic_indus_like,
seal_056,2789,1,i003,i003,normal,synthetic_indus_like,
seal_056,2789,2,i031,i031,normal,synthetic_indus_like,
seal_056,2789,3,i099,i099,normal,synthetic_indus_like,
seal_056,2790,1,i007,i007,normal,synthetic_indus_like,
seal_056,2790,2,i017,i017,normal,synthetic_indus_like,
seal_056,2791,1,i007,i007,normal,synthetic_indus_like,
seal_056,2791,2,i018,i018,normal,synthetic_indus_like,
seal_056,2792,1,i008,i008,normal,synthetic_indus_like,
seal_056,2792,2,i011,i011,normal,synthetic_indus_like,
seal_056,2792,3,i020,i020,normal,synthetic_indus_like,
seal_056,2793,1,i001,i001,normal,synthetic_indus_like,
seal_056,2793,2,i058,i058,normal,synthetic_indus_like,
seal_056,2793,3,i019,i019,normal,synthetic_indus_like,
seal_056,2794,1,i003,i003,normal,synthetic_indus_like,
seal_056,2794,2,i056,i056,normal,synthetic_indus_like,
seal_056,2794,3,i012,i012,normal,synthetic_indus_like,
seal_056,2795,1,i010,i010,normal,synthetic_indus_like,
seal_056,2795,2,i019,i019,normal,synthetic_indus_like,
seal_056,2795,3,i018,i018,normal,synthetic_indus_like,
seal_056,2796,1,i010,i010,normal,synthetic_indus_like,
seal_056,2796,2,i040,i040,normal,synthetic_indus_like,
seal_056,2796,3,i018,i018,normal,synthetic_indus_like,
seal_056,2797,1,i032,i032,normal,synthetic_indus_like,
seal_056,2797,2,i109,i109,normal,synthetic_indus_like,
seal_056,2798,1,i005,i005,normal,synthetic_indus_like,
seal_056,2798,2,i027,i027,normal,synthetic_indus_like,
seal_056,2798,3,i016,i016,normal,synthetic_indus_like,
seal_056,2799,1,i008,i008,normal,synthetic_indus_like,
seal_056,2799,2,i009,i009,normal,synthetic_indus_like,
seal_056,2799,3,i023,i023,normal,synthetic_indus_like,
seal_056,2800,1,i008,i008,normal,synthetic_indus_like,
seal_056,2800,2,i017,i017,normal,synthetic_indus_like,
seal_056,2800,3,i011,i011,normal,synthetic_indus_like,
seal_057,2801,1,i006,i006,normal,synthetic_indus_like,
seal_057,2801,2,i043,i043,normal,synthetic_indus_like,
seal_057,2801,3,i104,i104,normal,synthetic_indus_like,
seal_057,2802,1,i003,i003,normal,synthetic_indus_like,
seal_057,2802,2,i002,i002,normal,synthetic_indus_like,
seal_057,2802,3,i034,i034,normal,synthetic_indus_like,
seal_057,2803,1,i006,i006,normal,synthetic_indus_like,
seal_057,2803,2,i001,i001,normal,synthetic_indus_like,
seal_057,2803,3,i044,i044,normal,synthetic_indus_like,
seal_057,2804,1,i003,i003,normal,synthetic_indus_like,
seal_057,2804,2,i020,i020,normal,synthetic_indus_like,
seal_057,2804,3,i014,i014,normal,synthetic_indus_like,
seal_057,2805,1,i008,i008,normal,synthetic_indus_like,
seal_057,2805,2,i039,i039,normal,synthetic_indus_like,
seal_057,2805,3,i116,i116,normal,synthetic_indus_like,
seal_057,2806,1,i003,i003,normal,synthetic_indus_like,
seal_057,2806,2,i057,i057,normal,synthetic_indus_like,
seal_057,2806,3,i098,i098,normal,synthetic_indus_like,
seal_057,2807,1,i007,i007,normal,synthetic_indus_like,
seal_057,2807,2,i017,i017,normal,synthetic_indus_like,
seal_057,2807,3,i019,i019,normal,synthetic_indus_like,
seal_057,2808,1,i033,i033,normal,synthetic_indus_like,
seal_057,2808,2,i070,i070,normal,synthetic_indus_like,
seal_057,2809,1,i004,i004,normal,synthetic_indus_like,
seal_057,2809,2,i012,i012,normal,synthetic_indus_like,
seal_057,2809,3,i016,i016,normal,synthetic_indus_like,
seal_057,2810,1,i003,i003,normal,synthetic_indus_like,
seal_057,2810,2,i004,i004,normal,synthetic_indus_like,
seal_057,2810,3,i048,i048,normal,synthetic_indus_like,
seal_057,2811,1,i002,i002,normal,synthetic_indus_like,
seal_057,2811,2,i028,i028,normal,synthetic_indus_like,
seal_057,2811,3,i016,i016,normal,synthetic_indus_like,
seal_057,2812,1,i003,i003,normal,synthetic_indus_like,
seal_057,2812,2,i017,i017,normal,synthetic_indus_like,
seal_057,2813,1,i029,i029,normal,synthetic_indus_like,
seal_057,2813,2,i079,i079,normal,synthetic_indus_like,
seal_057,2814,1,i002,i002,normal,synthetic_indus_like,
seal_057,2814,2,i001,i001,normal,synthetic_indus_like,
seal_057,2814,3,i054,i054,normal,synthetic_indus_like,
seal_057,2815,1,i009,i009,normal,synthetic_indus_like,
seal_057,2815,2,i046,i046,normal,synthetic_indus_like,
seal_057,2815,3,i114,i114,normal,synthetic_indus_like,
seal_057,2816,1,i001,i001,normal,synthetic_indus_like,
seal_057,2816,2,i019,i019,normal,synthetic_indus_like,
seal_057,2817,1,i001,i001,normal,synthetic_indus_like,
seal_057,2817,2,i020,i020,normal,synthetic_indus_like,
seal_057,2817,3,i013,i013,normal,synthetic_indus_like,
seal_057,2818,1,i001,i001,normal,synthetic_indus_like,
seal_057,2818,2,i051,i051,normal,synthetic_indus_like,
seal_057,2818,3,i011,i011,normal,synthetic_indus_like,
seal_057,2819,1,i042,i042,normal,synthetic_indus_like,
seal_057,2819,2,i083,i083,normal,synthetic_indus_like,
seal_057,2820,1,i005,i005,normal,synthetic_indus_like,
seal_057,2820,2,i036,i036,normal,synthetic_indus_like,
seal_057,2820,3,i143,i143,normal,synthetic_indus_like,
seal_057,2821,1,i001,i001,normal,synthetic_indus_like,
seal_057,2821,2,i018,i018,normal,synthetic_indus_like,
seal_057,2821,3,i020,i020,normal,synthetic_indus_like,
seal_057,2822,1,i010,i010,normal,synthetic_indus_like,
seal_057,2822,2,i054,i054,normal,synthetic_indus_like,
seal_057,2822,3,i014,i014,normal,synthetic_indus_like,
seal_057,2823,1,i006,i006,normal,synthetic_indus_like,
seal_057,2823,2,i020,i020,normal,synthetic_indus_like,
seal_057,2824,1,i028,i028,normal,synthetic_indus_like,
seal_057,2824,2,i108,i108,normal,synthetic_indus_like,
seal_057,2825,1,i007,i007,normal,synthetic_indus_like,
seal_057,2825,2,i022,i022,normal,synthetic_indus_like,
seal_057,2825,3,i012,i012,normal,synthetic_indus_like,
seal_057,2826,1,i007,i007,normal,synthetic_indus_like,
seal_057,2826,2,i038,i038,normal,synthetic_indus_like,
seal_057,2826,3,i013,i013,normal,synthetic_indus_like,
seal_057,2827,1,i058,i058,normal,synthetic_indus_like,
seal_057,2827,2,i098,i098,normal,synthetic_indus_like,
seal_057,2828,1,i042,i042,normal,synthetic_indus_like,
seal_057,2828,2,i113,i113,normal,synthetic_indus_like,
seal_057,2829,1,i002,i002,normal,synthetic_indus_like,
seal_057,2829,2,i051,i051,normal,synthetic_indus_like,
seal_057,2829,3,i017,i017,normal,synthetic_indus_like,
seal_057,2830,1,i005,i005,normal,synthetic_indus_like,
seal_057,2830,2,i012,i012,normal,synthetic_indus_like,
seal_057,2831,1,i006,i006,normal,synthetic_indus_like,
seal_057,2831,2,i008,i008,normal,synthetic_indus_like,
seal_057,2831,3,i026,i026,normal,synthetic_indus_like,
seal_057,2832,1,i060,i060,normal,synthetic_indus_like,
seal_057,2832,2,i128,i128,normal,synthetic_indus_like,
seal_057,2833,1,i002,i002,normal,synthetic_indus_like,
seal_057,2833,2,i026,i026,normal,synthetic_indus_like,
seal_057,2833,3,i012,i012,normal,synthetic_indus_like,
seal_057,2834,1,i057,i057,normal,synthetic_indus_like,
seal_057,2834,2,i061,i061,normal,synthetic_indus_like,
seal_057,2835,1,i008,i008,normal,synthetic_indus_like,
seal_057,2835,2,i021,i021,normal,synthetic_indus_like,
seal_057,2835,3,i014,i014,normal,synthetic_indus_like,
seal_057,2836,1,i003,i003,normal,synthetic_indus_like,
seal_057,2836,2,i022,i022,normal,synthetic_indus_like,
seal_057,2836,3,i092,i092,normal,synthetic_indus_like,
seal_057,2837,1,i005,i005,normal,synthetic_indus_like,
seal_057,2837,2,i001,i001,normal,synthetic_indus_like,
seal_057,2837,3,i022,i022,normal,synthetic_indus_like,
seal_057,2838,1,i006,i006,normal,synthetic_indus_like,
seal_057,2838,2,i015,i015,normal,synthetic_indus_like,
seal_057,2839,1,i029,i029,normal,synthetic_indus_like,
seal_057,2839,2,i090,i090,normal,synthetic_indus_like,
seal_057,2840,1,i027,i027,normal,synthetic_indus_like,
seal_057,2840,2,i141,i141,normal,synthetic_indus_like,
seal_057,2841,1,i003,i003,normal,synthetic_indus_like,
seal_057,2841,2,i025,i025,normal,synthetic_indus_like,
seal_057,2841,3,i018,i018,normal,synthetic_indus_like,
seal_057,2842,1,i009,i009,normal,synthetic_indus_like,
seal_057,2842,2,i020,i020,normal,synthetic_indus_like,
seal_057,2843,1,i005,i005,normal,synthetic_indus_like,
seal_057,2843,2,i012,i012,normal,synthetic_indus_like,
seal_057,2844,1,i005,i005,normal,synthetic_indus_like,
seal_057,2844,2,i014,i014,normal,synthetic_indus_like,
seal_057,2844,3,i016,i016,normal,synthetic_indus_like,
seal_057,2845,1,i002,i002,normal,synthetic_indus_like,
seal_057,2845,2,i018,i018,normal,synthetic_indus_like,
seal_057,2845,3,i016,i016,normal,synthetic_indus_like,
seal_057,2846,1,i001,i001,normal,synthetic_indus_like,
seal_057,2846,2,i026,i026,normal,synthetic_indus_like,
seal_057,2846,3,i012,i012,normal,synthetic_indus_like,
seal_057,2847,1,i005,i005,normal,synthetic_indus_like,
seal_057,2847,2,i049,i049,normal,synthetic_indus_like,
seal_057,2847,3,i080,i080,normal,synthetic_indus_like,
seal_057,2848,1,i010,i010,normal,synthetic_indus_like,
seal_057,2848,2,i010,i010,normal,synthetic_indus_like,
seal_057,2848,3,i032,i032,normal,synthetic_indus_like,
seal_057,2849,1,i002,i002,normal,synthetic_indus_like,
seal_057,2849,2,i030,i030,normal,synthetic_indus_like,
seal_057,2849,3,i146,i146,normal,synthetic_indus_like,
seal_057,2850,1,i006,i006,normal,synthetic_indus_like,
seal_057,2850,2,i059,i059,normal,synthetic_indus_like,
seal_057,2850,3,i013,i013,normal,synthetic_indus_like,
seal_058,2851,1,i003,i003,normal,synthetic_indus_like,
seal_058,2851,2,i018,i018,normal,synthetic_indus_like,
seal_058,2852,1,i035,i035,normal,synthetic_indus_like,
seal_058,2852,2,i150,i150,normal,synthetic_indus_like,
seal_058,2853,1,i037,i037,normal,synthetic_indus_like,
seal_058,2853,2,i075,i075,normal,synthetic_indus_like,
seal_058,2854,1,i006,i006,normal,synthetic_indus_like,
seal_058,2854,2,i016,i016,normal,synthetic_indus_like,
seal_058,2854,3,i019,i019,normal,synthetic_indus_like,
seal_058,2855,1,i002,i002,normal,synthetic_indus_like,
seal_058,2855,2,i048,i048,normal,synthetic_indus_like,
seal_058,2855,3,i148,i148,normal,synthetic_indus_like,
seal_058,2856,1,i004,i004,normal,synthetic_indus_like,
seal_058,2856,2,i016,i016,normal,synthetic_indus_like,
seal_058,2857,1,i001,i001,normal,synthetic_indus_like,
seal_058,2857,2,i032,i032,normal,synthetic_indus_like,
seal_058,2857,3,i015,i015,normal,synthetic_indus_like,
seal_058,2858,1,i024,i024,normal,synthetic_indus_like,
seal_058,2858,2,i134,i134,normal,synthetic_indus_like,
seal_058,2859,1,i009,i009,normal,synthetic_indus_like,
seal_058,2859,2,i032,i032,normal,synthetic_indus_like,
seal_058,2859,3,i078,i078,normal,synthetic_indus_like,
seal_058,2860,1,i008,i008,normal,synthetic_indus_like,
seal_058,2860,2,i055,i055,normal,synthetic_indus_like,
seal_058,2860,3,i099,i099,normal,synthetic_indus_like,
seal_058,2861,1,i009,i009,normal,synthetic_indus_like,
seal_058,2861,2,i036,i036,normal,synthetic_indus_like,
seal_058,2861,3,i019,i019,normal,synthetic_indus_like,
seal_058,2862,1,i044,i044,normal,synthetic_indus_like,
seal_058,2862,2,i101,i101,normal,synthetic_indus_like,
seal_058,2863,1,i056,i056,normal,synthetic_indus_like,
seal_058,2863,2,i073,i073,normal,synthetic_indus_like,
seal_058,2864,1,i058,i058,normal,synthetic_indus_like,
seal_058,2864,2,i131,i131,normal,synthetic_indus_like,
seal_058,2865,1,i006,i006,normal,synthetic_indus_like,
seal_058,2865,2,i004,i004,normal,synthetic_indus_like,
seal_058,2865,3,i034,i034,normal,synthetic_indus_like,
seal_058,2866,1,i008,i008,normal,synthetic_indus_like,
seal_058,2866,2,i014,i014,normal,synthetic_indus_like,
seal_058,2867,1,i002,i002,normal,synthetic_indus_like,
seal_058,2867,2,i018,i018,normal,synthetic_indus_like,
seal_058,2867,3,i011,i011,normal,synthetic_indus_like,
seal_058,2868,1,i039,i039,normal,synthetic_indus_like,
seal_058,2868,2,i108,i108,normal,synthetic_indus_like,
seal_058,2869,1,i006,i006,normal,synthetic_indus_like,
seal_058,2869,2,i024,i024,normal,synthetic_indus_like,
seal_058,2869,3,i115,i115,normal,synthetic_indus_like,
seal_058,2870,1,i002,i002,normal,synthetic_indus_like,
seal_058,2870,2,i013,i013,normal,synthetic_indus_like,
seal_058,2870,3,i011,i011,normal,synthetic_indus_like,
seal_058,2871,1,i002,i002,normal,synthetic_indus_like,
seal_058,2871,2,i020,i020,normal,synthetic_indus_like,
seal_058,2871,3,i020,i020,normal,synthetic_indus_like,
seal_058,2872,1,i001,i001,normal,synthetic_indus_like,
seal_058,2872,2,i016,i016,normal,synthetic_indus_like,
seal_058,2872,3,i015,i015,normal,synthetic_indus_like,
seal_058,2873,1,i010,i010,normal,synthetic_indus_like,
seal_058,2873,2,i003,i003,normal,synthetic_indus_like,
seal_058,2873,3,i024,i024,normal,synthetic_indus_like,
seal_058,2874,1,i024,i024,normal,synthetic_indus_like,
seal_058,2874,2,i110,i110,normal,synthetic_indus_like,
seal_058,2875,1,i001,i001,normal,synthetic_indus_like,
seal_058,2875,2,i015,i015,normal,synthetic_indus_like,
seal_058,2875,3,i017,i017,normal,synthetic_indus_like,
seal_058,2876,1,i007,i007,normal,synthetic_indus_like,
seal_058,2876,2,i011,i011,normal,synthetic_indus_like,
seal_058,2876,3,i015,i015,normal,synthetic_indus_like,
seal_058,2877,1,i007,i007,normal,synthetic_indus_like,
seal_058,2877,2,i029,i029,normal,synthetic_indus_like,
seal_058,2877,3,i016,i016,normal,synthetic_indus_like,
seal_058,2878,1,i003,i003,normal,synthetic_indus_like,
seal_058,2878,2,i027,i027,normal,synthetic_indus_like,
seal_058,2878,3,i017,i017,normal,synthetic_indus_like,
seal_058,2879,1,i002,i002,normal,synthetic_indus_like,
seal_058,2879,2,i011,i011,normal,synthetic_indus_like,
seal_058,2880,1,i046,i046,normal,synthetic_indus_like,
seal_058,2880,2,i121,i121,normal,synthetic_indus_like,
seal_058,2881,1,i010,i010,normal,synthetic_indus_like,
seal_058,2881,2,i007,i007,normal,synthetic_indus_like,
seal_058,2881,3,i039,i039,normal,synthetic_indus_like,
seal_058,2882,1,i009,i009,normal,synthetic_indus_like,
seal_058,2882,2,i025,i025,normal,synthetic_indus_like,
seal_058,2882,3,i012,i012,normal,synthetic_indus_like,
seal_058,2883,1,i010,i010,normal,synthetic_indus_like,
seal_058,2883,2,i005,i005,normal,synthetic_indus_like,
seal_058,2883,3,i022,i022,normal,synthetic_indus_like,
seal_058,2884,1,i008,i008,normal,synthetic_indus_like,
seal_058,2884,2,i017,i017,normal,synthetic_indus_like,
seal_058,2884,3,i018,i018,normal,synthetic_indus_like,
seal_058,2885,1,i008,i008,normal,synthetic_indus_like,
seal_058,2885,2,i028,i028,normal,synthetic_indus_like,
seal_058,2885,3,i115,i115,normal,synthetic_indus_like,
seal_058,2886,1,i048,i048,normal,synthetic_indus_like,
seal_058,2886,2,i149,i149,normal,synthetic_indus_like,
seal_058,2887,1,i002,i002,normal,synthetic_indus_like,
seal_058,2887,2,i018,i018,normal,synthetic_indus_like,
seal_058,2887,3,i017,i017,normal,synthetic_indus_like,
seal_058,2888,1,i010,i010,normal,synthetic_indus_like,
seal_058,2888,2,i017,i017,normal,synthetic_indus_like,
seal_058,2888,3,i018,i018,normal,synthetic_indus_like,
seal_058,2889,1,i024,i024,normal,synthetic_indus_like,
seal_058,2889,2,i078,i078,normal,synthetic_indus_like,
seal_058,2890,1,i041,i041,normal,synthetic_indus_like,
seal_058,2890,2,i077,i077,normal,synthetic_indus_like,
seal_058,2891,1,i006,i006,normal,synthetic_indus_like,
seal_058,2891,2,i042,i042,normal,synthetic_indus_like,
seal_058,2891,3,i018,i018,normal,synthetic_indus_like,
seal_058,2892,1,i009,i009,normal,synthetic_indus_like,
seal_058,2892,2,i056,i056,normal,synthetic_indus_like,
seal_058,2892,3,i124,i124,normal,synthetic_indus_like,
seal_058,2893,1,i003,i003,normal,synthetic_indus_like,
seal_058,2893,2,i050,i050,normal,synthetic_indus_like,
seal_058,2893,3,i116,i116,normal,synthetic_indus_like,
seal_058,2894,1,i010,i010,normal,synthetic_indus_like,
seal_058,2894,2,i017,i017,normal,synthetic_indus_like,
seal_058,2894,3,i012,i012,normal,synthetic_indus_like,
seal_058,2895,1,i047,i047,normal,synthetic_indus_like,
seal_058,2895,2,i097,i097,normal,synthetic_indus_like,
seal_058,2896,1,i002,i002,normal,synthetic_indus_like,
seal_058,2896,2,i043,i043,normal,synthetic_indus_like,
seal_058,2896,3,i115,i115,normal,synthetic_indus_like,
seal_058,2897,1,i001,i001,normal,synthetic_indus_like,
seal_058,2897,2,i051,i051,normal,synthetic_indus_like,
seal_058,2897,3,i020,i020,normal,synthetic_indus_like,
seal_058,2898,1,i001,i001,normal,synthetic_indus_like,
seal_058,2898,2,i012,i012,normal,synthetic_indus_like,
seal_058,2899,1,i007,i007,normal,synthetic_indus_like,
seal_058,2899,2,i057,i057,normal,synthetic_indus_like,
seal_058,2899,3,i016,i016,normal,synthetic_indus_like,
seal_058,2900,1,i008,i008,normal,synthetic_indus_like,
seal_058,2900,2,i010,i010,normal,synthetic_indus_like,
seal_058,2900,3,i027,i027,normal,synthetic_indus_like,
seal_059,2901,1,i003,i003,normal,synthetic_indus_like,
seal_059,2901,2,i034,i034,normal,synthetic_indus_like,
seal_059,2901,3,i134,i134,normal,synthetic_indus_like,
seal_059,2902,1,i004,i004,normal,synthetic_indus_like,
seal_059,2902,2,i051,i051,normal,synthetic_indus_like,
seal_059,2902,3,i016,i016,normal,synthetic_indus_like,
seal_059,2903,1,i026,i026,normal,synthetic_indus_like,
seal_059,2903,2,i119,i119,normal,synthetic_indus_like,
seal_059,2904,1,i009,i009,normal,synthetic_indus_like,
seal_059,2904,2,i018,i018,normal,synthetic_indus_like,
seal_059,2905,1,i002,i002,normal,synthetic_indus_like,
seal_059,2905,2,i013,i013,normal,synthetic_indus_like,
seal_059,2905,3,i019,i019,normal,synthetic_indus_like,
seal_059,2906,1,i024,i024,normal,synthetic_indus_like,
seal_059,2906,2,i098,i098,normal,synthetic_indus_like,
seal_059,2907,1,i005,i005,normal,synthetic_indus_like,
seal_059,2907,2,i012,i012,normal,synthetic_indus_like,
seal_059,2908,1,i001,i001,normal,synthetic_indus_like,
seal_059,2908,2,i032,i032,normal,synthetic_indus_like,
seal_059,2908,3,i115,i115,normal,synthetic_indus_like,
seal_059,2909,1,i002,i002,normal,synthetic_indus_like,
seal_059,2909,2,i039,i039,normal,synthetic_indus_like,
seal_059,2909,3,i020,i020,normal,synthetic_indus_like,
seal_059,2910,1,i001,i001,normal,synthetic_indus_like,
seal_059,2910,2,i025,i025,normal,synthetic_indus_like,
seal_059,2910,3,i146,i146,normal,synthetic_indus_like,
seal_059,2911,1,i008,i008,normal,synthetic_indus_like,
seal_059,2911,2,i034,i034,normal,synthetic_indus_like,
seal_059,2911,3,i119,i119,normal,synthetic_indus_like,
seal_059,2912,1,i008,i008,normal,synthetic_indus_like,
seal_059,2912,2,i023,i023,normal,synthetic_indus_like,
seal_059,2912,3,i012,i012,normal,synthetic_indus_like,
seal_059,2913,1,i042,i042,normal,synthetic_indus_like,
seal_059,2913,2,i095,i095,normal,synthetic_indus_like,
seal_059,2914,1,i002,i002,normal,synthetic_indus_like,
seal_059,2914,2,i016,i016,normal,synthetic_indus_like,
seal_059,2915,1,i003,i003,normal,synthetic_indus_like,
seal_059,2915,2,i018,i018,normal,synthetic_indus_like,
seal_059,2915,3,i017,i017,normal,synthetic_indus_like,
seal_059,2916,1,i001,i001,normal,synthetic_indus_like,
seal_059,2916,2,i006,i006,normal,synthetic_indus_like,
seal_059,2916,3,i037,i037,normal,synthetic_indus_like,
seal_059,2917,1,i001,i001,normal,synthetic_indus_like,
seal_059,2917,2,i007,i007,normal,synthetic_indus_like,
seal_059,2917,3,i058,i058,normal,synthetic_indus_like,
seal_059,2918,1,i010,i010,normal,synthetic_indus_like,
seal_059,2918,2,i018,i018,normal,synthetic_indus_like,
seal_059,2919,1,i046,i046,normal,synthetic_indus_like,
seal_059,2919,2,i123,i123,normal,synthetic_indus_like,
seal_059,2920,1,i005,i005,normal,synthetic_indus_like,
seal_059,2920,2,i029,i029,normal,synthetic_indus_like,
seal_059,2920,3,i020,i020,normal,synthetic_indus_like,
seal_059,2921,1,i002,i002,normal,synthetic_indus_like,
seal_059,2921,2,i017,i017,normal,synthetic_indus_like,
seal_059,2922,1,i049,i049,normal,synthetic_indus_like,
seal_059,2922,2,i109,i109,normal,synthetic_indus_like,
seal_059,2923,1,i008,i008,normal,synthetic_indus_like,
seal_059,2923,2,i017,i017,normal,synthetic_indus_like,
seal_059,2923,3,i017,i017,normal,synthetic_indus_like,
seal_059,2924,1,i009,i009,normal,synthetic_indus_like,
seal_059,2924,2,i021,i021,normal,synthetic_indus_like,
seal_059,2924,3,i061,i061,normal,synthetic_indus_like,
seal_059,2925,1,i002,i002,normal,synthetic_indus_like,
seal_059,2925,2,i019,i019,normal,synthetic_indus_like,
seal_059,2925,3,i017,i017,normal,synthetic_indus_like,
seal_059,2926,1,i003,i003,normal,synthetic_indus_like,
seal_059,2926,2,i026,i026,normal,synthetic_indus_like,
seal_059,2926,3,i020,i020,normal,synthetic_indus_like,
seal_059,2927,1,i001,i001,normal,synthetic_indus_like,
seal_059,2927,2,i019,i019,normal,synthetic_indus_like,
seal_059,2928,1,i001,i001,normal,synthetic_indus_like,
seal_059,2928,2,i006,i006,normal,synthetic_indus_like,
seal_059,2928,3,i058,i058,normal,synthetic_indus_like,
seal_059,2929,1,i006,i006,normal,synthetic_indus_like,
seal_059,2929,2,i018,i018,normal,synthetic_indus_like,
seal_059,2930,1,i036,i036,normal,synthetic_indus_like,
seal_059,2930,2,i119,i119,normal,synthetic_indus_like,
seal_059,2931,1,i007,i007,normal,synthetic_indus_like,
seal_059,2931,2,i002,i002,normal,synthetic_indus_like,
seal_059,2931,3,i048,i048,normal,synthetic_indus_like,
seal_059,2932,1,i006,i006,normal,synthetic_indus_like,
seal_059,2932,2,i036,i036,normal,synthetic_indus_like,
seal_059,2932,3,i017,i017,normal,synthetic_indus_like,
seal_059,2933,1,i007,i007,normal,synthetic_indus_like,
seal_059,2933,2,i060,i060,normal,synthetic_indus_like,
seal_059,2933,3,i015,i015,normal,synthetic_indus_like,
seal_059,2934,1,i001,i001,normal,synthetic_indus_like,
seal_059,2934,2,i021,i021,normal,synthetic_indus_like,
seal_059,2934,3,i017,i017,normal,synthetic_indus_like,
seal_059,2935,1,i052,i052,normal,synthetic_indus_like,
seal_059,2935,2,i065,i065,normal,synthetic_indus_like,
seal_059,2936,1,i005,i005,normal,synthetic_indus_like,
seal_059,2936,2,i050,i050,normal,synthetic_indus_like,
seal_059,2936,3,i020,i020,normal,synthetic_indus_like,
seal_059,2937,1,i033,i033,normal,synthetic_indus_like,
seal_059,2937,2,i061,i061,normal,synthetic_indus_like,
seal_059,2938,1,i001,i001,normal,synthetic_indus_like,
seal_059,2938,2,i045,i045,normal,synthetic_indus_like,
seal_059,2938,3,i081,i081,normal,synthetic_indus_like,
seal_059,2939,1,i006,i006,normal,synthetic_indus_like,
seal_059,2939,2,i021,i021,normal,synthetic_indus_like,
seal_059,2939,3,i018,i018,normal,synthetic_indus_like,
seal_059,2940,1,i003,i003,normal,synthetic_indus_like,
seal_059,2940,2,i005,i005,normal,synthetic_indus_like,
seal_059,2940,3,i050,i050,normal,synthetic_indus_like,
seal_059,2941,1,i008,i008,normal,synthetic_indus_like,
seal_059,2941,2,i015,i015,normal,synthetic_indus_like,
seal_059,2942,1,i004,i004,normal,synthetic_indus_like,
seal_059,2942,2,i014,i014,normal,synthetic_indus_like,
seal_059,2942,3,i013,i013,normal,synthetic_indus_like,
seal_059,2943,1,i005,i005,normal,synthetic_indus_like,
seal_059,2943,2,i008,i008,normal,synthetic_indus_like,
seal_059,2943,3,i035,i035,normal,synthetic_indus_like,
seal_059,2944,1,i001,i001,normal,synthetic_indus_like,
seal_059,2944,2,i006,i006,normal,synthetic_indus_like,
seal_059,2944,3,i047,i047,normal,synthetic_indus_like,
seal_059,2945,1,i055,i055,normal,synthetic_indus_like,
seal_059,2945,2,i069,i069,normal,synthetic_indus_like,
seal_059,2946,1,i007,i007,normal,synthetic_indus_like,
seal_059,2946,2,i056,i056,normal,synthetic_indus_like,
seal_059,2946,3,i076,i076,normal,synthetic_indus_like,
seal_059,2947,1,i004,i004,normal,synthetic_indus_like,
seal_059,2947,2,i014,i014,normal,synthetic_indus_like,
seal_059,2948,1,i001,i001,normal,synthetic_indus_like,
seal_059,2948,2,i029,i029,normal,synthetic_indus_like,
seal_059,2948,3,i014,i014,normal,synthetic_indus_like,
seal_059,2949,1,i004,i004,normal,synthetic_indus_like,
seal_059,2949,2,i055,i055,normal,synthetic_indus_like,
seal_059,2949,3,i116,i116,normal,synthetic_indus_like,
seal_059,2950,1,i008,i008,normal,synthetic_indus_like,
seal_059,2950,2,i016,i016,normal,synthetic_indus_like,
seal_059,2950,3,i018,i018,normal,synthetic_indus_like,
seal_060,2951,1,i009,i009,normal,synthetic_indus_like,
seal_060,2951,2,i022,i022,normal,synthetic_indus_like,
seal_060,2951,3,i016,i016,normal,synthetic_indus_like,
seal_060,2952,1,i002,i002,normal,synthetic_indus_like,
seal_060,2952,2,i059,i059,normal,synthetic_indus_like,
seal_060,2952,3,i020,i020,normal,synthetic_indus_like,
seal_060,2953,1,i001,i001,normal,synthetic_indus_like,
seal_060,2953,2,i057,i057,normal,synthetic_indus_like,
seal_060,2953,3,i019,i019,normal,synthetic_indus_like,
seal_060,2954,1,i052,i052,normal,synthetic_indus_like,
seal_060,2954,2,i136,i136,normal,synthetic_indus_like,
seal_060,2955,1,i009,i009,normal,synthetic_indus_like,
seal_060,2955,2,i022,i022,normal,synthetic_indus_like,
seal_060,2955,3,i017,i017,normal,synthetic_indus_like,
seal_060,2956,1,i009,i009,normal,synthetic_indus_like,
seal_060,2956,2,i011,i011,normal,synthetic_indus_like,
seal_060,2956,3,i020,i020,normal,synthetic_indus_like,
seal_060,2957,1,i009,i009,normal,synthetic_indus_like,
seal_060,2957,2,i057,i057,normal,synthetic_indus_like,
seal_060,2957,3,i011,i011,normal,synthetic_indus_like,
seal_060,2958,1,i002,i002,normal,synthetic_indus_like,
seal_060,2958,2,i009,i009,normal,synthetic_indus_like,
seal_060,2958,3,i022,i022,normal,synthetic_indus_like,
seal_060,2959,1,i008,i008,normal,synthetic_indus_like,
seal_060,2959,2,i027,i027,normal,synthetic_indus_like,
seal_060,2959,3,i077,i077,normal,synthetic_indus_like,
seal_060,2960,1,i002,i002,normal,synthetic_indus_like,
seal_060,2960,2,i014,i014,normal,synthetic_indus_like,
seal_060,2960,3,i018,i018,normal,synthetic_indus_like,
seal_060,2961,1,i005,i005,normal,synthetic_indus_like,
seal_060,2961,2,i008,i008,normal,synthetic_indus_like,
seal_060,2961,3,i059,i059,normal,synthetic_indus_like,
seal_060,2962,1,i001,i001,normal,synthetic_indus_like,
seal_060,2962,2,i043,i043,normal,synthetic_indus_like,
seal_060,2962,3,i020,i020,normal,synthetic_indus_like,
seal_060,2963,1,i045,i045,normal,synthetic_indus_like,
seal_060,2963,2,i078,i078,normal,synthetic_indus_like,
seal_060,2964,1,i003,i003,normal,synthetic_indus_like,
seal_060,2964,2,i041,i041,normal,synthetic_indus_like,
seal_060,2964,3,i016,i016,normal,synthetic_indus_like,
seal_060,2965,1,i007,i007,normal,synthetic_indus_like,
seal_060,2965,2,i008,i008,normal,synthetic_indus_like,
seal_060,2965,3,i060,i060,normal,synthetic_indus_like,
seal_060,2966,1,i007,i007,normal,synthetic_indus_like,
seal_060,2966,2,i009,i009,normal,synthetic_indus_like,
seal_060,2966,3,i054,i054,normal,synthetic_indus_like,
seal_060,2967,1,i057,i057,normal,synthetic_indus_like,
seal_060,2967,2,i113,i113,normal,synthetic_indus_like,
seal_060,2968,1,i006,i006,normal,synthetic_indus_like,
seal_060,2968,2,i011,i011,normal,synthetic_indus_like,
seal_060,2969,1,i007,i007,normal,synthetic_indus_like,
seal_060,2969,2,i025,i025,normal,synthetic_indus_like,
seal_060,2969,3,i097,i097,normal,synthetic_indus_like,
seal_060,2970,1,i002,i002,normal,synthetic_indus_like,
seal_060,2970,2,i021,i021,normal,synthetic_indus_like,
seal_060,2970,3,i011,i011,normal,synthetic_indus_like,
seal_060,2971,1,i003,i003,normal,synthetic_indus_like,
seal_060,2971,2,i029,i029,normal,synthetic_indus_like,
seal_060,2971,3,i104,i104,normal,synthetic_indus_like,
seal_060,2972,1,i008,i008,normal,synthetic_indus_like,
seal_060,2972,2,i011,i011,normal,synthetic_indus_like,
seal_060,2973,1,i002,i002,normal,synthetic_indus_like,
seal_060,2973,2,i008,i008,normal,synthetic_indus_like,
seal_060,2973,3,i026,i026,normal,synthetic_indus_like,
seal_060,2974,1,i057,i057,normal,synthetic_indus_like,
seal_060,2974,2,i143,i143,normal,synthetic_indus_like,
seal_060,2975,1,i006,i006,normal,synthetic_indus_like,
seal_060,2975,2,i057,i057,normal,synthetic_indus_like,
seal_060,2975,3,i106,i106,normal,synthetic_indus_like,
seal_060,2976,1,i003,i003,normal,synthetic_indus_like,
seal_060,2976,2,i019,i019,normal,synthetic_indus_like,
seal_060,2977,1,i002,i002,normal,synthetic_indus_like,
seal_060,2977,2,i007,i007,normal,synthetic_indus_like,
seal_060,2977,3,i038,i038,normal,synthetic_indus_like,
seal_060,2978,1,i003,i003,normal,synthetic_indus_like,
seal_060,2978,2,i015,i015,normal,synthetic_indus_like,
seal_060,2979,1,i007,i007,normal,synthetic_indus_like,
seal_060,2979,2,i038,i038,normal,synthetic_indus_like,
seal_060,2979,3,i020,i020,normal,synthetic_indus_like,
seal_060,2980,1,i009,i009,normal,synthetic_indus_like,
seal_060,2980,2,i005,i005,normal,synthetic_indus_like,
seal_060,2980,3,i039,i039,normal,synthetic_indus_like,
seal_060,2981,1,i002,i002,normal,synthetic_indus_like,
seal_060,2981,2,i029,i029,normal,synthetic_indus_like,
seal_060,2981,3,i019,i019,normal,synthetic_indus_like,
seal_060,2982,1,i006,i006,normal,synthetic_indus_like,
seal_060,2982,2,i012,i012,normal,synthetic_indus_like,
seal_060,2983,1,i024,i024,normal,synthetic_indus_like,
seal_060,2983,2,i120,i120,normal,synthetic_indus_like,
seal_060,2984,1,i010,i010,normal,synthetic_indus_like,
seal_060,2984,2,i039,i039,normal,synthetic_indus_like,
seal_060,2984,3,i014,i014,normal,synthetic_indus_like,
seal_060,2985,1,i005,i005,normal,synthetic_indus_like,
seal_060,2985,2,i037,i037,normal,synthetic_indus_like,
seal_060,2985,3,i124,i124,normal,synthetic_indus_like,
seal_060,2986,1,i008,i008,normal,synthetic_indus_like,
seal_060,2986,2,i011,i011,normal,synthetic_indus_like,
seal_060,2986,3,i020,i020,normal,synthetic_indus_like,
seal_060,2987,1,i004,i004,normal,synthetic_indus_like,
seal_060,2987,2,i032,i032,normal,synthetic_indus_like,
seal_060,2987,3,i018,i018,normal,synthetic_indus_like,
seal_060,2988,1,i008,i008,normal,synthetic_indus_like,
seal_060,2988,2,i042,i042,normal,synthetic_indus_like,
seal_060,2988,3,i081,i081,normal,synthetic_indus_like,
seal_060,2989,1,i054,i054,normal,synthetic_indus_like,
seal_060,2989,2,i099,i099,normal,synthetic_indus_like,
seal_060,2990,1,i030,i030,normal,synthetic_indus_like,
seal_060,2990,2,i138,i138,normal,synthetic_indus_like,
seal_060,2991,1,i008,i008,normal,synthetic_indus_like,
seal_060,2991,2,i009,i009,normal,synthetic_indus_like,
seal_060,2991,3,i052,i052,normal,synthetic_indus_like,
seal_060,2992,1,i002,i002,normal,synthetic_indus_like,
seal_060,2992,2,i034,i034,normal,synthetic_indus_like,
seal_060,2992,3,i015,i015,normal,synthetic_indus_like,
seal_060,2993,1,i001,i001,normal,synthetic_indus_like,
seal_060,2993,2,i022,i022,normal,synthetic_indus_like,
seal_060,2993,3,i011,i011,normal,synthetic_indus_like,
seal_060,2994,1,i009,i009,normal,synthetic_indus_like,
seal_060,2994,2,i001,i001,normal,synthetic_indus_like,
seal_060,2994,3,i047,i047,normal,synthetic_indus_like,
seal_060,2995,1,i009,i009,normal,synthetic_indus_like,
seal_060,2995,2,i050,i050,normal,synthetic_indus_like,
seal_060,2995,3,i020,i020,normal,synthetic_indus_like,
seal_060,2996,1,i002,i002,normal,synthetic_indus_like,
seal_060,2996,2,i015,i015,normal,synthetic_indus_like,
seal_060,2997,1,i007,i007,normal,synthetic_indus_like,
seal_060,2997,2,i032,i032,normal,synthetic_indus_like,
seal_060,2997,3,i142,i142,normal,synthetic_indus_like,
seal_060,2998,1,i025,i025,normal,synthetic_indus_like,
seal_060,2998,2,i106,i106,normal,synthetic_indus_like,
seal_060,2999,1,i008,i008,normal,synthetic_indus_like,
seal_060,2999,2,i029,i029,normal,synthetic_indus_like,
seal_060,2999,3,i063,i063,normal,synthetic_indus_like,
seal_060,3000,1,i006,i006,normal,synthetic_indus_like,
seal_060,3000,2,i011,i011,normal,synthetic_indus_like,
