doc_id,line_id,position,token,raw_token,orientation,source,notes
synthetic,1,1,s01,s01,normal,synthetic_generator,
synthetic,1,2,s10,s10,normal,synthetic_generator,
synthetic,1,3,s22,s22,normal,synthetic_generator,
synthetic,1,4,s40,s40,normal,synthetic_generator,
synthetic,1,5,s01,s01,normal,synthetic_generator,
synthetic,1,6,s11,s11,normal,synthetic_generator,
synthetic,1,7,s20,s20,normal,synthetic_generator,
synthetic,1,8,s03,s03,normal,synthetic_generator,
synthetic,1,9,s15,s15,normal,synthetic_generator,
synthetic,2,1,s01,s01,normal,synthetic_generator,
synthetic,2,2,s14,s14,normal,synthetic_generator,
synthetic,2,3,s23,s23,normal,synthetic_generator,
synthetic,2,4,s40,s40,normal,synthetic_generator,
synthetic,2,5,s01,s01,normal,synthetic_generator,
synthetic,2,6,s10,s10,normal,synthetic_generator,
synthetic,2,7,s21,s21,normal,synthetic_generator,
synthetic,2,8,s01,s01,normal,synthetic_generator,
synthetic,2,9,s14,s14,normal,synthetic_generator,
synthetic,3,1,s01,s01,normal,synthetic_generator,
synthetic,3,2,s14,s14,normal,synthetic_generator,
synthetic,3,3,s21,s21,normal,synthetic_generator,
synthetic,3,4,s40,s40,normal,synthetic_generator,
synthetic,3,5,s01,s01,normal,synthetic_generator,
synthetic,3,6,s13,s13,normal,synthetic_generator,
synthetic,3,7,s22,s22,normal,synthetic_generator,
synthetic,3,8,s01,s01,normal,synthetic_generator,
synthetic,3,9,s11,s11,normal,synthetic_generator,
synthetic,4,1,s02,s02,normal,synthetic_generator,
synthetic,4,2,s12,s12,normal,synthetic_generator,
synthetic,4,3,s22,s22,normal,synthetic_generator,
synthetic,4,4,s40,s40,normal,synthetic_generator,
synthetic,4,5,s01,s01,normal,synthetic_generator,
synthetic,4,6,s12,s12,normal,synthetic_generator,
synthetic,4,7,s20,s20,normal,synthetic_generator,
synthetic,4,8,s01,s01,normal,synthetic_generator,
synthetic,4,9,s13,s13,normal,synthetic_generator,
synthetic,5,1,s02,s02,normal,synthetic_generator,
synthetic,5,2,s12,s12,normal,synthetic_generator,
synthetic,5,3,s22,s22,normal,synthetic_generator,
synthetic,5,4,s01,s01,normal,synthetic_generator,
synthetic,5,5,s15,s15,normal,synthetic_generator,
synthetic,6,1,s03,s03,normal,synthetic_generator,
synthetic,6,2,s10,s10,normal,synthetic_generator,
synthetic,6,3,s23,s23,normal,synthetic_generator,
synthetic,6,4,s30,s30,normal,synthetic_generator,
synthetic,6,5,s03,s03,normal,synthetic_generator,
synthetic,6,6,s12,s12,normal,synthetic_generator,
synthetic,7,1,s03,s03,normal,synthetic_generator,
synthetic,7,2,s12,s12,normal,synthetic_generator,
synthetic,7,3,s21,s21,normal,synthetic_generator,
synthetic,7,4,s40,s40,normal,synthetic_generator,
synthetic,7,5,s01,s01,normal,synthetic_generator,
synthetic,7,6,s15,s15,normal,synthetic_generator,
synthetic,7,7,s21,s21,normal,synthetic_generator,
synthetic,7,8,s02,s02,normal,synthetic_generator,
synthetic,7,9,s10,s10,normal,synthetic_generator,
synthetic,8,1,s01,s01,normal,synthetic_generator,
synthetic,8,2,s13,s13,normal,synthetic_generator,
synthetic,8,3,s22,s22,normal,synthetic_generator,
synthetic,8,4,s02,s02,normal,synthetic_generator,
synthetic,8,5,s15,s15,normal,synthetic_generator,
synthetic,9,1,s01,s01,normal,synthetic_generator,
synthetic,9,2,s12,s12,normal,synthetic_generator,
synthetic,9,3,s22,s22,normal,synthetic_generator,
synthetic,9,4,s30,s30,normal,synthetic_generator,
synthetic,9,5,s03,s03,normal,synthetic_generator,
synthetic,9,6,s12,s12,normal,synthetic_generator,
synthetic,10,1,s03,s03,normal,synthetic_generator,
synthetic,10,2,s15,s15,normal,synthetic_generator,
synthetic,10,3,s20,s20,normal,synthetic_generator,
synthetic,10,4,s40,s40,normal,synthetic_generator,
synthetic,10,5,s03,s03,normal,synthetic_generator,
synthetic,10,6,s15,s15,normal,synthetic_generator,
synthetic,10,7,s21,s21,normal,synthetic_generator,
synthetic,10,8,s01,s01,normal,synthetic_generator,
synthetic,10,9,s13,s13,normal,synthetic_generator,
synthetic,11,1,s02,s02,normal,synthetic_generator,
synthetic,11,2,s15,s15,normal,synthetic_generator,
synthetic,11,3,s21,s21,normal,synthetic_generator,
synthetic,11,4,s31,s31,normal,synthetic_generator,
synthetic,11,5,s01,s01,normal,synthetic_generator,
synthetic,11,6,s11,s11,normal,synthetic_generator,
synthetic,12,1,s02,s02,normal,synthetic_generator,
synthetic,12,2,s13,s13,normal,synthetic_generator,
synthetic,12,3,s22,s22,normal,synthetic_generator,
synthetic,12,4,s01,s01,normal,synthetic_generator,
synthetic,12,5,s11,s11,normal,synthetic_generator,
synthetic,13,1,s03,s03,normal,synthetic_generator,
synthetic,13,2,s12,s12,normal,synthetic_generator,
synthetic,13,3,s21,s21,normal,synthetic_generator,
synthetic,13,4,s40,s40,normal,synthetic_generator,
synthetic,13,5,s02,s02,normal,synthetic_generator,
synthetic,13,6,s15,s15,normal,synthetic_generator,
synthetic,13,7,s23,s23,normal,synthetic_generator,
synthetic,13,8,s01,s01,normal,synthetic_generator,
synthetic,13,9,s12,s12,normal,synthetic_generator,
synthetic,14,1,s01,s01,normal,synthetic_generator,
synthetic,14,2,s15,s15,normal,synthetic_generator,
synthetic,14,3,s22,s22,normal,synthetic_generator,
synthetic,14,4,s03,s03,normal,synthetic_generator,
synthetic,14,5,s14,s14,normal,synthetic_generator,
synthetic,15,1,s03,s03,normal,synthetic_generator,
synthetic,15,2,s13,s13,normal,synthetic_generator,
synthetic,15,3,s22,s22,normal,synthetic_generator,
synthetic,15,4,s30,s30,normal,synthetic_generator,
synthetic,15,5,s01,s01,normal,synthetic_generator,
synthetic,15,6,s14,s14,normal,synthetic_generator,
synthetic,16,1,s01,s01,normal,synthetic_generator,
synthetic,16,2,s10,s10,normal,synthetic_generator,
synthetic,16,3,s20,s20,normal,synthetic_generator,
synthetic,16,4,s30,s30,normal,synthetic_generator,
synthetic,16,5,s03,s03,normal,synthetic_generator,
synthetic,16,6,s11,s11,normal,synthetic_generator,
synthetic,17,1,s02,s02,normal,synthetic_generator,
synthetic,17,2,s14,s14,normal,synthetic_generator,
synthetic,17,3,s20,s20,normal,synthetic_generator,
synthetic,17,4,s40,s40,normal,synthetic_generator,
synthetic,17,5,s02,s02,normal,synthetic_generator,
synthetic,17,6,s14,s14,normal,synthetic_generator,
synthetic,17,7,s23,s23,normal,synthetic_generator,
synthetic,17,8,s03,s03,normal,synthetic_generator,
synthetic,17,9,s12,s12,normal,synthetic_generator,
synthetic,18,1,s01,s01,normal,synthetic_generator,
synthetic,18,2,s15,s15,normal,synthetic_generator,
synthetic,18,3,s20,s20,normal,synthetic_generator,
synthetic,18,4,s40,s40,normal,synthetic_generator,
synthetic,18,5,s03,s03,normal,synthetic_generator,
synthetic,18,6,s12,s12,normal,synthetic_generator,
synthetic,18,7,s20,s20,normal,synthetic_generator,
synthetic,18,8,s02,s02,normal,synthetic_generator,
synthetic,18,9,s13,s13,normal,synthetic_generator,
synthetic,19,1,s02,s02,normal,synthetic_generator,
synthetic,19,2,s10,s10,normal,synthetic_generator,
synthetic,19,3,s22,s22,normal,synthetic_generator,
synthetic,19,4,s03,s03,normal,synthetic_generator,
synthetic,19,5,s11,s11,normal,synthetic_generator,
synthetic,20,1,s01,s01,normal,synthetic_generator,
synthetic,20,2,s15,s15,normal,synthetic_generator,
synthetic,20,3,s22,s22,normal,synthetic_generator,
synthetic,20,4,s40,s40,normal,synthetic_generator,
synthetic,20,5,s01,s01,normal,synthetic_generator,
synthetic,20,6,s12,s12,normal,synthetic_generator,
synthetic,20,7,s21,s21,normal,synthetic_generator,
synthetic,20,8,s03,s03,normal,synthetic_generator,
synthetic,20,9,s14,s14,normal,synthetic_generator,
synthetic,21,1,s03,s03,normal,synthetic_generator,
synthetic,21,2,s12,s12,normal,synthetic_generator,
synthetic,21,3,s23,s23,normal,synthetic_generator,
synthetic,21,4,s01,s01,normal,synthetic_generator,
synthetic,21,5,s10,s10,normal,synthetic_generator,
synthetic,22,1,s02,s02,normal,synthetic_generator,
synthetic,22,2,s11,s11,normal,synthetic_generator,
synthetic,22,3,s20,s20,normal,synthetic_generator,
synthetic,22,4,s30,s30,normal,synthetic_generator,
synthetic,22,5,s03,s03,normal,synthetic_generator,
synthetic,22,6,s10,s10,normal,synthetic_generator,
synthetic,23,1,s03,s03,normal,synthetic_generator,
synthetic,23,2,s13,s13,normal,synthetic_generator,
synthetic,23,3,s20,s20,normal,synthetic_generator,
synthetic,23,4,s03,s03,normal,synthetic_generator,
synthetic,23,5,s11,s11,normal,synthetic_generator,
synthetic,24,1,s03,s03,normal,synthetic_generator,
synthetic,24,2,s13,s13,normal,synthetic_generator,
synthetic,24,3,s21,s21,normal,synthetic_generator,
synthetic,24,4,s02,s02,normal,synthetic_generator,
synthetic,24,5,s14,s14,normal,synthetic_generator,
synthetic,25,1,s02,s02,normal,synthetic_generator,
synthetic,25,2,s11,s11,normal,synthetic_generator,
synthetic,25,3,s21,s21,normal,synthetic_generator,
synthetic,25,4,s40,s40,normal,synthetic_generator,
synthetic,25,5,s02,s02,normal,synthetic_generator,
synthetic,25,6,s15,s15,normal,synthetic_generator,
synthetic,25,7,s22,s22,normal,synthetic_generator,
synthetic,25,8,s02,s02,normal,synthetic_generator,
synthetic,25,9,s14,s14,normal,synthetic_generator,
synthetic,26,1,s01,s01,normal,synthetic_generator,
synthetic,26,2,s11,s11,normal,synthetic_generator,
synthetic,26,3,s21,s21,normal,synthetic_generator,
synthetic,26,4,s30,s30,normal,synthetic_generator,
synthetic,26,5,s02,s02,normal,synthetic_generator,
synthetic,26,6,s10,s10,normal,synthetic_generator,
synthetic,27,1,s03,s03,normal,synthetic_generator,
synthetic,27,2,s11,s11,normal,synthetic_generator,
synthetic,27,3,s21,s21,normal,synthetic_generator,
synthetic,27,4,s40,s40,normal,synthetic_generator,
synthetic,27,5,s01,s01,normal,synthetic_generator,
synthetic,27,6,s15,s15,normal,synthetic_generator,
synthetic,27,7,s20,s20,normal,synthetic_generator,
synthetic,27,8,s01,s01,normal,synthetic_generator,
synthetic,27,9,s10,s10,normal,synthetic_generator,
synthetic,28,1,s02,s02,normal,synthetic_generator,
synthetic,28,2,s10,s10,normal,synthetic_generator,
synthetic,28,3,s21,s21,normal,synthetic_generator,
synthetic,28,4,s02,s02,normal,synthetic_generator,
synthetic,28,5,s15,s15,normal,synthetic_generator,
synthetic,29,1,s01,s01,normal,synthetic_generator,
synthetic,29,2,s14,s14,normal,synthetic_generator,
synthetic,29,3,s21,s21,normal,synthetic_generator,
synthetic,29,4,s31,s31,normal,synthetic_generator,
synthetic,29,5,s01,s01,normal,synthetic_generator,
synthetic,29,6,s13,s13,normal,synthetic_generator,
synthetic,30,1,s01,s01,normal,synthetic_generator,
synthetic,30,2,s10,s10,normal,synthetic_generator,
synthetic,30,3,s20,s20,normal,synthetic_generator,
synthetic,30,4,s31,s31,normal,synthetic_generator,
synthetic,30,5,s02,s02,normal,synthetic_generator,
synthetic,30,6,s13,s13,normal,synthetic_generator,
synthetic,31,1,s02,s02,normal,synthetic_generator,
synthetic,31,2,s15,s15,normal,synthetic_generator,
synthetic,31,3,s20,s20,normal,synthetic_generator,
synthetic,31,4,s30,s30,normal,synthetic_generator,
synthetic,31,5,s01,s01,normal,synthetic_generator,
synthetic,31,6,s13,s13,normal,synthetic_generator,
synthetic,32,1,s02,s02,normal,synthetic_generator,
synthetic,32,2,s10,s10,normal,synthetic_generator,
synthetic,32,3,s21,s21,normal,synthetic_generator,
synthetic,32,4,s40,s40,normal,synthetic_generator,
synthetic,32,5,s01,s01,normal,synthetic_generator,
synthetic,32,6,s14,s14,normal,synthetic_generator,
synthetic,32,7,s23,s23,normal,synthetic_generator,
synthetic,32,8,s01,s01,normal,synthetic_generator,
synthetic,32,9,s13,s13,normal,synthetic_generator,
synthetic,33,1,s02,s02,normal,synthetic_generator,
synthetic,33,2,s13,s13,normal,synthetic_generator,
synthetic,33,3,s21,s21,normal,synthetic_generator,
synthetic,33,4,s01,s01,normal,synthetic_generator,
synthetic,33,5,s13,s13,normal,synthetic_generator,
synthetic,34,1,s01,s01,normal,synthetic_generator,
synthetic,34,2,s10,s10,normal,synthetic_generator,
synthetic,34,3,s20,s20,normal,synthetic_generator,
synthetic,34,4,s40,s40,normal,synthetic_generator,
synthetic,34,5,s01,s01,normal,synthetic_generator,
synthetic,34,6,s11,s11,normal,synthetic_generator,
synthetic,34,7,s23,s23,normal,synthetic_generator,
synthetic,34,8,s02,s02,normal,synthetic_generator,
synthetic,34,9,s13,s13,normal,synthetic_generator,
synthetic,35,1,s02,s02,normal,synthetic_generator,
synthetic,35,2,s10,s10,normal,synthetic_generator,
synthetic,35,3,s21,s21,normal,synthetic_generator,
synthetic,35,4,s02,s02,normal,synthetic_generator,
synthetic,35,5,s10,s10,normal,synthetic_generator,
synthetic,36,1,s02,s02,normal,synthetic_generator,
synthetic,36,2,s13,s13,normal,synthetic_generator,
synthetic,36,3,s22,s22,normal,synthetic_generator,
synthetic,36,4,s31,s31,normal,synthetic_generator,
synthetic,36,5,s03,s03,normal,synthetic_generator,
synthetic,36,6,s15,s15,normal,synthetic_generator,
synthetic,37,1,s03,s03,normal,synthetic_generator,
synthetic,37,2,s15,s15,normal,synthetic_generator,
synthetic,37,3,s23,s23,normal,synthetic_generator,
synthetic,37,4,s40,s40,normal,synthetic_generator,
synthetic,37,5,s01,s01,normal,synthetic_generator,
synthetic,37,6,s12,s12,normal,synthetic_generator,
synthetic,37,7,s21,s21,normal,synthetic_generator,
synthetic,37,8,s01,s01,normal,synthetic_generator,
synthetic,37,9,s14,s14,normal,synthetic_generator,
synthetic,38,1,s03,s03,normal,synthetic_generator,
synthetic,38,2,s10,s10,normal,synthetic_generator,
synthetic,38,3,s22,s22,normal,synthetic_generator,
synthetic,38,4,s40,s40,normal,synthetic_generator,
synthetic,38,5,s01,s01,normal,synthetic_generator,
synthetic,38,6,s14,s14,normal,synthetic_generator,
synthetic,38,7,s23,s23,normal,synthetic_generator,
synthetic,38,8,s03,s03,normal,synthetic_generator,
synthetic,38,9,s14,s14,normal,synthetic_generator,
synthetic,39,1,s01,s01,normal,synthetic_generator,
synthetic,39,2,s14,s14,normal,synthetic_generator,
synthetic,39,3,s20,s20,normal,synthetic_generator,
synthetic,39,4,s01,s01,normal,synthetic_generator,
synthetic,39,5,s10,s10,normal,synthetic_generator,
synthetic,40,1,s01,s01,normal,synthetic_generator,
synthetic,40,2,s15,s15,normal,synthetic_generator,
synthetic,40,3,s21,s21,normal,synthetic_generator,
synthetic,40,4,s40,s40,normal,synthetic_generator,
synthetic,40,5,s01,s01,normal,synthetic_generator,
synthetic,40,6,s14,s14,normal,synthetic_generator,
synthetic,40,7,s21,s21,normal,synthetic_generator,
synthetic,40,8,s03,s03,normal,synthetic_generator,
synthetic,40,9,s14,s14,normal,synthetic_generator,
synthetic,41,1,s03,s03,normal,synthetic_generator,
synthetic,41,2,s10,s10,normal,synthetic_generator,
synthetic,41,3,s23,s23,normal,synthetic_generator,
synthetic,41,4,s03,s03,normal,synthetic_generator,
synthetic,41,5,s14,s14,normal,synthetic_generator,
synthetic,42,1,s03,s03,normal,synthetic_generator,
synthetic,42,2,s12,s12,normal,synthetic_generator,
synthetic,42,3,s22,s22,normal,synthetic_generator,
synthetic,42,4,s40,s40,normal,synthetic_generator,
synthetic,42,5,s03,s03,normal,synthetic_generator,
synthetic,42,6,s15,s15,normal,synthetic_generator,
synthetic,42,7,s22,s22,normal,synthetic_generator,
synthetic,42,8,s01,s01,normal,synthetic_generator,
synthetic,42,9,s12,s12,normal,synthetic_generator,
synthetic,43,1,s01,s01,normal,synthetic_generator,
synthetic,43,2,s15,s15,normal,synthetic_generator,
synthetic,43,3,s22,s22,normal,synthetic_generator,
synthetic,43,4,s31,s31,normal,synthetic_generator,
synthetic,43,5,s02,s02,normal,synthetic_generator,
synthetic,43,6,s10,s10,normal,synthetic_generator,
synthetic,44,1,s02,s02,normal,synthetic_generator,
synthetic,44,2,s14,s14,normal,synthetic_generator,
synthetic,44,3,s20,s20,normal,synthetic_generator,
synthetic,44,4,s01,s01,normal,synthetic_generator,
synthetic,44,5,s14,s14,normal,synthetic_generator,
synthetic,45,1,s03,s03,normal,synthetic_generator,
synthetic,45,2,s12,s12,normal,synthetic_generator,
synthetic,45,3,s21,s21,normal,synthetic_generator,
synthetic,45,4,s02,s02,normal,synthetic_generator,
synthetic,45,5,s10,s10,normal,synthetic_generator,
synthetic,46,1,s02,s02,normal,synthetic_generator,
synthetic,46,2,s12,s12,normal,synthetic_generator,
synthetic,46,3,s21,s21,normal,synthetic_generator,
synthetic,46,4,s02,s02,normal,synthetic_generator,
synthetic,46,5,s14,s14,normal,synthetic_generator,
synthetic,47,1,s02,s02,normal,synthetic_generator,
synthetic,47,2,s14,s14,normal,synthetic_generator,
synthetic,47,3,s20,s20,normal,synthetic_generator,
synthetic,47,4,s40,s40,normal,synthetic_generator,
synthetic,47,5,s03,s03,normal,synthetic_generator,
synthetic,47,6,s10,s10,normal,synthetic_generator,
synthetic,47,7,s21,s21,normal,synthetic_generator,
synthetic,47,8,s02,s02,normal,synthetic_generator,
synthetic,47,9,s10,s10,normal,synthetic_generator,
synthetic,48,1,s03,s03,normal,synthetic_generator,
synthetic,48,2,s14,s14,normal,synthetic_generator,
synthetic,48,3,s21,s21,normal,synthetic_generator,
synthetic,48,4,s02,s02,normal,synthetic_generator,
synthetic,48,5,s12,s12,normal,synthetic_generator,
synthetic,49,1,s01,s01,normal,synthetic_generator,
synthetic,49,2,s15,s15,normal,synthetic_generator,
synthetic,49,3,s22,s22,normal,synthetic_generator,
synthetic,49,4,s40,s40,normal,synthetic_generator,
synthetic,49,5,s03,s03,normal,synthetic_generator,
synthetic,49,6,s15,s15,normal,synthetic_generator,
synthetic,49,7,s22,s22,normal,synthetic_generator,
synthetic,49,8,s03,s03,normal,synthetic_generator,
synthetic,49,9,s13,s13,normal,synthetic_generator,
synthetic,50,1,s01,s01,normal,synthetic_generator,
synthetic,50,2,s10,s10,normal,synthetic_generator,
synthetic,50,3,s23,s23,normal,synthetic_generator,
synthetic,50,4,s31,s31,normal,synthetic_generator,
synthetic,50,5,s01,s01,normal,synthetic_generator,
synthetic,50,6,s10,s10,normal,synthetic_generator,
synthetic,51,1,s01,s01,normal,synthetic_generator,
synthetic,51,2,s15,s15,normal,synthetic_generator,
synthetic,51,3,s22,s22,normal,synthetic_generator,
synthetic,51,4,s30,s30,normal,synthetic_generator,
synthetic,51,5,s03,s03,normal,synthetic_generator,
synthetic,51,6,s13,s13,normal,synthetic_generator,
synthetic,52,1,s03,s03,normal,synthetic_generator,
synthetic,52,2,s13,s13,normal,synthetic_generator,
synthetic,52,3,s20,s20,normal,synthetic_generator,
synthetic,52,4,s40,s40,normal,synthetic_generator,
synthetic,52,5,s01,s01,normal,synthetic_generator,
synthetic,52,6,s15,s15,normal,synthetic_generator,
synthetic,52,7,s21,s21,normal,synthetic_generator,
synthetic,52,8,s03,s03,normal,synthetic_generator,
synthetic,52,9,s10,s10,normal,synthetic_generator,
synthetic,53,1,s03,s03,normal,synthetic_generator,
synthetic,53,2,s14,s14,normal,synthetic_generator,
synthetic,53,3,s21,s21,normal,synthetic_generator,
synthetic,53,4,s31,s31,normal,synthetic_generator,
synthetic,53,5,s01,s01,normal,synthetic_generator,
synthetic,53,6,s10,s10,normal,synthetic_generator,
synthetic,54,1,s02,s02,normal,synthetic_generator,
synthetic,54,2,s10,s10,normal,synthetic_generator,
synthetic,54,3,s22,s22,normal,synthetic_generator,
synthetic,54,4,s30,s30,normal,synthetic_generator,
synthetic,54,5,s03,s03,normal,synthetic_generator,
synthetic,54,6,s11,s11,normal,synthetic_generator,
synthetic,55,1,s01,s01,normal,synthetic_generator,
synthetic,55,2,s12,s12,normal,synthetic_generator,
synthetic,55,3,s23,s23,normal,synthetic_generator,
synthetic,55,4,s40,s40,normal,synthetic_generator,
synthetic,55,5,s01,s01,normal,synthetic_generator,
synthetic,55,6,s11,s11,normal,synthetic_generator,
synthetic,55,7,s21,s21,normal,synthetic_generator,
synthetic,55,8,s02,s02,normal,synthetic_generator,
synthetic,55,9,s10,s10,normal,synthetic_generator,
synthetic,56,1,s03,s03,normal,synthetic_generator,
synthetic,56,2,s12,s12,normal,synthetic_generator,
synthetic,56,3,s23,s23,normal,synthetic_generator,
synthetic,56,4,s03,s03,normal,synthetic_generator,
synthetic,56,5,s15,s15,normal,synthetic_generator,
synthetic,57,1,s02,s02,normal,synthetic_generator,
synthetic,57,2,s11,s11,normal,synthetic_generator,
synthetic,57,3,s20,s20,normal,synthetic_generator,
synthetic,57,4,s02,s02,normal,synthetic_generator,
synthetic,57,5,s10,s10,normal,synthetic_generator,
synthetic,58,1,s01,s01,normal,synthetic_generator,
synthetic,58,2,s11,s11,normal,synthetic_generator,
synthetic,58,3,s23,s23,normal,synthetic_generator,
synthetic,58,4,s31,s31,normal,synthetic_generator,
synthetic,58,5,s02,s02,normal,synthetic_generator,
synthetic,58,6,s11,s11,normal,synthetic_generator,
synthetic,59,1,s01,s01,normal,synthetic_generator,
synthetic,59,2,s15,s15,normal,synthetic_generator,
synthetic,59,3,s21,s21,normal,synthetic_generator,
synthetic,59,4,s02,s02,normal,synthetic_generator,
synthetic,59,5,s12,s12,normal,synthetic_generator,
synthetic,60,1,s01,s01,normal,synthetic_generator,
synthetic,60,2,s12,s12,normal,synthetic_generator,
synthetic,60,3,s22,s22,normal,synthetic_generator,
synthetic,60,4,s31,s31,normal,synthetic_generator,
synthetic,60,5,s03,s03,normal,synthetic_generator,
synthetic,60,6,s14,s14,normal,synthetic_generator,
synthetic,61,1,s01,s01,normal,synthetic_generator,
synthetic,61,2,s10,s10,normal,synthetic_generator,
synthetic,61,3,s22,s22,normal,synthetic_generator,
synthetic,61,4,s30,s30,normal,synthetic_generator,
synthetic,61,5,s03,s03,normal,synthetic_generator,
synthetic,61,6,s12,s12,normal,synthetic_generator,
synthetic,62,1,s01,s01,normal,synthetic_generator,
synthetic,62,2,s14,s14,normal,synthetic_generator,
synthetic,62,3,s23,s23,normal,synthetic_generator,
synthetic,62,4,s02,s02,normal,synthetic_generator,
synthetic,62,5,s15,s15,normal,synthetic_generator,
synthetic,63,1,s02,s02,normal,synthetic_generator,
synthetic,63,2,s14,s14,normal,synthetic_generator,
synthetic,63,3,s20,s20,normal,synthetic_generator,
synthetic,63,4,s31,s31,normal,synthetic_generator,
synthetic,63,5,s03,s03,normal,synthetic_generator,
synthetic,63,6,s11,s11,normal,synthetic_generator,
synthetic,64,1,s01,s01,normal,synthetic_generator,
synthetic,64,2,s15,s15,normal,synthetic_generator,
synthetic,64,3,s23,s23,normal,synthetic_generator,
synthetic,64,4,s30,s30,normal,synthetic_generator,
synthetic,64,5,s03,s03,normal,synthetic_generator,
synthetic,64,6,s14,s14,normal,synthetic_generator,
synthetic,65,1,s03,s03,normal,synthetic_generator,
synthetic,65,2,s15,s15,normal,synthetic_generator,
synthetic,65,3,s21,s21,normal,synthetic_generator,
synthetic,65,4,s40,s40,normal,synthetic_generator,
synthetic,65,5,s02,s02,normal,synthetic_generator,
synthetic,65,6,s10,s10,normal,synthetic_generator,
synthetic,65,7,s22,s22,normal,synthetic_generator,
synthetic,65,8,s03,s03,normal,synthetic_generator,
synthetic,65,9,s12,s12,normal,synthetic_generator,
synthetic,66,1,s01,s01,normal,synthetic_generator,
synthetic,66,2,s15,s15,normal,synthetic_generator,
synthetic,66,3,s22,s22,normal,synthetic_generator,
synthetic,66,4,s40,s40,normal,synthetic_generator,
synthetic,66,5,s03,s03,normal,synthetic_generator,
synthetic,66,6,s13,s13,normal,synthetic_generator,
synthetic,66,7,s22,s22,normal,synthetic_generator,
synthetic,66,8,s02,s02,normal,synthetic_generator,
synthetic,66,9,s15,s15,normal,synthetic_generator,
synthetic,67,1,s03,s03,normal,synthetic_generator,
synthetic,67,2,s11,s11,normal,synthetic_generator,
synthetic,67,3,s21,s21,normal,synthetic_generator,
synthetic,67,4,s31,s31,normal,synthetic_generator,
synthetic,67,5,s03,s03,normal,synthetic_generator,
synthetic,67,6,s13,s13,normal,synthetic_generator,
synthetic,68,1,s03,s03,normal,synthetic_generator,
synthetic,68,2,s11,s11,normal,synthetic_generator,
synthetic,68,3,s22,s22,normal,synthetic_generator,
synthetic,68,4,s40,s40,normal,synthetic_generator,
synthetic,68,5,s03,s03,normal,synthetic_generator,
synthetic,68,6,s10,s10,normal,synthetic_generator,
synthetic,68,7,s22,s22,normal,synthetic_generator,
synthetic,68,8,s02,s02,normal,synthetic_generator,
synthetic,68,9,s11,s11,normal,synthetic_generator,
synthetic,69,1,s03,s03,normal,synthetic_generator,
synthetic,69,2,s14,s14,normal,synthetic_generator,
synthetic,69,3,s22,s22,normal,synthetic_generator,
synthetic,69,4,s31,s31,normal,synthetic_generator,
synthetic,69,5,s02,s02,normal,synthetic_generator,
synthetic,69,6,s13,s13,normal,synthetic_generator,
synthetic,70,1,s01,s01,normal,synthetic_generator,
synthetic,70,2,s14,s14,normal,synthetic_generator,
synthetic,70,3,s23,s23,normal,synthetic_generator,
synthetic,70,4,s40,s40,normal,synthetic_generator,
synthetic,70,5,s03,s03,normal,synthetic_generator,
synthetic,70,6,s10,s10,normal,synthetic_generator,
synthetic,70,7,s22,s22,normal,synthetic_generator,
synthetic,70,8,s03,s03,normal,synthetic_generator,
synthetic,70,9,s15,s15,normal,synthetic_generator,
synthetic,71,1,s03,s03,normal,synthetic_generator,
synthetic,71,2,s12,s12,normal,synthetic_generator,
synthetic,71,3,s20,s20,normal,synthetic_generator,
synthetic,71,4,s40,s40,normal,synthetic_generator,
synthetic,71,5,s03,s03,normal,synthetic_generator,
synthetic,71,6,s12,s12,normal,synthetic_generator,
synthetic,71,7,s21,s21,normal,synthetic_generator,
synthetic,71,8,s01,s01,normal,synthetic_generator,
synthetic,71,9,s11,s11,normal,synthetic_generator,
synthetic,72,1,s01,s01,normal,synthetic_generator,
synthetic,72,2,s11,s11,normal,synthetic_generator,
synthetic,72,3,s23,s23,normal,synthetic_generator,
synthetic,72,4,s03,s03,normal,synthetic_generator,
synthetic,72,5,s10,s10,normal,synthetic_generator,
synthetic,73,1,s02,s02,normal,synthetic_generator,
synthetic,73,2,s15,s15,normal,synthetic_generator,
synthetic,73,3,s21,s21,normal,synthetic_generator,
synthetic,73,4,s31,s31,normal,synthetic_generator,
synthetic,73,5,s02,s02,normal,synthetic_generator,
synthetic,73,6,s13,s13,normal,synthetic_generator,
synthetic,74,1,s01,s01,normal,synthetic_generator,
synthetic,74,2,s15,s15,normal,synthetic_generator,
synthetic,74,3,s20,s20,normal,synthetic_generator,
synthetic,74,4,s01,s01,normal,synthetic_generator,
synthetic,74,5,s13,s13,normal,synthetic_generator,
synthetic,75,1,s01,s01,normal,synthetic_generator,
synthetic,75,2,s15,s15,normal,synthetic_generator,
synthetic,75,3,s23,s23,normal,synthetic_generator,
synthetic,75,4,s01,s01,normal,synthetic_generator,
synthetic,75,5,s14,s14,normal,synthetic_generator,
synthetic,76,1,s01,s01,normal,synthetic_generator,
synthetic,76,2,s13,s13,normal,synthetic_generator,
synthetic,76,3,s21,s21,normal,synthetic_generator,
synthetic,76,4,s02,s02,normal,synthetic_generator,
synthetic,76,5,s15,s15,normal,synthetic_generator,
synthetic,77,1,s03,s03,normal,synthetic_generator,
synthetic,77,2,s14,s14,normal,synthetic_generator,
synthetic,77,3,s22,s22,normal,synthetic_generator,
synthetic,77,4,s40,s40,normal,synthetic_generator,
synthetic,77,5,s03,s03,normal,synthetic_generator,
synthetic,77,6,s15,s15,normal,synthetic_generator,
synthetic,77,7,s23,s23,normal,synthetic_generator,
synthetic,77,8,s03,s03,normal,synthetic_generator,
synthetic,77,9,s13,s13,normal,synthetic_generator,
synthetic,78,1,s03,s03,normal,synthetic_generator,
synthetic,78,2,s13,s13,normal,synthetic_generator,
synthetic,78,3,s23,s23,normal,synthetic_generator,
synthetic,78,4,s02,s02,normal,synthetic_generator,
synthetic,78,5,s11,s11,normal,synthetic_generator,
synthetic,79,1,s02,s02,normal,synthetic_generator,
synthetic,79,2,s14,s14,normal,synthetic_generator,
synthetic,79,3,s23,s23,normal,synthetic_generator,
synthetic,79,4,s40,s40,normal,synthetic_generator,
synthetic,79,5,s02,s02,normal,synthetic_generator,
synthetic,79,6,s13,s13,normal,synthetic_generator,
synthetic,79,7,s20,s20,normal,synthetic_generator,
synthetic,79,8,s03,s03,normal,synthetic_generator,
synthetic,79,9,s12,s12,normal,synthetic_generator,
synthetic,80,1,s02,s02,normal,synthetic_generator,
synthetic,80,2,s12,s12,normal,synthetic_generator,
synthetic,80,3,s22,s22,normal,synthetic_generator,
synthetic,80,4,s03,s03,normal,synthetic_generator,
synthetic,80,5,s10,s10,normal,synthetic_generator,
synthetic,81,1,s01,s01,normal,synthetic_generator,
synthetic,81,2,s11,s11,normal,synthetic_generator,
synthetic,81,3,s23,s23,normal,synthetic_generator,
synthetic,81,4,s03,s03,normal,synthetic_generator,
synthetic,81,5,s11,s11,normal,synthetic_generator,
synthetic,82,1,s01,s01,normal,synthetic_generator,
synthetic,82,2,s10,s10,normal,synthetic_generator,
synthetic,82,3,s23,s23,normal,synthetic_generator,
synthetic,82,4,s40,s40,normal,synthetic_generator,
synthetic,82,5,s02,s02,normal,synthetic_generator,
synthetic,82,6,s14,s14,normal,synthetic_generator,
synthetic,82,7,s23,s23,normal,synthetic_generator,
synthetic,82,8,s02,s02,normal,synthetic_generator,
synthetic,82,9,s10,s10,normal,synthetic_generator,
synthetic,83,1,s02,s02,normal,synthetic_generator,
synthetic,83,2,s13,s13,normal,synthetic_generator,
synthetic,83,3,s20,s20,normal,synthetic_generator,
synthetic,83,4,s03,s03,normal,synthetic_generator,
synthetic,83,5,s13,s13,normal,synthetic_generator,
synthetic,84,1,s01,s01,normal,synthetic_generator,
synthetic,84,2,s12,s12,normal,synthetic_generator,
synthetic,84,3,s22,s22,normal,synthetic_generator,
synthetic,84,4,s31,s31,normal,synthetic_generator,
synthetic,84,5,s02,s02,normal,synthetic_generator,
synthetic,84,6,s14,s14,normal,synthetic_generator,
synthetic,85,1,s03,s03,normal,synthetic_generator,
synthetic,85,2,s14,s14,normal,synthetic_generator,
synthetic,85,3,s21,s21,normal,synthetic_generator,
synthetic,85,4,s40,s40,normal,synthetic_generator,
synthetic,85,5,s01,s01,normal,synthetic_generator,
synthetic,85,6,s12,s12,normal,synthetic_generator,
synthetic,85,7,s23,s23,normal,synthetic_generator,
synthetic,85,8,s02,s02,normal,synthetic_generator,
synthetic,85,9,s10,s10,normal,synthetic_generator,
synthetic,86,1,s02,s02,normal,synthetic_generator,
synthetic,86,2,s15,s15,normal,synthetic_generator,
synthetic,86,3,s23,s23,normal,synthetic_generator,
synthetic,86,4,s30,s30,normal,synthetic_generator,
synthetic,86,5,s02,s02,normal,synthetic_generator,
synthetic,86,6,s11,s11,normal,synthetic_generator,
synthetic,87,1,s03,s03,normal,synthetic_generator,
synthetic,87,2,s10,s10,normal,synthetic_generator,
synthetic,87,3,s23,s23,normal,synthetic_generator,
synthetic,87,4,s40,s40,normal,synthetic_generator,
synthetic,87,5,s01,s01,normal,synthetic_generator,
synthetic,87,6,s15,s15,normal,synthetic_generator,
synthetic,87,7,s23,s23,normal,synthetic_generator,
synthetic,87,8,s01,s01,normal,synthetic_generator,
synthetic,87,9,s13,s13,normal,synthetic_generator,
synthetic,88,1,s01,s01,normal,synthetic_generator,
synthetic,88,2,s12,s12,normal,synthetic_generator,
synthetic,88,3,s23,s23,normal,synthetic_generator,
synthetic,88,4,s02,s02,normal,synthetic_generator,
synthetic,88,5,s11,s11,normal,synthetic_generator,
synthetic,89,1,s02,s02,normal,synthetic_generator,
synthetic,89,2,s12,s12,normal,synthetic_generator,
synthetic,89,3,s23,s23,normal,synthetic_generator,
synthetic,89,4,s31,s31,normal,synthetic_generator,
synthetic,89,5,s02,s02,normal,synthetic_generator,
synthetic,89,6,s12,s12,normal,synthetic_generator,
synthetic,90,1,s02,s02,normal,synthetic_generator,
synthetic,90,2,s10,s10,normal,synthetic_generator,
synthetic,90,3,s20,s20,normal,synthetic_generator,
synthetic,90,4,s02,s02,normal,synthetic_generator,
synthetic,90,5,s11,s11,normal,synthetic_generator,
synthetic,91,1,s01,s01,normal,synthetic_generator,
synthetic,91,2,s15,s15,normal,synthetic_generator,
synthetic,91,3,s20,s20,normal,synthetic_generator,
synthetic,91,4,s40,s40,normal,synthetic_generator,
synthetic,91,5,s01,s01,normal,synthetic_generator,
synthetic,91,6,s11,s11,normal,synthetic_generator,
synthetic,91,7,s20,s20,normal,synthetic_generator,
synthetic,91,8,s03,s03,normal,synthetic_generator,
synthetic,91,9,s11,s11,normal,synthetic_generator,
synthetic,92,1,s01,s01,normal,synthetic_generator,
synthetic,92,2,s13,s13,normal,synthetic_generator,
synthetic,92,3,s20,s20,normal,synthetic_generator,
synthetic,92,4,s03,s03,normal,synthetic_generator,
synthetic,92,5,s11,s11,normal,synthetic_generator,
synthetic,93,1,s03,s03,normal,synthetic_generator,
synthetic,93,2,s12,s12,normal,synthetic_generator,
synthetic,93,3,s22,s22,normal,synthetic_generator,
synthetic,93,4,s30,s30,normal,synthetic_generator,
synthetic,93,5,s03,s03,normal,synthetic_generator,
synthetic,93,6,s14,s14,normal,synthetic_generator,
synthetic,94,1,s03,s03,normal,synthetic_generator,
synthetic,94,2,s10,s10,normal,synthetic_generator,
synthetic,94,3,s21,s21,normal,synthetic_generator,
synthetic,94,4,s40,s40,normal,synthetic_generator,
synthetic,94,5,s01,s01,normal,synthetic_generator,
synthetic,94,6,s14,s14,normal,synthetic_generator,
synthetic,94,7,s20,s20,normal,synthetic_generator,
synthetic,94,8,s02,s02,normal,synthetic_generator,
synthetic,94,9,s14,s14,normal,synthetic_generator,
synthetic,95,1,s02,s02,normal,synthetic_generator,
synthetic,95,2,s13,s13,normal,synthetic_generator,
synthetic,95,3,s21,s21,normal,synthetic_generator,
synthetic,95,4,s40,s40,normal,synthetic_generator,
synthetic,95,5,s03,s03,normal,synthetic_generator,
synthetic,95,6,s15,s15,normal,synthetic_generator,
synthetic,95,7,s21,s21,normal,synthetic_generator,
synthetic,95,8,s01,s01,normal,synthetic_generator,
synthetic,95,9,s15,s15,normal,synthetic_generator,
synthetic,96,1,s03,s03,normal,synthetic_generator,
synthetic,96,2,s14,s14,normal,synthetic_generator,
synthetic,96,3,s20,s20,normal,synthetic_generator,
synthetic,96,4,s30,s30,normal,synthetic_generator,
synthetic,96,5,s02,s02,normal,synthetic_generator,
synthetic,96,6,s14,s14,normal,synthetic_generator,
synthetic,97,1,s03,s03,normal,synthetic_generator,
synthetic,97,2,s12,s12,normal,synthetic_generator,
synthetic,97,3,s20,s20,normal,synthetic_generator,
synthetic,97,4,s31,s31,normal,synthetic_generator,
synthetic,97,5,s01,s01,normal,synthetic_generator,
synthetic,97,6,s13,s13,normal,synthetic_generator,
synthetic,98,1,s01,s01,normal,synthetic_generator,
synthetic,98,2,s13,s13,normal,synthetic_generator,
synthetic,98,3,s22,s22,normal,synthetic_generator,
synthetic,98,4,s31,s31,normal,synthetic_generator,
synthetic,98,5,s03,s03,normal,synthetic_generator,
synthetic,98,6,s11,s11,normal,synthetic_generator,
synthetic,99,1,s01,s01,normal,synthetic_generator,
synthetic,99,2,s15,s15,normal,synthetic_generator,
synthetic,99,3,s22,s22,normal,synthetic_generator,
synthetic,99,4,s31,s31,normal,synthetic_generator,
synthetic,99,5,s02,s02,normal,synthetic_generator,
synthetic,99,6,s13,s13,normal,synthetic_generator,
synthetic,100,1,s03,s03,normal,synthetic_generator,
synthetic,100,2,s12,s12,normal,synthetic_generator,
synthetic,100,3,s22,s22,normal,synthetic_generator,
synthetic,100,4,s40,s40,normal,synthetic_generator,
synthetic,100,5,s01,s01,normal,synthetic_generator,
synthetic,100,6,s12,s12,normal,synthetic_generator,
synthetic,100,7,s23,s23,normal,synthetic_generator,
synthetic,100,8,s01,s01,normal,synthetic_generator,
synthetic,100,9,s13,s13,normal,synthetic_generator,
synthetic,101,1,s03,s03,normal,synthetic_generator,
synthetic,101,2,s15,s15,normal,synthetic_generator,
synthetic,101,3,s23,s23,normal,synthetic_generator,
synthetic,101,4,s40,s40,normal,synthetic_generator,
synthetic,101,5,s01,s01,normal,synthetic_generator,
synthetic,101,6,s13,s13,normal,synthetic_generator,
synthetic,101,7,s22,s22,normal,synthetic_generator,
synthetic,101,8,s01,s01,normal,synthetic_generator,
synthetic,101,9,s13,s13,normal,synthetic_generator,
synthetic,102,1,s02,s02,normal,synthetic_generator,
synthetic,102,2,s12,s12,normal,synthetic_generator,
synthetic,102,3,s22,s22,normal,synthetic_generator,
synthetic,102,4,s02,s02,normal,synthetic_generator,
synthetic,102,5,s14,s14,normal,synthetic_generator,
synthetic,103,1,s02,s02,normal,synthetic_generator,
synthetic,103,2,s14,s14,normal,synthetic_generator,
synthetic,103,3,s20,s20,normal,synthetic_generator,
synthetic,103,4,s40,s40,normal,synthetic_generator,
synthetic,103,5,s01,s01,normal,synthetic_generator,
synthetic,103,6,s11,s11,normal,synthetic_generator,
synthetic,103,7,s23,s23,normal,synthetic_generator,
synthetic,103,8,s02,s02,normal,synthetic_generator,
synthetic,103,9,s14,s14,normal,synthetic_generator,
synthetic,104,1,s03,s03,normal,synthetic_generator,
synthetic,104,2,s13,s13,normal,synthetic_generator,
synthetic,104,3,s23,s23,normal,synthetic_generator,
synthetic,104,4,s02,s02,normal,synthetic_generator,
synthetic,104,5,s10,s10,normal,synthetic_generator,
synthetic,105,1,s02,s02,normal,synthetic_generator,
synthetic,105,2,s11,s11,normal,synthetic_generator,
synthetic,105,3,s23,s23,normal,synthetic_generator,
synthetic,105,4,s03,s03,normal,synthetic_generator,
synthetic,105,5,s11,s11,normal,synthetic_generator,
synthetic,106,1,s03,s03,normal,synthetic_generator,
synthetic,106,2,s14,s14,normal,synthetic_generator,
synthetic,106,3,s22,s22,normal,synthetic_generator,
synthetic,106,4,s31,s31,normal,synthetic_generator,
synthetic,106,5,s03,s03,normal,synthetic_generator,
synthetic,106,6,s14,s14,normal,synthetic_generator,
synthetic,107,1,s02,s02,normal,synthetic_generator,
synthetic,107,2,s15,s15,normal,synthetic_generator,
synthetic,107,3,s22,s22,normal,synthetic_generator,
synthetic,107,4,s31,s31,normal,synthetic_generator,
synthetic,107,5,s03,s03,normal,synthetic_generator,
synthetic,107,6,s13,s13,normal,synthetic_generator,
synthetic,108,1,s02,s02,normal,synthetic_generator,
synthetic,108,2,s12,s12,normal,synthetic_generator,
synthetic,108,3,s21,s21,normal,synthetic_generator,
synthetic,108,4,s30,s30,normal,synthetic_generator,
synthetic,108,5,s03,s03,normal,synthetic_generator,
synthetic,108,6,s11,s11,normal,synthetic_generator,
synthetic,109,1,s01,s01,normal,synthetic_generator,
synthetic,109,2,s15,s15,normal,synthetic_generator,
synthetic,109,3,s21,s21,normal,synthetic_generator,
synthetic,109,4,s30,s30,normal,synthetic_generator,
synthetic,109,5,s01,s01,normal,synthetic_generator,
synthetic,109,6,s15,s15,normal,synthetic_generator,
synthetic,110,1,s02,s02,normal,synthetic_generator,
synthetic,110,2,s15,s15,normal,synthetic_generator,
synthetic,110,3,s22,s22,normal,synthetic_generator,
synthetic,110,4,s30,s30,normal,synthetic_generator,
synthetic,110,5,s01,s01,normal,synthetic_generator,
synthetic,110,6,s12,s12,normal,synthetic_generator,
synthetic,111,1,s02,s02,normal,synthetic_generator,
synthetic,111,2,s11,s11,normal,synthetic_generator,
synthetic,111,3,s22,s22,normal,synthetic_generator,
synthetic,111,4,s01,s01,normal,synthetic_generator,
synthetic,111,5,s15,s15,normal,synthetic_generator,
synthetic,112,1,s01,s01,normal,synthetic_generator,
synthetic,112,2,s12,s12,normal,synthetic_generator,
synthetic,112,3,s20,s20,normal,synthetic_generator,
synthetic,112,4,s40,s40,normal,synthetic_generator,
synthetic,112,5,s03,s03,normal,synthetic_generator,
synthetic,112,6,s12,s12,normal,synthetic_generator,
synthetic,112,7,s21,s21,normal,synthetic_generator,
synthetic,112,8,s03,s03,normal,synthetic_generator,
synthetic,112,9,s13,s13,normal,synthetic_generator,
synthetic,113,1,s01,s01,normal,synthetic_generator,
synthetic,113,2,s14,s14,normal,synthetic_generator,
synthetic,113,3,s22,s22,normal,synthetic_generator,
synthetic,113,4,s02,s02,normal,synthetic_generator,
synthetic,113,5,s13,s13,normal,synthetic_generator,
synthetic,114,1,s02,s02,normal,synthetic_generator,
synthetic,114,2,s11,s11,normal,synthetic_generator,
synthetic,114,3,s20,s20,normal,synthetic_generator,
synthetic,114,4,s31,s31,normal,synthetic_generator,
synthetic,114,5,s02,s02,normal,synthetic_generator,
synthetic,114,6,s10,s10,normal,synthetic_generator,
synthetic,115,1,s02,s02,normal,synthetic_generator,
synthetic,115,2,s13,s13,normal,synthetic_generator,
synthetic,115,3,s20,s20,normal,synthetic_generator,
synthetic,115,4,s03,s03,normal,synthetic_generator,
synthetic,115,5,s15,s15,normal,synthetic_generator,
synthetic,116,1,s01,s01,normal,synthetic_generator,
synthetic,116,2,s11,s11,normal,synthetic_generator,
synthetic,116,3,s21,s21,normal,synthetic_generator,
synthetic,116,4,s40,s40,normal,synthetic_generator,
synthetic,116,5,s01,s01,normal,synthetic_generator,
synthetic,116,6,s11,s11,normal,synthetic_generator,
synthetic,116,7,s20,s20,normal,synthetic_generator,
synthetic,116,8,s03,s03,normal,synthetic_generator,
synthetic,116,9,s13,s13,normal,synthetic_generator,
synthetic,117,1,s03,s03,normal,synthetic_generator,
synthetic,117,2,s14,s14,normal,synthetic_generator,
synthetic,117,3,s21,s21,normal,synthetic_generator,
synthetic,117,4,s40,s40,normal,synthetic_generator,
synthetic,117,5,s02,s02,normal,synthetic_generator,
synthetic,117,6,s13,s13,normal,synthetic_generator,
synthetic,117,7,s22,s22,normal,synthetic_generator,
synthetic,117,8,s03,s03,normal,synthetic_generator,
synthetic,117,9,s13,s13,normal,synthetic_generator,
synthetic,118,1,s03,s03,normal,synthetic_generator,
synthetic,118,2,s14,s14,normal,synthetic_generator,
synthetic,118,3,s20,s20,normal,synthetic_generator,
synthetic,118,4,s30,s30,normal,synthetic_generator,
synthetic,118,5,s01,s01,normal,synthetic_generator,
synthetic,118,6,s15,s15,normal,synthetic_generator,
synthetic,119,1,s02,s02,normal,synthetic_generator,
synthetic,119,2,s15,s15,normal,synthetic_generator,
synthetic,119,3,s20,s20,normal,synthetic_generator,
synthetic,119,4,s01,s01,normal,synthetic_generator,
synthetic,119,5,s11,s11,normal,synthetic_generator,
synthetic,120,1,s03,s03,normal,synthetic_generator,
synthetic,120,2,s10,s10,normal,synthetic_generator,
synthetic,120,3,s21,s21,normal,synthetic_generator,
synthetic,120,4,s01,s01,normal,synthetic_generator,
synthetic,120,5,s13,s13,normal,synthetic_generator,
synthetic,121,1,s03,s03,normal,synthetic_generator,
synthetic,121,2,s14,s14,normal,synthetic_generator,
synthetic,121,3,s23,s23,normal,synthetic_generator,
synthetic,121,4,s31,s31,normal,synthetic_generator,
synthetic,121,5,s01,s01,normal,synthetic_generator,
synthetic,121,6,s11,s11,normal,synthetic_generator,
synthetic,122,1,s03,s03,normal,synthetic_generator,
synthetic,122,2,s12,s12,normal,synthetic_generator,
synthetic,122,3,s23,s23,normal,synthetic_generator,
synthetic,122,4,s30,s30,normal,synthetic_generator,
synthetic,122,5,s03,s03,normal,synthetic_generator,
synthetic,122,6,s11,s11,normal,synthetic_generator,
synthetic,123,1,s03,s03,normal,synthetic_generator,
synthetic,123,2,s14,s14,normal,synthetic_generator,
synthetic,123,3,s21,s21,normal,synthetic_generator,
synthetic,123,4,s31,s31,normal,synthetic_generator,
synthetic,123,5,s01,s01,normal,synthetic_generator,
synthetic,123,6,s14,s14,normal,synthetic_generator,
synthetic,124,1,s03,s03,normal,synthetic_generator,
synthetic,124,2,s11,s11,normal,synthetic_generator,
synthetic,124,3,s22,s22,normal,synthetic_generator,
synthetic,124,4,s01,s01,normal,synthetic_generator,
synthetic,124,5,s10,s10,normal,synthetic_generator,
synthetic,125,1,s01,s01,normal,synthetic_generator,
synthetic,125,2,s12,s12,normal,synthetic_generator,
synthetic,125,3,s22,s22,normal,synthetic_generator,
synthetic,125,4,s02,s02,normal,synthetic_generator,
synthetic,125,5,s10,s10,normal,synthetic_generator,
synthetic,126,1,s03,s03,normal,synthetic_generator,
synthetic,126,2,s12,s12,normal,synthetic_generator,
synthetic,126,3,s23,s23,normal,synthetic_generator,
synthetic,126,4,s31,s31,normal,synthetic_generator,
synthetic,126,5,s03,s03,normal,synthetic_generator,
synthetic,126,6,s14,s14,normal,synthetic_generator,
synthetic,127,1,s02,s02,normal,synthetic_generator,
synthetic,127,2,s10,s10,normal,synthetic_generator,
synthetic,127,3,s20,s20,normal,synthetic_generator,
synthetic,127,4,s31,s31,normal,synthetic_generator,
synthetic,127,5,s03,s03,normal,synthetic_generator,
synthetic,127,6,s12,s12,normal,synthetic_generator,
synthetic,128,1,s02,s02,normal,synthetic_generator,
synthetic,128,2,s10,s10,normal,synthetic_generator,
synthetic,128,3,s20,s20,normal,synthetic_generator,
synthetic,128,4,s40,s40,normal,synthetic_generator,
synthetic,128,5,s03,s03,normal,synthetic_generator,
synthetic,128,6,s14,s14,normal,synthetic_generator,
synthetic,128,7,s20,s20,normal,synthetic_generator,
synthetic,128,8,s03,s03,normal,synthetic_generator,
synthetic,128,9,s12,s12,normal,synthetic_generator,
synthetic,129,1,s01,s01,normal,synthetic_generator,
synthetic,129,2,s11,s11,normal,synthetic_generator,
synthetic,129,3,s23,s23,normal,synthetic_generator,
synthetic,129,4,s40,s40,normal,synthetic_generator,
synthetic,129,5,s02,s02,normal,synthetic_generator,
synthetic,129,6,s11,s11,normal,synthetic_generator,
synthetic,129,7,s23,s23,normal,synthetic_generator,
synthetic,129,8,s03,s03,normal,synthetic_generator,
synthetic,129,9,s13,s13,normal,synthetic_generator,
synthetic,130,1,s02,s02,normal,synthetic_generator,
synthetic,130,2,s12,s12,normal,synthetic_generator,
synthetic,130,3,s23,s23,normal,synthetic_generator,
synthetic,130,4,s02,s02,normal,synthetic_generator,
synthetic,130,5,s12,s12,normal,synthetic_generator,
synthetic,131,1,s01,s01,normal,synthetic_generator,
synthetic,131,2,s11,s11,normal,synthetic_generator,
synthetic,131,3,s22,s22,normal,synthetic_generator,
synthetic,131,4,s40,s40,normal,synthetic_generator,
synthetic,131,5,s03,s03,normal,synthetic_generator,
synthetic,131,6,s13,s13,normal,synthetic_generator,
synthetic,131,7,s22,s22,normal,synthetic_generator,
synthetic,131,8,s03,s03,normal,synthetic_generator,
synthetic,131,9,s13,s13,normal,synthetic_generator,
synthetic,132,1,s01,s01,normal,synthetic_generator,
synthetic,132,2,s13,s13,normal,synthetic_generator,
synthetic,132,3,s20,s20,normal,synthetic_generator,
synthetic,132,4,s40,s40,normal,synthetic_generator,
synthetic,132,5,s02,s02,normal,synthetic_generator,
synthetic,132,6,s12,s12,normal,synthetic_generator,
synthetic,132,7,s20,s20,normal,synthetic_generator,
synthetic,132,8,s02,s02,normal,synthetic_generator,
synthetic,132,9,s14,s14,normal,synthetic_generator,
synthetic,133,1,s03,s03,normal,synthetic_generator,
synthetic,133,2,s14,s14,normal,synthetic_generator,
synthetic,133,3,s23,s23,normal,synthetic_generator,
synthetic,133,4,s02,s02,normal,synthetic_generator,
synthetic,133,5,s10,s10,normal,synthetic_generator,
synthetic,134,1,s03,s03,normal,synthetic_generator,
synthetic,134,2,s12,s12,normal,synthetic_generator,
synthetic,134,3,s23,s23,normal,synthetic_generator,
synthetic,134,4,s03,s03,normal,synthetic_generator,
synthetic,134,5,s13,s13,normal,synthetic_generator,
synthetic,135,1,s01,s01,normal,synthetic_generator,
synthetic,135,2,s12,s12,normal,synthetic_generator,
synthetic,135,3,s21,s21,normal,synthetic_generator,
synthetic,135,4,s02,s02,normal,synthetic_generator,
synthetic,135,5,s13,s13,normal,synthetic_generator,
synthetic,136,1,s02,s02,normal,synthetic_generator,
synthetic,136,2,s10,s10,normal,synthetic_generator,
synthetic,136,3,s20,s20,normal,synthetic_generator,
synthetic,136,4,s40,s40,normal,synthetic_generator,
synthetic,136,5,s03,s03,normal,synthetic_generator,
synthetic,136,6,s11,s11,normal,synthetic_generator,
synthetic,136,7,s22,s22,normal,synthetic_generator,
synthetic,136,8,s03,s03,normal,synthetic_generator,
synthetic,136,9,s10,s10,normal,synthetic_generator,
synthetic,137,1,s02,s02,normal,synthetic_generator,
synthetic,137,2,s10,s10,normal,synthetic_generator,
synthetic,137,3,s21,s21,normal,synthetic_generator,
synthetic,137,4,s40,s40,normal,synthetic_generator,
synthetic,137,5,s02,s02,normal,synthetic_generator,
synthetic,137,6,s10,s10,normal,synthetic_generator,
synthetic,137,7,s21,s21,normal,synthetic_generator,
synthetic,137,8,s02,s02,normal,synthetic_generator,
synthetic,137,9,s15,s15,normal,synthetic_generator,
synthetic,138,1,s03,s03,normal,synthetic_generator,
synthetic,138,2,s15,s15,normal,synthetic_generator,
synthetic,138,3,s22,s22,normal,synthetic_generator,
synthetic,138,4,s31,s31,normal,synthetic_generator,
synthetic,138,5,s02,s02,normal,synthetic_generator,
synthetic,138,6,s13,s13,normal,synthetic_generator,
synthetic,139,1,s02,s02,normal,synthetic_generator,
synthetic,139,2,s14,s14,normal,synthetic_generator,
synthetic,139,3,s21,s21,normal,synthetic_generator,
synthetic,139,4,s02,s02,normal,synthetic_generator,
synthetic,139,5,s11,s11,normal,synthetic_generator,
synthetic,140,1,s03,s03,normal,synthetic_generator,
synthetic,140,2,s15,s15,normal,synthetic_generator,
synthetic,140,3,s21,s21,normal,synthetic_generator,
synthetic,140,4,s40,s40,normal,synthetic_generator,
synthetic,140,5,s02,s02,normal,synthetic_generator,
synthetic,140,6,s13,s13,normal,synthetic_generator,
synthetic,140,7,s22,s22,normal,synthetic_generator,
synthetic,140,8,s03,s03,normal,synthetic_generator,
synthetic,140,9,s12,s12,normal,synthetic_generator,
synthetic,141,1,s02,s02,normal,synthetic_generator,
synthetic,141,2,s15,s15,normal,synthetic_generator,
synthetic,141,3,s22,s22,normal,synthetic_generator,
synthetic,141,4,s03,s03,normal,synthetic_generator,
synthetic,141,5,s14,s14,normal,synthetic_generator,
synthetic,142,1,s02,s02,normal,synthetic_generator,
synthetic,142,2,s11,s11,normal,synthetic_generator,
synthetic,142,3,s23,s23,normal,synthetic_generator,
synthetic,142,4,s40,s40,normal,synthetic_generator,
synthetic,142,5,s02,s02,normal,synthetic_generator,
synthetic,142,6,s12,s12,normal,synthetic_generator,
synthetic,142,7,s23,s23,normal,synthetic_generator,
synthetic,142,8,s02,s02,normal,synthetic_generator,
synthetic,142,9,s12,s12,normal,synthetic_generator,
synthetic,143,1,s03,s03,normal,synthetic_generator,
synthetic,143,2,s11,s11,normal,synthetic_generator,
synthetic,143,3,s23,s23,normal,synthetic_generator,
synthetic,143,4,s01,s01,normal,synthetic_generator,
synthetic,143,5,s13,s13,normal,synthetic_generator,
synthetic,144,1,s02,s02,normal,synthetic_generator,
synthetic,144,2,s15,s15,normal,synthetic_generator,
synthetic,144,3,s23,s23,normal,synthetic_generator,
synthetic,144,4,s03,s03,normal,synthetic_generator,
synthetic,144,5,s13,s13,normal,synthetic_generator,
synthetic,145,1,s03,s03,normal,synthetic_generator,
synthetic,145,2,s15,s15,normal,synthetic_generator,
synthetic,145,3,s21,s21,normal,synthetic_generator,
synthetic,145,4,s31,s31,normal,synthetic_generator,
synthetic,145,5,s01,s01,normal,synthetic_generator,
synthetic,145,6,s11,s11,normal,synthetic_generator,
synthetic,146,1,s03,s03,normal,synthetic_generator,
synthetic,146,2,s12,s12,normal,synthetic_generator,
synthetic,146,3,s20,s20,normal,synthetic_generator,
synthetic,146,4,s40,s40,normal,synthetic_generator,
synthetic,146,5,s01,s01,normal,synthetic_generator,
synthetic,146,6,s14,s14,normal,synthetic_generator,
synthetic,146,7,s23,s23,normal,synthetic_generator,
synthetic,146,8,s01,s01,normal,synthetic_generator,
synthetic,146,9,s15,s15,normal,synthetic_generator,
synthetic,147,1,s02,s02,normal,synthetic_generator,
synthetic,147,2,s15,s15,normal,synthetic_generator,
synthetic,147,3,s21,s21,normal,synthetic_generator,
synthetic,147,4,s01,s01,normal,synthetic_generator,
synthetic,147,5,s13,s13,normal,synthetic_generator,
synthetic,148,1,s02,s02,normal,synthetic_generator,
synthetic,148,2,s14,s14,normal,synthetic_generator,
synthetic,148,3,s23,s23,normal,synthetic_generator,
synthetic,148,4,s30,s30,normal,synthetic_generator,
synthetic,148,5,s02,s02,normal,synthetic_generator,
synthetic,148,6,s15,s15,normal,synthetic_generator,
synthetic,149,1,s02,s02,normal,synthetic_generator,
synthetic,149,2,s12,s12,normal,synthetic_generator,
synthetic,149,3,s23,s23,normal,synthetic_generator,
synthetic,149,4,s40,s40,normal,synthetic_generator,
synthetic,149,5,s03,s03,normal,synthetic_generator,
synthetic,149,6,s10,s10,normal,synthetic_generator,
synthetic,149,7,s21,s21,normal,synthetic_generator,
synthetic,149,8,s03,s03,normal,synthetic_generator,
synthetic,149,9,s15,s15,normal,synthetic_generator,
synthetic,150,1,s01,s01,normal,synthetic_generator,
synthetic,150,2,s15,s15,normal,synthetic_generator,
synthetic,150,3,s20,s20,normal,synthetic_generator,
synthetic,150,4,s31,s31,normal,synthetic_generator,
synthetic,150,5,s01,s01,normal,synthetic_generator,
synthetic,150,6,s15,s15,normal,synthetic_generator,
synthetic,151,1,s01,s01,normal,synthetic_generator,
synthetic,151,2,s13,s13,normal,synthetic_generator,
synthetic,151,3,s21,s21,normal,synthetic_generator,
synthetic,151,4,s40,s40,normal,synthetic_generator,
synthetic,151,5,s01,s01,normal,synthetic_generator,
synthetic,151,6,s10,s10,normal,synthetic_generator,
synthetic,151,7,s22,s22,normal,synthetic_generator,
synthetic,151,8,s01,s01,normal,synthetic_generator,
synthetic,151,9,s12,s12,normal,synthetic_generator,
synthetic,152,1,s02,s02,normal,synthetic_generator,
synthetic,152,2,s13,s13,normal,synthetic_generator,
synthetic,152,3,s21,s21,normal,synthetic_generator,
synthetic,152,4,s30,s30,normal,synthetic_generator,
synthetic,152,5,s03,s03,normal,synthetic_generator,
synthetic,152,6,s13,s13,normal,synthetic_generator,
synthetic,153,1,s03,s03,normal,synthetic_generator,
synthetic,153,2,s11,s11,normal,synthetic_generator,
synthetic,153,3,s21,s21,normal,synthetic_generator,
synthetic,153,4,s40,s40,normal,synthetic_generator,
synthetic,153,5,s01,s01,normal,synthetic_generator,
synthetic,153,6,s14,s14,normal,synthetic_generator,
synthetic,153,7,s23,s23,normal,synthetic_generator,
synthetic,153,8,s03,s03,normal,synthetic_generator,
synthetic,153,9,s15,s15,normal,synthetic_generator,
synthetic,154,1,s02,s02,normal,synthetic_generator,
synthetic,154,2,s14,s14,normal,synthetic_generator,
synthetic,154,3,s21,s21,normal,synthetic_generator,
synthetic,154,4,s01,s01,normal,synthetic_generator,
synthetic,154,5,s13,s13,normal,synthetic_generator,
synthetic,155,1,s02,s02,normal,synthetic_generator,
synthetic,155,2,s13,s13,normal,synthetic_generator,
synthetic,155,3,s22,s22,normal,synthetic_generator,
synthetic,155,4,s40,s40,normal,synthetic_generator,
synthetic,155,5,s02,s02,normal,synthetic_generator,
synthetic,155,6,s12,s12,normal,synthetic_generator,
synthetic,155,7,s21,s21,normal,synthetic_generator,
synthetic,155,8,s01,s01,normal,synthetic_generator,
synthetic,155,9,s13,s13,normal,synthetic_generator,
synthetic,156,1,s03,s03,normal,synthetic_generator,
synthetic,156,2,s12,s12,normal,synthetic_generator,
synthetic,156,3,s23,s23,normal,synthetic_generator,
synthetic,156,4,s31,s31,normal,synthetic_generator,
synthetic,156,5,s02,s02,normal,synthetic_generator,
synthetic,156,6,s12,s12,normal,synthetic_generator,
synthetic,157,1,s02,s02,normal,synthetic_generator,
synthetic,157,2,s13,s13,normal,synthetic_generator,
synthetic,157,3,s20,s20,normal,synthetic_generator,
synthetic,157,4,s01,s01,normal,synthetic_generator,
synthetic,157,5,s13,s13,normal,synthetic_generator,
synthetic,158,1,s02,s02,normal,synthetic_generator,
synthetic,158,2,s14,s14,normal,synthetic_generator,
synthetic,158,3,s22,s22,normal,synthetic_generator,
synthetic,158,4,s40,s40,normal,synthetic_generator,
synthetic,158,5,s01,s01,normal,synthetic_generator,
synthetic,158,6,s15,s15,normal,synthetic_generator,
synthetic,158,7,s23,s23,normal,synthetic_generator,
synthetic,158,8,s02,s02,normal,synthetic_generator,
synthetic,158,9,s10,s10,normal,synthetic_generator,
synthetic,159,1,s03,s03,normal,synthetic_generator,
synthetic,159,2,s15,s15,normal,synthetic_generator,
synthetic,159,3,s20,s20,normal,synthetic_generator,
synthetic,159,4,s40,s40,normal,synthetic_generator,
synthetic,159,5,s02,s02,normal,synthetic_generator,
synthetic,159,6,s11,s11,normal,synthetic_generator,
synthetic,159,7,s22,s22,normal,synthetic_generator,
synthetic,159,8,s01,s01,normal,synthetic_generator,
synthetic,159,9,s15,s15,normal,synthetic_generator,
synthetic,160,1,s03,s03,normal,synthetic_generator,
synthetic,160,2,s12,s12,normal,synthetic_generator,
synthetic,160,3,s21,s21,normal,synthetic_generator,
synthetic,160,4,s03,s03,normal,synthetic_generator,
synthetic,160,5,s10,s10,normal,synthetic_generator,
synthetic,161,1,s03,s03,normal,synthetic_generator,
synthetic,161,2,s10,s10,normal,synthetic_generator,
synthetic,161,3,s22,s22,normal,synthetic_generator,
synthetic,161,4,s40,s40,normal,synthetic_generator,
synthetic,161,5,s01,s01,normal,synthetic_generator,
synthetic,161,6,s14,s14,normal,synthetic_generator,
synthetic,161,7,s22,s22,normal,synthetic_generator,
synthetic,161,8,s03,s03,normal,synthetic_generator,
synthetic,161,9,s11,s11,normal,synthetic_generator,
synthetic,162,1,s02,s02,normal,synthetic_generator,
synthetic,162,2,s12,s12,normal,synthetic_generator,
synthetic,162,3,s23,s23,normal,synthetic_generator,
synthetic,162,4,s01,s01,normal,synthetic_generator,
synthetic,162,5,s11,s11,normal,synthetic_generator,
synthetic,163,1,s03,s03,normal,synthetic_generator,
synthetic,163,2,s12,s12,normal,synthetic_generator,
synthetic,163,3,s22,s22,normal,synthetic_generator,
synthetic,163,4,s01,s01,normal,synthetic_generator,
synthetic,163,5,s12,s12,normal,synthetic_generator,
synthetic,164,1,s02,s02,normal,synthetic_generator,
synthetic,164,2,s15,s15,normal,synthetic_generator,
synthetic,164,3,s22,s22,normal,synthetic_generator,
synthetic,164,4,s30,s30,normal,synthetic_generator,
synthetic,164,5,s02,s02,normal,synthetic_generator,
synthetic,164,6,s10,s10,normal,synthetic_generator,
synthetic,165,1,s01,s01,normal,synthetic_generator,
synthetic,165,2,s15,s15,normal,synthetic_generator,
synthetic,165,3,s23,s23,normal,synthetic_generator,
synthetic,165,4,s03,s03,normal,synthetic_generator,
synthetic,165,5,s12,s12,normal,synthetic_generator,
synthetic,166,1,s02,s02,normal,synthetic_generator,
synthetic,166,2,s10,s10,normal,synthetic_generator,
synthetic,166,3,s22,s22,normal,synthetic_generator,
synthetic,166,4,s03,s03,normal,synthetic_generator,
synthetic,166,5,s10,s10,normal,synthetic_generator,
synthetic,167,1,s02,s02,normal,synthetic_generator,
synthetic,167,2,s15,s15,normal,synthetic_generator,
synthetic,167,3,s22,s22,normal,synthetic_generator,
synthetic,167,4,s31,s31,normal,synthetic_generator,
synthetic,167,5,s03,s03,normal,synthetic_generator,
synthetic,167,6,s12,s12,normal,synthetic_generator,
synthetic,168,1,s03,s03,normal,synthetic_generator,
synthetic,168,2,s11,s11,normal,synthetic_generator,
synthetic,168,3,s23,s23,normal,synthetic_generator,
synthetic,168,4,s01,s01,normal,synthetic_generator,
synthetic,168,5,s14,s14,normal,synthetic_generator,
synthetic,169,1,s02,s02,normal,synthetic_generator,
synthetic,169,2,s14,s14,normal,synthetic_generator,
synthetic,169,3,s21,s21,normal,synthetic_generator,
synthetic,169,4,s40,s40,normal,synthetic_generator,
synthetic,169,5,s03,s03,normal,synthetic_generator,
synthetic,169,6,s13,s13,normal,synthetic_generator,
synthetic,169,7,s22,s22,normal,synthetic_generator,
synthetic,169,8,s03,s03,normal,synthetic_generator,
synthetic,169,9,s13,s13,normal,synthetic_generator,
synthetic,170,1,s01,s01,normal,synthetic_generator,
synthetic,170,2,s10,s10,normal,synthetic_generator,
synthetic,170,3,s20,s20,normal,synthetic_generator,
synthetic,170,4,s02,s02,normal,synthetic_generator,
synthetic,170,5,s13,s13,normal,synthetic_generator,
synthetic,171,1,s01,s01,normal,synthetic_generator,
synthetic,171,2,s11,s11,normal,synthetic_generator,
synthetic,171,3,s21,s21,normal,synthetic_generator,
synthetic,171,4,s02,s02,normal,synthetic_generator,
synthetic,171,5,s13,s13,normal,synthetic_generator,
synthetic,172,1,s03,s03,normal,synthetic_generator,
synthetic,172,2,s15,s15,normal,synthetic_generator,
synthetic,172,3,s23,s23,normal,synthetic_generator,
synthetic,172,4,s30,s30,normal,synthetic_generator,
synthetic,172,5,s02,s02,normal,synthetic_generator,
synthetic,172,6,s15,s15,normal,synthetic_generator,
synthetic,173,1,s02,s02,normal,synthetic_generator,
synthetic,173,2,s14,s14,normal,synthetic_generator,
synthetic,173,3,s23,s23,normal,synthetic_generator,
synthetic,173,4,s02,s02,normal,synthetic_generator,
synthetic,173,5,s10,s10,normal,synthetic_generator,
synthetic,174,1,s02,s02,normal,synthetic_generator,
synthetic,174,2,s11,s11,normal,synthetic_generator,
synthetic,174,3,s23,s23,normal,synthetic_generator,
synthetic,174,4,s40,s40,normal,synthetic_generator,
synthetic,174,5,s01,s01,normal,synthetic_generator,
synthetic,174,6,s12,s12,normal,synthetic_generator,
synthetic,174,7,s20,s20,normal,synthetic_generator,
synthetic,174,8,s03,s03,normal,synthetic_generator,
synthetic,174,9,s12,s12,normal,synthetic_generator,
synthetic,175,1,s03,s03,normal,synthetic_generator,
synthetic,175,2,s12,s12,normal,synthetic_generator,
synthetic,175,3,s20,s20,normal,synthetic_generator,
synthetic,175,4,s40,s40,normal,synthetic_generator,
synthetic,175,5,s02,s02,normal,synthetic_generator,
synthetic,175,6,s11,s11,normal,synthetic_generator,
synthetic,175,7,s20,s20,normal,synthetic_generator,
synthetic,175,8,s02,s02,normal,synthetic_generator,
synthetic,175,9,s10,s10,normal,synthetic_generator,
synthetic,176,1,s01,s01,normal,synthetic_generator,
synthetic,176,2,s15,s15,normal,synthetic_generator,
synthetic,176,3,s20,s20,normal,synthetic_generator,
synthetic,176,4,s40,s40,normal,synthetic_generator,
synthetic,176,5,s02,s02,normal,synthetic_generator,
synthetic,176,6,s11,s11,normal,synthetic_generator,
synthetic,176,7,s21,s21,normal,synthetic_generator,
synthetic,176,8,s03,s03,normal,synthetic_generator,
synthetic,176,9,s11,s11,normal,synthetic_generator,
synthetic,177,1,s03,s03,normal,synthetic_generator,
synthetic,177,2,s11,s11,normal,synthetic_generator,
synthetic,177,3,s21,s21,normal,synthetic_generator,
synthetic,177,4,s01,s01,normal,synthetic_generator,
synthetic,177,5,s12,s12,normal,synthetic_generator,
synthetic,178,1,s03,s03,normal,synthetic_generator,
synthetic,178,2,s10,s10,normal,synthetic_generator,
synthetic,178,3,s22,s22,normal,synthetic_generator,
synthetic,178,4,s01,s01,normal,synthetic_generator,
synthetic,178,5,s11,s11,normal,synthetic_generator,
synthetic,179,1,s02,s02,normal,synthetic_generator,
synthetic,179,2,s11,s11,normal,synthetic_generator,
synthetic,179,3,s20,s20,normal,synthetic_generator,
synthetic,179,4,s40,s40,normal,synthetic_generator,
synthetic,179,5,s01,s01,normal,synthetic_generator,
synthetic,179,6,s10,s10,normal,synthetic_generator,
synthetic,179,7,s22,s22,normal,synthetic_generator,
synthetic,179,8,s01,s01,normal,synthetic_generator,
synthetic,179,9,s14,s14,normal,synthetic_generator,
synthetic,180,1,s01,s01,normal,synthetic_generator,
synthetic,180,2,s11,s11,normal,synthetic_generator,
synthetic,180,3,s22,s22,normal,synthetic_generator,
synthetic,180,4,s30,s30,normal,synthetic_generator,
synthetic,180,5,s01,s01,normal,synthetic_generator,
synthetic,180,6,s15,s15,normal,synthetic_generator,
synthetic,181,1,s03,s03,normal,synthetic_generator,
synthetic,181,2,s10,s10,normal,synthetic_generator,
synthetic,181,3,s20,s20,normal,synthetic_generator,
synthetic,181,4,s31,s31,normal,synthetic_generator,
synthetic,181,5,s02,s02,normal,synthetic_generator,
synthetic,181,6,s12,s12,normal,synthetic_generator,
synthetic,182,1,s03,s03,normal,synthetic_generator,
synthetic,182,2,s10,s10,normal,synthetic_generator,
synthetic,182,3,s23,s23,normal,synthetic_generator,
synthetic,182,4,s40,s40,normal,synthetic_generator,
synthetic,182,5,s03,s03,normal,synthetic_generator,
synthetic,182,6,s10,s10,normal,synthetic_generator,
synthetic,182,7,s22,s22,normal,synthetic_generator,
synthetic,182,8,s02,s02,normal,synthetic_generator,
synthetic,182,9,s15,s15,normal,synthetic_generator,
synthetic,183,1,s01,s01,normal,synthetic_generator,
synthetic,183,2,s13,s13,normal,synthetic_generator,
synthetic,183,3,s23,s23,normal,synthetic_generator,
synthetic,183,4,s02,s02,normal,synthetic_generator,
synthetic,183,5,s15,s15,normal,synthetic_generator,
synthetic,184,1,s02,s02,normal,synthetic_generator,
synthetic,184,2,s15,s15,normal,synthetic_generator,
synthetic,184,3,s23,s23,normal,synthetic_generator,
synthetic,184,4,s01,s01,normal,synthetic_generator,
synthetic,184,5,s10,s10,normal,synthetic_generator,
synthetic,185,1,s03,s03,normal,synthetic_generator,
synthetic,185,2,s11,s11,normal,synthetic_generator,
synthetic,185,3,s20,s20,normal,synthetic_generator,
synthetic,185,4,s30,s30,normal,synthetic_generator,
synthetic,185,5,s02,s02,normal,synthetic_generator,
synthetic,185,6,s14,s14,normal,synthetic_generator,
synthetic,186,1,s03,s03,normal,synthetic_generator,
synthetic,186,2,s14,s14,normal,synthetic_generator,
synthetic,186,3,s22,s22,normal,synthetic_generator,
synthetic,186,4,s40,s40,normal,synthetic_generator,
synthetic,186,5,s03,s03,normal,synthetic_generator,
synthetic,186,6,s14,s14,normal,synthetic_generator,
synthetic,186,7,s22,s22,normal,synthetic_generator,
synthetic,186,8,s02,s02,normal,synthetic_generator,
synthetic,186,9,s14,s14,normal,synthetic_generator,
synthetic,187,1,s02,s02,normal,synthetic_generator,
synthetic,187,2,s10,s10,normal,synthetic_generator,
synthetic,187,3,s20,s20,normal,synthetic_generator,
synthetic,187,4,s40,s40,normal,synthetic_generator,
synthetic,187,5,s02,s02,normal,synthetic_generator,
synthetic,187,6,s13,s13,normal,synthetic_generator,
synthetic,187,7,s21,s21,normal,synthetic_generator,
synthetic,187,8,s02,s02,normal,synthetic_generator,
synthetic,187,9,s12,s12,normal,synthetic_generator,
synthetic,188,1,s02,s02,normal,synthetic_generator,
synthetic,188,2,s13,s13,normal,synthetic_generator,
synthetic,188,3,s20,s20,normal,synthetic_generator,
synthetic,188,4,s31,s31,normal,synthetic_generator,
synthetic,188,5,s02,s02,normal,synthetic_generator,
synthetic,188,6,s12,s12,normal,synthetic_generator,
synthetic,189,1,s02,s02,normal,synthetic_generator,
synthetic,189,2,s12,s12,normal,synthetic_generator,
synthetic,189,3,s21,s21,normal,synthetic_generator,
synthetic,189,4,s40,s40,normal,synthetic_generator,
synthetic,189,5,s01,s01,normal,synthetic_generator,
synthetic,189,6,s10,s10,normal,synthetic_generator,
synthetic,189,7,s20,s20,normal,synthetic_generator,
synthetic,189,8,s01,s01,normal,synthetic_generator,
synthetic,189,9,s13,s13,normal,synthetic_generator,
synthetic,190,1,s03,s03,normal,synthetic_generator,
synthetic,190,2,s15,s15,normal,synthetic_generator,
synthetic,190,3,s22,s22,normal,synthetic_generator,
synthetic,190,4,s01,s01,normal,synthetic_generator,
synthetic,190,5,s14,s14,normal,synthetic_generator,
synthetic,191,1,s03,s03,normal,synthetic_generator,
synthetic,191,2,s14,s14,normal,synthetic_generator,
synthetic,191,3,s22,s22,normal,synthetic_generator,
synthetic,191,4,s03,s03,normal,synthetic_generator,
synthetic,191,5,s10,s10,normal,synthetic_generator,
synthetic,192,1,s02,s02,normal,synthetic_generator,
synthetic,192,2,s15,s15,normal,synthetic_generator,
synthetic,192,3,s23,s23,normal,synthetic_generator,
synthetic,192,4,s30,s30,normal,synthetic_generator,
synthetic,192,5,s02,s02,normal,synthetic_generator,
synthetic,192,6,s14,s14,normal,synthetic_generator,
synthetic,193,1,s02,s02,normal,synthetic_generator,
synthetic,193,2,s10,s10,normal,synthetic_generator,
synthetic,193,3,s21,s21,normal,synthetic_generator,
synthetic,193,4,s30,s30,normal,synthetic_generator,
synthetic,193,5,s03,s03,normal,synthetic_generator,
synthetic,193,6,s13,s13,normal,synthetic_generator,
synthetic,194,1,s01,s01,normal,synthetic_generator,
synthetic,194,2,s12,s12,normal,synthetic_generator,
synthetic,194,3,s22,s22,normal,synthetic_generator,
synthetic,194,4,s01,s01,normal,synthetic_generator,
synthetic,194,5,s12,s12,normal,synthetic_generator,
synthetic,195,1,s01,s01,normal,synthetic_generator,
synthetic,195,2,s13,s13,normal,synthetic_generator,
synthetic,195,3,s20,s20,normal,synthetic_generator,
synthetic,195,4,s40,s40,normal,synthetic_generator,
synthetic,195,5,s01,s01,normal,synthetic_generator,
synthetic,195,6,s11,s11,normal,synthetic_generator,
synthetic,195,7,s22,s22,normal,synthetic_generator,
synthetic,195,8,s03,s03,normal,synthetic_generator,
synthetic,195,9,s12,s12,normal,synthetic_generator,
synthetic,196,1,s02,s02,normal,synthetic_generator,
synthetic,196,2,s10,s10,normal,synthetic_generator,
synthetic,196,3,s21,s21,normal,synthetic_generator,
synthetic,196,4,s30,s30,normal,synthetic_generator,
synthetic,196,5,s03,s03,normal,synthetic_generator,
synthetic,196,6,s15,s15,normal,synthetic_generator,
synthetic,197,1,s01,s01,normal,synthetic_generator,
synthetic,197,2,s11,s11,normal,synthetic_generator,
synthetic,197,3,s20,s20,normal,synthetic_generator,
synthetic,197,4,s30,s30,normal,synthetic_generator,
synthetic,197,5,s03,s03,normal,synthetic_generator,
synthetic,197,6,s14,s14,normal,synthetic_generator,
synthetic,198,1,s02,s02,normal,synthetic_generator,
synthetic,198,2,s13,s13,normal,synthetic_generator,
synthetic,198,3,s23,s23,normal,synthetic_generator,
synthetic,198,4,s02,s02,normal,synthetic_generator,
synthetic,198,5,s11,s11,normal,synthetic_generator,
synthetic,199,1,s02,s02,normal,synthetic_generator,
synthetic,199,2,s15,s15,normal,synthetic_generator,
synthetic,199,3,s22,s22,normal,synthetic_generator,
synthetic,199,4,s30,s30,normal,synthetic_generator,
synthetic,199,5,s01,s01,normal,synthetic_generator,
synthetic,199,6,s11,s11,normal,synthetic_generator,
synthetic,200,1,s03,s03,normal,synthetic_generator,
synthetic,200,2,s10,s10,normal,synthetic_generator,
synthetic,200,3,s20,s20,normal,synthetic_generator,
synthetic,200,4,s02,s02,normal,synthetic_generator,
synthetic,200,5,s13,s13,normal,synthetic_generator,
synthetic,201,1,s02,s02,normal,synthetic_generator,
synthetic,201,2,s13,s13,normal,synthetic_generator,
synthetic,201,3,s23,s23,normal,synthetic_generator,
synthetic,201,4,s40,s40,normal,synthetic_generator,
synthetic,201,5,s02,s02,normal,synthetic_generator,
synthetic,201,6,s11,s11,normal,synthetic_generator,
synthetic,201,7,s20,s20,normal,synthetic_generator,
synthetic,201,8,s02,s02,normal,synthetic_generator,
synthetic,201,9,s13,s13,normal,synthetic_generator,
synthetic,202,1,s02,s02,normal,synthetic_generator,
synthetic,202,2,s15,s15,normal,synthetic_generator,
synthetic,202,3,s23,s23,normal,synthetic_generator,
synthetic,202,4,s03,s03,normal,synthetic_generator,
synthetic,202,5,s15,s15,normal,synthetic_generator,
synthetic,203,1,s01,s01,normal,synthetic_generator,
synthetic,203,2,s11,s11,normal,synthetic_generator,
synthetic,203,3,s23,s23,normal,synthetic_generator,
synthetic,203,4,s30,s30,normal,synthetic_generator,
synthetic,203,5,s01,s01,normal,synthetic_generator,
synthetic,203,6,s11,s11,normal,synthetic_generator,
synthetic,204,1,s01,s01,normal,synthetic_generator,
synthetic,204,2,s11,s11,normal,synthetic_generator,
synthetic,204,3,s22,s22,normal,synthetic_generator,
synthetic,204,4,s31,s31,normal,synthetic_generator,
synthetic,204,5,s02,s02,normal,synthetic_generator,
synthetic,204,6,s10,s10,normal,synthetic_generator,
synthetic,205,1,s02,s02,normal,synthetic_generator,
synthetic,205,2,s15,s15,normal,synthetic_generator,
synthetic,205,3,s23,s23,normal,synthetic_generator,
synthetic,205,4,s01,s01,normal,synthetic_generator,
synthetic,205,5,s11,s11,normal,synthetic_generator,
synthetic,206,1,s03,s03,normal,synthetic_generator,
synthetic,206,2,s15,s15,normal,synthetic_generator,
synthetic,206,3,s21,s21,normal,synthetic_generator,
synthetic,206,4,s31,s31,normal,synthetic_generator,
synthetic,206,5,s01,s01,normal,synthetic_generator,
synthetic,206,6,s13,s13,normal,synthetic_generator,
synthetic,207,1,s01,s01,normal,synthetic_generator,
synthetic,207,2,s13,s13,normal,synthetic_generator,
synthetic,207,3,s20,s20,normal,synthetic_generator,
synthetic,207,4,s40,s40,normal,synthetic_generator,
synthetic,207,5,s01,s01,normal,synthetic_generator,
synthetic,207,6,s12,s12,normal,synthetic_generator,
synthetic,207,7,s23,s23,normal,synthetic_generator,
synthetic,207,8,s03,s03,normal,synthetic_generator,
synthetic,207,9,s13,s13,normal,synthetic_generator,
synthetic,208,1,s03,s03,normal,synthetic_generator,
synthetic,208,2,s13,s13,normal,synthetic_generator,
synthetic,208,3,s22,s22,normal,synthetic_generator,
synthetic,208,4,s40,s40,normal,synthetic_generator,
synthetic,208,5,s02,s02,normal,synthetic_generator,
synthetic,208,6,s10,s10,normal,synthetic_generator,
synthetic,208,7,s22,s22,normal,synthetic_generator,
synthetic,208,8,s01,s01,normal,synthetic_generator,
synthetic,208,9,s14,s14,normal,synthetic_generator,
synthetic,209,1,s03,s03,normal,synthetic_generator,
synthetic,209,2,s12,s12,normal,synthetic_generator,
synthetic,209,3,s20,s20,normal,synthetic_generator,
synthetic,209,4,s31,s31,normal,synthetic_generator,
synthetic,209,5,s01,s01,normal,synthetic_generator,
synthetic,209,6,s11,s11,normal,synthetic_generator,
synthetic,210,1,s03,s03,normal,synthetic_generator,
synthetic,210,2,s13,s13,normal,synthetic_generator,
synthetic,210,3,s20,s20,normal,synthetic_generator,
synthetic,210,4,s31,s31,normal,synthetic_generator,
synthetic,210,5,s02,s02,normal,synthetic_generator,
synthetic,210,6,s15,s15,normal,synthetic_generator,
synthetic,211,1,s01,s01,normal,synthetic_generator,
synthetic,211,2,s12,s12,normal,synthetic_generator,
synthetic,211,3,s21,s21,normal,synthetic_generator,
synthetic,211,4,s30,s30,normal,synthetic_generator,
synthetic,211,5,s03,s03,normal,synthetic_generator,
synthetic,211,6,s15,s15,normal,synthetic_generator,
synthetic,212,1,s03,s03,normal,synthetic_generator,
synthetic,212,2,s14,s14,normal,synthetic_generator,
synthetic,212,3,s21,s21,normal,synthetic_generator,
synthetic,212,4,s02,s02,normal,synthetic_generator,
synthetic,212,5,s12,s12,normal,synthetic_generator,
synthetic,213,1,s03,s03,normal,synthetic_generator,
synthetic,213,2,s11,s11,normal,synthetic_generator,
synthetic,213,3,s21,s21,normal,synthetic_generator,
synthetic,213,4,s40,s40,normal,synthetic_generator,
synthetic,213,5,s01,s01,normal,synthetic_generator,
synthetic,213,6,s12,s12,normal,synthetic_generator,
synthetic,213,7,s21,s21,normal,synthetic_generator,
synthetic,213,8,s01,s01,normal,synthetic_generator,
synthetic,213,9,s14,s14,normal,synthetic_generator,
synthetic,214,1,s03,s03,normal,synthetic_generator,
synthetic,214,2,s10,s10,normal,synthetic_generator,
synthetic,214,3,s21,s21,normal,synthetic_generator,
synthetic,214,4,s03,s03,normal,synthetic_generator,
synthetic,214,5,s13,s13,normal,synthetic_generator,
synthetic,215,1,s03,s03,normal,synthetic_generator,
synthetic,215,2,s14,s14,normal,synthetic_generator,
synthetic,215,3,s23,s23,normal,synthetic_generator,
synthetic,215,4,s31,s31,normal,synthetic_generator,
synthetic,215,5,s03,s03,normal,synthetic_generator,
synthetic,215,6,s12,s12,normal,synthetic_generator,
synthetic,216,1,s02,s02,normal,synthetic_generator,
synthetic,216,2,s10,s10,normal,synthetic_generator,
synthetic,216,3,s23,s23,normal,synthetic_generator,
synthetic,216,4,s02,s02,normal,synthetic_generator,
synthetic,216,5,s15,s15,normal,synthetic_generator,
synthetic,217,1,s02,s02,normal,synthetic_generator,
synthetic,217,2,s14,s14,normal,synthetic_generator,
synthetic,217,3,s20,s20,normal,synthetic_generator,
synthetic,217,4,s31,s31,normal,synthetic_generator,
synthetic,217,5,s03,s03,normal,synthetic_generator,
synthetic,217,6,s10,s10,normal,synthetic_generator,
synthetic,218,1,s02,s02,normal,synthetic_generator,
synthetic,218,2,s13,s13,normal,synthetic_generator,
synthetic,218,3,s20,s20,normal,synthetic_generator,
synthetic,218,4,s30,s30,normal,synthetic_generator,
synthetic,218,5,s02,s02,normal,synthetic_generator,
synthetic,218,6,s12,s12,normal,synthetic_generator,
synthetic,219,1,s03,s03,normal,synthetic_generator,
synthetic,219,2,s10,s10,normal,synthetic_generator,
synthetic,219,3,s23,s23,normal,synthetic_generator,
synthetic,219,4,s02,s02,normal,synthetic_generator,
synthetic,219,5,s14,s14,normal,synthetic_generator,
synthetic,220,1,s03,s03,normal,synthetic_generator,
synthetic,220,2,s10,s10,normal,synthetic_generator,
synthetic,220,3,s23,s23,normal,synthetic_generator,
synthetic,220,4,s40,s40,normal,synthetic_generator,
synthetic,220,5,s02,s02,normal,synthetic_generator,
synthetic,220,6,s14,s14,normal,synthetic_generator,
synthetic,220,7,s23,s23,normal,synthetic_generator,
synthetic,220,8,s03,s03,normal,synthetic_generator,
synthetic,220,9,s11,s11,normal,synthetic_generator,
synthetic,221,1,s02,s02,normal,synthetic_generator,
synthetic,221,2,s10,s10,normal,synthetic_generator,
synthetic,221,3,s22,s22,normal,synthetic_generator,
synthetic,221,4,s03,s03,normal,synthetic_generator,
synthetic,221,5,s10,s10,normal,synthetic_generator,
synthetic,222,1,s03,s03,normal,synthetic_generator,
synthetic,222,2,s11,s11,normal,synthetic_generator,
synthetic,222,3,s20,s20,normal,synthetic_generator,
synthetic,222,4,s40,s40,normal,synthetic_generator,
synthetic,222,5,s03,s03,normal,synthetic_generator,
synthetic,222,6,s13,s13,normal,synthetic_generator,
synthetic,222,7,s23,s23,normal,synthetic_generator,
synthetic,222,8,s03,s03,normal,synthetic_generator,
synthetic,222,9,s14,s14,normal,synthetic_generator,
synthetic,223,1,s01,s01,normal,synthetic_generator,
synthetic,223,2,s12,s12,normal,synthetic_generator,
synthetic,223,3,s22,s22,normal,synthetic_generator,
synthetic,223,4,s40,s40,normal,synthetic_generator,
synthetic,223,5,s02,s02,normal,synthetic_generator,
synthetic,223,6,s13,s13,normal,synthetic_generator,
synthetic,223,7,s22,s22,normal,synthetic_generator,
synthetic,223,8,s03,s03,normal,synthetic_generator,
synthetic,223,9,s14,s14,normal,synthetic_generator,
synthetic,224,1,s03,s03,normal,synthetic_generator,
synthetic,224,2,s15,s15,normal,synthetic_generator,
synthetic,224,3,s22,s22,normal,synthetic_generator,
synthetic,224,4,s01,s01,normal,synthetic_generator,
synthetic,224,5,s12,s12,normal,synthetic_generator,
synthetic,225,1,s03,s03,normal,synthetic_generator,
synthetic,225,2,s15,s15,normal,synthetic_generator,
synthetic,225,3,s23,s23,normal,synthetic_generator,
synthetic,225,4,s02,s02,normal,synthetic_generator,
synthetic,225,5,s12,s12,normal,synthetic_generator,
synthetic,226,1,s03,s03,normal,synthetic_generator,
synthetic,226,2,s14,s14,normal,synthetic_generator,
synthetic,226,3,s21,s21,normal,synthetic_generator,
synthetic,226,4,s40,s40,normal,synthetic_generator,
synthetic,226,5,s01,s01,normal,synthetic_generator,
synthetic,226,6,s14,s14,normal,synthetic_generator,
synthetic,226,7,s21,s21,normal,synthetic_generator,
synthetic,226,8,s02,s02,normal,synthetic_generator,
synthetic,226,9,s12,s12,normal,synthetic_generator,
synthetic,227,1,s03,s03,normal,synthetic_generator,
synthetic,227,2,s15,s15,normal,synthetic_generator,
synthetic,227,3,s23,s23,normal,synthetic_generator,
synthetic,227,4,s40,s40,normal,synthetic_generator,
synthetic,227,5,s03,s03,normal,synthetic_generator,
synthetic,227,6,s15,s15,normal,synthetic_generator,
synthetic,227,7,s20,s20,normal,synthetic_generator,
synthetic,227,8,s02,s02,normal,synthetic_generator,
synthetic,227,9,s14,s14,normal,synthetic_generator,
synthetic,228,1,s03,s03,normal,synthetic_generator,
synthetic,228,2,s12,s12,normal,synthetic_generator,
synthetic,228,3,s21,s21,normal,synthetic_generator,
synthetic,228,4,s30,s30,normal,synthetic_generator,
synthetic,228,5,s03,s03,normal,synthetic_generator,
synthetic,228,6,s15,s15,normal,synthetic_generator,
synthetic,229,1,s03,s03,normal,synthetic_generator,
synthetic,229,2,s12,s12,normal,synthetic_generator,
synthetic,229,3,s20,s20,normal,synthetic_generator,
synthetic,229,4,s31,s31,normal,synthetic_generator,
synthetic,229,5,s02,s02,normal,synthetic_generator,
synthetic,229,6,s11,s11,normal,synthetic_generator,
synthetic,230,1,s02,s02,normal,synthetic_generator,
synthetic,230,2,s13,s13,normal,synthetic_generator,
synthetic,230,3,s21,s21,normal,synthetic_generator,
synthetic,230,4,s01,s01,normal,synthetic_generator,
synthetic,230,5,s11,s11,normal,synthetic_generator,
synthetic,231,1,s01,s01,normal,synthetic_generator,
synthetic,231,2,s12,s12,normal,synthetic_generator,
synthetic,231,3,s20,s20,normal,synthetic_generator,
synthetic,231,4,s03,s03,normal,synthetic_generator,
synthetic,231,5,s14,s14,normal,synthetic_generator,
synthetic,232,1,s03,s03,normal,synthetic_generator,
synthetic,232,2,s10,s10,normal,synthetic_generator,
synthetic,232,3,s22,s22,normal,synthetic_generator,
synthetic,232,4,s40,s40,normal,synthetic_generator,
synthetic,232,5,s03,s03,normal,synthetic_generator,
synthetic,232,6,s13,s13,normal,synthetic_generator,
synthetic,232,7,s21,s21,normal,synthetic_generator,
synthetic,232,8,s01,s01,normal,synthetic_generator,
synthetic,232,9,s11,s11,normal,synthetic_generator,
synthetic,233,1,s03,s03,normal,synthetic_generator,
synthetic,233,2,s11,s11,normal,synthetic_generator,
synthetic,233,3,s23,s23,normal,synthetic_generator,
synthetic,233,4,s40,s40,normal,synthetic_generator,
synthetic,233,5,s02,s02,normal,synthetic_generator,
synthetic,233,6,s12,s12,normal,synthetic_generator,
synthetic,233,7,s21,s21,normal,synthetic_generator,
synthetic,233,8,s02,s02,normal,synthetic_generator,
synthetic,233,9,s14,s14,normal,synthetic_generator,
synthetic,234,1,s03,s03,normal,synthetic_generator,
synthetic,234,2,s13,s13,normal,synthetic_generator,
synthetic,234,3,s21,s21,normal,synthetic_generator,
synthetic,234,4,s30,s30,normal,synthetic_generator,
synthetic,234,5,s02,s02,normal,synthetic_generator,
synthetic,234,6,s13,s13,normal,synthetic_generator,
synthetic,235,1,s02,s02,normal,synthetic_generator,
synthetic,235,2,s15,s15,normal,synthetic_generator,
synthetic,235,3,s23,s23,normal,synthetic_generator,
synthetic,235,4,s02,s02,normal,synthetic_generator,
synthetic,235,5,s12,s12,normal,synthetic_generator,
synthetic,236,1,s03,s03,normal,synthetic_generator,
synthetic,236,2,s14,s14,normal,synthetic_generator,
synthetic,236,3,s23,s23,normal,synthetic_generator,
synthetic,236,4,s30,s30,normal,synthetic_generator,
synthetic,236,5,s01,s01,normal,synthetic_generator,
synthetic,236,6,s14,s14,normal,synthetic_generator,
synthetic,237,1,s02,s02,normal,synthetic_generator,
synthetic,237,2,s10,s10,normal,synthetic_generator,
synthetic,237,3,s23,s23,normal,synthetic_generator,
synthetic,237,4,s02,s02,normal,synthetic_generator,
synthetic,237,5,s14,s14,normal,synthetic_generator,
synthetic,238,1,s03,s03,normal,synthetic_generator,
synthetic,238,2,s14,s14,normal,synthetic_generator,
synthetic,238,3,s20,s20,normal,synthetic_generator,
synthetic,238,4,s02,s02,normal,synthetic_generator,
synthetic,238,5,s10,s10,normal,synthetic_generator,
synthetic,239,1,s02,s02,normal,synthetic_generator,
synthetic,239,2,s13,s13,normal,synthetic_generator,
synthetic,239,3,s21,s21,normal,synthetic_generator,
synthetic,239,4,s02,s02,normal,synthetic_generator,
synthetic,239,5,s10,s10,normal,synthetic_generator,
synthetic,240,1,s02,s02,normal,synthetic_generator,
synthetic,240,2,s12,s12,normal,synthetic_generator,
synthetic,240,3,s20,s20,normal,synthetic_generator,
synthetic,240,4,s02,s02,normal,synthetic_generator,
synthetic,240,5,s10,s10,normal,synthetic_generator,
synthetic,241,1,s03,s03,normal,synthetic_generator,
synthetic,241,2,s12,s12,normal,synthetic_generator,
synthetic,241,3,s21,s21,normal,synthetic_generator,
synthetic,241,4,s31,s31,normal,synthetic_generator,
synthetic,241,5,s01,s01,normal,synthetic_generator,
synthetic,241,6,s12,s12,normal,synthetic_generator,
synthetic,242,1,s01,s01,normal,synthetic_generator,
synthetic,242,2,s12,s12,normal,synthetic_generator,
synthetic,242,3,s20,s20,normal,synthetic_generator,
synthetic,242,4,s03,s03,normal,synthetic_generator,
synthetic,242,5,s15,s15,normal,synthetic_generator,
synthetic,243,1,s01,s01,normal,synthetic_generator,
synthetic,243,2,s11,s11,normal,synthetic_generator,
synthetic,243,3,s20,s20,normal,synthetic_generator,
synthetic,243,4,s31,s31,normal,synthetic_generator,
synthetic,243,5,s02,s02,normal,synthetic_generator,
synthetic,243,6,s15,s15,normal,synthetic_generator,
synthetic,244,1,s03,s03,normal,synthetic_generator,
synthetic,244,2,s13,s13,normal,synthetic_generator,
synthetic,244,3,s23,s23,normal,synthetic_generator,
synthetic,244,4,s03,s03,normal,synthetic_generator,
synthetic,244,5,s10,s10,normal,synthetic_generator,
synthetic,245,1,s01,s01,normal,synthetic_generator,
synthetic,245,2,s12,s12,normal,synthetic_generator,
synthetic,245,3,s21,s21,normal,synthetic_generator,
synthetic,245,4,s01,s01,normal,synthetic_generator,
synthetic,245,5,s14,s14,normal,synthetic_generator,
synthetic,246,1,s03,s03,normal,synthetic_generator,
synthetic,246,2,s14,s14,normal,synthetic_generator,
synthetic,246,3,s23,s23,normal,synthetic_generator,
synthetic,246,4,s40,s40,normal,synthetic_generator,
synthetic,246,5,s02,s02,normal,synthetic_generator,
synthetic,246,6,s11,s11,normal,synthetic_generator,
synthetic,246,7,s22,s22,normal,synthetic_generator,
synthetic,246,8,s01,s01,normal,synthetic_generator,
synthetic,246,9,s10,s10,normal,synthetic_generator,
synthetic,247,1,s02,s02,normal,synthetic_generator,
synthetic,247,2,s15,s15,normal,synthetic_generator,
synthetic,247,3,s23,s23,normal,synthetic_generator,
synthetic,247,4,s01,s01,normal,synthetic_generator,
synthetic,247,5,s10,s10,normal,synthetic_generator,
synthetic,248,1,s03,s03,normal,synthetic_generator,
synthetic,248,2,s14,s14,normal,synthetic_generator,
synthetic,248,3,s20,s20,normal,synthetic_generator,
synthetic,248,4,s30,s30,normal,synthetic_generator,
synthetic,248,5,s03,s03,normal,synthetic_generator,
synthetic,248,6,s11,s11,normal,synthetic_generator,
synthetic,249,1,s02,s02,normal,synthetic_generator,
synthetic,249,2,s10,s10,normal,synthetic_generator,
synthetic,249,3,s22,s22,normal,synthetic_generator,
synthetic,249,4,s30,s30,normal,synthetic_generator,
synthetic,249,5,s03,s03,normal,synthetic_generator,
synthetic,249,6,s13,s13,normal,synthetic_generator,
synthetic,250,1,s03,s03,normal,synthetic_generator,
synthetic,250,2,s15,s15,normal,synthetic_generator,
synthetic,250,3,s20,s20,normal,synthetic_generator,
synthetic,250,4,s03,s03,normal,synthetic_generator,
synthetic,250,5,s12,s12,normal,synthetic_generator,
synthetic,251,1,s03,s03,normal,synthetic_generator,
synthetic,251,2,s14,s14,normal,synthetic_generator,
synthetic,251,3,s20,s20,normal,synthetic_generator,
synthetic,251,4,s02,s02,normal,synthetic_generator,
synthetic,251,5,s13,s13,normal,synthetic_generator,
synthetic,252,1,s03,s03,normal,synthetic_generator,
synthetic,252,2,s13,s13,normal,synthetic_generator,
synthetic,252,3,s22,s22,normal,synthetic_generator,
synthetic,252,4,s02,s02,normal,synthetic_generator,
synthetic,252,5,s15,s15,normal,synthetic_generator,
synthetic,253,1,s02,s02,normal,synthetic_generator,
synthetic,253,2,s10,s10,normal,synthetic_generator,
synthetic,253,3,s22,s22,normal,synthetic_generator,
synthetic,253,4,s01,s01,normal,synthetic_generator,
synthetic,253,5,s15,s15,normal,synthetic_generator,
synthetic,254,1,s03,s03,normal,synthetic_generator,
synthetic,254,2,s10,s10,normal,synthetic_generator,
synthetic,254,3,s22,s22,normal,synthetic_generator,
synthetic,254,4,s40,s40,normal,synthetic_generator,
synthetic,254,5,s01,s01,normal,synthetic_generator,
synthetic,254,6,s12,s12,normal,synthetic_generator,
synthetic,254,7,s22,s22,normal,synthetic_generator,
synthetic,254,8,s03,s03,normal,synthetic_generator,
synthetic,254,9,s11,s11,normal,synthetic_generator,
synthetic,255,1,s02,s02,normal,synthetic_generator,
synthetic,255,2,s15,s15,normal,synthetic_generator,
synthetic,255,3,s23,s23,normal,synthetic_generator,
synthetic,255,4,s40,s40,normal,synthetic_generator,
synthetic,255,5,s01,s01,normal,synthetic_generator,
synthetic,255,6,s10,s10,normal,synthetic_generator,
synthetic,255,7,s23,s23,normal,synthetic_generator,
synthetic,255,8,s01,s01,normal,synthetic_generator,
synthetic,255,9,s12,s12,normal,synthetic_generator,
synthetic,256,1,s01,s01,normal,synthetic_generator,
synthetic,256,2,s11,s11,normal,synthetic_generator,
synthetic,256,3,s20,s20,normal,synthetic_generator,
synthetic,256,4,s02,s02,normal,synthetic_generator,
synthetic,256,5,s12,s12,normal,synthetic_generator,
synthetic,257,1,s02,s02,normal,synthetic_generator,
synthetic,257,2,s14,s14,normal,synthetic_generator,
synthetic,257,3,s23,s23,normal,synthetic_generator,
synthetic,257,4,s40,s40,normal,synthetic_generator,
synthetic,257,5,s01,s01,normal,synthetic_generator,
synthetic,257,6,s15,s15,normal,synthetic_generator,
synthetic,257,7,s21,s21,normal,synthetic_generator,
synthetic,257,8,s02,s02,normal,synthetic_generator,
synthetic,257,9,s12,s12,normal,synthetic_generator,
synthetic,258,1,s03,s03,normal,synthetic_generator,
synthetic,258,2,s12,s12,normal,synthetic_generator,
synthetic,258,3,s22,s22,normal,synthetic_generator,
synthetic,258,4,s01,s01,normal,synthetic_generator,
synthetic,258,5,s12,s12,normal,synthetic_generator,
synthetic,259,1,s02,s02,normal,synthetic_generator,
synthetic,259,2,s15,s15,normal,synthetic_generator,
synthetic,259,3,s23,s23,normal,synthetic_generator,
synthetic,259,4,s31,s31,normal,synthetic_generator,
synthetic,259,5,s02,s02,normal,synthetic_generator,
synthetic,259,6,s11,s11,normal,synthetic_generator,
synthetic,260,1,s03,s03,normal,synthetic_generator,
synthetic,260,2,s13,s13,normal,synthetic_generator,
synthetic,260,3,s22,s22,normal,synthetic_generator,
synthetic,260,4,s31,s31,normal,synthetic_generator,
synthetic,260,5,s01,s01,normal,synthetic_generator,
synthetic,260,6,s15,s15,normal,synthetic_generator,
synthetic,261,1,s01,s01,normal,synthetic_generator,
synthetic,261,2,s13,s13,normal,synthetic_generator,
synthetic,261,3,s21,s21,normal,synthetic_generator,
synthetic,261,4,s31,s31,normal,synthetic_generator,
synthetic,261,5,s02,s02,normal,synthetic_generator,
synthetic,261,6,s10,s10,normal,synthetic_generator,
synthetic,262,1,s02,s02,normal,synthetic_generator,
synthetic,262,2,s15,s15,normal,synthetic_generator,
synthetic,262,3,s22,s22,normal,synthetic_generator,
synthetic,262,4,s02,s02,normal,synthetic_generator,
synthetic,262,5,s13,s13,normal,synthetic_generator,
synthetic,263,1,s03,s03,normal,synthetic_generator,
synthetic,263,2,s13,s13,normal,synthetic_generator,
synthetic,263,3,s21,s21,normal,synthetic_generator,
synthetic,263,4,s40,s40,normal,synthetic_generator,
synthetic,263,5,s02,s02,normal,synthetic_generator,
synthetic,263,6,s13,s13,normal,synthetic_generator,
synthetic,263,7,s20,s20,normal,synthetic_generator,
synthetic,263,8,s03,s03,normal,synthetic_generator,
synthetic,263,9,s12,s12,normal,synthetic_generator,
synthetic,264,1,s02,s02,normal,synthetic_generator,
synthetic,264,2,s12,s12,normal,synthetic_generator,
synthetic,264,3,s20,s20,normal,synthetic_generator,
synthetic,264,4,s40,s40,normal,synthetic_generator,
synthetic,264,5,s03,s03,normal,synthetic_generator,
synthetic,264,6,s15,s15,normal,synthetic_generator,
synthetic,264,7,s23,s23,normal,synthetic_generator,
synthetic,264,8,s02,s02,normal,synthetic_generator,
synthetic,264,9,s14,s14,normal,synthetic_generator,
synthetic,265,1,s03,s03,normal,synthetic_generator,
synthetic,265,2,s11,s11,normal,synthetic_generator,
synthetic,265,3,s20,s20,normal,synthetic_generator,
synthetic,265,4,s40,s40,normal,synthetic_generator,
synthetic,265,5,s03,s03,normal,synthetic_generator,
synthetic,265,6,s15,s15,normal,synthetic_generator,
synthetic,265,7,s23,s23,normal,synthetic_generator,
synthetic,265,8,s01,s01,normal,synthetic_generator,
synthetic,265,9,s11,s11,normal,synthetic_generator,
synthetic,266,1,s01,s01,normal,synthetic_generator,
synthetic,266,2,s15,s15,normal,synthetic_generator,
synthetic,266,3,s22,s22,normal,synthetic_generator,
synthetic,266,4,s02,s02,normal,synthetic_generator,
synthetic,266,5,s13,s13,normal,synthetic_generator,
synthetic,267,1,s01,s01,normal,synthetic_generator,
synthetic,267,2,s14,s14,normal,synthetic_generator,
synthetic,267,3,s21,s21,normal,synthetic_generator,
synthetic,267,4,s40,s40,normal,synthetic_generator,
synthetic,267,5,s02,s02,normal,synthetic_generator,
synthetic,267,6,s12,s12,normal,synthetic_generator,
synthetic,267,7,s23,s23,normal,synthetic_generator,
synthetic,267,8,s01,s01,normal,synthetic_generator,
synthetic,267,9,s14,s14,normal,synthetic_generator,
synthetic,268,1,s03,s03,normal,synthetic_generator,
synthetic,268,2,s12,s12,normal,synthetic_generator,
synthetic,268,3,s23,s23,normal,synthetic_generator,
synthetic,268,4,s02,s02,normal,synthetic_generator,
synthetic,268,5,s15,s15,normal,synthetic_generator,
synthetic,269,1,s01,s01,normal,synthetic_generator,
synthetic,269,2,s10,s10,normal,synthetic_generator,
synthetic,269,3,s20,s20,normal,synthetic_generator,
synthetic,269,4,s30,s30,normal,synthetic_generator,
synthetic,269,5,s02,s02,normal,synthetic_generator,
synthetic,269,6,s14,s14,normal,synthetic_generator,
synthetic,270,1,s03,s03,normal,synthetic_generator,
synthetic,270,2,s10,s10,normal,synthetic_generator,
synthetic,270,3,s22,s22,normal,synthetic_generator,
synthetic,270,4,s31,s31,normal,synthetic_generator,
synthetic,270,5,s03,s03,normal,synthetic_generator,
synthetic,270,6,s13,s13,normal,synthetic_generator,
synthetic,271,1,s03,s03,normal,synthetic_generator,
synthetic,271,2,s12,s12,normal,synthetic_generator,
synthetic,271,3,s23,s23,normal,synthetic_generator,
synthetic,271,4,s01,s01,normal,synthetic_generator,
synthetic,271,5,s10,s10,normal,synthetic_generator,
synthetic,272,1,s01,s01,normal,synthetic_generator,
synthetic,272,2,s13,s13,normal,synthetic_generator,
synthetic,272,3,s21,s21,normal,synthetic_generator,
synthetic,272,4,s03,s03,normal,synthetic_generator,
synthetic,272,5,s13,s13,normal,synthetic_generator,
synthetic,273,1,s03,s03,normal,synthetic_generator,
synthetic,273,2,s12,s12,normal,synthetic_generator,
synthetic,273,3,s22,s22,normal,synthetic_generator,
synthetic,273,4,s03,s03,normal,synthetic_generator,
synthetic,273,5,s10,s10,normal,synthetic_generator,
synthetic,274,1,s03,s03,normal,synthetic_generator,
synthetic,274,2,s12,s12,normal,synthetic_generator,
synthetic,274,3,s22,s22,normal,synthetic_generator,
synthetic,274,4,s40,s40,normal,synthetic_generator,
synthetic,274,5,s03,s03,normal,synthetic_generator,
synthetic,274,6,s15,s15,normal,synthetic_generator,
synthetic,274,7,s21,s21,normal,synthetic_generator,
synthetic,274,8,s02,s02,normal,synthetic_generator,
synthetic,274,9,s14,s14,normal,synthetic_generator,
synthetic,275,1,s01,s01,normal,synthetic_generator,
synthetic,275,2,s11,s11,normal,synthetic_generator,
synthetic,275,3,s21,s21,normal,synthetic_generator,
synthetic,275,4,s01,s01,normal,synthetic_generator,
synthetic,275,5,s13,s13,normal,synthetic_generator,
synthetic,276,1,s02,s02,normal,synthetic_generator,
synthetic,276,2,s14,s14,normal,synthetic_generator,
synthetic,276,3,s22,s22,normal,synthetic_generator,
synthetic,276,4,s02,s02,normal,synthetic_generator,
synthetic,276,5,s14,s14,normal,synthetic_generator,
synthetic,277,1,s03,s03,normal,synthetic_generator,
synthetic,277,2,s10,s10,normal,synthetic_generator,
synthetic,277,3,s20,s20,normal,synthetic_generator,
synthetic,277,4,s02,s02,normal,synthetic_generator,
synthetic,277,5,s13,s13,normal,synthetic_generator,
synthetic,278,1,s03,s03,normal,synthetic_generator,
synthetic,278,2,s13,s13,normal,synthetic_generator,
synthetic,278,3,s23,s23,normal,synthetic_generator,
synthetic,278,4,s40,s40,normal,synthetic_generator,
synthetic,278,5,s03,s03,normal,synthetic_generator,
synthetic,278,6,s10,s10,normal,synthetic_generator,
synthetic,278,7,s21,s21,normal,synthetic_generator,
synthetic,278,8,s02,s02,normal,synthetic_generator,
synthetic,278,9,s15,s15,normal,synthetic_generator,
synthetic,279,1,s02,s02,normal,synthetic_generator,
synthetic,279,2,s13,s13,normal,synthetic_generator,
synthetic,279,3,s22,s22,normal,synthetic_generator,
synthetic,279,4,s01,s01,normal,synthetic_generator,
synthetic,279,5,s14,s14,normal,synthetic_generator,
synthetic,280,1,s03,s03,normal,synthetic_generator,
synthetic,280,2,s11,s11,normal,synthetic_generator,
synthetic,280,3,s21,s21,normal,synthetic_generator,
synthetic,280,4,s40,s40,normal,synthetic_generator,
synthetic,280,5,s03,s03,normal,synthetic_generator,
synthetic,280,6,s10,s10,normal,synthetic_generator,
synthetic,280,7,s20,s20,normal,synthetic_generator,
synthetic,280,8,s03,s03,normal,synthetic_generator,
synthetic,280,9,s11,s11,normal,synthetic_generator,
synthetic,281,1,s01,s01,normal,synthetic_generator,
synthetic,281,2,s11,s11,normal,synthetic_generator,
synthetic,281,3,s22,s22,normal,synthetic_generator,
synthetic,281,4,s30,s30,normal,synthetic_generator,
synthetic,281,5,s02,s02,normal,synthetic_generator,
synthetic,281,6,s14,s14,normal,synthetic_generator,
synthetic,282,1,s01,s01,normal,synthetic_generator,
synthetic,282,2,s12,s12,normal,synthetic_generator,
synthetic,282,3,s21,s21,normal,synthetic_generator,
synthetic,282,4,s31,s31,normal,synthetic_generator,
synthetic,282,5,s01,s01,normal,synthetic_generator,
synthetic,282,6,s15,s15,normal,synthetic_generator,
synthetic,283,1,s03,s03,normal,synthetic_generator,
synthetic,283,2,s14,s14,normal,synthetic_generator,
synthetic,283,3,s20,s20,normal,synthetic_generator,
synthetic,283,4,s30,s30,normal,synthetic_generator,
synthetic,283,5,s03,s03,normal,synthetic_generator,
synthetic,283,6,s14,s14,normal,synthetic_generator,
synthetic,284,1,s01,s01,normal,synthetic_generator,
synthetic,284,2,s15,s15,normal,synthetic_generator,
synthetic,284,3,s22,s22,normal,synthetic_generator,
synthetic,284,4,s03,s03,normal,synthetic_generator,
synthetic,284,5,s10,s10,normal,synthetic_generator,
synthetic,285,1,s01,s01,normal,synthetic_generator,
synthetic,285,2,s10,s10,normal,synthetic_generator,
synthetic,285,3,s22,s22,normal,synthetic_generator,
synthetic,285,4,s03,s03,normal,synthetic_generator,
synthetic,285,5,s11,s11,normal,synthetic_generator,
synthetic,286,1,s02,s02,normal,synthetic_generator,
synthetic,286,2,s14,s14,normal,synthetic_generator,
synthetic,286,3,s20,s20,normal,synthetic_generator,
synthetic,286,4,s40,s40,normal,synthetic_generator,
synthetic,286,5,s03,s03,normal,synthetic_generator,
synthetic,286,6,s14,s14,normal,synthetic_generator,
synthetic,286,7,s22,s22,normal,synthetic_generator,
synthetic,286,8,s03,s03,normal,synthetic_generator,
synthetic,286,9,s12,s12,normal,synthetic_generator,
synthetic,287,1,s01,s01,normal,synthetic_generator,
synthetic,287,2,s15,s15,normal,synthetic_generator,
synthetic,287,3,s23,s23,normal,synthetic_generator,
synthetic,287,4,s31,s31,normal,synthetic_generator,
synthetic,287,5,s02,s02,normal,synthetic_generator,
synthetic,287,6,s10,s10,normal,synthetic_generator,
synthetic,288,1,s01,s01,normal,synthetic_generator,
synthetic,288,2,s11,s11,normal,synthetic_generator,
synthetic,288,3,s23,s23,normal,synthetic_generator,
synthetic,288,4,s40,s40,normal,synthetic_generator,
synthetic,288,5,s02,s02,normal,synthetic_generator,
synthetic,288,6,s13,s13,normal,synthetic_generator,
synthetic,288,7,s21,s21,normal,synthetic_generator,
synthetic,288,8,s02,s02,normal,synthetic_generator,
synthetic,288,9,s14,s14,normal,synthetic_generator,
synthetic,289,1,s02,s02,normal,synthetic_generator,
synthetic,289,2,s15,s15,normal,synthetic_generator,
synthetic,289,3,s22,s22,normal,synthetic_generator,
synthetic,289,4,s03,s03,normal,synthetic_generator,
synthetic,289,5,s12,s12,normal,synthetic_generator,
synthetic,290,1,s01,s01,normal,synthetic_generator,
synthetic,290,2,s12,s12,normal,synthetic_generator,
synthetic,290,3,s20,s20,normal,synthetic_generator,
synthetic,290,4,s31,s31,normal,synthetic_generator,
synthetic,290,5,s01,s01,normal,synthetic_generator,
synthetic,290,6,s13,s13,normal,synthetic_generator,
synthetic,291,1,s02,s02,normal,synthetic_generator,
synthetic,291,2,s13,s13,normal,synthetic_generator,
synthetic,291,3,s21,s21,normal,synthetic_generator,
synthetic,291,4,s01,s01,normal,synthetic_generator,
synthetic,291,5,s10,s10,normal,synthetic_generator,
synthetic,292,1,s02,s02,normal,synthetic_generator,
synthetic,292,2,s13,s13,normal,synthetic_generator,
synthetic,292,3,s23,s23,normal,synthetic_generator,
synthetic,292,4,s01,s01,normal,synthetic_generator,
synthetic,292,5,s11,s11,normal,synthetic_generator,
synthetic,293,1,s03,s03,normal,synthetic_generator,
synthetic,293,2,s15,s15,normal,synthetic_generator,
synthetic,293,3,s22,s22,normal,synthetic_generator,
synthetic,293,4,s30,s30,normal,synthetic_generator,
synthetic,293,5,s01,s01,normal,synthetic_generator,
synthetic,293,6,s13,s13,normal,synthetic_generator,
synthetic,294,1,s02,s02,normal,synthetic_generator,
synthetic,294,2,s13,s13,normal,synthetic_generator,
synthetic,294,3,s22,s22,normal,synthetic_generator,
synthetic,294,4,s40,s40,normal,synthetic_generator,
synthetic,294,5,s01,s01,normal,synthetic_generator,
synthetic,294,6,s10,s10,normal,synthetic_generator,
synthetic,294,7,s23,s23,normal,synthetic_generator,
synthetic,294,8,s03,s03,normal,synthetic_generator,
synthetic,294,9,s13,s13,normal,synthetic_generator,
synthetic,295,1,s01,s01,normal,synthetic_generator,
synthetic,295,2,s14,s14,normal,synthetic_generator,
synthetic,295,3,s22,s22,normal,synthetic_generator,
synthetic,295,4,s01,s01,normal,synthetic_generator,
synthetic,295,5,s10,s10,normal,synthetic_generator,
synthetic,296,1,s02,s02,normal,synthetic_generator,
synthetic,296,2,s14,s14,normal,synthetic_generator,
synthetic,296,3,s23,s23,normal,synthetic_generator,
synthetic,296,4,s31,s31,normal,synthetic_generator,
synthetic,296,5,s03,s03,normal,synthetic_generator,
synthetic,296,6,s10,s10,normal,synthetic_generator,
synthetic,297,1,s02,s02,normal,synthetic_generator,
synthetic,297,2,s11,s11,normal,synthetic_generator,
synthetic,297,3,s22,s22,normal,synthetic_generator,
synthetic,297,4,s03,s03,normal,synthetic_generator,
synthetic,297,5,s12,s12,normal,synthetic_generator,
synthetic,298,1,s02,s02,normal,synthetic_generator,
synthetic,298,2,s10,s10,normal,synthetic_generator,
synthetic,298,3,s23,s23,normal,synthetic_generator,
synthetic,298,4,s30,s30,normal,synthetic_generator,
synthetic,298,5,s03,s03,normal,synthetic_generator,
synthetic,298,6,s14,s14,normal,synthetic_generator,
synthetic,299,1,s02,s02,normal,synthetic_generator,
synthetic,299,2,s14,s14,normal,synthetic_generator,
synthetic,299,3,s22,s22,normal,synthetic_generator,
synthetic,299,4,s01,s01,normal,synthetic_generator,
synthetic,299,5,s13,s13,normal,synthetic_generator,
synthetic,300,1,s02,s02,normal,synthetic_generator,
synthetic,300,2,s14,s14,normal,synthetic_generator,
synthetic,300,3,s22,s22,normal,synthetic_generator,
synthetic,300,4,s40,s40,normal,synthetic_generator,
synthetic,300,5,s01,s01,normal,synthetic_generator,
synthetic,300,6,s10,s10,normal,synthetic_generator,
synthetic,300,7,s23,s23,normal,synthetic_generator,
synthetic,300,8,s02,s02,normal,synthetic_generator,
synthetic,300,9,s12,s12,normal,synthetic_generator,
synthetic,301,1,s02,s02,normal,synthetic_generator,
synthetic,301,2,s11,s11,normal,synthetic_generator,
synthetic,301,3,s21,s21,normal,synthetic_generator,
synthetic,301,4,s40,s40,normal,synthetic_generator,
synthetic,301,5,s03,s03,normal,synthetic_generator,
synthetic,301,6,s10,s10,normal,synthetic_generator,
synthetic,301,7,s20,s20,normal,synthetic_generator,
synthetic,301,8,s01,s01,normal,synthetic_generator,
synthetic,301,9,s11,s11,normal,synthetic_generator,
synthetic,302,1,s02,s02,normal,synthetic_generator,
synthetic,302,2,s13,s13,normal,synthetic_generator,
synthetic,302,3,s23,s23,normal,synthetic_generator,
synthetic,302,4,s40,s40,normal,synthetic_generator,
synthetic,302,5,s03,s03,normal,synthetic_generator,
synthetic,302,6,s14,s14,normal,synthetic_generator,
synthetic,302,7,s21,s21,normal,synthetic_generator,
synthetic,302,8,s02,s02,normal,synthetic_generator,
synthetic,302,9,s14,s14,normal,synthetic_generator,
synthetic,303,1,s01,s01,normal,synthetic_generator,
synthetic,303,2,s13,s13,normal,synthetic_generator,
synthetic,303,3,s22,s22,normal,synthetic_generator,
synthetic,303,4,s31,s31,normal,synthetic_generator,
synthetic,303,5,s03,s03,normal,synthetic_generator,
synthetic,303,6,s14,s14,normal,synthetic_generator,
synthetic,304,1,s02,s02,normal,synthetic_generator,
synthetic,304,2,s15,s15,normal,synthetic_generator,
synthetic,304,3,s22,s22,normal,synthetic_generator,
synthetic,304,4,s40,s40,normal,synthetic_generator,
synthetic,304,5,s01,s01,normal,synthetic_generator,
synthetic,304,6,s12,s12,normal,synthetic_generator,
synthetic,304,7,s22,s22,normal,synthetic_generator,
synthetic,304,8,s03,s03,normal,synthetic_generator,
synthetic,304,9,s10,s10,normal,synthetic_generator,
synthetic,305,1,s03,s03,normal,synthetic_generator,
synthetic,305,2,s12,s12,normal,synthetic_generator,
synthetic,305,3,s20,s20,normal,synthetic_generator,
synthetic,305,4,s31,s31,normal,synthetic_generator,
synthetic,305,5,s02,s02,normal,synthetic_generator,
synthetic,305,6,s15,s15,normal,synthetic_generator,
synthetic,306,1,s03,s03,normal,synthetic_generator,
synthetic,306,2,s11,s11,normal,synthetic_generator,
synthetic,306,3,s20,s20,normal,synthetic_generator,
synthetic,306,4,s40,s40,normal,synthetic_generator,
synthetic,306,5,s01,s01,normal,synthetic_generator,
synthetic,306,6,s14,s14,normal,synthetic_generator,
synthetic,306,7,s23,s23,normal,synthetic_generator,
synthetic,306,8,s01,s01,normal,synthetic_generator,
synthetic,306,9,s15,s15,normal,synthetic_generator,
synthetic,307,1,s01,s01,normal,synthetic_generator,
synthetic,307,2,s14,s14,normal,synthetic_generator,
synthetic,307,3,s20,s20,normal,synthetic_generator,
synthetic,307,4,s01,s01,normal,synthetic_generator,
synthetic,307,5,s10,s10,normal,synthetic_generator,
synthetic,308,1,s02,s02,normal,synthetic_generator,
synthetic,308,2,s13,s13,normal,synthetic_generator,
synthetic,308,3,s21,s21,normal,synthetic_generator,
synthetic,308,4,s31,s31,normal,synthetic_generator,
synthetic,308,5,s03,s03,normal,synthetic_generator,
synthetic,308,6,s11,s11,normal,synthetic_generator,
synthetic,309,1,s03,s03,normal,synthetic_generator,
synthetic,309,2,s14,s14,normal,synthetic_generator,
synthetic,309,3,s23,s23,normal,synthetic_generator,
synthetic,309,4,s30,s30,normal,synthetic_generator,
synthetic,309,5,s03,s03,normal,synthetic_generator,
synthetic,309,6,s11,s11,normal,synthetic_generator,
synthetic,310,1,s01,s01,normal,synthetic_generator,
synthetic,310,2,s14,s14,normal,synthetic_generator,
synthetic,310,3,s22,s22,normal,synthetic_generator,
synthetic,310,4,s40,s40,normal,synthetic_generator,
synthetic,310,5,s03,s03,normal,synthetic_generator,
synthetic,310,6,s13,s13,normal,synthetic_generator,
synthetic,310,7,s22,s22,normal,synthetic_generator,
synthetic,310,8,s01,s01,normal,synthetic_generator,
synthetic,310,9,s13,s13,normal,synthetic_generator,
synthetic,311,1,s02,s02,normal,synthetic_generator,
synthetic,311,2,s14,s14,normal,synthetic_generator,
synthetic,311,3,s22,s22,normal,synthetic_generator,
synthetic,311,4,s40,s40,normal,synthetic_generator,
synthetic,311,5,s03,s03,normal,synthetic_generator,
synthetic,311,6,s13,s13,normal,synthetic_generator,
synthetic,311,7,s21,s21,normal,synthetic_generator,
synthetic,311,8,s01,s01,normal,synthetic_generator,
synthetic,311,9,s12,s12,normal,synthetic_generator,
synthetic,312,1,s02,s02,normal,synthetic_generator,
synthetic,312,2,s11,s11,normal,synthetic_generator,
synthetic,312,3,s22,s22,normal,synthetic_generator,
synthetic,312,4,s40,s40,normal,synthetic_generator,
synthetic,312,5,s03,s03,normal,synthetic_generator,
synthetic,312,6,s11,s11,normal,synthetic_generator,
synthetic,312,7,s23,s23,normal,synthetic_generator,
synthetic,312,8,s02,s02,normal,synthetic_generator,
synthetic,312,9,s13,s13,normal,synthetic_generator,
synthetic,313,1,s03,s03,normal,synthetic_generator,
synthetic,313,2,s15,s15,normal,synthetic_generator,
synthetic,313,3,s22,s22,normal,synthetic_generator,
synthetic,313,4,s31,s31,normal,synthetic_generator,
synthetic,313,5,s01,s01,normal,synthetic_generator,
synthetic,313,6,s14,s14,normal,synthetic_generator,
synthetic,314,1,s03,s03,normal,synthetic_generator,
synthetic,314,2,s13,s13,normal,synthetic_generator,
synthetic,314,3,s23,s23,normal,synthetic_generator,
synthetic,314,4,s40,s40,normal,synthetic_generator,
synthetic,314,5,s01,s01,normal,synthetic_generator,
synthetic,314,6,s12,s12,normal,synthetic_generator,
synthetic,314,7,s20,s20,normal,synthetic_generator,
synthetic,314,8,s02,s02,normal,synthetic_generator,
synthetic,314,9,s15,s15,normal,synthetic_generator,
synthetic,315,1,s02,s02,normal,synthetic_generator,
synthetic,315,2,s13,s13,normal,synthetic_generator,
synthetic,315,3,s22,s22,normal,synthetic_generator,
synthetic,315,4,s03,s03,normal,synthetic_generator,
synthetic,315,5,s13,s13,normal,synthetic_generator,
synthetic,316,1,s01,s01,normal,synthetic_generator,
synthetic,316,2,s14,s14,normal,synthetic_generator,
synthetic,316,3,s22,s22,normal,synthetic_generator,
synthetic,316,4,s03,s03,normal,synthetic_generator,
synthetic,316,5,s15,s15,normal,synthetic_generator,
synthetic,317,1,s01,s01,normal,synthetic_generator,
synthetic,317,2,s10,s10,normal,synthetic_generator,
synthetic,317,3,s21,s21,normal,synthetic_generator,
synthetic,317,4,s30,s30,normal,synthetic_generator,
synthetic,317,5,s01,s01,normal,synthetic_generator,
synthetic,317,6,s15,s15,normal,synthetic_generator,
synthetic,318,1,s01,s01,normal,synthetic_generator,
synthetic,318,2,s15,s15,normal,synthetic_generator,
synthetic,318,3,s21,s21,normal,synthetic_generator,
synthetic,318,4,s40,s40,normal,synthetic_generator,
synthetic,318,5,s01,s01,normal,synthetic_generator,
synthetic,318,6,s13,s13,normal,synthetic_generator,
synthetic,318,7,s22,s22,normal,synthetic_generator,
synthetic,318,8,s03,s03,normal,synthetic_generator,
synthetic,318,9,s13,s13,normal,synthetic_generator,
synthetic,319,1,s03,s03,normal,synthetic_generator,
synthetic,319,2,s11,s11,normal,synthetic_generator,
synthetic,319,3,s20,s20,normal,synthetic_generator,
synthetic,319,4,s03,s03,normal,synthetic_generator,
synthetic,319,5,s11,s11,normal,synthetic_generator,
synthetic,320,1,s03,s03,normal,synthetic_generator,
synthetic,320,2,s13,s13,normal,synthetic_generator,
synthetic,320,3,s23,s23,normal,synthetic_generator,
synthetic,320,4,s30,s30,normal,synthetic_generator,
synthetic,320,5,s02,s02,normal,synthetic_generator,
synthetic,320,6,s12,s12,normal,synthetic_generator,
synthetic,321,1,s03,s03,normal,synthetic_generator,
synthetic,321,2,s10,s10,normal,synthetic_generator,
synthetic,321,3,s20,s20,normal,synthetic_generator,
synthetic,321,4,s30,s30,normal,synthetic_generator,
synthetic,321,5,s03,s03,normal,synthetic_generator,
synthetic,321,6,s15,s15,normal,synthetic_generator,
synthetic,322,1,s01,s01,normal,synthetic_generator,
synthetic,322,2,s11,s11,normal,synthetic_generator,
synthetic,322,3,s23,s23,normal,synthetic_generator,
synthetic,322,4,s40,s40,normal,synthetic_generator,
synthetic,322,5,s01,s01,normal,synthetic_generator,
synthetic,322,6,s13,s13,normal,synthetic_generator,
synthetic,322,7,s23,s23,normal,synthetic_generator,
synthetic,322,8,s01,s01,normal,synthetic_generator,
synthetic,322,9,s15,s15,normal,synthetic_generator,
synthetic,323,1,s01,s01,normal,synthetic_generator,
synthetic,323,2,s10,s10,normal,synthetic_generator,
synthetic,323,3,s22,s22,normal,synthetic_generator,
synthetic,323,4,s30,s30,normal,synthetic_generator,
synthetic,323,5,s02,s02,normal,synthetic_generator,
synthetic,323,6,s12,s12,normal,synthetic_generator,
synthetic,324,1,s03,s03,normal,synthetic_generator,
synthetic,324,2,s14,s14,normal,synthetic_generator,
synthetic,324,3,s23,s23,normal,synthetic_generator,
synthetic,324,4,s30,s30,normal,synthetic_generator,
synthetic,324,5,s03,s03,normal,synthetic_generator,
synthetic,324,6,s13,s13,normal,synthetic_generator,
synthetic,325,1,s01,s01,normal,synthetic_generator,
synthetic,325,2,s10,s10,normal,synthetic_generator,
synthetic,325,3,s22,s22,normal,synthetic_generator,
synthetic,325,4,s30,s30,normal,synthetic_generator,
synthetic,325,5,s03,s03,normal,synthetic_generator,
synthetic,325,6,s13,s13,normal,synthetic_generator,
synthetic,326,1,s02,s02,normal,synthetic_generator,
synthetic,326,2,s15,s15,normal,synthetic_generator,
synthetic,326,3,s21,s21,normal,synthetic_generator,
synthetic,326,4,s40,s40,normal,synthetic_generator,
synthetic,326,5,s03,s03,normal,synthetic_generator,
synthetic,326,6,s12,s12,normal,synthetic_generator,
synthetic,326,7,s22,s22,normal,synthetic_generator,
synthetic,326,8,s03,s03,normal,synthetic_generator,
synthetic,326,9,s15,s15,normal,synthetic_generator,
synthetic,327,1,s01,s01,normal,synthetic_generator,
synthetic,327,2,s14,s14,normal,synthetic_generator,
synthetic,327,3,s23,s23,normal,synthetic_generator,
synthetic,327,4,s02,s02,normal,synthetic_generator,
synthetic,327,5,s14,s14,normal,synthetic_generator,
synthetic,328,1,s01,s01,normal,synthetic_generator,
synthetic,328,2,s13,s13,normal,synthetic_generator,
synthetic,328,3,s20,s20,normal,synthetic_generator,
synthetic,328,4,s30,s30,normal,synthetic_generator,
synthetic,328,5,s01,s01,normal,synthetic_generator,
synthetic,328,6,s13,s13,normal,synthetic_generator,
synthetic,329,1,s01,s01,normal,synthetic_generator,
synthetic,329,2,s10,s10,normal,synthetic_generator,
synthetic,329,3,s22,s22,normal,synthetic_generator,
synthetic,329,4,s31,s31,normal,synthetic_generator,
synthetic,329,5,s01,s01,normal,synthetic_generator,
synthetic,329,6,s13,s13,normal,synthetic_generator,
synthetic,330,1,s02,s02,normal,synthetic_generator,
synthetic,330,2,s12,s12,normal,synthetic_generator,
synthetic,330,3,s20,s20,normal,synthetic_generator,
synthetic,330,4,s31,s31,normal,synthetic_generator,
synthetic,330,5,s03,s03,normal,synthetic_generator,
synthetic,330,6,s12,s12,normal,synthetic_generator,
synthetic,331,1,s01,s01,normal,synthetic_generator,
synthetic,331,2,s10,s10,normal,synthetic_generator,
synthetic,331,3,s20,s20,normal,synthetic_generator,
synthetic,331,4,s40,s40,normal,synthetic_generator,
synthetic,331,5,s02,s02,normal,synthetic_generator,
synthetic,331,6,s11,s11,normal,synthetic_generator,
synthetic,331,7,s23,s23,normal,synthetic_generator,
synthetic,331,8,s03,s03,normal,synthetic_generator,
synthetic,331,9,s14,s14,normal,synthetic_generator,
synthetic,332,1,s02,s02,normal,synthetic_generator,
synthetic,332,2,s15,s15,normal,synthetic_generator,
synthetic,332,3,s20,s20,normal,synthetic_generator,
synthetic,332,4,s40,s40,normal,synthetic_generator,
synthetic,332,5,s02,s02,normal,synthetic_generator,
synthetic,332,6,s14,s14,normal,synthetic_generator,
synthetic,332,7,s21,s21,normal,synthetic_generator,
synthetic,332,8,s01,s01,normal,synthetic_generator,
synthetic,332,9,s11,s11,normal,synthetic_generator,
synthetic,333,1,s01,s01,normal,synthetic_generator,
synthetic,333,2,s13,s13,normal,synthetic_generator,
synthetic,333,3,s22,s22,normal,synthetic_generator,
synthetic,333,4,s31,s31,normal,synthetic_generator,
synthetic,333,5,s03,s03,normal,synthetic_generator,
synthetic,333,6,s14,s14,normal,synthetic_generator,
synthetic,334,1,s03,s03,normal,synthetic_generator,
synthetic,334,2,s15,s15,normal,synthetic_generator,
synthetic,334,3,s21,s21,normal,synthetic_generator,
synthetic,334,4,s30,s30,normal,synthetic_generator,
synthetic,334,5,s03,s03,normal,synthetic_generator,
synthetic,334,6,s14,s14,normal,synthetic_generator,
synthetic,335,1,s03,s03,normal,synthetic_generator,
synthetic,335,2,s13,s13,normal,synthetic_generator,
synthetic,335,3,s22,s22,normal,synthetic_generator,
synthetic,335,4,s01,s01,normal,synthetic_generator,
synthetic,335,5,s14,s14,normal,synthetic_generator,
synthetic,336,1,s01,s01,normal,synthetic_generator,
synthetic,336,2,s14,s14,normal,synthetic_generator,
synthetic,336,3,s21,s21,normal,synthetic_generator,
synthetic,336,4,s03,s03,normal,synthetic_generator,
synthetic,336,5,s14,s14,normal,synthetic_generator,
synthetic,337,1,s01,s01,normal,synthetic_generator,
synthetic,337,2,s12,s12,normal,synthetic_generator,
synthetic,337,3,s23,s23,normal,synthetic_generator,
synthetic,337,4,s01,s01,normal,synthetic_generator,
synthetic,337,5,s15,s15,normal,synthetic_generator,
synthetic,338,1,s03,s03,normal,synthetic_generator,
synthetic,338,2,s14,s14,normal,synthetic_generator,
synthetic,338,3,s23,s23,normal,synthetic_generator,
synthetic,338,4,s01,s01,normal,synthetic_generator,
synthetic,338,5,s14,s14,normal,synthetic_generator,
synthetic,339,1,s01,s01,normal,synthetic_generator,
synthetic,339,2,s13,s13,normal,synthetic_generator,
synthetic,339,3,s21,s21,normal,synthetic_generator,
synthetic,339,4,s31,s31,normal,synthetic_generator,
synthetic,339,5,s02,s02,normal,synthetic_generator,
synthetic,339,6,s14,s14,normal,synthetic_generator,
synthetic,340,1,s03,s03,normal,synthetic_generator,
synthetic,340,2,s13,s13,normal,synthetic_generator,
synthetic,340,3,s22,s22,normal,synthetic_generator,
synthetic,340,4,s03,s03,normal,synthetic_generator,
synthetic,340,5,s10,s10,normal,synthetic_generator,
synthetic,341,1,s02,s02,normal,synthetic_generator,
synthetic,341,2,s10,s10,normal,synthetic_generator,
synthetic,341,3,s21,s21,normal,synthetic_generator,
synthetic,341,4,s30,s30,normal,synthetic_generator,
synthetic,341,5,s01,s01,normal,synthetic_generator,
synthetic,341,6,s13,s13,normal,synthetic_generator,
synthetic,342,1,s03,s03,normal,synthetic_generator,
synthetic,342,2,s10,s10,normal,synthetic_generator,
synthetic,342,3,s20,s20,normal,synthetic_generator,
synthetic,342,4,s30,s30,normal,synthetic_generator,
synthetic,342,5,s02,s02,normal,synthetic_generator,
synthetic,342,6,s10,s10,normal,synthetic_generator,
synthetic,343,1,s02,s02,normal,synthetic_generator,
synthetic,343,2,s11,s11,normal,synthetic_generator,
synthetic,343,3,s21,s21,normal,synthetic_generator,
synthetic,343,4,s31,s31,normal,synthetic_generator,
synthetic,343,5,s02,s02,normal,synthetic_generator,
synthetic,343,6,s13,s13,normal,synthetic_generator,
synthetic,344,1,s02,s02,normal,synthetic_generator,
synthetic,344,2,s13,s13,normal,synthetic_generator,
synthetic,344,3,s20,s20,normal,synthetic_generator,
synthetic,344,4,s30,s30,normal,synthetic_generator,
synthetic,344,5,s03,s03,normal,synthetic_generator,
synthetic,344,6,s12,s12,normal,synthetic_generator,
synthetic,345,1,s01,s01,normal,synthetic_generator,
synthetic,345,2,s14,s14,normal,synthetic_generator,
synthetic,345,3,s23,s23,normal,synthetic_generator,
synthetic,345,4,s03,s03,normal,synthetic_generator,
synthetic,345,5,s11,s11,normal,synthetic_generator,
synthetic,346,1,s01,s01,normal,synthetic_generator,
synthetic,346,2,s10,s10,normal,synthetic_generator,
synthetic,346,3,s20,s20,normal,synthetic_generator,
synthetic,346,4,s40,s40,normal,synthetic_generator,
synthetic,346,5,s02,s02,normal,synthetic_generator,
synthetic,346,6,s15,s15,normal,synthetic_generator,
synthetic,346,7,s23,s23,normal,synthetic_generator,
synthetic,346,8,s03,s03,normal,synthetic_generator,
synthetic,346,9,s13,s13,normal,synthetic_generator,
synthetic,347,1,s01,s01,normal,synthetic_generator,
synthetic,347,2,s13,s13,normal,synthetic_generator,
synthetic,347,3,s22,s22,normal,synthetic_generator,
synthetic,347,4,s01,s01,normal,synthetic_generator,
synthetic,347,5,s12,s12,normal,synthetic_generator,
synthetic,348,1,s03,s03,normal,synthetic_generator,
synthetic,348,2,s10,s10,normal,synthetic_generator,
synthetic,348,3,s20,s20,normal,synthetic_generator,
synthetic,348,4,s03,s03,normal,synthetic_generator,
synthetic,348,5,s13,s13,normal,synthetic_generator,
synthetic,349,1,s01,s01,normal,synthetic_generator,
synthetic,349,2,s11,s11,normal,synthetic_generator,
synthetic,349,3,s21,s21,normal,synthetic_generator,
synthetic,349,4,s40,s40,normal,synthetic_generator,
synthetic,349,5,s01,s01,normal,synthetic_generator,
synthetic,349,6,s14,s14,normal,synthetic_generator,
synthetic,349,7,s20,s20,normal,synthetic_generator,
synthetic,349,8,s02,s02,normal,synthetic_generator,
synthetic,349,9,s14,s14,normal,synthetic_generator,
synthetic,350,1,s03,s03,normal,synthetic_generator,
synthetic,350,2,s10,s10,normal,synthetic_generator,
synthetic,350,3,s21,s21,normal,synthetic_generator,
synthetic,350,4,s40,s40,normal,synthetic_generator,
synthetic,350,5,s02,s02,normal,synthetic_generator,
synthetic,350,6,s13,s13,normal,synthetic_generator,
synthetic,350,7,s21,s21,normal,synthetic_generator,
synthetic,350,8,s03,s03,normal,synthetic_generator,
synthetic,350,9,s11,s11,normal,synthetic_generator,
synthetic,351,1,s01,s01,normal,synthetic_generator,
synthetic,351,2,s14,s14,normal,synthetic_generator,
synthetic,351,3,s22,s22,normal,synthetic_generator,
synthetic,351,4,s01,s01,normal,synthetic_generator,
synthetic,351,5,s15,s15,normal,synthetic_generator,
synthetic,352,1,s02,s02,normal,synthetic_generator,
synthetic,352,2,s14,s14,normal,synthetic_generator,
synthetic,352,3,s22,s22,normal,synthetic_generator,
synthetic,352,4,s40,s40,normal,synthetic_generator,
synthetic,352,5,s02,s02,normal,synthetic_generator,
synthetic,352,6,s11,s11,normal,synthetic_generator,
synthetic,352,7,s21,s21,normal,synthetic_generator,
synthetic,352,8,s02,s02,normal,synthetic_generator,
synthetic,352,9,s12,s12,normal,synthetic_generator,
synthetic,353,1,s01,s01,normal,synthetic_generator,
synthetic,353,2,s14,s14,normal,synthetic_generator,
synthetic,353,3,s21,s21,normal,synthetic_generator,
synthetic,353,4,s31,s31,normal,synthetic_generator,
synthetic,353,5,s03,s03,normal,synthetic_generator,
synthetic,353,6,s13,s13,normal,synthetic_generator,
synthetic,354,1,s02,s02,normal,synthetic_generator,
synthetic,354,2,s15,s15,normal,synthetic_generator,
synthetic,354,3,s23,s23,normal,synthetic_generator,
synthetic,354,4,s03,s03,normal,synthetic_generator,
synthetic,354,5,s12,s12,normal,synthetic_generator,
synthetic,355,1,s02,s02,normal,synthetic_generator,
synthetic,355,2,s13,s13,normal,synthetic_generator,
synthetic,355,3,s21,s21,normal,synthetic_generator,
synthetic,355,4,s40,s40,normal,synthetic_generator,
synthetic,355,5,s02,s02,normal,synthetic_generator,
synthetic,355,6,s11,s11,normal,synthetic_generator,
synthetic,355,7,s23,s23,normal,synthetic_generator,
synthetic,355,8,s01,s01,normal,synthetic_generator,
synthetic,355,9,s11,s11,normal,synthetic_generator,
synthetic,356,1,s03,s03,normal,synthetic_generator,
synthetic,356,2,s11,s11,normal,synthetic_generator,
synthetic,356,3,s23,s23,normal,synthetic_generator,
synthetic,356,4,s30,s30,normal,synthetic_generator,
synthetic,356,5,s03,s03,normal,synthetic_generator,
synthetic,356,6,s13,s13,normal,synthetic_generator,
synthetic,357,1,s03,s03,normal,synthetic_generator,
synthetic,357,2,s14,s14,normal,synthetic_generator,
synthetic,357,3,s21,s21,normal,synthetic_generator,
synthetic,357,4,s31,s31,normal,synthetic_generator,
synthetic,357,5,s01,s01,normal,synthetic_generator,
synthetic,357,6,s12,s12,normal,synthetic_generator,
synthetic,358,1,s02,s02,normal,synthetic_generator,
synthetic,358,2,s15,s15,normal,synthetic_generator,
synthetic,358,3,s20,s20,normal,synthetic_generator,
synthetic,358,4,s02,s02,normal,synthetic_generator,
synthetic,358,5,s12,s12,normal,synthetic_generator,
synthetic,359,1,s03,s03,normal,synthetic_generator,
synthetic,359,2,s15,s15,normal,synthetic_generator,
synthetic,359,3,s21,s21,normal,synthetic_generator,
synthetic,359,4,s01,s01,normal,synthetic_generator,
synthetic,359,5,s12,s12,normal,synthetic_generator,
synthetic,360,1,s03,s03,normal,synthetic_generator,
synthetic,360,2,s14,s14,normal,synthetic_generator,
synthetic,360,3,s20,s20,normal,synthetic_generator,
synthetic,360,4,s30,s30,normal,synthetic_generator,
synthetic,360,5,s01,s01,normal,synthetic_generator,
synthetic,360,6,s14,s14,normal,synthetic_generator,
synthetic,361,1,s03,s03,normal,synthetic_generator,
synthetic,361,2,s14,s14,normal,synthetic_generator,
synthetic,361,3,s21,s21,normal,synthetic_generator,
synthetic,361,4,s40,s40,normal,synthetic_generator,
synthetic,361,5,s01,s01,normal,synthetic_generator,
synthetic,361,6,s12,s12,normal,synthetic_generator,
synthetic,361,7,s22,s22,normal,synthetic_generator,
synthetic,361,8,s01,s01,normal,synthetic_generator,
synthetic,361,9,s11,s11,normal,synthetic_generator,
synthetic,362,1,s03,s03,normal,synthetic_generator,
synthetic,362,2,s10,s10,normal,synthetic_generator,
synthetic,362,3,s23,s23,normal,synthetic_generator,
synthetic,362,4,s01,s01,normal,synthetic_generator,
synthetic,362,5,s15,s15,normal,synthetic_generator,
synthetic,363,1,s03,s03,normal,synthetic_generator,
synthetic,363,2,s11,s11,normal,synthetic_generator,
synthetic,363,3,s23,s23,normal,synthetic_generator,
synthetic,363,4,s40,s40,normal,synthetic_generator,
synthetic,363,5,s03,s03,normal,synthetic_generator,
synthetic,363,6,s12,s12,normal,synthetic_generator,
synthetic,363,7,s22,s22,normal,synthetic_generator,
synthetic,363,8,s02,s02,normal,synthetic_generator,
synthetic,363,9,s13,s13,normal,synthetic_generator,
synthetic,364,1,s03,s03,normal,synthetic_generator,
synthetic,364,2,s12,s12,normal,synthetic_generator,
synthetic,364,3,s22,s22,normal,synthetic_generator,
synthetic,364,4,s40,s40,normal,synthetic_generator,
synthetic,364,5,s02,s02,normal,synthetic_generator,
synthetic,364,6,s14,s14,normal,synthetic_generator,
synthetic,364,7,s23,s23,normal,synthetic_generator,
synthetic,364,8,s02,s02,normal,synthetic_generator,
synthetic,364,9,s10,s10,normal,synthetic_generator,
synthetic,365,1,s02,s02,normal,synthetic_generator,
synthetic,365,2,s12,s12,normal,synthetic_generator,
synthetic,365,3,s21,s21,normal,synthetic_generator,
synthetic,365,4,s40,s40,normal,synthetic_generator,
synthetic,365,5,s02,s02,normal,synthetic_generator,
synthetic,365,6,s13,s13,normal,synthetic_generator,
synthetic,365,7,s20,s20,normal,synthetic_generator,
synthetic,365,8,s03,s03,normal,synthetic_generator,
synthetic,365,9,s11,s11,normal,synthetic_generator,
synthetic,366,1,s01,s01,normal,synthetic_generator,
synthetic,366,2,s10,s10,normal,synthetic_generator,
synthetic,366,3,s22,s22,normal,synthetic_generator,
synthetic,366,4,s40,s40,normal,synthetic_generator,
synthetic,366,5,s02,s02,normal,synthetic_generator,
synthetic,366,6,s11,s11,normal,synthetic_generator,
synthetic,366,7,s21,s21,normal,synthetic_generator,
synthetic,366,8,s02,s02,normal,synthetic_generator,
synthetic,366,9,s11,s11,normal,synthetic_generator,
synthetic,367,1,s03,s03,normal,synthetic_generator,
synthetic,367,2,s11,s11,normal,synthetic_generator,
synthetic,367,3,s23,s23,normal,synthetic_generator,
synthetic,367,4,s31,s31,normal,synthetic_generator,
synthetic,367,5,s02,s02,normal,synthetic_generator,
synthetic,367,6,s13,s13,normal,synthetic_generator,
synthetic,368,1,s03,s03,normal,synthetic_generator,
synthetic,368,2,s15,s15,normal,synthetic_generator,
synthetic,368,3,s23,s23,normal,synthetic_generator,
synthetic,368,4,s40,s40,normal,synthetic_generator,
synthetic,368,5,s01,s01,normal,synthetic_generator,
synthetic,368,6,s15,s15,normal,synthetic_generator,
synthetic,368,7,s22,s22,normal,synthetic_generator,
synthetic,368,8,s01,s01,normal,synthetic_generator,
synthetic,368,9,s11,s11,normal,synthetic_generator,
synthetic,369,1,s03,s03,normal,synthetic_generator,
synthetic,369,2,s13,s13,normal,synthetic_generator,
synthetic,369,3,s21,s21,normal,synthetic_generator,
synthetic,369,4,s40,s40,normal,synthetic_generator,
synthetic,369,5,s03,s03,normal,synthetic_generator,
synthetic,369,6,s10,s10,normal,synthetic_generator,
synthetic,369,7,s20,s20,normal,synthetic_generator,
synthetic,369,8,s03,s03,normal,synthetic_generator,
synthetic,369,9,s10,s10,normal,synthetic_generator,
synthetic,370,1,s02,s02,normal,synthetic_generator,
synthetic,370,2,s11,s11,normal,synthetic_generator,
synthetic,370,3,s21,s21,normal,synthetic_generator,
synthetic,370,4,s01,s01,normal,synthetic_generator,
synthetic,370,5,s15,s15,normal,synthetic_generator,
synthetic,371,1,s01,s01,normal,synthetic_generator,
synthetic,371,2,s11,s11,normal,synthetic_generator,
synthetic,371,3,s23,s23,normal,synthetic_generator,
synthetic,371,4,s02,s02,normal,synthetic_generator,
synthetic,371,5,s10,s10,normal,synthetic_generator,
synthetic,372,1,s03,s03,normal,synthetic_generator,
synthetic,372,2,s15,s15,normal,synthetic_generator,
synthetic,372,3,s23,s23,normal,synthetic_generator,
synthetic,372,4,s40,s40,normal,synthetic_generator,
synthetic,372,5,s01,s01,normal,synthetic_generator,
synthetic,372,6,s10,s10,normal,synthetic_generator,
synthetic,372,7,s23,s23,normal,synthetic_generator,
synthetic,372,8,s01,s01,normal,synthetic_generator,
synthetic,372,9,s10,s10,normal,synthetic_generator,
synthetic,373,1,s03,s03,normal,synthetic_generator,
synthetic,373,2,s12,s12,normal,synthetic_generator,
synthetic,373,3,s22,s22,normal,synthetic_generator,
synthetic,373,4,s40,s40,normal,synthetic_generator,
synthetic,373,5,s03,s03,normal,synthetic_generator,
synthetic,373,6,s15,s15,normal,synthetic_generator,
synthetic,373,7,s23,s23,normal,synthetic_generator,
synthetic,373,8,s01,s01,normal,synthetic_generator,
synthetic,373,9,s10,s10,normal,synthetic_generator,
synthetic,374,1,s03,s03,normal,synthetic_generator,
synthetic,374,2,s11,s11,normal,synthetic_generator,
synthetic,374,3,s21,s21,normal,synthetic_generator,
synthetic,374,4,s01,s01,normal,synthetic_generator,
synthetic,374,5,s14,s14,normal,synthetic_generator,
synthetic,375,1,s02,s02,normal,synthetic_generator,
synthetic,375,2,s12,s12,normal,synthetic_generator,
synthetic,375,3,s22,s22,normal,synthetic_generator,
synthetic,375,4,s40,s40,normal,synthetic_generator,
synthetic,375,5,s01,s01,normal,synthetic_generator,
synthetic,375,6,s12,s12,normal,synthetic_generator,
synthetic,375,7,s23,s23,normal,synthetic_generator,
synthetic,375,8,s02,s02,normal,synthetic_generator,
synthetic,375,9,s14,s14,normal,synthetic_generator,
synthetic,376,1,s03,s03,normal,synthetic_generator,
synthetic,376,2,s11,s11,normal,synthetic_generator,
synthetic,376,3,s22,s22,normal,synthetic_generator,
synthetic,376,4,s03,s03,normal,synthetic_generator,
synthetic,376,5,s10,s10,normal,synthetic_generator,
synthetic,377,1,s03,s03,normal,synthetic_generator,
synthetic,377,2,s10,s10,normal,synthetic_generator,
synthetic,377,3,s20,s20,normal,synthetic_generator,
synthetic,377,4,s40,s40,normal,synthetic_generator,
synthetic,377,5,s02,s02,normal,synthetic_generator,
synthetic,377,6,s13,s13,normal,synthetic_generator,
synthetic,377,7,s23,s23,normal,synthetic_generator,
synthetic,377,8,s01,s01,normal,synthetic_generator,
synthetic,377,9,s15,s15,normal,synthetic_generator,
synthetic,378,1,s03,s03,normal,synthetic_generator,
synthetic,378,2,s11,s11,normal,synthetic_generator,
synthetic,378,3,s20,s20,normal,synthetic_generator,
synthetic,378,4,s02,s02,normal,synthetic_generator,
synthetic,378,5,s13,s13,normal,synthetic_generator,
synthetic,379,1,s02,s02,normal,synthetic_generator,
synthetic,379,2,s14,s14,normal,synthetic_generator,
synthetic,379,3,s20,s20,normal,synthetic_generator,
synthetic,379,4,s40,s40,normal,synthetic_generator,
synthetic,379,5,s01,s01,normal,synthetic_generator,
synthetic,379,6,s11,s11,normal,synthetic_generator,
synthetic,379,7,s23,s23,normal,synthetic_generator,
synthetic,379,8,s02,s02,normal,synthetic_generator,
synthetic,379,9,s10,s10,normal,synthetic_generator,
synthetic,380,1,s03,s03,normal,synthetic_generator,
synthetic,380,2,s12,s12,normal,synthetic_generator,
synthetic,380,3,s20,s20,normal,synthetic_generator,
synthetic,380,4,s01,s01,normal,synthetic_generator,
synthetic,380,5,s12,s12,normal,synthetic_generator,
synthetic,381,1,s01,s01,normal,synthetic_generator,
synthetic,381,2,s14,s14,normal,synthetic_generator,
synthetic,381,3,s21,s21,normal,synthetic_generator,
synthetic,381,4,s03,s03,normal,synthetic_generator,
synthetic,381,5,s13,s13,normal,synthetic_generator,
synthetic,382,1,s02,s02,normal,synthetic_generator,
synthetic,382,2,s11,s11,normal,synthetic_generator,
synthetic,382,3,s21,s21,normal,synthetic_generator,
synthetic,382,4,s03,s03,normal,synthetic_generator,
synthetic,382,5,s13,s13,normal,synthetic_generator,
synthetic,383,1,s03,s03,normal,synthetic_generator,
synthetic,383,2,s12,s12,normal,synthetic_generator,
synthetic,383,3,s23,s23,normal,synthetic_generator,
synthetic,383,4,s40,s40,normal,synthetic_generator,
synthetic,383,5,s03,s03,normal,synthetic_generator,
synthetic,383,6,s15,s15,normal,synthetic_generator,
synthetic,383,7,s20,s20,normal,synthetic_generator,
synthetic,383,8,s03,s03,normal,synthetic_generator,
synthetic,383,9,s15,s15,normal,synthetic_generator,
synthetic,384,1,s01,s01,normal,synthetic_generator,
synthetic,384,2,s10,s10,normal,synthetic_generator,
synthetic,384,3,s23,s23,normal,synthetic_generator,
synthetic,384,4,s30,s30,normal,synthetic_generator,
synthetic,384,5,s01,s01,normal,synthetic_generator,
synthetic,384,6,s12,s12,normal,synthetic_generator,
synthetic,385,1,s03,s03,normal,synthetic_generator,
synthetic,385,2,s14,s14,normal,synthetic_generator,
synthetic,385,3,s23,s23,normal,synthetic_generator,
synthetic,385,4,s40,s40,normal,synthetic_generator,
synthetic,385,5,s01,s01,normal,synthetic_generator,
synthetic,385,6,s15,s15,normal,synthetic_generator,
synthetic,385,7,s22,s22,normal,synthetic_generator,
synthetic,385,8,s02,s02,normal,synthetic_generator,
synthetic,385,9,s13,s13,normal,synthetic_generator,
synthetic,386,1,s02,s02,normal,synthetic_generator,
synthetic,386,2,s14,s14,normal,synthetic_generator,
synthetic,386,3,s23,s23,normal,synthetic_generator,
synthetic,386,4,s02,s02,normal,synthetic_generator,
synthetic,386,5,s11,s11,normal,synthetic_generator,
synthetic,387,1,s03,s03,normal,synthetic_generator,
synthetic,387,2,s15,s15,normal,synthetic_generator,
synthetic,387,3,s23,s23,normal,synthetic_generator,
synthetic,387,4,s40,s40,normal,synthetic_generator,
synthetic,387,5,s03,s03,normal,synthetic_generator,
synthetic,387,6,s12,s12,normal,synthetic_generator,
synthetic,387,7,s21,s21,normal,synthetic_generator,
synthetic,387,8,s03,s03,normal,synthetic_generator,
synthetic,387,9,s10,s10,normal,synthetic_generator,
synthetic,388,1,s02,s02,normal,synthetic_generator,
synthetic,388,2,s11,s11,normal,synthetic_generator,
synthetic,388,3,s23,s23,normal,synthetic_generator,
synthetic,388,4,s03,s03,normal,synthetic_generator,
synthetic,388,5,s15,s15,normal,synthetic_generator,
synthetic,389,1,s03,s03,normal,synthetic_generator,
synthetic,389,2,s13,s13,normal,synthetic_generator,
synthetic,389,3,s22,s22,normal,synthetic_generator,
synthetic,389,4,s02,s02,normal,synthetic_generator,
synthetic,389,5,s10,s10,normal,synthetic_generator,
synthetic,390,1,s01,s01,normal,synthetic_generator,
synthetic,390,2,s12,s12,normal,synthetic_generator,
synthetic,390,3,s23,s23,normal,synthetic_generator,
synthetic,390,4,s02,s02,normal,synthetic_generator,
synthetic,390,5,s12,s12,normal,synthetic_generator,
synthetic,391,1,s01,s01,normal,synthetic_generator,
synthetic,391,2,s10,s10,normal,synthetic_generator,
synthetic,391,3,s21,s21,normal,synthetic_generator,
synthetic,391,4,s02,s02,normal,synthetic_generator,
synthetic,391,5,s13,s13,normal,synthetic_generator,
synthetic,392,1,s03,s03,normal,synthetic_generator,
synthetic,392,2,s14,s14,normal,synthetic_generator,
synthetic,392,3,s23,s23,normal,synthetic_generator,
synthetic,392,4,s40,s40,normal,synthetic_generator,
synthetic,392,5,s01,s01,normal,synthetic_generator,
synthetic,392,6,s10,s10,normal,synthetic_generator,
synthetic,392,7,s22,s22,normal,synthetic_generator,
synthetic,392,8,s03,s03,normal,synthetic_generator,
synthetic,392,9,s10,s10,normal,synthetic_generator,
synthetic,393,1,s03,s03,normal,synthetic_generator,
synthetic,393,2,s12,s12,normal,synthetic_generator,
synthetic,393,3,s23,s23,normal,synthetic_generator,
synthetic,393,4,s40,s40,normal,synthetic_generator,
synthetic,393,5,s02,s02,normal,synthetic_generator,
synthetic,393,6,s13,s13,normal,synthetic_generator,
synthetic,393,7,s23,s23,normal,synthetic_generator,
synthetic,393,8,s01,s01,normal,synthetic_generator,
synthetic,393,9,s15,s15,normal,synthetic_generator,
synthetic,394,1,s01,s01,normal,synthetic_generator,
synthetic,394,2,s14,s14,normal,synthetic_generator,
synthetic,394,3,s21,s21,normal,synthetic_generator,
synthetic,394,4,s40,s40,normal,synthetic_generator,
synthetic,394,5,s01,s01,normal,synthetic_generator,
synthetic,394,6,s11,s11,normal,synthetic_generator,
synthetic,394,7,s22,s22,normal,synthetic_generator,
synthetic,394,8,s02,s02,normal,synthetic_generator,
synthetic,394,9,s12,s12,normal,synthetic_generator,
synthetic,395,1,s01,s01,normal,synthetic_generator,
synthetic,395,2,s10,s10,normal,synthetic_generator,
synthetic,395,3,s21,s21,normal,synthetic_generator,
synthetic,395,4,s31,s31,normal,synthetic_generator,
synthetic,395,5,s02,s02,normal,synthetic_generator,
synthetic,395,6,s13,s13,normal,synthetic_generator,
synthetic,396,1,s02,s02,normal,synthetic_generator,
synthetic,396,2,s10,s10,normal,synthetic_generator,
synthetic,396,3,s22,s22,normal,synthetic_generator,
synthetic,396,4,s31,s31,normal,synthetic_generator,
synthetic,396,5,s01,s01,normal,synthetic_generator,
synthetic,396,6,s15,s15,normal,synthetic_generator,
synthetic,397,1,s02,s02,normal,synthetic_generator,
synthetic,397,2,s14,s14,normal,synthetic_generator,
synthetic,397,3,s21,s21,normal,synthetic_generator,
synthetic,397,4,s40,s40,normal,synthetic_generator,
synthetic,397,5,s01,s01,normal,synthetic_generator,
synthetic,397,6,s11,s11,normal,synthetic_generator,
synthetic,397,7,s22,s22,normal,synthetic_generator,
synthetic,397,8,s01,s01,normal,synthetic_generator,
synthetic,397,9,s13,s13,normal,synthetic_generator,
synthetic,398,1,s03,s03,normal,synthetic_generator,
synthetic,398,2,s13,s13,normal,synthetic_generator,
synthetic,398,3,s22,s22,normal,synthetic_generator,
synthetic,398,4,s31,s31,normal,synthetic_generator,
synthetic,398,5,s02,s02,normal,synthetic_generator,
synthetic,398,6,s13,s13,normal,synthetic_generator,
synthetic,399,1,s03,s03,normal,synthetic_generator,
synthetic,399,2,s11,s11,normal,synthetic_generator,
synthetic,399,3,s22,s22,normal,synthetic_generator,
synthetic,399,4,s40,s40,normal,synthetic_generator,
synthetic,399,5,s03,s03,normal,synthetic_generator,
synthetic,399,6,s15,s15,normal,synthetic_generator,
synthetic,399,7,s21,s21,normal,synthetic_generator,
synthetic,399,8,s02,s02,normal,synthetic_generator,
synthetic,399,9,s12,s12,normal,synthetic_generator,
synthetic,400,1,s02,s02,normal,synthetic_generator,
synthetic,400,2,s12,s12,normal,synthetic_generator,
synthetic,400,3,s22,s22,normal,synthetic_generator,
synthetic,400,4,s03,s03,normal,synthetic_generator,
synthetic,400,5,s15,s15,normal,synthetic_generator,
synthetic,401,1,s02,s02,normal,synthetic_generator,
synthetic,401,2,s14,s14,normal,synthetic_generator,
synthetic,401,3,s21,s21,normal,synthetic_generator,
synthetic,401,4,s40,s40,normal,synthetic_generator,
synthetic,401,5,s02,s02,normal,synthetic_generator,
synthetic,401,6,s12,s12,normal,synthetic_generator,
synthetic,401,7,s23,s23,normal,synthetic_generator,
synthetic,401,8,s02,s02,normal,synthetic_generator,
synthetic,401,9,s10,s10,normal,synthetic_generator,
synthetic,402,1,s01,s01,normal,synthetic_generator,
synthetic,402,2,s14,s14,normal,synthetic_generator,
synthetic,402,3,s21,s21,normal,synthetic_generator,
synthetic,402,4,s40,s40,normal,synthetic_generator,
synthetic,402,5,s03,s03,normal,synthetic_generator,
synthetic,402,6,s13,s13,normal,synthetic_generator,
synthetic,402,7,s21,s21,normal,synthetic_generator,
synthetic,402,8,s02,s02,normal,synthetic_generator,
synthetic,402,9,s12,s12,normal,synthetic_generator,
synthetic,403,1,s01,s01,normal,synthetic_generator,
synthetic,403,2,s13,s13,normal,synthetic_generator,
synthetic,403,3,s23,s23,normal,synthetic_generator,
synthetic,403,4,s40,s40,normal,synthetic_generator,
synthetic,403,5,s03,s03,normal,synthetic_generator,
synthetic,403,6,s12,s12,normal,synthetic_generator,
synthetic,403,7,s21,s21,normal,synthetic_generator,
synthetic,403,8,s02,s02,normal,synthetic_generator,
synthetic,403,9,s15,s15,normal,synthetic_generator,
synthetic,404,1,s03,s03,normal,synthetic_generator,
synthetic,404,2,s13,s13,normal,synthetic_generator,
synthetic,404,3,s23,s23,normal,synthetic_generator,
synthetic,404,4,s01,s01,normal,synthetic_generator,
synthetic,404,5,s13,s13,normal,synthetic_generator,
synthetic,405,1,s02,s02,normal,synthetic_generator,
synthetic,405,2,s14,s14,normal,synthetic_generator,
synthetic,405,3,s23,s23,normal,synthetic_generator,
synthetic,405,4,s40,s40,normal,synthetic_generator,
synthetic,405,5,s03,s03,normal,synthetic_generator,
synthetic,405,6,s10,s10,normal,synthetic_generator,
synthetic,405,7,s22,s22,normal,synthetic_generator,
synthetic,405,8,s03,s03,normal,synthetic_generator,
synthetic,405,9,s14,s14,normal,synthetic_generator,
synthetic,406,1,s03,s03,normal,synthetic_generator,
synthetic,406,2,s10,s10,normal,synthetic_generator,
synthetic,406,3,s20,s20,normal,synthetic_generator,
synthetic,406,4,s40,s40,normal,synthetic_generator,
synthetic,406,5,s03,s03,normal,synthetic_generator,
synthetic,406,6,s15,s15,normal,synthetic_generator,
synthetic,406,7,s22,s22,normal,synthetic_generator,
synthetic,406,8,s01,s01,normal,synthetic_generator,
synthetic,406,9,s15,s15,normal,synthetic_generator,
synthetic,407,1,s01,s01,normal,synthetic_generator,
synthetic,407,2,s14,s14,normal,synthetic_generator,
synthetic,407,3,s23,s23,normal,synthetic_generator,
synthetic,407,4,s40,s40,normal,synthetic_generator,
synthetic,407,5,s02,s02,normal,synthetic_generator,
synthetic,407,6,s10,s10,normal,synthetic_generator,
synthetic,407,7,s20,s20,normal,synthetic_generator,
synthetic,407,8,s01,s01,normal,synthetic_generator,
synthetic,407,9,s12,s12,normal,synthetic_generator,
synthetic,408,1,s03,s03,normal,synthetic_generator,
synthetic,408,2,s15,s15,normal,synthetic_generator,
synthetic,408,3,s21,s21,normal,synthetic_generator,
synthetic,408,4,s02,s02,normal,synthetic_generator,
synthetic,408,5,s12,s12,normal,synthetic_generator,
synthetic,409,1,s02,s02,normal,synthetic_generator,
synthetic,409,2,s15,s15,normal,synthetic_generator,
synthetic,409,3,s21,s21,normal,synthetic_generator,
synthetic,409,4,s31,s31,normal,synthetic_generator,
synthetic,409,5,s01,s01,normal,synthetic_generator,
synthetic,409,6,s13,s13,normal,synthetic_generator,
synthetic,410,1,s02,s02,normal,synthetic_generator,
synthetic,410,2,s13,s13,normal,synthetic_generator,
synthetic,410,3,s20,s20,normal,synthetic_generator,
synthetic,410,4,s01,s01,normal,synthetic_generator,
synthetic,410,5,s15,s15,normal,synthetic_generator,
synthetic,411,1,s02,s02,normal,synthetic_generator,
synthetic,411,2,s12,s12,normal,synthetic_generator,
synthetic,411,3,s22,s22,normal,synthetic_generator,
synthetic,411,4,s02,s02,normal,synthetic_generator,
synthetic,411,5,s11,s11,normal,synthetic_generator,
synthetic,412,1,s02,s02,normal,synthetic_generator,
synthetic,412,2,s12,s12,normal,synthetic_generator,
synthetic,412,3,s23,s23,normal,synthetic_generator,
synthetic,412,4,s40,s40,normal,synthetic_generator,
synthetic,412,5,s02,s02,normal,synthetic_generator,
synthetic,412,6,s15,s15,normal,synthetic_generator,
synthetic,412,7,s23,s23,normal,synthetic_generator,
synthetic,412,8,s02,s02,normal,synthetic_generator,
synthetic,412,9,s10,s10,normal,synthetic_generator,
synthetic,413,1,s01,s01,normal,synthetic_generator,
synthetic,413,2,s15,s15,normal,synthetic_generator,
synthetic,413,3,s20,s20,normal,synthetic_generator,
synthetic,413,4,s30,s30,normal,synthetic_generator,
synthetic,413,5,s02,s02,normal,synthetic_generator,
synthetic,413,6,s15,s15,normal,synthetic_generator,
synthetic,414,1,s03,s03,normal,synthetic_generator,
synthetic,414,2,s11,s11,normal,synthetic_generator,
synthetic,414,3,s21,s21,normal,synthetic_generator,
synthetic,414,4,s03,s03,normal,synthetic_generator,
synthetic,414,5,s11,s11,normal,synthetic_generator,
synthetic,415,1,s01,s01,normal,synthetic_generator,
synthetic,415,2,s12,s12,normal,synthetic_generator,
synthetic,415,3,s23,s23,normal,synthetic_generator,
synthetic,415,4,s40,s40,normal,synthetic_generator,
synthetic,415,5,s01,s01,normal,synthetic_generator,
synthetic,415,6,s13,s13,normal,synthetic_generator,
synthetic,415,7,s21,s21,normal,synthetic_generator,
synthetic,415,8,s01,s01,normal,synthetic_generator,
synthetic,415,9,s15,s15,normal,synthetic_generator,
synthetic,416,1,s02,s02,normal,synthetic_generator,
synthetic,416,2,s13,s13,normal,synthetic_generator,
synthetic,416,3,s20,s20,normal,synthetic_generator,
synthetic,416,4,s40,s40,normal,synthetic_generator,
synthetic,416,5,s02,s02,normal,synthetic_generator,
synthetic,416,6,s14,s14,normal,synthetic_generator,
synthetic,416,7,s23,s23,normal,synthetic_generator,
synthetic,416,8,s02,s02,normal,synthetic_generator,
synthetic,416,9,s10,s10,normal,synthetic_generator,
synthetic,417,1,s01,s01,normal,synthetic_generator,
synthetic,417,2,s11,s11,normal,synthetic_generator,
synthetic,417,3,s22,s22,normal,synthetic_generator,
synthetic,417,4,s40,s40,normal,synthetic_generator,
synthetic,417,5,s03,s03,normal,synthetic_generator,
synthetic,417,6,s10,s10,normal,synthetic_generator,
synthetic,417,7,s21,s21,normal,synthetic_generator,
synthetic,417,8,s02,s02,normal,synthetic_generator,
synthetic,417,9,s12,s12,normal,synthetic_generator,
synthetic,418,1,s02,s02,normal,synthetic_generator,
synthetic,418,2,s10,s10,normal,synthetic_generator,
synthetic,418,3,s22,s22,normal,synthetic_generator,
synthetic,418,4,s03,s03,normal,synthetic_generator,
synthetic,418,5,s13,s13,normal,synthetic_generator,
synthetic,419,1,s03,s03,normal,synthetic_generator,
synthetic,419,2,s12,s12,normal,synthetic_generator,
synthetic,419,3,s23,s23,normal,synthetic_generator,
synthetic,419,4,s40,s40,normal,synthetic_generator,
synthetic,419,5,s03,s03,normal,synthetic_generator,
synthetic,419,6,s10,s10,normal,synthetic_generator,
synthetic,419,7,s22,s22,normal,synthetic_generator,
synthetic,419,8,s02,s02,normal,synthetic_generator,
synthetic,419,9,s13,s13,normal,synthetic_generator,
synthetic,420,1,s01,s01,normal,synthetic_generator,
synthetic,420,2,s15,s15,normal,synthetic_generator,
synthetic,420,3,s22,s22,normal,synthetic_generator,
synthetic,420,4,s40,s40,normal,synthetic_generator,
synthetic,420,5,s03,s03,normal,synthetic_generator,
synthetic,420,6,s11,s11,normal,synthetic_generator,
synthetic,420,7,s22,s22,normal,synthetic_generator,
synthetic,420,8,s01,s01,normal,synthetic_generator,
synthetic,420,9,s11,s11,normal,synthetic_generator,
synthetic,421,1,s01,s01,normal,synthetic_generator,
synthetic,421,2,s11,s11,normal,synthetic_generator,
synthetic,421,3,s22,s22,normal,synthetic_generator,
synthetic,421,4,s30,s30,normal,synthetic_generator,
synthetic,421,5,s03,s03,normal,synthetic_generator,
synthetic,421,6,s13,s13,normal,synthetic_generator,
synthetic,422,1,s03,s03,normal,synthetic_generator,
synthetic,422,2,s11,s11,normal,synthetic_generator,
synthetic,422,3,s23,s23,normal,synthetic_generator,
synthetic,422,4,s31,s31,normal,synthetic_generator,
synthetic,422,5,s01,s01,normal,synthetic_generator,
synthetic,422,6,s13,s13,normal,synthetic_generator,
synthetic,423,1,s03,s03,normal,synthetic_generator,
synthetic,423,2,s15,s15,normal,synthetic_generator,
synthetic,423,3,s21,s21,normal,synthetic_generator,
synthetic,423,4,s40,s40,normal,synthetic_generator,
synthetic,423,5,s02,s02,normal,synthetic_generator,
synthetic,423,6,s12,s12,normal,synthetic_generator,
synthetic,423,7,s21,s21,normal,synthetic_generator,
synthetic,423,8,s01,s01,normal,synthetic_generator,
synthetic,423,9,s12,s12,normal,synthetic_generator,
synthetic,424,1,s03,s03,normal,synthetic_generator,
synthetic,424,2,s10,s10,normal,synthetic_generator,
synthetic,424,3,s22,s22,normal,synthetic_generator,
synthetic,424,4,s30,s30,normal,synthetic_generator,
synthetic,424,5,s02,s02,normal,synthetic_generator,
synthetic,424,6,s11,s11,normal,synthetic_generator,
synthetic,425,1,s02,s02,normal,synthetic_generator,
synthetic,425,2,s14,s14,normal,synthetic_generator,
synthetic,425,3,s23,s23,normal,synthetic_generator,
synthetic,425,4,s02,s02,normal,synthetic_generator,
synthetic,425,5,s15,s15,normal,synthetic_generator,
synthetic,426,1,s02,s02,normal,synthetic_generator,
synthetic,426,2,s15,s15,normal,synthetic_generator,
synthetic,426,3,s23,s23,normal,synthetic_generator,
synthetic,426,4,s31,s31,normal,synthetic_generator,
synthetic,426,5,s01,s01,normal,synthetic_generator,
synthetic,426,6,s10,s10,normal,synthetic_generator,
synthetic,427,1,s01,s01,normal,synthetic_generator,
synthetic,427,2,s11,s11,normal,synthetic_generator,
synthetic,427,3,s22,s22,normal,synthetic_generator,
synthetic,427,4,s40,s40,normal,synthetic_generator,
synthetic,427,5,s02,s02,normal,synthetic_generator,
synthetic,427,6,s11,s11,normal,synthetic_generator,
synthetic,427,7,s22,s22,normal,synthetic_generator,
synthetic,427,8,s01,s01,normal,synthetic_generator,
synthetic,427,9,s13,s13,normal,synthetic_generator,
synthetic,428,1,s03,s03,normal,synthetic_generator,
synthetic,428,2,s13,s13,normal,synthetic_generator,
synthetic,428,3,s20,s20,normal,synthetic_generator,
synthetic,428,4,s40,s40,normal,synthetic_generator,
synthetic,428,5,s02,s02,normal,synthetic_generator,
synthetic,428,6,s14,s14,normal,synthetic_generator,
synthetic,428,7,s22,s22,normal,synthetic_generator,
synthetic,428,8,s03,s03,normal,synthetic_generator,
synthetic,428,9,s10,s10,normal,synthetic_generator,
synthetic,429,1,s02,s02,normal,synthetic_generator,
synthetic,429,2,s14,s14,normal,synthetic_generator,
synthetic,429,3,s21,s21,normal,synthetic_generator,
synthetic,429,4,s40,s40,normal,synthetic_generator,
synthetic,429,5,s01,s01,normal,synthetic_generator,
synthetic,429,6,s15,s15,normal,synthetic_generator,
synthetic,429,7,s21,s21,normal,synthetic_generator,
synthetic,429,8,s02,s02,normal,synthetic_generator,
synthetic,429,9,s10,s10,normal,synthetic_generator,
synthetic,430,1,s02,s02,normal,synthetic_generator,
synthetic,430,2,s12,s12,normal,synthetic_generator,
synthetic,430,3,s20,s20,normal,synthetic_generator,
synthetic,430,4,s31,s31,normal,synthetic_generator,
synthetic,430,5,s01,s01,normal,synthetic_generator,
synthetic,430,6,s11,s11,normal,synthetic_generator,
synthetic,431,1,s03,s03,normal,synthetic_generator,
synthetic,431,2,s14,s14,normal,synthetic_generator,
synthetic,431,3,s22,s22,normal,synthetic_generator,
synthetic,431,4,s03,s03,normal,synthetic_generator,
synthetic,431,5,s14,s14,normal,synthetic_generator,
synthetic,432,1,s02,s02,normal,synthetic_generator,
synthetic,432,2,s11,s11,normal,synthetic_generator,
synthetic,432,3,s21,s21,normal,synthetic_generator,
synthetic,432,4,s40,s40,normal,synthetic_generator,
synthetic,432,5,s01,s01,normal,synthetic_generator,
synthetic,432,6,s10,s10,normal,synthetic_generator,
synthetic,432,7,s22,s22,normal,synthetic_generator,
synthetic,432,8,s03,s03,normal,synthetic_generator,
synthetic,432,9,s12,s12,normal,synthetic_generator,
synthetic,433,1,s03,s03,normal,synthetic_generator,
synthetic,433,2,s11,s11,normal,synthetic_generator,
synthetic,433,3,s22,s22,normal,synthetic_generator,
synthetic,433,4,s40,s40,normal,synthetic_generator,
synthetic,433,5,s02,s02,normal,synthetic_generator,
synthetic,433,6,s14,s14,normal,synthetic_generator,
synthetic,433,7,s22,s22,normal,synthetic_generator,
synthetic,433,8,s03,s03,normal,synthetic_generator,
synthetic,433,9,s15,s15,normal,synthetic_generator,
synthetic,434,1,s01,s01,normal,synthetic_generator,
synthetic,434,2,s13,s13,normal,synthetic_generator,
synthetic,434,3,s20,s20,normal,synthetic_generator,
synthetic,434,4,s02,s02,normal,synthetic_generator,
synthetic,434,5,s15,s15,normal,synthetic_generator,
synthetic,435,1,s03,s03,normal,synthetic_generator,
synthetic,435,2,s11,s11,normal,synthetic_generator,
synthetic,435,3,s21,s21,normal,synthetic_generator,
synthetic,435,4,s01,s01,normal,synthetic_generator,
synthetic,435,5,s15,s15,normal,synthetic_generator,
synthetic,436,1,s01,s01,normal,synthetic_generator,
synthetic,436,2,s15,s15,normal,synthetic_generator,
synthetic,436,3,s23,s23,normal,synthetic_generator,
synthetic,436,4,s31,s31,normal,synthetic_generator,
synthetic,436,5,s01,s01,normal,synthetic_generator,
synthetic,436,6,s14,s14,normal,synthetic_generator,
synthetic,437,1,s02,s02,normal,synthetic_generator,
synthetic,437,2,s15,s15,normal,synthetic_generator,
synthetic,437,3,s23,s23,normal,synthetic_generator,
synthetic,437,4,s40,s40,normal,synthetic_generator,
synthetic,437,5,s02,s02,normal,synthetic_generator,
synthetic,437,6,s10,s10,normal,synthetic_generator,
synthetic,437,7,s20,s20,normal,synthetic_generator,
synthetic,437,8,s02,s02,normal,synthetic_generator,
synthetic,437,9,s14,s14,normal,synthetic_generator,
synthetic,438,1,s02,s02,normal,synthetic_generator,
synthetic,438,2,s15,s15,normal,synthetic_generator,
synthetic,438,3,s22,s22,normal,synthetic_generator,
synthetic,438,4,s40,s40,normal,synthetic_generator,
synthetic,438,5,s02,s02,normal,synthetic_generator,
synthetic,438,6,s12,s12,normal,synthetic_generator,
synthetic,438,7,s20,s20,normal,synthetic_generator,
synthetic,438,8,s03,s03,normal,synthetic_generator,
synthetic,438,9,s10,s10,normal,synthetic_generator,
synthetic,439,1,s02,s02,normal,synthetic_generator,
synthetic,439,2,s15,s15,normal,synthetic_generator,
synthetic,439,3,s22,s22,normal,synthetic_generator,
synthetic,439,4,s40,s40,normal,synthetic_generator,
synthetic,439,5,s03,s03,normal,synthetic_generator,
synthetic,439,6,s13,s13,normal,synthetic_generator,
synthetic,439,7,s21,s21,normal,synthetic_generator,
synthetic,439,8,s02,s02,normal,synthetic_generator,
synthetic,439,9,s11,s11,normal,synthetic_generator,
synthetic,440,1,s02,s02,normal,synthetic_generator,
synthetic,440,2,s12,s12,normal,synthetic_generator,
synthetic,440,3,s22,s22,normal,synthetic_generator,
synthetic,440,4,s31,s31,normal,synthetic_generator,
synthetic,440,5,s03,s03,normal,synthetic_generator,
synthetic,440,6,s14,s14,normal,synthetic_generator,
synthetic,441,1,s03,s03,normal,synthetic_generator,
synthetic,441,2,s13,s13,normal,synthetic_generator,
synthetic,441,3,s22,s22,normal,synthetic_generator,
synthetic,441,4,s03,s03,normal,synthetic_generator,
synthetic,441,5,s10,s10,normal,synthetic_generator,
synthetic,442,1,s01,s01,normal,synthetic_generator,
synthetic,442,2,s15,s15,normal,synthetic_generator,
synthetic,442,3,s23,s23,normal,synthetic_generator,
synthetic,442,4,s01,s01,normal,synthetic_generator,
synthetic,442,5,s10,s10,normal,synthetic_generator,
synthetic,443,1,s02,s02,normal,synthetic_generator,
synthetic,443,2,s13,s13,normal,synthetic_generator,
synthetic,443,3,s20,s20,normal,synthetic_generator,
synthetic,443,4,s02,s02,normal,synthetic_generator,
synthetic,443,5,s11,s11,normal,synthetic_generator,
synthetic,444,1,s01,s01,normal,synthetic_generator,
synthetic,444,2,s15,s15,normal,synthetic_generator,
synthetic,444,3,s22,s22,normal,synthetic_generator,
synthetic,444,4,s40,s40,normal,synthetic_generator,
synthetic,444,5,s02,s02,normal,synthetic_generator,
synthetic,444,6,s10,s10,normal,synthetic_generator,
synthetic,444,7,s22,s22,normal,synthetic_generator,
synthetic,444,8,s02,s02,normal,synthetic_generator,
synthetic,444,9,s10,s10,normal,synthetic_generator,
synthetic,445,1,s03,s03,normal,synthetic_generator,
synthetic,445,2,s15,s15,normal,synthetic_generator,
synthetic,445,3,s21,s21,normal,synthetic_generator,
synthetic,445,4,s30,s30,normal,synthetic_generator,
synthetic,445,5,s02,s02,normal,synthetic_generator,
synthetic,445,6,s15,s15,normal,synthetic_generator,
synthetic,446,1,s03,s03,normal,synthetic_generator,
synthetic,446,2,s15,s15,normal,synthetic_generator,
synthetic,446,3,s21,s21,normal,synthetic_generator,
synthetic,446,4,s31,s31,normal,synthetic_generator,
synthetic,446,5,s03,s03,normal,synthetic_generator,
synthetic,446,6,s10,s10,normal,synthetic_generator,
synthetic,447,1,s01,s01,normal,synthetic_generator,
synthetic,447,2,s10,s10,normal,synthetic_generator,
synthetic,447,3,s21,s21,normal,synthetic_generator,
synthetic,447,4,s40,s40,normal,synthetic_generator,
synthetic,447,5,s01,s01,normal,synthetic_generator,
synthetic,447,6,s11,s11,normal,synthetic_generator,
synthetic,447,7,s21,s21,normal,synthetic_generator,
synthetic,447,8,s03,s03,normal,synthetic_generator,
synthetic,447,9,s15,s15,normal,synthetic_generator,
synthetic,448,1,s01,s01,normal,synthetic_generator,
synthetic,448,2,s10,s10,normal,synthetic_generator,
synthetic,448,3,s22,s22,normal,synthetic_generator,
synthetic,448,4,s30,s30,normal,synthetic_generator,
synthetic,448,5,s02,s02,normal,synthetic_generator,
synthetic,448,6,s15,s15,normal,synthetic_generator,
synthetic,449,1,s02,s02,normal,synthetic_generator,
synthetic,449,2,s10,s10,normal,synthetic_generator,
synthetic,449,3,s21,s21,normal,synthetic_generator,
synthetic,449,4,s02,s02,normal,synthetic_generator,
synthetic,449,5,s10,s10,normal,synthetic_generator,
synthetic,450,1,s01,s01,normal,synthetic_generator,
synthetic,450,2,s10,s10,normal,synthetic_generator,
synthetic,450,3,s22,s22,normal,synthetic_generator,
synthetic,450,4,s40,s40,normal,synthetic_generator,
synthetic,450,5,s02,s02,normal,synthetic_generator,
synthetic,450,6,s11,s11,normal,synthetic_generator,
synthetic,450,7,s23,s23,normal,synthetic_generator,
synthetic,450,8,s01,s01,normal,synthetic_generator,
synthetic,450,9,s15,s15,normal,synthetic_generator,
synthetic,451,1,s01,s01,normal,synthetic_generator,
synthetic,451,2,s10,s10,normal,synthetic_generator,
synthetic,451,3,s20,s20,normal,synthetic_generator,
synthetic,451,4,s40,s40,normal,synthetic_generator,
synthetic,451,5,s02,s02,normal,synthetic_generator,
synthetic,451,6,s12,s12,normal,synthetic_generator,
synthetic,451,7,s21,s21,normal,synthetic_generator,
synthetic,451,8,s03,s03,normal,synthetic_generator,
synthetic,451,9,s15,s15,normal,synthetic_generator,
synthetic,452,1,s02,s02,normal,synthetic_generator,
synthetic,452,2,s14,s14,normal,synthetic_generator,
synthetic,452,3,s23,s23,normal,synthetic_generator,
synthetic,452,4,s01,s01,normal,synthetic_generator,
synthetic,452,5,s10,s10,normal,synthetic_generator,
synthetic,453,1,s01,s01,normal,synthetic_generator,
synthetic,453,2,s10,s10,normal,synthetic_generator,
synthetic,453,3,s23,s23,normal,synthetic_generator,
synthetic,453,4,s02,s02,normal,synthetic_generator,
synthetic,453,5,s13,s13,normal,synthetic_generator,
synthetic,454,1,s01,s01,normal,synthetic_generator,
synthetic,454,2,s11,s11,normal,synthetic_generator,
synthetic,454,3,s22,s22,normal,synthetic_generator,
synthetic,454,4,s30,s30,normal,synthetic_generator,
synthetic,454,5,s01,s01,normal,synthetic_generator,
synthetic,454,6,s14,s14,normal,synthetic_generator,
synthetic,455,1,s03,s03,normal,synthetic_generator,
synthetic,455,2,s15,s15,normal,synthetic_generator,
synthetic,455,3,s22,s22,normal,synthetic_generator,
synthetic,455,4,s40,s40,normal,synthetic_generator,
synthetic,455,5,s03,s03,normal,synthetic_generator,
synthetic,455,6,s12,s12,normal,synthetic_generator,
synthetic,455,7,s21,s21,normal,synthetic_generator,
synthetic,455,8,s03,s03,normal,synthetic_generator,
synthetic,455,9,s14,s14,normal,synthetic_generator,
synthetic,456,1,s01,s01,normal,synthetic_generator,
synthetic,456,2,s15,s15,normal,synthetic_generator,
synthetic,456,3,s23,s23,normal,synthetic_generator,
synthetic,456,4,s40,s40,normal,synthetic_generator,
synthetic,456,5,s03,s03,normal,synthetic_generator,
synthetic,456,6,s10,s10,normal,synthetic_generator,
synthetic,456,7,s21,s21,normal,synthetic_generator,
synthetic,456,8,s02,s02,normal,synthetic_generator,
synthetic,456,9,s13,s13,normal,synthetic_generator,
synthetic,457,1,s01,s01,normal,synthetic_generator,
synthetic,457,2,s13,s13,normal,synthetic_generator,
synthetic,457,3,s20,s20,normal,synthetic_generator,
synthetic,457,4,s03,s03,normal,synthetic_generator,
synthetic,457,5,s10,s10,normal,synthetic_generator,
synthetic,458,1,s02,s02,normal,synthetic_generator,
synthetic,458,2,s11,s11,normal,synthetic_generator,
synthetic,458,3,s23,s23,normal,synthetic_generator,
synthetic,458,4,s31,s31,normal,synthetic_generator,
synthetic,458,5,s02,s02,normal,synthetic_generator,
synthetic,458,6,s14,s14,normal,synthetic_generator,
synthetic,459,1,s01,s01,normal,synthetic_generator,
synthetic,459,2,s13,s13,normal,synthetic_generator,
synthetic,459,3,s20,s20,normal,synthetic_generator,
synthetic,459,4,s40,s40,normal,synthetic_generator,
synthetic,459,5,s03,s03,normal,synthetic_generator,
synthetic,459,6,s10,s10,normal,synthetic_generator,
synthetic,459,7,s20,s20,normal,synthetic_generator,
synthetic,459,8,s02,s02,normal,synthetic_generator,
synthetic,459,9,s11,s11,normal,synthetic_generator,
synthetic,460,1,s01,s01,normal,synthetic_generator,
synthetic,460,2,s13,s13,normal,synthetic_generator,
synthetic,460,3,s22,s22,normal,synthetic_generator,
synthetic,460,4,s03,s03,normal,synthetic_generator,
synthetic,460,5,s15,s15,normal,synthetic_generator,
synthetic,461,1,s02,s02,normal,synthetic_generator,
synthetic,461,2,s13,s13,normal,synthetic_generator,
synthetic,461,3,s23,s23,normal,synthetic_generator,
synthetic,461,4,s40,s40,normal,synthetic_generator,
synthetic,461,5,s03,s03,normal,synthetic_generator,
synthetic,461,6,s14,s14,normal,synthetic_generator,
synthetic,461,7,s21,s21,normal,synthetic_generator,
synthetic,461,8,s02,s02,normal,synthetic_generator,
synthetic,461,9,s10,s10,normal,synthetic_generator,
synthetic,462,1,s01,s01,normal,synthetic_generator,
synthetic,462,2,s14,s14,normal,synthetic_generator,
synthetic,462,3,s21,s21,normal,synthetic_generator,
synthetic,462,4,s30,s30,normal,synthetic_generator,
synthetic,462,5,s03,s03,normal,synthetic_generator,
synthetic,462,6,s12,s12,normal,synthetic_generator,
synthetic,463,1,s03,s03,normal,synthetic_generator,
synthetic,463,2,s15,s15,normal,synthetic_generator,
synthetic,463,3,s20,s20,normal,synthetic_generator,
synthetic,463,4,s31,s31,normal,synthetic_generator,
synthetic,463,5,s03,s03,normal,synthetic_generator,
synthetic,463,6,s13,s13,normal,synthetic_generator,
synthetic,464,1,s01,s01,normal,synthetic_generator,
synthetic,464,2,s10,s10,normal,synthetic_generator,
synthetic,464,3,s21,s21,normal,synthetic_generator,
synthetic,464,4,s40,s40,normal,synthetic_generator,
synthetic,464,5,s02,s02,normal,synthetic_generator,
synthetic,464,6,s10,s10,normal,synthetic_generator,
synthetic,464,7,s23,s23,normal,synthetic_generator,
synthetic,464,8,s03,s03,normal,synthetic_generator,
synthetic,464,9,s14,s14,normal,synthetic_generator,
synthetic,465,1,s02,s02,normal,synthetic_generator,
synthetic,465,2,s15,s15,normal,synthetic_generator,
synthetic,465,3,s21,s21,normal,synthetic_generator,
synthetic,465,4,s01,s01,normal,synthetic_generator,
synthetic,465,5,s10,s10,normal,synthetic_generator,
synthetic,466,1,s01,s01,normal,synthetic_generator,
synthetic,466,2,s15,s15,normal,synthetic_generator,
synthetic,466,3,s20,s20,normal,synthetic_generator,
synthetic,466,4,s40,s40,normal,synthetic_generator,
synthetic,466,5,s02,s02,normal,synthetic_generator,
synthetic,466,6,s12,s12,normal,synthetic_generator,
synthetic,466,7,s22,s22,normal,synthetic_generator,
synthetic,466,8,s01,s01,normal,synthetic_generator,
synthetic,466,9,s12,s12,normal,synthetic_generator,
synthetic,467,1,s03,s03,normal,synthetic_generator,
synthetic,467,2,s12,s12,normal,synthetic_generator,
synthetic,467,3,s20,s20,normal,synthetic_generator,
synthetic,467,4,s01,s01,normal,synthetic_generator,
synthetic,467,5,s12,s12,normal,synthetic_generator,
synthetic,468,1,s02,s02,normal,synthetic_generator,
synthetic,468,2,s14,s14,normal,synthetic_generator,
synthetic,468,3,s20,s20,normal,synthetic_generator,
synthetic,468,4,s31,s31,normal,synthetic_generator,
synthetic,468,5,s03,s03,normal,synthetic_generator,
synthetic,468,6,s14,s14,normal,synthetic_generator,
synthetic,469,1,s01,s01,normal,synthetic_generator,
synthetic,469,2,s13,s13,normal,synthetic_generator,
synthetic,469,3,s23,s23,normal,synthetic_generator,
synthetic,469,4,s40,s40,normal,synthetic_generator,
synthetic,469,5,s01,s01,normal,synthetic_generator,
synthetic,469,6,s13,s13,normal,synthetic_generator,
synthetic,469,7,s21,s21,normal,synthetic_generator,
synthetic,469,8,s02,s02,normal,synthetic_generator,
synthetic,469,9,s11,s11,normal,synthetic_generator,
synthetic,470,1,s01,s01,normal,synthetic_generator,
synthetic,470,2,s14,s14,normal,synthetic_generator,
synthetic,470,3,s20,s20,normal,synthetic_generator,
synthetic,470,4,s30,s30,normal,synthetic_generator,
synthetic,470,5,s03,s03,normal,synthetic_generator,
synthetic,470,6,s14,s14,normal,synthetic_generator,
synthetic,471,1,s01,s01,normal,synthetic_generator,
synthetic,471,2,s10,s10,normal,synthetic_generator,
synthetic,471,3,s21,s21,normal,synthetic_generator,
synthetic,471,4,s01,s01,normal,synthetic_generator,
synthetic,471,5,s13,s13,normal,synthetic_generator,
synthetic,472,1,s02,s02,normal,synthetic_generator,
synthetic,472,2,s11,s11,normal,synthetic_generator,
synthetic,472,3,s21,s21,normal,synthetic_generator,
synthetic,472,4,s30,s30,normal,synthetic_generator,
synthetic,472,5,s03,s03,normal,synthetic_generator,
synthetic,472,6,s15,s15,normal,synthetic_generator,
synthetic,473,1,s03,s03,normal,synthetic_generator,
synthetic,473,2,s13,s13,normal,synthetic_generator,
synthetic,473,3,s21,s21,normal,synthetic_generator,
synthetic,473,4,s40,s40,normal,synthetic_generator,
synthetic,473,5,s01,s01,normal,synthetic_generator,
synthetic,473,6,s13,s13,normal,synthetic_generator,
synthetic,473,7,s22,s22,normal,synthetic_generator,
synthetic,473,8,s02,s02,normal,synthetic_generator,
synthetic,473,9,s10,s10,normal,synthetic_generator,
synthetic,474,1,s02,s02,normal,synthetic_generator,
synthetic,474,2,s10,s10,normal,synthetic_generator,
synthetic,474,3,s20,s20,normal,synthetic_generator,
synthetic,474,4,s40,s40,normal,synthetic_generator,
synthetic,474,5,s01,s01,normal,synthetic_generator,
synthetic,474,6,s14,s14,normal,synthetic_generator,
synthetic,474,7,s20,s20,normal,synthetic_generator,
synthetic,474,8,s02,s02,normal,synthetic_generator,
synthetic,474,9,s10,s10,normal,synthetic_generator,
synthetic,475,1,s02,s02,normal,synthetic_generator,
synthetic,475,2,s12,s12,normal,synthetic_generator,
synthetic,475,3,s22,s22,normal,synthetic_generator,
synthetic,475,4,s30,s30,normal,synthetic_generator,
synthetic,475,5,s03,s03,normal,synthetic_generator,
synthetic,475,6,s13,s13,normal,synthetic_generator,
synthetic,476,1,s02,s02,normal,synthetic_generator,
synthetic,476,2,s11,s11,normal,synthetic_generator,
synthetic,476,3,s22,s22,normal,synthetic_generator,
synthetic,476,4,s03,s03,normal,synthetic_generator,
synthetic,476,5,s12,s12,normal,synthetic_generator,
synthetic,477,1,s03,s03,normal,synthetic_generator,
synthetic,477,2,s11,s11,normal,synthetic_generator,
synthetic,477,3,s23,s23,normal,synthetic_generator,
synthetic,477,4,s40,s40,normal,synthetic_generator,
synthetic,477,5,s03,s03,normal,synthetic_generator,
synthetic,477,6,s13,s13,normal,synthetic_generator,
synthetic,477,7,s21,s21,normal,synthetic_generator,
synthetic,477,8,s03,s03,normal,synthetic_generator,
synthetic,477,9,s14,s14,normal,synthetic_generator,
synthetic,478,1,s01,s01,normal,synthetic_generator,
synthetic,478,2,s10,s10,normal,synthetic_generator,
synthetic,478,3,s23,s23,normal,synthetic_generator,
synthetic,478,4,s01,s01,normal,synthetic_generator,
synthetic,478,5,s11,s11,normal,synthetic_generator,
synthetic,479,1,s02,s02,normal,synthetic_generator,
synthetic,479,2,s15,s15,normal,synthetic_generator,
synthetic,479,3,s20,s20,normal,synthetic_generator,
synthetic,479,4,s40,s40,normal,synthetic_generator,
synthetic,479,5,s01,s01,normal,synthetic_generator,
synthetic,479,6,s15,s15,normal,synthetic_generator,
synthetic,479,7,s23,s23,normal,synthetic_generator,
synthetic,479,8,s03,s03,normal,synthetic_generator,
synthetic,479,9,s15,s15,normal,synthetic_generator,
synthetic,480,1,s01,s01,normal,synthetic_generator,
synthetic,480,2,s11,s11,normal,synthetic_generator,
synthetic,480,3,s21,s21,normal,synthetic_generator,
synthetic,480,4,s31,s31,normal,synthetic_generator,
synthetic,480,5,s02,s02,normal,synthetic_generator,
synthetic,480,6,s10,s10,normal,synthetic_generator,
synthetic,481,1,s03,s03,normal,synthetic_generator,
synthetic,481,2,s12,s12,normal,synthetic_generator,
synthetic,481,3,s20,s20,normal,synthetic_generator,
synthetic,481,4,s01,s01,normal,synthetic_generator,
synthetic,481,5,s11,s11,normal,synthetic_generator,
synthetic,482,1,s02,s02,normal,synthetic_generator,
synthetic,482,2,s15,s15,normal,synthetic_generator,
synthetic,482,3,s22,s22,normal,synthetic_generator,
synthetic,482,4,s40,s40,normal,synthetic_generator,
synthetic,482,5,s03,s03,normal,synthetic_generator,
synthetic,482,6,s10,s10,normal,synthetic_generator,
synthetic,482,7,s20,s20,normal,synthetic_generator,
synthetic,482,8,s03,s03,normal,synthetic_generator,
synthetic,482,9,s11,s11,normal,synthetic_generator,
synthetic,483,1,s02,s02,normal,synthetic_generator,
synthetic,483,2,s10,s10,normal,synthetic_generator,
synthetic,483,3,s20,s20,normal,synthetic_generator,
synthetic,483,4,s40,s40,normal,synthetic_generator,
synthetic,483,5,s03,s03,normal,synthetic_generator,
synthetic,483,6,s11,s11,normal,synthetic_generator,
synthetic,483,7,s21,s21,normal,synthetic_generator,
synthetic,483,8,s02,s02,normal,synthetic_generator,
synthetic,483,9,s12,s12,normal,synthetic_generator,
synthetic,484,1,s02,s02,normal,synthetic_generator,
synthetic,484,2,s15,s15,normal,synthetic_generator,
synthetic,484,3,s22,s22,normal,synthetic_generator,
synthetic,484,4,s31,s31,normal,synthetic_generator,
synthetic,484,5,s02,s02,normal,synthetic_generator,
synthetic,484,6,s12,s12,normal,synthetic_generator,
synthetic,485,1,s01,s01,normal,synthetic_generator,
synthetic,485,2,s11,s11,normal,synthetic_generator,
synthetic,485,3,s21,s21,normal,synthetic_generator,
synthetic,485,4,s03,s03,normal,synthetic_generator,
synthetic,485,5,s10,s10,normal,synthetic_generator,
synthetic,486,1,s01,s01,normal,synthetic_generator,
synthetic,486,2,s11,s11,normal,synthetic_generator,
synthetic,486,3,s23,s23,normal,synthetic_generator,
synthetic,486,4,s02,s02,normal,synthetic_generator,
synthetic,486,5,s12,s12,normal,synthetic_generator,
synthetic,487,1,s01,s01,normal,synthetic_generator,
synthetic,487,2,s14,s14,normal,synthetic_generator,
synthetic,487,3,s22,s22,normal,synthetic_generator,
synthetic,487,4,s30,s30,normal,synthetic_generator,
synthetic,487,5,s02,s02,normal,synthetic_generator,
synthetic,487,6,s12,s12,normal,synthetic_generator,
synthetic,488,1,s02,s02,normal,synthetic_generator,
synthetic,488,2,s10,s10,normal,synthetic_generator,
synthetic,488,3,s20,s20,normal,synthetic_generator,
synthetic,488,4,s30,s30,normal,synthetic_generator,
synthetic,488,5,s03,s03,normal,synthetic_generator,
synthetic,488,6,s12,s12,normal,synthetic_generator,
synthetic,489,1,s03,s03,normal,synthetic_generator,
synthetic,489,2,s14,s14,normal,synthetic_generator,
synthetic,489,3,s20,s20,normal,synthetic_generator,
synthetic,489,4,s40,s40,normal,synthetic_generator,
synthetic,489,5,s02,s02,normal,synthetic_generator,
synthetic,489,6,s11,s11,normal,synthetic_generator,
synthetic,489,7,s20,s20,normal,synthetic_generator,
synthetic,489,8,s03,s03,normal,synthetic_generator,
synthetic,489,9,s11,s11,normal,synthetic_generator,
synthetic,490,1,s02,s02,normal,synthetic_generator,
synthetic,490,2,s14,s14,normal,synthetic_generator,
synthetic,490,3,s20,s20,normal,synthetic_generator,
synthetic,490,4,s31,s31,normal,synthetic_generator,
synthetic,490,5,s02,s02,normal,synthetic_generator,
synthetic,490,6,s11,s11,normal,synthetic_generator,
synthetic,491,1,s02,s02,normal,synthetic_generator,
synthetic,491,2,s13,s13,normal,synthetic_generator,
synthetic,491,3,s21,s21,normal,synthetic_generator,
synthetic,491,4,s01,s01,normal,synthetic_generator,
synthetic,491,5,s13,s13,normal,synthetic_generator,
synthetic,492,1,s01,s01,normal,synthetic_generator,
synthetic,492,2,s10,s10,normal,synthetic_generator,
synthetic,492,3,s20,s20,normal,synthetic_generator,
synthetic,492,4,s01,s01,normal,synthetic_generator,
synthetic,492,5,s11,s11,normal,synthetic_generator,
synthetic,493,1,s01,s01,normal,synthetic_generator,
synthetic,493,2,s13,s13,normal,synthetic_generator,
synthetic,493,3,s22,s22,normal,synthetic_generator,
synthetic,493,4,s03,s03,normal,synthetic_generator,
synthetic,493,5,s15,s15,normal,synthetic_generator,
synthetic,494,1,s01,s01,normal,synthetic_generator,
synthetic,494,2,s14,s14,normal,synthetic_generator,
synthetic,494,3,s22,s22,normal,synthetic_generator,
synthetic,494,4,s40,s40,normal,synthetic_generator,
synthetic,494,5,s01,s01,normal,synthetic_generator,
synthetic,494,6,s10,s10,normal,synthetic_generator,
synthetic,494,7,s21,s21,normal,synthetic_generator,
synthetic,494,8,s03,s03,normal,synthetic_generator,
synthetic,494,9,s13,s13,normal,synthetic_generator,
synthetic,495,1,s01,s01,normal,synthetic_generator,
synthetic,495,2,s12,s12,normal,synthetic_generator,
synthetic,495,3,s20,s20,normal,synthetic_generator,
synthetic,495,4,s01,s01,normal,synthetic_generator,
synthetic,495,5,s13,s13,normal,synthetic_generator,
synthetic,496,1,s01,s01,normal,synthetic_generator,
synthetic,496,2,s14,s14,normal,synthetic_generator,
synthetic,496,3,s23,s23,normal,synthetic_generator,
synthetic,496,4,s03,s03,normal,synthetic_generator,
synthetic,496,5,s13,s13,normal,synthetic_generator,
synthetic,497,1,s01,s01,normal,synthetic_generator,
synthetic,497,2,s13,s13,normal,synthetic_generator,
synthetic,497,3,s23,s23,normal,synthetic_generator,
synthetic,497,4,s30,s30,normal,synthetic_generator,
synthetic,497,5,s02,s02,normal,synthetic_generator,
synthetic,497,6,s11,s11,normal,synthetic_generator,
synthetic,498,1,s02,s02,normal,synthetic_generator,
synthetic,498,2,s12,s12,normal,synthetic_generator,
synthetic,498,3,s23,s23,normal,synthetic_generator,
synthetic,498,4,s01,s01,normal,synthetic_generator,
synthetic,498,5,s10,s10,normal,synthetic_generator,
synthetic,499,1,s03,s03,normal,synthetic_generator,
synthetic,499,2,s14,s14,normal,synthetic_generator,
synthetic,499,3,s21,s21,normal,synthetic_generator,
synthetic,499,4,s40,s40,normal,synthetic_generator,
synthetic,499,5,s02,s02,normal,synthetic_generator,
synthetic,499,6,s13,s13,normal,synthetic_generator,
synthetic,499,7,s23,s23,normal,synthetic_generator,
synthetic,499,8,s01,s01,normal,synthetic_generator,
synthetic,499,9,s10,s10,normal,synthetic_generator,
synthetic,500,1,s02,s02,normal,synthetic_generator,
synthetic,500,2,s11,s11,normal,synthetic_generator,
synthetic,500,3,s23,s23,normal,synthetic_generator,
synthetic,500,4,s30,s30,normal,synthetic_generator,
synthetic,500,5,s03,s03,normal,synthetic_generator,
synthetic,500,6,s14,s14,normal,synthetic_generator,
