doc_id,line_id,position,token,raw_token,orientation,source,link
A,Aa01,1,430!,430!,normal,RR-corpus_phspaelti,.
A,Aa01,2,040,040,normal,RR-corpus_phspaelti,-
A,Aa01,3,320,320,normal,RR-corpus_phspaelti,.
A,Aa01,4,009,009,normal,RR-corpus_phspaelti,-
A,Aa01,5,320,320,normal,RR-corpus_phspaelti,.
A,Aa01,6,009,009,normal,RR-corpus_phspaelti,-
A,Aa01,7,440,440,normal,RR-corpus_phspaelti,-
A,Aa01,8,440,440,normal,RR-corpus_phspaelti,-
A,Aa01,9,440,440,normal,RR-corpus_phspaelti,-
A,Aa01,10,440,440,normal,RR-corpus_phspaelti,-
A,Aa01,11,445,445,normal,RR-corpus_phspaelti,-
A,Aa01,12,695,695,normal,RR-corpus_phspaelti,-
A,Aa01,13,004,004,normal,RR-corpus_phspaelti,.
A,Aa01,14,120a,120a,normal,RR-corpus_phspaelti,-
A,Aa01,15,004,004,normal,RR-corpus_phspaelti,.
A,Aa01,16,067,067,normal,RR-corpus_phspaelti,-
A,Aa01,17,034c,034c,normal,RR-corpus_phspaelti,-
A,Aa01,18,060a,060a,normal,RR-corpus_phspaelti,.
A,Aa01,19,260,260,normal,RR-corpus_phspaelti,-
A,Aa01,20,554a,554a,normal,RR-corpus_phspaelti,-
A,Aa01,21,022bf,022bf,normal,RR-corpus_phspaelti,-
A,Aa01,22,551,551,normal,RR-corpus_phspaelti,.
A,Aa01,23,061c,061c,normal,RR-corpus_phspaelti,-
A,Aa01,24,022bfy,022bfy,normal,RR-corpus_phspaelti,-
A,Aa01,25,552,552,normal,RR-corpus_phspaelti,-
A,Aa01,26,022bfy,022bfy,normal,RR-corpus_phspaelti,-
A,Aa01,27,551,551,normal,RR-corpus_phspaelti,-
A,Aa01,28,022bfy,022bfy,normal,RR-corpus_phspaelti,-
A,Aa01,29,301,301,normal,RR-corpus_phspaelti,.
A,Aa01,30,082,082,normal,RR-corpus_phspaelti,-
A,Aa01,31,022bfy,022bfy,normal,RR-corpus_phspaelti,-
A,Aa01,32,008a,008a,normal,RR-corpus_phspaelti,.
A,Aa01,33,451V,451V,normal,RR-corpus_phspaelti,-
A,Aa01,34,022bf,022bf,normal,RR-corpus_phspaelti,-
A,Aa01,35,008a,008a,normal,RR-corpus_phspaelti,:
A,Aa01,36,005,005,normal,RR-corpus_phspaelti,-
A,Aa01,37,022bfy,022bfy,normal,RR-corpus_phspaelti,-
A,Aa01,38,008a,008a,normal,RR-corpus_phspaelti,.
A,Aa01,39,006,006,normal,RR-corpus_phspaelti,-
A,Aa01,40,022bfy,022bfy,normal,RR-corpus_phspaelti,-
A,Aa01,41,008a,008a,normal,RR-corpus_phspaelti,-
A,Aa01,42,004,004,normal,RR-corpus_phspaelti,.
A,Aa01,43,064a,064a,normal,RR-corpus_phspaelti,-
A,Aa01,44,022bf,022bf,normal,RR-corpus_phspaelti,-
A,Aa01,45,553,553,normal,RR-corpus_phspaelti,-
A,Aa01,46,022bfy,022bfy,normal,RR-corpus_phspaelti,-
A,Aa01,47,065,065,normal,RR-corpus_phspaelti,.
A,Aa01,48,003a,003a,normal,RR-corpus_phspaelti,-
A,Aa01,49,065,065,normal,RR-corpus_phspaelti,.
A,Aa01,50,003a,003a,normal,RR-corpus_phspaelti,-
A,Aa01,51,065,065,normal,RR-corpus_phspaelti,.
A,Aa01,52,095aj,095aj,normal,RR-corpus_phspaelti,-
A,Aa01,53,065,065,normal,RR-corpus_phspaelti,-
A,Aa01,54,065,065,normal,RR-corpus_phspaelti,.
A,Aa01,55,074fx,074fx,normal,RR-corpus_phspaelti,-
A,Aa01,56,065,065,normal,RR-corpus_phspaelti,-
A,Aa01,57,001,001,normal,RR-corpus_phspaelti,-
A,Aa01,58,065,065,normal,RR-corpus_phspaelti,-
A,Aa01,59,022,022,normal,RR-corpus_phspaelti,-
A,Aa01,60,065,065,normal,RR-corpus_phspaelti,.
A,Aa01,61,450y,450y,normal,RR-corpus_phspaelti,-
A,Aa01,62,065,065,normal,RR-corpus_phspaelti,.
A,Aa01,63,009,009,normal,RR-corpus_phspaelti,-
A,Aa01,64,065,065,normal,RR-corpus_phspaelti,.
A,Aa01,65,006y,006y,normal,RR-corpus_phspaelti,-
A,Aa01,66,004,004,normal,RR-corpus_phspaelti,-
A,Aa01,67,004,004,normal,RR-corpus_phspaelti,-
A,Aa01,68,004,004,normal,RR-corpus_phspaelti,-
A,Aa01,69,007,007,normal,RR-corpus_phspaelti,-
A,Aa01,70,002b,002b,normal,RR-corpus_phspaelti,-
A,Aa01,71,060a,060a,normal,RR-corpus_phspaelti,-
A,Aa01,72,093,093,normal,RR-corpus_phspaelti,-
A,Aa01,73,070,070,normal,RR-corpus_phspaelti,-
A,Aa01,74,200,200,normal,RR-corpus_phspaelti,-
A,Aa01,75,394a,394a,normal,RR-corpus_phspaelti,-
A,Aa01,76,008a,008a,normal,RR-corpus_phspaelti,-
A,Aa01,77,001,001,normal,RR-corpus_phspaelti,.
A,Aa01,78,008a,008a,normal,RR-corpus_phspaelti,-
A,Aa01,79,421,421,normal,RR-corpus_phspaelti,.
A,Aa01,80,739,739,normal,RR-corpus_phspaelti,-
A,Aa01,81,300,300,normal,RR-corpus_phspaelti,-
A,Aa01,82,445,445,normal,RR-corpus_phspaelti,-
A,Aa01,83,063a,063a,normal,RR-corpus_phspaelti,-
A,Aa01,84,384,384,normal,RR-corpus_phspaelti,-
A,Aa01,85,015af,015af,normal,RR-corpus_phspaelti,-
A,Aa01,86,384,384,normal,RR-corpus_phspaelti,-
A,Aa01,87,066ax,066ax,normal,RR-corpus_phspaelti,-
A,Aa01,88,498V,498V,normal,RR-corpus_phspaelti,-
A,Aa01,89,025,025,normal,RR-corpus_phspaelti,-
A,Aa01,90,301,301,normal,RR-corpus_phspaelti,-
A,Aa01,91,027f,027f,normal,RR-corpus_phspaelti,-
A,Aa01,92,630,630,normal,RR-corpus_phspaelti,.
A,Aa01,93,678,678,normal,RR-corpus_phspaelti,-
A,Aa01,94,739ay,739ay,normal,RR-corpus_phspaelti,.
A,Aa01,95,052x,052x,normal,RR-corpus_phspaelti,-
A,Aa01,96,067,067,normal,RR-corpus_phspaelti,-
A,Aa01,97,655!,655!,normal,RR-corpus_phspaelti,-
A,Aa01,98,044ax,044ax,normal,RR-corpus_phspaelti,-
A,Aa01,99,002,002,normal,RR-corpus_phspaelti,-
A,Aa01,100,420,420,normal,RR-corpus_phspaelti,-
A,Aa01,101,290,290,normal,RR-corpus_phspaelti,.
A,Aa01,102,401!,401!,normal,RR-corpus_phspaelti,-
A,Aa01,103,658,658,normal,RR-corpus_phspaelti,-
A,Aa01,104,200i,200i,normal,RR-corpus_phspaelti,.
A,Aa01,105,093i,093i,normal,RR-corpus_phspaelti,-
A,Aa01,106,670,670,normal,RR-corpus_phspaelti,-
A,Aa01,107,711y,711y,normal,RR-corpus_phspaelti,.
A,Aa01,108,002,002,normal,RR-corpus_phspaelti,-
A,Aa01,109,741,741,normal,RR-corpus_phspaelti,-
A,Aa01,110,001,001,normal,RR-corpus_phspaelti,.
A,Aa01,111,006y,006y,normal,RR-corpus_phspaelti,-
A,Aa01,112,376a,376a,normal,RR-corpus_phspaelti,-
A,Aa01,113,539!,539!,normal,RR-corpus_phspaelti,-
A,Aa01,114,734a!,734a!,normal,RR-corpus_phspaelti,-
A,Aa01,115,000!,000!,normal,RR-corpus_phspaelti,-
A,Aa01,116,000!,000!,normal,RR-corpus_phspaelti,*
A,Aa02,1,201,201,normal,RR-corpus_phspaelti,-
A,Aa02,2,027,027,normal,RR-corpus_phspaelti,-
A,Aa02,3,095bjt,095bjt,normal,RR-corpus_phspaelti,:
A,Aa02,4,103a,103a,normal,RR-corpus_phspaelti,-
A,Aa02,5,087,087,normal,RR-corpus_phspaelti,-
A,Aa02,6,022,022,normal,RR-corpus_phspaelti,-
A,Aa02,7,190,190,normal,RR-corpus_phspaelti,-
A,Aa02,8,539a,539a,normal,RR-corpus_phspaelti,.
A,Aa02,9,200i,200i,normal,RR-corpus_phspaelti,-
A,Aa02,10,300,300,normal,RR-corpus_phspaelti,.
A,Aa02,11,440,440,normal,RR-corpus_phspaelti,-
A,Aa02,12,131,131,normal,RR-corpus_phspaelti,-
A,Aa02,13,050,050,normal,RR-corpus_phspaelti,-
A,Aa02,14,442,442,normal,RR-corpus_phspaelti,-
A,Aa02,15,530,530,normal,RR-corpus_phspaelti,.
A,Aa02,16,071,071,normal,RR-corpus_phspaelti,-
A,Aa02,17,073,073,normal,RR-corpus_phspaelti,.
A,Aa02,18,064,064,normal,RR-corpus_phspaelti,-
A,Aa02,19,678b,678b,normal,RR-corpus_phspaelti,-
A,Aa02,20,701b,701b,normal,RR-corpus_phspaelti,.
A,Aa02,21,076y,076y,normal,RR-corpus_phspaelti,-
A,Aa02,22,047,047,normal,RR-corpus_phspaelti,-
A,Aa02,23,530,530,normal,RR-corpus_phspaelti,-
A,Aa02,24,022,022,normal,RR-corpus_phspaelti,.
A,Aa02,25,678b,678b,normal,RR-corpus_phspaelti,-
A,Aa02,26,539b,539b,normal,RR-corpus_phspaelti,-
A,Aa02,27,027,027,normal,RR-corpus_phspaelti,-
A,Aa02,28,655,655,normal,RR-corpus_phspaelti,.
A,Aa02,29,076y,076y,normal,RR-corpus_phspaelti,-
A,Aa02,30,301,301,normal,RR-corpus_phspaelti,-
A,Aa02,31,021t,021t,normal,RR-corpus_phspaelti,-
A,Aa02,32,073,073,normal,RR-corpus_phspaelti,.
A,Aa02,33,006,006,normal,RR-corpus_phspaelti,-
A,Aa02,34,393,393,normal,RR-corpus_phspaelti,-
A,Aa02,35,246a,246a,normal,RR-corpus_phspaelti,-
A,Aa02,36,073,073,normal,RR-corpus_phspaelti,.
A,Aa02,37,006,006,normal,RR-corpus_phspaelti,-
A,Aa02,38,033,033,normal,RR-corpus_phspaelti,-
A,Aa02,39,066fx,066fx,normal,RR-corpus_phspaelti,-
A,Aa02,40,093,093,normal,RR-corpus_phspaelti,-
A,Aa02,41,061y,061y,normal,RR-corpus_phspaelti,.
A,Aa02,42,086,086,normal,RR-corpus_phspaelti,.
A,Aa02,43,061,061,normal,RR-corpus_phspaelti,-
A,Aa02,44,048,048,normal,RR-corpus_phspaelti,-
A,Aa02,45,430b,430b,normal,RR-corpus_phspaelti,-
A,Aa02,46,090j,090j,normal,RR-corpus_phspaelti,-
A,Aa02,47,011,011,normal,RR-corpus_phspaelti,-
A,Aa02,48,090j,090j,normal,RR-corpus_phspaelti,-
A,Aa02,49,070b,070b,normal,RR-corpus_phspaelti,-
A,Aa02,50,048,048,normal,RR-corpus_phspaelti,-
A,Aa02,51,076,076,normal,RR-corpus_phspaelti,-
A,Aa02,52,007,007,normal,RR-corpus_phspaelti,-
A,Aa02,53,545,545,normal,RR-corpus_phspaelti,-
A,Aa02,54,195a?,195a?,normal,RR-corpus_phspaelti,.
A,Aa02,55,009,009,normal,RR-corpus_phspaelti,-
A,Aa02,56,011,011,normal,RR-corpus_phspaelti,-
A,Aa02,57,538,538,normal,RR-corpus_phspaelti,-
A,Aa02,58,041b?,041b?,normal,RR-corpus_phspaelti,-
A,Aa02,59,678b,678b,normal,RR-corpus_phspaelti,-
A,Aa02,60,530,530,normal,RR-corpus_phspaelti,.
A,Aa02,61,001,001,normal,RR-corpus_phspaelti,-
A,Aa02,62,021a,021a,normal,RR-corpus_phspaelti,-
A,Aa02,63,022bfy,022bfy,normal,RR-corpus_phspaelti,-
A,Aa02,64,011,011,normal,RR-corpus_phspaelti,.
A,Aa02,65,670,670,normal,RR-corpus_phspaelti,-
A,Aa02,66,099aj,099aj,normal,RR-corpus_phspaelti,-
A,Aa02,67,144f,144f,normal,RR-corpus_phspaelti,-
A,Aa02,68,200,200,normal,RR-corpus_phspaelti,-
A,Aa02,69,011,011,normal,RR-corpus_phspaelti,-
A,Aa02,70,200,200,normal,RR-corpus_phspaelti,-
A,Aa02,71,070a,070a,normal,RR-corpus_phspaelti,-
A,Aa02,72,144f,144f,normal,RR-corpus_phspaelti,-
A,Aa02,73,071c,071c,normal,RR-corpus_phspaelti,-
A,Aa02,74,047,047,normal,RR-corpus_phspaelti,-
A,Aa02,75,011,011,normal,RR-corpus_phspaelti,-
A,Aa02,76,200,200,normal,RR-corpus_phspaelti,-
A,Aa02,77,025V,025V,normal,RR-corpus_phspaelti,-
A,Aa02,78,386,386,normal,RR-corpus_phspaelti,-
A,Aa02,79,071b!,071b!,normal,RR-corpus_phspaelti,-
A,Aa02,80,061b,061b,normal,RR-corpus_phspaelti,-
A,Aa02,81,306,306,normal,RR-corpus_phspaelti,-
A,Aa02,82,280j,280j,normal,RR-corpus_phspaelti,-
A,Aa02,83,001V,001V,normal,RR-corpus_phspaelti,-
A,Aa02,84,160b,160b,normal,RR-corpus_phspaelti,-
A,Aa02,85,306,306,normal,RR-corpus_phspaelti,.
A,Aa02,86,003a,003a,normal,RR-corpus_phspaelti,-
A,Aa02,87,028,028,normal,RR-corpus_phspaelti,.
A,Aa02,88,006xy,006xy,normal,RR-corpus_phspaelti,-
A,Aa02,89,093,093,normal,RR-corpus_phspaelti,-
A,Aa02,90,302,302,normal,RR-corpus_phspaelti,-
A,Aa02,91,045,045,normal,RR-corpus_phspaelti,.
A,Aa02,92,006,006,normal,RR-corpus_phspaelti,-
A,Aa02,93,022bf,022bf,normal,RR-corpus_phspaelti,.
A,Aa02,94,243,243,normal,RR-corpus_phspaelti,-
A,Aa02,95,005j,005j,normal,RR-corpus_phspaelti,-
A,Aa02,96,077,077,normal,RR-corpus_phspaelti,.
A,Aa02,97,034V,034V,normal,RR-corpus_phspaelti,-
A,Aa02,98,522fy,522fy,normal,RR-corpus_phspaelti,-
A,Aa02,99,011,011,normal,RR-corpus_phspaelti,-
A,Aa02,100,007,007,normal,RR-corpus_phspaelti,-
A,Aa02,101,004,004,normal,RR-corpus_phspaelti,.
A,Aa02,102,600,600,normal,RR-corpus_phspaelti,-
A,Aa02,103,741,741,normal,RR-corpus_phspaelti,-
A,Aa02,104,626,626,normal,RR-corpus_phspaelti,-
A,Aa02,105,622,622,normal,RR-corpus_phspaelti,-
A,Aa02,106,660,660,normal,RR-corpus_phspaelti,-
A,Aa02,107,613,613,normal,RR-corpus_phspaelti,-
A,Aa02,108,607o,607o,normal,RR-corpus_phspaelti,*
A,Aa03,1,600,600,normal,RR-corpus_phspaelti,-
A,Aa03,2,060a,060a,normal,RR-corpus_phspaelti,.
A,Aa03,3,003a,003a,normal,RR-corpus_phspaelti,-
A,Aa03,4,461a,461a,normal,RR-corpus_phspaelti,-
A,Aa03,5,060a,060a,normal,RR-corpus_phspaelti,.
A,Aa03,6,003a,003a,normal,RR-corpus_phspaelti,-
A,Aa03,7,600,600,normal,RR-corpus_phspaelti,-
A,Aa03,8,004,004,normal,RR-corpus_phspaelti,.
A,Aa03,9,064,064,normal,RR-corpus_phspaelti,-
A,Aa03,10,600,600,normal,RR-corpus_phspaelti,.
A,Aa03,11,004,004,normal,RR-corpus_phspaelti,.
A,Aa03,12,064a,064a,normal,RR-corpus_phspaelti,-
A,Aa03,13,001,001,normal,RR-corpus_phspaelti,.
A,Aa03,14,063,063,normal,RR-corpus_phspaelti,-
A,Aa03,15,014,014,normal,RR-corpus_phspaelti,-
A,Aa03,16,680a,680a,normal,RR-corpus_phspaelti,-
A,Aa03,17,011,011,normal,RR-corpus_phspaelti,-
A,Aa03,18,741,741,normal,RR-corpus_phspaelti,-
A,Aa03,19,700,700,normal,RR-corpus_phspaelti,-
A,Aa03,20,001,001,normal,RR-corpus_phspaelti,-
A,Aa03,21,005j,005j,normal,RR-corpus_phspaelti,-
A,Aa03,22,316a,316a,normal,RR-corpus_phspaelti,-
A,Aa03,23,631,631,normal,RR-corpus_phspaelti,-
A,Aa03,24,600,600,normal,RR-corpus_phspaelti,.
A,Aa03,25,075,075,normal,RR-corpus_phspaelti,-
A,Aa03,26,600,600,normal,RR-corpus_phspaelti,.
A,Aa03,27,007,007,normal,RR-corpus_phspaelti,-
A,Aa03,28,316,316,normal,RR-corpus_phspaelti,-
A,Aa03,29,631!,631!,normal,RR-corpus_phspaelti,-
A,Aa03,30,600,600,normal,RR-corpus_phspaelti,.
A,Aa03,31,075,075,normal,RR-corpus_phspaelti,-
A,Aa03,32,008a,008a,normal,RR-corpus_phspaelti,-
A,Aa03,33,600,600,normal,RR-corpus_phspaelti,.
A,Aa03,34,007,007,normal,RR-corpus_phspaelti,-
A,Aa03,35,316,316,normal,RR-corpus_phspaelti,-
A,Aa03,36,631a,631a,normal,RR-corpus_phspaelti,-
A,Aa03,37,700,700,normal,RR-corpus_phspaelti,-
A,Aa03,38,600,600,normal,RR-corpus_phspaelti,.
A,Aa03,39,075,075,normal,RR-corpus_phspaelti,-
A,Aa03,40,600,600,normal,RR-corpus_phspaelti,.
A,Aa03,41,007,007,normal,RR-corpus_phspaelti,-
A,Aa03,42,300,300,normal,RR-corpus_phspaelti,.
A,Aa03,43,007,007,normal,RR-corpus_phspaelti,-
A,Aa03,44,300,300,normal,RR-corpus_phspaelti,.
A,Aa03,45,007,007,normal,RR-corpus_phspaelti,-
A,Aa03,46,005i,005i,normal,RR-corpus_phspaelti,-
A,Aa03,47,007,007,normal,RR-corpus_phspaelti,.
A,Aa03,48,074x,074x,normal,RR-corpus_phspaelti,-
A,Aa03,49,007,007,normal,RR-corpus_phspaelti,-
A,Aa03,50,208,208,normal,RR-corpus_phspaelti,.
A,Aa03,51,008,008,normal,RR-corpus_phspaelti,-
A,Aa03,52,325,325,normal,RR-corpus_phspaelti,-
A,Aa03,53,599b,599b,normal,RR-corpus_phspaelti,-
A,Aa03,54,011,011,normal,RR-corpus_phspaelti,-
A,Aa03,55,002,002,normal,RR-corpus_phspaelti,-
A,Aa03,56,206a,206a,normal,RR-corpus_phspaelti,-
A,Aa03,57,053y,053y,normal,RR-corpus_phspaelti,-
A,Aa03,58,470,470,normal,RR-corpus_phspaelti,-
A,Aa03,59,207y,207y,normal,RR-corpus_phspaelti,-
A,Aa03,60,320,320,normal,RR-corpus_phspaelti,.
A,Aa03,61,009,009,normal,RR-corpus_phspaelti,-
A,Aa03,62,301,301,normal,RR-corpus_phspaelti,-
A,Aa03,63,208,208,normal,RR-corpus_phspaelti,-
A,Aa03,64,008a,008a,normal,RR-corpus_phspaelti,-
A,Aa03,65,256a,256a,normal,RR-corpus_phspaelti,-
A,Aa03,66,301,301,normal,RR-corpus_phspaelti,-
A,Aa03,67,680,680,normal,RR-corpus_phspaelti,-
A,Aa03,68,400o,400o,normal,RR-corpus_phspaelti,.
A,Aa03,69,004,004,normal,RR-corpus_phspaelti,-
A,Aa03,70,093,093,normal,RR-corpus_phspaelti,-
A,Aa03,71,144f,144f,normal,RR-corpus_phspaelti,-
A,Aa03,72,755,755,normal,RR-corpus_phspaelti,-
A,Aa03,73,607o,607o,normal,RR-corpus_phspaelti,-
A,Aa03,74,201s,201s,normal,RR-corpus_phspaelti,-
A,Aa03,75,605s,605s,normal,RR-corpus_phspaelti,-
A,Aa03,76,234,234,normal,RR-corpus_phspaelti,-
A,Aa03,77,605,605,normal,RR-corpus_phspaelti,-
A,Aa03,78,585,585,normal,RR-corpus_phspaelti,-
A,Aa03,79,605s,605s,normal,RR-corpus_phspaelti,-
A,Aa03,80,605s,605s,normal,RR-corpus_phspaelti,-
A,Aa03,81,385,385,normal,RR-corpus_phspaelti,-
A,Aa03,82,006a,006a,normal,RR-corpus_phspaelti,-
A,Aa03,83,320,320,normal,RR-corpus_phspaelti,.
A,Aa03,84,052,052,normal,RR-corpus_phspaelti,-
A,Aa03,85,002,002,normal,RR-corpus_phspaelti,-
A,Aa03,86,290,290,normal,RR-corpus_phspaelti,-
A,Aa03,87,571a,571a,normal,RR-corpus_phspaelti,-
A,Aa03,88,197f,197f,normal,RR-corpus_phspaelti,-
A,Aa03,89,025,025,normal,RR-corpus_phspaelti,-
A,Aa03,90,002,002,normal,RR-corpus_phspaelti,-
A,Aa03,91,535,535,normal,RR-corpus_phspaelti,.
A,Aa03,92,020ey,020ey,normal,RR-corpus_phspaelti,-
A,Aa03,93,080,080,normal,RR-corpus_phspaelti,-
A,Aa03,94,004,004,normal,RR-corpus_phspaelti,-
A,Aa03,95,069,069,normal,RR-corpus_phspaelti,.
A,Aa03,96,006,006,normal,RR-corpus_phspaelti,-
A,Aa03,97,000!,000!,normal,RR-corpus_phspaelti,.
A,Aa03,98,000!,000!,normal,RR-corpus_phspaelti,*
A,Aa04,1,535s?,535s?,normal,RR-corpus_phspaelti,-
A,Aa04,2,080,080,normal,RR-corpus_phspaelti,-
A,Aa04,3,004,004,normal,RR-corpus_phspaelti,-
A,Aa04,4,600,600,normal,RR-corpus_phspaelti,.
A,Aa04,5,007,007,normal,RR-corpus_phspaelti,-
A,Aa04,6,099a,099a,normal,RR-corpus_phspaelti,-
A,Aa04,7,025,025,normal,RR-corpus_phspaelti,-
A,Aa04,8,535,535,normal,RR-corpus_phspaelti,.
A,Aa04,9,020ey,020ey,normal,RR-corpus_phspaelti,-
A,Aa04,10,254a,254a,normal,RR-corpus_phspaelti,.
A,Aa04,11,077a,077a,normal,RR-corpus_phspaelti,-
A,Aa04,12,256a,256a,normal,RR-corpus_phspaelti,-
A,Aa04,13,300,300,normal,RR-corpus_phspaelti,.
A,Aa04,14,400,400,normal,RR-corpus_phspaelti,-
A,Aa04,15,285as,285as,normal,RR-corpus_phspaelti,-
A,Aa04,16,025,025,normal,RR-corpus_phspaelti,-
A,Aa04,17,280c,280c,normal,RR-corpus_phspaelti,-
A,Aa04,18,042,042,normal,RR-corpus_phspaelti,:
A,Aa04,19,059fh,059fh,normal,RR-corpus_phspaelti,-
A,Aa04,20,048,048,normal,RR-corpus_phspaelti,-
A,Aa04,21,022df,022df,normal,RR-corpus_phspaelti,-
A,Aa04,22,001,001,normal,RR-corpus_phspaelti,-
A,Aa04,23,005j,005j,normal,RR-corpus_phspaelti,-
A,Aa04,24,575,575,normal,RR-corpus_phspaelti,-
A,Aa04,25,004,004,normal,RR-corpus_phspaelti,.
A,Aa04,26,575,575,normal,RR-corpus_phspaelti,-
A,Aa04,27,579,579,normal,RR-corpus_phspaelti,-
A,Aa04,28,579,579,normal,RR-corpus_phspaelti,-
A,Aa04,29,583,583,normal,RR-corpus_phspaelti,-
A,Aa04,30,583,583,normal,RR-corpus_phspaelti,-
A,Aa04,31,074af,074af,normal,RR-corpus_phspaelti,.
A,Aa04,32,700,700,normal,RR-corpus_phspaelti,.
A,Aa04,33,069,069,normal,RR-corpus_phspaelti,-
A,Aa04,34,575,575,normal,RR-corpus_phspaelti,.
A,Aa04,35,074af,074af,normal,RR-corpus_phspaelti,-
A,Aa04,36,745,745,normal,RR-corpus_phspaelti,.
A,Aa04,37,009,009,normal,RR-corpus_phspaelti,-
A,Aa04,38,507,507,normal,RR-corpus_phspaelti,-
A,Aa04,39,737,737,normal,RR-corpus_phspaelti,-
A,Aa04,40,599,599,normal,RR-corpus_phspaelti,-
A,Aa04,41,430,430,normal,RR-corpus_phspaelti,-
A,Aa04,42,001,001,normal,RR-corpus_phspaelti,.
A,Aa04,43,006xy,006xy,normal,RR-corpus_phspaelti,-
A,Aa04,44,430,430,normal,RR-corpus_phspaelti,-
A,Aa04,45,001,001,normal,RR-corpus_phspaelti,-
A,Aa04,46,745,745,normal,RR-corpus_phspaelti,-
A,Aa04,47,001,001,normal,RR-corpus_phspaelti,.
A,Aa04,48,077a,077a,normal,RR-corpus_phspaelti,.
A,Aa04,49,244,244,normal,RR-corpus_phspaelti,-
A,Aa04,50,001,001,normal,RR-corpus_phspaelti,.
A,Aa04,51,077a,077a,normal,RR-corpus_phspaelti,-
A,Aa04,52,001,001,normal,RR-corpus_phspaelti,-
A,Aa04,53,010y,010y,normal,RR-corpus_phspaelti,.
A,Aa04,54,061,061,normal,RR-corpus_phspaelti,-
A,Aa04,55,001,001,normal,RR-corpus_phspaelti,.
A,Aa04,56,006,006,normal,RR-corpus_phspaelti,-
A,Aa04,57,700,700,normal,RR-corpus_phspaelti,-
A,Aa04,58,001,001,normal,RR-corpus_phspaelti,-
A,Aa04,59,005j,005j,normal,RR-corpus_phspaelti,-
A,Aa04,60,660,660,normal,RR-corpus_phspaelti,-
A,Aa04,61,002a,002a,normal,RR-corpus_phspaelti,.
A,Aa04,62,049f,049f,normal,RR-corpus_phspaelti,-
A,Aa04,63,005j,005j,normal,RR-corpus_phspaelti,-
A,Aa04,64,254aj,254aj,normal,RR-corpus_phspaelti,-
A,Aa04,65,004,004,normal,RR-corpus_phspaelti,-
A,Aa04,66,522afy,522afy,normal,RR-corpus_phspaelti,-
A,Aa04,67,080,080,normal,RR-corpus_phspaelti,-
A,Aa04,68,004,004,normal,RR-corpus_phspaelti,-
A,Aa04,69,660,660,normal,RR-corpus_phspaelti,-
A,Aa04,70,002a,002a,normal,RR-corpus_phspaelti,-
A,Aa04,71,005j,005j,normal,RR-corpus_phspaelti,-
A,Aa04,72,254a,254a,normal,RR-corpus_phspaelti,-
A,Aa04,73,608,608,normal,RR-corpus_phspaelti,-
A,Aa04,74,004,004,normal,RR-corpus_phspaelti,.
A,Aa04,75,660,660,normal,RR-corpus_phspaelti,-
A,Aa04,76,073Vf,073Vf,normal,RR-corpus_phspaelti,-
A,Aa04,77,600,600,normal,RR-corpus_phspaelti,.
A,Aa04,78,004,004,normal,RR-corpus_phspaelti,-
A,Aa04,79,073Va,073Va,normal,RR-corpus_phspaelti,-
A,Aa04,80,254aj,254aj,normal,RR-corpus_phspaelti,-
A,Aa04,81,004,004,normal,RR-corpus_phspaelti,.
A,Aa04,82,600,600,normal,RR-corpus_phspaelti,-
A,Aa04,83,007,007,normal,RR-corpus_phspaelti,.
A,Aa04,84,010,010,normal,RR-corpus_phspaelti,.
A,Aa04,85,074f,074f,normal,RR-corpus_phspaelti,-
A,Aa04,86,109a,109a,normal,RR-corpus_phspaelti,.
A,Aa04,87,009,009,normal,RR-corpus_phspaelti,-
A,Aa04,88,660,660,normal,RR-corpus_phspaelti,-
A,Aa04,89,004,004,normal,RR-corpus_phspaelti,-
A,Aa04,90,080a,080a,normal,RR-corpus_phspaelti,-
A,Aa04,91,208,208,normal,RR-corpus_phspaelti,.
A,Aa04,92,007,007,normal,RR-corpus_phspaelti,-
A,Aa04,93,002,002,normal,RR-corpus_phspaelti,-
A,Aa04,94,005j,005j,normal,RR-corpus_phspaelti,-
A,Aa04,95,430,430,normal,RR-corpus_phspaelti,-
A,Aa04,96,002a,002a,normal,RR-corpus_phspaelti,.
A,Aa04,97,208,208,normal,RR-corpus_phspaelti,-
A,Aa04,98,064,064,normal,RR-corpus_phspaelti,.
A,Aa04,99,074af,074af,normal,RR-corpus_phspaelti,-
A,Aa04,100,600,600,normal,RR-corpus_phspaelti,-
A,Aa04,101,004,004,normal,RR-corpus_phspaelti,-
A,Aa04,102,031,031,normal,RR-corpus_phspaelti,-
A,Aa04,103,031,031,normal,RR-corpus_phspaelti,-
A,Aa04,104,064,064,normal,RR-corpus_phspaelti,.
A,Aa04,105,074,074,normal,RR-corpus_phspaelti,-
A,Aa04,106,001,001,normal,RR-corpus_phspaelti,.
A,Aa04,107,062,062,normal,RR-corpus_phspaelti,.
A,Aa04,108,074a,074a,normal,RR-corpus_phspaelti,-
A,Aa04,109,040a,040a,normal,RR-corpus_phspaelti,-
A,Aa04,110,004,004,normal,RR-corpus_phspaelti,.
A,Aa04,111,600,600,normal,RR-corpus_phspaelti,-
A,Aa04,112,040a,040a,normal,RR-corpus_phspaelti,-
A,Aa04,113,004,004,normal,RR-corpus_phspaelti,.
A,Aa04,114,600,600,normal,RR-corpus_phspaelti,*
A,Aa05,1,_,_,normal,RR-corpus_phspaelti,-
A,Aa05,2,745,745,normal,RR-corpus_phspaelti,-
A,Aa05,3,745,745,normal,RR-corpus_phspaelti,-
A,Aa05,4,001,001,normal,RR-corpus_phspaelti,-
A,Aa05,5,005j,005j,normal,RR-corpus_phspaelti,-
A,Aa05,6,306s,306s,normal,RR-corpus_phspaelti,.
A,Aa05,7,108,108,normal,RR-corpus_phspaelti,-
A,Aa05,8,079,079,normal,RR-corpus_phspaelti,-
A,Aa05,9,002Vc,002Vc,normal,RR-corpus_phspaelti,-
A,Aa05,10,400,400,normal,RR-corpus_phspaelti,-
A,Aa05,11,430b,430b,normal,RR-corpus_phspaelti,-
A,Aa05,12,002d,002d,normal,RR-corpus_phspaelti,-
A,Aa05,13,046,046,normal,RR-corpus_phspaelti,-
A,Aa05,14,002d,002d,normal,RR-corpus_phspaelti,-
A,Aa05,15,050V,050V,normal,RR-corpus_phspaelti,-
A,Aa05,16,670a,670a,normal,RR-corpus_phspaelti,-
A,Aa05,17,600,600,normal,RR-corpus_phspaelti,-
A,Aa05,18,755,755,normal,RR-corpus_phspaelti,-
A,Aa05,19,451,451,normal,RR-corpus_phspaelti,-
A,Aa05,20,360,360,normal,RR-corpus_phspaelti,.
A,Aa05,21,005j,005j,normal,RR-corpus_phspaelti,-
A,Aa05,22,004,004,normal,RR-corpus_phspaelti,.
A,Aa05,23,077a,077a,normal,RR-corpus_phspaelti,-
A,Aa05,24,305s,305s,normal,RR-corpus_phspaelti,-
A,Aa05,25,009,009,normal,RR-corpus_phspaelti,-
A,Aa05,26,007,007,normal,RR-corpus_phspaelti,-
A,Aa05,27,208,208,normal,RR-corpus_phspaelti,-
A,Aa05,28,007,007,normal,RR-corpus_phspaelti,-
A,Aa05,29,630c,630c,normal,RR-corpus_phspaelti,-
A,Aa05,30,745,745,normal,RR-corpus_phspaelti,-
A,Aa05,31,608V,608V,normal,RR-corpus_phspaelti,-
A,Aa05,32,600,600,normal,RR-corpus_phspaelti,-
A,Aa05,33,366,366,normal,RR-corpus_phspaelti,-
A,Aa05,34,716,716,normal,RR-corpus_phspaelti,-
A,Aa05,35,001,001,normal,RR-corpus_phspaelti,-
A,Aa05,36,058,058,normal,RR-corpus_phspaelti,-
A,Aa05,37,001,001,normal,RR-corpus_phspaelti,-
A,Aa05,38,058,058,normal,RR-corpus_phspaelti,-
A,Aa05,39,001,001,normal,RR-corpus_phspaelti,-
A,Aa05,40,058,058,normal,RR-corpus_phspaelti,-
A,Aa05,41,044ax,044ax,normal,RR-corpus_phspaelti,.
A,Aa05,42,010f,010f,normal,RR-corpus_phspaelti,-
A,Aa05,43,001,001,normal,RR-corpus_phspaelti,-
A,Aa05,44,200,200,normal,RR-corpus_phspaelti,.
A,Aa05,45,200,200,normal,RR-corpus_phspaelti,.
A,Aa05,46,011,011,normal,RR-corpus_phspaelti,-
A,Aa05,47,002a,002a,normal,RR-corpus_phspaelti,-
A,Aa05,48,044ax,044ax,normal,RR-corpus_phspaelti,-
A,Aa05,49,067,067,normal,RR-corpus_phspaelti,-
A,Aa05,50,001f,001f,normal,RR-corpus_phspaelti,-
A,Aa05,51,126a,126a,normal,RR-corpus_phspaelti,-
A,Aa05,52,008a,008a,normal,RR-corpus_phspaelti,-
A,Aa05,53,011,011,normal,RR-corpus_phspaelti,.
A,Aa05,54,010,010,normal,RR-corpus_phspaelti,-
A,Aa05,55,002a,002a,normal,RR-corpus_phspaelti,-
A,Aa05,56,745,745,normal,RR-corpus_phspaelti,-
A,Aa05,57,004,004,normal,RR-corpus_phspaelti,-
A,Aa05,58,144f,144f,normal,RR-corpus_phspaelti,-
A,Aa05,59,741,741,normal,RR-corpus_phspaelti,-
A,Aa05,60,091,091,normal,RR-corpus_phspaelti,-
A,Aa05,61,181f,181f,normal,RR-corpus_phspaelti,-
A,Aa05,62,306s,306s,normal,RR-corpus_phspaelti,.
A,Aa05,63,003a,003a,normal,RR-corpus_phspaelti,-
A,Aa05,64,020efy,020efy,normal,RR-corpus_phspaelti,-
A,Aa05,65,020efy,020efy,normal,RR-corpus_phspaelti,-
A,Aa05,66,004,004,normal,RR-corpus_phspaelti,-
A,Aa05,67,306,306,normal,RR-corpus_phspaelti,.
A,Aa05,68,010,010,normal,RR-corpus_phspaelti,-
A,Aa05,69,664,664,normal,RR-corpus_phspaelti,-
A,Aa05,70,004,004,normal,RR-corpus_phspaelti,-
A,Aa05,71,081x,081x,normal,RR-corpus_phspaelti,-
A,Aa05,72,117a,117a,normal,RR-corpus_phspaelti,-
A,Aa05,73,081x,081x,normal,RR-corpus_phspaelti,-
A,Aa05,74,254a!,254a!,normal,RR-corpus_phspaelti,-
A,Aa05,75,254a,254a,normal,RR-corpus_phspaelti,-
A,Aa05,76,005j,005j,normal,RR-corpus_phspaelti,-
A,Aa05,77,004,004,normal,RR-corpus_phspaelti,-
A,Aa05,78,081x,081x,normal,RR-corpus_phspaelti,-
A,Aa05,79,117a,117a,normal,RR-corpus_phspaelti,-
A,Aa05,80,081x,081x,normal,RR-corpus_phspaelti,-
A,Aa05,81,469,469,normal,RR-corpus_phspaelti,-
A,Aa05,82,200,200,normal,RR-corpus_phspaelti,.
A,Aa05,83,025,025,normal,RR-corpus_phspaelti,.
A,Aa05,84,240,240,normal,RR-corpus_phspaelti,.
A,Aa05,85,025,025,normal,RR-corpus_phspaelti,.
A,Aa05,86,254,254,normal,RR-corpus_phspaelti,-
A,Aa05,87,471,471,normal,RR-corpus_phspaelti,-
A,Aa05,88,060a,060a,normal,RR-corpus_phspaelti,-
A,Aa05,89,527,527,normal,RR-corpus_phspaelti,-
A,Aa05,90,008,008,normal,RR-corpus_phspaelti,-
A,Aa05,91,600,600,normal,RR-corpus_phspaelti,-
A,Aa05,92,446s,446s,normal,RR-corpus_phspaelti,-
A,Aa05,93,240,240,normal,RR-corpus_phspaelti,.
A,Aa05,94,048,048,normal,RR-corpus_phspaelti,.
A,Aa05,95,062,062,normal,RR-corpus_phspaelti,-
A,Aa05,96,049f,049f,normal,RR-corpus_phspaelti,.
A,Aa05,97,477,477,normal,RR-corpus_phspaelti,-
A,Aa05,98,048,048,normal,RR-corpus_phspaelti,-
A,Aa05,99,091,091,normal,RR-corpus_phspaelti,-
A,Aa05,100,091,091,normal,RR-corpus_phspaelti,.
A,Aa05,101,009j,009j,normal,RR-corpus_phspaelti,.
A,Aa05,102,325a,325a,normal,RR-corpus_phspaelti,-
A,Aa05,103,001a,001a,normal,RR-corpus_phspaelti,-
A,Aa05,104,430a,430a,normal,RR-corpus_phspaelti,.
A,Aa05,105,004,004,normal,RR-corpus_phspaelti,*
A,Aa06,1,630!,630!,normal,RR-corpus_phspaelti,.
A,Aa06,2,004x!,004x!,normal,RR-corpus_phspaelti,-
A,Aa06,3,220j,220j,normal,RR-corpus_phspaelti,.
A,Aa06,4,005j,005j,normal,RR-corpus_phspaelti,-
A,Aa06,5,630b,630b,normal,RR-corpus_phspaelti,.
A,Aa06,6,004t,004t,normal,RR-corpus_phspaelti,-
A,Aa06,7,053a,053a,normal,RR-corpus_phspaelti,-
A,Aa06,8,420y,420y,normal,RR-corpus_phspaelti,-
A,Aa06,9,420,420,normal,RR-corpus_phspaelti,-
A,Aa06,10,053a,053a,normal,RR-corpus_phspaelti,-
A,Aa06,11,770b,770b,normal,RR-corpus_phspaelti,-
A,Aa06,12,001,001,normal,RR-corpus_phspaelti,.
A,Aa06,13,069,069,normal,RR-corpus_phspaelti,-
A,Aa06,14,306,306,normal,RR-corpus_phspaelti,-
A,Aa06,15,568,568,normal,RR-corpus_phspaelti,-
A,Aa06,16,306,306,normal,RR-corpus_phspaelti,.
A,Aa06,17,074f,074f,normal,RR-corpus_phspaelti,-
A,Aa06,18,330,330,normal,RR-corpus_phspaelti,.
A,Aa06,19,700,700,normal,RR-corpus_phspaelti,-
A,Aa06,20,321,321,normal,RR-corpus_phspaelti,.
A,Aa06,21,076,076,normal,RR-corpus_phspaelti,-
A,Aa06,22,117af!,117af!,normal,RR-corpus_phspaelti,-
A,Aa06,23,017a,017a,normal,RR-corpus_phspaelti,:
A,Aa06,24,017a,017a,normal,RR-corpus_phspaelti,-
A,Aa06,25,074x,074x,normal,RR-corpus_phspaelti,.
A,Aa06,26,050,050,normal,RR-corpus_phspaelti,.
A,Aa06,27,010,010,normal,RR-corpus_phspaelti,-
A,Aa06,28,631a,631a,normal,RR-corpus_phspaelti,-
A,Aa06,29,670b,670b,normal,RR-corpus_phspaelti,-
A,Aa06,30,207o,207o,normal,RR-corpus_phspaelti,-
A,Aa06,31,375a,375a,normal,RR-corpus_phspaelti,-
A,Aa06,32,007,007,normal,RR-corpus_phspaelti,-
A,Aa06,33,045,045,normal,RR-corpus_phspaelti,-
A,Aa06,34,001,001,normal,RR-corpus_phspaelti,-
A,Aa06,35,016,016,normal,RR-corpus_phspaelti,-
A,Aa06,36,209b,209b,normal,RR-corpus_phspaelti,-
A,Aa06,37,568a,568a,normal,RR-corpus_phspaelti,-
A,Aa06,38,085,085,normal,RR-corpus_phspaelti,-
A,Aa06,39,476,476,normal,RR-corpus_phspaelti,-
A,Aa06,40,050t,050t,normal,RR-corpus_phspaelti,-
A,Aa06,41,748,748,normal,RR-corpus_phspaelti,-
A,Aa06,42,593aj,593aj,normal,RR-corpus_phspaelti,-
A,Aa06,43,379,379,normal,RR-corpus_phspaelti,.
A,Aa06,44,004,004,normal,RR-corpus_phspaelti,-
A,Aa06,45,430,430,normal,RR-corpus_phspaelti,.
A,Aa06,46,430y,430y,normal,RR-corpus_phspaelti,-
A,Aa06,47,002a,002a,normal,RR-corpus_phspaelti,-
A,Aa06,48,200,200,normal,RR-corpus_phspaelti,.
A,Aa06,49,002a,002a,normal,RR-corpus_phspaelti,-
A,Aa06,50,097a,097a,normal,RR-corpus_phspaelti,-
A,Aa06,51,069a,069a,normal,RR-corpus_phspaelti,-
A,Aa06,52,097,097,normal,RR-corpus_phspaelti,-
A,Aa06,53,069,069,normal,RR-corpus_phspaelti,-
A,Aa06,54,097,097,normal,RR-corpus_phspaelti,-
A,Aa06,55,387o,387o,normal,RR-corpus_phspaelti,-
A,Aa06,56,387ao,387ao,normal,RR-corpus_phspaelti,-
A,Aa06,57,004,004,normal,RR-corpus_phspaelti,-
A,Aa06,58,326,326,normal,RR-corpus_phspaelti,-
A,Aa06,59,232a,232a,normal,RR-corpus_phspaelti,-
A,Aa06,60,226,226,normal,RR-corpus_phspaelti,-
A,Aa06,61,200,200,normal,RR-corpus_phspaelti,.
A,Aa06,62,600,600,normal,RR-corpus_phspaelti,-
A,Aa06,63,300,300,normal,RR-corpus_phspaelti,.
A,Aa06,64,004,004,normal,RR-corpus_phspaelti,.
A,Aa06,65,064a,064a,normal,RR-corpus_phspaelti,-
A,Aa06,66,303,303,normal,RR-corpus_phspaelti,-
A,Aa06,67,109t,109t,normal,RR-corpus_phspaelti,-
A,Aa06,68,420y,420y,normal,RR-corpus_phspaelti,-
A,Aa06,69,386V,386V,normal,RR-corpus_phspaelti,-
A,Aa06,70,246j,246j,normal,RR-corpus_phspaelti,-
A,Aa06,71,088f,088f,normal,RR-corpus_phspaelti,-
A,Aa06,72,300,300,normal,RR-corpus_phspaelti,.
A,Aa06,73,432y,432y,normal,RR-corpus_phspaelti,-
A,Aa06,74,044b,044b,normal,RR-corpus_phspaelti,.
A,Aa06,75,340,340,normal,RR-corpus_phspaelti,.
A,Aa06,76,044b,044b,normal,RR-corpus_phspaelti,-
A,Aa06,77,021a,021a,normal,RR-corpus_phspaelti,-
A,Aa06,78,004a,004a,normal,RR-corpus_phspaelti,-
A,Aa06,79,323,323,normal,RR-corpus_phspaelti,-
A,Aa06,80,410,410,normal,RR-corpus_phspaelti,.
A,Aa06,81,011,011,normal,RR-corpus_phspaelti,-
A,Aa06,82,004a,004a,normal,RR-corpus_phspaelti,.
A,Aa06,83,064a,064a,normal,RR-corpus_phspaelti,-
A,Aa06,84,600,600,normal,RR-corpus_phspaelti,-
A,Aa06,85,200,200,normal,RR-corpus_phspaelti,.
A,Aa06,86,670,670,normal,RR-corpus_phspaelti,-
A,Aa06,87,067a,067a,normal,RR-corpus_phspaelti,-
A,Aa06,88,386V,386V,normal,RR-corpus_phspaelti,-
A,Aa06,89,029,029,normal,RR-corpus_phspaelti,-
A,Aa06,90,631b,631b,normal,RR-corpus_phspaelti,-
A,Aa06,91,070a,070a,normal,RR-corpus_phspaelti,-
A,Aa06,92,494a,494a,normal,RR-corpus_phspaelti,-
A,Aa06,93,739,739,normal,RR-corpus_phspaelti,-
A,Aa06,94,002a,002a,normal,RR-corpus_phspaelti,-
A,Aa06,95,522f,522f,normal,RR-corpus_phspaelti,-
A,Aa06,96,720,720,normal,RR-corpus_phspaelti,-
A,Aa06,97,450?,450?,normal,RR-corpus_phspaelti,-
A,Aa06,98,053y,053y,normal,RR-corpus_phspaelti,-
A,Aa06,99,700d,700d,normal,RR-corpus_phspaelti,-
A,Aa06,100,053y,053y,normal,RR-corpus_phspaelti,-
A,Aa06,101,070a,070a,normal,RR-corpus_phspaelti,-
A,Aa06,102,070a,070a,normal,RR-corpus_phspaelti,-
A,Aa06,103,311,311,normal,RR-corpus_phspaelti,-
A,Aa06,104,011,011,normal,RR-corpus_phspaelti,.
A,Aa06,105,077,077,normal,RR-corpus_phspaelti,-
A,Aa06,106,700bx,700bx,normal,RR-corpus_phspaelti,-
A,Aa06,107,524afs,524afs,normal,RR-corpus_phspaelti,-
A,Aa06,108,041a,041a,normal,RR-corpus_phspaelti,-
A,Aa06,109,002Vc,002Vc,normal,RR-corpus_phspaelti,-
A,Aa06,110,022,022,normal,RR-corpus_phspaelti,.
A,Aa06,111,200,200,normal,RR-corpus_phspaelti,.
A,Aa06,112,091j,091j,normal,RR-corpus_phspaelti,-
A,Aa06,113,386V,386V,normal,RR-corpus_phspaelti,.
A,Aa06,114,000!,000!,normal,RR-corpus_phspaelti,*
A,Aa07,1,000!,000!,normal,RR-corpus_phspaelti,-
A,Aa07,2,048,048,normal,RR-corpus_phspaelti,-
A,Aa07,3,022bf,022bf,normal,RR-corpus_phspaelti,.
A,Aa07,4,025,025,normal,RR-corpus_phspaelti,-
A,Aa07,5,025a,025a,normal,RR-corpus_phspaelti,.
A,Aa07,6,005j,005j,normal,RR-corpus_phspaelti,:
A,Aa07,7,009,009,normal,RR-corpus_phspaelti,-
A,Aa07,8,202,202,normal,RR-corpus_phspaelti,-
A,Aa07,9,431bf,431bf,normal,RR-corpus_phspaelti,-
A,Aa07,10,020cfy,020cfy,normal,RR-corpus_phspaelti,-
A,Aa07,11,300,300,normal,RR-corpus_phspaelti,.
A,Aa07,12,022f,022f,normal,RR-corpus_phspaelti,-
A,Aa07,13,002a,002a,normal,RR-corpus_phspaelti,-
A,Aa07,14,002a,002a,normal,RR-corpus_phspaelti,-
A,Aa07,15,305f,305f,normal,RR-corpus_phspaelti,.
A,Aa07,16,020ey,020ey,normal,RR-corpus_phspaelti,-
A,Aa07,17,605,605,normal,RR-corpus_phspaelti,.
A,Aa07,18,007,007,normal,RR-corpus_phspaelti,-
A,Aa07,19,522Vfy,522Vfy,normal,RR-corpus_phspaelti,-
A,Aa07,20,025a,025a,normal,RR-corpus_phspaelti,.
A,Aa07,21,005j,005j,normal,RR-corpus_phspaelti,:
A,Aa07,22,009,009,normal,RR-corpus_phspaelti,-
A,Aa07,23,254,254,normal,RR-corpus_phspaelti,.
A,Aa07,24,711,711,normal,RR-corpus_phspaelti,-
A,Aa07,25,002a,002a,normal,RR-corpus_phspaelti,-
A,Aa07,26,002a,002a,normal,RR-corpus_phspaelti,-
A,Aa07,27,080,080,normal,RR-corpus_phspaelti,-
A,Aa07,28,004a,004a,normal,RR-corpus_phspaelti,-
A,Aa07,29,025a,025a,normal,RR-corpus_phspaelti,.
A,Aa07,30,005j,005j,normal,RR-corpus_phspaelti,:
A,Aa07,31,009j,009j,normal,RR-corpus_phspaelti,-
A,Aa07,32,256,256,normal,RR-corpus_phspaelti,.
A,Aa07,33,003a,003a,normal,RR-corpus_phspaelti,-
A,Aa07,34,386,386,normal,RR-corpus_phspaelti,.
A,Aa07,35,710,710,normal,RR-corpus_phspaelti,-
A,Aa07,36,002a,002a,normal,RR-corpus_phspaelti,-
A,Aa07,37,020by,020by,normal,RR-corpus_phspaelti,-
A,Aa07,38,080,080,normal,RR-corpus_phspaelti,-
A,Aa07,39,004a,004a,normal,RR-corpus_phspaelti,-
A,Aa07,40,300,300,normal,RR-corpus_phspaelti,.
A,Aa07,41,020ey,020ey,normal,RR-corpus_phspaelti,-
A,Aa07,42,109t,109t,normal,RR-corpus_phspaelti,-
A,Aa07,43,025a,025a,normal,RR-corpus_phspaelti,.
A,Aa07,44,005j,005j,normal,RR-corpus_phspaelti,:
A,Aa07,45,009,009,normal,RR-corpus_phspaelti,-
A,Aa07,46,005j,005j,normal,RR-corpus_phspaelti,:
A,Aa07,47,735V,735V,normal,RR-corpus_phspaelti,-
A,Aa07,48,021t,021t,normal,RR-corpus_phspaelti,-
A,Aa07,49,256b,256b,normal,RR-corpus_phspaelti,-
A,Aa07,50,097ax,097ax,normal,RR-corpus_phspaelti,-
A,Aa07,51,386,386,normal,RR-corpus_phspaelti,.
A,Aa07,52,711,711,normal,RR-corpus_phspaelti,-
A,Aa07,53,002a,002a,normal,RR-corpus_phspaelti,-
A,Aa07,54,002a,002a,normal,RR-corpus_phspaelti,-
A,Aa07,55,080,080,normal,RR-corpus_phspaelti,-
A,Aa07,56,004,004,normal,RR-corpus_phspaelti,-
A,Aa07,57,280,280,normal,RR-corpus_phspaelti,-
A,Aa07,58,182,182,normal,RR-corpus_phspaelti,-
A,Aa07,59,048,048,normal,RR-corpus_phspaelti,-
A,Aa07,60,022bf,022bf,normal,RR-corpus_phspaelti,-
A,Aa07,61,025,025,normal,RR-corpus_phspaelti,-
A,Aa07,62,025ay,025ay,normal,RR-corpus_phspaelti,.
A,Aa07,63,005,005,normal,RR-corpus_phspaelti,:
A,Aa07,64,009,009,normal,RR-corpus_phspaelti,-
A,Aa07,65,005i,005i,normal,RR-corpus_phspaelti,:
A,Aa07,66,009,009,normal,RR-corpus_phspaelti,.
A,Aa07,67,074hy,074hy,normal,RR-corpus_phspaelti,-
A,Aa07,68,256b,256b,normal,RR-corpus_phspaelti,.
A,Aa07,69,711,711,normal,RR-corpus_phspaelti,-
A,Aa07,70,002a,002a,normal,RR-corpus_phspaelti,-
A,Aa07,71,002a,002a,normal,RR-corpus_phspaelti,-
A,Aa07,72,080,080,normal,RR-corpus_phspaelti,-
A,Aa07,73,004a,004a,normal,RR-corpus_phspaelti,-
A,Aa07,74,305fs,305fs,normal,RR-corpus_phspaelti,.
A,Aa07,75,020ey,020ey,normal,RR-corpus_phspaelti,-
A,Aa07,76,298o,298o,normal,RR-corpus_phspaelti,-
A,Aa07,77,290,290,normal,RR-corpus_phspaelti,.
A,Aa07,78,025,025,normal,RR-corpus_phspaelti,-
A,Aa07,79,022bf,022bf,normal,RR-corpus_phspaelti,-
A,Aa07,80,025a,025a,normal,RR-corpus_phspaelti,.
A,Aa07,81,005j,005j,normal,RR-corpus_phspaelti,:
A,Aa07,82,009,009,normal,RR-corpus_phspaelti,-
A,Aa07,83,254c,254c,normal,RR-corpus_phspaelti,.
A,Aa07,84,060a,060a,normal,RR-corpus_phspaelti,.
A,Aa07,85,711,711,normal,RR-corpus_phspaelti,-
A,Aa07,86,020b,020b,normal,RR-corpus_phspaelti,-
A,Aa07,87,020by,020by,normal,RR-corpus_phspaelti,-
A,Aa07,88,080,080,normal,RR-corpus_phspaelti,-
A,Aa07,89,004,004,normal,RR-corpus_phspaelti,-
A,Aa07,90,280,280,normal,RR-corpus_phspaelti,-
A,Aa07,91,182,182,normal,RR-corpus_phspaelti,-
A,Aa07,92,048,048,normal,RR-corpus_phspaelti,-
A,Aa07,93,022cfy,022cfy,normal,RR-corpus_phspaelti,-
A,Aa07,94,025,025,normal,RR-corpus_phspaelti,-
A,Aa07,95,025a,025a,normal,RR-corpus_phspaelti,.
A,Aa07,96,005,005,normal,RR-corpus_phspaelti,:
A,Aa07,97,009,009,normal,RR-corpus_phspaelti,-
A,Aa07,98,256b,256b,normal,RR-corpus_phspaelti,-
A,Aa07,99,049f,049f,normal,RR-corpus_phspaelti,-
A,Aa07,100,020b,020b,normal,RR-corpus_phspaelti,-
A,Aa07,101,020by,020by,normal,RR-corpus_phspaelti,-
A,Aa07,102,080,080,normal,RR-corpus_phspaelti,-
A,Aa07,103,004,004,normal,RR-corpus_phspaelti,-
A,Aa07,104,280,280,normal,RR-corpus_phspaelti,.
A,Aa07,105,025,025,normal,RR-corpus_phspaelti,-
A,Aa07,106,025a,025a,normal,RR-corpus_phspaelti,.
A,Aa07,107,005j,005j,normal,RR-corpus_phspaelti,:
A,Aa07,108,009,009,normal,RR-corpus_phspaelti,-
A,Aa07,109,302s,302s,normal,RR-corpus_phspaelti,-
A,Aa07,110,004a,004a,normal,RR-corpus_phspaelti,-
A,Aa07,111,001,001,normal,RR-corpus_phspaelti,-
A,Aa07,112,020b,020b,normal,RR-corpus_phspaelti,-
A,Aa07,113,020by,020by,normal,RR-corpus_phspaelti,-
A,Aa07,114,006,006,normal,RR-corpus_phspaelti,.
A,Aa07,115,001f,001f,normal,RR-corpus_phspaelti,.
A,Aa07,116,006,006,normal,RR-corpus_phspaelti,-
A,Aa07,117,001bf,001bf,normal,RR-corpus_phspaelti,.
A,Aa07,118,006,006,normal,RR-corpus_phspaelti,-
A,Aa07,119,004t,004t,normal,RR-corpus_phspaelti,-
A,Aa07,120,001,001,normal,RR-corpus_phspaelti,-
A,Aa07,121,002a,002a,normal,RR-corpus_phspaelti,.
A,Aa07,122,062a,062a,normal,RR-corpus_phspaelti,-
A,Aa07,123,003a,003a,normal,RR-corpus_phspaelti,-
A,Aa07,124,005,005,normal,RR-corpus_phspaelti,-
A,Aa07,125,065,065,normal,RR-corpus_phspaelti,.
A,Aa07,126,210,210,normal,RR-corpus_phspaelti,.
A,Aa07,127,065,065,normal,RR-corpus_phspaelti,-
A,Aa07,128,004,004,normal,RR-corpus_phspaelti,-
A,Aa07,129,001,001,normal,RR-corpus_phspaelti,-
A,Aa07,130,002a,002a,normal,RR-corpus_phspaelti,-
A,Aa07,131,003a,003a,normal,RR-corpus_phspaelti,-
A,Aa07,132,144f,144f,normal,RR-corpus_phspaelti,-
A,Aa07,133,139V,139V,normal,RR-corpus_phspaelti,*
A,Aa08,1,599,599,normal,RR-corpus_phspaelti,-
A,Aa08,2,025a,025a,normal,RR-corpus_phspaelti,.
A,Aa08,3,005jt,005jt,normal,RR-corpus_phspaelti,:
A,Aa08,4,009j,009j,normal,RR-corpus_phspaelti,-
A,Aa08,5,117b,117b,normal,RR-corpus_phspaelti,-
A,Aa08,6,070,070,normal,RR-corpus_phspaelti,-
A,Aa08,7,205a,205a,normal,RR-corpus_phspaelti,-
A,Aa08,8,600,600,normal,RR-corpus_phspaelti,-
A,Aa08,9,025ay,025ay,normal,RR-corpus_phspaelti,.
A,Aa08,10,005t,005t,normal,RR-corpus_phspaelti,:
A,Aa08,11,009,009,normal,RR-corpus_phspaelti,-
A,Aa08,12,386,386,normal,RR-corpus_phspaelti,-
A,Aa08,13,011,011,normal,RR-corpus_phspaelti,-
A,Aa08,14,025a,025a,normal,RR-corpus_phspaelti,.
A,Aa08,15,005jt,005jt,normal,RR-corpus_phspaelti,:
A,Aa08,16,009,009,normal,RR-corpus_phspaelti,-
A,Aa08,17,053a,053a,normal,RR-corpus_phspaelti,-
A,Aa08,18,730,730,normal,RR-corpus_phspaelti,-
A,Aa08,19,007,007,normal,RR-corpus_phspaelti,-
A,Aa08,20,056a,056a,normal,RR-corpus_phspaelti,-
A,Aa08,21,025a,025a,normal,RR-corpus_phspaelti,.
A,Aa08,22,005t,005t,normal,RR-corpus_phspaelti,:
A,Aa08,23,009,009,normal,RR-corpus_phspaelti,-
A,Aa08,24,010y,010y,normal,RR-corpus_phspaelti,.
A,Aa08,25,710,710,normal,RR-corpus_phspaelti,-
A,Aa08,26,053a,053a,normal,RR-corpus_phspaelti,-
A,Aa08,27,255j,255j,normal,RR-corpus_phspaelti,-
A,Aa08,28,211ai,211ai,normal,RR-corpus_phspaelti,-
A,Aa08,29,215j,215j,normal,RR-corpus_phspaelti,.
A,Aa08,30,005j,005j,normal,RR-corpus_phspaelti,-
A,Aa08,31,242,242,normal,RR-corpus_phspaelti,.
A,Aa08,32,001c,001c,normal,RR-corpus_phspaelti,-
A,Aa08,33,045,045,normal,RR-corpus_phspaelti,-
A,Aa08,34,004,004,normal,RR-corpus_phspaelti,-
A,Aa08,35,094c,094c,normal,RR-corpus_phspaelti,.
A,Aa08,36,711,711,normal,RR-corpus_phspaelti,-
A,Aa08,37,286a,286a,normal,RR-corpus_phspaelti,-
A,Aa08,38,021t,021t,normal,RR-corpus_phspaelti,-
A,Aa08,39,079,079,normal,RR-corpus_phspaelti,-
A,Aa08,40,087a,087a,normal,RR-corpus_phspaelti,-
A,Aa08,41,022bfy,022bfy,normal,RR-corpus_phspaelti,-
A,Aa08,42,022bf,022bf,normal,RR-corpus_phspaelti,-
A,Aa08,43,006V,006V,normal,RR-corpus_phspaelti,.
A,Aa08,44,008h,008h,normal,RR-corpus_phspaelti,-
A,Aa08,45,077ay,077ay,normal,RR-corpus_phspaelti,.
A,Aa08,46,049f,049f,normal,RR-corpus_phspaelti,-
A,Aa08,47,001a,001a,normal,RR-corpus_phspaelti,-
A,Aa08,48,057a,057a,normal,RR-corpus_phspaelti,-
A,Aa08,49,025a,025a,normal,RR-corpus_phspaelti,.
A,Aa08,50,005t,005t,normal,RR-corpus_phspaelti,:
A,Aa08,51,009,009,normal,RR-corpus_phspaelti,-
A,Aa08,52,010,010,normal,RR-corpus_phspaelti,.
A,Aa08,53,007,007,normal,RR-corpus_phspaelti,.
A,Aa08,54,734b,734b,normal,RR-corpus_phspaelti,-
A,Aa08,55,011t,011t,normal,RR-corpus_phspaelti,-
A,Aa08,56,431,431,normal,RR-corpus_phspaelti,-
A,Aa08,57,748a,748a,normal,RR-corpus_phspaelti,-
A,Aa08,58,025a,025a,normal,RR-corpus_phspaelti,.
A,Aa08,59,005t,005t,normal,RR-corpus_phspaelti,:
A,Aa08,60,009,009,normal,RR-corpus_phspaelti,-
A,Aa08,61,522y,522y,normal,RR-corpus_phspaelti,-
A,Aa08,62,253,253,normal,RR-corpus_phspaelti,-
A,Aa08,63,025at,025at,normal,RR-corpus_phspaelti,-
A,Aa08,64,022f,022f,normal,RR-corpus_phspaelti,-
A,Aa08,65,029,029,normal,RR-corpus_phspaelti,-
A,Aa08,66,090k,090k,normal,RR-corpus_phspaelti,.
A,Aa08,67,061,061,normal,RR-corpus_phspaelti,-
A,Aa08,68,253,253,normal,RR-corpus_phspaelti,-
A,Aa08,69,050,050,normal,RR-corpus_phspaelti,.
A,Aa08,70,010,010,normal,RR-corpus_phspaelti,-
A,Aa08,71,078ay,078ay,normal,RR-corpus_phspaelti,-
A,Aa08,72,002a,002a,normal,RR-corpus_phspaelti,-
A,Aa08,73,254c,254c,normal,RR-corpus_phspaelti,-
A,Aa08,74,002a,002a,normal,RR-corpus_phspaelti,-
A,Aa08,75,254di,254di,normal,RR-corpus_phspaelti,-
A,Aa08,76,005j,005j,normal,RR-corpus_phspaelti,-
A,Aa08,77,380,380,normal,RR-corpus_phspaelti,.
A,Aa08,78,050,050,normal,RR-corpus_phspaelti,-
A,Aa08,79,002a,002a,normal,RR-corpus_phspaelti,-
A,Aa08,80,625,625,normal,RR-corpus_phspaelti,.
A,Aa08,81,005j,005j,normal,RR-corpus_phspaelti,.
A,Aa08,82,010,010,normal,RR-corpus_phspaelti,.
A,Aa08,83,003a,003a,normal,RR-corpus_phspaelti,-
A,Aa08,84,025a,025a,normal,RR-corpus_phspaelti,.
A,Aa08,85,005t,005t,normal,RR-corpus_phspaelti,:
A,Aa08,86,009,009,normal,RR-corpus_phspaelti,-
A,Aa08,87,004,004,normal,RR-corpus_phspaelti,-
A,Aa08,88,774,774,normal,RR-corpus_phspaelti,-
A,Aa08,89,093f,093f,normal,RR-corpus_phspaelti,-
A,Aa08,90,774,774,normal,RR-corpus_phspaelti,-
A,Aa08,91,020f,020f,normal,RR-corpus_phspaelti,-
A,Aa08,92,774b,774b,normal,RR-corpus_phspaelti,-
A,Aa08,93,004a,004a,normal,RR-corpus_phspaelti,-
A,Aa08,94,280d,280d,normal,RR-corpus_phspaelti,-
A,Aa08,95,093f,093f,normal,RR-corpus_phspaelti,-
A,Aa08,96,050,050,normal,RR-corpus_phspaelti,-
A,Aa08,97,280a?,280a?,normal,RR-corpus_phspaelti,-
A,Aa08,98,020f,020f,normal,RR-corpus_phspaelti,-
A,Aa08,99,280a,280a,normal,RR-corpus_phspaelti,-
A,Aa08,100,606,606,normal,RR-corpus_phspaelti,.
A,Aa08,101,711,711,normal,RR-corpus_phspaelti,-
A,Aa08,102,025a,025a,normal,RR-corpus_phspaelti,.
A,Aa08,103,005,005,normal,RR-corpus_phspaelti,:
A,Aa08,104,009,009,normal,RR-corpus_phspaelti,-
A,Aa08,105,044,044,normal,RR-corpus_phspaelti,-
A,Aa08,106,002a,002a,normal,RR-corpus_phspaelti,-
A,Aa08,107,001,001,normal,RR-corpus_phspaelti,-
A,Aa08,108,090j,090j,normal,RR-corpus_phspaelti,-
A,Aa08,109,665,665,normal,RR-corpus_phspaelti,-
A,Aa08,110,095b,095b,normal,RR-corpus_phspaelti,-
A,Aa08,111,093j,093j,normal,RR-corpus_phspaelti,-
A,Aa08,112,240,240,normal,RR-corpus_phspaelti,.
A,Aa08,113,024,024,normal,RR-corpus_phspaelti,-
A,Aa08,114,002a,002a,normal,RR-corpus_phspaelti,-
A,Aa08,115,631,631,normal,RR-corpus_phspaelti,-
A,Aa08,116,600,600,normal,RR-corpus_phspaelti,-
A,Aa08,117,593c,593c,normal,RR-corpus_phspaelti,-
A,Aa08,118,060a,060a,normal,RR-corpus_phspaelti,.
A,Aa08,119,002a,002a,normal,RR-corpus_phspaelti,-
A,Aa08,120,044b,044b,normal,RR-corpus_phspaelti,-
A,Aa08,121,020,020,normal,RR-corpus_phspaelti,-
A,Aa08,122,746,746,normal,RR-corpus_phspaelti,-
A,Aa08,123,001,001,normal,RR-corpus_phspaelti,-
A,Aa08,124,022,022,normal,RR-corpus_phspaelti,*
A,Ab01,1,079,079,normal,RR-corpus_phspaelti,-
A,Ab01,2,042,042,normal,RR-corpus_phspaelti,:
A,Ab01,3,005,005,normal,RR-corpus_phspaelti,-
A,Ab01,4,005j,005j,normal,RR-corpus_phspaelti,-
A,Ab01,5,305,305,normal,RR-corpus_phspaelti,.
A,Ab01,6,020ehy,020ehy,normal,RR-corpus_phspaelti,-
A,Ab01,7,600,600,normal,RR-corpus_phspaelti,.
A,Ab01,8,007,007,normal,RR-corpus_phspaelti,-
A,Ab01,9,290,290,normal,RR-corpus_phspaelti,-
A,Ab01,10,025b,025b,normal,RR-corpus_phspaelti,-
A,Ab01,11,002a,002a,normal,RR-corpus_phspaelti,-
A,Ab01,12,080bx,080bx,normal,RR-corpus_phspaelti,-
A,Ab01,13,004,004,normal,RR-corpus_phspaelti,-
A,Ab01,14,001,001,normal,RR-corpus_phspaelti,.
A,Ab01,15,005j,005j,normal,RR-corpus_phspaelti,:
A,Ab01,16,009,009,normal,RR-corpus_phspaelti,-
A,Ab01,17,300,300,normal,RR-corpus_phspaelti,.
A,Ab01,18,074fhx,074fhx,normal,RR-corpus_phspaelti,-
A,Ab01,19,007,007,normal,RR-corpus_phspaelti,-
A,Ab01,20,280,280,normal,RR-corpus_phspaelti,-
A,Ab01,21,042,042,normal,RR-corpus_phspaelti,:
A,Ab01,22,059af,059af,normal,RR-corpus_phspaelti,-
A,Ab01,23,048,048,normal,RR-corpus_phspaelti,-
A,Ab01,24,022bfy,022bfy,normal,RR-corpus_phspaelti,-
A,Ab01,25,025b,025b,normal,RR-corpus_phspaelti,-
A,Ab01,26,001,001,normal,RR-corpus_phspaelti,-
A,Ab01,27,009a,009a,normal,RR-corpus_phspaelti,-
A,Ab01,28,360b,360b,normal,RR-corpus_phspaelti,.
A,Ab01,29,009h,009h,normal,RR-corpus_phspaelti,-
A,Ab01,30,672,672,normal,RR-corpus_phspaelti,-
A,Ab01,31,005j,005j,normal,RR-corpus_phspaelti,.
A,Ab01,32,037x,037x,normal,RR-corpus_phspaelti,-
A,Ab01,33,005j,005j,normal,RR-corpus_phspaelti,.
A,Ab01,34,325,325,normal,RR-corpus_phspaelti,-
A,Ab01,35,005,005,normal,RR-corpus_phspaelti,.
A,Ab01,36,037x,037x,normal,RR-corpus_phspaelti,-
A,Ab01,37,001,001,normal,RR-corpus_phspaelti,-
A,Ab01,38,009a,009a,normal,RR-corpus_phspaelti,-
A,Ab01,39,607,607,normal,RR-corpus_phspaelti,-
A,Ab01,40,001,001,normal,RR-corpus_phspaelti,.
A,Ab01,41,006,006,normal,RR-corpus_phspaelti,-
A,Ab01,42,001,001,normal,RR-corpus_phspaelti,.
A,Ab01,43,078,078,normal,RR-corpus_phspaelti,-
A,Ab01,44,019,019,normal,RR-corpus_phspaelti,.
A,Ab01,45,670,670,normal,RR-corpus_phspaelti,-
A,Ab01,46,005j,005j,normal,RR-corpus_phspaelti,-
A,Ab01,47,746,746,normal,RR-corpus_phspaelti,-
A,Ab01,48,001,001,normal,RR-corpus_phspaelti,-
A,Ab01,49,009a,009a,normal,RR-corpus_phspaelti,-
A,Ab01,50,004,004,normal,RR-corpus_phspaelti,.
A,Ab01,51,240,240,normal,RR-corpus_phspaelti,.
A,Ab01,52,004y,004y,normal,RR-corpus_phspaelti,-
A,Ab01,53,700a,700a,normal,RR-corpus_phspaelti,-
A,Ab01,54,670c,670c,normal,RR-corpus_phspaelti,-
A,Ab01,55,001,001,normal,RR-corpus_phspaelti,-
A,Ab01,56,009a,009a,normal,RR-corpus_phspaelti,-
A,Ab01,57,607,607,normal,RR-corpus_phspaelti,.
A,Ab01,58,071tx,071tx,normal,RR-corpus_phspaelti,-
A,Ab01,59,607,607,normal,RR-corpus_phspaelti,-
A,Ab01,60,306,306,normal,RR-corpus_phspaelti,.
A,Ab01,61,711,711,normal,RR-corpus_phspaelti,-
A,Ab01,62,280,280,normal,RR-corpus_phspaelti,-
A,Ab01,63,755,755,normal,RR-corpus_phspaelti,-
A,Ab01,64,741,741,normal,RR-corpus_phspaelti,-
A,Ab01,65,741,741,normal,RR-corpus_phspaelti,-
A,Ab01,66,091,091,normal,RR-corpus_phspaelti,-
A,Ab01,67,600,600,normal,RR-corpus_phspaelti,-
A,Ab01,68,001,001,normal,RR-corpus_phspaelti,.
A,Ab01,69,005,005,normal,RR-corpus_phspaelti,:
A,Ab01,70,009,009,normal,RR-corpus_phspaelti,-
A,Ab01,71,607,607,normal,RR-corpus_phspaelti,-
A,Ab01,72,005j,005j,normal,RR-corpus_phspaelti,-
A,Ab01,73,305f,305f,normal,RR-corpus_phspaelti,.
A,Ab01,74,020ehy,020ehy,normal,RR-corpus_phspaelti,-
A,Ab01,75,615,615,normal,RR-corpus_phspaelti,.
A,Ab01,76,711,711,normal,RR-corpus_phspaelti,-
A,Ab01,77,280,280,normal,RR-corpus_phspaelti,-
A,Ab01,78,755a,755a,normal,RR-corpus_phspaelti,-
A,Ab01,79,742,742,normal,RR-corpus_phspaelti,-
A,Ab01,80,741,741,normal,RR-corpus_phspaelti,-
A,Ab01,81,091,091,normal,RR-corpus_phspaelti,-
A,Ab01,82,600,600,normal,RR-corpus_phspaelti,-
A,Ab01,83,001,001,normal,RR-corpus_phspaelti,-
A,Ab01,84,009a,009a,normal,RR-corpus_phspaelti,-
A,Ab01,85,660,660,normal,RR-corpus_phspaelti,-
A,Ab01,86,660,660,normal,RR-corpus_phspaelti,-
A,Ab01,87,305,305,normal,RR-corpus_phspaelti,.
A,Ab01,88,020efhy,020efhy,normal,RR-corpus_phspaelti,-
A,Ab01,89,600,600,normal,RR-corpus_phspaelti,.
A,Ab01,90,007,007,normal,RR-corpus_phspaelti,-
A,Ab01,91,290,290,normal,RR-corpus_phspaelti,-
A,Ab01,92,025b,025b,normal,RR-corpus_phspaelti,-
A,Ab01,93,306,306,normal,RR-corpus_phspaelti,.
A,Ab01,94,711,711,normal,RR-corpus_phspaelti,-
A,Ab01,95,290,290,normal,RR-corpus_phspaelti,-
A,Ab01,96,755,755,normal,RR-corpus_phspaelti,-
A,Ab01,97,420!,420!,normal,RR-corpus_phspaelti,-
A,Ab01,98,741,741,normal,RR-corpus_phspaelti,-
A,Ab01,99,091,091,normal,RR-corpus_phspaelti,-
A,Ab01,100,600,600,normal,RR-corpus_phspaelti,-
A,Ab01,101,001,001,normal,RR-corpus_phspaelti,-
A,Ab01,102,009a,009a,normal,RR-corpus_phspaelti,-
A,Ab01,103,607,607,normal,RR-corpus_phspaelti,-
A,Ab01,104,306,306,normal,RR-corpus_phspaelti,-
A,Ab01,105,711,711,normal,RR-corpus_phspaelti,-
A,Ab01,106,000!,000!,normal,RR-corpus_phspaelti,-
A,Ab01,107,000!,000!,normal,RR-corpus_phspaelti,-
A,Ab01,108,000!,000!,normal,RR-corpus_phspaelti,*
A,Ab02,1,001!,001!,normal,RR-corpus_phspaelti,-
A,Ab02,2,009a,009a,normal,RR-corpus_phspaelti,-
A,Ab02,3,170,170,normal,RR-corpus_phspaelti,-
A,Ab02,4,500,500,normal,RR-corpus_phspaelti,-
A,Ab02,5,305f,305f,normal,RR-corpus_phspaelti,.
A,Ab02,6,020ehy,020ehy,normal,RR-corpus_phspaelti,-
A,Ab02,7,080,080,normal,RR-corpus_phspaelti,-
A,Ab02,8,004,004,normal,RR-corpus_phspaelti,-
A,Ab02,9,001,001,normal,RR-corpus_phspaelti,.
A,Ab02,10,005t,005t,normal,RR-corpus_phspaelti,:
A,Ab02,11,009,009,normal,RR-corpus_phspaelti,-
A,Ab02,12,300,300,normal,RR-corpus_phspaelti,.
A,Ab02,13,088,088,normal,RR-corpus_phspaelti,-
A,Ab02,14,144f,144f,normal,RR-corpus_phspaelti,-
A,Ab02,15,040a,040a,normal,RR-corpus_phspaelti,-
A,Ab02,16,165xy,165xy,normal,RR-corpus_phspaelti,-
A,Ab02,17,046,046,normal,RR-corpus_phspaelti,-
A,Ab02,18,059f,059f,normal,RR-corpus_phspaelti,-
A,Ab02,19,165xy,165xy,normal,RR-corpus_phspaelti,-
A,Ab02,20,208,208,normal,RR-corpus_phspaelti,.
A,Ab02,21,700x,700x,normal,RR-corpus_phspaelti,-
A,Ab02,22,057a,057a,normal,RR-corpus_phspaelti,.
A,Ab02,23,008h,008h,normal,RR-corpus_phspaelti,-
A,Ab02,24,001,001,normal,RR-corpus_phspaelti,-
A,Ab02,25,009a,009a,normal,RR-corpus_phspaelti,-
A,Ab02,26,060a,060a,normal,RR-corpus_phspaelti,.
A,Ab02,27,003a,003a,normal,RR-corpus_phspaelti,-
A,Ab02,28,040a,040a,normal,RR-corpus_phspaelti,.
A,Ab02,29,003a,003a,normal,RR-corpus_phspaelti,-
A,Ab02,30,600,600,normal,RR-corpus_phspaelti,-
A,Ab02,31,060a,060a,normal,RR-corpus_phspaelti,.
A,Ab02,32,003a,003a,normal,RR-corpus_phspaelti,-
A,Ab02,33,600,600,normal,RR-corpus_phspaelti,-
A,Ab02,34,060a,060a,normal,RR-corpus_phspaelti,-
A,Ab02,35,003a,003a,normal,RR-corpus_phspaelti,-
A,Ab02,36,600f,600f,normal,RR-corpus_phspaelti,-
A,Ab02,37,666,666,normal,RR-corpus_phspaelti,-
A,Ab02,38,600af,600af,normal,RR-corpus_phspaelti,-
A,Ab02,39,060a,060a,normal,RR-corpus_phspaelti,.
A,Ab02,40,003a,003a,normal,RR-corpus_phspaelti,-
A,Ab02,41,600,600,normal,RR-corpus_phspaelti,-
A,Ab02,42,004,004,normal,RR-corpus_phspaelti,-
A,Ab02,43,700a,700a,normal,RR-corpus_phspaelti,-
A,Ab02,44,670,670,normal,RR-corpus_phspaelti,-
A,Ab02,45,004,004,normal,RR-corpus_phspaelti,.
A,Ab02,46,064a,064a,normal,RR-corpus_phspaelti,-
A,Ab02,47,001,001,normal,RR-corpus_phspaelti,-
A,Ab02,48,014,014,normal,RR-corpus_phspaelti,-
A,Ab02,49,651,651,normal,RR-corpus_phspaelti,-
A,Ab02,50,011,011,normal,RR-corpus_phspaelti,-
A,Ab02,51,741,741,normal,RR-corpus_phspaelti,-
A,Ab02,52,001,001,normal,RR-corpus_phspaelti,.
A,Ab02,53,005t,005t,normal,RR-corpus_phspaelti,:
A,Ab02,54,009,009,normal,RR-corpus_phspaelti,-
A,Ab02,55,306,306,normal,RR-corpus_phspaelti,.
A,Ab02,56,003a,003a,normal,RR-corpus_phspaelti,-
A,Ab02,57,028,028,normal,RR-corpus_phspaelti,.
A,Ab02,58,095x,095x,normal,RR-corpus_phspaelti,-
A,Ab02,59,300,300,normal,RR-corpus_phspaelti,.
A,Ab02,60,074fy,074fy,normal,RR-corpus_phspaelti,-
A,Ab02,61,021,021,normal,RR-corpus_phspaelti,-
A,Ab02,62,001,001,normal,RR-corpus_phspaelti,.
A,Ab02,63,010,010,normal,RR-corpus_phspaelti,-
A,Ab02,64,022bfy,022bfy,normal,RR-corpus_phspaelti,.
A,Ab02,65,243,243,normal,RR-corpus_phspaelti,.
A,Ab02,66,_,_,normal,RR-corpus_phspaelti,-
A,Ab02,67,005jt,005jt,normal,RR-corpus_phspaelti,-
A,Ab02,68,022bfy,022bfy,normal,RR-corpus_phspaelti,.
A,Ab02,69,243,243,normal,RR-corpus_phspaelti,-
A,Ab02,70,001,001,normal,RR-corpus_phspaelti,-
A,Ab02,71,700,700,normal,RR-corpus_phspaelti,:
A,Ab02,72,006b,006b,normal,RR-corpus_phspaelti,-
A,Ab02,73,061x,061x,normal,RR-corpus_phspaelti,.
A,Ab02,74,001,001,normal,RR-corpus_phspaelti,-
A,Ab02,75,732,732,normal,RR-corpus_phspaelti,-
A,Ab02,76,004,004,normal,RR-corpus_phspaelti,-
A,Ab02,77,005j,005j,normal,RR-corpus_phspaelti,-
A,Ab02,78,022bfy,022bfy,normal,RR-corpus_phspaelti,-
A,Ab02,79,066,066,normal,RR-corpus_phspaelti,-
A,Ab02,80,741,741,normal,RR-corpus_phspaelti,-
A,Ab02,81,022bfy,022bfy,normal,RR-corpus_phspaelti,-
A,Ab02,82,450,450,normal,RR-corpus_phspaelti,-
A,Ab02,83,070,070,normal,RR-corpus_phspaelti,-
A,Ab02,84,001,001,normal,RR-corpus_phspaelti,-
A,Ab02,85,506,506,normal,RR-corpus_phspaelti,.
A,Ab02,86,109b,109b,normal,RR-corpus_phspaelti,-
A,Ab02,87,007,007,normal,RR-corpus_phspaelti,-
A,Ab02,88,566s,566s,normal,RR-corpus_phspaelti,.
A,Ab02,89,_,_,normal,RR-corpus_phspaelti,-
A,Ab02,90,734,734,normal,RR-corpus_phspaelti,.
A,Ab02,91,074hx,074hx,normal,RR-corpus_phspaelti,-
A,Ab02,92,400,400,normal,RR-corpus_phspaelti,.
A,Ab02,93,400s,400s,normal,RR-corpus_phspaelti,.
A,Ab02,94,009kh,009kh,normal,RR-corpus_phspaelti,-
A,Ab02,95,605s,605s,normal,RR-corpus_phspaelti,-
A,Ab02,96,045,045,normal,RR-corpus_phspaelti,-
A,Ab02,97,700,700,normal,RR-corpus_phspaelti,-
A,Ab02,98,004,004,normal,RR-corpus_phspaelti,-
A,Ab02,99,605,605,normal,RR-corpus_phspaelti,-
A,Ab02,100,002a,002a,normal,RR-corpus_phspaelti,-
A,Ab02,101,660,660,normal,RR-corpus_phspaelti,-
A,Ab02,102,600,600,normal,RR-corpus_phspaelti,-
A,Ab02,103,603,603,normal,RR-corpus_phspaelti,.
A,Ab02,104,022bfty,022bfty,normal,RR-corpus_phspaelti,-
A,Ab02,105,306,306,normal,RR-corpus_phspaelti,.
A,Ab02,106,_,_,normal,RR-corpus_phspaelti,-
A,Ab02,107,600,600,normal,RR-corpus_phspaelti,.
A,Ab02,108,007,007,normal,RR-corpus_phspaelti,-
A,Ab02,109,626,626,normal,RR-corpus_phspaelti,-
A,Ab02,110,325,325,normal,RR-corpus_phspaelti,.
A,Ab02,111,074x,074x,normal,RR-corpus_phspaelti,-
A,Ab02,112,001,001,normal,RR-corpus_phspaelti,.
A,Ab02,113,074x,074x,normal,RR-corpus_phspaelti,-
A,Ab02,114,001,001,normal,RR-corpus_phspaelti,.
A,Ab02,115,074x,074x,normal,RR-corpus_phspaelti,-
A,Ab02,116,053ay,053ay,normal,RR-corpus_phspaelti,.
A,Ab02,117,074x,074x,normal,RR-corpus_phspaelti,-
A,Ab02,118,280c,280c,normal,RR-corpus_phspaelti,-
A,Ab02,119,007,007,normal,RR-corpus_phspaelti,.
A,Ab02,120,095j,095j,normal,RR-corpus_phspaelti,-
A,Ab02,121,001,001,normal,RR-corpus_phspaelti,.
A,Ab02,122,005t,005t,normal,RR-corpus_phspaelti,:
A,Ab02,123,009,009,normal,RR-corpus_phspaelti,-
A,Ab02,124,216j,216j,normal,RR-corpus_phspaelti,-
A,Ab02,125,631,631,normal,RR-corpus_phspaelti,*
A,Ab03,1,062,062,normal,RR-corpus_phspaelti,.
A,Ab03,2,003a,003a,normal,RR-corpus_phspaelti,-
A,Ab03,3,605,605,normal,RR-corpus_phspaelti,.
A,Ab03,4,003a,003a,normal,RR-corpus_phspaelti,-
A,Ab03,5,004,004,normal,RR-corpus_phspaelti,-
A,Ab03,6,600,600,normal,RR-corpus_phspaelti,.
A,Ab03,7,004,004,normal,RR-corpus_phspaelti,.
A,Ab03,8,003a,003a,normal,RR-corpus_phspaelti,-
A,Ab03,9,040,040,normal,RR-corpus_phspaelti,.
A,Ab03,10,003a,003a,normal,RR-corpus_phspaelti,-
A,Ab03,11,050,050,normal,RR-corpus_phspaelti,.
A,Ab03,12,003a,003a,normal,RR-corpus_phspaelti,-
A,Ab03,13,093,093,normal,RR-corpus_phspaelti,.
A,Ab03,14,003a,003a,normal,RR-corpus_phspaelti,-
A,Ab03,15,681,681,normal,RR-corpus_phspaelti,-
A,Ab03,16,254k,254k,normal,RR-corpus_phspaelti,.
A,Ab03,17,003a,003a,normal,RR-corpus_phspaelti,-
A,Ab03,18,093f,093f,normal,RR-corpus_phspaelti,.
A,Ab03,19,003a,003a,normal,RR-corpus_phspaelti,-
A,Ab03,20,254,254,normal,RR-corpus_phspaelti,.
A,Ab03,21,003a,003a,normal,RR-corpus_phspaelti,-
A,Ab03,22,093f,093f,normal,RR-corpus_phspaelti,.
A,Ab03,23,003a,003a,normal,RR-corpus_phspaelti,-
A,Ab03,24,741,741,normal,RR-corpus_phspaelti,.
A,Ab03,25,003a,003a,normal,RR-corpus_phspaelti,-
A,Ab03,26,445,445,normal,RR-corpus_phspaelti,.
A,Ab03,27,003a,003a,normal,RR-corpus_phspaelti,-
A,Ab03,28,719,719,normal,RR-corpus_phspaelti,-
A,Ab03,29,450,450,normal,RR-corpus_phspaelti,.
A,Ab03,30,052,052,normal,RR-corpus_phspaelti,-
A,Ab03,31,741,741,normal,RR-corpus_phspaelti,-
A,Ab03,32,008cx,008cx,normal,RR-corpus_phspaelti,.
A,Ab03,33,003a,003a,normal,RR-corpus_phspaelti,-
A,Ab03,34,600,600,normal,RR-corpus_phspaelti,.
A,Ab03,35,003a,003a,normal,RR-corpus_phspaelti,-
A,Ab03,36,040a,040a,normal,RR-corpus_phspaelti,.
A,Ab03,37,003a,003a,normal,RR-corpus_phspaelti,-
A,Ab03,38,050,050,normal,RR-corpus_phspaelti,.
A,Ab03,39,003a,003a,normal,RR-corpus_phspaelti,-
A,Ab03,40,441s,441s,normal,RR-corpus_phspaelti,.
A,Ab03,41,003a,003a,normal,RR-corpus_phspaelti,-
A,Ab03,42,670,670,normal,RR-corpus_phspaelti,.
A,Ab03,43,003a,003a,normal,RR-corpus_phspaelti,-
A,Ab03,44,099a,099a,normal,RR-corpus_phspaelti,-
A,Ab03,45,605s,605s,normal,RR-corpus_phspaelti,.
A,Ab03,46,003a,003a,normal,RR-corpus_phspaelti,-
A,Ab03,47,605s,605s,normal,RR-corpus_phspaelti,.
A,Ab03,48,003a,003a,normal,RR-corpus_phspaelti,-
A,Ab03,49,007,007,normal,RR-corpus_phspaelti,-
A,Ab03,50,600,600,normal,RR-corpus_phspaelti,-
A,Ab03,51,630es,630es,normal,RR-corpus_phspaelti,-
A,Ab03,52,752,752,normal,RR-corpus_phspaelti,-
A,Ab03,53,212fs,212fs,normal,RR-corpus_phspaelti,-
A,Ab03,54,752a,752a,normal,RR-corpus_phspaelti,-
A,Ab03,55,360c,360c,normal,RR-corpus_phspaelti,.
A,Ab03,56,076,076,normal,RR-corpus_phspaelti,.
A,Ab03,57,001,001,normal,RR-corpus_phspaelti,-
A,Ab03,58,599c,599c,normal,RR-corpus_phspaelti,-
A,Ab03,59,060a,060a,normal,RR-corpus_phspaelti,-
A,Ab03,60,739a,739a,normal,RR-corpus_phspaelti,-
A,Ab03,61,011,011,normal,RR-corpus_phspaelti,.
A,Ab03,62,003a,003a,normal,RR-corpus_phspaelti,-
A,Ab03,63,739a,739a,normal,RR-corpus_phspaelti,.
A,Ab03,64,003a,003a,normal,RR-corpus_phspaelti,-
A,Ab03,65,600,600,normal,RR-corpus_phspaelti,.
A,Ab03,66,003a,003a,normal,RR-corpus_phspaelti,-
A,Ab03,67,670,670,normal,RR-corpus_phspaelti,.
A,Ab03,68,003a,003a,normal,RR-corpus_phspaelti,-
A,Ab03,69,736,736,normal,RR-corpus_phspaelti,.
A,Ab03,70,003a,003a,normal,RR-corpus_phspaelti,-
A,Ab03,71,300,300,normal,RR-corpus_phspaelti,.
A,Ab03,72,021h,021h,normal,RR-corpus_phspaelti,.
A,Ab03,73,306,306,normal,RR-corpus_phspaelti,.
A,Ab03,74,021t,021t,normal,RR-corpus_phspaelti,-
A,Ab03,75,740,740,normal,RR-corpus_phspaelti,.
A,Ab03,76,074hx,074hx,normal,RR-corpus_phspaelti,-
A,Ab03,77,448,448,normal,RR-corpus_phspaelti,.
A,Ab03,78,050t,050t,normal,RR-corpus_phspaelti,-
A,Ab03,79,736,736,normal,RR-corpus_phspaelti,.
A,Ab03,80,003a,003a,normal,RR-corpus_phspaelti,-
A,Ab03,81,631,631,normal,RR-corpus_phspaelti,-
A,Ab03,82,005j,005j,normal,RR-corpus_phspaelti,-
A,Ab03,83,447f,447f,normal,RR-corpus_phspaelti,.
A,Ab03,84,050t,050t,normal,RR-corpus_phspaelti,.
A,Ab03,85,044b,044b,normal,RR-corpus_phspaelti,.
A,Ab03,86,003a,003a,normal,RR-corpus_phspaelti,-
A,Ab03,87,046,046,normal,RR-corpus_phspaelti,-
A,Ab03,88,044b,044b,normal,RR-corpus_phspaelti,-
A,Ab03,89,002e,002e,normal,RR-corpus_phspaelti,-
A,Ab03,90,046,046,normal,RR-corpus_phspaelti,-
A,Ab03,91,044,044,normal,RR-corpus_phspaelti,-
A,Ab03,92,005j,005j,normal,RR-corpus_phspaelti,-
A,Ab03,93,752a,752a,normal,RR-corpus_phspaelti,-
A,Ab03,94,489,489,normal,RR-corpus_phspaelti,-
A,Ab03,95,048,048,normal,RR-corpus_phspaelti,.
A,Ab03,96,044afx,044afx,normal,RR-corpus_phspaelti,-
A,Ab03,97,206s,206s,normal,RR-corpus_phspaelti,-
A,Ab03,98,044ax,044ax,normal,RR-corpus_phspaelti,-
A,Ab03,99,430,430,normal,RR-corpus_phspaelti,-
A,Ab03,100,007,007,normal,RR-corpus_phspaelti,-
A,Ab03,101,755a,755a,normal,RR-corpus_phspaelti,-
A,Ab03,102,256c,256c,normal,RR-corpus_phspaelti,-
A,Ab03,103,022bfy,022bfy,normal,RR-corpus_phspaelti,-
A,Ab03,104,022bfy,022bfy,normal,RR-corpus_phspaelti,-
A,Ab03,105,004,004,normal,RR-corpus_phspaelti,.
A,Ab03,106,004,004,normal,RR-corpus_phspaelti,-
A,Ab03,107,586,586,normal,RR-corpus_phspaelti,-
A,Ab03,108,021t,021t,normal,RR-corpus_phspaelti,-
A,Ab03,109,730,730,normal,RR-corpus_phspaelti,.
A,Ab03,110,074x,074x,normal,RR-corpus_phspaelti,-
A,Ab03,111,430,430,normal,RR-corpus_phspaelti,-
A,Ab03,112,041,041,normal,RR-corpus_phspaelti,-
A,Ab03,113,595y,595y,normal,RR-corpus_phspaelti,-
A,Ab03,114,022,022,normal,RR-corpus_phspaelti,.
A,Ab03,115,590,590,normal,RR-corpus_phspaelti,.
A,Ab03,116,022,022,normal,RR-corpus_phspaelti,-
A,Ab03,117,070,070,normal,RR-corpus_phspaelti,-
A,Ab03,118,600,600,normal,RR-corpus_phspaelti,.
A,Ab03,119,022,022,normal,RR-corpus_phspaelti,.
A,Ab03,120,009,009,normal,RR-corpus_phspaelti,-
A,Ab03,121,022,022,normal,RR-corpus_phspaelti,-
A,Ab03,122,070,070,normal,RR-corpus_phspaelti,-
A,Ab03,123,772V,772V,normal,RR-corpus_phspaelti,-
A,Ab03,124,006,006,normal,RR-corpus_phspaelti,*
A,Ab04,1,006,006,normal,RR-corpus_phspaelti,.
A,Ab04,2,670,670,normal,RR-corpus_phspaelti,-
A,Ab04,3,012a,012a,normal,RR-corpus_phspaelti,-
A,Ab04,4,631b,631b,normal,RR-corpus_phspaelti,-
A,Ab04,5,091,091,normal,RR-corpus_phspaelti,-
A,Ab04,6,091,091,normal,RR-corpus_phspaelti,-
A,Ab04,7,300,300,normal,RR-corpus_phspaelti,.
A,Ab04,8,460y,460y,normal,RR-corpus_phspaelti,.
A,Ab04,9,004,004,normal,RR-corpus_phspaelti,-
A,Ab04,10,487,487,normal,RR-corpus_phspaelti,.
A,Ab04,11,004,004,normal,RR-corpus_phspaelti,-
A,Ab04,12,756,756,normal,RR-corpus_phspaelti,-
A,Ab04,13,004,004,normal,RR-corpus_phspaelti,.
A,Ab04,14,004,004,normal,RR-corpus_phspaelti,-
A,Ab04,15,040a,040a,normal,RR-corpus_phspaelti,.
A,Ab04,16,004,004,normal,RR-corpus_phspaelti,-
A,Ab04,17,004,004,normal,RR-corpus_phspaelti,.
A,Ab04,18,431c,431c,normal,RR-corpus_phspaelti,.
A,Ab04,19,076,076,normal,RR-corpus_phspaelti,-
A,Ab04,20,381fy,381fy,normal,RR-corpus_phspaelti,-
A,Ab04,21,022bfy,022bfy,normal,RR-corpus_phspaelti,-
A,Ab04,22,001,001,normal,RR-corpus_phspaelti,.
A,Ab04,23,052,052,normal,RR-corpus_phspaelti,-
A,Ab04,24,007,007,normal,RR-corpus_phspaelti,-
A,Ab04,25,067a,067a,normal,RR-corpus_phspaelti,.
A,Ab04,26,010f,010f,normal,RR-corpus_phspaelti,-
A,Ab04,27,067a,067a,normal,RR-corpus_phspaelti,-
A,Ab04,28,470,470,normal,RR-corpus_phspaelti,-
A,Ab04,29,001t,001t,normal,RR-corpus_phspaelti,-
A,Ab04,30,580c,580c,normal,RR-corpus_phspaelti,-
A,Ab04,31,001,001,normal,RR-corpus_phspaelti,.
A,Ab04,32,052,052,normal,RR-corpus_phspaelti,-
A,Ab04,33,008b,008b,normal,RR-corpus_phspaelti,.
A,Ab04,34,079a,079a,normal,RR-corpus_phspaelti,-
A,Ab04,35,598,598,normal,RR-corpus_phspaelti,-
A,Ab04,36,001,001,normal,RR-corpus_phspaelti,.
A,Ab04,37,003a,003a,normal,RR-corpus_phspaelti,-
A,Ab04,38,010y,010y,normal,RR-corpus_phspaelti,.
A,Ab04,39,599d,599d,normal,RR-corpus_phspaelti,-
A,Ab04,40,005j,005j,normal,RR-corpus_phspaelti,-
A,Ab04,41,066V,066V,normal,RR-corpus_phspaelti,-
A,Ab04,42,580c,580c,normal,RR-corpus_phspaelti,-
A,Ab04,43,001,001,normal,RR-corpus_phspaelti,.
A,Ab04,44,052,052,normal,RR-corpus_phspaelti,-
A,Ab04,45,022bf,022bf,normal,RR-corpus_phspaelti,.
A,Ab04,46,243a,243a,normal,RR-corpus_phspaelti,-
A,Ab04,47,041,041,normal,RR-corpus_phspaelti,.
A,Ab04,48,052x,052x,normal,RR-corpus_phspaelti,-
A,Ab04,49,061sy,061sy,normal,RR-corpus_phspaelti,.
A,Ab04,50,001,001,normal,RR-corpus_phspaelti,-
A,Ab04,51,001,001,normal,RR-corpus_phspaelti,.
A,Ab04,52,003a,003a,normal,RR-corpus_phspaelti,-
A,Ab04,53,022bf,022bf,normal,RR-corpus_phspaelti,.
A,Ab04,54,243f,243f,normal,RR-corpus_phspaelti,-
A,Ab04,55,029y,029y,normal,RR-corpus_phspaelti,.
A,Ab04,56,074a,074a,normal,RR-corpus_phspaelti,-
A,Ab04,57,006,006,normal,RR-corpus_phspaelti,-
A,Ab04,58,017,017,normal,RR-corpus_phspaelti,-
A,Ab04,59,697ao,697ao,normal,RR-corpus_phspaelti,-
A,Ab04,60,207,207,normal,RR-corpus_phspaelti,.
A,Ab04,61,520fhy,520fhy,normal,RR-corpus_phspaelti,-
A,Ab04,62,002a,002a,normal,RR-corpus_phspaelti,-
A,Ab04,63,053ay,053ay,normal,RR-corpus_phspaelti,-
A,Ab04,64,074xy,074xy,normal,RR-corpus_phspaelti,.
A,Ab04,65,007,007,normal,RR-corpus_phspaelti,.
A,Ab04,66,095,095,normal,RR-corpus_phspaelti,-
A,Ab04,67,001,001,normal,RR-corpus_phspaelti,.
A,Ab04,68,052,052,normal,RR-corpus_phspaelti,-
A,Ab04,69,680,680,normal,RR-corpus_phspaelti,-
A,Ab04,70,065,065,normal,RR-corpus_phspaelti,-
A,Ab04,71,600,600,normal,RR-corpus_phspaelti,.
A,Ab04,72,065,065,normal,RR-corpus_phspaelti,-
A,Ab04,73,600,600,normal,RR-corpus_phspaelti,.
A,Ab04,74,065,065,normal,RR-corpus_phspaelti,-
A,Ab04,75,001,001,normal,RR-corpus_phspaelti,.
A,Ab04,76,052,052,normal,RR-corpus_phspaelti,-
A,Ab04,77,450b,450b,normal,RR-corpus_phspaelti,-
A,Ab04,78,005,005,normal,RR-corpus_phspaelti,-
A,Ab04,79,044,044,normal,RR-corpus_phspaelti,-
A,Ab04,80,024a,024a,normal,RR-corpus_phspaelti,-
A,Ab04,81,667,667,normal,RR-corpus_phspaelti,-
A,Ab04,82,144f,144f,normal,RR-corpus_phspaelti,-
A,Ab04,83,008,008,normal,RR-corpus_phspaelti,-
A,Ab04,84,048,048,normal,RR-corpus_phspaelti,-
A,Ab04,85,008a,008a,normal,RR-corpus_phspaelti,-
A,Ab04,86,001,001,normal,RR-corpus_phspaelti,.
A,Ab04,87,052,052,normal,RR-corpus_phspaelti,-
A,Ab04,88,003ax,003ax,normal,RR-corpus_phspaelti,.
A,Ab04,89,255,255,normal,RR-corpus_phspaelti,-
A,Ab04,90,256d,256d,normal,RR-corpus_phspaelti,-
A,Ab04,91,048a,048a,normal,RR-corpus_phspaelti,-
A,Ab04,92,280,280,normal,RR-corpus_phspaelti,-
A,Ab04,93,001,001,normal,RR-corpus_phspaelti,.
A,Ab04,94,052,052,normal,RR-corpus_phspaelti,-
A,Ab04,95,326,326,normal,RR-corpus_phspaelti,.
A,Ab04,96,003a,003a,normal,RR-corpus_phspaelti,-
A,Ab04,97,741,741,normal,RR-corpus_phspaelti,.
A,Ab04,98,003a,003a,normal,RR-corpus_phspaelti,-
A,Ab04,99,280,280,normal,RR-corpus_phspaelti,-
A,Ab04,100,048,048,normal,RR-corpus_phspaelti,-
A,Ab04,101,003a,003a,normal,RR-corpus_phspaelti,.
A,Ab04,102,060a,060a,normal,RR-corpus_phspaelti,-
A,Ab04,103,739b,739b,normal,RR-corpus_phspaelti,-
A,Ab04,104,084,084,normal,RR-corpus_phspaelti,-
A,Ab04,105,053ay,053ay,normal,RR-corpus_phspaelti,-
A,Ab04,106,680,680,normal,RR-corpus_phspaelti,-
A,Ab04,107,326,326,normal,RR-corpus_phspaelti,.
A,Ab04,108,003a,003a,normal,RR-corpus_phspaelti,-
A,Ab04,109,736a,736a,normal,RR-corpus_phspaelti,.
A,Ab04,110,003a,003a,normal,RR-corpus_phspaelti,-
A,Ab04,111,736a,736a,normal,RR-corpus_phspaelti,.
A,Ab04,112,003a,003a,normal,RR-corpus_phspaelti,-
A,Ab04,113,700,700,normal,RR-corpus_phspaelti,-
A,Ab04,114,022,022,normal,RR-corpus_phspaelti,-
A,Ab04,115,700,700,normal,RR-corpus_phspaelti,-
A,Ab04,116,001,001,normal,RR-corpus_phspaelti,-
A,Ab04,117,005j,005j,normal,RR-corpus_phspaelti,-
A,Ab04,118,306,306,normal,RR-corpus_phspaelti,.
A,Ab04,119,710,710,normal,RR-corpus_phspaelti,*
A,Ab05,1,079,079,normal,RR-corpus_phspaelti,.
A,Ab05,2,074,074,normal,RR-corpus_phspaelti,-
A,Ab05,3,109,109,normal,RR-corpus_phspaelti,-
A,Ab05,4,009fi,009fi,normal,RR-corpus_phspaelti,-
A,Ab05,5,004,004,normal,RR-corpus_phspaelti,.
A,Ab05,6,660,660,normal,RR-corpus_phspaelti,-
A,Ab05,7,080,080,normal,RR-corpus_phspaelti,-
A,Ab05,8,208f,208f,normal,RR-corpus_phspaelti,-
A,Ab05,9,007a,007a,normal,RR-corpus_phspaelti,-
A,Ab05,10,002,002,normal,RR-corpus_phspaelti,-
A,Ab05,11,005j,005j,normal,RR-corpus_phspaelti,-
A,Ab05,12,002a,002a,normal,RR-corpus_phspaelti,-
A,Ab05,13,208f,208f,normal,RR-corpus_phspaelti,-
A,Ab05,14,605,605,normal,RR-corpus_phspaelti,.
A,Ab05,15,003a,003a,normal,RR-corpus_phspaelti,-
A,Ab05,16,004,004,normal,RR-corpus_phspaelti,-
A,Ab05,17,600,600,normal,RR-corpus_phspaelti,.
A,Ab05,18,004,004,normal,RR-corpus_phspaelti,-
A,Ab05,19,003a,003a,normal,RR-corpus_phspaelti,.
A,Ab05,20,040a,040a,normal,RR-corpus_phspaelti,-
A,Ab05,21,003a,003a,normal,RR-corpus_phspaelti,.
A,Ab05,22,050,050,normal,RR-corpus_phspaelti,-
A,Ab05,23,093,093,normal,RR-corpus_phspaelti,.
A,Ab05,24,003a,003a,normal,RR-corpus_phspaelti,-
A,Ab05,25,681i,681i,normal,RR-corpus_phspaelti,.
A,Ab05,26,003a,003a,normal,RR-corpus_phspaelti,-
A,Ab05,27,027,027,normal,RR-corpus_phspaelti,.
A,Ab05,28,009,009,normal,RR-corpus_phspaelti,.
A,Ab05,29,003a,003a,normal,RR-corpus_phspaelti,-
A,Ab05,30,060at,060at,normal,RR-corpus_phspaelti,:
A,Ab05,31,095,095,normal,RR-corpus_phspaelti,.
A,Ab05,32,003a,003a,normal,RR-corpus_phspaelti,-
A,Ab05,33,060at,060at,normal,RR-corpus_phspaelti,:
A,Ab05,34,095,095,normal,RR-corpus_phspaelti,.
A,Ab05,35,003a,003a,normal,RR-corpus_phspaelti,-
A,Ab05,36,741,741,normal,RR-corpus_phspaelti,.
A,Ab05,37,003a,003a,normal,RR-corpus_phspaelti,-
A,Ab05,38,445,445,normal,RR-corpus_phspaelti,.
A,Ab05,39,003a,003a,normal,RR-corpus_phspaelti,-
A,Ab05,40,719a,719a,normal,RR-corpus_phspaelti,-
A,Ab05,41,450,450,normal,RR-corpus_phspaelti,.
A,Ab05,42,052,052,normal,RR-corpus_phspaelti,-
A,Ab05,43,008,008,normal,RR-corpus_phspaelti,.
A,Ab05,44,003a,003a,normal,RR-corpus_phspaelti,-
A,Ab05,45,605,605,normal,RR-corpus_phspaelti,.
A,Ab05,46,003a,003a,normal,RR-corpus_phspaelti,-
A,Ab05,47,040a,040a,normal,RR-corpus_phspaelti,.
A,Ab05,48,003a,003a,normal,RR-corpus_phspaelti,-
A,Ab05,49,050,050,normal,RR-corpus_phspaelti,.
A,Ab05,50,003a,003a,normal,RR-corpus_phspaelti,-
A,Ab05,51,670,670,normal,RR-corpus_phspaelti,.
A,Ab05,52,003a,003a,normal,RR-corpus_phspaelti,-
A,Ab05,53,099,099,normal,RR-corpus_phspaelti,-
A,Ab05,54,605,605,normal,RR-corpus_phspaelti,.
A,Ab05,55,003a,003a,normal,RR-corpus_phspaelti,-
A,Ab05,56,007a,007a,normal,RR-corpus_phspaelti,-
A,Ab05,57,600,600,normal,RR-corpus_phspaelti,-
A,Ab05,58,445,445,normal,RR-corpus_phspaelti,-
A,Ab05,59,752,752,normal,RR-corpus_phspaelti,-
A,Ab05,60,004,004,normal,RR-corpus_phspaelti,-
A,Ab05,61,002,002,normal,RR-corpus_phspaelti,-
A,Ab05,62,004,004,normal,RR-corpus_phspaelti,-
A,Ab05,63,002,002,normal,RR-corpus_phspaelti,-
A,Ab05,64,004,004,normal,RR-corpus_phspaelti,-
A,Ab05,65,002,002,normal,RR-corpus_phspaelti,-
A,Ab05,66,745,745,normal,RR-corpus_phspaelti,.
A,Ab05,67,074hx,074hx,normal,RR-corpus_phspaelti,-
A,Ab05,68,008cx,008cx,normal,RR-corpus_phspaelti,-
A,Ab05,69,306s,306s,normal,RR-corpus_phspaelti,-
A,Ab05,70,700a,700a,normal,RR-corpus_phspaelti,-
A,Ab05,71,675a,675a,normal,RR-corpus_phspaelti,-
A,Ab05,72,739b,739b,normal,RR-corpus_phspaelti,.
A,Ab05,73,003a,003a,normal,RR-corpus_phspaelti,-
A,Ab05,74,002,002,normal,RR-corpus_phspaelti,-
A,Ab05,75,739b,739b,normal,RR-corpus_phspaelti,-
A,Ab05,76,002,002,normal,RR-corpus_phspaelti,-
A,Ab05,77,205,205,normal,RR-corpus_phspaelti,-
A,Ab05,78,002,002,normal,RR-corpus_phspaelti,-
A,Ab05,79,290,290,normal,RR-corpus_phspaelti,-
A,Ab05,80,631b,631b,normal,RR-corpus_phspaelti,-
A,Ab05,81,002,002,normal,RR-corpus_phspaelti,-
A,Ab05,82,666,666,normal,RR-corpus_phspaelti,-
A,Ab05,83,631b,631b,normal,RR-corpus_phspaelti,-
A,Ab05,84,002,002,normal,RR-corpus_phspaelti,-
A,Ab05,85,739b,739b,normal,RR-corpus_phspaelti,-
A,Ab05,86,700a,700a,normal,RR-corpus_phspaelti,-
A,Ab05,87,739b,739b,normal,RR-corpus_phspaelti,-
A,Ab05,88,006,006,normal,RR-corpus_phspaelti,-
A,Ab05,89,090,090,normal,RR-corpus_phspaelti,-
A,Ab05,90,746,746,normal,RR-corpus_phspaelti,-
A,Ab05,91,431,431,normal,RR-corpus_phspaelti,.
A,Ab05,92,144,144,normal,RR-corpus_phspaelti,-
A,Ab05,93,014,014,normal,RR-corpus_phspaelti,-
A,Ab05,94,002,002,normal,RR-corpus_phspaelti,-
A,Ab05,95,002,002,normal,RR-corpus_phspaelti,-
A,Ab05,96,123,123,normal,RR-corpus_phspaelti,.
A,Ab05,97,123,123,normal,RR-corpus_phspaelti,-
A,Ab05,98,001,001,normal,RR-corpus_phspaelti,.
A,Ab05,99,006,006,normal,RR-corpus_phspaelti,-
A,Ab05,100,771,771,normal,RR-corpus_phspaelti,-
A,Ab05,101,040,040,normal,RR-corpus_phspaelti,-
A,Ab05,102,008,008,normal,RR-corpus_phspaelti,-
A,Ab05,103,006,006,normal,RR-corpus_phspaelti,-
A,Ab05,104,326,326,normal,RR-corpus_phspaelti,-
A,Ab05,105,001,001,normal,RR-corpus_phspaelti,-
A,Ab05,106,008,008,normal,RR-corpus_phspaelti,-
A,Ab05,107,600s,600s,normal,RR-corpus_phspaelti,.
A,Ab05,108,074hx,074hx,normal,RR-corpus_phspaelti,-
A,Ab05,109,666,666,normal,RR-corpus_phspaelti,-
A,Ab05,110,053ay,053ay,normal,RR-corpus_phspaelti,.
A,Ab05,111,009,009,normal,RR-corpus_phspaelti,-
A,Ab05,112,002,002,normal,RR-corpus_phspaelti,*
A,Ab06,1,040a,040a,normal,RR-corpus_phspaelti,.
A,Ab06,2,009,009,normal,RR-corpus_phspaelti,-
A,Ab06,3,002V,002V,normal,RR-corpus_phspaelti,-
A,Ab06,4,086,086,normal,RR-corpus_phspaelti,-
A,Ab06,5,739b,739b,normal,RR-corpus_phspaelti,-
A,Ab06,6,700a,700a,normal,RR-corpus_phspaelti,-
A,Ab06,7,006,006,normal,RR-corpus_phspaelti,-
A,Ab06,8,090!,090!,normal,RR-corpus_phspaelti,-
A,Ab06,9,430!,430!,normal,RR-corpus_phspaelti,-
A,Ab06,10,326!,326!,normal,RR-corpus_phspaelti,.
A,Ab06,11,003a,003a,normal,RR-corpus_phspaelti,-
A,Ab06,12,700a,700a,normal,RR-corpus_phspaelti,-
A,Ab06,13,739b,739b,normal,RR-corpus_phspaelti,-
A,Ab06,14,096,096,normal,RR-corpus_phspaelti,.
A,Ab06,15,003a,003a,normal,RR-corpus_phspaelti,-
A,Ab06,16,741,741,normal,RR-corpus_phspaelti,-
A,Ab06,17,042,042,normal,RR-corpus_phspaelti,:
A,Ab06,18,430,430,normal,RR-corpus_phspaelti,-
A,Ab06,19,042,042,normal,RR-corpus_phspaelti,:
A,Ab06,20,741f,741f,normal,RR-corpus_phspaelti,-
A,Ab06,21,042,042,normal,RR-corpus_phspaelti,:
A,Ab06,22,741f,741f,normal,RR-corpus_phspaelti,-
A,Ab06,23,742f,742f,normal,RR-corpus_phspaelti,-
A,Ab06,24,741,741,normal,RR-corpus_phspaelti,-
A,Ab06,25,600,600,normal,RR-corpus_phspaelti,-
A,Ab06,26,742,742,normal,RR-corpus_phspaelti,-
A,Ab06,27,670,670,normal,RR-corpus_phspaelti,.
A,Ab06,28,062,062,normal,RR-corpus_phspaelti,-
A,Ab06,29,091,091,normal,RR-corpus_phspaelti,-
A,Ab06,30,743f,743f,normal,RR-corpus_phspaelti,.
A,Ab06,31,053,053,normal,RR-corpus_phspaelti,-
A,Ab06,32,741,741,normal,RR-corpus_phspaelti,-
A,Ab06,33,053ay,053ay,normal,RR-corpus_phspaelti,-
A,Ab06,34,745a,745a,normal,RR-corpus_phspaelti,.
A,Ab06,35,074hx,074hx,normal,RR-corpus_phspaelti,-
A,Ab06,36,007,007,normal,RR-corpus_phspaelti,.
A,Ab06,37,010,010,normal,RR-corpus_phspaelti,-
A,Ab06,38,306s,306s,normal,RR-corpus_phspaelti,-
A,Ab06,39,005j,005j,normal,RR-corpus_phspaelti,-
A,Ab06,40,600,600,normal,RR-corpus_phspaelti,-
A,Ab06,41,048a,048a,normal,RR-corpus_phspaelti,.
A,Ab06,42,062x,062x,normal,RR-corpus_phspaelti,-
A,Ab06,43,048a,048a,normal,RR-corpus_phspaelti,-
A,Ab06,44,048a,048a,normal,RR-corpus_phspaelti,.
A,Ab06,45,144,144,normal,RR-corpus_phspaelti,-
A,Ab06,46,004,004,normal,RR-corpus_phspaelti,.
A,Ab06,47,064,064,normal,RR-corpus_phspaelti,-
A,Ab06,48,056,056,normal,RR-corpus_phspaelti,.
A,Ab06,49,009,009,normal,RR-corpus_phspaelti,-
A,Ab06,50,056,056,normal,RR-corpus_phspaelti,-
A,Ab06,51,400,400,normal,RR-corpus_phspaelti,-
A,Ab06,52,002,002,normal,RR-corpus_phspaelti,.
A,Ab06,53,006y,006y,normal,RR-corpus_phspaelti,-
A,Ab06,54,002,002,normal,RR-corpus_phspaelti,-
A,Ab06,55,002,002,normal,RR-corpus_phspaelti,.
A,Ab06,56,006x,006x,normal,RR-corpus_phspaelti,-
A,Ab06,57,063,063,normal,RR-corpus_phspaelti,.
A,Ab06,58,004,004,normal,RR-corpus_phspaelti,-
A,Ab06,59,062y,062y,normal,RR-corpus_phspaelti,.
A,Ab06,60,001,001,normal,RR-corpus_phspaelti,.
A,Ab06,61,450,450,normal,RR-corpus_phspaelti,-
A,Ab06,62,430a,430a,normal,RR-corpus_phspaelti,-
A,Ab06,63,001,001,normal,RR-corpus_phspaelti,.
A,Ab06,64,450,450,normal,RR-corpus_phspaelti,-
A,Ab06,65,605,605,normal,RR-corpus_phspaelti,-
A,Ab06,66,001,001,normal,RR-corpus_phspaelti,.
A,Ab06,67,450,450,normal,RR-corpus_phspaelti,-
A,Ab06,68,096,096,normal,RR-corpus_phspaelti,-
A,Ab06,69,001,001,normal,RR-corpus_phspaelti,.
A,Ab06,70,450,450,normal,RR-corpus_phspaelti,-
A,Ab06,71,029y,029y,normal,RR-corpus_phspaelti,-
A,Ab06,72,451,451,normal,RR-corpus_phspaelti,-
A,Ab06,73,074,074,normal,RR-corpus_phspaelti,-
A,Ab06,74,451,451,normal,RR-corpus_phspaelti,-
A,Ab06,75,074,074,normal,RR-corpus_phspaelti,-
A,Ab06,76,096,096,normal,RR-corpus_phspaelti,-
A,Ab06,77,451,451,normal,RR-corpus_phspaelti,-
A,Ab06,78,006,006,normal,RR-corpus_phspaelti,-
A,Ab06,79,044ax,044ax,normal,RR-corpus_phspaelti,-
A,Ab06,80,001,001,normal,RR-corpus_phspaelti,.
A,Ab06,81,053ay,053ay,normal,RR-corpus_phspaelti,-
A,Ab06,82,070,070,normal,RR-corpus_phspaelti,.
A,Ab06,83,037,037,normal,RR-corpus_phspaelti,-
A,Ab06,84,070,070,normal,RR-corpus_phspaelti,.
A,Ab06,85,052a,052a,normal,RR-corpus_phspaelti,-
A,Ab06,86,070,070,normal,RR-corpus_phspaelti,.
A,Ab06,87,052a,052a,normal,RR-corpus_phspaelti,-
A,Ab06,88,070,070,normal,RR-corpus_phspaelti,-
A,Ab06,89,002d,002d,normal,RR-corpus_phspaelti,-
A,Ab06,90,070,070,normal,RR-corpus_phspaelti,.
A,Ab06,91,002d,002d,normal,RR-corpus_phspaelti,-
A,Ab06,92,300,300,normal,RR-corpus_phspaelti,.
A,Ab06,93,002,002,normal,RR-corpus_phspaelti,-
A,Ab06,94,002,002,normal,RR-corpus_phspaelti,.
A,Ab06,95,069,069,normal,RR-corpus_phspaelti,-
A,Ab06,96,093,093,normal,RR-corpus_phspaelti,.
A,Ab06,97,010,010,normal,RR-corpus_phspaelti,-
A,Ab06,98,002,002,normal,RR-corpus_phspaelti,-
A,Ab06,99,002,002,normal,RR-corpus_phspaelti,.
A,Ab06,100,010,010,normal,RR-corpus_phspaelti,-
A,Ab06,101,005j,005j,normal,RR-corpus_phspaelti,-
A,Ab06,102,002,002,normal,RR-corpus_phspaelti,-
A,Ab06,103,002,002,normal,RR-corpus_phspaelti,.
A,Ab06,104,010,010,normal,RR-corpus_phspaelti,.
A,Ab06,105,003a,003a,normal,RR-corpus_phspaelti,-
A,Ab06,106,002,002,normal,RR-corpus_phspaelti,-
A,Ab06,107,002,002,normal,RR-corpus_phspaelti,.
A,Ab06,108,010,010,normal,RR-corpus_phspaelti,-
A,Ab06,109,300,300,normal,RR-corpus_phspaelti,-
A,Ab06,110,390,390,normal,RR-corpus_phspaelti,.
A,Ab06,111,045,045,normal,RR-corpus_phspaelti,-
A,Ab06,112,001,001,normal,RR-corpus_phspaelti,-
A,Ab06,113,280c,280c,normal,RR-corpus_phspaelti,-
A,Ab06,114,001,001,normal,RR-corpus_phspaelti,-
A,Ab06,115,001a,001a,normal,RR-corpus_phspaelti,.
A,Ab06,116,009,009,normal,RR-corpus_phspaelti,-
A,Ab06,117,290,290,normal,RR-corpus_phspaelti,.
A,Ab06,118,096,096,normal,RR-corpus_phspaelti,-
A,Ab06,119,001,001,normal,RR-corpus_phspaelti,-
A,Ab06,120,770c,770c,normal,RR-corpus_phspaelti,-
A,Ab06,121,004,004,normal,RR-corpus_phspaelti,-
A,Ab06,122,652,652,normal,RR-corpus_phspaelti,-
A,Ab06,123,741,741,normal,RR-corpus_phspaelti,-
A,Ab06,124,002,002,normal,RR-corpus_phspaelti,-
A,Ab06,125,741,741,normal,RR-corpus_phspaelti,-
A,Ab06,126,002,002,normal,RR-corpus_phspaelti,-
A,Ab06,127,050,050,normal,RR-corpus_phspaelti,-
A,Ab06,128,050,050,normal,RR-corpus_phspaelti,*
A,Ab07,1,022!,022!,normal,RR-corpus_phspaelti,.
A,Ab07,2,670c,670c,normal,RR-corpus_phspaelti,.
A,Ab07,3,052x,052x,normal,RR-corpus_phspaelti,-
A,Ab07,4,660o,660o,normal,RR-corpus_phspaelti,-
A,Ab07,5,041,041,normal,RR-corpus_phspaelti,-
A,Ab07,6,661o,661o,normal,RR-corpus_phspaelti,-
A,Ab07,7,001,001,normal,RR-corpus_phspaelti,.
A,Ab07,8,005t,005t,normal,RR-corpus_phspaelti,:
A,Ab07,9,009j,009j,normal,RR-corpus_phspaelti,-
A,Ab07,10,390,390,normal,RR-corpus_phspaelti,-
A,Ab07,11,022bfy,022bfy,normal,RR-corpus_phspaelti,-
A,Ab07,12,025b,025b,normal,RR-corpus_phspaelti,-
A,Ab07,13,001,001,normal,RR-corpus_phspaelti,-
A,Ab07,14,009a,009a,normal,RR-corpus_phspaelti,-
A,Ab07,15,606,606,normal,RR-corpus_phspaelti,.
A,Ab07,16,074af,074af,normal,RR-corpus_phspaelti,-
A,Ab07,17,004,004,normal,RR-corpus_phspaelti,-
A,Ab07,18,600f,600f,normal,RR-corpus_phspaelti,-
A,Ab07,19,084ax,084ax,normal,RR-corpus_phspaelti,.
A,Ab07,20,074a,074a,normal,RR-corpus_phspaelti,-
A,Ab07,21,450,450,normal,RR-corpus_phspaelti,.
A,Ab07,22,074a,074a,normal,RR-corpus_phspaelti,-
A,Ab07,23,040,040,normal,RR-corpus_phspaelti,-
A,Ab07,24,004,004,normal,RR-corpus_phspaelti,-
A,Ab07,25,040,040,normal,RR-corpus_phspaelti,-
A,Ab07,26,004,004,normal,RR-corpus_phspaelti,-
A,Ab07,27,578,578,normal,RR-corpus_phspaelti,.
A,Ab07,28,040a,040a,normal,RR-corpus_phspaelti,-
A,Ab07,29,666,666,normal,RR-corpus_phspaelti,-
A,Ab07,30,741,741,normal,RR-corpus_phspaelti,-
A,Ab07,31,001,001,normal,RR-corpus_phspaelti,-
A,Ab07,32,296f,296f,normal,RR-corpus_phspaelti,.
A,Ab07,33,107x,107x,normal,RR-corpus_phspaelti,-
A,Ab07,34,079,079,normal,RR-corpus_phspaelti,-
A,Ab07,35,002,002,normal,RR-corpus_phspaelti,-
A,Ab07,36,430b,430b,normal,RR-corpus_phspaelti,-
A,Ab07,37,400V,400V,normal,RR-corpus_phspaelti,-
A,Ab07,38,002a,002a,normal,RR-corpus_phspaelti,-
A,Ab07,39,046,046,normal,RR-corpus_phspaelti,-
A,Ab07,40,002a,002a,normal,RR-corpus_phspaelti,-
A,Ab07,41,050f,050f,normal,RR-corpus_phspaelti,-
A,Ab07,42,379,379,normal,RR-corpus_phspaelti,.
A,Ab07,43,055ah,055ah,normal,RR-corpus_phspaelti,-
A,Ab07,44,600,600,normal,RR-corpus_phspaelti,-
A,Ab07,45,002d,002d,normal,RR-corpus_phspaelti,-
A,Ab07,46,755a,755a,normal,RR-corpus_phspaelti,-
A,Ab07,47,023,023,normal,RR-corpus_phspaelti,-
A,Ab07,48,451,451,normal,RR-corpus_phspaelti,-
A,Ab07,49,360b,360b,normal,RR-corpus_phspaelti,.
A,Ab07,50,005j,005j,normal,RR-corpus_phspaelti,-
A,Ab07,51,004,004,normal,RR-corpus_phspaelti,.
A,Ab07,52,078,078,normal,RR-corpus_phspaelti,-
A,Ab07,53,305,305,normal,RR-corpus_phspaelti,-
A,Ab07,54,599,599,normal,RR-corpus_phspaelti,-
A,Ab07,55,007,007,normal,RR-corpus_phspaelti,-
A,Ab07,56,208f,208f,normal,RR-corpus_phspaelti,-
A,Ab07,57,007,007,normal,RR-corpus_phspaelti,-
A,Ab07,58,631,631,normal,RR-corpus_phspaelti,-
A,Ab07,59,742,742,normal,RR-corpus_phspaelti,-
A,Ab07,60,742a,742a,normal,RR-corpus_phspaelti,-
A,Ab07,61,600V,600V,normal,RR-corpus_phspaelti,-
A,Ab07,62,360,360,normal,RR-corpus_phspaelti,.
A,Ab07,63,718,718,normal,RR-corpus_phspaelti,-
A,Ab07,64,360c,360c,normal,RR-corpus_phspaelti,.
A,Ab07,65,040,040,normal,RR-corpus_phspaelti,-
A,Ab07,66,291,291,normal,RR-corpus_phspaelti,-
A,Ab07,67,772,772,normal,RR-corpus_phspaelti,-
A,Ab07,68,001,001,normal,RR-corpus_phspaelti,.
A,Ab07,69,058t,058t,normal,RR-corpus_phspaelti,-
A,Ab07,70,001,001,normal,RR-corpus_phspaelti,.
A,Ab07,71,058t,058t,normal,RR-corpus_phspaelti,-
A,Ab07,72,165xy,165xy,normal,RR-corpus_phspaelti,-
A,Ab07,73,079,079,normal,RR-corpus_phspaelti,.
A,Ab07,74,010f,010f,normal,RR-corpus_phspaelti,-
A,Ab07,75,079,079,normal,RR-corpus_phspaelti,.
A,Ab07,76,052,052,normal,RR-corpus_phspaelti,-
A,Ab07,77,001,001,normal,RR-corpus_phspaelti,.
A,Ab07,78,005,005,normal,RR-corpus_phspaelti,:
A,Ab07,79,009,009,normal,RR-corpus_phspaelti,-
A,Ab07,80,212j,212j,normal,RR-corpus_phspaelti,-
A,Ab07,81,002Va,002Va,normal,RR-corpus_phspaelti,-
A,Ab07,82,134,134,normal,RR-corpus_phspaelti,-
A,Ab07,83,005j,005j,normal,RR-corpus_phspaelti,-
A,Ab07,84,060a,060a,normal,RR-corpus_phspaelti,-
A,Ab07,85,087,087,normal,RR-corpus_phspaelti,-
A,Ab07,86,606,606,normal,RR-corpus_phspaelti,.
A,Ab07,87,058,058,normal,RR-corpus_phspaelti,-
A,Ab07,88,631,631,normal,RR-corpus_phspaelti,-
A,Ab07,89,405,405,normal,RR-corpus_phspaelti,-
A,Ab07,90,053ay,053ay,normal,RR-corpus_phspaelti,-
A,Ab07,91,099,099,normal,RR-corpus_phspaelti,-
A,Ab07,92,606s,606s,normal,RR-corpus_phspaelti,-
A,Ab07,93,745,745,normal,RR-corpus_phspaelti,.
A,Ab07,94,008h,008h,normal,RR-corpus_phspaelti,-
A,Ab07,95,599,599,normal,RR-corpus_phspaelti,-
A,Ab07,96,300,300,normal,RR-corpus_phspaelti,.
A,Ab07,97,020bfy,020bfy,normal,RR-corpus_phspaelti,-
A,Ab07,98,020Vf,020Vf,normal,RR-corpus_phspaelti,-
A,Ab07,99,001,001,normal,RR-corpus_phspaelti,-
A,Ab07,100,009,009,normal,RR-corpus_phspaelti,-
A,Ab07,101,469a,469a,normal,RR-corpus_phspaelti,-
A,Ab07,102,200f,200f,normal,RR-corpus_phspaelti,.
A,Ab07,103,025b,025b,normal,RR-corpus_phspaelti,-
A,Ab07,104,324,324,normal,RR-corpus_phspaelti,-
A,Ab07,105,453,453,normal,RR-corpus_phspaelti,-
A,Ab07,106,060a,060a,normal,RR-corpus_phspaelti,-
A,Ab07,107,527a,527a,normal,RR-corpus_phspaelti,-
A,Ab07,108,000!,000!,normal,RR-corpus_phspaelti,-
A,Ab07,109,000!,000!,normal,RR-corpus_phspaelti,*
A,Ab08,1,008!,008!,normal,RR-corpus_phspaelti,-
A,Ab08,2,009x?,009x?,normal,RR-corpus_phspaelti,-
A,Ab08,3,075?!,075?!,normal,RR-corpus_phspaelti,-
A,Ab08,4,025b,025b,normal,RR-corpus_phspaelti,-
A,Ab08,5,522fy!,522fy!,normal,RR-corpus_phspaelti,-
A,Ab08,6,008a,008a,normal,RR-corpus_phspaelti,.
A,Ab08,7,240k,240k,normal,RR-corpus_phspaelti,.
A,Ab08,8,008a,008a,normal,RR-corpus_phspaelti,-
A,Ab08,9,522fy,522fy,normal,RR-corpus_phspaelti,-
A,Ab08,10,008a,008a,normal,RR-corpus_phspaelti,.
A,Ab08,11,240,240,normal,RR-corpus_phspaelti,.
A,Ab08,12,008a,008a,normal,RR-corpus_phspaelti,-
A,Ab08,13,002d,002d,normal,RR-corpus_phspaelti,-
A,Ab08,14,300,300,normal,RR-corpus_phspaelti,-
A,Ab08,15,631c,631c,normal,RR-corpus_phspaelti,-
A,Ab08,16,660,660,normal,RR-corpus_phspaelti,-
A,Ab08,17,008a,008a,normal,RR-corpus_phspaelti,-
A,Ab08,18,400!,400!,normal,RR-corpus_phspaelti,-
A,Ab08,19,607,607,normal,RR-corpus_phspaelti,.
A,Ab08,20,071aty,071aty,normal,RR-corpus_phspaelti,.
A,Ab08,21,544a,544a,normal,RR-corpus_phspaelti,-
A,Ab08,22,048,048,normal,RR-corpus_phspaelti,.
A,Ab08,23,062,062,normal,RR-corpus_phspaelti,-
A,Ab08,24,048f,048f,normal,RR-corpus_phspaelti,.
A,Ab08,25,461a,461a,normal,RR-corpus_phspaelti,-
A,Ab08,26,048f,048f,normal,RR-corpus_phspaelti,-
A,Ab08,27,091,091,normal,RR-corpus_phspaelti,-
A,Ab08,28,008a,008a,normal,RR-corpus_phspaelti,-
A,Ab08,29,091j,091j,normal,RR-corpus_phspaelti,.
A,Ab08,30,009j,009j,normal,RR-corpus_phspaelti,-
A,Ab08,31,001,001,normal,RR-corpus_phspaelti,-
A,Ab08,32,009a,009a,normal,RR-corpus_phspaelti,-
A,Ab08,33,717,717,normal,RR-corpus_phspaelti,-
A,Ab08,34,066a,066a,normal,RR-corpus_phspaelti,-
A,Ab08,35,361a,361a,normal,RR-corpus_phspaelti,-
A,Ab08,36,741,741,normal,RR-corpus_phspaelti,-
A,Ab08,37,061ay,061ay,normal,RR-corpus_phspaelti,.
A,Ab08,38,027,027,normal,RR-corpus_phspaelti,-
A,Ab08,39,739b,739b,normal,RR-corpus_phspaelti,-
A,Ab08,40,006,006,normal,RR-corpus_phspaelti,.
A,Ab08,41,773b,773b,normal,RR-corpus_phspaelti,.
A,Ab08,42,006y,006y,normal,RR-corpus_phspaelti,-
A,Ab08,43,600,600,normal,RR-corpus_phspaelti,-
A,Ab08,44,144f,144f,normal,RR-corpus_phspaelti,-
A,Ab08,45,008,008,normal,RR-corpus_phspaelti,-
A,Ab08,46,600,600,normal,RR-corpus_phspaelti,-
A,Ab08,47,001,001,normal,RR-corpus_phspaelti,-
A,Ab08,48,009a,009a,normal,RR-corpus_phspaelti,-
A,Ab08,49,044ax,044ax,normal,RR-corpus_phspaelti,-
A,Ab08,50,002a,002a,normal,RR-corpus_phspaelti,-
A,Ab08,51,001,001,normal,RR-corpus_phspaelti,.
A,Ab08,52,010,010,normal,RR-corpus_phspaelti,-
A,Ab08,53,095c,095c,normal,RR-corpus_phspaelti,-
A,Ab08,54,093,093,normal,RR-corpus_phspaelti,-
A,Ab08,55,755,755,normal,RR-corpus_phspaelti,-
A,Ab08,56,038,038,normal,RR-corpus_phspaelti,-
A,Ab08,57,004,004,normal,RR-corpus_phspaelti,-
A,Ab08,58,067,067,normal,RR-corpus_phspaelti,.
A,Ab08,59,027fx,027fx,normal,RR-corpus_phspaelti,-
A,Ab08,60,040a,040a,normal,RR-corpus_phspaelti,-
A,Ab08,61,004,004,normal,RR-corpus_phspaelti,.
A,Ab08,62,064a,064a,normal,RR-corpus_phspaelti,-
A,Ab08,63,005j,005j,normal,RR-corpus_phspaelti,-
A,Ab08,64,001,001,normal,RR-corpus_phspaelti,.
A,Ab08,65,005t,005t,normal,RR-corpus_phspaelti,:
A,Ab08,66,009,009,normal,RR-corpus_phspaelti,-
A,Ab08,67,254b,254b,normal,RR-corpus_phspaelti,-
A,Ab08,68,011,011,normal,RR-corpus_phspaelti,-
A,Ab08,69,050f,050f,normal,RR-corpus_phspaelti,-
A,Ab08,70,005j,005j,normal,RR-corpus_phspaelti,-
A,Ab08,71,631b,631b,normal,RR-corpus_phspaelti,-
A,Ab08,72,022bfy,022bfy,normal,RR-corpus_phspaelti,-
A,Ab08,73,450,450,normal,RR-corpus_phspaelti,-
A,Ab08,74,700a,700a,normal,RR-corpus_phspaelti,-
A,Ab08,75,450,450,normal,RR-corpus_phspaelti,.
A,Ab08,76,246,246,normal,RR-corpus_phspaelti,-
A,Ab08,77,002a,002a,normal,RR-corpus_phspaelti,-
A,Ab08,78,001,001,normal,RR-corpus_phspaelti,-
A,Ab08,79,600,600,normal,RR-corpus_phspaelti,.
A,Ab08,80,007,007,normal,RR-corpus_phspaelti,-
A,Ab08,81,291,291,normal,RR-corpus_phspaelti,.
A,Ab08,82,022bfy,022bfy,normal,RR-corpus_phspaelti,-
A,Ab08,83,025b,025b,normal,RR-corpus_phspaelti,.
A,Ab08,84,254di,254di,normal,RR-corpus_phspaelti,-
A,Ab08,85,001,001,normal,RR-corpus_phspaelti,-
A,Ab08,86,046,046,normal,RR-corpus_phspaelti,-
A,Ab08,87,004,004,normal,RR-corpus_phspaelti,-
A,Ab08,88,094b,094b,normal,RR-corpus_phspaelti,-
A,Ab08,89,004,004,normal,RR-corpus_phspaelti,.
A,Ab08,90,755a,755a,normal,RR-corpus_phspaelti,-
A,Ab08,91,004,004,normal,RR-corpus_phspaelti,.
A,Ab08,92,600,600,normal,RR-corpus_phspaelti,-
A,Ab08,93,461b,461b,normal,RR-corpus_phspaelti,-
A,Ab08,94,700c,700c,normal,RR-corpus_phspaelti,-
A,Ab08,95,134,134,normal,RR-corpus_phspaelti,-
A,Ab08,96,002a,002a,normal,RR-corpus_phspaelti,-
A,Ab08,97,600f,600f,normal,RR-corpus_phspaelti,-
A,Ab08,98,001,001,normal,RR-corpus_phspaelti,-
A,Ab08,99,630,630,normal,RR-corpus_phspaelti,-
A,Ab08,100,004,004,normal,RR-corpus_phspaelti,.
A,Ab08,101,631a,631a,normal,RR-corpus_phspaelti,-
A,Ab08,102,048,048,normal,RR-corpus_phspaelti,-
A,Ab08,103,005j,005j,normal,RR-corpus_phspaelti,.
A,Ab08,104,631a,631a,normal,RR-corpus_phspaelti,-
A,Ab08,105,004,004,normal,RR-corpus_phspaelti,.
A,Ab08,106,053ay,053ay,normal,RR-corpus_phspaelti,-
A,Ab08,107,001,001,normal,RR-corpus_phspaelti,.
A,Ab08,108,006y,006y,normal,RR-corpus_phspaelti,-
A,Ab08,109,770a,770a,normal,RR-corpus_phspaelti,*
B,Br01,1,595,595,normal,RR-corpus_phspaelti,-
B,Br01,2,001,001,normal,RR-corpus_phspaelti,-
B,Br01,3,050,050,normal,RR-corpus_phspaelti,.
B,Br01,4,394s,394s,normal,RR-corpus_phspaelti,-
B,Br01,5,004,004,normal,RR-corpus_phspaelti,-
B,Br01,6,002,002,normal,RR-corpus_phspaelti,-
B,Br01,7,595,595,normal,RR-corpus_phspaelti,.
B,Br01,8,001,001,normal,RR-corpus_phspaelti,-
B,Br01,9,050,050,normal,RR-corpus_phspaelti,-
B,Br01,10,301s,301s,normal,RR-corpus_phspaelti,-
B,Br01,11,004,004,normal,RR-corpus_phspaelti,-
B,Br01,12,002,002,normal,RR-corpus_phspaelti,-
B,Br01,13,040,040,normal,RR-corpus_phspaelti,-
B,Br01,14,211,211,normal,RR-corpus_phspaelti,-
B,Br01,15,091,091,normal,RR-corpus_phspaelti,-
B,Br01,16,200,200,normal,RR-corpus_phspaelti,-
B,Br01,17,595,595,normal,RR-corpus_phspaelti,.
B,Br01,18,002,002,normal,RR-corpus_phspaelti,-
B,Br01,19,050,050,normal,RR-corpus_phspaelti,-
B,Br01,20,394,394,normal,RR-corpus_phspaelti,-
B,Br01,21,004t,004t,normal,RR-corpus_phspaelti,-
B,Br01,22,002,002,normal,RR-corpus_phspaelti,-
B,Br01,23,595,595,normal,RR-corpus_phspaelti,.
B,Br01,24,002,002,normal,RR-corpus_phspaelti,-
B,Br01,25,050,050,normal,RR-corpus_phspaelti,-
B,Br01,26,301s,301s,normal,RR-corpus_phspaelti,.
B,Br01,27,004,004,normal,RR-corpus_phspaelti,-
B,Br01,28,002,002,normal,RR-corpus_phspaelti,-
B,Br01,29,042,042,normal,RR-corpus_phspaelti,:
B,Br01,30,211s,211s,normal,RR-corpus_phspaelti,-
B,Br01,31,091,091,normal,RR-corpus_phspaelti,-
B,Br01,32,595s,595s,normal,RR-corpus_phspaelti,-
B,Br01,33,600,600,normal,RR-corpus_phspaelti,-
B,Br01,34,050,050,normal,RR-corpus_phspaelti,-
B,Br01,35,381,381,normal,RR-corpus_phspaelti,-
B,Br01,36,004,004,normal,RR-corpus_phspaelti,-
B,Br01,37,002,002,normal,RR-corpus_phspaelti,-
B,Br01,38,306,306,normal,RR-corpus_phspaelti,-
B,Br01,39,325,325,normal,RR-corpus_phspaelti,-
B,Br01,40,430,430,normal,RR-corpus_phspaelti,-
B,Br01,41,053,053,normal,RR-corpus_phspaelti,-
B,Br01,42,430,430,normal,RR-corpus_phspaelti,-
B,Br01,43,017,017,normal,RR-corpus_phspaelti,-
B,Br01,44,430,430,normal,RR-corpus_phspaelti,-
B,Br01,45,004,004,normal,RR-corpus_phspaelti,-
B,Br01,46,002,002,normal,RR-corpus_phspaelti,-
B,Br01,47,208,208,normal,RR-corpus_phspaelti,-
B,Br01,48,200,200,normal,RR-corpus_phspaelti,-
B,Br01,49,002,002,normal,RR-corpus_phspaelti,-
B,Br01,50,022,022,normal,RR-corpus_phspaelti,-
B,Br01,51,305,305,normal,RR-corpus_phspaelti,.
B,Br01,52,074f,074f,normal,RR-corpus_phspaelti,-
B,Br01,53,095,095,normal,RR-corpus_phspaelti,-
B,Br01,54,001,001,normal,RR-corpus_phspaelti,-
B,Br01,55,000!,000!,normal,RR-corpus_phspaelti,-
B,Br01,56,069,069,normal,RR-corpus_phspaelti,*
B,Br02,1,220,220,normal,RR-corpus_phspaelti,.
B,Br02,2,068?,068?,normal,RR-corpus_phspaelti,-
B,Br02,3,059f,059f,normal,RR-corpus_phspaelti,-
B,Br02,4,630,630,normal,RR-corpus_phspaelti,-
B,Br02,5,059f,059f,normal,RR-corpus_phspaelti,-
B,Br02,6,400,400,normal,RR-corpus_phspaelti,-
B,Br02,7,670,670,normal,RR-corpus_phspaelti,-
B,Br02,8,059f,059f,normal,RR-corpus_phspaelti,-
B,Br02,9,600,600,normal,RR-corpus_phspaelti,-
B,Br02,10,208,208,normal,RR-corpus_phspaelti,.
B,Br02,11,073f,073f,normal,RR-corpus_phspaelti,-
B,Br02,12,430,430,normal,RR-corpus_phspaelti,-
B,Br02,13,059f,059f,normal,RR-corpus_phspaelti,-
B,Br02,14,600,600,normal,RR-corpus_phspaelti,-
B,Br02,15,026,026,normal,RR-corpus_phspaelti,-
B,Br02,16,006,006,normal,RR-corpus_phspaelti,-
B,Br02,17,430,430,normal,RR-corpus_phspaelti,-
B,Br02,18,059f,059f,normal,RR-corpus_phspaelti,-
B,Br02,19,600,600,normal,RR-corpus_phspaelti,-
B,Br02,20,300,300,normal,RR-corpus_phspaelti,.
B,Br02,21,022,022,normal,RR-corpus_phspaelti,-
B,Br02,22,430,430,normal,RR-corpus_phspaelti,-
B,Br02,23,059f,059f,normal,RR-corpus_phspaelti,-
B,Br02,24,600,600,normal,RR-corpus_phspaelti,-
B,Br02,25,017,017,normal,RR-corpus_phspaelti,-
B,Br02,26,022,022,normal,RR-corpus_phspaelti,-
B,Br02,27,430,430,normal,RR-corpus_phspaelti,-
B,Br02,28,200,200,normal,RR-corpus_phspaelti,.
B,Br02,29,003,003,normal,RR-corpus_phspaelti,-
B,Br02,30,040,040,normal,RR-corpus_phspaelti,.
B,Br02,31,095,095,normal,RR-corpus_phspaelti,-
B,Br02,32,059f,059f,normal,RR-corpus_phspaelti,.
B,Br02,33,095x,095x,normal,RR-corpus_phspaelti,-
B,Br02,34,064,064,normal,RR-corpus_phspaelti,.
B,Br02,35,070,070,normal,RR-corpus_phspaelti,.
B,Br02,36,010f,010f,normal,RR-corpus_phspaelti,-
B,Br02,37,205,205,normal,RR-corpus_phspaelti,-
B,Br02,38,360,360,normal,RR-corpus_phspaelti,.
B,Br02,39,002,002,normal,RR-corpus_phspaelti,-
B,Br02,40,059f,059f,normal,RR-corpus_phspaelti,-
B,Br02,41,095x,095x,normal,RR-corpus_phspaelti,-
B,Br02,42,026,026,normal,RR-corpus_phspaelti,-
B,Br02,43,006,006,normal,RR-corpus_phspaelti,-
B,Br02,44,208,208,normal,RR-corpus_phspaelti,.
B,Br02,45,073f,073f,normal,RR-corpus_phspaelti,-
B,Br02,46,095x,095x,normal,RR-corpus_phspaelti,-
B,Br02,47,017,017,normal,RR-corpus_phspaelti,-
B,Br02,48,022,022,normal,RR-corpus_phspaelti,-
B,Br02,49,430,430,normal,RR-corpus_phspaelti,-
B,Br02,50,300,300,normal,RR-corpus_phspaelti,.
B,Br02,51,063,063,normal,RR-corpus_phspaelti,*
B,Br03,1,360,360,normal,RR-corpus_phspaelti,.
B,Br03,2,063,063,normal,RR-corpus_phspaelti,-
B,Br03,3,008,008,normal,RR-corpus_phspaelti,-
B,Br03,4,330,330,normal,RR-corpus_phspaelti,.
B,Br03,5,063,063,normal,RR-corpus_phspaelti,-
B,Br03,6,330,330,normal,RR-corpus_phspaelti,.
B,Br03,7,755,755,normal,RR-corpus_phspaelti,-
B,Br03,8,330,330,normal,RR-corpus_phspaelti,.
B,Br03,9,004,004,normal,RR-corpus_phspaelti,.
B,Br03,10,064,064,normal,RR-corpus_phspaelti,-
B,Br03,11,330,330,normal,RR-corpus_phspaelti,.
B,Br03,12,050,050,normal,RR-corpus_phspaelti,:
B,Br03,13,043,043,normal,RR-corpus_phspaelti,-
B,Br03,14,330,330,normal,RR-corpus_phspaelti,.
B,Br03,15,004,004,normal,RR-corpus_phspaelti,-
B,Br03,16,231,231,normal,RR-corpus_phspaelti,-
B,Br03,17,330,330,normal,RR-corpus_phspaelti,.
B,Br03,18,015,015,normal,RR-corpus_phspaelti,-
B,Br03,19,330,330,normal,RR-corpus_phspaelti,.
B,Br03,20,569,569,normal,RR-corpus_phspaelti,-
B,Br03,21,330,330,normal,RR-corpus_phspaelti,-
B,Br03,22,016,016,normal,RR-corpus_phspaelti,-
B,Br03,23,330,330,normal,RR-corpus_phspaelti,-
B,Br03,24,002?,002?,normal,RR-corpus_phspaelti,-
B,Br03,25,330,330,normal,RR-corpus_phspaelti,.
B,Br03,26,020,020,normal,RR-corpus_phspaelti,.
B,Br03,27,006,006,normal,RR-corpus_phspaelti,-
B,Br03,28,330,330,normal,RR-corpus_phspaelti,.
B,Br03,29,749,749,normal,RR-corpus_phspaelti,-
B,Br03,30,006,006,normal,RR-corpus_phspaelti,.
B,Br03,31,074f,074f,normal,RR-corpus_phspaelti,-
B,Br03,32,293s,293s,normal,RR-corpus_phspaelti,-
B,Br03,33,008,008,normal,RR-corpus_phspaelti,-
B,Br03,34,068,068,normal,RR-corpus_phspaelti,-
B,Br03,35,493,493,normal,RR-corpus_phspaelti,-
B,Br03,36,755,755,normal,RR-corpus_phspaelti,-
B,Br03,37,381,381,normal,RR-corpus_phspaelti,-
B,Br03,38,004,004,normal,RR-corpus_phspaelti,.
B,Br03,39,064,064,normal,RR-corpus_phspaelti,-
B,Br03,40,381,381,normal,RR-corpus_phspaelti,-
B,Br03,41,050,050,normal,RR-corpus_phspaelti,:
B,Br03,42,043,043,normal,RR-corpus_phspaelti,-
B,Br03,43,384,384,normal,RR-corpus_phspaelti,-
B,Br03,44,004,004,normal,RR-corpus_phspaelti,-
B,Br03,45,384,384,normal,RR-corpus_phspaelti,-
B,Br03,46,061,061,normal,RR-corpus_phspaelti,.
B,Br03,47,022,022,normal,RR-corpus_phspaelti,.
B,Br03,48,061,061,normal,RR-corpus_phspaelti,-
B,Br03,49,384,384,normal,RR-corpus_phspaelti,-
B,Br03,50,015,015,normal,RR-corpus_phspaelti,-
B,Br03,51,745,745,normal,RR-corpus_phspaelti,-
B,Br03,52,569,569,normal,RR-corpus_phspaelti,-
B,Br03,53,745,745,normal,RR-corpus_phspaelti,-
B,Br03,54,001,001,normal,RR-corpus_phspaelti,-
B,Br03,55,745,745,normal,RR-corpus_phspaelti,-
B,Br03,56,016,016,normal,RR-corpus_phspaelti,-
B,Br03,57,745,745,normal,RR-corpus_phspaelti,-
B,Br03,58,002?,002?,normal,RR-corpus_phspaelti,*
B,Br04,1,745,745,normal,RR-corpus_phspaelti,-
B,Br04,2,020,020,normal,RR-corpus_phspaelti,.
B,Br04,3,006,006,normal,RR-corpus_phspaelti,-
B,Br04,4,745,745,normal,RR-corpus_phspaelti,.
B,Br04,5,697?,697?,normal,RR-corpus_phspaelti,-
B,Br04,6,745,745,normal,RR-corpus_phspaelti,-
B,Br04,7,262s,262s,normal,RR-corpus_phspaelti,-
B,Br04,8,001,001,normal,RR-corpus_phspaelti,-
B,Br04,9,558,558,normal,RR-corpus_phspaelti,-
B,Br04,10,091,091,normal,RR-corpus_phspaelti,.
B,Br04,11,450,450,normal,RR-corpus_phspaelti,-
B,Br04,12,063,063,normal,RR-corpus_phspaelti,-
B,Br04,13,384,384,normal,RR-corpus_phspaelti,-
B,Br04,14,071,071,normal,RR-corpus_phspaelti,.
B,Br04,15,126,126,normal,RR-corpus_phspaelti,-
B,Br04,16,771,771,normal,RR-corpus_phspaelti,-
B,Br04,17,384,384,normal,RR-corpus_phspaelti,-
B,Br04,18,003,003,normal,RR-corpus_phspaelti,.
B,Br04,19,001,001,normal,RR-corpus_phspaelti,-
B,Br04,20,470,470,normal,RR-corpus_phspaelti,-
B,Br04,21,091t,091t,normal,RR-corpus_phspaelti,-
B,Br04,22,450,450,normal,RR-corpus_phspaelti,-
B,Br04,23,383,383,normal,RR-corpus_phspaelti,-
B,Br04,24,126,126,normal,RR-corpus_phspaelti,-
B,Br04,25,678,678,normal,RR-corpus_phspaelti,-
B,Br04,26,384,384,normal,RR-corpus_phspaelti,-
B,Br04,27,003,003,normal,RR-corpus_phspaelti,.
B,Br04,28,001,001,normal,RR-corpus_phspaelti,-
B,Br04,29,470,470,normal,RR-corpus_phspaelti,-
B,Br04,30,091t,091t,normal,RR-corpus_phspaelti,-
B,Br04,31,450,450,normal,RR-corpus_phspaelti,-
B,Br04,32,063,063,normal,RR-corpus_phspaelti,-
B,Br04,33,385,385,normal,RR-corpus_phspaelti,-
B,Br04,34,071,071,normal,RR-corpus_phspaelti,-
B,Br04,35,003,003,normal,RR-corpus_phspaelti,.
B,Br04,36,001f,001f,normal,RR-corpus_phspaelti,-
B,Br04,37,203s,203s,normal,RR-corpus_phspaelti,-
B,Br04,38,263s,263s,normal,RR-corpus_phspaelti,-
B,Br04,39,463s,463s,normal,RR-corpus_phspaelti,-
B,Br04,40,263s,263s,normal,RR-corpus_phspaelti,-
B,Br04,41,200,200,normal,RR-corpus_phspaelti,.
B,Br04,42,063,063,normal,RR-corpus_phspaelti,-
B,Br04,43,700,700,normal,RR-corpus_phspaelti,-
B,Br04,44,001,001,normal,RR-corpus_phspaelti,-
B,Br04,45,263s,263s,normal,RR-corpus_phspaelti,-
B,Br04,46,200,200,normal,RR-corpus_phspaelti,.
B,Br04,47,063,063,normal,RR-corpus_phspaelti,-
B,Br04,48,053,053,normal,RR-corpus_phspaelti,-
B,Br04,49,001,001,normal,RR-corpus_phspaelti,-
B,Br04,50,263s,263s,normal,RR-corpus_phspaelti,-
B,Br04,51,373y,373y,normal,RR-corpus_phspaelti,-
B,Br04,52,135,135,normal,RR-corpus_phspaelti,-
B,Br04,53,200,200,normal,RR-corpus_phspaelti,*
B,Br05,1,063,063,normal,RR-corpus_phspaelti,-
B,Br05,2,095,095,normal,RR-corpus_phspaelti,-
B,Br05,3,303,303,normal,RR-corpus_phspaelti,-
B,Br05,4,013,013,normal,RR-corpus_phspaelti,-
B,Br05,5,303s,303s,normal,RR-corpus_phspaelti,-
B,Br05,6,079,079,normal,RR-corpus_phspaelti,-
B,Br05,7,001,001,normal,RR-corpus_phspaelti,-
B,Br05,8,755,755,normal,RR-corpus_phspaelti,-
B,Br05,9,207,207,normal,RR-corpus_phspaelti,-
B,Br05,10,009,009,normal,RR-corpus_phspaelti,-
B,Br05,11,203,203,normal,RR-corpus_phspaelti,-
B,Br05,12,400y,400y,normal,RR-corpus_phspaelti,.
B,Br05,13,063,063,normal,RR-corpus_phspaelti,-
B,Br05,14,065,065,normal,RR-corpus_phspaelti,.
B,Br05,15,610,610,normal,RR-corpus_phspaelti,-
B,Br05,16,065,065,normal,RR-corpus_phspaelti,.
B,Br05,17,600,600,normal,RR-corpus_phspaelti,-
B,Br05,18,610,610,normal,RR-corpus_phspaelti,-
B,Br05,19,009,009,normal,RR-corpus_phspaelti,-
B,Br05,20,066V,066V,normal,RR-corpus_phspaelti,.
B,Br05,21,203s,203s,normal,RR-corpus_phspaelti,-
B,Br05,22,730,730,normal,RR-corpus_phspaelti,-
B,Br05,23,063,063,normal,RR-corpus_phspaelti,-
B,Br05,24,630,630,normal,RR-corpus_phspaelti,.
B,Br05,25,063,063,normal,RR-corpus_phspaelti,-
B,Br05,26,062,062,normal,RR-corpus_phspaelti,.
B,Br05,27,064,064,normal,RR-corpus_phspaelti,-
B,Br05,28,065,065,normal,RR-corpus_phspaelti,-
B,Br05,29,275,275,normal,RR-corpus_phspaelti,-
B,Br05,30,331,331,normal,RR-corpus_phspaelti,-
B,Br05,31,001,001,normal,RR-corpus_phspaelti,-
B,Br05,32,084,084,normal,RR-corpus_phspaelti,.
B,Br05,33,006x,006x,normal,RR-corpus_phspaelti,-
B,Br05,34,002,002,normal,RR-corpus_phspaelti,-
B,Br05,35,607,607,normal,RR-corpus_phspaelti,-
B,Br05,36,063,063,normal,RR-corpus_phspaelti,-
B,Br05,37,730,730,normal,RR-corpus_phspaelti,-
B,Br05,38,133,133,normal,RR-corpus_phspaelti,-
B,Br05,39,773,773,normal,RR-corpus_phspaelti,-
B,Br05,40,063,063,normal,RR-corpus_phspaelti,-
B,Br05,41,730,730,normal,RR-corpus_phspaelti,-
B,Br05,42,067,067,normal,RR-corpus_phspaelti,-
B,Br05,43,063,063,normal,RR-corpus_phspaelti,.
B,Br05,44,096,096,normal,RR-corpus_phspaelti,-
B,Br05,45,006,006,normal,RR-corpus_phspaelti,.
B,Br05,46,009,009,normal,RR-corpus_phspaelti,-
B,Br05,47,028,028,normal,RR-corpus_phspaelti,.
B,Br05,48,006,006,normal,RR-corpus_phspaelti,-
B,Br05,49,028,028,normal,RR-corpus_phspaelti,-
B,Br05,50,001,001,normal,RR-corpus_phspaelti,-
B,Br05,51,205,205,normal,RR-corpus_phspaelti,-
B,Br05,52,461,461,normal,RR-corpus_phspaelti,-
B,Br05,53,493,493,normal,RR-corpus_phspaelti,-
B,Br05,54,000!,000!,normal,RR-corpus_phspaelti,*
B,Br06,1,022,022,normal,RR-corpus_phspaelti,-
B,Br06,2,119,119,normal,RR-corpus_phspaelti,-
B,Br06,3,739,739,normal,RR-corpus_phspaelti,-
B,Br06,4,004,004,normal,RR-corpus_phspaelti,.
B,Br06,5,095,095,normal,RR-corpus_phspaelti,-
B,Br06,6,700,700,normal,RR-corpus_phspaelti,-
B,Br06,7,004,004,normal,RR-corpus_phspaelti,.
B,Br06,8,009,009,normal,RR-corpus_phspaelti,-
B,Br06,9,002,002,normal,RR-corpus_phspaelti,-
B,Br06,10,420,420,normal,RR-corpus_phspaelti,-
B,Br06,11,002,002,normal,RR-corpus_phspaelti,-
B,Br06,12,430y,430y,normal,RR-corpus_phspaelti,-
B,Br06,13,780,780,normal,RR-corpus_phspaelti,-
B,Br06,14,290,290,normal,RR-corpus_phspaelti,.
B,Br06,15,063,063,normal,RR-corpus_phspaelti,-
B,Br06,16,755,755,normal,RR-corpus_phspaelti,-
B,Br06,17,063,063,normal,RR-corpus_phspaelti,-
B,Br06,18,004,004,normal,RR-corpus_phspaelti,.
B,Br06,19,064,064,normal,RR-corpus_phspaelti,-
B,Br06,20,063,063,normal,RR-corpus_phspaelti,-
B,Br06,21,050,050,normal,RR-corpus_phspaelti,:
B,Br06,22,043,043,normal,RR-corpus_phspaelti,-
B,Br06,23,063,063,normal,RR-corpus_phspaelti,-
B,Br06,24,004,004,normal,RR-corpus_phspaelti,-
B,Br06,25,063,063,normal,RR-corpus_phspaelti,-
B,Br06,26,061,061,normal,RR-corpus_phspaelti,.
B,Br06,27,022,022,normal,RR-corpus_phspaelti,.
B,Br06,28,061,061,normal,RR-corpus_phspaelti,-
B,Br06,29,063,063,normal,RR-corpus_phspaelti,-
B,Br06,30,015f,015f,normal,RR-corpus_phspaelti,.
B,Br06,31,063,063,normal,RR-corpus_phspaelti,-
B,Br06,32,569,569,normal,RR-corpus_phspaelti,-
B,Br06,33,063,063,normal,RR-corpus_phspaelti,-
B,Br06,34,001f,001f,normal,RR-corpus_phspaelti,-
B,Br06,35,063,063,normal,RR-corpus_phspaelti,-
B,Br06,36,000!,000!,normal,RR-corpus_phspaelti,-
B,Br06,37,016t?,016t?,normal,RR-corpus_phspaelti,-
B,Br06,38,063,063,normal,RR-corpus_phspaelti,-
B,Br06,39,016?,016?,normal,RR-corpus_phspaelti,-
B,Br06,40,063,063,normal,RR-corpus_phspaelti,.
B,Br06,41,037,037,normal,RR-corpus_phspaelti,-
B,Br06,42,063,063,normal,RR-corpus_phspaelti,-
B,Br06,43,020,020,normal,RR-corpus_phspaelti,.
B,Br06,44,006,006,normal,RR-corpus_phspaelti,-
B,Br06,45,063,063,normal,RR-corpus_phspaelti,-
B,Br06,46,618,618,normal,RR-corpus_phspaelti,-
B,Br06,47,063,063,normal,RR-corpus_phspaelti,-
B,Br06,48,016?,016?,normal,RR-corpus_phspaelti,-
B,Br06,49,300,300,normal,RR-corpus_phspaelti,.
B,Br06,50,008,008,normal,RR-corpus_phspaelti,-
B,Br06,51,053,053,normal,RR-corpus_phspaelti,-
B,Br06,52,200,200,normal,RR-corpus_phspaelti,.
B,Br06,53,022,022,normal,RR-corpus_phspaelti,.
B,Br06,54,077,077,normal,RR-corpus_phspaelti,.
B,Br06,55,074f,074f,normal,RR-corpus_phspaelti,-
B,Br06,56,380,380,normal,RR-corpus_phspaelti,.
B,Br06,57,022,022,normal,RR-corpus_phspaelti,.
B,Br06,58,077,077,normal,RR-corpus_phspaelti,-
B,Br06,59,300,300,normal,RR-corpus_phspaelti,.
B,Br06,60,027,027,normal,RR-corpus_phspaelti,.
B,Br06,61,063,063,normal,RR-corpus_phspaelti,-
B,Br06,62,244,244,normal,RR-corpus_phspaelti,-
B,Br06,63,039,039,normal,RR-corpus_phspaelti,-
B,Br06,64,004,004,normal,RR-corpus_phspaelti,.
B,Br06,65,064,064,normal,RR-corpus_phspaelti,-
B,Br06,66,300,300,normal,RR-corpus_phspaelti,.
B,Br06,67,083,083,normal,RR-corpus_phspaelti,-
B,Br06,68,324,324,normal,RR-corpus_phspaelti,*
B,Br07,1,770,770,normal,RR-corpus_phspaelti,-
B,Br07,2,600,600,normal,RR-corpus_phspaelti,-
B,Br07,3,200,200,normal,RR-corpus_phspaelti,.
B,Br07,4,083,083,normal,RR-corpus_phspaelti,-
B,Br07,5,022,022,normal,RR-corpus_phspaelti,.
B,Br07,6,711,711,normal,RR-corpus_phspaelti,-
B,Br07,7,022,022,normal,RR-corpus_phspaelti,.
B,Br07,8,711,711,normal,RR-corpus_phspaelti,-
B,Br07,9,624,624,normal,RR-corpus_phspaelti,.
B,Br07,10,008,008,normal,RR-corpus_phspaelti,-
B,Br07,11,066,066,normal,RR-corpus_phspaelti,-
B,Br07,12,381,381,normal,RR-corpus_phspaelti,-
B,Br07,13,002,002,normal,RR-corpus_phspaelti,-
B,Br07,14,092f,092f,normal,RR-corpus_phspaelti,-
B,Br07,15,080,080,normal,RR-corpus_phspaelti,-
B,Br07,16,324,324,normal,RR-corpus_phspaelti,-
B,Br07,17,320,320,normal,RR-corpus_phspaelti,.
B,Br07,18,008,008,normal,RR-corpus_phspaelti,.
B,Br07,19,010,010,normal,RR-corpus_phspaelti,-
B,Br07,20,010,010,normal,RR-corpus_phspaelti,.
B,Br07,21,053,053,normal,RR-corpus_phspaelti,-
B,Br07,22,001,001,normal,RR-corpus_phspaelti,.
B,Br07,23,678,678,normal,RR-corpus_phspaelti,-
B,Br07,24,040,040,normal,RR-corpus_phspaelti,-
B,Br07,25,005,005,normal,RR-corpus_phspaelti,.
B,Br07,26,077,077,normal,RR-corpus_phspaelti,-
B,Br07,27,638,638,normal,RR-corpus_phspaelti,.
B,Br07,28,291,291,normal,RR-corpus_phspaelti,-
B,Br07,29,042,042,normal,RR-corpus_phspaelti,:
B,Br07,30,300,300,normal,RR-corpus_phspaelti,.
B,Br07,31,722,722,normal,RR-corpus_phspaelti,-
B,Br07,32,054,054,normal,RR-corpus_phspaelti,-
B,Br07,33,001,001,normal,RR-corpus_phspaelti,-
B,Br07,34,004,004,normal,RR-corpus_phspaelti,.
B,Br07,35,064,064,normal,RR-corpus_phspaelti,-
B,Br07,36,004,004,normal,RR-corpus_phspaelti,-
B,Br07,37,004,004,normal,RR-corpus_phspaelti,-
B,Br07,38,700,700,normal,RR-corpus_phspaelti,-
B,Br07,39,060,060,normal,RR-corpus_phspaelti,-
B,Br07,40,441s,441s,normal,RR-corpus_phspaelti,-
B,Br07,41,775,775,normal,RR-corpus_phspaelti,-
B,Br07,42,570,570,normal,RR-corpus_phspaelti,.
B,Br07,43,084,084,normal,RR-corpus_phspaelti,-
B,Br07,44,066?,066?,normal,RR-corpus_phspaelti,-
B,Br07,45,005,005,normal,RR-corpus_phspaelti,-
B,Br07,46,570,570,normal,RR-corpus_phspaelti,.
B,Br07,47,084,084,normal,RR-corpus_phspaelti,-
B,Br07,48,008,008,normal,RR-corpus_phspaelti,-
B,Br07,49,095f,095f,normal,RR-corpus_phspaelti,-
B,Br07,50,008,008,normal,RR-corpus_phspaelti,-
B,Br07,51,745,745,normal,RR-corpus_phspaelti,-
B,Br07,52,041,041,normal,RR-corpus_phspaelti,-
B,Br07,53,164,164,normal,RR-corpus_phspaelti,-
B,Br07,54,001,001,normal,RR-corpus_phspaelti,-
B,Br07,55,384,384,normal,RR-corpus_phspaelti,-
B,Br07,56,008,008,normal,RR-corpus_phspaelti,-
B,Br07,57,066,066,normal,RR-corpus_phspaelti,*
B,Br08,1,280,280,normal,RR-corpus_phspaelti,-
B,Br08,2,002,002,normal,RR-corpus_phspaelti,-
B,Br08,3,280,280,normal,RR-corpus_phspaelti,-
B,Br08,4,005,005,normal,RR-corpus_phspaelti,-
B,Br08,5,392,392,normal,RR-corpus_phspaelti,-
B,Br08,6,042,042,normal,RR-corpus_phspaelti,:
B,Br08,7,004,004,normal,RR-corpus_phspaelti,.
B,Br08,8,064?,064?,normal,RR-corpus_phspaelti,-
B,Br08,9,042,042,normal,RR-corpus_phspaelti,:
B,Br08,10,005,005,normal,RR-corpus_phspaelti,-
B,Br08,11,001,001,normal,RR-corpus_phspaelti,-
B,Br08,12,770,770,normal,RR-corpus_phspaelti,-
B,Br08,13,001,001,normal,RR-corpus_phspaelti,-
B,Br08,14,200,200,normal,RR-corpus_phspaelti,-
B,Br08,15,522y,522y,normal,RR-corpus_phspaelti,-
B,Br08,16,755,755,normal,RR-corpus_phspaelti,-
B,Br08,17,095,095,normal,RR-corpus_phspaelti,-
B,Br08,18,200,200,normal,RR-corpus_phspaelti,.
B,Br08,19,022,022,normal,RR-corpus_phspaelti,-
B,Br08,20,022,022,normal,RR-corpus_phspaelti,-
B,Br08,21,290,290,normal,RR-corpus_phspaelti,-
B,Br08,22,208,208,normal,RR-corpus_phspaelti,-
B,Br08,23,760,760,normal,RR-corpus_phspaelti,-
B,Br08,24,738,738,normal,RR-corpus_phspaelti,-
B,Br08,25,254,254,normal,RR-corpus_phspaelti,-
B,Br08,26,235,235,normal,RR-corpus_phspaelti,.
B,Br08,27,109b,109b,normal,RR-corpus_phspaelti,-
B,Br08,28,060,060,normal,RR-corpus_phspaelti,-
B,Br08,29,205,205,normal,RR-corpus_phspaelti,-
B,Br08,30,747,747,normal,RR-corpus_phspaelti,-
B,Br08,31,004,004,normal,RR-corpus_phspaelti,.
B,Br08,32,064,064,normal,RR-corpus_phspaelti,-
B,Br08,33,001,001,normal,RR-corpus_phspaelti,-
B,Br08,34,747,747,normal,RR-corpus_phspaelti,-
B,Br08,35,770,770,normal,RR-corpus_phspaelti,-
B,Br08,36,002,002,normal,RR-corpus_phspaelti,-
B,Br08,37,747,747,normal,RR-corpus_phspaelti,-
B,Br08,38,653y,653y,normal,RR-corpus_phspaelti,-
B,Br08,39,004,004,normal,RR-corpus_phspaelti,.
B,Br08,40,450y,450y,normal,RR-corpus_phspaelti,-
B,Br08,41,044,044,normal,RR-corpus_phspaelti,-
B,Br08,42,071,071,normal,RR-corpus_phspaelti,.
B,Br08,43,065,065,normal,RR-corpus_phspaelti,.
B,Br08,44,010,010,normal,RR-corpus_phspaelti,-
B,Br08,45,008,008,normal,RR-corpus_phspaelti,:
B,Br08,46,009,009,normal,RR-corpus_phspaelti,-
B,Br08,47,069,069,normal,RR-corpus_phspaelti,.
B,Br08,48,006,006,normal,RR-corpus_phspaelti,-
B,Br08,49,042,042,normal,RR-corpus_phspaelti,:
B,Br08,50,133,133,normal,RR-corpus_phspaelti,-
B,Br08,51,008,008,normal,RR-corpus_phspaelti,-
B,Br08,52,049f,049f,normal,RR-corpus_phspaelti,-
B,Br08,53,006,006,normal,RR-corpus_phspaelti,.
B,Br08,54,074f,074f,normal,RR-corpus_phspaelti,-
B,Br08,55,600,600,normal,RR-corpus_phspaelti,-
B,Br08,56,462,462,normal,RR-corpus_phspaelti,.
B,Br08,57,760,760,normal,RR-corpus_phspaelti,-
B,Br08,58,607,607,normal,RR-corpus_phspaelti,-
B,Br08,59,164,164,normal,RR-corpus_phspaelti,-
B,Br08,60,300,300,normal,RR-corpus_phspaelti,.
B,Br08,61,022,022,normal,RR-corpus_phspaelti,*
B,Br09,1,008,008,normal,RR-corpus_phspaelti,-
B,Br09,2,009,009,normal,RR-corpus_phspaelti,-
B,Br09,3,066,066,normal,RR-corpus_phspaelti,.
B,Br09,4,037?,037?,normal,RR-corpus_phspaelti,-
B,Br09,5,570,570,normal,RR-corpus_phspaelti,-
B,Br09,6,038,038,normal,RR-corpus_phspaelti,-
B,Br09,7,208,208,normal,RR-corpus_phspaelti,-
B,Br09,8,286,286,normal,RR-corpus_phspaelti,.
B,Br09,9,074f,074f,normal,RR-corpus_phspaelti,-
B,Br09,10,650y,650y,normal,RR-corpus_phspaelti,-
B,Br09,11,083,083,normal,RR-corpus_phspaelti,.
B,Br09,12,041,041,normal,RR-corpus_phspaelti,-
B,Br09,13,700,700,normal,RR-corpus_phspaelti,-
B,Br09,14,600,600,normal,RR-corpus_phspaelti,-
B,Br09,15,044,044,normal,RR-corpus_phspaelti,-
B,Br09,16,054,054,normal,RR-corpus_phspaelti,-
B,Br09,17,066,066,normal,RR-corpus_phspaelti,-
B,Br09,18,095x,095x,normal,RR-corpus_phspaelti,-
B,Br09,19,066,066,normal,RR-corpus_phspaelti,-
B,Br09,20,301,301,normal,RR-corpus_phspaelti,-
B,Br09,21,006,006,normal,RR-corpus_phspaelti,.
B,Br09,22,074f,074f,normal,RR-corpus_phspaelti,-
B,Br09,23,307,307,normal,RR-corpus_phspaelti,-
B,Br09,24,066,066,normal,RR-corpus_phspaelti,-
B,Br09,25,022f,022f,normal,RR-corpus_phspaelti,-
B,Br09,26,066,066,normal,RR-corpus_phspaelti,-
B,Br09,27,300,300,normal,RR-corpus_phspaelti,.
B,Br09,28,066,066,normal,RR-corpus_phspaelti,-
B,Br09,29,054,054,normal,RR-corpus_phspaelti,-
B,Br09,30,066,066,normal,RR-corpus_phspaelti,-
B,Br09,31,741,741,normal,RR-corpus_phspaelti,-
B,Br09,32,066,066,normal,RR-corpus_phspaelti,-
B,Br09,33,381,381,normal,RR-corpus_phspaelti,-
B,Br09,34,104,104,normal,RR-corpus_phspaelti,-
B,Br09,35,027x,027x,normal,RR-corpus_phspaelti,-
B,Br09,36,301,301,normal,RR-corpus_phspaelti,-
B,Br09,37,540,540,normal,RR-corpus_phspaelti,-
B,Br09,38,091,091,normal,RR-corpus_phspaelti,-
B,Br09,39,053,053,normal,RR-corpus_phspaelti,-
B,Br09,40,002,002,normal,RR-corpus_phspaelti,-
B,Br09,41,381,381,normal,RR-corpus_phspaelti,-
B,Br09,42,091,091,normal,RR-corpus_phspaelti,-
B,Br09,43,381,381,normal,RR-corpus_phspaelti,-
B,Br09,44,091,091,normal,RR-corpus_phspaelti,-
B,Br09,45,166,166,normal,RR-corpus_phspaelti,-
B,Br09,46,068,068,normal,RR-corpus_phspaelti,-
B,Br09,47,034,034,normal,RR-corpus_phspaelti,-
B,Br09,48,493,493,normal,RR-corpus_phspaelti,-
B,Br09,49,010,010,normal,RR-corpus_phspaelti,.
B,Br09,50,044,044,normal,RR-corpus_phspaelti,-
B,Br09,51,001,001,normal,RR-corpus_phspaelti,-
B,Br09,52,522y,522y,normal,RR-corpus_phspaelti,-
B,Br09,53,745,745,normal,RR-corpus_phspaelti,-
B,Br09,54,093,093,normal,RR-corpus_phspaelti,-
B,Br09,55,207?,207?,normal,RR-corpus_phspaelti,.
B,Br09,56,_,_,normal,RR-corpus_phspaelti,*
B,Br10,1,008,008,normal,RR-corpus_phspaelti,-
B,Br10,2,739,739,normal,RR-corpus_phspaelti,-
B,Br10,3,001V,001V,normal,RR-corpus_phspaelti,-
B,Br10,4,101,101,normal,RR-corpus_phspaelti,-
B,Br10,5,244,244,normal,RR-corpus_phspaelti,-
B,Br10,6,242,242,normal,RR-corpus_phspaelti,-
B,Br10,7,600,600,normal,RR-corpus_phspaelti,-
B,Br10,8,004,004,normal,RR-corpus_phspaelti,-
B,Br10,9,600,600,normal,RR-corpus_phspaelti,-
B,Br10,10,040,040,normal,RR-corpus_phspaelti,-
B,Br10,11,700f,700f,normal,RR-corpus_phspaelti,-
B,Br10,12,324,324,normal,RR-corpus_phspaelti,.
B,Br10,13,076,076,normal,RR-corpus_phspaelti,-
B,Br10,14,300,300,normal,RR-corpus_phspaelti,.
B,Br10,15,001,001,normal,RR-corpus_phspaelti,-
B,Br10,16,590,590,normal,RR-corpus_phspaelti,.
B,Br10,17,005,005,normal,RR-corpus_phspaelti,-
B,Br10,18,380,380,normal,RR-corpus_phspaelti,.
B,Br10,19,050,050,normal,RR-corpus_phspaelti,-
B,Br10,20,600,600,normal,RR-corpus_phspaelti,-
B,Br10,21,430,430,normal,RR-corpus_phspaelti,.
B,Br10,22,076,076,normal,RR-corpus_phspaelti,-
B,Br10,23,430y,430y,normal,RR-corpus_phspaelti,.
B,Br10,24,076,076,normal,RR-corpus_phspaelti,-
B,Br10,25,430,430,normal,RR-corpus_phspaelti,-
B,Br10,26,076,076,normal,RR-corpus_phspaelti,-
B,Br10,27,755,755,normal,RR-corpus_phspaelti,-
B,Br10,28,063,063,normal,RR-corpus_phspaelti,.
B,Br10,29,004,004,normal,RR-corpus_phspaelti,.
B,Br10,30,064,064,normal,RR-corpus_phspaelti,-
B,Br10,31,670,670,normal,RR-corpus_phspaelti,.
B,Br10,32,700,700,normal,RR-corpus_phspaelti,-
B,Br10,33,470,470,normal,RR-corpus_phspaelti,-
B,Br10,34,021ft,021ft,normal,RR-corpus_phspaelti,-
B,Br10,35,244,244,normal,RR-corpus_phspaelti,-
B,Br10,36,280j,280j,normal,RR-corpus_phspaelti,-
B,Br10,37,379,379,normal,RR-corpus_phspaelti,.
B,Br10,38,065,065,normal,RR-corpus_phspaelti,-
B,Br10,39,290,290,normal,RR-corpus_phspaelti,.
B,Br10,40,053,053,normal,RR-corpus_phspaelti,-
B,Br10,41,015?,015?,normal,RR-corpus_phspaelti,-
B,Br10,42,002,002,normal,RR-corpus_phspaelti,-
B,Br10,43,300,300,normal,RR-corpus_phspaelti,.
B,Br10,44,755,755,normal,RR-corpus_phspaelti,-
B,Br10,45,004,004,normal,RR-corpus_phspaelti,.
B,Br10,46,064,064,normal,RR-corpus_phspaelti,-
B,Br10,47,755?,755?,normal,RR-corpus_phspaelti,*
B,Bv01,1,700,700,normal,RR-corpus_phspaelti,-
B,Bv01,2,307,307,normal,RR-corpus_phspaelti,.
B,Bv01,3,003,003,normal,RR-corpus_phspaelti,-
B,Bv01,4,207,207,normal,RR-corpus_phspaelti,-
B,Bv01,5,027,027,normal,RR-corpus_phspaelti,-
B,Bv01,6,311s?,311s?,normal,RR-corpus_phspaelti,-
B,Bv01,7,700,700,normal,RR-corpus_phspaelti,.
B,Bv01,8,008,008,normal,RR-corpus_phspaelti,-
B,Bv01,9,607,607,normal,RR-corpus_phspaelti,-
B,Bv01,10,306,306,normal,RR-corpus_phspaelti,-
B,Bv01,11,006,006,normal,RR-corpus_phspaelti,.
B,Bv01,12,074f,074f,normal,RR-corpus_phspaelti,-
B,Bv01,13,204s?,204s?,normal,RR-corpus_phspaelti,-
B,Bv01,14,141,141,normal,RR-corpus_phspaelti,-
B,Bv01,15,200,200,normal,RR-corpus_phspaelti,-
B,Bv01,16,200,200,normal,RR-corpus_phspaelti,-
B,Bv01,17,208,208,normal,RR-corpus_phspaelti,-
B,Bv01,18,302,302,normal,RR-corpus_phspaelti,-
B,Bv01,19,092,092,normal,RR-corpus_phspaelti,-
B,Bv01,20,022,022,normal,RR-corpus_phspaelti,.
B,Bv01,21,244,244,normal,RR-corpus_phspaelti,-
B,Bv01,22,600,600,normal,RR-corpus_phspaelti,-
B,Bv01,23,405,405,normal,RR-corpus_phspaelti,-
B,Bv01,24,008,008,normal,RR-corpus_phspaelti,.
B,Bv01,25,049f?,049f?,normal,RR-corpus_phspaelti,-
B,Bv01,26,569,569,normal,RR-corpus_phspaelti,-
B,Bv01,27,405,405,normal,RR-corpus_phspaelti,.
B,Bv01,28,008,008,normal,RR-corpus_phspaelti,-
B,Bv01,29,049f,049f,normal,RR-corpus_phspaelti,.
B,Bv01,30,069,069,normal,RR-corpus_phspaelti,-
B,Bv01,31,039,039,normal,RR-corpus_phspaelti,-
B,Bv01,32,002,002,normal,RR-corpus_phspaelti,-
B,Bv01,33,600,600,normal,RR-corpus_phspaelti,-
B,Bv01,34,060,060,normal,RR-corpus_phspaelti,-
B,Bv01,35,400,400,normal,RR-corpus_phspaelti,-
B,Bv01,36,320,320,normal,RR-corpus_phspaelti,.
B,Bv01,37,022,022,normal,RR-corpus_phspaelti,-
B,Bv01,38,069,069,normal,RR-corpus_phspaelti,-
B,Bv01,39,000!,000!,normal,RR-corpus_phspaelti,*
B,Bv02,1,067?,067?,normal,RR-corpus_phspaelti,-
B,Bv02,2,044,044,normal,RR-corpus_phspaelti,-
B,Bv02,3,067,067,normal,RR-corpus_phspaelti,-
B,Bv02,4,044,044,normal,RR-corpus_phspaelti,-
B,Bv02,5,541,541,normal,RR-corpus_phspaelti,-
B,Bv02,6,040,040,normal,RR-corpus_phspaelti,-
B,Bv02,7,040,040,normal,RR-corpus_phspaelti,-
B,Bv02,8,445,445,normal,RR-corpus_phspaelti,.
B,Bv02,9,041,041,normal,RR-corpus_phspaelti,-
B,Bv02,10,040,040,normal,RR-corpus_phspaelti,-
B,Bv02,11,745,745,normal,RR-corpus_phspaelti,.
B,Bv02,12,076,076,normal,RR-corpus_phspaelti,-
B,Bv02,13,000!,000!,normal,RR-corpus_phspaelti,-
B,Bv02,14,430,430,normal,RR-corpus_phspaelti,-
B,Bv02,15,739,739,normal,RR-corpus_phspaelti,-
B,Bv02,16,022,022,normal,RR-corpus_phspaelti,-
B,Bv02,17,050,050,normal,RR-corpus_phspaelti,-
B,Bv02,18,022,022,normal,RR-corpus_phspaelti,-
B,Bv02,19,002,002,normal,RR-corpus_phspaelti,-
B,Bv02,20,022,022,normal,RR-corpus_phspaelti,.
B,Bv02,21,010,010,normal,RR-corpus_phspaelti,-
B,Bv02,22,007,007,normal,RR-corpus_phspaelti,-
B,Bv02,23,059f,059f,normal,RR-corpus_phspaelti,-
B,Bv02,24,006,006,normal,RR-corpus_phspaelti,.
B,Bv02,25,074f,074f,normal,RR-corpus_phspaelti,.
B,Bv02,26,326,326,normal,RR-corpus_phspaelti,.
B,Bv02,27,077,077,normal,RR-corpus_phspaelti,-
B,Bv02,28,420y,420y,normal,RR-corpus_phspaelti,.
B,Bv02,29,430,430,normal,RR-corpus_phspaelti,-
B,Bv02,30,077,077,normal,RR-corpus_phspaelti,-
B,Bv02,31,654y,654y,normal,RR-corpus_phspaelti,-
B,Bv02,32,380,380,normal,RR-corpus_phspaelti,.
B,Bv02,33,007,007,normal,RR-corpus_phspaelti,-
B,Bv02,34,380y,380y,normal,RR-corpus_phspaelti,.
B,Bv02,35,280,280,normal,RR-corpus_phspaelti,-
B,Bv02,36,060,060,normal,RR-corpus_phspaelti,-
B,Bv02,37,380y,380y,normal,RR-corpus_phspaelti,.
B,Bv02,38,002,002,normal,RR-corpus_phspaelti,-
B,Bv02,39,010,010,normal,RR-corpus_phspaelti,.
B,Bv02,40,133,133,normal,RR-corpus_phspaelti,-
B,Bv02,41,060,060,normal,RR-corpus_phspaelti,.
B,Bv02,42,169,169,normal,RR-corpus_phspaelti,.
B,Bv02,43,678,678,normal,RR-corpus_phspaelti,-
B,Bv02,44,040,040,normal,RR-corpus_phspaelti,-
B,Bv02,45,041,041,normal,RR-corpus_phspaelti,-
B,Bv02,46,700,700,normal,RR-corpus_phspaelti,-
B,Bv02,47,522y,522y,normal,RR-corpus_phspaelti,.
B,Bv02,48,070,070,normal,RR-corpus_phspaelti,-
B,Bv02,49,484,484,normal,RR-corpus_phspaelti,-
B,Bv02,50,470,470,normal,RR-corpus_phspaelti,-
B,Bv02,51,021t,021t,normal,RR-corpus_phspaelti,-
B,Bv02,52,360,360,normal,RR-corpus_phspaelti,.
B,Bv02,53,040,040,normal,RR-corpus_phspaelti,-
B,Bv02,54,630,630,normal,RR-corpus_phspaelti,-
B,Bv02,55,047,047,normal,RR-corpus_phspaelti,-
B,Bv02,56,326,326,normal,RR-corpus_phspaelti,.
B,Bv02,57,076,076,normal,RR-corpus_phspaelti,-
B,Bv02,58,006,006,normal,RR-corpus_phspaelti,.
B,Bv02,59,074f,074f,normal,RR-corpus_phspaelti,-
B,Bv02,60,374y,374y,normal,RR-corpus_phspaelti,.
B,Bv02,61,074,074,normal,RR-corpus_phspaelti,-
B,Bv02,62,084,084,normal,RR-corpus_phspaelti,-
B,Bv02,63,007,007,normal,RR-corpus_phspaelti,-
B,Bv02,64,095,095,normal,RR-corpus_phspaelti,-
B,Bv02,65,700,700,normal,RR-corpus_phspaelti,.
B,Bv02,66,003,003,normal,RR-corpus_phspaelti,*
B,Bv03,1,095,095,normal,RR-corpus_phspaelti,-
B,Bv03,2,755,755,normal,RR-corpus_phspaelti,-
B,Bv03,3,116,116,normal,RR-corpus_phspaelti,-
B,Bv03,4,206,206,normal,RR-corpus_phspaelti,.
B,Bv03,5,074f,074f,normal,RR-corpus_phspaelti,-
B,Bv03,6,050,050,normal,RR-corpus_phspaelti,-
B,Bv03,7,381,381,normal,RR-corpus_phspaelti,-
B,Bv03,8,003,003,normal,RR-corpus_phspaelti,-
B,Bv03,9,405,405,normal,RR-corpus_phspaelti,-
B,Bv03,10,071,071,normal,RR-corpus_phspaelti,-
B,Bv03,11,002,002,normal,RR-corpus_phspaelti,.
B,Bv03,12,600,600,normal,RR-corpus_phspaelti,-
B,Bv03,13,054,054,normal,RR-corpus_phspaelti,-
B,Bv03,14,066,066,normal,RR-corpus_phspaelti,-
B,Bv03,15,095x,095x,normal,RR-corpus_phspaelti,-
B,Bv03,16,066,066,normal,RR-corpus_phspaelti,-
B,Bv03,17,381,381,normal,RR-corpus_phspaelti,-
B,Bv03,18,006,006,normal,RR-corpus_phspaelti,.
B,Bv03,19,074f,074f,normal,RR-corpus_phspaelti,-
B,Bv03,20,307,307,normal,RR-corpus_phspaelti,-
B,Bv03,21,066,066,normal,RR-corpus_phspaelti,-
B,Bv03,22,022f,022f,normal,RR-corpus_phspaelti,-
B,Bv03,23,066,066,normal,RR-corpus_phspaelti,-
B,Bv03,24,540,540,normal,RR-corpus_phspaelti,.
B,Bv03,25,091,091,normal,RR-corpus_phspaelti,-
B,Bv03,26,053,053,normal,RR-corpus_phspaelti,-
B,Bv03,27,575,575,normal,RR-corpus_phspaelti,-
B,Bv03,28,056,056,normal,RR-corpus_phspaelti,-
B,Bv03,29,200,200,normal,RR-corpus_phspaelti,-
B,Bv03,30,069,069,normal,RR-corpus_phspaelti,.
B,Bv03,31,056,056,normal,RR-corpus_phspaelti,-
B,Bv03,32,730,730,normal,RR-corpus_phspaelti,.
B,Bv03,33,069,069,normal,RR-corpus_phspaelti,-
B,Bv03,34,022f,022f,normal,RR-corpus_phspaelti,-
B,Bv03,35,095,095,normal,RR-corpus_phspaelti,-
B,Bv03,36,044f,044f,normal,RR-corpus_phspaelti,-
B,Bv03,37,166,166,normal,RR-corpus_phspaelti,-
B,Bv03,38,068,068,normal,RR-corpus_phspaelti,-
B,Bv03,39,022f,022f,normal,RR-corpus_phspaelti,-
B,Bv03,40,_,_,normal,RR-corpus_phspaelti,-
B,Bv03,41,300,300,normal,RR-corpus_phspaelti,.
B,Bv03,42,079,079,normal,RR-corpus_phspaelti,-
B,Bv03,43,065,065,normal,RR-corpus_phspaelti,.
B,Bv03,44,003,003,normal,RR-corpus_phspaelti,-
B,Bv03,45,200,200,normal,RR-corpus_phspaelti,-
B,Bv03,46,235,235,normal,RR-corpus_phspaelti,.
B,Bv03,47,065,065,normal,RR-corpus_phspaelti,.
B,Bv03,48,003,003,normal,RR-corpus_phspaelti,-
B,Bv03,49,100,100,normal,RR-corpus_phspaelti,.
B,Bv03,50,003,003,normal,RR-corpus_phspaelti,-
B,Bv03,51,054,054,normal,RR-corpus_phspaelti,-
B,Bv03,52,050,050,normal,RR-corpus_phspaelti,-
B,Bv03,53,002,002,normal,RR-corpus_phspaelti,-
B,Bv03,54,013,013,normal,RR-corpus_phspaelti,.
B,Bv03,55,003,003,normal,RR-corpus_phspaelti,-
B,Bv03,56,095,095,normal,RR-corpus_phspaelti,-
B,Bv03,57,065,065,normal,RR-corpus_phspaelti,.
B,Bv03,58,003,003,normal,RR-corpus_phspaelti,*
B,Bv04,1,065,065,normal,RR-corpus_phspaelti,.
B,Bv04,2,003,003,normal,RR-corpus_phspaelti,-
B,Bv04,3,006,006,normal,RR-corpus_phspaelti,.
B,Bv04,4,001,001,normal,RR-corpus_phspaelti,-
B,Bv04,5,006,006,normal,RR-corpus_phspaelti,.
B,Bv04,6,009,009,normal,RR-corpus_phspaelti,.
B,Bv04,7,003,003,normal,RR-corpus_phspaelti,-
B,Bv04,8,005,005,normal,RR-corpus_phspaelti,.
B,Bv04,9,003,003,normal,RR-corpus_phspaelti,-
B,Bv04,10,005,005,normal,RR-corpus_phspaelti,.
B,Bv04,11,003,003,normal,RR-corpus_phspaelti,-
B,Bv04,12,001,001,normal,RR-corpus_phspaelti,-
B,Bv04,13,059f,059f,normal,RR-corpus_phspaelti,.
B,Bv04,14,450y,450y,normal,RR-corpus_phspaelti,-
B,Bv04,15,059f,059f,normal,RR-corpus_phspaelti,.
B,Bv04,16,450y,450y,normal,RR-corpus_phspaelti,-
B,Bv04,17,059f,059f,normal,RR-corpus_phspaelti,.
B,Bv04,18,003,003,normal,RR-corpus_phspaelti,-
B,Bv04,19,002,002,normal,RR-corpus_phspaelti,-
B,Bv04,20,300,300,normal,RR-corpus_phspaelti,.
B,Bv04,21,002,002,normal,RR-corpus_phspaelti,-
B,Bv04,22,004,004,normal,RR-corpus_phspaelti,-
B,Bv04,23,381,381,normal,RR-corpus_phspaelti,-
B,Bv04,24,060,060,normal,RR-corpus_phspaelti,-
B,Bv04,25,755,755,normal,RR-corpus_phspaelti,-
B,Bv04,26,600,600,normal,RR-corpus_phspaelti,-
B,Bv04,27,029y,029y,normal,RR-corpus_phspaelti,-
B,Bv04,28,022,022,normal,RR-corpus_phspaelti,.
B,Bv04,29,600,600,normal,RR-corpus_phspaelti,-
B,Bv04,30,060,060,normal,RR-corpus_phspaelti,-
B,Bv04,31,574s,574s,normal,RR-corpus_phspaelti,.
B,Bv04,32,003,003,normal,RR-corpus_phspaelti,-
B,Bv04,33,204s,204s,normal,RR-corpus_phspaelti,-
B,Bv04,34,054,054,normal,RR-corpus_phspaelti,-
B,Bv04,35,306s,306s,normal,RR-corpus_phspaelti,.
B,Bv04,36,003,003,normal,RR-corpus_phspaelti,-
B,Bv04,37,001,001,normal,RR-corpus_phspaelti,.
B,Bv04,38,006,006,normal,RR-corpus_phspaelti,-
B,Bv04,39,009,009,normal,RR-corpus_phspaelti,.
B,Bv04,40,006,006,normal,RR-corpus_phspaelti,-
B,Bv04,41,005,005,normal,RR-corpus_phspaelti,.
B,Bv04,42,006,006,normal,RR-corpus_phspaelti,-
B,Bv04,43,001,001,normal,RR-corpus_phspaelti,-
B,Bv04,44,200,200,normal,RR-corpus_phspaelti,.
B,Bv04,45,032,032,normal,RR-corpus_phspaelti,-
B,Bv04,46,095f,095f,normal,RR-corpus_phspaelti,-
B,Bv04,47,032,032,normal,RR-corpus_phspaelti,-
B,Bv04,48,700,700,normal,RR-corpus_phspaelti,.
B,Bv04,49,069,069,normal,RR-corpus_phspaelti,-
B,Bv04,50,032,032,normal,RR-corpus_phspaelti,-
B,Bv04,51,200,200,normal,RR-corpus_phspaelti,.
B,Bv04,52,032,032,normal,RR-corpus_phspaelti,-
B,Bv04,53,091,091,normal,RR-corpus_phspaelti,.
B,Bv04,54,032,032,normal,RR-corpus_phspaelti,-
B,Bv04,55,739,739,normal,RR-corpus_phspaelti,.
B,Bv04,56,003,003,normal,RR-corpus_phspaelti,-
B,Bv04,57,739,739,normal,RR-corpus_phspaelti,-
B,Bv04,58,670,670,normal,RR-corpus_phspaelti,-
B,Bv04,59,246,246,normal,RR-corpus_phspaelti,.
B,Bv04,60,077,077,normal,RR-corpus_phspaelti,-
B,Bv04,61,002,002,normal,RR-corpus_phspaelti,.
B,Bv04,62,077,077,normal,RR-corpus_phspaelti,-
B,Bv04,63,430,430,normal,RR-corpus_phspaelti,-
B,Bv04,64,134,134,normal,RR-corpus_phspaelti,-
B,Bv04,65,005,005,normal,RR-corpus_phspaelti,-
B,Bv04,66,670,670,normal,RR-corpus_phspaelti,*
B,Bv05,1,465,465,normal,RR-corpus_phspaelti,-
B,Bv05,2,029y,029y,normal,RR-corpus_phspaelti,-
B,Bv05,3,039,039,normal,RR-corpus_phspaelti,-
B,Bv05,4,600V,600V,normal,RR-corpus_phspaelti,-
B,Bv05,5,048,048,normal,RR-corpus_phspaelti,-
B,Bv05,6,291,291,normal,RR-corpus_phspaelti,-
B,Bv05,7,292s,292s,normal,RR-corpus_phspaelti,-
B,Bv05,8,200,200,normal,RR-corpus_phspaelti,.
B,Bv05,9,600,600,normal,RR-corpus_phspaelti,-
B,Bv05,10,027,027,normal,RR-corpus_phspaelti,.
B,Bv05,11,006,006,normal,RR-corpus_phspaelti,-
B,Bv05,12,011,011,normal,RR-corpus_phspaelti,.
B,Bv05,13,006,006,normal,RR-corpus_phspaelti,-
B,Bv05,14,077,077,normal,RR-corpus_phspaelti,.
B,Bv05,15,208,208,normal,RR-corpus_phspaelti,-
B,Bv05,16,034,034,normal,RR-corpus_phspaelti,-
B,Bv05,17,027,027,normal,RR-corpus_phspaelti,-
B,Bv05,18,663,663,normal,RR-corpus_phspaelti,-
B,Bv05,19,002,002,normal,RR-corpus_phspaelti,-
B,Bv05,20,042,042,normal,RR-corpus_phspaelti,:
B,Bv05,21,065,065,normal,RR-corpus_phspaelti,-
B,Bv05,22,300,300,normal,RR-corpus_phspaelti,-
B,Bv05,23,385,385,normal,RR-corpus_phspaelti,-
B,Bv05,24,003,003,normal,RR-corpus_phspaelti,.
B,Bv05,25,065,065,normal,RR-corpus_phspaelti,.
B,Bv05,26,200,200,normal,RR-corpus_phspaelti,-
B,Bv05,27,236s,236s,normal,RR-corpus_phspaelti,-
B,Bv05,28,300,300,normal,RR-corpus_phspaelti,-
B,Bv05,29,232b,232b,normal,RR-corpus_phspaelti,-
B,Bv05,30,446,446,normal,RR-corpus_phspaelti,-
B,Bv05,31,300,300,normal,RR-corpus_phspaelti,-
B,Bv05,32,385,385,normal,RR-corpus_phspaelti,-
B,Bv05,33,003,003,normal,RR-corpus_phspaelti,.
B,Bv05,34,065,065,normal,RR-corpus_phspaelti,.
B,Bv05,35,200,200,normal,RR-corpus_phspaelti,-
B,Bv05,36,002,002,normal,RR-corpus_phspaelti,-
B,Bv05,37,091,091,normal,RR-corpus_phspaelti,-
B,Bv05,38,582,582,normal,RR-corpus_phspaelti,.
B,Bv05,39,074,074,normal,RR-corpus_phspaelti,-
B,Bv05,40,006,006,normal,RR-corpus_phspaelti,.
B,Bv05,41,024,024,normal,RR-corpus_phspaelti,.
B,Bv05,42,062,062,normal,RR-corpus_phspaelti,-
B,Bv05,43,291,291,normal,RR-corpus_phspaelti,-
B,Bv05,44,034,034,normal,RR-corpus_phspaelti,-
B,Bv05,45,208,208,normal,RR-corpus_phspaelti,-
B,Bv05,46,540,540,normal,RR-corpus_phspaelti,.
B,Bv05,47,065,065,normal,RR-corpus_phspaelti,.
B,Bv05,48,003,003,normal,RR-corpus_phspaelti,-
B,Bv05,49,027f,027f,normal,RR-corpus_phspaelti,-
B,Bv05,50,001,001,normal,RR-corpus_phspaelti,.
B,Bv05,51,063,063,normal,RR-corpus_phspaelti,-
B,Bv05,52,430,430,normal,RR-corpus_phspaelti,.
B,Bv05,53,076,076,normal,RR-corpus_phspaelti,-
B,Bv05,54,011,011,normal,RR-corpus_phspaelti,-
B,Bv05,55,042,042,normal,RR-corpus_phspaelti,:
B,Bv05,56,065,065,normal,RR-corpus_phspaelti,-
B,Bv05,57,600,600,normal,RR-corpus_phspaelti,.
B,Bv05,58,076,076,normal,RR-corpus_phspaelti,*
B,Bv06,1,001,001,normal,RR-corpus_phspaelti,-
B,Bv06,2,001V,001V,normal,RR-corpus_phspaelti,-
B,Bv06,3,042,042,normal,RR-corpus_phspaelti,:
B,Bv06,4,065,065,normal,RR-corpus_phspaelti,-
B,Bv06,5,002,002,normal,RR-corpus_phspaelti,-
B,Bv06,6,745,745,normal,RR-corpus_phspaelti,-
B,Bv06,7,003,003,normal,RR-corpus_phspaelti,.
B,Bv06,8,065,065,normal,RR-corpus_phspaelti,.
B,Bv06,9,200,200,normal,RR-corpus_phspaelti,-
B,Bv06,10,002,002,normal,RR-corpus_phspaelti,.
B,Bv06,11,052x,052x,normal,RR-corpus_phspaelti,-
B,Bv06,12,474,474,normal,RR-corpus_phspaelti,-
B,Bv06,13,052x,052x,normal,RR-corpus_phspaelti,-
B,Bv06,14,482,482,normal,RR-corpus_phspaelti,.
B,Bv06,15,052x,052x,normal,RR-corpus_phspaelti,-
B,Bv06,16,001,001,normal,RR-corpus_phspaelti,-
B,Bv06,17,095f,095f,normal,RR-corpus_phspaelti,-
B,Bv06,18,095f,095f,normal,RR-corpus_phspaelti,-
B,Bv06,19,105,105,normal,RR-corpus_phspaelti,-
B,Bv06,20,001,001,normal,RR-corpus_phspaelti,.
B,Bv06,21,300,300,normal,RR-corpus_phspaelti,-
B,Bv06,22,042,042,normal,RR-corpus_phspaelti,:
B,Bv06,23,065,065,normal,RR-corpus_phspaelti,.
B,Bv06,24,065,065,normal,RR-corpus_phspaelti,-
B,Bv06,25,300,300,normal,RR-corpus_phspaelti,-
B,Bv06,26,048,048,normal,RR-corpus_phspaelti,.
B,Bv06,27,385,385,normal,RR-corpus_phspaelti,.
B,Bv06,28,008,008,normal,RR-corpus_phspaelti,-
B,Bv06,29,200,200,normal,RR-corpus_phspaelti,.
B,Bv06,30,600,600,normal,RR-corpus_phspaelti,-
B,Bv06,31,600,600,normal,RR-corpus_phspaelti,-
B,Bv06,32,027,027,normal,RR-corpus_phspaelti,.
B,Bv06,33,006,006,normal,RR-corpus_phspaelti,-
B,Bv06,34,700,700,normal,RR-corpus_phspaelti,-
B,Bv06,35,011,011,normal,RR-corpus_phspaelti,.
B,Bv06,36,209a,209a,normal,RR-corpus_phspaelti,-
B,Bv06,37,034,034,normal,RR-corpus_phspaelti,-
B,Bv06,38,027,027,normal,RR-corpus_phspaelti,-
B,Bv06,39,673,673,normal,RR-corpus_phspaelti,-
B,Bv06,40,002,002,normal,RR-corpus_phspaelti,-
B,Bv06,41,042,042,normal,RR-corpus_phspaelti,:
B,Bv06,42,065,065,normal,RR-corpus_phspaelti,.
B,Bv06,43,300,300,normal,RR-corpus_phspaelti,-
B,Bv06,44,385,385,normal,RR-corpus_phspaelti,-
B,Bv06,45,003,003,normal,RR-corpus_phspaelti,.
B,Bv06,46,065,065,normal,RR-corpus_phspaelti,.
B,Bv06,47,200,200,normal,RR-corpus_phspaelti,-
B,Bv06,48,092f,092f,normal,RR-corpus_phspaelti,-
B,Bv06,49,092f,092f,normal,RR-corpus_phspaelti,-
B,Bv06,50,002,002,normal,RR-corpus_phspaelti,-
B,Bv06,51,600,600,normal,RR-corpus_phspaelti,.
B,Bv06,52,032,032,normal,RR-corpus_phspaelti,-
B,Bv06,53,600,600,normal,RR-corpus_phspaelti,.
B,Bv06,54,032,032,normal,RR-corpus_phspaelti,-
B,Bv06,55,206,206,normal,RR-corpus_phspaelti,-
B,Bv06,56,326,326,normal,RR-corpus_phspaelti,-
B,Bv06,57,326,326,normal,RR-corpus_phspaelti,-
B,Bv06,58,608,608,normal,RR-corpus_phspaelti,-
B,Bv06,59,042,042,normal,RR-corpus_phspaelti,:
B,Bv06,60,133,133,normal,RR-corpus_phspaelti,-
B,Bv06,61,610,610,normal,RR-corpus_phspaelti,*
B,Bv07,1,400y,400y,normal,RR-corpus_phspaelti,-
B,Bv07,2,207,207,normal,RR-corpus_phspaelti,-
B,Bv07,3,385,385,normal,RR-corpus_phspaelti,-
B,Bv07,4,003,003,normal,RR-corpus_phspaelti,.
B,Bv07,5,065,065,normal,RR-corpus_phspaelti,.
B,Bv07,6,200,200,normal,RR-corpus_phspaelti,-
B,Bv07,7,196,196,normal,RR-corpus_phspaelti,-
B,Bv07,8,002,002,normal,RR-corpus_phspaelti,-
B,Bv07,9,306,306,normal,RR-corpus_phspaelti,-
B,Bv07,10,326,326,normal,RR-corpus_phspaelti,-
B,Bv07,11,326,326,normal,RR-corpus_phspaelti,-
B,Bv07,12,670,670,normal,RR-corpus_phspaelti,-
B,Bv07,13,608,608,normal,RR-corpus_phspaelti,-
B,Bv07,14,042,042,normal,RR-corpus_phspaelti,:
B,Bv07,15,133,133,normal,RR-corpus_phspaelti,-
B,Bv07,16,381,381,normal,RR-corpus_phspaelti,-
B,Bv07,17,400,400,normal,RR-corpus_phspaelti,-
B,Bv07,18,387,387,normal,RR-corpus_phspaelti,-
B,Bv07,19,385,385,normal,RR-corpus_phspaelti,-
B,Bv07,20,003,003,normal,RR-corpus_phspaelti,.
B,Bv07,21,065,065,normal,RR-corpus_phspaelti,.
B,Bv07,22,200,200,normal,RR-corpus_phspaelti,-
B,Bv07,23,044,044,normal,RR-corpus_phspaelti,-
B,Bv07,24,002,002,normal,RR-corpus_phspaelti,-
B,Bv07,25,001,001,normal,RR-corpus_phspaelti,.
B,Bv07,26,062x,062x,normal,RR-corpus_phspaelti,-
B,Bv07,27,420y,420y,normal,RR-corpus_phspaelti,-
B,Bv07,28,095,095,normal,RR-corpus_phspaelti,-
B,Bv07,29,385,385,normal,RR-corpus_phspaelti,-
B,Bv07,30,003,003,normal,RR-corpus_phspaelti,.
B,Bv07,31,065,065,normal,RR-corpus_phspaelti,.
B,Bv07,32,200,200,normal,RR-corpus_phspaelti,-
B,Bv07,33,320,320,normal,RR-corpus_phspaelti,.
B,Bv07,34,048,048,normal,RR-corpus_phspaelti,-
B,Bv07,35,017,017,normal,RR-corpus_phspaelti,-
B,Bv07,36,320,320,normal,RR-corpus_phspaelti,.
B,Bv07,37,048,048,normal,RR-corpus_phspaelti,-
B,Bv07,38,019,019,normal,RR-corpus_phspaelti,-
B,Bv07,39,320,320,normal,RR-corpus_phspaelti,.
B,Bv07,40,048,048,normal,RR-corpus_phspaelti,-
B,Bv07,41,102,102,normal,RR-corpus_phspaelti,-
B,Bv07,42,385,385,normal,RR-corpus_phspaelti,-
B,Bv07,43,065,065,normal,RR-corpus_phspaelti,.
B,Bv07,44,003,003,normal,RR-corpus_phspaelti,-
B,Bv07,45,320,320,normal,RR-corpus_phspaelti,.
B,Bv07,46,045,045,normal,RR-corpus_phspaelti,-
B,Bv07,47,610,610,normal,RR-corpus_phspaelti,-
B,Bv07,48,607,607,normal,RR-corpus_phspaelti,-
B,Bv07,49,385,385,normal,RR-corpus_phspaelti,-
B,Bv07,50,065,065,normal,RR-corpus_phspaelti,.
B,Bv07,51,003,003,normal,RR-corpus_phspaelti,-
B,Bv07,52,002,002,normal,RR-corpus_phspaelti,.
B,Bv07,53,010,010,normal,RR-corpus_phspaelti,-
B,Bv07,54,002,002,normal,RR-corpus_phspaelti,.
B,Bv07,55,065,065,normal,RR-corpus_phspaelti,.
B,Bv07,56,003,003,normal,RR-corpus_phspaelti,-
B,Bv07,57,002,002,normal,RR-corpus_phspaelti,.
B,Bv07,58,010,010,normal,RR-corpus_phspaelti,-
B,Bv07,59,385?,385?,normal,RR-corpus_phspaelti,*
B,Bv08,1,045,045,normal,RR-corpus_phspaelti,-
B,Bv08,2,002,002,normal,RR-corpus_phspaelti,.
B,Bv08,3,010,010,normal,RR-corpus_phspaelti,-
B,Bv08,4,451,451,normal,RR-corpus_phspaelti,-
B,Bv08,5,205,205,normal,RR-corpus_phspaelti,.
B,Bv08,6,003,003,normal,RR-corpus_phspaelti,-
B,Bv08,7,079,079,normal,RR-corpus_phspaelti,.
B,Bv08,8,490,490,normal,RR-corpus_phspaelti,;
B,Bv08,9,010,010,normal,RR-corpus_phspaelti,.
B,Bv08,10,003,003,normal,RR-corpus_phspaelti,-
B,Bv08,11,099,099,normal,RR-corpus_phspaelti,-
B,Bv08,12,166,166,normal,RR-corpus_phspaelti,-
B,Bv08,13,068,068,normal,RR-corpus_phspaelti,-
B,Bv08,14,045,045,normal,RR-corpus_phspaelti,.
B,Bv08,15,009,009,normal,RR-corpus_phspaelti,.
B,Bv08,16,037,037,normal,RR-corpus_phspaelti,-
B,Bv08,17,010,010,normal,RR-corpus_phspaelti,.
B,Bv08,18,001f,001f,normal,RR-corpus_phspaelti,-
B,Bv08,19,522f,522f,normal,RR-corpus_phspaelti,-
B,Bv08,20,381,381,normal,RR-corpus_phspaelti,.
B,Bv08,21,009,009,normal,RR-corpus_phspaelti,-
B,Bv08,22,260,260,normal,RR-corpus_phspaelti,.
B,Bv08,23,001,001,normal,RR-corpus_phspaelti,-
B,Bv08,24,004,004,normal,RR-corpus_phspaelti,.
B,Bv08,25,711,711,normal,RR-corpus_phspaelti,-
B,Bv08,26,260,260,normal,RR-corpus_phspaelti,.
B,Bv08,27,001,001,normal,RR-corpus_phspaelti,-
B,Bv08,28,004,004,normal,RR-corpus_phspaelti,.
B,Bv08,29,711,711,normal,RR-corpus_phspaelti,-
B,Bv08,30,700,700,normal,RR-corpus_phspaelti,.
B,Bv08,31,003,003,normal,RR-corpus_phspaelti,-
B,Bv08,32,095,095,normal,RR-corpus_phspaelti,-
B,Bv08,33,022,022,normal,RR-corpus_phspaelti,.
B,Bv08,34,008,008,normal,RR-corpus_phspaelti,:
B,Bv08,35,095f,095f,normal,RR-corpus_phspaelti,-
B,Bv08,36,360,360,normal,RR-corpus_phspaelti,.
B,Bv08,37,008,008,normal,RR-corpus_phspaelti,-
B,Bv08,38,006,006,normal,RR-corpus_phspaelti,.
B,Bv08,39,001,001,normal,RR-corpus_phspaelti,.
B,Bv08,40,006,006,normal,RR-corpus_phspaelti,-
B,Bv08,41,006,006,normal,RR-corpus_phspaelti,.
B,Bv08,42,001,001,normal,RR-corpus_phspaelti,-
B,Bv08,43,567,567,normal,RR-corpus_phspaelti,.
B,Bv08,44,005,005,normal,RR-corpus_phspaelti,:
B,Bv08,45,006,006,normal,RR-corpus_phspaelti,-
B,Bv08,46,208,208,normal,RR-corpus_phspaelti,.
B,Bv08,47,016,016,normal,RR-corpus_phspaelti,-
B,Bv08,48,001,001,normal,RR-corpus_phspaelti,-
B,Bv08,49,008,008,normal,RR-corpus_phspaelti,-
B,Bv08,50,022,022,normal,RR-corpus_phspaelti,-
B,Bv08,51,016,016,normal,RR-corpus_phspaelti,-
B,Bv08,52,054,054,normal,RR-corpus_phspaelti,-
B,Bv08,53,165,165,normal,RR-corpus_phspaelti,-
B,Bv08,54,054,054,normal,RR-corpus_phspaelti,-
B,Bv08,55,001,001,normal,RR-corpus_phspaelti,-
B,Bv08,56,492,492,normal,RR-corpus_phspaelti,-
B,Bv08,57,200,200,normal,RR-corpus_phspaelti,.
B,Bv08,58,171,171,normal,RR-corpus_phspaelti,-
B,Bv08,59,670,670,normal,RR-corpus_phspaelti,-
B,Bv08,60,060,060,normal,RR-corpus_phspaelti,-
B,Bv08,61,008,008,normal,RR-corpus_phspaelti,-
B,Bv08,62,053,053,normal,RR-corpus_phspaelti,-
B,Bv08,63,008,008,normal,RR-corpus_phspaelti,-
B,Bv08,64,022,022,normal,RR-corpus_phspaelti,-
B,Bv08,65,006,006,normal,RR-corpus_phspaelti,.
B,Bv08,66,074f,074f,normal,RR-corpus_phspaelti,-
B,Bv08,67,240,240,normal,RR-corpus_phspaelti,.
B,Bv08,68,545,545,normal,RR-corpus_phspaelti,-
B,Bv08,69,004,004,normal,RR-corpus_phspaelti,.
B,Bv08,70,064,064,normal,RR-corpus_phspaelti,*
B,Bv09,1,000!,000!,normal,RR-corpus_phspaelti,-
B,Bv09,2,060,060,normal,RR-corpus_phspaelti,-
B,Bv09,3,430,430,normal,RR-corpus_phspaelti,-
B,Bv09,4,450,450,normal,RR-corpus_phspaelti,-
B,Bv09,5,440,440,normal,RR-corpus_phspaelti,-
B,Bv09,6,021t,021t,normal,RR-corpus_phspaelti,-
B,Bv09,7,211,211,normal,RR-corpus_phspaelti,-
B,Bv09,8,006,006,normal,RR-corpus_phspaelti,-
B,Bv09,9,400,400,normal,RR-corpus_phspaelti,.
B,Bv09,10,004,004,normal,RR-corpus_phspaelti,-
B,Bv09,11,140,140,normal,RR-corpus_phspaelti,-
B,Bv09,12,200,200,normal,RR-corpus_phspaelti,.
B,Bv09,13,022,022,normal,RR-corpus_phspaelti,-
B,Bv09,14,007,007,normal,RR-corpus_phspaelti,-
B,Bv09,15,004,004,normal,RR-corpus_phspaelti,-
B,Bv09,16,156,156,normal,RR-corpus_phspaelti,-
B,Bv09,17,007,007,normal,RR-corpus_phspaelti,-
B,Bv09,18,004,004,normal,RR-corpus_phspaelti,-
B,Bv09,19,154,154,normal,RR-corpus_phspaelti,-
B,Bv09,20,079,079,normal,RR-corpus_phspaelti,-
B,Bv09,21,065,065,normal,RR-corpus_phspaelti,-
B,Bv09,22,022f,022f,normal,RR-corpus_phspaelti,-
B,Bv09,23,027x,027x,normal,RR-corpus_phspaelti,-
B,Bv09,24,024,024,normal,RR-corpus_phspaelti,-
B,Bv09,25,045,045,normal,RR-corpus_phspaelti,.
B,Bv09,26,009,009,normal,RR-corpus_phspaelti,.
B,Bv09,27,037,037,normal,RR-corpus_phspaelti,-
B,Bv09,28,010,010,normal,RR-corpus_phspaelti,.
B,Bv09,29,001,001,normal,RR-corpus_phspaelti,-
B,Bv09,30,044f,044f,normal,RR-corpus_phspaelti,-
B,Bv09,31,522f,522f,normal,RR-corpus_phspaelti,-
B,Bv09,32,045,045,normal,RR-corpus_phspaelti,.
B,Bv09,33,061,061,normal,RR-corpus_phspaelti,.
B,Bv09,34,009,009,normal,RR-corpus_phspaelti,-
B,Bv09,35,260,260,normal,RR-corpus_phspaelti,.
B,Bv09,36,001,001,normal,RR-corpus_phspaelti,-
B,Bv09,37,004,004,normal,RR-corpus_phspaelti,.
B,Bv09,38,711,711,normal,RR-corpus_phspaelti,-
B,Bv09,39,059f,059f,normal,RR-corpus_phspaelti,-
B,Bv09,40,304s,304s,normal,RR-corpus_phspaelti,-
B,Bv09,41,493,493,normal,RR-corpus_phspaelti,-
B,Bv09,42,304s,304s,normal,RR-corpus_phspaelti,-
B,Bv09,43,407,407,normal,RR-corpus_phspaelti,.
B,Bv09,44,063h,063h,normal,RR-corpus_phspaelti,-
B,Bv09,45,001t,001t,normal,RR-corpus_phspaelti,-
B,Bv09,46,607,607,normal,RR-corpus_phspaelti,-
B,Bv09,47,065,065,normal,RR-corpus_phspaelti,-
B,Bv09,48,022f,022f,normal,RR-corpus_phspaelti,-
B,Bv09,49,004,004,normal,RR-corpus_phspaelti,.
B,Bv09,50,064,064,normal,RR-corpus_phspaelti,-
B,Bv09,51,305,305,normal,RR-corpus_phspaelti,-
B,Bv09,52,004,004,normal,RR-corpus_phspaelti,.
B,Bv09,53,064,064,normal,RR-corpus_phspaelti,-
B,Bv09,54,022f,022f,normal,RR-corpus_phspaelti,-
B,Bv09,55,215,215,normal,RR-corpus_phspaelti,-
B,Bv09,56,381,381,normal,RR-corpus_phspaelti,.
B,Bv09,57,009,009,normal,RR-corpus_phspaelti,-
B,Bv09,58,062,062,normal,RR-corpus_phspaelti,.
B,Bv09,59,001,001,normal,RR-corpus_phspaelti,-
B,Bv09,60,034,034,normal,RR-corpus_phspaelti,-
B,Bv09,61,041,041,normal,RR-corpus_phspaelti,-
B,Bv09,62,166,166,normal,RR-corpus_phspaelti,-
B,Bv09,63,068,068,normal,RR-corpus_phspaelti,-
B,Bv09,64,306s,306s,normal,RR-corpus_phspaelti,-
B,Bv09,65,400,400,normal,RR-corpus_phspaelti,.
B,Bv09,66,065,065,normal,RR-corpus_phspaelti,-
B,Bv09,67,700?,700?,normal,RR-corpus_phspaelti,-
B,Bv09,68,700?,700?,normal,RR-corpus_phspaelti,*
B,Bv10,1,166,166,normal,RR-corpus_phspaelti,-
B,Bv10,2,068,068,normal,RR-corpus_phspaelti,-
B,Bv10,3,493,493,normal,RR-corpus_phspaelti,.
B,Bv10,4,054,054,normal,RR-corpus_phspaelti,-
B,Bv10,5,492,492,normal,RR-corpus_phspaelti,.
B,Bv10,6,054,054,normal,RR-corpus_phspaelti,-
B,Bv10,7,167,167,normal,RR-corpus_phspaelti,-
B,Bv10,8,002,002,normal,RR-corpus_phspaelti,.
B,Bv10,9,010,010,normal,RR-corpus_phspaelti,.
B,Bv10,10,037,037,normal,RR-corpus_phspaelti,-
B,Bv10,11,167,167,normal,RR-corpus_phspaelti,-
B,Bv10,12,727,727,normal,RR-corpus_phspaelti,-
B,Bv10,13,733,733,normal,RR-corpus_phspaelti,-
B,Bv10,14,001,001,normal,RR-corpus_phspaelti,.
B,Bv10,15,200,200,normal,RR-corpus_phspaelti,-
B,Bv10,16,581,581,normal,RR-corpus_phspaelti,.
B,Bv10,17,376,376,normal,RR-corpus_phspaelti,-
B,Bv10,18,022f?,022f?,normal,RR-corpus_phspaelti,-
B,Bv10,19,002,002,normal,RR-corpus_phspaelti,-
B,Bv10,20,022,022,normal,RR-corpus_phspaelti,.
B,Bv10,21,600,600,normal,RR-corpus_phspaelti,-
B,Bv10,22,002,002,normal,RR-corpus_phspaelti,-
B,Bv10,23,022,022,normal,RR-corpus_phspaelti,.
B,Bv10,24,071,071,normal,RR-corpus_phspaelti,-
B,Bv10,25,022,022,normal,RR-corpus_phspaelti,-
B,Bv10,26,002,002,normal,RR-corpus_phspaelti,-
B,Bv10,27,059f,059f,normal,RR-corpus_phspaelti,-
B,Bv10,28,002,002,normal,RR-corpus_phspaelti,-
B,Bv10,29,306s,306s,normal,RR-corpus_phspaelti,-
B,Bv10,30,001,001,normal,RR-corpus_phspaelti,.
B,Bv10,31,062,062,normal,RR-corpus_phspaelti,-
B,Bv10,32,630,630,normal,RR-corpus_phspaelti,-
B,Bv10,33,405,405,normal,RR-corpus_phspaelti,-
B,Bv10,34,600,600,normal,RR-corpus_phspaelti,.
B,Bv10,35,065,065,normal,RR-corpus_phspaelti,-
B,Bv10,36,700?,700?,normal,RR-corpus_phspaelti,-
B,Bv10,37,540,540,normal,RR-corpus_phspaelti,.
B,Bv10,38,700,700,normal,RR-corpus_phspaelti,-
B,Bv10,39,005,005,normal,RR-corpus_phspaelti,-
B,Bv10,40,053,053,normal,RR-corpus_phspaelti,-
B,Bv10,41,002,002,normal,RR-corpus_phspaelti,-
B,Bv10,42,700,700,normal,RR-corpus_phspaelti,:
B,Bv10,43,005,005,normal,RR-corpus_phspaelti,.
B,Bv10,44,061,061,normal,RR-corpus_phspaelti,-
B,Bv10,45,041,041,normal,RR-corpus_phspaelti,.
B,Bv10,46,008,008,normal,RR-corpus_phspaelti,-
B,Bv10,47,042,042,normal,RR-corpus_phspaelti,:
B,Bv10,48,095f,095f,normal,RR-corpus_phspaelti,.
B,Bv10,49,009,009,normal,RR-corpus_phspaelti,-
B,Bv10,50,007,007,normal,RR-corpus_phspaelti,.
B,Bv10,51,010,010,normal,RR-corpus_phspaelti,-
B,Bv10,52,240,240,normal,RR-corpus_phspaelti,.
B,Bv10,53,004,004,normal,RR-corpus_phspaelti,.
B,Bv10,54,064,064,normal,RR-corpus_phspaelti,-
B,Bv10,55,050,050,normal,RR-corpus_phspaelti,-
B,Bv10,56,073,073,normal,RR-corpus_phspaelti,.
B,Bv10,57,006,006,normal,RR-corpus_phspaelti,-
B,Bv10,58,493,493,normal,RR-corpus_phspaelti,-
B,Bv10,59,004,004,normal,RR-corpus_phspaelti,.
B,Bv10,60,064,064,normal,RR-corpus_phspaelti,-
B,Bv10,61,670,670,normal,RR-corpus_phspaelti,-
B,Bv10,62,004,004,normal,RR-corpus_phspaelti,.
B,Bv10,63,064,064,normal,RR-corpus_phspaelti,-
B,Bv10,64,009,009,normal,RR-corpus_phspaelti,:
B,Bv10,65,063,063,normal,RR-corpus_phspaelti,*
B,Bv11,1,384?,384?,normal,RR-corpus_phspaelti,-
B,Bv11,2,264k,264k,normal,RR-corpus_phspaelti,-
B,Bv11,3,027,027,normal,RR-corpus_phspaelti,-
B,Bv11,4,470,470,normal,RR-corpus_phspaelti,-
B,Bv11,5,017t,017t,normal,RR-corpus_phspaelti,-
B,Bv11,6,004,004,normal,RR-corpus_phspaelti,.
B,Bv11,7,064,064,normal,RR-corpus_phspaelti,-
B,Bv11,8,022f,022f,normal,RR-corpus_phspaelti,-
B,Bv11,9,068,068,normal,RR-corpus_phspaelti,-
B,Bv11,10,022f,022f,normal,RR-corpus_phspaelti,-
B,Bv11,11,068,068,normal,RR-corpus_phspaelti,-
B,Bv11,12,395,395,normal,RR-corpus_phspaelti,.
B,Bv11,13,006,006,normal,RR-corpus_phspaelti,.
B,Bv11,14,074,074,normal,RR-corpus_phspaelti,-
B,Bv11,15,004,004,normal,RR-corpus_phspaelti,-
B,Bv11,16,008,008,normal,RR-corpus_phspaelti,-
B,Bv11,17,049f,049f,normal,RR-corpus_phspaelti,.
B,Bv11,18,007,007,normal,RR-corpus_phspaelti,-
B,Bv11,19,001,001,normal,RR-corpus_phspaelti,-
B,Bv11,20,191,191,normal,RR-corpus_phspaelti,.
B,Bv11,21,048,048,normal,RR-corpus_phspaelti,-
B,Bv11,22,380,380,normal,RR-corpus_phspaelti,.
B,Bv11,23,044,044,normal,RR-corpus_phspaelti,-
B,Bv11,24,007,007,normal,RR-corpus_phspaelti,-
B,Bv11,25,520,520,normal,RR-corpus_phspaelti,.
B,Bv11,26,044,044,normal,RR-corpus_phspaelti,-
B,Bv11,27,735,735,normal,RR-corpus_phspaelti,-
B,Bv11,28,415,415,normal,RR-corpus_phspaelti,-
B,Bv11,29,074?,074?,normal,RR-corpus_phspaelti,-
B,Bv11,30,006,006,normal,RR-corpus_phspaelti,.
B,Bv11,31,200?,200?,normal,RR-corpus_phspaelti,-
B,Bv11,32,008,008,normal,RR-corpus_phspaelti,-
B,Bv11,33,005,005,normal,RR-corpus_phspaelti,-
B,Bv11,34,326,326,normal,RR-corpus_phspaelti,-
B,Bv11,35,326,326,normal,RR-corpus_phspaelti,-
B,Bv11,36,755,755,normal,RR-corpus_phspaelti,-
B,Bv11,37,755,755,normal,RR-corpus_phspaelti,-
B,Bv11,38,004,004,normal,RR-corpus_phspaelti,.
B,Bv11,39,052x,052x,normal,RR-corpus_phspaelti,-
B,Bv11,40,459,459,normal,RR-corpus_phspaelti,.
B,Bv11,41,200,200,normal,RR-corpus_phspaelti,.
B,Bv11,42,459,459,normal,RR-corpus_phspaelti,-
B,Bv11,43,079,079,normal,RR-corpus_phspaelti,.
B,Bv11,44,275a,275a,normal,RR-corpus_phspaelti,-
B,Bv11,45,079,079,normal,RR-corpus_phspaelti,.
B,Bv11,46,275a,275a,normal,RR-corpus_phspaelti,-
B,Bv11,47,067,067,normal,RR-corpus_phspaelti,.
B,Bv11,48,067,067,normal,RR-corpus_phspaelti,.
B,Bv11,49,010,010,normal,RR-corpus_phspaelti,-
B,Bv11,50,022f,022f,normal,RR-corpus_phspaelti,.
B,Bv11,51,059f,059f,normal,RR-corpus_phspaelti,-
B,Bv11,52,007,007,normal,RR-corpus_phspaelti,.
B,Bv11,53,052,052,normal,RR-corpus_phspaelti,-
B,Bv11,54,010,010,normal,RR-corpus_phspaelti,.
B,Bv11,55,053,053,normal,RR-corpus_phspaelti,-
B,Bv11,56,007,007,normal,RR-corpus_phspaelti,.
B,Bv11,57,052,052,normal,RR-corpus_phspaelti,-
B,Bv11,58,010,010,normal,RR-corpus_phspaelti,.
B,Bv11,59,053,053,normal,RR-corpus_phspaelti,-
B,Bv11,60,046,046,normal,RR-corpus_phspaelti,-
B,Bv11,61,073,073,normal,RR-corpus_phspaelti,.
B,Bv11,62,006,006,normal,RR-corpus_phspaelti,-
B,Bv11,63,244?,244?,normal,RR-corpus_phspaelti,-
B,Bv11,64,033,033,normal,RR-corpus_phspaelti,:
B,Bv11,65,_,_,normal,RR-corpus_phspaelti,-
B,Bv11,66,002?,002?,normal,RR-corpus_phspaelti,*
B,Bv12,1,_,_,normal,RR-corpus_phspaelti,.
B,Bv12,2,000!,000!,normal,RR-corpus_phspaelti,-
B,Bv12,3,290,290,normal,RR-corpus_phspaelti,.
B,Bv12,4,059f,059f,normal,RR-corpus_phspaelti,-
B,Bv12,5,009,009,normal,RR-corpus_phspaelti,-
B,Bv12,6,000!,000!,normal,RR-corpus_phspaelti,-
B,Bv12,7,020f,020f,normal,RR-corpus_phspaelti,-
B,Bv12,8,030a,030a,normal,RR-corpus_phspaelti,-
B,Bv12,9,004,004,normal,RR-corpus_phspaelti,-
B,Bv12,10,543,543,normal,RR-corpus_phspaelti,-
B,Bv12,11,002,002,normal,RR-corpus_phspaelti,-
B,Bv12,12,050,050,normal,RR-corpus_phspaelti,-
B,Bv12,13,240,240,normal,RR-corpus_phspaelti,.
B,Bv12,14,027,027,normal,RR-corpus_phspaelti,-
B,Bv12,15,073,073,normal,RR-corpus_phspaelti,.
B,Bv12,16,006,006,normal,RR-corpus_phspaelti,-
B,Bv12,17,004,004,normal,RR-corpus_phspaelti,-
B,Bv12,18,522y,522y,normal,RR-corpus_phspaelti,-
B,Bv12,19,700,700,normal,RR-corpus_phspaelti,.
B,Bv12,20,600,600,normal,RR-corpus_phspaelti,-
B,Bv12,21,059f,059f,normal,RR-corpus_phspaelti,-
B,Bv12,22,320,320,normal,RR-corpus_phspaelti,.
B,Bv12,23,004,004,normal,RR-corpus_phspaelti,.
B,Bv12,24,064,064,normal,RR-corpus_phspaelti,-
B,Bv12,25,132,132,normal,RR-corpus_phspaelti,-
B,Bv12,26,059f,059f,normal,RR-corpus_phspaelti,-
B,Bv12,27,073,073,normal,RR-corpus_phspaelti,.
B,Bv12,28,006,006,normal,RR-corpus_phspaelti,-
B,Bv12,29,202,202,normal,RR-corpus_phspaelti,.
B,Bv12,30,003,003,normal,RR-corpus_phspaelti,-
B,Bv12,31,405,405,normal,RR-corpus_phspaelti,.
B,Bv12,32,003,003,normal,RR-corpus_phspaelti,-
B,Bv12,33,065,065,normal,RR-corpus_phspaelti,.
B,Bv12,34,200,200,normal,RR-corpus_phspaelti,.
B,Bv12,35,065,065,normal,RR-corpus_phspaelti,-
B,Bv12,36,044f,044f,normal,RR-corpus_phspaelti,-
B,Bv12,37,073f,073f,normal,RR-corpus_phspaelti,-
B,Bv12,38,060,060,normal,RR-corpus_phspaelti,-
B,Bv12,39,006x,006x,normal,RR-corpus_phspaelti,.
B,Bv12,40,700,700,normal,RR-corpus_phspaelti,-
B,Bv12,41,280,280,normal,RR-corpus_phspaelti,-
B,Bv12,42,011,011,normal,RR-corpus_phspaelti,.
B,Bv12,43,003,003,normal,RR-corpus_phspaelti,-
B,Bv12,44,044f,044f,normal,RR-corpus_phspaelti,.
B,Bv12,45,003,003,normal,RR-corpus_phspaelti,-
B,Bv12,46,014,014,normal,RR-corpus_phspaelti,-
B,Bv12,47,400,400,normal,RR-corpus_phspaelti,.
B,Bv12,48,032,032,normal,RR-corpus_phspaelti,-
B,Bv12,49,000!,000!,normal,RR-corpus_phspaelti,-
B,Bv12,50,400,400,normal,RR-corpus_phspaelti,.
B,Bv12,51,032,032,normal,RR-corpus_phspaelti,-
B,Bv12,52,002,002,normal,RR-corpus_phspaelti,.
B,Bv12,53,003,003,normal,RR-corpus_phspaelti,-
B,Bv12,54,445y,445y,normal,RR-corpus_phspaelti,.
B,Bv12,55,003,003,normal,RR-corpus_phspaelti,-
B,Bv12,56,672,672,normal,RR-corpus_phspaelti,-
B,Bv12,57,065,065,normal,RR-corpus_phspaelti,-
B,Bv12,58,006x,006x,normal,RR-corpus_phspaelti,.
B,Bv12,59,059f,059f,normal,RR-corpus_phspaelti,-
B,Bv12,60,385y,385y,normal,RR-corpus_phspaelti,-
B,Bv12,61,048,048,normal,RR-corpus_phspaelti,-
B,Bv12,62,099,099,normal,RR-corpus_phspaelti,-
B,Bv12,63,207,207,normal,RR-corpus_phspaelti,-
B,Bv12,64,045?,045?,normal,RR-corpus_phspaelti,-
B,Bv12,65,050,050,normal,RR-corpus_phspaelti,*
C,Ca01,1,001,001,normal,RR-corpus_phspaelti,-
C,Ca01,2,009,009,normal,RR-corpus_phspaelti,-
C,Ca01,3,755,755,normal,RR-corpus_phspaelti,-
C,Ca01,4,050,050,normal,RR-corpus_phspaelti,.
C,Ca01,5,010,010,normal,RR-corpus_phspaelti,.
C,Ca01,6,037,037,normal,RR-corpus_phspaelti,-
C,Ca01,7,005,005,normal,RR-corpus_phspaelti,.
C,Ca01,8,037,037,normal,RR-corpus_phspaelti,-
C,Ca01,9,045,045,normal,RR-corpus_phspaelti,-
C,Ca01,10,001,001,normal,RR-corpus_phspaelti,.
C,Ca01,11,291,291,normal,RR-corpus_phspaelti,.
C,Ca01,12,069,069,normal,RR-corpus_phspaelti,-
C,Ca01,13,700,700,normal,RR-corpus_phspaelti,-
C,Ca01,14,290,290,normal,RR-corpus_phspaelti,-
C,Ca01,15,600V,600V,normal,RR-corpus_phspaelti,-
C,Ca01,16,001,001,normal,RR-corpus_phspaelti,-
C,Ca01,17,007,007,normal,RR-corpus_phspaelti,-
C,Ca01,18,600,600,normal,RR-corpus_phspaelti,-
C,Ca01,19,385y,385y,normal,RR-corpus_phspaelti,-
C,Ca01,20,001,001,normal,RR-corpus_phspaelti,-
C,Ca01,21,280,280,normal,RR-corpus_phspaelti,-
C,Ca01,22,001,001,normal,RR-corpus_phspaelti,-
C,Ca01,23,226,226,normal,RR-corpus_phspaelti,.
C,Ca01,24,074f,074f,normal,RR-corpus_phspaelti,-
C,Ca01,25,220,220,normal,RR-corpus_phspaelti,.
C,Ca01,26,011,011,normal,RR-corpus_phspaelti,-
C,Ca01,27,380,380,normal,RR-corpus_phspaelti,.
C,Ca01,28,011,011,normal,RR-corpus_phspaelti,-
C,Ca01,29,002,002,normal,RR-corpus_phspaelti,-
C,Ca01,30,034,034,normal,RR-corpus_phspaelti,-
C,Ca01,31,002,002,normal,RR-corpus_phspaelti,-
C,Ca01,32,034V?,034V?,normal,RR-corpus_phspaelti,-
C,Ca01,33,670,670,normal,RR-corpus_phspaelti,.
C,Ca01,34,010?,010?,normal,RR-corpus_phspaelti,-
C,Ca01,35,_,_,normal,RR-corpus_phspaelti,:
C,Ca01,36,606?,606?,normal,RR-corpus_phspaelti,-
C,Ca01,37,001,001,normal,RR-corpus_phspaelti,-
C,Ca01,38,606?,606?,normal,RR-corpus_phspaelti,-
C,Ca01,39,370,370,normal,RR-corpus_phspaelti,.
C,Ca01,40,050V,050V,normal,RR-corpus_phspaelti,-
C,Ca01,41,009,009,normal,RR-corpus_phspaelti,*
C,Ca02,1,005,005,normal,RR-corpus_phspaelti,:
C,Ca02,2,047,047,normal,RR-corpus_phspaelti,-
C,Ca02,3,206?,206?,normal,RR-corpus_phspaelti,-
C,Ca02,4,001t?,001t?,normal,RR-corpus_phspaelti,-
C,Ca02,5,201,201,normal,RR-corpus_phspaelti,-
C,Ca02,6,001,001,normal,RR-corpus_phspaelti,-
C,Ca02,7,385,385,normal,RR-corpus_phspaelti,.
C,Ca02,8,070,070,normal,RR-corpus_phspaelti,-
C,Ca02,9,225,225,normal,RR-corpus_phspaelti,-
C,Ca02,10,600,600,normal,RR-corpus_phspaelti,-
C,Ca02,11,755,755,normal,RR-corpus_phspaelti,-
C,Ca02,12,215?,215?,normal,RR-corpus_phspaelti,-
C,Ca02,13,770b,770b,normal,RR-corpus_phspaelti,-
C,Ca02,14,370,370,normal,RR-corpus_phspaelti,.
C,Ca02,15,070,070,normal,RR-corpus_phspaelti,-
C,Ca02,16,770b,770b,normal,RR-corpus_phspaelti,-
C,Ca02,17,073,073,normal,RR-corpus_phspaelti,.
C,Ca02,18,006,006,normal,RR-corpus_phspaelti,-
C,Ca02,19,201,201,normal,RR-corpus_phspaelti,-
C,Ca02,20,070,070,normal,RR-corpus_phspaelti,-
C,Ca02,21,091,091,normal,RR-corpus_phspaelti,-
C,Ca02,22,091,091,normal,RR-corpus_phspaelti,-
C,Ca02,23,074,074,normal,RR-corpus_phspaelti,.
C,Ca02,24,062,062,normal,RR-corpus_phspaelti,-
C,Ca02,25,594,594,normal,RR-corpus_phspaelti,.
C,Ca02,26,061,061,normal,RR-corpus_phspaelti,-
C,Ca02,27,070,070,normal,RR-corpus_phspaelti,-
C,Ca02,28,083,083,normal,RR-corpus_phspaelti,-
C,Ca02,29,007,007,normal,RR-corpus_phspaelti,-
C,Ca02,30,061,061,normal,RR-corpus_phspaelti,-
C,Ca02,31,380,380,normal,RR-corpus_phspaelti,.
C,Ca02,32,001,001,normal,RR-corpus_phspaelti,-
C,Ca02,33,067,067,normal,RR-corpus_phspaelti,.
C,Ca02,34,022f,022f,normal,RR-corpus_phspaelti,-
C,Ca02,35,067,067,normal,RR-corpus_phspaelti,.
C,Ca02,36,001,001,normal,RR-corpus_phspaelti,*
C,Ca03,1,380,380,normal,RR-corpus_phspaelti,.
C,Ca03,2,001,001,normal,RR-corpus_phspaelti,-
C,Ca03,3,022f,022f,normal,RR-corpus_phspaelti,-
C,Ca03,4,254,254,normal,RR-corpus_phspaelti,.
C,Ca03,5,063,063,normal,RR-corpus_phspaelti,-
C,Ca03,6,005t,005t,normal,RR-corpus_phspaelti,-
C,Ca03,7,380,380,normal,RR-corpus_phspaelti,.
C,Ca03,8,001,001,normal,RR-corpus_phspaelti,-
C,Ca03,9,022f,022f,normal,RR-corpus_phspaelti,-
C,Ca03,10,243,243,normal,RR-corpus_phspaelti,-
C,Ca03,11,001t,001t,normal,RR-corpus_phspaelti,-
C,Ca03,12,004,004,normal,RR-corpus_phspaelti,.
C,Ca03,13,052x,052x,normal,RR-corpus_phspaelti,-
C,Ca03,14,380,380,normal,RR-corpus_phspaelti,.
C,Ca03,15,001,001,normal,RR-corpus_phspaelti,-
C,Ca03,16,022f,022f,normal,RR-corpus_phspaelti,.
C,Ca03,17,254,254,normal,RR-corpus_phspaelti,-
C,Ca03,18,029,029,normal,RR-corpus_phspaelti,-
C,Ca03,19,074?,074?,normal,RR-corpus_phspaelti,-
C,Ca03,20,017,017,normal,RR-corpus_phspaelti,-
C,Ca03,21,380,380,normal,RR-corpus_phspaelti,.
C,Ca03,22,001,001,normal,RR-corpus_phspaelti,-
C,Ca03,23,022f,022f,normal,RR-corpus_phspaelti,.
C,Ca03,24,252,252,normal,RR-corpus_phspaelti,-
C,Ca03,25,522f,522f,normal,RR-corpus_phspaelti,-
C,Ca03,26,380,380,normal,RR-corpus_phspaelti,.
C,Ca03,27,001,001,normal,RR-corpus_phspaelti,-
C,Ca03,28,022f,022f,normal,RR-corpus_phspaelti,.
C,Ca03,29,254,254,normal,RR-corpus_phspaelti,-
C,Ca03,30,050,050,normal,RR-corpus_phspaelti,.
C,Ca03,31,010,010,normal,RR-corpus_phspaelti,-
C,Ca03,32,079,079,normal,RR-corpus_phspaelti,-
C,Ca03,33,380,380,normal,RR-corpus_phspaelti,.
C,Ca03,34,001,001,normal,RR-corpus_phspaelti,-
C,Ca03,35,286s,286s,normal,RR-corpus_phspaelti,.
C,Ca03,36,002,002,normal,RR-corpus_phspaelti,-
C,Ca03,37,001,001,normal,RR-corpus_phspaelti,-
C,Ca03,38,007,007,normal,RR-corpus_phspaelti,-
C,Ca03,39,290,290,normal,RR-corpus_phspaelti,*
C,Ca04,1,031,031,normal,RR-corpus_phspaelti,-
C,Ca04,2,031,031,normal,RR-corpus_phspaelti,.
C,Ca04,3,003,003,normal,RR-corpus_phspaelti,-
C,Ca04,4,005,005,normal,RR-corpus_phspaelti,-
C,Ca04,5,200,200,normal,RR-corpus_phspaelti,.
C,Ca04,6,066,066,normal,RR-corpus_phspaelti,-
C,Ca04,7,004,004,normal,RR-corpus_phspaelti,.
C,Ca04,8,760,760,normal,RR-corpus_phspaelti,-
C,Ca04,9,065V,065V,normal,RR-corpus_phspaelti,-
C,Ca04,10,200,200,normal,RR-corpus_phspaelti,.
C,Ca04,11,200,200,normal,RR-corpus_phspaelti,.
C,Ca04,12,200,200,normal,RR-corpus_phspaelti,-
C,Ca04,13,400,400,normal,RR-corpus_phspaelti,-
C,Ca04,14,066,066,normal,RR-corpus_phspaelti,-
C,Ca04,15,004,004,normal,RR-corpus_phspaelti,-
C,Ca04,16,760,760,normal,RR-corpus_phspaelti,-
C,Ca04,17,004,004,normal,RR-corpus_phspaelti,-
C,Ca04,18,073f?,073f?,normal,RR-corpus_phspaelti,-
C,Ca04,19,001,001,normal,RR-corpus_phspaelti,-
C,Ca04,20,005,005,normal,RR-corpus_phspaelti,-
C,Ca04,21,048f,048f,normal,RR-corpus_phspaelti,.
C,Ca04,22,001,001,normal,RR-corpus_phspaelti,-
C,Ca04,23,005,005,normal,RR-corpus_phspaelti,-
C,Ca04,24,010f,010f,normal,RR-corpus_phspaelti,.
C,Ca04,25,001,001,normal,RR-corpus_phspaelti,-
C,Ca04,26,005,005,normal,RR-corpus_phspaelti,-
C,Ca04,27,073f?,073f?,normal,RR-corpus_phspaelti,-
C,Ca04,28,777,777,normal,RR-corpus_phspaelti,-
C,Ca04,29,777,777,normal,RR-corpus_phspaelti,-
C,Ca04,30,760,760,normal,RR-corpus_phspaelti,-
C,Ca04,31,608,608,normal,RR-corpus_phspaelti,.
C,Ca04,32,003,003,normal,RR-corpus_phspaelti,-
C,Ca04,33,073f?,073f?,normal,RR-corpus_phspaelti,-
C,Ca04,34,091,091,normal,RR-corpus_phspaelti,-
C,Ca04,35,091,091,normal,RR-corpus_phspaelti,-
C,Ca04,36,730,730,normal,RR-corpus_phspaelti,-
C,Ca04,37,730,730,normal,RR-corpus_phspaelti,*
C,Ca05,1,000!,000!,normal,RR-corpus_phspaelti,.
C,Ca05,2,_,_,normal,RR-corpus_phspaelti,-
C,Ca05,3,005,005,normal,RR-corpus_phspaelti,-
C,Ca05,4,001,001,normal,RR-corpus_phspaelti,-
C,Ca05,5,000!,000!,normal,RR-corpus_phspaelti,-
C,Ca05,6,001,001,normal,RR-corpus_phspaelti,-
C,Ca05,7,073f?,073f?,normal,RR-corpus_phspaelti,.
C,Ca05,8,073f?,073f?,normal,RR-corpus_phspaelti,-
C,Ca05,9,091,091,normal,RR-corpus_phspaelti,-
C,Ca05,10,730,730,normal,RR-corpus_phspaelti,-
C,Ca05,11,730,730,normal,RR-corpus_phspaelti,-
C,Ca05,12,022,022,normal,RR-corpus_phspaelti,-
C,Ca05,13,022,022,normal,RR-corpus_phspaelti,-
C,Ca05,14,041,041,normal,RR-corpus_phspaelti,-
C,Ca05,15,002,002,normal,RR-corpus_phspaelti,-
C,Ca05,16,001,001,normal,RR-corpus_phspaelti,-
C,Ca05,17,036,036,normal,RR-corpus_phspaelti,-
C,Ca05,18,550,550,normal,RR-corpus_phspaelti,-
C,Ca05,19,022f,022f,normal,RR-corpus_phspaelti,-
C,Ca05,20,280,280,normal,RR-corpus_phspaelti,-
C,Ca05,21,385y,385y,normal,RR-corpus_phspaelti,-
C,Ca05,22,385,385,normal,RR-corpus_phspaelti,-
C,Ca05,23,038,038,normal,RR-corpus_phspaelti,-
C,Ca05,24,007,007,normal,RR-corpus_phspaelti,-
C,Ca05,25,600,600,normal,RR-corpus_phspaelti,-
C,Ca05,26,001,001,normal,RR-corpus_phspaelti,-
C,Ca05,27,214,214,normal,RR-corpus_phspaelti,-
C,Ca05,28,700,700,normal,RR-corpus_phspaelti,-
C,Ca05,29,700,700,normal,RR-corpus_phspaelti,-
C,Ca05,30,700,700,normal,RR-corpus_phspaelti,-
C,Ca05,31,408,408,normal,RR-corpus_phspaelti,-
C,Ca05,32,700,700,normal,RR-corpus_phspaelti,-
C,Ca05,33,001,001,normal,RR-corpus_phspaelti,.
C,Ca05,34,214,214,normal,RR-corpus_phspaelti,-
C,Ca05,35,009,009,normal,RR-corpus_phspaelti,:
C,Ca05,36,042,042,normal,RR-corpus_phspaelti,-
C,Ca05,37,081,081,normal,RR-corpus_phspaelti,-
C,Ca05,38,081,081,normal,RR-corpus_phspaelti,-
C,Ca05,39,005,005,normal,RR-corpus_phspaelti,*
C,Ca06,1,005,005,normal,RR-corpus_phspaelti,-
C,Ca06,2,005,005,normal,RR-corpus_phspaelti,-
C,Ca06,3,001,001,normal,RR-corpus_phspaelti,.
C,Ca06,4,006,006,normal,RR-corpus_phspaelti,-
C,Ca06,5,005f,005f,normal,RR-corpus_phspaelti,-
C,Ca06,6,002V?,002V?,normal,RR-corpus_phspaelti,-
C,Ca06,7,002V?,002V?,normal,RR-corpus_phspaelti,-
C,Ca06,8,002V?,002V?,normal,RR-corpus_phspaelti,-
C,Ca06,9,001,001,normal,RR-corpus_phspaelti,.
C,Ca06,10,006,006,normal,RR-corpus_phspaelti,-
C,Ca06,11,381f,381f,normal,RR-corpus_phspaelti,-
C,Ca06,12,381f,381f,normal,RR-corpus_phspaelti,-
C,Ca06,13,381f,381f,normal,RR-corpus_phspaelti,-
C,Ca06,14,001,001,normal,RR-corpus_phspaelti,.
C,Ca06,15,006,006,normal,RR-corpus_phspaelti,-
C,Ca06,16,774,774,normal,RR-corpus_phspaelti,.
C,Ca06,17,067,067,normal,RR-corpus_phspaelti,.
C,Ca06,18,774?,774?,normal,RR-corpus_phspaelti,-
C,Ca06,19,070,070,normal,RR-corpus_phspaelti,-
C,Ca06,20,600V,600V,normal,RR-corpus_phspaelti,-
C,Ca06,21,773,773,normal,RR-corpus_phspaelti,-
C,Ca06,22,280,280,normal,RR-corpus_phspaelti,-
C,Ca06,23,001,001,normal,RR-corpus_phspaelti,.
C,Ca06,24,006,006,normal,RR-corpus_phspaelti,-
C,Ca06,25,390,390,normal,RR-corpus_phspaelti,.
C,Ca06,26,041,041,normal,RR-corpus_phspaelti,-
C,Ca06,27,315y,315y,normal,RR-corpus_phspaelti,-
C,Ca06,28,041,041,normal,RR-corpus_phspaelti,-
C,Ca06,29,670,670,normal,RR-corpus_phspaelti,-
C,Ca06,30,008,008,normal,RR-corpus_phspaelti,.
C,Ca06,31,078,078,normal,RR-corpus_phspaelti,.
C,Ca06,32,711,711,normal,RR-corpus_phspaelti,-
C,Ca06,33,040,040,normal,RR-corpus_phspaelti,.
C,Ca06,34,010,010,normal,RR-corpus_phspaelti,-
C,Ca06,35,040,040,normal,RR-corpus_phspaelti,-
C,Ca06,36,030a,030a,normal,RR-corpus_phspaelti,-
C,Ca06,37,390,390,normal,RR-corpus_phspaelti,.
C,Ca06,38,041,041,normal,RR-corpus_phspaelti,-
C,Ca06,39,375,375,normal,RR-corpus_phspaelti,-
C,Ca06,40,041,041,normal,RR-corpus_phspaelti,-
C,Ca06,41,_,_,normal,RR-corpus_phspaelti,*
C,Ca07,1,_,_,normal,RR-corpus_phspaelti,.
C,Ca07,2,_,_,normal,RR-corpus_phspaelti,-
C,Ca07,3,040,040,normal,RR-corpus_phspaelti,-
C,Ca07,4,040,040,normal,RR-corpus_phspaelti,-
C,Ca07,5,040,040,normal,RR-corpus_phspaelti,-
C,Ca07,6,040,040,normal,RR-corpus_phspaelti,-
C,Ca07,7,040,040,normal,RR-corpus_phspaelti,-
C,Ca07,8,040,040,normal,RR-corpus_phspaelti,-
C,Ca07,9,390,390,normal,RR-corpus_phspaelti,.
C,Ca07,10,041,041,normal,RR-corpus_phspaelti,-
C,Ca07,11,_,_,normal,RR-corpus_phspaelti,.
C,Ca07,12,378,378,normal,RR-corpus_phspaelti,-
C,Ca07,13,041,041,normal,RR-corpus_phspaelti,-
C,Ca07,14,670,670,normal,RR-corpus_phspaelti,-
C,Ca07,15,008,008,normal,RR-corpus_phspaelti,.
C,Ca07,16,078,078,normal,RR-corpus_phspaelti,.
C,Ca07,17,711,711,normal,RR-corpus_phspaelti,-
C,Ca07,18,040,040,normal,RR-corpus_phspaelti,-
C,Ca07,19,074f,074f,normal,RR-corpus_phspaelti,.
C,Ca07,20,040,040,normal,RR-corpus_phspaelti,-
C,Ca07,21,059f,059f,normal,RR-corpus_phspaelti,-
C,Ca07,22,040,040,normal,RR-corpus_phspaelti,-
C,Ca07,23,390,390,normal,RR-corpus_phspaelti,.
C,Ca07,24,041,041,normal,RR-corpus_phspaelti,-
C,Ca07,25,378y,378y,normal,RR-corpus_phspaelti,-
C,Ca07,26,041h,041h,normal,RR-corpus_phspaelti,-
C,Ca07,27,670,670,normal,RR-corpus_phspaelti,-
C,Ca07,28,008,008,normal,RR-corpus_phspaelti,.
C,Ca07,29,078,078,normal,RR-corpus_phspaelti,.
C,Ca07,30,711,711,normal,RR-corpus_phspaelti,-
C,Ca07,31,044,044,normal,RR-corpus_phspaelti,.
C,Ca07,32,040,040,normal,RR-corpus_phspaelti,-
C,Ca07,33,040,040,normal,RR-corpus_phspaelti,-
C,Ca07,34,143,143,normal,RR-corpus_phspaelti,-
C,Ca07,35,152,152,normal,RR-corpus_phspaelti,-
C,Ca07,36,390,390,normal,RR-corpus_phspaelti,:
C,Ca07,37,600,600,normal,RR-corpus_phspaelti,.
C,Ca07,38,041,041,normal,RR-corpus_phspaelti,-
C,Ca07,39,378y,378y,normal,RR-corpus_phspaelti,-
C,Ca07,40,041,041,normal,RR-corpus_phspaelti,-
C,Ca07,41,670y,670y,normal,RR-corpus_phspaelti,-
C,Ca07,42,008,008,normal,RR-corpus_phspaelti,-
C,Ca07,43,078,078,normal,RR-corpus_phspaelti,.
C,Ca07,44,711,711,normal,RR-corpus_phspaelti,-
C,Ca07,45,040,040,normal,RR-corpus_phspaelti,-
C,Ca07,46,040,040,normal,RR-corpus_phspaelti,*
C,Ca08,1,040,040,normal,RR-corpus_phspaelti,-
C,Ca08,2,040,040,normal,RR-corpus_phspaelti,-
C,Ca08,3,040,040,normal,RR-corpus_phspaelti,-
C,Ca08,4,390,390,normal,RR-corpus_phspaelti,.
C,Ca08,5,041,041,normal,RR-corpus_phspaelti,-
C,Ca08,6,378y,378y,normal,RR-corpus_phspaelti,-
C,Ca08,7,041h,041h,normal,RR-corpus_phspaelti,-
C,Ca08,8,670,670,normal,RR-corpus_phspaelti,-
C,Ca08,9,008,008,normal,RR-corpus_phspaelti,.
C,Ca08,10,078,078,normal,RR-corpus_phspaelti,.
C,Ca08,11,711,711,normal,RR-corpus_phspaelti,-
C,Ca08,12,040,040,normal,RR-corpus_phspaelti,-
C,Ca08,13,040,040,normal,RR-corpus_phspaelti,-
C,Ca08,14,003,003,normal,RR-corpus_phspaelti,.
C,Ca08,15,040,040,normal,RR-corpus_phspaelti,-
C,Ca08,16,390,390,normal,RR-corpus_phspaelti,.
C,Ca08,17,041,041,normal,RR-corpus_phspaelti,-
C,Ca08,18,378y,378y,normal,RR-corpus_phspaelti,-
C,Ca08,19,041,041,normal,RR-corpus_phspaelti,-
C,Ca08,20,670,670,normal,RR-corpus_phspaelti,-
C,Ca08,21,008,008,normal,RR-corpus_phspaelti,.
C,Ca08,22,078,078,normal,RR-corpus_phspaelti,.
C,Ca08,23,711,711,normal,RR-corpus_phspaelti,-
C,Ca08,24,600,600,normal,RR-corpus_phspaelti,-
C,Ca08,25,040,040,normal,RR-corpus_phspaelti,-
C,Ca08,26,040,040,normal,RR-corpus_phspaelti,-
C,Ca08,27,040,040,normal,RR-corpus_phspaelti,-
C,Ca08,28,040,040,normal,RR-corpus_phspaelti,-
C,Ca08,29,040,040,normal,RR-corpus_phspaelti,-
C,Ca08,30,390,390,normal,RR-corpus_phspaelti,.
C,Ca08,31,041,041,normal,RR-corpus_phspaelti,-
C,Ca08,32,378y,378y,normal,RR-corpus_phspaelti,-
C,Ca08,33,041,041,normal,RR-corpus_phspaelti,-
C,Ca08,34,670,670,normal,RR-corpus_phspaelti,-
C,Ca08,35,008,008,normal,RR-corpus_phspaelti,.
C,Ca08,36,078,078,normal,RR-corpus_phspaelti,.
C,Ca08,37,711,711,normal,RR-corpus_phspaelti,-
C,Ca08,38,280,280,normal,RR-corpus_phspaelti,-
C,Ca08,39,385y,385y,normal,RR-corpus_phspaelti,-
C,Ca08,40,385,385,normal,RR-corpus_phspaelti,*
C,Ca09,1,040,040,normal,RR-corpus_phspaelti,-
C,Ca09,2,040,040,normal,RR-corpus_phspaelti,-
C,Ca09,3,520,520,normal,RR-corpus_phspaelti,-
C,Ca09,4,070,070,normal,RR-corpus_phspaelti,-
C,Ca09,5,670,670,normal,RR-corpus_phspaelti,-
C,Ca09,6,670,670,normal,RR-corpus_phspaelti,-
C,Ca09,7,637,637,normal,RR-corpus_phspaelti,-
C,Ca09,8,034V,034V,normal,RR-corpus_phspaelti,-
C,Ca09,9,017,017,normal,RR-corpus_phspaelti,-
C,Ca09,10,325y,325y,normal,RR-corpus_phspaelti,-
C,Ca09,11,041,041,normal,RR-corpus_phspaelti,-
C,Ca09,12,630,630,normal,RR-corpus_phspaelti,-
C,Ca09,13,054,054,normal,RR-corpus_phspaelti,-
C,Ca09,14,630,630,normal,RR-corpus_phspaelti,-
C,Ca09,15,047,047,normal,RR-corpus_phspaelti,-
C,Ca09,16,006,006,normal,RR-corpus_phspaelti,.
C,Ca09,17,011,011,normal,RR-corpus_phspaelti,-
C,Ca09,18,003,003,normal,RR-corpus_phspaelti,.
C,Ca09,19,299,299,normal,RR-corpus_phspaelti,-
C,Ca09,20,002,002,normal,RR-corpus_phspaelti,-
C,Ca09,21,002,002,normal,RR-corpus_phspaelti,-
C,Ca09,22,200,200,normal,RR-corpus_phspaelti,-
C,Ca09,23,215,215,normal,RR-corpus_phspaelti,.
C,Ca09,24,002,002,normal,RR-corpus_phspaelti,-
C,Ca09,25,010,010,normal,RR-corpus_phspaelti,.
C,Ca09,26,002,002,normal,RR-corpus_phspaelti,-
C,Ca09,27,005,005,normal,RR-corpus_phspaelti,-
C,Ca09,28,002,002,normal,RR-corpus_phspaelti,-
C,Ca09,29,069,069,normal,RR-corpus_phspaelti,-
C,Ca09,30,002,002,normal,RR-corpus_phspaelti,-
C,Ca09,31,200,200,normal,RR-corpus_phspaelti,.
C,Ca09,32,200,200,normal,RR-corpus_phspaelti,.
C,Ca09,33,205,205,normal,RR-corpus_phspaelti,*
C,Ca10,1,002,002,normal,RR-corpus_phspaelti,-
C,Ca10,2,002,002,normal,RR-corpus_phspaelti,-
C,Ca10,3,052x,052x,normal,RR-corpus_phspaelti,.
C,Ca10,4,073f,073f,normal,RR-corpus_phspaelti,-
C,Ca10,5,384,384,normal,RR-corpus_phspaelti,.
C,Ca10,6,002,002,normal,RR-corpus_phspaelti,-
C,Ca10,7,481,481,normal,RR-corpus_phspaelti,.
C,Ca10,8,002,002,normal,RR-corpus_phspaelti,-
C,Ca10,9,073f?,073f?,normal,RR-corpus_phspaelti,-
C,Ca10,10,070,070,normal,RR-corpus_phspaelti,-
C,Ca10,11,760,760,normal,RR-corpus_phspaelti,-
C,Ca10,12,040,040,normal,RR-corpus_phspaelti,-
C,Ca10,13,006,006,normal,RR-corpus_phspaelti,-
C,Ca10,14,400,400,normal,RR-corpus_phspaelti,-
C,Ca10,15,047,047,normal,RR-corpus_phspaelti,-
C,Ca10,16,072,072,normal,RR-corpus_phspaelti,.
C,Ca10,17,002,002,normal,RR-corpus_phspaelti,-
C,Ca10,18,072,072,normal,RR-corpus_phspaelti,.
C,Ca10,19,002,002,normal,RR-corpus_phspaelti,-
C,Ca10,20,010f,010f,normal,RR-corpus_phspaelti,.
C,Ca10,21,070,070,normal,RR-corpus_phspaelti,-
C,Ca10,22,760,760,normal,RR-corpus_phspaelti,-
C,Ca10,23,040,040,normal,RR-corpus_phspaelti,-
C,Ca10,24,006,006,normal,RR-corpus_phspaelti,-
C,Ca10,25,400,400,normal,RR-corpus_phspaelti,-
C,Ca10,26,002,002,normal,RR-corpus_phspaelti,-
C,Ca10,27,002,002,normal,RR-corpus_phspaelti,-
C,Ca10,28,010f,010f,normal,RR-corpus_phspaelti,.
C,Ca10,29,070,070,normal,RR-corpus_phspaelti,-
C,Ca10,30,760,760,normal,RR-corpus_phspaelti,-
C,Ca10,31,040,040,normal,RR-corpus_phspaelti,-
C,Ca10,32,006,006,normal,RR-corpus_phspaelti,-
C,Ca10,33,430,430,normal,RR-corpus_phspaelti,-
C,Ca10,34,047,047,normal,RR-corpus_phspaelti,-
C,Ca10,35,002,002,normal,RR-corpus_phspaelti,-
C,Ca10,36,290,290,normal,RR-corpus_phspaelti,*
C,Ca11,1,002,002,normal,RR-corpus_phspaelti,-
C,Ca11,2,002,002,normal,RR-corpus_phspaelti,-
C,Ca11,3,290,290,normal,RR-corpus_phspaelti,-
C,Ca11,4,010f,010f,normal,RR-corpus_phspaelti,.
C,Ca11,5,070,070,normal,RR-corpus_phspaelti,-
C,Ca11,6,760,760,normal,RR-corpus_phspaelti,-
C,Ca11,7,040,040,normal,RR-corpus_phspaelti,-
C,Ca11,8,006,006,normal,RR-corpus_phspaelti,-
C,Ca11,9,400,400,normal,RR-corpus_phspaelti,-
C,Ca11,10,047,047,normal,RR-corpus_phspaelti,-
C,Ca11,11,002,002,normal,RR-corpus_phspaelti,-
C,Ca11,12,002,002,normal,RR-corpus_phspaelti,-
C,Ca11,13,002,002,normal,RR-corpus_phspaelti,-
C,Ca11,14,290,290,normal,RR-corpus_phspaelti,-
C,Ca11,15,002,002,normal,RR-corpus_phspaelti,-
C,Ca11,16,010f,010f,normal,RR-corpus_phspaelti,.
C,Ca11,17,070,070,normal,RR-corpus_phspaelti,-
C,Ca11,18,760,760,normal,RR-corpus_phspaelti,-
C,Ca11,19,040,040,normal,RR-corpus_phspaelti,-
C,Ca11,20,006,006,normal,RR-corpus_phspaelti,-
C,Ca11,21,430,430,normal,RR-corpus_phspaelti,-
C,Ca11,22,047,047,normal,RR-corpus_phspaelti,-
C,Ca11,23,002,002,normal,RR-corpus_phspaelti,-
C,Ca11,24,004,004,normal,RR-corpus_phspaelti,-
C,Ca11,25,760,760,normal,RR-corpus_phspaelti,-
C,Ca11,26,002,002,normal,RR-corpus_phspaelti,-
C,Ca11,27,002,002,normal,RR-corpus_phspaelti,-
C,Ca11,28,004,004,normal,RR-corpus_phspaelti,-
C,Ca11,29,760,760,normal,RR-corpus_phspaelti,-
C,Ca11,30,002,002,normal,RR-corpus_phspaelti,-
C,Ca11,31,002,002,normal,RR-corpus_phspaelti,-
C,Ca11,32,002,002,normal,RR-corpus_phspaelti,-
C,Ca11,33,004,004,normal,RR-corpus_phspaelti,.
C,Ca11,34,763,763,normal,RR-corpus_phspaelti,-
C,Ca11,35,002,002,normal,RR-corpus_phspaelti,-
C,Ca11,36,010f,010f,normal,RR-corpus_phspaelti,.
C,Ca11,37,070,070,normal,RR-corpus_phspaelti,*
C,Ca12,1,760,760,normal,RR-corpus_phspaelti,-
C,Ca12,2,040,040,normal,RR-corpus_phspaelti,-
C,Ca12,3,006,006,normal,RR-corpus_phspaelti,-
C,Ca12,4,430y,430y,normal,RR-corpus_phspaelti,-
C,Ca12,5,047,047,normal,RR-corpus_phspaelti,-
C,Ca12,6,222,222,normal,RR-corpus_phspaelti,-
C,Ca12,7,002,002,normal,RR-corpus_phspaelti,-
C,Ca12,8,047,047,normal,RR-corpus_phspaelti,-
C,Ca12,9,060,060,normal,RR-corpus_phspaelti,-
C,Ca12,10,010,010,normal,RR-corpus_phspaelti,.
C,Ca12,11,008,008,normal,RR-corpus_phspaelti,-
C,Ca12,12,326,326,normal,RR-corpus_phspaelti,-
C,Ca12,13,275,275,normal,RR-corpus_phspaelti,.
C,Ca12,14,008,008,normal,RR-corpus_phspaelti,-
C,Ca12,15,060,060,normal,RR-corpus_phspaelti,-
C,Ca12,16,070,070,normal,RR-corpus_phspaelti,-
C,Ca12,17,050,050,normal,RR-corpus_phspaelti,-
C,Ca12,18,060,060,normal,RR-corpus_phspaelti,-
C,Ca12,19,028,028,normal,RR-corpus_phspaelti,-
C,Ca12,20,060,060,normal,RR-corpus_phspaelti,-
C,Ca12,21,383,383,normal,RR-corpus_phspaelti,.
C,Ca12,22,094b,094b,normal,RR-corpus_phspaelti,-
C,Ca12,23,481,481,normal,RR-corpus_phspaelti,-
C,Ca12,24,067,067,normal,RR-corpus_phspaelti,-
C,Ca12,25,002,002,normal,RR-corpus_phspaelti,-
C,Ca12,26,041,041,normal,RR-corpus_phspaelti,-
C,Ca12,27,020f,020f,normal,RR-corpus_phspaelti,-
C,Ca12,28,060,060,normal,RR-corpus_phspaelti,-
C,Ca12,29,067,067,normal,RR-corpus_phspaelti,.
C,Ca12,30,075,075,normal,RR-corpus_phspaelti,-
C,Ca12,31,067,067,normal,RR-corpus_phspaelti,.
C,Ca12,32,064?,064?,normal,RR-corpus_phspaelti,-
C,Ca12,33,545,545,normal,RR-corpus_phspaelti,*
C,Ca13,1,049,049,normal,RR-corpus_phspaelti,.
C,Ca13,2,006,006,normal,RR-corpus_phspaelti,-
C,Ca13,3,049,049,normal,RR-corpus_phspaelti,.
C,Ca13,4,006,006,normal,RR-corpus_phspaelti,-
C,Ca13,5,670,670,normal,RR-corpus_phspaelti,-
C,Ca13,6,306,306,normal,RR-corpus_phspaelti,.
C,Ca13,7,003,003,normal,RR-corpus_phspaelti,-
C,Ca13,8,226,226,normal,RR-corpus_phspaelti,.
C,Ca13,9,003,003,normal,RR-corpus_phspaelti,-
C,Ca13,10,206s,206s,normal,RR-corpus_phspaelti,-
C,Ca13,11,607,607,normal,RR-corpus_phspaelti,-
C,Ca13,12,486,486,normal,RR-corpus_phspaelti,.
C,Ca13,13,108,108,normal,RR-corpus_phspaelti,-
C,Ca13,14,069,069,normal,RR-corpus_phspaelti,.
C,Ca13,15,107,107,normal,RR-corpus_phspaelti,-
C,Ca13,16,046,046,normal,RR-corpus_phspaelti,-
C,Ca13,17,200,200,normal,RR-corpus_phspaelti,.
C,Ca13,18,200,200,normal,RR-corpus_phspaelti,.
C,Ca13,19,200,200,normal,RR-corpus_phspaelti,.
C,Ca13,20,022f?,022f?,normal,RR-corpus_phspaelti,-
C,Ca13,21,003,003,normal,RR-corpus_phspaelti,.
C,Ca13,22,084,084,normal,RR-corpus_phspaelti,.
C,Ca13,23,003,003,normal,RR-corpus_phspaelti,-
C,Ca13,24,207,207,normal,RR-corpus_phspaelti,.
C,Ca13,25,003,003,normal,RR-corpus_phspaelti,-
C,Ca13,26,085,085,normal,RR-corpus_phspaelti,.
C,Ca13,27,010f,010f,normal,RR-corpus_phspaelti,-
C,Ca13,28,067,067,normal,RR-corpus_phspaelti,-
C,Ca13,29,060,060,normal,RR-corpus_phspaelti,-
C,Ca13,30,200,200,normal,RR-corpus_phspaelti,.
C,Ca13,31,000!,000!,normal,RR-corpus_phspaelti,:
C,Ca13,32,_,_,normal,RR-corpus_phspaelti,-
C,Ca13,33,520f,520f,normal,RR-corpus_phspaelti,-
C,Ca13,34,088,088,normal,RR-corpus_phspaelti,-
C,Ca13,35,_,_,normal,RR-corpus_phspaelti,*
C,Ca14,1,_,_,normal,RR-corpus_phspaelti,-
C,Ca14,2,000!,000!,normal,RR-corpus_phspaelti,-
C,Ca14,3,000!,000!,normal,RR-corpus_phspaelti,.
C,Ca14,4,001,001,normal,RR-corpus_phspaelti,.
C,Ca14,5,063,063,normal,RR-corpus_phspaelti,-
C,Ca14,6,001,001,normal,RR-corpus_phspaelti,-
C,Ca14,7,670,670,normal,RR-corpus_phspaelti,-
C,Ca14,8,003,003,normal,RR-corpus_phspaelti,.
C,Ca14,9,022f,022f,normal,RR-corpus_phspaelti,.
C,Ca14,10,003,003,normal,RR-corpus_phspaelti,-
C,Ca14,11,057,057,normal,RR-corpus_phspaelti,-
C,Ca14,12,003,003,normal,RR-corpus_phspaelti,.
C,Ca14,13,024,024,normal,RR-corpus_phspaelti,.
C,Ca14,14,003,003,normal,RR-corpus_phspaelti,-
C,Ca14,15,086,086,normal,RR-corpus_phspaelti,.
C,Ca14,16,001,001,normal,RR-corpus_phspaelti,-
C,Ca14,17,047,047,normal,RR-corpus_phspaelti,-
C,Ca14,18,003,003,normal,RR-corpus_phspaelti,-
C,Ca14,19,001,001,normal,RR-corpus_phspaelti,-
C,Ca14,20,064,064,normal,RR-corpus_phspaelti,-
C,Ca14,21,065f,065f,normal,RR-corpus_phspaelti,-
C,Ca14,22,086,086,normal,RR-corpus_phspaelti,-
C,Ca14,23,001,001,normal,RR-corpus_phspaelti,-
C,Ca14,24,380,380,normal,RR-corpus_phspaelti,.
C,Ca14,25,001,001,normal,RR-corpus_phspaelti,-
C,Ca14,26,290,290,normal,RR-corpus_phspaelti,-
C,Ca14,27,001,001,normal,RR-corpus_phspaelti,-
C,Ca14,28,290,290,normal,RR-corpus_phspaelti,-
C,Ca14,29,020,020,normal,RR-corpus_phspaelti,-
C,Ca14,30,290,290,normal,RR-corpus_phspaelti,-
C,Ca14,31,095f,095f,normal,RR-corpus_phspaelti,-
C,Ca14,32,001,001,normal,RR-corpus_phspaelti,-
C,Ca14,33,290,290,normal,RR-corpus_phspaelti,-
C,Ca14,34,683,683,normal,RR-corpus_phspaelti,-
C,Ca14,35,001,001,normal,RR-corpus_phspaelti,-
C,Ca14,36,290,290,normal,RR-corpus_phspaelti,-
C,Ca14,37,_,_,normal,RR-corpus_phspaelti,*
C,Cb01,1,001,001,normal,RR-corpus_phspaelti,-
C,Cb01,2,280,280,normal,RR-corpus_phspaelti,-
C,Cb01,3,005,005,normal,RR-corpus_phspaelti,-
C,Cb01,4,001,001,normal,RR-corpus_phspaelti,-
C,Cb01,5,003,003,normal,RR-corpus_phspaelti,-
C,Cb01,6,057,057,normal,RR-corpus_phspaelti,-
C,Cb01,7,001,001,normal,RR-corpus_phspaelti,-
C,Cb01,8,003,003,normal,RR-corpus_phspaelti,-
C,Cb01,9,001f,001f,normal,RR-corpus_phspaelti,.
C,Cb01,10,_,_,normal,RR-corpus_phspaelti,-
C,Cb01,11,003,003,normal,RR-corpus_phspaelti,.
C,Cb01,12,001,001,normal,RR-corpus_phspaelti,.
C,Cb01,13,003,003,normal,RR-corpus_phspaelti,-
C,Cb01,14,020,020,normal,RR-corpus_phspaelti,.
C,Cb01,15,003,003,normal,RR-corpus_phspaelti,-
C,Cb01,16,001,001,normal,RR-corpus_phspaelti,.
C,Cb01,17,052,052,normal,RR-corpus_phspaelti,-
C,Cb01,18,003,003,normal,RR-corpus_phspaelti,.
C,Cb01,19,001,001,normal,RR-corpus_phspaelti,-
C,Cb01,20,001,001,normal,RR-corpus_phspaelti,.
C,Cb01,21,062,062,normal,RR-corpus_phspaelti,-
C,Cb01,22,630,630,normal,RR-corpus_phspaelti,-
C,Cb01,23,605,605,normal,RR-corpus_phspaelti,.
C,Cb01,24,009,009,normal,RR-corpus_phspaelti,-
C,Cb01,25,095,095,normal,RR-corpus_phspaelti,-
C,Cb01,26,095,095,normal,RR-corpus_phspaelti,-
C,Cb01,27,205,205,normal,RR-corpus_phspaelti,-
C,Cb01,28,067,067,normal,RR-corpus_phspaelti,-
C,Cb01,29,522,522,normal,RR-corpus_phspaelti,-
C,Cb01,30,006,006,normal,RR-corpus_phspaelti,.
C,Cb01,31,074?,074?,normal,RR-corpus_phspaelti,-
C,Cb01,32,311,311,normal,RR-corpus_phspaelti,.
C,Cb01,33,071,071,normal,RR-corpus_phspaelti,-
C,Cb01,34,670,670,normal,RR-corpus_phspaelti,-
C,Cb01,35,002,002,normal,RR-corpus_phspaelti,-
C,Cb01,36,095,095,normal,RR-corpus_phspaelti,-
C,Cb01,37,755?,755?,normal,RR-corpus_phspaelti,-
C,Cb01,38,006,006,normal,RR-corpus_phspaelti,-
C,Cb01,39,000!,000!,normal,RR-corpus_phspaelti,-
C,Cb01,40,053?,053?,normal,RR-corpus_phspaelti,-
C,Cb01,41,_,_,normal,RR-corpus_phspaelti,*
C,Cb02,1,280,280,normal,RR-corpus_phspaelti,-
C,Cb02,2,005,005,normal,RR-corpus_phspaelti,-
C,Cb02,3,280,280,normal,RR-corpus_phspaelti,.
C,Cb02,4,003,003,normal,RR-corpus_phspaelti,-
C,Cb02,5,053,053,normal,RR-corpus_phspaelti,-
C,Cb02,6,207,207,normal,RR-corpus_phspaelti,-
C,Cb02,7,020f,020f,normal,RR-corpus_phspaelti,-
C,Cb02,8,041,041,normal,RR-corpus_phspaelti,-
C,Cb02,9,380,380,normal,RR-corpus_phspaelti,.
C,Cb02,10,001,001,normal,RR-corpus_phspaelti,-
C,Cb02,11,067,067,normal,RR-corpus_phspaelti,.
C,Cb02,12,010f,010f,normal,RR-corpus_phspaelti,-
C,Cb02,13,067,067,normal,RR-corpus_phspaelti,-
C,Cb02,14,730,730,normal,RR-corpus_phspaelti,-
C,Cb02,15,670,670,normal,RR-corpus_phspaelti,-
C,Cb02,16,001,001,normal,RR-corpus_phspaelti,-
C,Cb02,17,631,631,normal,RR-corpus_phspaelti,-
C,Cb02,18,571,571,normal,RR-corpus_phspaelti,-
C,Cb02,19,700,700,normal,RR-corpus_phspaelti,-
C,Cb02,20,380,380,normal,RR-corpus_phspaelti,.
C,Cb02,21,001,001,normal,RR-corpus_phspaelti,-
C,Cb02,22,600,600,normal,RR-corpus_phspaelti,.
C,Cb02,23,064,064,normal,RR-corpus_phspaelti,-
C,Cb02,24,400,400,normal,RR-corpus_phspaelti,-
C,Cb02,25,064,064,normal,RR-corpus_phspaelti,-
C,Cb02,26,660y,660y,normal,RR-corpus_phspaelti,-
C,Cb02,27,064h,064h,normal,RR-corpus_phspaelti,-
C,Cb02,28,660,660,normal,RR-corpus_phspaelti,-
C,Cb02,29,380,380,normal,RR-corpus_phspaelti,.
C,Cb02,30,001,001,normal,RR-corpus_phspaelti,-
C,Cb02,31,370,370,normal,RR-corpus_phspaelti,-
C,Cb02,32,379,379,normal,RR-corpus_phspaelti,.
C,Cb02,33,013,013,normal,RR-corpus_phspaelti,-
C,Cb02,34,379,379,normal,RR-corpus_phspaelti,.
C,Cb02,35,013,013,normal,RR-corpus_phspaelti,*
C,Cb03,1,000!,000!,normal,RR-corpus_phspaelti,-
C,Cb03,2,001?,001?,normal,RR-corpus_phspaelti,.
C,Cb03,3,006,006,normal,RR-corpus_phspaelti,-
C,Cb03,4,380,380,normal,RR-corpus_phspaelti,.
C,Cb03,5,001,001,normal,RR-corpus_phspaelti,-
C,Cb03,6,001,001,normal,RR-corpus_phspaelti,.
C,Cb03,7,072,072,normal,RR-corpus_phspaelti,-
C,Cb03,8,077,077,normal,RR-corpus_phspaelti,-
C,Cb03,9,027,027,normal,RR-corpus_phspaelti,.
C,Cb03,10,711,711,normal,RR-corpus_phspaelti,-
C,Cb03,11,380,380,normal,RR-corpus_phspaelti,.
C,Cb03,12,001,001,normal,RR-corpus_phspaelti,-
C,Cb03,13,003,003,normal,RR-corpus_phspaelti,.
C,Cb03,14,254,254,normal,RR-corpus_phspaelti,-
C,Cb03,15,010?,010?,normal,RR-corpus_phspaelti,.
C,Cb03,16,430,430,normal,RR-corpus_phspaelti,-
C,Cb03,17,254,254,normal,RR-corpus_phspaelti,-
C,Cb03,18,097a,097a,normal,RR-corpus_phspaelti,-
C,Cb03,19,001,001,normal,RR-corpus_phspaelti,-
C,Cb03,20,380,380,normal,RR-corpus_phspaelti,.
C,Cb03,21,001,001,normal,RR-corpus_phspaelti,-
C,Cb03,22,607,607,normal,RR-corpus_phspaelti,-
C,Cb03,23,255,255,normal,RR-corpus_phspaelti,-
C,Cb03,24,380,380,normal,RR-corpus_phspaelti,.
C,Cb03,25,001,001,normal,RR-corpus_phspaelti,-
C,Cb03,26,001,001,normal,RR-corpus_phspaelti,.
C,Cb03,27,062f,062f,normal,RR-corpus_phspaelti,-
C,Cb03,28,001,001,normal,RR-corpus_phspaelti,.
C,Cb03,29,008,008,normal,RR-corpus_phspaelti,-
C,Cb03,30,001,001,normal,RR-corpus_phspaelti,.
C,Cb03,31,062f,062f,normal,RR-corpus_phspaelti,-
C,Cb03,32,001,001,normal,RR-corpus_phspaelti,.
C,Cb03,33,062fx,062fx,normal,RR-corpus_phspaelti,-
C,Cb03,34,380,380,normal,RR-corpus_phspaelti,.
C,Cb03,35,001,001,normal,RR-corpus_phspaelti,-
C,Cb03,36,607,607,normal,RR-corpus_phspaelti,-
C,Cb03,37,001,001,normal,RR-corpus_phspaelti,.
C,Cb03,38,607,607,normal,RR-corpus_phspaelti,*
C,Cb04,1,607,607,normal,RR-corpus_phspaelti,-
C,Cb04,2,380,380,normal,RR-corpus_phspaelti,.
C,Cb04,3,001,001,normal,RR-corpus_phspaelti,-
C,Cb04,4,090,090,normal,RR-corpus_phspaelti,-
C,Cb04,5,001,001,normal,RR-corpus_phspaelti,-
C,Cb04,6,007,007,normal,RR-corpus_phspaelti,-
C,Cb04,7,053,053,normal,RR-corpus_phspaelti,-
C,Cb04,8,380,380,normal,RR-corpus_phspaelti,.
C,Cb04,9,001,001,normal,RR-corpus_phspaelti,-
C,Cb04,10,605,605,normal,RR-corpus_phspaelti,.
C,Cb04,11,700x,700x,normal,RR-corpus_phspaelti,-
C,Cb04,12,605,605,normal,RR-corpus_phspaelti,.
C,Cb04,13,700x,700x,normal,RR-corpus_phspaelti,-
C,Cb04,14,605,605,normal,RR-corpus_phspaelti,.
C,Cb04,15,700x,700x,normal,RR-corpus_phspaelti,-
C,Cb04,16,670,670,normal,RR-corpus_phspaelti,-
C,Cb04,17,380,380,normal,RR-corpus_phspaelti,.
C,Cb04,18,001,001,normal,RR-corpus_phspaelti,-
C,Cb04,19,660,660,normal,RR-corpus_phspaelti,.
C,Cb04,20,005,005,normal,RR-corpus_phspaelti,-
C,Cb04,21,064h,064h,normal,RR-corpus_phspaelti,-
C,Cb04,22,660,660,normal,RR-corpus_phspaelti,.
C,Cb04,23,005,005,normal,RR-corpus_phspaelti,-
C,Cb04,24,064h,064h,normal,RR-corpus_phspaelti,-
C,Cb04,25,660,660,normal,RR-corpus_phspaelti,.
C,Cb04,26,005,005,normal,RR-corpus_phspaelti,-
C,Cb04,27,380,380,normal,RR-corpus_phspaelti,.
C,Cb04,28,001,001,normal,RR-corpus_phspaelti,-
C,Cb04,29,040,040,normal,RR-corpus_phspaelti,-
C,Cb04,30,040,040,normal,RR-corpus_phspaelti,-
C,Cb04,31,042,042,normal,RR-corpus_phspaelti,:
C,Cb04,32,095,095,normal,RR-corpus_phspaelti,-
C,Cb04,33,056,056,normal,RR-corpus_phspaelti,-
C,Cb04,34,430,430,normal,RR-corpus_phspaelti,-
C,Cb04,35,245?,245?,normal,RR-corpus_phspaelti,-
C,Cb04,36,003,003,normal,RR-corpus_phspaelti,.
C,Cb04,37,255?,255?,normal,RR-corpus_phspaelti,.
C,Cb04,38,003,003,normal,RR-corpus_phspaelti,*
C,Cb05,1,009,009,normal,RR-corpus_phspaelti,-
C,Cb05,2,431,431,normal,RR-corpus_phspaelti,.
C,Cb05,3,009,009,normal,RR-corpus_phspaelti,-
C,Cb05,4,190,190,normal,RR-corpus_phspaelti,.
C,Cb05,5,003,003,normal,RR-corpus_phspaelti,-
C,Cb05,6,665,665,normal,RR-corpus_phspaelti,.
C,Cb05,7,052,052,normal,RR-corpus_phspaelti,-
C,Cb05,8,094a,094a,normal,RR-corpus_phspaelti,-
C,Cb05,9,081,081,normal,RR-corpus_phspaelti,-
C,Cb05,10,003,003,normal,RR-corpus_phspaelti,.
C,Cb05,11,354,354,normal,RR-corpus_phspaelti,.
C,Cb05,12,003,003,normal,RR-corpus_phspaelti,-
C,Cb05,13,065,065,normal,RR-corpus_phspaelti,-
C,Cb05,14,680,680,normal,RR-corpus_phspaelti,-
C,Cb05,15,095,095,normal,RR-corpus_phspaelti,.
C,Cb05,16,003,003,normal,RR-corpus_phspaelti,-
C,Cb05,17,033,033,normal,RR-corpus_phspaelti,.
C,Cb05,18,523,523,normal,RR-corpus_phspaelti,.
C,Cb05,19,004,004,normal,RR-corpus_phspaelti,-
C,Cb05,20,005,005,normal,RR-corpus_phspaelti,-
C,Cb05,21,430,430,normal,RR-corpus_phspaelti,-
C,Cb05,22,002,002,normal,RR-corpus_phspaelti,-
C,Cb05,23,001,001,normal,RR-corpus_phspaelti,-
C,Cb05,24,290,290,normal,RR-corpus_phspaelti,-
C,Cb05,25,216,216,normal,RR-corpus_phspaelti,.
C,Cb05,26,000!,000!,normal,RR-corpus_phspaelti,-
C,Cb05,27,290,290,normal,RR-corpus_phspaelti,.
C,Cb05,28,073,073,normal,RR-corpus_phspaelti,-
C,Cb05,29,061,061,normal,RR-corpus_phspaelti,.
C,Cb05,30,024,024,normal,RR-corpus_phspaelti,.
C,Cb05,31,061,061,normal,RR-corpus_phspaelti,-
C,Cb05,32,006,006,normal,RR-corpus_phspaelti,.
C,Cb05,33,074f,074f,normal,RR-corpus_phspaelti,-
C,Cb05,34,523f,523f,normal,RR-corpus_phspaelti,-
C,Cb05,35,522f,522f,normal,RR-corpus_phspaelti,*
C,Cb06,1,027,027,normal,RR-corpus_phspaelti,-
C,Cb06,2,400,400,normal,RR-corpus_phspaelti,-
C,Cb06,3,360y,360y,normal,RR-corpus_phspaelti,-
C,Cb06,4,360y,360y,normal,RR-corpus_phspaelti,-
C,Cb06,5,041,041,normal,RR-corpus_phspaelti,-
C,Cb06,6,091,091,normal,RR-corpus_phspaelti,-
C,Cb06,7,017,017,normal,RR-corpus_phspaelti,-
C,Cb06,8,022?,022?,normal,RR-corpus_phspaelti,-
C,Cb06,9,006V,006V,normal,RR-corpus_phspaelti,-
C,Cb06,10,381,381,normal,RR-corpus_phspaelti,-
C,Cb06,11,004,004,normal,RR-corpus_phspaelti,-
C,Cb06,12,066,066,normal,RR-corpus_phspaelti,-
C,Cb06,13,760,760,normal,RR-corpus_phspaelti,.
C,Cb06,14,004,004,normal,RR-corpus_phspaelti,-
C,Cb06,15,066,066,normal,RR-corpus_phspaelti,-
C,Cb06,16,281,281,normal,RR-corpus_phspaelti,.
C,Cb06,17,_,_,normal,RR-corpus_phspaelti,-
C,Cb06,18,281,281,normal,RR-corpus_phspaelti,.
C,Cb06,19,_,_,normal,RR-corpus_phspaelti,-
C,Cb06,20,381,381,normal,RR-corpus_phspaelti,-
C,Cb06,21,004,004,normal,RR-corpus_phspaelti,-
C,Cb06,22,066,066,normal,RR-corpus_phspaelti,-
C,Cb06,23,760,760,normal,RR-corpus_phspaelti,.
C,Cb06,24,004,004,normal,RR-corpus_phspaelti,-
C,Cb06,25,000!,000!,normal,RR-corpus_phspaelti,-
C,Cb06,26,000!,000!,normal,RR-corpus_phspaelti,-
C,Cb06,27,000!,000!,normal,RR-corpus_phspaelti,-
C,Cb06,28,017,017,normal,RR-corpus_phspaelti,-
C,Cb06,29,006V,006V,normal,RR-corpus_phspaelti,-
C,Cb06,30,381f,381f,normal,RR-corpus_phspaelti,-
C,Cb06,31,066,066,normal,RR-corpus_phspaelti,-
C,Cb06,32,760,760,normal,RR-corpus_phspaelti,-
C,Cb06,33,004,004,normal,RR-corpus_phspaelti,-
C,Cb06,34,030b,030b,normal,RR-corpus_phspaelti,-
C,Cb06,35,381,381,normal,RR-corpus_phspaelti,-
C,Cb06,36,011,011,normal,RR-corpus_phspaelti,*
C,Cb07,1,004,004,normal,RR-corpus_phspaelti,-
C,Cb07,2,760,760,normal,RR-corpus_phspaelti,-
C,Cb07,3,066,066,normal,RR-corpus_phspaelti,-
C,Cb07,4,004,004,normal,RR-corpus_phspaelti,.
C,Cb07,5,607,607,normal,RR-corpus_phspaelti,-
C,Cb07,6,066,066,normal,RR-corpus_phspaelti,-
C,Cb07,7,760,760,normal,RR-corpus_phspaelti,-
C,Cb07,8,004,004,normal,RR-corpus_phspaelti,-
C,Cb07,9,608y,608y,normal,RR-corpus_phspaelti,-
C,Cb07,10,004,004,normal,RR-corpus_phspaelti,-
C,Cb07,11,760,760,normal,RR-corpus_phspaelti,.
C,Cb07,12,004,004,normal,RR-corpus_phspaelti,-
C,Cb07,13,002,002,normal,RR-corpus_phspaelti,-
C,Cb07,14,095,095,normal,RR-corpus_phspaelti,-
C,Cb07,15,066,066,normal,RR-corpus_phspaelti,-
C,Cb07,16,760,760,normal,RR-corpus_phspaelti,-
C,Cb07,17,004,004,normal,RR-corpus_phspaelti,-
C,Cb07,18,027,027,normal,RR-corpus_phspaelti,-
C,Cb07,19,066V,066V,normal,RR-corpus_phspaelti,-
C,Cb07,20,004,004,normal,RR-corpus_phspaelti,.
C,Cb07,21,002,002,normal,RR-corpus_phspaelti,-
C,Cb07,22,086,086,normal,RR-corpus_phspaelti,-
C,Cb07,23,066V,066V,normal,RR-corpus_phspaelti,-
C,Cb07,24,760,760,normal,RR-corpus_phspaelti,-
C,Cb07,25,004,004,normal,RR-corpus_phspaelti,-
C,Cb07,26,275,275,normal,RR-corpus_phspaelti,-
C,Cb07,27,296,296,normal,RR-corpus_phspaelti,.
C,Cb07,28,003,003,normal,RR-corpus_phspaelti,-
C,Cb07,29,086,086,normal,RR-corpus_phspaelti,-
C,Cb07,30,390,390,normal,RR-corpus_phspaelti,.
C,Cb07,31,008,008,normal,RR-corpus_phspaelti,-
C,Cb07,32,300,300,normal,RR-corpus_phspaelti,*
C,Cb08,1,008,008,normal,RR-corpus_phspaelti,-
C,Cb08,2,008,008,normal,RR-corpus_phspaelti,-
C,Cb08,3,465,465,normal,RR-corpus_phspaelti,.
C,Cb08,4,009,009,normal,RR-corpus_phspaelti,-
C,Cb08,5,004,004,normal,RR-corpus_phspaelti,-
C,Cb08,6,760,760,normal,RR-corpus_phspaelti,-
C,Cb08,7,086,086,normal,RR-corpus_phspaelti,-
C,Cb08,8,248,248,normal,RR-corpus_phspaelti,-
C,Cb08,9,020V,020V,normal,RR-corpus_phspaelti,-
C,Cb08,10,004,004,normal,RR-corpus_phspaelti,.
C,Cb08,11,003,003,normal,RR-corpus_phspaelti,-
C,Cb08,12,004,004,normal,RR-corpus_phspaelti,.
C,Cb08,13,003,003,normal,RR-corpus_phspaelti,-
C,Cb08,14,671,671,normal,RR-corpus_phspaelti,.
C,Cb08,15,003,003,normal,RR-corpus_phspaelti,-
C,Cb08,16,099,099,normal,RR-corpus_phspaelti,-
C,Cb08,17,004,004,normal,RR-corpus_phspaelti,-
C,Cb08,18,002,002,normal,RR-corpus_phspaelti,-
C,Cb08,19,004,004,normal,RR-corpus_phspaelti,-
C,Cb08,20,002,002,normal,RR-corpus_phspaelti,-
C,Cb08,21,070,070,normal,RR-corpus_phspaelti,-
C,Cb08,22,095,095,normal,RR-corpus_phspaelti,-
C,Cb08,23,001?,001?,normal,RR-corpus_phspaelti,-
C,Cb08,24,095,095,normal,RR-corpus_phspaelti,-
C,Cb08,25,205,205,normal,RR-corpus_phspaelti,-
C,Cb08,26,002,002,normal,RR-corpus_phspaelti,.
C,Cb08,27,010,010,normal,RR-corpus_phspaelti,-
C,Cb08,28,205,205,normal,RR-corpus_phspaelti,-
C,Cb08,29,001t,001t,normal,RR-corpus_phspaelti,-
C,Cb08,30,002,002,normal,RR-corpus_phspaelti,-
C,Cb08,31,700,700,normal,RR-corpus_phspaelti,-
C,Cb08,32,069,069,normal,RR-corpus_phspaelti,-
C,Cb08,33,006,006,normal,RR-corpus_phspaelti,.
C,Cb08,34,074f,074f,normal,RR-corpus_phspaelti,-
C,Cb08,35,755,755,normal,RR-corpus_phspaelti,-
C,Cb08,36,700,700,normal,RR-corpus_phspaelti,*
C,Cb09,1,022f,022f,normal,RR-corpus_phspaelti,-
C,Cb09,2,302,302,normal,RR-corpus_phspaelti,-
C,Cb09,3,040,040,normal,RR-corpus_phspaelti,-
C,Cb09,4,302,302,normal,RR-corpus_phspaelti,-
C,Cb09,5,007,007,normal,RR-corpus_phspaelti,-
C,Cb09,6,002,002,normal,RR-corpus_phspaelti,-
C,Cb09,7,044?,044?,normal,RR-corpus_phspaelti,-
C,Cb09,8,660,660,normal,RR-corpus_phspaelti,-
C,Cb09,9,077,077,normal,RR-corpus_phspaelti,-
C,Cb09,10,000!,000!,normal,RR-corpus_phspaelti,.
C,Cb09,11,003,003,normal,RR-corpus_phspaelti,-
C,Cb09,12,077,077,normal,RR-corpus_phspaelti,.
C,Cb09,13,000!,000!,normal,RR-corpus_phspaelti,-
C,Cb09,14,002,002,normal,RR-corpus_phspaelti,.
C,Cb09,15,000!,000!,normal,RR-corpus_phspaelti,.
C,Cb09,16,000!,000!,normal,RR-corpus_phspaelti,-
C,Cb09,17,002,002,normal,RR-corpus_phspaelti,-
C,Cb09,18,060,060,normal,RR-corpus_phspaelti,-
C,Cb09,19,002,002,normal,RR-corpus_phspaelti,-
C,Cb09,20,060,060,normal,RR-corpus_phspaelti,-
C,Cb09,21,002,002,normal,RR-corpus_phspaelti,-
C,Cb09,22,060,060,normal,RR-corpus_phspaelti,-
C,Cb09,23,730,730,normal,RR-corpus_phspaelti,-
C,Cb09,24,002,002,normal,RR-corpus_phspaelti,-
C,Cb09,25,010,010,normal,RR-corpus_phspaelti,.
C,Cb09,26,002,002,normal,RR-corpus_phspaelti,.
C,Cb09,27,069,069,normal,RR-corpus_phspaelti,-
C,Cb09,28,002,002,normal,RR-corpus_phspaelti,-
C,Cb09,29,005,005,normal,RR-corpus_phspaelti,-
C,Cb09,30,002,002,normal,RR-corpus_phspaelti,-
C,Cb09,31,208,208,normal,RR-corpus_phspaelti,-
C,Cb09,32,546,546,normal,RR-corpus_phspaelti,-
C,Cb09,33,410,410,normal,RR-corpus_phspaelti,-
C,Cb09,34,095,095,normal,RR-corpus_phspaelti,-
C,Cb09,35,095,095,normal,RR-corpus_phspaelti,.
C,Cb09,36,095,095,normal,RR-corpus_phspaelti,-
C,Cb09,37,445,445,normal,RR-corpus_phspaelti,.
C,Cb09,38,002?,002?,normal,RR-corpus_phspaelti,*
C,Cb10,1,480,480,normal,RR-corpus_phspaelti,.
C,Cb10,2,002,002,normal,RR-corpus_phspaelti,-
C,Cb10,3,483,483,normal,RR-corpus_phspaelti,-
C,Cb10,4,002,002,normal,RR-corpus_phspaelti,-
C,Cb10,5,480,480,normal,RR-corpus_phspaelti,-
C,Cb10,6,002,002,normal,RR-corpus_phspaelti,-
C,Cb10,7,665,665,normal,RR-corpus_phspaelti,-
C,Cb10,8,667,667,normal,RR-corpus_phspaelti,-
C,Cb10,9,107,107,normal,RR-corpus_phspaelti,-
C,Cb10,10,059f,059f,normal,RR-corpus_phspaelti,.
C,Cb10,11,006,006,normal,RR-corpus_phspaelti,-
C,Cb10,12,059f,059f,normal,RR-corpus_phspaelti,.
C,Cb10,13,008,008,normal,RR-corpus_phspaelti,-
C,Cb10,14,059f,059f,normal,RR-corpus_phspaelti,.
C,Cb10,15,003,003,normal,RR-corpus_phspaelti,.
C,Cb10,16,003,003,normal,RR-corpus_phspaelti,.
C,Cb10,17,001,001,normal,RR-corpus_phspaelti,-
C,Cb10,18,391,391,normal,RR-corpus_phspaelti,.
C,Cb10,19,071,071,normal,RR-corpus_phspaelti,-
C,Cb10,20,010,010,normal,RR-corpus_phspaelti,.
C,Cb10,21,002,002,normal,RR-corpus_phspaelti,-
C,Cb10,22,052x,052x,normal,RR-corpus_phspaelti,.
C,Cb10,23,066,066,normal,RR-corpus_phspaelti,-
C,Cb10,24,004,004,normal,RR-corpus_phspaelti,-
C,Cb10,25,760,760,normal,RR-corpus_phspaelti,-
C,Cb10,26,006,006,normal,RR-corpus_phspaelti,.
C,Cb10,27,010,010,normal,RR-corpus_phspaelti,-
C,Cb10,28,003,003,normal,RR-corpus_phspaelti,.
C,Cb10,29,305,305,normal,RR-corpus_phspaelti,-
C,Cb10,30,004,004,normal,RR-corpus_phspaelti,.
C,Cb10,31,600,600,normal,RR-corpus_phspaelti,-
C,Cb10,32,003,003,normal,RR-corpus_phspaelti,.
C,Cb10,33,040,040,normal,RR-corpus_phspaelti,-
C,Cb10,34,003,003,normal,RR-corpus_phspaelti,.
C,Cb10,35,050,050,normal,RR-corpus_phspaelti,-
C,Cb10,36,095,095,normal,RR-corpus_phspaelti,*
C,Cb11,1,003,003,normal,RR-corpus_phspaelti,.
C,Cb11,2,670,670,normal,RR-corpus_phspaelti,-
C,Cb11,3,099,099,normal,RR-corpus_phspaelti,-
C,Cb11,4,004,004,normal,RR-corpus_phspaelti,-
C,Cb11,5,002,002,normal,RR-corpus_phspaelti,-
C,Cb11,6,004,004,normal,RR-corpus_phspaelti,-
C,Cb11,7,002,002,normal,RR-corpus_phspaelti,-
C,Cb11,8,001,001,normal,RR-corpus_phspaelti,-
C,Cb11,9,001,001,normal,RR-corpus_phspaelti,-
C,Cb11,10,006,006,normal,RR-corpus_phspaelti,.
C,Cb11,11,010,010,normal,RR-corpus_phspaelti,.
C,Cb11,12,078,078,normal,RR-corpus_phspaelti,-
C,Cb11,13,211,211,normal,RR-corpus_phspaelti,-
C,Cb11,14,070,070,normal,RR-corpus_phspaelti,-
C,Cb11,15,401y,401y,normal,RR-corpus_phspaelti,-
C,Cb11,16,040,040,normal,RR-corpus_phspaelti,.
C,Cb11,17,003,003,normal,RR-corpus_phspaelti,-
C,Cb11,18,522f,522f,normal,RR-corpus_phspaelti,-
C,Cb11,19,762,762,normal,RR-corpus_phspaelti,-
C,Cb11,20,761,761,normal,RR-corpus_phspaelti,-
C,Cb11,21,557,557,normal,RR-corpus_phspaelti,-
C,Cb11,22,001h,001h,normal,RR-corpus_phspaelti,-
C,Cb11,23,000!,000!,normal,RR-corpus_phspaelti,-
C,Cb11,24,556,556,normal,RR-corpus_phspaelti,-
C,Cb11,25,001h,001h,normal,RR-corpus_phspaelti,-
C,Cb11,26,700,700,normal,RR-corpus_phspaelti,-
C,Cb11,27,215,215,normal,RR-corpus_phspaelti,-
C,Cb11,28,003,003,normal,RR-corpus_phspaelti,.
C,Cb11,29,000!,000!,normal,RR-corpus_phspaelti,.
C,Cb11,30,003,003,normal,RR-corpus_phspaelti,-
C,Cb11,31,002,002,normal,RR-corpus_phspaelti,.
C,Cb11,32,062,062,normal,RR-corpus_phspaelti,-
C,Cb11,33,420y,420y,normal,RR-corpus_phspaelti,-
C,Cb11,34,254,254,normal,RR-corpus_phspaelti,-
C,Cb11,35,007,007,normal,RR-corpus_phspaelti,*
C,Cb12,1,060,060,normal,RR-corpus_phspaelti,:
C,Cb12,2,095,095,normal,RR-corpus_phspaelti,-
C,Cb12,3,053,053,normal,RR-corpus_phspaelti,-
C,Cb12,4,700,700,normal,RR-corpus_phspaelti,-
C,Cb12,5,001,001,normal,RR-corpus_phspaelti,.
C,Cb12,6,062,062,normal,RR-corpus_phspaelti,-
C,Cb12,7,003,003,normal,RR-corpus_phspaelti,.
C,Cb12,8,070,070,normal,RR-corpus_phspaelti,-
C,Cb12,9,060,060,normal,RR-corpus_phspaelti,-
C,Cb12,10,460,460,normal,RR-corpus_phspaelti,-
C,Cb12,11,247,247,normal,RR-corpus_phspaelti,-
C,Cb12,12,005,005,normal,RR-corpus_phspaelti,.
C,Cb12,13,244,244,normal,RR-corpus_phspaelti,-
C,Cb12,14,730,730,normal,RR-corpus_phspaelti,.
C,Cb12,15,069,069,normal,RR-corpus_phspaelti,-
C,Cb12,16,003,003,normal,RR-corpus_phspaelti,.
C,Cb12,17,215,215,normal,RR-corpus_phspaelti,-
C,Cb12,18,004,004,normal,RR-corpus_phspaelti,.
C,Cb12,19,400,400,normal,RR-corpus_phspaelti,-
C,Cb12,20,040,040,normal,RR-corpus_phspaelti,.
C,Cb12,21,003,003,normal,RR-corpus_phspaelti,-
C,Cb12,22,003,003,normal,RR-corpus_phspaelti,.
C,Cb12,23,050,050,normal,RR-corpus_phspaelti,-
C,Cb12,24,670,670,normal,RR-corpus_phspaelti,.
C,Cb12,25,003,003,normal,RR-corpus_phspaelti,-
C,Cb12,26,099,099,normal,RR-corpus_phspaelti,-
C,Cb12,27,007,007,normal,RR-corpus_phspaelti,-
C,Cb12,28,067,067,normal,RR-corpus_phspaelti,-
C,Cb12,29,022f,022f,normal,RR-corpus_phspaelti,-
C,Cb12,30,022,022,normal,RR-corpus_phspaelti,-
C,Cb12,31,700,700,normal,RR-corpus_phspaelti,-
C,Cb12,32,020,020,normal,RR-corpus_phspaelti,-
C,Cb12,33,037,037,normal,RR-corpus_phspaelti,.
C,Cb12,34,086,086,normal,RR-corpus_phspaelti,-
C,Cb12,35,522f,522f,normal,RR-corpus_phspaelti,-
C,Cb12,36,000!,000!,normal,RR-corpus_phspaelti,*
C,Cb13,1,522f,522f,normal,RR-corpus_phspaelti,-
C,Cb13,2,041,041,normal,RR-corpus_phspaelti,-
C,Cb13,3,700,700,normal,RR-corpus_phspaelti,-
C,Cb13,4,020,020,normal,RR-corpus_phspaelti,-
C,Cb13,5,001,001,normal,RR-corpus_phspaelti,-
C,Cb13,6,086,086,normal,RR-corpus_phspaelti,-
C,Cb13,7,522f,522f,normal,RR-corpus_phspaelti,-
C,Cb13,8,440,440,normal,RR-corpus_phspaelti,-
C,Cb13,9,086,086,normal,RR-corpus_phspaelti,-
C,Cb13,10,019,019,normal,RR-corpus_phspaelti,-
C,Cb13,11,086,086,normal,RR-corpus_phspaelti,-
C,Cb13,12,522f,522f,normal,RR-corpus_phspaelti,-
C,Cb13,13,007,007,normal,RR-corpus_phspaelti,-
C,Cb13,14,020,020,normal,RR-corpus_phspaelti,-
C,Cb13,15,670,670,normal,RR-corpus_phspaelti,-
C,Cb13,16,040,040,normal,RR-corpus_phspaelti,-
C,Cb13,17,040,040,normal,RR-corpus_phspaelti,-
C,Cb13,18,040,040,normal,RR-corpus_phspaelti,-
C,Cb13,19,044?,044?,normal,RR-corpus_phspaelti,.
C,Cb13,20,420y,420y,normal,RR-corpus_phspaelti,-
C,Cb13,21,000!,000!,normal,RR-corpus_phspaelti,-
C,Cb13,22,022,022,normal,RR-corpus_phspaelti,-
C,Cb13,23,050V,050V,normal,RR-corpus_phspaelti,-
C,Cb13,24,022,022,normal,RR-corpus_phspaelti,.
C,Cb13,25,062,062,normal,RR-corpus_phspaelti,.
C,Cb13,26,010,010,normal,RR-corpus_phspaelti,-
C,Cb13,27,700,700,normal,RR-corpus_phspaelti,-
C,Cb13,28,663,663,normal,RR-corpus_phspaelti,-
C,Cb13,29,280,280,normal,RR-corpus_phspaelti,-
C,Cb13,30,060,060,normal,RR-corpus_phspaelti,-
C,Cb13,31,002,002,normal,RR-corpus_phspaelti,-
C,Cb13,32,002,002,normal,RR-corpus_phspaelti,-
C,Cb13,33,005,005,normal,RR-corpus_phspaelti,-
C,Cb13,34,010,010,normal,RR-corpus_phspaelti,.
C,Cb13,35,067,067,normal,RR-corpus_phspaelti,-
C,Cb13,36,067?,067?,normal,RR-corpus_phspaelti,*
C,Cb14,1,145,145,normal,RR-corpus_phspaelti,-
C,Cb14,2,209,209,normal,RR-corpus_phspaelti,-
C,Cb14,3,040,040,normal,RR-corpus_phspaelti,-
C,Cb14,4,700,700,normal,RR-corpus_phspaelti,-
C,Cb14,5,530,530,normal,RR-corpus_phspaelti,.
C,Cb14,6,070,070,normal,RR-corpus_phspaelti,-
C,Cb14,7,664,664,normal,RR-corpus_phspaelti,-
C,Cb14,8,725,725,normal,RR-corpus_phspaelti,-
C,Cb14,9,017,017,normal,RR-corpus_phspaelti,-
C,Cb14,10,325,325,normal,RR-corpus_phspaelti,-
C,Cb14,11,040,040,normal,RR-corpus_phspaelti,-
C,Cb14,12,380,380,normal,RR-corpus_phspaelti,-
C,Cb14,13,290,290,normal,RR-corpus_phspaelti,-
C,Cb14,14,047,047,normal,RR-corpus_phspaelti,-
C,Cb14,15,206,206,normal,RR-corpus_phspaelti,.
C,Cb14,16,711,711,normal,RR-corpus_phspaelti,.
C,Cb14,17,711,711,normal,RR-corpus_phspaelti,-
C,Cb14,18,680,680,normal,RR-corpus_phspaelti,-
C,Cb14,19,400,400,normal,RR-corpus_phspaelti,-
C,Cb14,20,480,480,normal,RR-corpus_phspaelti,-
C,Cb14,21,052x,052x,normal,RR-corpus_phspaelti,-
C,Cb14,22,460?,460?,normal,RR-corpus_phspaelti,-
C,Cb14,23,000!,000!,normal,RR-corpus_phspaelti,*
D,Da01,1,_,_,normal,RR-corpus_phspaelti,-
D,Da01,2,_,_,normal,RR-corpus_phspaelti,-
D,Da01,3,_,_,normal,RR-corpus_phspaelti,-
D,Da01,4,_,_,normal,RR-corpus_phspaelti,-
D,Da01,5,_,_,normal,RR-corpus_phspaelti,-
D,Da01,6,000!,000!,normal,RR-corpus_phspaelti,-
D,Da01,7,006,006,normal,RR-corpus_phspaelti,-
D,Da01,8,381,381,normal,RR-corpus_phspaelti,-
D,Da01,9,700,700,normal,RR-corpus_phspaelti,-
D,Da01,10,208,208,normal,RR-corpus_phspaelti,-
D,Da01,11,007y,007y,normal,RR-corpus_phspaelti,-
D,Da01,12,007,007,normal,RR-corpus_phspaelti,-
D,Da01,13,000!,000!,normal,RR-corpus_phspaelti,-
D,Da01,14,207,207,normal,RR-corpus_phspaelti,-
D,Da01,15,063y,063y,normal,RR-corpus_phspaelti,.
D,Da01,16,207,207,normal,RR-corpus_phspaelti,-
D,Da01,17,734,734,normal,RR-corpus_phspaelti,-
D,Da01,18,042,042,normal,RR-corpus_phspaelti,:
D,Da01,19,204,204,normal,RR-corpus_phspaelti,-
D,Da01,20,005f,005f,normal,RR-corpus_phspaelti,-
D,Da01,21,522f,522f,normal,RR-corpus_phspaelti,-
D,Da01,22,522,522,normal,RR-corpus_phspaelti,-
D,Da01,23,_,_,normal,RR-corpus_phspaelti,*
D,Da02,1,003?,003?,normal,RR-corpus_phspaelti,-
D,Da02,2,060,060,normal,RR-corpus_phspaelti,-
D,Da02,3,078,078,normal,RR-corpus_phspaelti,-
D,Da02,4,306y,306y,normal,RR-corpus_phspaelti,-
D,Da02,5,056,056,normal,RR-corpus_phspaelti,-
D,Da02,6,656,656,normal,RR-corpus_phspaelti,.
D,Da02,7,090,090,normal,RR-corpus_phspaelti,-
D,Da02,8,590,590,normal,RR-corpus_phspaelti,-
D,Da02,9,205,205,normal,RR-corpus_phspaelti,-
D,Da02,10,678,678,normal,RR-corpus_phspaelti,.
D,Da02,11,300y,300y,normal,RR-corpus_phspaelti,.
D,Da02,12,301s,301s,normal,RR-corpus_phspaelti,-
D,Da02,13,430,430,normal,RR-corpus_phspaelti,.
D,Da02,14,061,061,normal,RR-corpus_phspaelti,.
D,Da02,15,095x,095x,normal,RR-corpus_phspaelti,.
D,Da02,16,003,003,normal,RR-corpus_phspaelti,-
D,Da02,17,_,_,normal,RR-corpus_phspaelti,-
D,Da02,18,000!,000!,normal,RR-corpus_phspaelti,-
D,Da02,19,_,_,normal,RR-corpus_phspaelti,-
D,Da02,20,594,594,normal,RR-corpus_phspaelti,-
D,Da02,21,285,285,normal,RR-corpus_phspaelti,-
D,Da02,22,605s,605s,normal,RR-corpus_phspaelti,-
D,Da02,23,173,173,normal,RR-corpus_phspaelti,-
D,Da02,24,006,006,normal,RR-corpus_phspaelti,*
D,Da03,1,600,600,normal,RR-corpus_phspaelti,-
D,Da03,2,042,042,normal,RR-corpus_phspaelti,:
D,Da03,3,200,200,normal,RR-corpus_phspaelti,.
D,Da03,4,041,041,normal,RR-corpus_phspaelti,-
D,Da03,5,610,610,normal,RR-corpus_phspaelti,-
D,Da03,6,002,002,normal,RR-corpus_phspaelti,-
D,Da03,7,200,200,normal,RR-corpus_phspaelti,.
D,Da03,8,052x,052x,normal,RR-corpus_phspaelti,-
D,Da03,9,600,600,normal,RR-corpus_phspaelti,-
D,Da03,10,002,002,normal,RR-corpus_phspaelti,-
D,Da03,11,200,200,normal,RR-corpus_phspaelti,.
D,Da03,12,052x,052x,normal,RR-corpus_phspaelti,-
D,Da03,13,600,600,normal,RR-corpus_phspaelti,-
D,Da03,14,460,460,normal,RR-corpus_phspaelti,-
D,Da03,15,200,200,normal,RR-corpus_phspaelti,.
D,Da03,16,052x,052x,normal,RR-corpus_phspaelti,-
D,Da03,17,600,600,normal,RR-corpus_phspaelti,-
D,Da03,18,200,200,normal,RR-corpus_phspaelti,.
D,Da03,19,052x,052x,normal,RR-corpus_phspaelti,-
D,Da03,20,200,200,normal,RR-corpus_phspaelti,.
D,Da03,21,052x,052x,normal,RR-corpus_phspaelti,-
D,Da03,22,600,600,normal,RR-corpus_phspaelti,-
D,Da03,23,_,_,normal,RR-corpus_phspaelti,*
D,Da04,1,_,_,normal,RR-corpus_phspaelti,-
D,Da04,2,007,007,normal,RR-corpus_phspaelti,-
D,Da04,3,379,379,normal,RR-corpus_phspaelti,.
D,Da04,4,061,061,normal,RR-corpus_phspaelti,-
D,Da04,5,700,700,normal,RR-corpus_phspaelti,-
D,Da04,6,207,207,normal,RR-corpus_phspaelti,-
D,Da04,7,007,007,normal,RR-corpus_phspaelti,-
D,Da04,8,002,002,normal,RR-corpus_phspaelti,-
D,Da04,9,700,700,normal,RR-corpus_phspaelti,-
D,Da04,10,073,073,normal,RR-corpus_phspaelti,.
D,Da04,11,064,064,normal,RR-corpus_phspaelti,-
D,Da04,12,052,052,normal,RR-corpus_phspaelti,.
D,Da04,13,590,590,normal,RR-corpus_phspaelti,.
D,Da04,14,052,052,normal,RR-corpus_phspaelti,-
D,Da04,15,000!,000!,normal,RR-corpus_phspaelti,-
D,Da04,16,042,042,normal,RR-corpus_phspaelti,:
D,Da04,17,002,002,normal,RR-corpus_phspaelti,-
D,Da04,18,073,073,normal,RR-corpus_phspaelti,.
D,Da04,19,006,006,normal,RR-corpus_phspaelti,-
D,Da04,20,590,590,normal,RR-corpus_phspaelti,.
D,Da04,21,052,052,normal,RR-corpus_phspaelti,-
D,Da04,22,204,204,normal,RR-corpus_phspaelti,-
D,Da04,23,034,034,normal,RR-corpus_phspaelti,-
D,Da04,24,360,360,normal,RR-corpus_phspaelti,*
D,Da05,1,380y?,380y?,normal,RR-corpus_phspaelti,-
D,Da05,2,002,002,normal,RR-corpus_phspaelti,-
D,Da05,3,003,003,normal,RR-corpus_phspaelti,-
D,Da05,4,730,730,normal,RR-corpus_phspaelti,-
D,Da05,5,001,001,normal,RR-corpus_phspaelti,.
D,Da05,6,600?,600?,normal,RR-corpus_phspaelti,-
D,Da05,7,001,001,normal,RR-corpus_phspaelti,-
D,Da05,8,700?,700?,normal,RR-corpus_phspaelti,-
D,Da05,9,600?,600?,normal,RR-corpus_phspaelti,-
D,Da05,10,000!,000!,normal,RR-corpus_phspaelti,-
D,Da05,11,001?,001?,normal,RR-corpus_phspaelti,.
D,Da05,12,380?,380?,normal,RR-corpus_phspaelti,-
D,Da05,13,002,002,normal,RR-corpus_phspaelti,-
D,Da05,14,003,003,normal,RR-corpus_phspaelti,-
D,Da05,15,730,730,normal,RR-corpus_phspaelti,-
D,Da05,16,093,093,normal,RR-corpus_phspaelti,-
D,Da05,17,020f,020f,normal,RR-corpus_phspaelti,-
D,Da05,18,020f,020f,normal,RR-corpus_phspaelti,-
D,Da05,19,002,002,normal,RR-corpus_phspaelti,-
D,Da05,20,001,001,normal,RR-corpus_phspaelti,-
D,Da05,21,002,002,normal,RR-corpus_phspaelti,-
D,Da05,22,741,741,normal,RR-corpus_phspaelti,-
D,Da05,23,020,020,normal,RR-corpus_phspaelti,-
D,Da05,24,000!,000!,normal,RR-corpus_phspaelti,-
D,Da05,25,_,_,normal,RR-corpus_phspaelti,*
D,Da06,1,_,_,normal,RR-corpus_phspaelti,-
D,Da06,2,059f?,059f?,normal,RR-corpus_phspaelti,-
D,Da06,3,470,470,normal,RR-corpus_phspaelti,-
D,Da06,4,003,003,normal,RR-corpus_phspaelti,.
D,Da06,5,000!,000!,normal,RR-corpus_phspaelti,.
D,Da06,6,003,003,normal,RR-corpus_phspaelti,.
D,Da06,7,052,052,normal,RR-corpus_phspaelti,-
D,Da06,8,050V,050V,normal,RR-corpus_phspaelti,-
D,Da06,9,001,001,normal,RR-corpus_phspaelti,.
D,Da06,10,063,063,normal,RR-corpus_phspaelti,-
D,Da06,11,385?,385?,normal,RR-corpus_phspaelti,-
D,Da06,12,000!,000!,normal,RR-corpus_phspaelti,-
D,Da06,13,000!,000!,normal,RR-corpus_phspaelti,-
D,Da06,14,600?,600?,normal,RR-corpus_phspaelti,-
D,Da06,15,050,050,normal,RR-corpus_phspaelti,-
D,Da06,16,700,700,normal,RR-corpus_phspaelti,-
D,Da06,17,240?,240?,normal,RR-corpus_phspaelti,-
D,Da06,18,700,700,normal,RR-corpus_phspaelti,-
D,Da06,19,000!,000!,normal,RR-corpus_phspaelti,-
D,Da06,20,243?,243?,normal,RR-corpus_phspaelti,-
D,Da06,21,000!,000!,normal,RR-corpus_phspaelti,-
D,Da06,22,007,007,normal,RR-corpus_phspaelti,-
D,Da06,23,600?,600?,normal,RR-corpus_phspaelti,-
D,Da06,24,_,_,normal,RR-corpus_phspaelti,*
D,Da07,1,202?,202?,normal,RR-corpus_phspaelti,-
D,Da07,2,095,095,normal,RR-corpus_phspaelti,-
D,Da07,3,094a,094a,normal,RR-corpus_phspaelti,-
D,Da07,4,081,081,normal,RR-corpus_phspaelti,-
D,Da07,5,450,450,normal,RR-corpus_phspaelti,-
D,Da07,6,536?,536?,normal,RR-corpus_phspaelti,-
D,Da07,7,739,739,normal,RR-corpus_phspaelti,-
D,Da07,8,061?,061?,normal,RR-corpus_phspaelti,.
D,Da07,9,306y,306y,normal,RR-corpus_phspaelti,.
D,Da07,10,083,083,normal,RR-corpus_phspaelti,-
D,Da07,11,590,590,normal,RR-corpus_phspaelti,.
D,Da07,12,063y,063y,normal,RR-corpus_phspaelti,-
D,Da07,13,607,607,normal,RR-corpus_phspaelti,.
D,Da07,14,000!,000!,normal,RR-corpus_phspaelti,-
D,Da07,15,200,200,normal,RR-corpus_phspaelti,.
D,Da07,16,055?,055?,normal,RR-corpus_phspaelti,-
D,Da07,17,739,739,normal,RR-corpus_phspaelti,-
D,Da07,18,610,610,normal,RR-corpus_phspaelti,.
D,Da07,19,052?,052?,normal,RR-corpus_phspaelti,-
D,Da07,20,000!,000!,normal,RR-corpus_phspaelti,-
D,Da07,21,_,_,normal,RR-corpus_phspaelti,*
D,Da08,1,_,_,normal,RR-corpus_phspaelti,-
D,Da08,2,_,_,normal,RR-corpus_phspaelti,-
D,Da08,3,_,_,normal,RR-corpus_phspaelti,-
D,Da08,4,_,_,normal,RR-corpus_phspaelti,-
D,Da08,5,_,_,normal,RR-corpus_phspaelti,-
D,Da08,6,_,_,normal,RR-corpus_phspaelti,-
D,Da08,7,_,_,normal,RR-corpus_phspaelti,-
D,Da08,8,_,_,normal,RR-corpus_phspaelti,-
D,Da08,9,_,_,normal,RR-corpus_phspaelti,-
D,Da08,10,_,_,normal,RR-corpus_phspaelti,-
D,Da08,11,_,_,normal,RR-corpus_phspaelti,-
D,Da08,12,_,_,normal,RR-corpus_phspaelti,-
D,Da08,13,_,_,normal,RR-corpus_phspaelti,-
D,Da08,14,_,_,normal,RR-corpus_phspaelti,-
D,Da08,15,_,_,normal,RR-corpus_phspaelti,-
D,Da08,16,_,_,normal,RR-corpus_phspaelti,-
D,Da08,17,_,_,normal,RR-corpus_phspaelti,-
D,Da08,18,_,_,normal,RR-corpus_phspaelti,-
D,Da08,19,_,_,normal,RR-corpus_phspaelti,-
D,Da08,20,_,_,normal,RR-corpus_phspaelti,-
D,Da08,21,_,_,normal,RR-corpus_phspaelti,-
D,Da08,22,_,_,normal,RR-corpus_phspaelti,-
D,Da08,23,_,_,normal,RR-corpus_phspaelti,-
D,Da08,24,_,_,normal,RR-corpus_phspaelti,-
D,Da08,25,_,_,normal,RR-corpus_phspaelti,-
D,Da08,26,_,_,normal,RR-corpus_phspaelti,-
D,Da08,27,_,_,normal,RR-corpus_phspaelti,-
D,Da08,28,_,_,normal,RR-corpus_phspaelti,-
D,Da08,29,_,_,normal,RR-corpus_phspaelti,-
D,Da08,30,_,_,normal,RR-corpus_phspaelti,*
D,Db01,1,246?,246?,normal,RR-corpus_phspaelti,-
D,Db01,2,001,001,normal,RR-corpus_phspaelti,-
D,Db01,3,240,240,normal,RR-corpus_phspaelti,.
D,Db01,4,052,052,normal,RR-corpus_phspaelti,-
D,Db01,5,371,371,normal,RR-corpus_phspaelti,-
D,Db01,6,371,371,normal,RR-corpus_phspaelti,-
D,Db01,7,000!,000!,normal,RR-corpus_phspaelti,.
D,Db01,8,_,_,normal,RR-corpus_phspaelti,-
D,Db01,9,_,_,normal,RR-corpus_phspaelti,-
D,Db01,10,000!,000!,normal,RR-corpus_phspaelti,-
D,Db01,11,000!,000!,normal,RR-corpus_phspaelti,.
D,Db01,12,000!,000!,normal,RR-corpus_phspaelti,-
D,Db01,13,002,002,normal,RR-corpus_phspaelti,-
D,Db01,14,680?,680?,normal,RR-corpus_phspaelti,-
D,Db01,15,000!,000!,normal,RR-corpus_phspaelti,.
D,Db01,16,_,_,normal,RR-corpus_phspaelti,-
D,Db01,17,002,002,normal,RR-corpus_phspaelti,-
D,Db01,18,000!,000!,normal,RR-corpus_phspaelti,-
D,Db01,19,000!,000!,normal,RR-corpus_phspaelti,.
D,Db01,20,_,_,normal,RR-corpus_phspaelti,-
D,Db01,21,_,_,normal,RR-corpus_phspaelti,*
D,Db02,1,590,590,normal,RR-corpus_phspaelti,-
D,Db02,2,025,025,normal,RR-corpus_phspaelti,.
D,Db02,3,010,010,normal,RR-corpus_phspaelti,-
D,Db02,4,009,009,normal,RR-corpus_phspaelti,.
D,Db02,5,006,006,normal,RR-corpus_phspaelti,.
D,Db02,6,003,003,normal,RR-corpus_phspaelti,-
D,Db02,7,606s,606s,normal,RR-corpus_phspaelti,.
D,Db02,8,003,003,normal,RR-corpus_phspaelti,-
D,Db02,9,081,081,normal,RR-corpus_phspaelti,.
D,Db02,10,006,006,normal,RR-corpus_phspaelti,.
D,Db02,11,003,003,normal,RR-corpus_phspaelti,-
D,Db02,12,670,670,normal,RR-corpus_phspaelti,.
D,Db02,13,003,003,normal,RR-corpus_phspaelti,-
D,Db02,14,095f,095f,normal,RR-corpus_phspaelti,.
D,Db02,15,095f,095f,normal,RR-corpus_phspaelti,-
D,Db02,16,606s,606s,normal,RR-corpus_phspaelti,-
D,Db02,17,073,073,normal,RR-corpus_phspaelti,.
D,Db02,18,006,006,normal,RR-corpus_phspaelti,-
D,Db02,19,008,008,normal,RR-corpus_phspaelti,-
D,Db02,20,059f,059f,normal,RR-corpus_phspaelti,.
D,Db02,21,006,006,normal,RR-corpus_phspaelti,-
D,Db02,22,522f,522f,normal,RR-corpus_phspaelti,-
D,Db02,23,000!,000!,normal,RR-corpus_phspaelti,*
D,Db03,1,383,383,normal,RR-corpus_phspaelti,-
D,Db03,2,383,383,normal,RR-corpus_phspaelti,-
D,Db03,3,013,013,normal,RR-corpus_phspaelti,.
D,Db03,4,006,006,normal,RR-corpus_phspaelti,.
D,Db03,5,074,074,normal,RR-corpus_phspaelti,-
D,Db03,6,001,001,normal,RR-corpus_phspaelti,.
D,Db03,7,063,063,normal,RR-corpus_phspaelti,-
D,Db03,8,001,001,normal,RR-corpus_phspaelti,.
D,Db03,9,063,063,normal,RR-corpus_phspaelti,-
D,Db03,10,007,007,normal,RR-corpus_phspaelti,.
D,Db03,11,003,003,normal,RR-corpus_phspaelti,-
D,Db03,12,004,004,normal,RR-corpus_phspaelti,.
D,Db03,13,006,006,normal,RR-corpus_phspaelti,-
D,Db03,14,004,004,normal,RR-corpus_phspaelti,.
D,Db03,15,095?,095?,normal,RR-corpus_phspaelti,-
D,Db03,16,002,002,normal,RR-corpus_phspaelti,-
D,Db03,17,002,002,normal,RR-corpus_phspaelti,-
D,Db03,18,280?,280?,normal,RR-corpus_phspaelti,.
D,Db03,19,063,063,normal,RR-corpus_phspaelti,-
D,Db03,20,012,012,normal,RR-corpus_phspaelti,-
D,Db03,21,093f,093f,normal,RR-corpus_phspaelti,-
D,Db03,22,200,200,normal,RR-corpus_phspaelti,-
D,Db03,23,000!,000!,normal,RR-corpus_phspaelti,*
D,Db04,1,_,_,normal,RR-corpus_phspaelti,-
D,Db04,2,741,741,normal,RR-corpus_phspaelti,-
D,Db04,3,630,630,normal,RR-corpus_phspaelti,-
D,Db04,4,050,050,normal,RR-corpus_phspaelti,-
D,Db04,5,050,050,normal,RR-corpus_phspaelti,-
D,Db04,6,001,001,normal,RR-corpus_phspaelti,-
D,Db04,7,700,700,normal,RR-corpus_phspaelti,.
D,Db04,8,244,244,normal,RR-corpus_phspaelti,-
D,Db04,9,700,700,normal,RR-corpus_phspaelti,.
D,Db04,10,244,244,normal,RR-corpus_phspaelti,-
D,Db04,11,240,240,normal,RR-corpus_phspaelti,.
D,Db04,12,008,008,normal,RR-corpus_phspaelti,-
D,Db04,13,240,240,normal,RR-corpus_phspaelti,.
D,Db04,14,008,008,normal,RR-corpus_phspaelti,-
D,Db04,15,022,022,normal,RR-corpus_phspaelti,-
D,Db04,16,007,007,normal,RR-corpus_phspaelti,-
D,Db04,17,600,600,normal,RR-corpus_phspaelti,-
D,Db04,18,007,007,normal,RR-corpus_phspaelti,.
D,Db04,19,010?,010?,normal,RR-corpus_phspaelti,-
D,Db04,20,000!,000!,normal,RR-corpus_phspaelti,*
D,Db05,1,522f?,522f?,normal,RR-corpus_phspaelti,.
D,Db05,2,700,700,normal,RR-corpus_phspaelti,-
D,Db05,3,002,002,normal,RR-corpus_phspaelti,.
D,Db05,4,009,009,normal,RR-corpus_phspaelti,-
D,Db05,5,200,200,normal,RR-corpus_phspaelti,.
D,Db05,6,524f,524f,normal,RR-corpus_phspaelti,.
D,Db05,7,077,077,normal,RR-corpus_phspaelti,-
D,Db05,8,006,006,normal,RR-corpus_phspaelti,-
D,Db05,9,700,700,normal,RR-corpus_phspaelti,:
D,Db05,10,006,006,normal,RR-corpus_phspaelti,-
D,Db05,11,622,622,normal,RR-corpus_phspaelti,-
D,Db05,12,741,741,normal,RR-corpus_phspaelti,-
D,Db05,13,015,015,normal,RR-corpus_phspaelti,-
D,Db05,14,008,008,normal,RR-corpus_phspaelti,-
D,Db05,15,040,040,normal,RR-corpus_phspaelti,-
D,Db05,16,008,008,normal,RR-corpus_phspaelti,-
D,Db05,17,069,069,normal,RR-corpus_phspaelti,.
D,Db05,18,000!,000!,normal,RR-corpus_phspaelti,-
D,Db05,19,000!,000!,normal,RR-corpus_phspaelti,-
D,Db05,20,000!,000!,normal,RR-corpus_phspaelti,*
D,Db06,1,244?,244?,normal,RR-corpus_phspaelti,-
D,Db06,2,006,006,normal,RR-corpus_phspaelti,-
D,Db06,3,009,009,normal,RR-corpus_phspaelti,-
D,Db06,4,044,044,normal,RR-corpus_phspaelti,-
D,Db06,5,608V,608V,normal,RR-corpus_phspaelti,-
D,Db06,6,006,006,normal,RR-corpus_phspaelti,-
D,Db06,7,007,007,normal,RR-corpus_phspaelti,-
D,Db06,8,600,600,normal,RR-corpus_phspaelti,-
D,Db06,9,007,007,normal,RR-corpus_phspaelti,-
D,Db06,10,680,680,normal,RR-corpus_phspaelti,-
D,Db06,11,200,200,normal,RR-corpus_phspaelti,-
D,Db06,12,093f,093f,normal,RR-corpus_phspaelti,-
D,Db06,13,042,042,normal,RR-corpus_phspaelti,:
D,Db06,14,009,009,normal,RR-corpus_phspaelti,-
D,Db06,15,041,041,normal,RR-corpus_phspaelti,*
E,Er01,1,_,_,normal,RR-corpus_phspaelti,-
E,Er01,2,040?,040?,normal,RR-corpus_phspaelti,-
E,Er01,3,630?,630?,normal,RR-corpus_phspaelti,-
E,Er01,4,004?,004?,normal,RR-corpus_phspaelti,-
E,Er01,5,739,739,normal,RR-corpus_phspaelti,-
E,Er01,6,200,200,normal,RR-corpus_phspaelti,.
E,Er01,7,022,022,normal,RR-corpus_phspaelti,-
E,Er01,8,063,063,normal,RR-corpus_phspaelti,-
E,Er01,9,208,208,normal,RR-corpus_phspaelti,.
E,Er01,10,063y,063y,normal,RR-corpus_phspaelti,-
E,Er01,11,200,200,normal,RR-corpus_phspaelti,.
E,Er01,12,006x,006x,normal,RR-corpus_phspaelti,.
E,Er01,13,063,063,normal,RR-corpus_phspaelti,-
E,Er01,14,005,005,normal,RR-corpus_phspaelti,.
E,Er01,15,063y,063y,normal,RR-corpus_phspaelti,-
E,Er01,16,040,040,normal,RR-corpus_phspaelti,.
E,Er01,17,300,300,normal,RR-corpus_phspaelti,-
E,Er01,18,041,041,normal,RR-corpus_phspaelti,-
E,Er01,19,300y,300y,normal,RR-corpus_phspaelti,-
E,Er01,20,300,300,normal,RR-corpus_phspaelti,.
E,Er01,21,024,024,normal,RR-corpus_phspaelti,-
E,Er01,22,004,004,normal,RR-corpus_phspaelti,.
E,Er01,23,430,430,normal,RR-corpus_phspaelti,-
E,Er01,24,022,022,normal,RR-corpus_phspaelti,.
E,Er01,25,430y,430y,normal,RR-corpus_phspaelti,-
E,Er01,26,206,206,normal,RR-corpus_phspaelti,.
E,Er01,27,063,063,normal,RR-corpus_phspaelti,-
E,Er01,28,086,086,normal,RR-corpus_phspaelti,.
E,Er01,29,063,063,normal,RR-corpus_phspaelti,-
E,Er01,30,722,722,normal,RR-corpus_phspaelti,.
E,Er01,31,063,063,normal,RR-corpus_phspaelti,-
E,Er01,32,040,040,normal,RR-corpus_phspaelti,-
E,Er01,33,300,300,normal,RR-corpus_phspaelti,.
E,Er01,34,040,040,normal,RR-corpus_phspaelti,-
E,Er01,35,300y,300y,normal,RR-corpus_phspaelti,-
E,Er01,36,300,300,normal,RR-corpus_phspaelti,.
E,Er01,37,024,024,normal,RR-corpus_phspaelti,-
E,Er01,38,004,004,normal,RR-corpus_phspaelti,.
E,Er01,39,430,430,normal,RR-corpus_phspaelti,-
E,Er01,40,022,022,normal,RR-corpus_phspaelti,.
E,Er01,41,430y,430y,normal,RR-corpus_phspaelti,-
E,Er01,42,201,201,normal,RR-corpus_phspaelti,.
E,Er01,43,063,063,normal,RR-corpus_phspaelti,-
E,Er01,44,061?,061?,normal,RR-corpus_phspaelti,.
E,Er01,45,063,063,normal,RR-corpus_phspaelti,.
E,Er01,46,061?,061?,normal,RR-corpus_phspaelti,-
E,Er01,47,063,063,normal,RR-corpus_phspaelti,.
E,Er01,48,061,061,normal,RR-corpus_phspaelti,-
E,Er01,49,063,063,normal,RR-corpus_phspaelti,.
E,Er01,50,061,061,normal,RR-corpus_phspaelti,-
E,Er01,51,040,040,normal,RR-corpus_phspaelti,-
E,Er01,52,040,040,normal,RR-corpus_phspaelti,-
E,Er01,53,300,300,normal,RR-corpus_phspaelti,.
E,Er01,54,028x,028x,normal,RR-corpus_phspaelti,-
E,Er01,55,004,004,normal,RR-corpus_phspaelti,.
E,Er01,56,430,430,normal,RR-corpus_phspaelti,-
E,Er01,57,022,022,normal,RR-corpus_phspaelti,*
E,Er02,1,203s,203s,normal,RR-corpus_phspaelti,-
E,Er02,2,063,063,normal,RR-corpus_phspaelti,-
E,Er02,3,670,670,normal,RR-corpus_phspaelti,-
E,Er02,4,063,063,normal,RR-corpus_phspaelti,-
E,Er02,5,670,670,normal,RR-corpus_phspaelti,-
E,Er02,6,001,001,normal,RR-corpus_phspaelti,.
E,Er02,7,063,063,normal,RR-corpus_phspaelti,-
E,Er02,8,062,062,normal,RR-corpus_phspaelti,.
E,Er02,9,001,001,normal,RR-corpus_phspaelti,.
E,Er02,10,063,063,normal,RR-corpus_phspaelti,-
E,Er02,11,041,041,normal,RR-corpus_phspaelti,-
E,Er02,12,300,300,normal,RR-corpus_phspaelti,-
E,Er02,13,040,040,normal,RR-corpus_phspaelti,-
E,Er02,14,300,300,normal,RR-corpus_phspaelti,.
E,Er02,15,028x,028x,normal,RR-corpus_phspaelti,-
E,Er02,16,004,004,normal,RR-corpus_phspaelti,.
E,Er02,17,430?,430?,normal,RR-corpus_phspaelti,-
E,Er02,18,022,022,normal,RR-corpus_phspaelti,.
E,Er02,19,380y,380y,normal,RR-corpus_phspaelti,-
E,Er02,20,203s,203s,normal,RR-corpus_phspaelti,-
E,Er02,21,001,001,normal,RR-corpus_phspaelti,-
E,Er02,22,203,203,normal,RR-corpus_phspaelti,-
E,Er02,23,016,016,normal,RR-corpus_phspaelti,-
E,Er02,24,203,203,normal,RR-corpus_phspaelti,-
E,Er02,25,070t,070t,normal,RR-corpus_phspaelti,-
E,Er02,26,063,063,normal,RR-corpus_phspaelti,-
E,Er02,27,118,118,normal,RR-corpus_phspaelti,-
E,Er02,28,040,040,normal,RR-corpus_phspaelti,-
E,Er02,29,300,300,normal,RR-corpus_phspaelti,-
E,Er02,30,040,040,normal,RR-corpus_phspaelti,-
E,Er02,31,300,300,normal,RR-corpus_phspaelti,.
E,Er02,32,028x,028x,normal,RR-corpus_phspaelti,-
E,Er02,33,004,004,normal,RR-corpus_phspaelti,.
E,Er02,34,430,430,normal,RR-corpus_phspaelti,-
E,Er02,35,022,022,normal,RR-corpus_phspaelti,.
E,Er02,36,380y,380y,normal,RR-corpus_phspaelti,-
E,Er02,37,203,203,normal,RR-corpus_phspaelti,-
E,Er02,38,004?,004?,normal,RR-corpus_phspaelti,.
E,Er02,39,062?,062?,normal,RR-corpus_phspaelti,-
E,Er02,40,203,203,normal,RR-corpus_phspaelti,-
E,Er02,41,063x,063x,normal,RR-corpus_phspaelti,-
E,Er02,42,203,203,normal,RR-corpus_phspaelti,-
E,Er02,43,044,044,normal,RR-corpus_phspaelti,-
E,Er02,44,203,203,normal,RR-corpus_phspaelti,.
E,Er02,45,073?,073?,normal,RR-corpus_phspaelti,.
E,Er02,46,006,006,normal,RR-corpus_phspaelti,-
E,Er02,47,063,063,normal,RR-corpus_phspaelti,-
E,Er02,48,670,670,normal,RR-corpus_phspaelti,-
E,Er02,49,040,040,normal,RR-corpus_phspaelti,-
E,Er02,50,040,040,normal,RR-corpus_phspaelti,-
E,Er02,51,300,300,normal,RR-corpus_phspaelti,.
E,Er02,52,028x,028x,normal,RR-corpus_phspaelti,-
E,Er02,53,004,004,normal,RR-corpus_phspaelti,-
E,Er02,54,022,022,normal,RR-corpus_phspaelti,.
E,Er02,55,380y,380y,normal,RR-corpus_phspaelti,*
E,Er03,1,203s,203s,normal,RR-corpus_phspaelti,-
E,Er03,2,005t,005t,normal,RR-corpus_phspaelti,-
E,Er03,3,678,678,normal,RR-corpus_phspaelti,-
E,Er03,4,063,063,normal,RR-corpus_phspaelti,-
E,Er03,5,002,002,normal,RR-corpus_phspaelti,-
E,Er03,6,123,123,normal,RR-corpus_phspaelti,-
E,Er03,7,063,063,normal,RR-corpus_phspaelti,-
E,Er03,8,003,003,normal,RR-corpus_phspaelti,-
E,Er03,9,063,063,normal,RR-corpus_phspaelti,-
E,Er03,10,063,063,normal,RR-corpus_phspaelti,-
E,Er03,11,041,041,normal,RR-corpus_phspaelti,-
E,Er03,12,040,040,normal,RR-corpus_phspaelti,-
E,Er03,13,300,300,normal,RR-corpus_phspaelti,.
E,Er03,14,028x,028x,normal,RR-corpus_phspaelti,-
E,Er03,15,004,004,normal,RR-corpus_phspaelti,.
E,Er03,16,430y,430y,normal,RR-corpus_phspaelti,-
E,Er03,17,022,022,normal,RR-corpus_phspaelti,.
E,Er03,18,380y,380y,normal,RR-corpus_phspaelti,-
E,Er03,19,203s,203s,normal,RR-corpus_phspaelti,-
E,Er03,20,060,060,normal,RR-corpus_phspaelti,-
E,Er03,21,063,063,normal,RR-corpus_phspaelti,-
E,Er03,22,001,001,normal,RR-corpus_phspaelti,-
E,Er03,23,063,063,normal,RR-corpus_phspaelti,-
E,Er03,24,430y,430y,normal,RR-corpus_phspaelti,.
E,Er03,25,004,004,normal,RR-corpus_phspaelti,-
E,Er03,26,431y,431y,normal,RR-corpus_phspaelti,-
E,Er03,27,203,203,normal,RR-corpus_phspaelti,-
E,Er03,28,562,562,normal,RR-corpus_phspaelti,-
E,Er03,29,063,063,normal,RR-corpus_phspaelti,-
E,Er03,30,048?,048?,normal,RR-corpus_phspaelti,-
E,Er03,31,063,063,normal,RR-corpus_phspaelti,-
E,Er03,32,071,071,normal,RR-corpus_phspaelti,.
E,Er03,33,065,065,normal,RR-corpus_phspaelti,.
E,Er03,34,071,071,normal,RR-corpus_phspaelti,-
E,Er03,35,041,041,normal,RR-corpus_phspaelti,-
E,Er03,36,041,041,normal,RR-corpus_phspaelti,-
E,Er03,37,300,300,normal,RR-corpus_phspaelti,.
E,Er03,38,028x,028x,normal,RR-corpus_phspaelti,.
E,Er03,39,003?,003?,normal,RR-corpus_phspaelti,-
E,Er03,40,004,004,normal,RR-corpus_phspaelti,.
E,Er03,41,430,430,normal,RR-corpus_phspaelti,-
E,Er03,42,022,022,normal,RR-corpus_phspaelti,.
E,Er03,43,380y,380y,normal,RR-corpus_phspaelti,-
E,Er03,44,203,203,normal,RR-corpus_phspaelti,-
E,Er03,45,022,022,normal,RR-corpus_phspaelti,-
E,Er03,46,022,022,normal,RR-corpus_phspaelti,-
E,Er03,47,063,063,normal,RR-corpus_phspaelti,-
E,Er03,48,041,041,normal,RR-corpus_phspaelti,-
E,Er03,49,063,063,normal,RR-corpus_phspaelti,*
E,Er04,1,385,385,normal,RR-corpus_phspaelti,-
E,Er04,2,040,040,normal,RR-corpus_phspaelti,-
E,Er04,3,300,300,normal,RR-corpus_phspaelti,.
E,Er04,4,040,040,normal,RR-corpus_phspaelti,-
E,Er04,5,300,300,normal,RR-corpus_phspaelti,.
E,Er04,6,028x,028x,normal,RR-corpus_phspaelti,-
E,Er04,7,004,004,normal,RR-corpus_phspaelti,.
E,Er04,8,430,430,normal,RR-corpus_phspaelti,-
E,Er04,9,022,022,normal,RR-corpus_phspaelti,-
E,Er04,10,520fy,520fy,normal,RR-corpus_phspaelti,.
E,Er04,11,063,063,normal,RR-corpus_phspaelti,-
E,Er04,12,005t,005t,normal,RR-corpus_phspaelti,-
E,Er04,13,386,386,normal,RR-corpus_phspaelti,.
E,Er04,14,003,003,normal,RR-corpus_phspaelti,-
E,Er04,15,013,013,normal,RR-corpus_phspaelti,-
E,Er04,16,008,008,normal,RR-corpus_phspaelti,-
E,Er04,17,405,405,normal,RR-corpus_phspaelti,-
E,Er04,18,670,670,normal,RR-corpus_phspaelti,-
E,Er04,19,053,053,normal,RR-corpus_phspaelti,.
E,Er04,20,009,009,normal,RR-corpus_phspaelti,-
E,Er04,21,002,002,normal,RR-corpus_phspaelti,.
E,Er04,22,010?,010?,normal,RR-corpus_phspaelti,.
E,Er04,23,009,009,normal,RR-corpus_phspaelti,-
E,Er04,24,002,002,normal,RR-corpus_phspaelti,.
E,Er04,25,009,009,normal,RR-corpus_phspaelti,-
E,Er04,26,739,739,normal,RR-corpus_phspaelti,-
E,Er04,27,027,027,normal,RR-corpus_phspaelti,-
E,Er04,28,739,739,normal,RR-corpus_phspaelti,-
E,Er04,29,006,006,normal,RR-corpus_phspaelti,-
E,Er04,30,090,090,normal,RR-corpus_phspaelti,-
E,Er04,31,004,004,normal,RR-corpus_phspaelti,.
E,Er04,32,430,430,normal,RR-corpus_phspaelti,-
E,Er04,33,022,022,normal,RR-corpus_phspaelti,.
E,Er04,34,380y,380y,normal,RR-corpus_phspaelti,-
E,Er04,35,305,305,normal,RR-corpus_phspaelti,.
E,Er04,36,047,047,normal,RR-corpus_phspaelti,.
E,Er04,37,074f,074f,normal,RR-corpus_phspaelti,-
E,Er04,38,004,004,normal,RR-corpus_phspaelti,.
E,Er04,39,008,008,normal,RR-corpus_phspaelti,-
E,Er04,40,048,048,normal,RR-corpus_phspaelti,-
E,Er04,41,007,007,normal,RR-corpus_phspaelti,-
E,Er04,42,001,001,normal,RR-corpus_phspaelti,-
E,Er04,43,191,191,normal,RR-corpus_phspaelti,.
E,Er04,44,048,048,normal,RR-corpus_phspaelti,-
E,Er04,45,520fy,520fy,normal,RR-corpus_phspaelti,.
E,Er04,46,044,044,normal,RR-corpus_phspaelti,-
E,Er04,47,007,007,normal,RR-corpus_phspaelti,-
E,Er04,48,380,380,normal,RR-corpus_phspaelti,.
E,Er04,49,044,044,normal,RR-corpus_phspaelti,-
E,Er04,50,721,721,normal,RR-corpus_phspaelti,-
E,Er04,51,415,415,normal,RR-corpus_phspaelti,-
E,Er04,52,074,074,normal,RR-corpus_phspaelti,-
E,Er04,53,526y,526y,normal,RR-corpus_phspaelti,-
E,Er04,54,001,001,normal,RR-corpus_phspaelti,-
E,Er04,55,005,005,normal,RR-corpus_phspaelti,*
E,Er05,1,204s,204s,normal,RR-corpus_phspaelti,-
E,Er05,2,001,001,normal,RR-corpus_phspaelti,-
E,Er05,3,005,005,normal,RR-corpus_phspaelti,-
E,Er05,4,204s,204s,normal,RR-corpus_phspaelti,-
E,Er05,5,009,009,normal,RR-corpus_phspaelti,-
E,Er05,6,005,005,normal,RR-corpus_phspaelti,-
E,Er05,7,204s,204s,normal,RR-corpus_phspaelti,-
E,Er05,8,005,005,normal,RR-corpus_phspaelti,-
E,Er05,9,205s,205s,normal,RR-corpus_phspaelti,-
E,Er05,10,005,005,normal,RR-corpus_phspaelti,-
E,Er05,11,205s,205s,normal,RR-corpus_phspaelti,-
E,Er05,12,001,001,normal,RR-corpus_phspaelti,-
E,Er05,13,049,049,normal,RR-corpus_phspaelti,-
E,Er05,14,005,005,normal,RR-corpus_phspaelti,-
E,Er05,15,205s?,205s?,normal,RR-corpus_phspaelti,-
E,Er05,16,700,700,normal,RR-corpus_phspaelti,-
E,Er05,17,700,700,normal,RR-corpus_phspaelti,-
E,Er05,18,005,005,normal,RR-corpus_phspaelti,-
E,Er05,19,001,001,normal,RR-corpus_phspaelti,-
E,Er05,20,670,670,normal,RR-corpus_phspaelti,-
E,Er05,21,002,002,normal,RR-corpus_phspaelti,-
E,Er05,22,670,670,normal,RR-corpus_phspaelti,-
E,Er05,23,002,002,normal,RR-corpus_phspaelti,-
E,Er05,24,200,200,normal,RR-corpus_phspaelti,.
E,Er05,25,002,002,normal,RR-corpus_phspaelti,-
E,Er05,26,431y,431y,normal,RR-corpus_phspaelti,-
E,Er05,27,002,002,normal,RR-corpus_phspaelti,-
E,Er05,28,200,200,normal,RR-corpus_phspaelti,.
E,Er05,29,022,022,normal,RR-corpus_phspaelti,-
E,Er05,30,206s,206s,normal,RR-corpus_phspaelti,-
E,Er05,31,001,001,normal,RR-corpus_phspaelti,-
E,Er05,32,206,206,normal,RR-corpus_phspaelti,.
E,Er05,33,076?,076?,normal,RR-corpus_phspaelti,-
E,Er05,34,048,048,normal,RR-corpus_phspaelti,-
E,Er05,35,004,004,normal,RR-corpus_phspaelti,.
E,Er05,36,430y,430y,normal,RR-corpus_phspaelti,-
E,Er05,37,022,022,normal,RR-corpus_phspaelti,.
E,Er05,38,380y,380y,normal,RR-corpus_phspaelti,-
E,Er05,39,300y?,300y?,normal,RR-corpus_phspaelti,.
E,Er05,40,044,044,normal,RR-corpus_phspaelti,-
E,Er05,41,300y?,300y?,normal,RR-corpus_phspaelti,.
E,Er05,42,044,044,normal,RR-corpus_phspaelti,-
E,Er05,43,300,300,normal,RR-corpus_phspaelti,.
E,Er05,44,055,055,normal,RR-corpus_phspaelti,-
E,Er05,45,300,300,normal,RR-corpus_phspaelti,.
E,Er05,46,053,053,normal,RR-corpus_phspaelti,-
E,Er05,47,200,200,normal,RR-corpus_phspaelti,.
E,Er05,48,053,053,normal,RR-corpus_phspaelti,-
E,Er05,49,017,017,normal,RR-corpus_phspaelti,-
E,Er05,50,053,053,normal,RR-corpus_phspaelti,-
E,Er05,51,017,017,normal,RR-corpus_phspaelti,-
E,Er05,52,004,004,normal,RR-corpus_phspaelti,.
E,Er05,53,430,430,normal,RR-corpus_phspaelti,*
E,Er06,1,022,022,normal,RR-corpus_phspaelti,.
E,Er06,2,460,460,normal,RR-corpus_phspaelti,-
E,Er06,3,739,739,normal,RR-corpus_phspaelti,-
E,Er06,4,300,300,normal,RR-corpus_phspaelti,-
E,Er06,5,739,739,normal,RR-corpus_phspaelti,-
E,Er06,6,300y,300y,normal,RR-corpus_phspaelti,-
E,Er06,7,300,300,normal,RR-corpus_phspaelti,.
E,Er06,8,004,004,normal,RR-corpus_phspaelti,.
E,Er06,9,064?,064?,normal,RR-corpus_phspaelti,-
E,Er06,10,430y,430y,normal,RR-corpus_phspaelti,-
E,Er06,11,300,300,normal,RR-corpus_phspaelti,.
E,Er06,12,001,001,normal,RR-corpus_phspaelti,-
E,Er06,13,430,430,normal,RR-corpus_phspaelti,-
E,Er06,14,008,008,normal,RR-corpus_phspaelti,-
E,Er06,15,300,300,normal,RR-corpus_phspaelti,.
E,Er06,16,001,001,normal,RR-corpus_phspaelti,.
E,Er06,17,076,076,normal,RR-corpus_phspaelti,-
E,Er06,18,049f,049f,normal,RR-corpus_phspaelti,-
E,Er06,19,200,200,normal,RR-corpus_phspaelti,.
E,Er06,20,001,001,normal,RR-corpus_phspaelti,-
E,Er06,21,206,206,normal,RR-corpus_phspaelti,-
E,Er06,22,004,004,normal,RR-corpus_phspaelti,.
E,Er06,23,431,431,normal,RR-corpus_phspaelti,-
E,Er06,24,022,022,normal,RR-corpus_phspaelti,.
E,Er06,25,380y,380y,normal,RR-corpus_phspaelti,-
E,Er06,26,200,200,normal,RR-corpus_phspaelti,.
E,Er06,27,450,450,normal,RR-corpus_phspaelti,-
E,Er06,28,280,280,normal,RR-corpus_phspaelti,.
E,Er06,29,450,450,normal,RR-corpus_phspaelti,-
E,Er06,30,770b,770b,normal,RR-corpus_phspaelti,-
E,Er06,31,450,450,normal,RR-corpus_phspaelti,-
E,Er06,32,730,730,normal,RR-corpus_phspaelti,-
E,Er06,33,450,450,normal,RR-corpus_phspaelti,-
E,Er06,34,730,730,normal,RR-corpus_phspaelti,-
E,Er06,35,450,450,normal,RR-corpus_phspaelti,-
E,Er06,36,407,407,normal,RR-corpus_phspaelti,-
E,Er06,37,450,450,normal,RR-corpus_phspaelti,-
E,Er06,38,608,608,normal,RR-corpus_phspaelti,-
E,Er06,39,450,450,normal,RR-corpus_phspaelti,-
E,Er06,40,680,680,normal,RR-corpus_phspaelti,-
E,Er06,41,040,040,normal,RR-corpus_phspaelti,-
E,Er06,42,040,040,normal,RR-corpus_phspaelti,-
E,Er06,43,300,300,normal,RR-corpus_phspaelti,.
E,Er06,44,028x,028x,normal,RR-corpus_phspaelti,-
E,Er06,45,004,004,normal,RR-corpus_phspaelti,.
E,Er06,46,430,430,normal,RR-corpus_phspaelti,-
E,Er06,47,022,022,normal,RR-corpus_phspaelti,.
E,Er06,48,380y,380y,normal,RR-corpus_phspaelti,-
E,Er06,49,204,204,normal,RR-corpus_phspaelti,.
E,Er06,50,077,077,normal,RR-corpus_phspaelti,-
E,Er06,51,711?,711?,normal,RR-corpus_phspaelti,-
E,Er06,52,711,711,normal,RR-corpus_phspaelti,-
E,Er06,53,700,700,normal,RR-corpus_phspaelti,*
E,Er07,1,001?,001?,normal,RR-corpus_phspaelti,-
E,Er07,2,053,053,normal,RR-corpus_phspaelti,-
E,Er07,3,022,022,normal,RR-corpus_phspaelti,-
E,Er07,4,022,022,normal,RR-corpus_phspaelti,-
E,Er07,5,076,076,normal,RR-corpus_phspaelti,-
E,Er07,6,022,022,normal,RR-corpus_phspaelti,-
E,Er07,7,022,022,normal,RR-corpus_phspaelti,-
E,Er07,8,092,092,normal,RR-corpus_phspaelti,-
E,Er07,9,050,050,normal,RR-corpus_phspaelti,.
E,Er07,10,006,006,normal,RR-corpus_phspaelti,-
E,Er07,11,670,670,normal,RR-corpus_phspaelti,-
E,Er07,12,092,092,normal,RR-corpus_phspaelti,-
E,Er07,13,050,050,normal,RR-corpus_phspaelti,.
E,Er07,14,006,006,normal,RR-corpus_phspaelti,-
E,Er07,15,670,670,normal,RR-corpus_phspaelti,-
E,Er07,16,092,092,normal,RR-corpus_phspaelti,-
E,Er07,17,050,050,normal,RR-corpus_phspaelti,.
E,Er07,18,006,006,normal,RR-corpus_phspaelti,-
E,Er07,19,670,670,normal,RR-corpus_phspaelti,-
E,Er07,20,002,002,normal,RR-corpus_phspaelti,-
E,Er07,21,670,670,normal,RR-corpus_phspaelti,-
E,Er07,22,002,002,normal,RR-corpus_phspaelti,-
E,Er07,23,670,670,normal,RR-corpus_phspaelti,-
E,Er07,24,002,002,normal,RR-corpus_phspaelti,-
E,Er07,25,027x?,027x?,normal,RR-corpus_phspaelti,-
E,Er07,26,027x?,027x?,normal,RR-corpus_phspaelti,-
E,Er07,27,420y,420y,normal,RR-corpus_phspaelti,.
E,Er07,28,005,005,normal,RR-corpus_phspaelti,-
E,Er07,29,200?,200?,normal,RR-corpus_phspaelti,.
E,Er07,30,048,048,normal,RR-corpus_phspaelti,-
E,Er07,31,608,608,normal,RR-corpus_phspaelti,-
E,Er07,32,205,205,normal,RR-corpus_phspaelti,-
E,Er07,33,019?,019?,normal,RR-corpus_phspaelti,-
E,Er07,34,205,205,normal,RR-corpus_phspaelti,-
E,Er07,35,697,697,normal,RR-corpus_phspaelti,-
E,Er07,36,407,407,normal,RR-corpus_phspaelti,-
E,Er07,37,522fy,522fy,normal,RR-corpus_phspaelti,-
E,Er07,38,002,002,normal,RR-corpus_phspaelti,-
E,Er07,39,010,010,normal,RR-corpus_phspaelti,.
E,Er07,40,007,007,normal,RR-corpus_phspaelti,-
E,Er07,41,004,004,normal,RR-corpus_phspaelti,.
E,Er07,42,_,_,normal,RR-corpus_phspaelti,:
E,Er07,43,431,431,normal,RR-corpus_phspaelti,-
E,Er07,44,022,022,normal,RR-corpus_phspaelti,.
E,Er07,45,380y,380y,normal,RR-corpus_phspaelti,-
E,Er07,46,204s,204s,normal,RR-corpus_phspaelti,-
E,Er07,47,664,664,normal,RR-corpus_phspaelti,-
E,Er07,48,091,091,normal,RR-corpus_phspaelti,-
E,Er07,49,008,008,normal,RR-corpus_phspaelti,-
E,Er07,50,009,009,normal,RR-corpus_phspaelti,*
E,Er08,1,091,091,normal,RR-corpus_phspaelti,-
E,Er08,2,008,008,normal,RR-corpus_phspaelti,-
E,Er08,3,001?,001?,normal,RR-corpus_phspaelti,-
E,Er08,4,000!,000!,normal,RR-corpus_phspaelti,-
E,Er08,5,053,053,normal,RR-corpus_phspaelti,-
E,Er08,6,_,_,normal,RR-corpus_phspaelti,-
E,Er08,7,_,_,normal,RR-corpus_phspaelti,-
E,Er08,8,000!,000!,normal,RR-corpus_phspaelti,-
E,Er08,9,_,_,normal,RR-corpus_phspaelti,-
E,Er08,10,004,004,normal,RR-corpus_phspaelti,.
E,Er08,11,430,430,normal,RR-corpus_phspaelti,-
E,Er08,12,022,022,normal,RR-corpus_phspaelti,.
E,Er08,13,380y,380y,normal,RR-corpus_phspaelti,-
E,Er08,14,093,093,normal,RR-corpus_phspaelti,-
E,Er08,15,069,069,normal,RR-corpus_phspaelti,.
E,Er08,16,070,070,normal,RR-corpus_phspaelti,-
E,Er08,17,004,004,normal,RR-corpus_phspaelti,.
E,Er08,18,065,065,normal,RR-corpus_phspaelti,.
E,Er08,19,004,004,normal,RR-corpus_phspaelti,-
E,Er08,20,006,006,normal,RR-corpus_phspaelti,-
E,Er08,21,206s,206s,normal,RR-corpus_phspaelti,-
E,Er08,22,004,004,normal,RR-corpus_phspaelti,.
E,Er08,23,430,430,normal,RR-corpus_phspaelti,-
E,Er08,24,022,022,normal,RR-corpus_phspaelti,.
E,Er08,25,380y,380y,normal,RR-corpus_phspaelti,-
E,Er08,26,200,200,normal,RR-corpus_phspaelti,-
E,Er08,27,400,400,normal,RR-corpus_phspaelti,.
E,Er08,28,005,005,normal,RR-corpus_phspaelti,-
E,Er08,29,255,255,normal,RR-corpus_phspaelti,-
E,Er08,30,279,279,normal,RR-corpus_phspaelti,-
E,Er08,31,010,010,normal,RR-corpus_phspaelti,.
E,Er08,32,430y,430y,normal,RR-corpus_phspaelti,-
E,Er08,33,010,010,normal,RR-corpus_phspaelti,.
E,Er08,34,009,009,normal,RR-corpus_phspaelti,-
E,Er08,35,004,004,normal,RR-corpus_phspaelti,.
E,Er08,36,430,430,normal,RR-corpus_phspaelti,-
E,Er08,37,022,022,normal,RR-corpus_phspaelti,.
E,Er08,38,380y,380y,normal,RR-corpus_phspaelti,-
E,Er08,39,226,226,normal,RR-corpus_phspaelti,-
E,Er08,40,022f,022f,normal,RR-corpus_phspaelti,-
E,Er08,41,670,670,normal,RR-corpus_phspaelti,-
E,Er08,42,700,700,normal,RR-corpus_phspaelti,-
E,Er08,43,381,381,normal,RR-corpus_phspaelti,-
E,Er08,44,079,079,normal,RR-corpus_phspaelti,-
E,Er08,45,004,004,normal,RR-corpus_phspaelti,.
E,Er08,46,670,670,normal,RR-corpus_phspaelti,-
E,Er08,47,022,022,normal,RR-corpus_phspaelti,.
E,Er08,48,380y,380y,normal,RR-corpus_phspaelti,-
E,Er08,49,011,011,normal,RR-corpus_phspaelti,.
E,Er08,50,208,208,normal,RR-corpus_phspaelti,-
E,Er08,51,470,470,normal,RR-corpus_phspaelti,.
E,Er08,52,076,076,normal,RR-corpus_phspaelti,-
E,Er08,53,739,739,normal,RR-corpus_phspaelti,*
E,Er09,1,022f,022f,normal,RR-corpus_phspaelti,-
E,Er09,2,770,770,normal,RR-corpus_phspaelti,-
E,Er09,3,060,060,normal,RR-corpus_phspaelti,-
E,Er09,4,400?,400?,normal,RR-corpus_phspaelti,-
E,Er09,5,225?,225?,normal,RR-corpus_phspaelti,-
E,Er09,6,380,380,normal,RR-corpus_phspaelti,.
E,Er09,7,041,041,normal,RR-corpus_phspaelti,-
E,Er09,8,045,045,normal,RR-corpus_phspaelti,-
E,Er09,9,381,381,normal,RR-corpus_phspaelti,-
E,Er09,10,770,770,normal,RR-corpus_phspaelti,-
E,Er09,11,770,770,normal,RR-corpus_phspaelti,-
E,Er09,12,092?,092?,normal,RR-corpus_phspaelti,-
E,Er09,13,000!,000!,normal,RR-corpus_phspaelti,-
E,Er09,14,000!,000!,normal,RR-corpus_phspaelti,-
E,Er09,15,256?,256?,normal,RR-corpus_phspaelti,-
E,Er09,16,386,386,normal,RR-corpus_phspaelti,-
E,Er09,17,700,700,normal,RR-corpus_phspaelti,-
E,Er09,18,700,700,normal,RR-corpus_phspaelti,-
E,Er09,19,380,380,normal,RR-corpus_phspaelti,.
E,Er09,20,739,739,normal,RR-corpus_phspaelti,-
E,Er09,21,141,141,normal,RR-corpus_phspaelti,-
E,Er09,22,380,380,normal,RR-corpus_phspaelti,.
E,Er09,23,739,739,normal,RR-corpus_phspaelti,-
E,Er09,24,009,009,normal,RR-corpus_phspaelti,-
E,Er09,25,380,380,normal,RR-corpus_phspaelti,.
E,Er09,26,017,017,normal,RR-corpus_phspaelti,-
E,Er09,27,004,004,normal,RR-corpus_phspaelti,.
E,Er09,28,670,670,normal,RR-corpus_phspaelti,-
E,Er09,29,022,022,normal,RR-corpus_phspaelti,.
E,Er09,30,430y,430y,normal,RR-corpus_phspaelti,-
E,Er09,31,001,001,normal,RR-corpus_phspaelti,.
E,Er09,32,009,009,normal,RR-corpus_phspaelti,-
E,Er09,33,755,755,normal,RR-corpus_phspaelti,-
E,Er09,34,050,050,normal,RR-corpus_phspaelti,.
E,Er09,35,010,010,normal,RR-corpus_phspaelti,-
E,Er09,36,005,005,normal,RR-corpus_phspaelti,-
E,Er09,37,037?,037?,normal,RR-corpus_phspaelti,-
E,Er09,38,045?,045?,normal,RR-corpus_phspaelti,-
E,Er09,39,001,001,normal,RR-corpus_phspaelti,-
E,Er09,40,561,561,normal,RR-corpus_phspaelti,.
E,Er09,41,_,_,normal,RR-corpus_phspaelti,-
E,Er09,42,700,700,normal,RR-corpus_phspaelti,-
E,Er09,43,280,280,normal,RR-corpus_phspaelti,-
E,Er09,44,001?,001?,normal,RR-corpus_phspaelti,-
E,Er09,45,007,007,normal,RR-corpus_phspaelti,*
E,Ev01,1,_,_,normal,RR-corpus_phspaelti,-
E,Ev01,2,022,022,normal,RR-corpus_phspaelti,-
E,Ev01,3,002,002,normal,RR-corpus_phspaelti,-
E,Ev01,4,034V?,034V?,normal,RR-corpus_phspaelti,-
E,Ev01,5,002,002,normal,RR-corpus_phspaelti,-
E,Ev01,6,001,001,normal,RR-corpus_phspaelti,-
E,Ev01,7,002,002,normal,RR-corpus_phspaelti,-
E,Ev01,8,034,034,normal,RR-corpus_phspaelti,-
E,Ev01,9,306,306,normal,RR-corpus_phspaelti,.
E,Ev01,10,003,003,normal,RR-corpus_phspaelti,-
E,Ev01,11,070,070,normal,RR-corpus_phspaelti,-
E,Ev01,12,521s,521s,normal,RR-corpus_phspaelti,-
E,Ev01,13,306,306,normal,RR-corpus_phspaelti,.
E,Ev01,14,003,003,normal,RR-corpus_phspaelti,-
E,Ev01,15,070,070,normal,RR-corpus_phspaelti,-
E,Ev01,16,063?,063?,normal,RR-corpus_phspaelti,-
E,Ev01,17,022f,022f,normal,RR-corpus_phspaelti,-
E,Ev01,18,063?,063?,normal,RR-corpus_phspaelti,-
E,Ev01,19,001,001,normal,RR-corpus_phspaelti,-
E,Ev01,20,694,694,normal,RR-corpus_phspaelti,-
E,Ev01,21,056,056,normal,RR-corpus_phspaelti,-
E,Ev01,22,034,034,normal,RR-corpus_phspaelti,-
E,Ev01,23,700,700,normal,RR-corpus_phspaelti,-
E,Ev01,24,204s,204s,normal,RR-corpus_phspaelti,-
E,Ev01,25,005,005,normal,RR-corpus_phspaelti,-
E,Ev01,26,022f,022f,normal,RR-corpus_phspaelti,-
E,Ev01,27,068,068,normal,RR-corpus_phspaelti,-
E,Ev01,28,022?,022?,normal,RR-corpus_phspaelti,.
E,Ev01,29,006,006,normal,RR-corpus_phspaelti,.
E,Ev01,30,003,003,normal,RR-corpus_phspaelti,-
E,Ev01,31,005,005,normal,RR-corpus_phspaelti,-
E,Ev01,32,079,079,normal,RR-corpus_phspaelti,.
E,Ev01,33,010?,010?,normal,RR-corpus_phspaelti,-
E,Ev01,34,079,079,normal,RR-corpus_phspaelti,.
E,Ev01,35,010?,010?,normal,RR-corpus_phspaelti,-
E,Ev01,36,300,300,normal,RR-corpus_phspaelti,.
E,Ev01,37,058,058,normal,RR-corpus_phspaelti,-
E,Ev01,38,048?,048?,normal,RR-corpus_phspaelti,-
E,Ev01,39,000!,000!,normal,RR-corpus_phspaelti,-
E,Ev01,40,001?,001?,normal,RR-corpus_phspaelti,.
E,Ev01,41,006,006,normal,RR-corpus_phspaelti,-
E,Ev01,42,379y?,379y?,normal,RR-corpus_phspaelti,-
E,Ev01,43,025,025,normal,RR-corpus_phspaelti,-
E,Ev01,44,006,006,normal,RR-corpus_phspaelti,-
E,Ev01,45,000!,000!,normal,RR-corpus_phspaelti,-
E,Ev01,46,254?,254?,normal,RR-corpus_phspaelti,-
E,Ev01,47,009,009,normal,RR-corpus_phspaelti,-
E,Ev01,48,004,004,normal,RR-corpus_phspaelti,.
E,Ev01,49,064,064,normal,RR-corpus_phspaelti,-
E,Ev01,50,050,050,normal,RR-corpus_phspaelti,-
E,Ev01,51,001?,001?,normal,RR-corpus_phspaelti,-
E,Ev01,52,005,005,normal,RR-corpus_phspaelti,.
E,Ev01,53,037,037,normal,RR-corpus_phspaelti,*
E,Ev02,1,002,002,normal,RR-corpus_phspaelti,.
E,Ev02,2,003,003,normal,RR-corpus_phspaelti,-
E,Ev02,3,254,254,normal,RR-corpus_phspaelti,-
E,Ev02,4,522f,522f,normal,RR-corpus_phspaelti,-
E,Ev02,5,022f,022f,normal,RR-corpus_phspaelti,-
E,Ev02,6,001,001,normal,RR-corpus_phspaelti,.
E,Ev02,7,071,071,normal,RR-corpus_phspaelti,-
E,Ev02,8,077,077,normal,RR-corpus_phspaelti,-
E,Ev02,9,027,027,normal,RR-corpus_phspaelti,.
E,Ev02,10,711,711,normal,RR-corpus_phspaelti,-
E,Ev02,11,294s,294s,normal,RR-corpus_phspaelti,-
E,Ev02,12,002,002,normal,RR-corpus_phspaelti,.
E,Ev02,13,071,071,normal,RR-corpus_phspaelti,-
E,Ev02,14,211s,211s,normal,RR-corpus_phspaelti,-
E,Ev02,15,091,091,normal,RR-corpus_phspaelti,-
E,Ev02,16,071,071,normal,RR-corpus_phspaelti,-
E,Ev02,17,006,006,normal,RR-corpus_phspaelti,-
E,Ev02,18,047,047,normal,RR-corpus_phspaelti,.
E,Ev02,19,010f,010f,normal,RR-corpus_phspaelti,.
E,Ev02,20,201s,201s,normal,RR-corpus_phspaelti,-
E,Ev02,21,380,380,normal,RR-corpus_phspaelti,.
E,Ev02,22,001,001,normal,RR-corpus_phspaelti,-
E,Ev02,23,739,739,normal,RR-corpus_phspaelti,.
E,Ev02,24,400,400,normal,RR-corpus_phspaelti,-
E,Ev02,25,400,400,normal,RR-corpus_phspaelti,.
E,Ev02,26,004,004,normal,RR-corpus_phspaelti,-
E,Ev02,27,700,700,normal,RR-corpus_phspaelti,-
E,Ev02,28,004,004,normal,RR-corpus_phspaelti,-
E,Ev02,29,700,700,normal,RR-corpus_phspaelti,-
E,Ev02,30,380,380,normal,RR-corpus_phspaelti,.
E,Ev02,31,001,001,normal,RR-corpus_phspaelti,-
E,Ev02,32,022f,022f,normal,RR-corpus_phspaelti,.
E,Ev02,33,071,071,normal,RR-corpus_phspaelti,-
E,Ev02,34,343,343,normal,RR-corpus_phspaelti,-
E,Ev02,35,044t,044t,normal,RR-corpus_phspaelti,-
E,Ev02,36,697,697,normal,RR-corpus_phspaelti,-
E,Ev02,37,380,380,normal,RR-corpus_phspaelti,.
E,Ev02,38,001,001,normal,RR-corpus_phspaelti,-
E,Ev02,39,600,600,normal,RR-corpus_phspaelti,.
E,Ev02,40,591,591,normal,RR-corpus_phspaelti,.
E,Ev02,41,006,006,normal,RR-corpus_phspaelti,-
E,Ev02,42,400,400,normal,RR-corpus_phspaelti,.
E,Ev02,43,591,591,normal,RR-corpus_phspaelti,-
E,Ev02,44,380,380,normal,RR-corpus_phspaelti,.
E,Ev02,45,001,001,normal,RR-corpus_phspaelti,*
E,Ev03,1,204s,204s,normal,RR-corpus_phspaelti,-
E,Ev03,2,002,002,normal,RR-corpus_phspaelti,-
E,Ev03,3,001,001,normal,RR-corpus_phspaelti,-
E,Ev03,4,007,007,normal,RR-corpus_phspaelti,-
E,Ev03,5,326,326,normal,RR-corpus_phspaelti,-
E,Ev03,6,380,380,normal,RR-corpus_phspaelti,.
E,Ev03,7,001,001,normal,RR-corpus_phspaelti,-
E,Ev03,8,070,070,normal,RR-corpus_phspaelti,-
E,Ev03,9,040,040,normal,RR-corpus_phspaelti,.
E,Ev03,10,211x?,211x?,normal,RR-corpus_phspaelti,.
E,Ev03,11,003,003,normal,RR-corpus_phspaelti,-
E,Ev03,12,290,290,normal,RR-corpus_phspaelti,.
E,Ev03,13,095,095,normal,RR-corpus_phspaelti,-
E,Ev03,14,062?,062?,normal,RR-corpus_phspaelti,.
E,Ev03,15,004?,004?,normal,RR-corpus_phspaelti,-
E,Ev03,16,009,009,normal,RR-corpus_phspaelti,-
E,Ev03,17,062,062,normal,RR-corpus_phspaelti,.
E,Ev03,18,006,006,normal,RR-corpus_phspaelti,-
E,Ev03,19,001,001,normal,RR-corpus_phspaelti,-
E,Ev03,20,006,006,normal,RR-corpus_phspaelti,-
E,Ev03,21,001?,001?,normal,RR-corpus_phspaelti,-
E,Ev03,22,006,006,normal,RR-corpus_phspaelti,.
E,Ev03,23,003,003,normal,RR-corpus_phspaelti,-
E,Ev03,24,670,670,normal,RR-corpus_phspaelti,.
E,Ev03,25,711,711,normal,RR-corpus_phspaelti,-
E,Ev03,26,091,091,normal,RR-corpus_phspaelti,.
E,Ev03,27,711,711,normal,RR-corpus_phspaelti,-
E,Ev03,28,380,380,normal,RR-corpus_phspaelti,.
E,Ev03,29,001,001,normal,RR-corpus_phspaelti,-
E,Ev03,30,007,007,normal,RR-corpus_phspaelti,-
E,Ev03,31,067,067,normal,RR-corpus_phspaelti,.
E,Ev03,32,010f,010f,normal,RR-corpus_phspaelti,-
E,Ev03,33,067,067,normal,RR-corpus_phspaelti,.
E,Ev03,34,010t,010t,normal,RR-corpus_phspaelti,.
E,Ev03,35,490,490,normal,RR-corpus_phspaelti,-
E,Ev03,36,001t,001t,normal,RR-corpus_phspaelti,-
E,Ev03,37,670,670,normal,RR-corpus_phspaelti,-
E,Ev03,38,580,580,normal,RR-corpus_phspaelti,-
E,Ev03,39,380,380,normal,RR-corpus_phspaelti,.
E,Ev03,40,001,001,normal,RR-corpus_phspaelti,-
E,Ev03,41,245,245,normal,RR-corpus_phspaelti,.
E,Ev03,42,022f,022f,normal,RR-corpus_phspaelti,-
E,Ev03,43,004,004,normal,RR-corpus_phspaelti,.
E,Ev03,44,004,004,normal,RR-corpus_phspaelti,-
E,Ev03,45,380,380,normal,RR-corpus_phspaelti,.
E,Ev03,46,001,001,normal,RR-corpus_phspaelti,-
E,Ev03,47,022f,022f,normal,RR-corpus_phspaelti,.
E,Ev03,48,071,071,normal,RR-corpus_phspaelti,-
E,Ev03,49,063,063,normal,RR-corpus_phspaelti,.
E,Ev03,50,001?,001?,normal,RR-corpus_phspaelti,-
E,Ev03,51,380,380,normal,RR-corpus_phspaelti,.
E,Ev03,52,001,001,normal,RR-corpus_phspaelti,-
E,Ev03,53,002,002,normal,RR-corpus_phspaelti,-
E,Ev03,54,255,255,normal,RR-corpus_phspaelti,-
E,Ev03,55,050,050,normal,RR-corpus_phspaelti,-
E,Ev03,56,002,002,normal,RR-corpus_phspaelti,-
E,Ev03,57,255,255,normal,RR-corpus_phspaelti,-
E,Ev03,58,050,050,normal,RR-corpus_phspaelti,-
E,Ev03,59,002,002,normal,RR-corpus_phspaelti,*
E,Ev04,1,380,380,normal,RR-corpus_phspaelti,.
E,Ev04,2,001,001,normal,RR-corpus_phspaelti,-
E,Ev04,3,088,088,normal,RR-corpus_phspaelti,-
E,Ev04,4,001,001,normal,RR-corpus_phspaelti,-
E,Ev04,5,047,047,normal,RR-corpus_phspaelti,-
E,Ev04,6,001,001,normal,RR-corpus_phspaelti,.
E,Ev04,7,061?,061?,normal,RR-corpus_phspaelti,-
E,Ev04,8,380,380,normal,RR-corpus_phspaelti,.
E,Ev04,9,001,001,normal,RR-corpus_phspaelti,-
E,Ev04,10,280,280,normal,RR-corpus_phspaelti,-
E,Ev04,11,001,001,normal,RR-corpus_phspaelti,-
E,Ev04,12,280,280,normal,RR-corpus_phspaelti,-
E,Ev04,13,002,002,normal,RR-corpus_phspaelti,-
E,Ev04,14,001,001,normal,RR-corpus_phspaelti,-
E,Ev04,15,380,380,normal,RR-corpus_phspaelti,.
E,Ev04,16,001,001,normal,RR-corpus_phspaelti,-
E,Ev04,17,001f,001f,normal,RR-corpus_phspaelti,-
E,Ev04,18,057,057,normal,RR-corpus_phspaelti,-
E,Ev04,19,001,001,normal,RR-corpus_phspaelti,-
E,Ev04,20,001f,001f,normal,RR-corpus_phspaelti,-
E,Ev04,21,163,163,normal,RR-corpus_phspaelti,-
E,Ev04,22,200,200,normal,RR-corpus_phspaelti,-
E,Ev04,23,001,001,normal,RR-corpus_phspaelti,.
E,Ev04,24,062,062,normal,RR-corpus_phspaelti,-
E,Ev04,25,522fy,522fy,normal,RR-corpus_phspaelti,-
E,Ev04,26,380,380,normal,RR-corpus_phspaelti,.
E,Ev04,27,001,001,normal,RR-corpus_phspaelti,-
E,Ev04,28,607,607,normal,RR-corpus_phspaelti,-
E,Ev04,29,607,607,normal,RR-corpus_phspaelti,-
E,Ev04,30,650y,650y,normal,RR-corpus_phspaelti,-
E,Ev04,31,380,380,normal,RR-corpus_phspaelti,.
E,Ev04,32,001,001,normal,RR-corpus_phspaelti,-
E,Ev04,33,200,200,normal,RR-corpus_phspaelti,.
E,Ev04,34,070,070,normal,RR-corpus_phspaelti,.
E,Ev04,35,003,003,normal,RR-corpus_phspaelti,-
E,Ev04,36,380,380,normal,RR-corpus_phspaelti,.
E,Ev04,37,001,001,normal,RR-corpus_phspaelti,-
E,Ev04,38,376s,376s,normal,RR-corpus_phspaelti,-
E,Ev04,39,001,001,normal,RR-corpus_phspaelti,-
E,Ev04,40,001V,001V,normal,RR-corpus_phspaelti,-
E,Ev04,41,380,380,normal,RR-corpus_phspaelti,.
E,Ev04,42,001,001,normal,RR-corpus_phspaelti,-
E,Ev04,43,405s,405s,normal,RR-corpus_phspaelti,-
E,Ev04,44,522f,522f,normal,RR-corpus_phspaelti,-
E,Ev04,45,405s,405s,normal,RR-corpus_phspaelti,-
E,Ev04,46,022f,022f,normal,RR-corpus_phspaelti,-
E,Ev04,47,010,010,normal,RR-corpus_phspaelti,.
E,Ev04,48,700,700,normal,RR-corpus_phspaelti,-
E,Ev04,49,010,010,normal,RR-corpus_phspaelti,.
E,Ev04,50,053,053,normal,RR-corpus_phspaelti,-
E,Ev04,51,430,430,normal,RR-corpus_phspaelti,-
E,Ev04,52,430,430,normal,RR-corpus_phspaelti,-
E,Ev04,53,407,407,normal,RR-corpus_phspaelti,-
E,Ev04,54,405,405,normal,RR-corpus_phspaelti,-
E,Ev04,55,407,407,normal,RR-corpus_phspaelti,*
E,Ev05,1,022?,022?,normal,RR-corpus_phspaelti,-
E,Ev05,2,205,205,normal,RR-corpus_phspaelti,-
E,Ev05,3,380,380,normal,RR-corpus_phspaelti,.
E,Ev05,4,001,001,normal,RR-corpus_phspaelti,-
E,Ev05,5,205s,205s,normal,RR-corpus_phspaelti,-
E,Ev05,6,002,002,normal,RR-corpus_phspaelti,-
E,Ev05,7,001,001,normal,RR-corpus_phspaelti,-
E,Ev05,8,007,007,normal,RR-corpus_phspaelti,-
E,Ev05,9,292,292,normal,RR-corpus_phspaelti,-
E,Ev05,10,001t,001t,normal,RR-corpus_phspaelti,.
E,Ev05,11,063,063,normal,RR-corpus_phspaelti,-
E,Ev05,12,380,380,normal,RR-corpus_phspaelti,.
E,Ev05,13,001,001,normal,RR-corpus_phspaelti,-
E,Ev05,14,088,088,normal,RR-corpus_phspaelti,-
E,Ev05,15,047,047,normal,RR-corpus_phspaelti,.
E,Ev05,16,010,010,normal,RR-corpus_phspaelti,-
E,Ev05,17,001,001,normal,RR-corpus_phspaelti,.
E,Ev05,18,061,061,normal,RR-corpus_phspaelti,-
E,Ev05,19,380,380,normal,RR-corpus_phspaelti,.
E,Ev05,20,001,001,normal,RR-corpus_phspaelti,-
E,Ev05,21,207,207,normal,RR-corpus_phspaelti,-
E,Ev05,22,040h,040h,normal,RR-corpus_phspaelti,-
E,Ev05,23,073,073,normal,RR-corpus_phspaelti,.
E,Ev05,24,006,006,normal,RR-corpus_phspaelti,-
E,Ev05,25,053,053,normal,RR-corpus_phspaelti,-
E,Ev05,26,380,380,normal,RR-corpus_phspaelti,.
E,Ev05,27,001,001,normal,RR-corpus_phspaelti,-
E,Ev05,28,028,028,normal,RR-corpus_phspaelti,.
E,Ev05,29,200,200,normal,RR-corpus_phspaelti,-
E,Ev05,30,019,019,normal,RR-corpus_phspaelti,-
E,Ev05,31,380,380,normal,RR-corpus_phspaelti,.
E,Ev05,32,001,001,normal,RR-corpus_phspaelti,-
E,Ev05,33,172,172,normal,RR-corpus_phspaelti,-
E,Ev05,34,631,631,normal,RR-corpus_phspaelti,-
E,Ev05,35,008,008,normal,RR-corpus_phspaelti,:
E,Ev05,36,009,009,normal,RR-corpus_phspaelti,-
E,Ev05,37,380,380,normal,RR-corpus_phspaelti,.
E,Ev05,38,001,001,normal,RR-corpus_phspaelti,-
E,Ev05,39,091,091,normal,RR-corpus_phspaelti,-
E,Ev05,40,774,774,normal,RR-corpus_phspaelti,-
E,Ev05,41,581,581,normal,RR-corpus_phspaelti,.
E,Ev05,42,011,011,normal,RR-corpus_phspaelti,-
E,Ev05,43,380,380,normal,RR-corpus_phspaelti,.
E,Ev05,44,001,001,normal,RR-corpus_phspaelti,-
E,Ev05,45,680,680,normal,RR-corpus_phspaelti,-
E,Ev05,46,684,684,normal,RR-corpus_phspaelti,-
E,Ev05,47,224,224,normal,RR-corpus_phspaelti,-
E,Ev05,48,007,007,normal,RR-corpus_phspaelti,-
E,Ev05,49,400,400,normal,RR-corpus_phspaelti,-
E,Ev05,50,206s,206s,normal,RR-corpus_phspaelti,-
E,Ev05,51,080,080,normal,RR-corpus_phspaelti,*
E,Ev06,1,020,020,normal,RR-corpus_phspaelti,-
E,Ev06,2,020,020,normal,RR-corpus_phspaelti,-
E,Ev06,3,004,004,normal,RR-corpus_phspaelti,.
E,Ev06,4,003,003,normal,RR-corpus_phspaelti,-
E,Ev06,5,056,056,normal,RR-corpus_phspaelti,-
E,Ev06,6,007,007,normal,RR-corpus_phspaelti,-
E,Ev06,7,067,067,normal,RR-corpus_phspaelti,.
E,Ev06,8,010f,010f,normal,RR-corpus_phspaelti,-
E,Ev06,9,244s,244s,normal,RR-corpus_phspaelti,-
E,Ev06,10,027,027,normal,RR-corpus_phspaelti,.
E,Ev06,11,006,006,normal,RR-corpus_phspaelti,-
E,Ev06,12,077,077,normal,RR-corpus_phspaelti,.
E,Ev06,13,034,034,normal,RR-corpus_phspaelti,-
E,Ev06,14,004,004,normal,RR-corpus_phspaelti,-
E,Ev06,15,522fy,522fy,normal,RR-corpus_phspaelti,-
E,Ev06,16,700,700,normal,RR-corpus_phspaelti,-
E,Ev06,17,600,600,normal,RR-corpus_phspaelti,-
E,Ev06,18,059f,059f,normal,RR-corpus_phspaelti,-
E,Ev06,19,324,324,normal,RR-corpus_phspaelti,-
E,Ev06,20,004,004,normal,RR-corpus_phspaelti,.
E,Ev06,21,004,004,normal,RR-corpus_phspaelti,-
E,Ev06,22,030a,030a,normal,RR-corpus_phspaelti,-
E,Ev06,23,004,004,normal,RR-corpus_phspaelti,-
E,Ev06,24,055,055,normal,RR-corpus_phspaelti,.
E,Ev06,25,010,010,normal,RR-corpus_phspaelti,-
E,Ev06,26,244,244,normal,RR-corpus_phspaelti,.
E,Ev06,27,077,077,normal,RR-corpus_phspaelti,-
E,Ev06,28,730,730,normal,RR-corpus_phspaelti,.
E,Ev06,29,001,001,normal,RR-corpus_phspaelti,-
E,Ev06,30,002,002,normal,RR-corpus_phspaelti,.
E,Ev06,31,034,034,normal,RR-corpus_phspaelti,-
E,Ev06,32,002,002,normal,RR-corpus_phspaelti,-
E,Ev06,33,001,001,normal,RR-corpus_phspaelti,-
E,Ev06,34,002,002,normal,RR-corpus_phspaelti,.
E,Ev06,35,034,034,normal,RR-corpus_phspaelti,-
E,Ev06,36,515,515,normal,RR-corpus_phspaelti,-
E,Ev06,37,040,040,normal,RR-corpus_phspaelti,-
E,Ev06,38,670,670,normal,RR-corpus_phspaelti,-
E,Ev06,39,002,002,normal,RR-corpus_phspaelti,.
E,Ev06,40,108a?,108a?,normal,RR-corpus_phspaelti,-
E,Ev06,41,001?,001?,normal,RR-corpus_phspaelti,.
E,Ev06,42,062,062,normal,RR-corpus_phspaelti,-
E,Ev06,43,200,200,normal,RR-corpus_phspaelti,.
E,Ev06,44,022,022,normal,RR-corpus_phspaelti,-
E,Ev06,45,010,010,normal,RR-corpus_phspaelti,.
E,Ev06,46,110,110,normal,RR-corpus_phspaelti,-
E,Ev06,47,400,400,normal,RR-corpus_phspaelti,.
E,Ev06,48,065,065,normal,RR-corpus_phspaelti,-
E,Ev06,49,013,013,normal,RR-corpus_phspaelti,-
E,Ev06,50,400,400,normal,RR-corpus_phspaelti,.
E,Ev06,51,065,065,normal,RR-corpus_phspaelti,-
E,Ev06,52,053,053,normal,RR-corpus_phspaelti,-
E,Ev06,53,006,006,normal,RR-corpus_phspaelti,.
E,Ev06,54,001,001,normal,RR-corpus_phspaelti,-
E,Ev06,55,006,006,normal,RR-corpus_phspaelti,.
E,Ev06,56,001,001,normal,RR-corpus_phspaelti,*
E,Ev07,1,566s,566s,normal,RR-corpus_phspaelti,-
E,Ev07,2,074,074,normal,RR-corpus_phspaelti,-
E,Ev07,3,035,035,normal,RR-corpus_phspaelti,-
E,Ev07,4,070,070,normal,RR-corpus_phspaelti,-
E,Ev07,5,035,035,normal,RR-corpus_phspaelti,-
E,Ev07,6,400,400,normal,RR-corpus_phspaelti,-
E,Ev07,7,035,035,normal,RR-corpus_phspaelti,-
E,Ev07,8,071,071,normal,RR-corpus_phspaelti,.
E,Ev07,9,065,065,normal,RR-corpus_phspaelti,.
E,Ev07,10,071,071,normal,RR-corpus_phspaelti,-
E,Ev07,11,035,035,normal,RR-corpus_phspaelti,-
E,Ev07,12,010,010,normal,RR-corpus_phspaelti,.
E,Ev07,13,067,067,normal,RR-corpus_phspaelti,-
E,Ev07,14,035,035,normal,RR-corpus_phspaelti,-
E,Ev07,15,276,276,normal,RR-corpus_phspaelti,.
E,Ev07,16,076?,076?,normal,RR-corpus_phspaelti,-
E,Ev07,17,188,188,normal,RR-corpus_phspaelti,-
E,Ev07,18,031,031,normal,RR-corpus_phspaelti,-
E,Ev07,19,509,509,normal,RR-corpus_phspaelti,-
E,Ev07,20,062?,062?,normal,RR-corpus_phspaelti,.
E,Ev07,21,004?,004?,normal,RR-corpus_phspaelti,-
E,Ev07,22,009,009,normal,RR-corpus_phspaelti,-
E,Ev07,23,092,092,normal,RR-corpus_phspaelti,-
E,Ev07,24,001,001,normal,RR-corpus_phspaelti,-
E,Ev07,25,092,092,normal,RR-corpus_phspaelti,-
E,Ev07,26,009,009,normal,RR-corpus_phspaelti,-
E,Ev07,27,092,092,normal,RR-corpus_phspaelti,-
E,Ev07,28,005,005,normal,RR-corpus_phspaelti,-
E,Ev07,29,092,092,normal,RR-corpus_phspaelti,-
E,Ev07,30,005,005,normal,RR-corpus_phspaelti,-
E,Ev07,31,092,092,normal,RR-corpus_phspaelti,-
E,Ev07,32,001,001,normal,RR-corpus_phspaelti,-
E,Ev07,33,739,739,normal,RR-corpus_phspaelti,-
E,Ev07,34,244,244,normal,RR-corpus_phspaelti,.
E,Ev07,35,003,003,normal,RR-corpus_phspaelti,-
E,Ev07,36,044?,044?,normal,RR-corpus_phspaelti,.
E,Ev07,37,009,009,normal,RR-corpus_phspaelti,-
E,Ev07,38,092,092,normal,RR-corpus_phspaelti,-
E,Ev07,39,022,022,normal,RR-corpus_phspaelti,-
E,Ev07,40,092,092,normal,RR-corpus_phspaelti,-
E,Ev07,41,090f,090f,normal,RR-corpus_phspaelti,-
E,Ev07,42,092,092,normal,RR-corpus_phspaelti,-
E,Ev07,43,386,386,normal,RR-corpus_phspaelti,.
E,Ev07,44,074,074,normal,RR-corpus_phspaelti,-
E,Ev07,45,755,755,normal,RR-corpus_phspaelti,-
E,Ev07,46,298,298,normal,RR-corpus_phspaelti,-
E,Ev07,47,020,020,normal,RR-corpus_phspaelti,-
E,Ev07,48,079,079,normal,RR-corpus_phspaelti,.
E,Ev07,49,010,010,normal,RR-corpus_phspaelti,-
E,Ev07,50,079,079,normal,RR-corpus_phspaelti,.
E,Ev07,51,010,010,normal,RR-corpus_phspaelti,-
E,Ev07,52,001,001,normal,RR-corpus_phspaelti,-
E,Ev07,53,001,001,normal,RR-corpus_phspaelti,*
E,Ev08,1,200,200,normal,RR-corpus_phspaelti,.
E,Ev08,2,007,007,normal,RR-corpus_phspaelti,-
E,Ev08,3,073,073,normal,RR-corpus_phspaelti,.
E,Ev08,4,006,006,normal,RR-corpus_phspaelti,-
E,Ev08,5,001,001,normal,RR-corpus_phspaelti,.
E,Ev08,6,006,006,normal,RR-corpus_phspaelti,-
E,Ev08,7,011,011,normal,RR-corpus_phspaelti,-
E,Ev08,8,073,073,normal,RR-corpus_phspaelti,.
E,Ev08,9,006,006,normal,RR-corpus_phspaelti,-
E,Ev08,10,700,700,normal,RR-corpus_phspaelti,-
E,Ev08,11,022,022,normal,RR-corpus_phspaelti,-
E,Ev08,12,022,022,normal,RR-corpus_phspaelti,-
E,Ev08,13,305,305,normal,RR-corpus_phspaelti,.
E,Ev08,14,053,053,normal,RR-corpus_phspaelti,-
E,Ev08,15,022f,022f,normal,RR-corpus_phspaelti,.
E,Ev08,16,010,010,normal,RR-corpus_phspaelti,-
E,Ev08,17,022,022,normal,RR-corpus_phspaelti,-
E,Ev08,18,022,022,normal,RR-corpus_phspaelti,-
E,Ev08,19,755,755,normal,RR-corpus_phspaelti,-
E,Ev08,20,099,099,normal,RR-corpus_phspaelti,-
E,Ev08,21,755,755,normal,RR-corpus_phspaelti,-
E,Ev08,22,001,001,normal,RR-corpus_phspaelti,-
E,Ev08,23,046,046,normal,RR-corpus_phspaelti,-
E,Ev08,24,073,073,normal,RR-corpus_phspaelti,.
E,Ev08,25,006,006,normal,RR-corpus_phspaelti,-
E,Ev08,26,522f,522f,normal,RR-corpus_phspaelti,-
E,Ev08,27,050,050,normal,RR-corpus_phspaelti,-
E,Ev08,28,022f,022f,normal,RR-corpus_phspaelti,-
E,Ev08,29,055b,055b,normal,RR-corpus_phspaelti,-
E,Ev08,30,590,590,normal,RR-corpus_phspaelti,.
E,Ev08,31,001,001,normal,RR-corpus_phspaelti,-
E,Ev08,32,755,755,normal,RR-corpus_phspaelti,-
E,Ev08,33,459,459,normal,RR-corpus_phspaelti,-
E,Ev08,34,379,379,normal,RR-corpus_phspaelti,-
E,Ev08,35,006,006,normal,RR-corpus_phspaelti,.
E,Ev08,36,077,077,normal,RR-corpus_phspaelti,-
E,Ev08,37,202s,202s,normal,RR-corpus_phspaelti,-
E,Ev08,38,739,739,normal,RR-corpus_phspaelti,.
E,Ev08,39,006,006,normal,RR-corpus_phspaelti,-
E,Ev08,40,020,020,normal,RR-corpus_phspaelti,-
E,Ev08,41,002,002,normal,RR-corpus_phspaelti,-
E,Ev08,42,068,068,normal,RR-corpus_phspaelti,.
E,Ev08,43,010,010,normal,RR-corpus_phspaelti,-
E,Ev08,44,077,077,normal,RR-corpus_phspaelti,.
E,Ev08,45,254,254,normal,RR-corpus_phspaelti,-
E,Ev08,46,055b,055b,normal,RR-corpus_phspaelti,-
E,Ev08,47,095,095,normal,RR-corpus_phspaelti,-
E,Ev08,48,326,326,normal,RR-corpus_phspaelti,-
E,Ev08,49,019,019,normal,RR-corpus_phspaelti,-
E,Ev08,50,057,057,normal,RR-corpus_phspaelti,-
E,Ev08,51,019,019,normal,RR-corpus_phspaelti,-
E,Ev08,52,107,107,normal,RR-corpus_phspaelti,-
E,Ev08,53,019,019,normal,RR-corpus_phspaelti,*
F,Fa01,1,300!,300!,normal,RR-corpus_phspaelti,-
F,Fa01,2,685!,685!,normal,RR-corpus_phspaelti,-
F,Fa01,3,073f!,073f!,normal,RR-corpus_phspaelti,-
F,Fa01,4,001?,001?,normal,RR-corpus_phspaelti,-
F,Fa01,5,005!,005!,normal,RR-corpus_phspaelti,-
F,Fa01,6,000!,000!,normal,RR-corpus_phspaelti,…
F,Fa01,7,_,_,normal,RR-corpus_phspaelti,…
F,Fa01,8,_,_,normal,RR-corpus_phspaelti,-
F,Fa01,9,_,_,normal,RR-corpus_phspaelti,-
F,Fa01,10,_,_,normal,RR-corpus_phspaelti,*
F,Fa02,1,000!,000!,normal,RR-corpus_phspaelti,-
F,Fa02,2,099b!,099b!,normal,RR-corpus_phspaelti,-
F,Fa02,3,052ay,052ay,normal,RR-corpus_phspaelti,.
F,Fa02,4,677,677,normal,RR-corpus_phspaelti,-
F,Fa02,5,099b!,099b!,normal,RR-corpus_phspaelti,-
F,Fa02,6,675a,675a,normal,RR-corpus_phspaelti,-
F,Fa02,7,721,721,normal,RR-corpus_phspaelti,-
F,Fa02,8,079,079,normal,RR-corpus_phspaelti,.
F,Fa02,9,000!,000!,normal,RR-corpus_phspaelti,-
F,Fa02,10,000!,000!,normal,RR-corpus_phspaelti,*
F,Fa03,1,000!,000!,normal,RR-corpus_phspaelti,-
F,Fa03,2,306s!,306s!,normal,RR-corpus_phspaelti,-
F,Fa03,3,040a,040a,normal,RR-corpus_phspaelti,-
F,Fa03,4,390,390,normal,RR-corpus_phspaelti,-
F,Fa03,5,300,300,normal,RR-corpus_phspaelti,-
F,Fa03,6,079,079,normal,RR-corpus_phspaelti,.
F,Fa03,7,670,670,normal,RR-corpus_phspaelti,-
F,Fa03,8,007,007,normal,RR-corpus_phspaelti,-
F,Fa03,9,700,700,normal,RR-corpus_phspaelti,-
F,Fa03,10,001a,001a,normal,RR-corpus_phspaelti,-
F,Fa03,11,060a,060a,normal,RR-corpus_phspaelti,-
F,Fa03,12,008!,008!,normal,RR-corpus_phspaelti,-
F,Fa03,13,_,_,normal,RR-corpus_phspaelti,*
F,Fa04,1,000!,000!,normal,RR-corpus_phspaelti,-
F,Fa04,2,260!,260!,normal,RR-corpus_phspaelti,.
F,Fa04,3,040b,040b,normal,RR-corpus_phspaelti,-
F,Fa04,4,391,391,normal,RR-corpus_phspaelti,-
F,Fa04,5,006,006,normal,RR-corpus_phspaelti,-
F,Fa04,6,685a,685a,normal,RR-corpus_phspaelti,-
F,Fa04,7,006,006,normal,RR-corpus_phspaelti,-
F,Fa04,8,685,685,normal,RR-corpus_phspaelti,-
F,Fa04,9,201!,201!,normal,RR-corpus_phspaelti,-
F,Fa04,10,000!,000!,normal,RR-corpus_phspaelti,*
F,Fa05,1,_,_,normal,RR-corpus_phspaelti,-
F,Fa05,2,008,008,normal,RR-corpus_phspaelti,-
F,Fa05,3,003a!,003a!,normal,RR-corpus_phspaelti,.
F,Fa05,4,000!,000!,normal,RR-corpus_phspaelti,-
F,Fa05,5,003a!,003a!,normal,RR-corpus_phspaelti,-
F,Fa05,6,001,001,normal,RR-corpus_phspaelti,.
F,Fa05,7,006,006,normal,RR-corpus_phspaelti,-
F,Fa05,8,099b,099b,normal,RR-corpus_phspaelti,-
F,Fa05,9,000!,000!,normal,RR-corpus_phspaelti,*
F,Fa06,1,000!,000!,normal,RR-corpus_phspaelti,*
F,Fb01,1,000!,000!,normal,RR-corpus_phspaelti,*
F,Fb02,1,000!,000!,normal,RR-corpus_phspaelti,.
F,Fb02,2,000!,000!,normal,RR-corpus_phspaelti,-
F,Fb02,3,000!,000!,normal,RR-corpus_phspaelti,-
F,Fb02,4,200!,200!,normal,RR-corpus_phspaelti,.
F,Fb02,5,_,_,normal,RR-corpus_phspaelti,-
F,Fb02,6,000!,000!,normal,RR-corpus_phspaelti,-
F,Fb02,7,000!,000!,normal,RR-corpus_phspaelti,*
F,Fb03,1,000!,000!,normal,RR-corpus_phspaelti,-
F,Fb03,2,000!,000!,normal,RR-corpus_phspaelti,-
F,Fb03,3,200!,200!,normal,RR-corpus_phspaelti,-
F,Fb03,4,096!,096!,normal,RR-corpus_phspaelti,-
F,Fb03,5,280!,280!,normal,RR-corpus_phspaelti,-
F,Fb03,6,549xy!,549xy!,normal,RR-corpus_phspaelti,.
F,Fb03,7,093!,093!,normal,RR-corpus_phspaelti,-
F,Fb03,8,078y!,078y!,normal,RR-corpus_phspaelti,-
F,Fb03,9,000!,000!,normal,RR-corpus_phspaelti,*
F,Fb04,1,000!,000!,normal,RR-corpus_phspaelti,-
F,Fb04,2,099b!,099b!,normal,RR-corpus_phspaelti,-
F,Fb04,3,093!,093!,normal,RR-corpus_phspaelti,-
F,Fb04,4,000!,000!,normal,RR-corpus_phspaelti,-
F,Fb04,5,000!,000!,normal,RR-corpus_phspaelti,-
F,Fb04,6,000!,000!,normal,RR-corpus_phspaelti,*
