doc_id,line_id,position,token,raw_token,orientation,source,notes
tablet_001,1,1,g022,g022,normal,synthetic_rongorongo_like,
tablet_001,1,2,g022,g022,normal,synthetic_rongorongo_like,
tablet_001,1,3,g022,g022,normal,synthetic_rongorongo_like,
tablet_001,1,4,g004,g004,normal,synthetic_rongorongo_like,
tablet_001,1,5,g027,g027,normal,synthetic_rongorongo_like,
tablet_001,1,6,g062,g062,normal,synthetic_rongorongo_like,
tablet_001,1,7,g062,g062,normal,synthetic_rongorongo_like,
tablet_001,1,8,g015,g015,normal,synthetic_rongorongo_like,
tablet_001,1,9,g015,g015,normal,synthetic_rongorongo_like,
tablet_001,1,10,g015,g015,normal,synthetic_rongorongo_like,
tablet_001,1,11,g002,g002,normal,synthetic_rongorongo_like,
tablet_001,1,12,g001,g001,normal,synthetic_rongorongo_like,
tablet_001,1,13,g001,g001,normal,synthetic_rongorongo_like,
tablet_001,1,14,g022,g022,normal,synthetic_rongorongo_like,
tablet_001,1,15,g002,g002,normal,synthetic_rongorongo_like,
tablet_001,1,16,g061,g061,normal,synthetic_rongorongo_like,
tablet_001,1,17,g061,g061,normal,synthetic_rongorongo_like,
tablet_001,1,18,g061,g061,normal,synthetic_rongorongo_like,
tablet_001,1,19,g061,g061,normal,synthetic_rongorongo_like,
tablet_001,1,20,g007,g007,normal,synthetic_rongorongo_like,
tablet_001,1,21,g007,g007,normal,synthetic_rongorongo_like,
tablet_001,1,22,g067,g067,normal,synthetic_rongorongo_like,
tablet_001,1,23,g001,g001,normal,synthetic_rongorongo_like,
tablet_001,1,24,g001,g001,normal,synthetic_rongorongo_like,
tablet_001,1,25,g061,g061,normal,synthetic_rongorongo_like,
tablet_001,1,26,g061,g061,normal,synthetic_rongorongo_like,
tablet_001,1,27,g021,g021,normal,synthetic_rongorongo_like,
tablet_001,1,28,g010,g010,normal,synthetic_rongorongo_like,
tablet_001,1,29,g061,g061,normal,synthetic_rongorongo_like,
tablet_001,1,30,g061,g061,normal,synthetic_rongorongo_like,
tablet_001,1,31,g025,g025,normal,synthetic_rongorongo_like,
tablet_001,1,32,g025,g025,normal,synthetic_rongorongo_like,
tablet_001,1,33,g025,g025,normal,synthetic_rongorongo_like,
tablet_001,1,34,g003,g003,normal,synthetic_rongorongo_like,
tablet_001,1,35,g001,g001,normal,synthetic_rongorongo_like,
tablet_001,1,36,g001,g001,normal,synthetic_rongorongo_like,
tablet_001,1,37,g022,g022,normal,synthetic_rongorongo_like,
tablet_001,1,38,g009,g009,normal,synthetic_rongorongo_like,
tablet_001,1,39,g003,g003,normal,synthetic_rongorongo_like,
tablet_001,1,40,g022,g022,normal,synthetic_rongorongo_like,
tablet_001,2,1,g039,g039,normal,synthetic_rongorongo_like,
tablet_001,2,2,g033,g033,normal,synthetic_rongorongo_like,
tablet_001,2,3,g022,g022,normal,synthetic_rongorongo_like,
tablet_001,2,4,g022,g022,normal,synthetic_rongorongo_like,
tablet_001,2,5,g005,g005,normal,synthetic_rongorongo_like,
tablet_001,2,6,g062,g062,normal,synthetic_rongorongo_like,
tablet_001,2,7,g021,g021,normal,synthetic_rongorongo_like,
tablet_001,2,8,g021,g021,normal,synthetic_rongorongo_like,
tablet_001,2,9,g061,g061,normal,synthetic_rongorongo_like,
tablet_001,2,10,g021,g021,normal,synthetic_rongorongo_like,
tablet_001,2,11,g001,g001,normal,synthetic_rongorongo_like,
tablet_001,2,12,g003,g003,normal,synthetic_rongorongo_like,
tablet_001,2,13,g023,g023,normal,synthetic_rongorongo_like,
tablet_001,2,14,g001,g001,normal,synthetic_rongorongo_like,
tablet_001,2,15,g071,g071,normal,synthetic_rongorongo_like,
tablet_001,2,16,g104,g104,normal,synthetic_rongorongo_like,
tablet_001,2,17,g001,g001,normal,synthetic_rongorongo_like,
tablet_001,2,18,g050,g050,normal,synthetic_rongorongo_like,
tablet_001,2,19,g001,g001,normal,synthetic_rongorongo_like,
tablet_001,2,20,g001,g001,normal,synthetic_rongorongo_like,
tablet_001,2,21,g001,g001,normal,synthetic_rongorongo_like,
tablet_001,2,22,g001,g001,normal,synthetic_rongorongo_like,
tablet_001,2,23,g109,g109,normal,synthetic_rongorongo_like,
tablet_001,2,24,g012,g012,normal,synthetic_rongorongo_like,
tablet_001,2,25,g021,g021,normal,synthetic_rongorongo_like,
tablet_001,2,26,g021,g021,normal,synthetic_rongorongo_like,
tablet_001,2,27,g003,g003,normal,synthetic_rongorongo_like,
tablet_001,2,28,g062,g062,normal,synthetic_rongorongo_like,
tablet_001,2,29,g022,g022,normal,synthetic_rongorongo_like,
tablet_001,2,30,g061,g061,normal,synthetic_rongorongo_like,
tablet_001,2,31,g002,g002,normal,synthetic_rongorongo_like,
tablet_001,2,32,g005,g005,normal,synthetic_rongorongo_like,
tablet_001,2,33,g003,g003,normal,synthetic_rongorongo_like,
tablet_001,2,34,g003,g003,normal,synthetic_rongorongo_like,
tablet_001,2,35,g003,g003,normal,synthetic_rongorongo_like,
tablet_001,2,36,g061,g061,normal,synthetic_rongorongo_like,
tablet_001,2,37,g021,g021,normal,synthetic_rongorongo_like,
tablet_001,2,38,g088,g088,normal,synthetic_rongorongo_like,
tablet_001,2,39,g002,g002,normal,synthetic_rongorongo_like,
tablet_001,2,40,g002,g002,normal,synthetic_rongorongo_like,
tablet_001,3,1,g001,g001,normal,synthetic_rongorongo_like,
tablet_001,3,2,g001,g001,normal,synthetic_rongorongo_like,
tablet_001,3,3,g061,g061,normal,synthetic_rongorongo_like,
tablet_001,3,4,g005,g005,normal,synthetic_rongorongo_like,
tablet_001,3,5,g005,g005,normal,synthetic_rongorongo_like,
tablet_001,3,6,g061,g061,normal,synthetic_rongorongo_like,
tablet_001,3,7,g001,g001,normal,synthetic_rongorongo_like,
tablet_001,3,8,g001,g001,normal,synthetic_rongorongo_like,
tablet_001,3,9,g034,g034,normal,synthetic_rongorongo_like,
tablet_001,3,10,g034,g034,normal,synthetic_rongorongo_like,
tablet_001,3,11,g021,g021,normal,synthetic_rongorongo_like,
tablet_001,3,12,g003,g003,normal,synthetic_rongorongo_like,
tablet_001,3,13,g015,g015,normal,synthetic_rongorongo_like,
tablet_001,3,14,g021,g021,normal,synthetic_rongorongo_like,
tablet_001,3,15,g002,g002,normal,synthetic_rongorongo_like,
tablet_001,3,16,g101,g101,normal,synthetic_rongorongo_like,
tablet_001,3,17,g018,g018,normal,synthetic_rongorongo_like,
tablet_001,3,18,g001,g001,normal,synthetic_rongorongo_like,
tablet_001,3,19,g006,g006,normal,synthetic_rongorongo_like,
tablet_001,3,20,g003,g003,normal,synthetic_rongorongo_like,
tablet_001,3,21,g001,g001,normal,synthetic_rongorongo_like,
tablet_001,3,22,g003,g003,normal,synthetic_rongorongo_like,
tablet_001,3,23,g061,g061,normal,synthetic_rongorongo_like,
tablet_001,3,24,g061,g061,normal,synthetic_rongorongo_like,
tablet_001,3,25,g003,g003,normal,synthetic_rongorongo_like,
tablet_001,3,26,g002,g002,normal,synthetic_rongorongo_like,
tablet_001,3,27,g002,g002,normal,synthetic_rongorongo_like,
tablet_001,3,28,g064,g064,normal,synthetic_rongorongo_like,
tablet_001,3,29,g021,g021,normal,synthetic_rongorongo_like,
tablet_001,3,30,g061,g061,normal,synthetic_rongorongo_like,
tablet_001,3,31,g061,g061,normal,synthetic_rongorongo_like,
tablet_001,3,32,g001,g001,normal,synthetic_rongorongo_like,
tablet_001,3,33,g015,g015,normal,synthetic_rongorongo_like,
tablet_001,3,34,g027,g027,normal,synthetic_rongorongo_like,
tablet_001,3,35,g080,g080,normal,synthetic_rongorongo_like,
tablet_001,3,36,g080,g080,normal,synthetic_rongorongo_like,
tablet_001,3,37,g012,g012,normal,synthetic_rongorongo_like,
tablet_001,3,38,g061,g061,normal,synthetic_rongorongo_like,
tablet_001,3,39,g002,g002,normal,synthetic_rongorongo_like,
tablet_001,3,40,g015,g015,normal,synthetic_rongorongo_like,
tablet_001,4,1,g061,g061,normal,synthetic_rongorongo_like,
tablet_001,4,2,g003,g003,normal,synthetic_rongorongo_like,
tablet_001,4,3,g001,g001,normal,synthetic_rongorongo_like,
tablet_001,4,4,g113,g113,normal,synthetic_rongorongo_like,
tablet_001,4,5,g001,g001,normal,synthetic_rongorongo_like,
tablet_001,4,6,g005,g005,normal,synthetic_rongorongo_like,
tablet_001,4,7,g023,g023,normal,synthetic_rongorongo_like,
tablet_001,4,8,g003,g003,normal,synthetic_rongorongo_like,
tablet_001,4,9,g002,g002,normal,synthetic_rongorongo_like,
tablet_001,4,10,g021,g021,normal,synthetic_rongorongo_like,
tablet_001,4,11,g015,g015,normal,synthetic_rongorongo_like,
tablet_001,4,12,g021,g021,normal,synthetic_rongorongo_like,
tablet_001,4,13,g062,g062,normal,synthetic_rongorongo_like,
tablet_001,4,14,g003,g003,normal,synthetic_rongorongo_like,
tablet_001,4,15,g003,g003,normal,synthetic_rongorongo_like,
tablet_001,4,16,g021,g021,normal,synthetic_rongorongo_like,
tablet_001,4,17,g001,g001,normal,synthetic_rongorongo_like,
tablet_001,4,18,g001,g001,normal,synthetic_rongorongo_like,
tablet_001,4,19,g002,g002,normal,synthetic_rongorongo_like,
tablet_001,4,20,g021,g021,normal,synthetic_rongorongo_like,
tablet_001,4,21,g001,g001,normal,synthetic_rongorongo_like,
tablet_001,4,22,g021,g021,normal,synthetic_rongorongo_like,
tablet_001,4,23,g070,g070,normal,synthetic_rongorongo_like,
tablet_001,4,24,g001,g001,normal,synthetic_rongorongo_like,
tablet_001,4,25,g021,g021,normal,synthetic_rongorongo_like,
tablet_001,4,26,g067,g067,normal,synthetic_rongorongo_like,
tablet_001,4,27,g021,g021,normal,synthetic_rongorongo_like,
tablet_001,4,28,g003,g003,normal,synthetic_rongorongo_like,
tablet_001,4,29,g010,g010,normal,synthetic_rongorongo_like,
tablet_001,4,30,g012,g012,normal,synthetic_rongorongo_like,
tablet_001,4,31,g012,g012,normal,synthetic_rongorongo_like,
tablet_001,4,32,g021,g021,normal,synthetic_rongorongo_like,
tablet_001,4,33,g061,g061,normal,synthetic_rongorongo_like,
tablet_001,4,34,g061,g061,normal,synthetic_rongorongo_like,
tablet_001,4,35,g070,g070,normal,synthetic_rongorongo_like,
tablet_001,4,36,g117,g117,normal,synthetic_rongorongo_like,
tablet_001,4,37,g021,g021,normal,synthetic_rongorongo_like,
tablet_001,4,38,g021,g021,normal,synthetic_rongorongo_like,
tablet_001,4,39,g019,g019,normal,synthetic_rongorongo_like,
tablet_001,4,40,g003,g003,normal,synthetic_rongorongo_like,
tablet_001,5,1,g009,g009,normal,synthetic_rongorongo_like,
tablet_001,5,2,g009,g009,normal,synthetic_rongorongo_like,
tablet_001,5,3,g061,g061,normal,synthetic_rongorongo_like,
tablet_001,5,4,g022,g022,normal,synthetic_rongorongo_like,
tablet_001,5,5,g022,g022,normal,synthetic_rongorongo_like,
tablet_001,5,6,g022,g022,normal,synthetic_rongorongo_like,
tablet_001,5,7,g022,g022,normal,synthetic_rongorongo_like,
tablet_001,5,8,g061,g061,normal,synthetic_rongorongo_like,
tablet_001,5,9,g023,g023,normal,synthetic_rongorongo_like,
tablet_001,5,10,g001,g001,normal,synthetic_rongorongo_like,
tablet_001,5,11,g001,g001,normal,synthetic_rongorongo_like,
tablet_001,5,12,g001,g001,normal,synthetic_rongorongo_like,
tablet_001,5,13,g004,g004,normal,synthetic_rongorongo_like,
tablet_001,5,14,g025,g025,normal,synthetic_rongorongo_like,
tablet_001,5,15,g022,g022,normal,synthetic_rongorongo_like,
tablet_001,5,16,g021,g021,normal,synthetic_rongorongo_like,
tablet_001,5,17,g061,g061,normal,synthetic_rongorongo_like,
tablet_001,5,18,g061,g061,normal,synthetic_rongorongo_like,
tablet_001,5,19,g015,g015,normal,synthetic_rongorongo_like,
tablet_001,5,20,g001,g001,normal,synthetic_rongorongo_like,
tablet_001,5,21,g022,g022,normal,synthetic_rongorongo_like,
tablet_001,5,22,g028,g028,normal,synthetic_rongorongo_like,
tablet_001,5,23,g016,g016,normal,synthetic_rongorongo_like,
tablet_001,5,24,g016,g016,normal,synthetic_rongorongo_like,
tablet_001,5,25,g016,g016,normal,synthetic_rongorongo_like,
tablet_001,5,26,g001,g001,normal,synthetic_rongorongo_like,
tablet_001,5,27,g062,g062,normal,synthetic_rongorongo_like,
tablet_001,5,28,g061,g061,normal,synthetic_rongorongo_like,
tablet_001,5,29,g001,g001,normal,synthetic_rongorongo_like,
tablet_001,5,30,g001,g001,normal,synthetic_rongorongo_like,
tablet_001,5,31,g005,g005,normal,synthetic_rongorongo_like,
tablet_001,5,32,g055,g055,normal,synthetic_rongorongo_like,
tablet_001,5,33,g062,g062,normal,synthetic_rongorongo_like,
tablet_001,5,34,g003,g003,normal,synthetic_rongorongo_like,
tablet_001,5,35,g003,g003,normal,synthetic_rongorongo_like,
tablet_001,5,36,g040,g040,normal,synthetic_rongorongo_like,
tablet_001,5,37,g013,g013,normal,synthetic_rongorongo_like,
tablet_001,5,38,g001,g001,normal,synthetic_rongorongo_like,
tablet_001,5,39,g061,g061,normal,synthetic_rongorongo_like,
tablet_001,5,40,g061,g061,normal,synthetic_rongorongo_like,
tablet_001,6,1,g005,g005,normal,synthetic_rongorongo_like,
tablet_001,6,2,g062,g062,normal,synthetic_rongorongo_like,
tablet_001,6,3,g064,g064,normal,synthetic_rongorongo_like,
tablet_001,6,4,g001,g001,normal,synthetic_rongorongo_like,
tablet_001,6,5,g012,g012,normal,synthetic_rongorongo_like,
tablet_001,6,6,g005,g005,normal,synthetic_rongorongo_like,
tablet_001,6,7,g026,g026,normal,synthetic_rongorongo_like,
tablet_001,6,8,g005,g005,normal,synthetic_rongorongo_like,
tablet_001,6,9,g023,g023,normal,synthetic_rongorongo_like,
tablet_001,6,10,g008,g008,normal,synthetic_rongorongo_like,
tablet_001,6,11,g008,g008,normal,synthetic_rongorongo_like,
tablet_001,6,12,g028,g028,normal,synthetic_rongorongo_like,
tablet_001,6,13,g021,g021,normal,synthetic_rongorongo_like,
tablet_001,6,14,g001,g001,normal,synthetic_rongorongo_like,
tablet_001,6,15,g003,g003,normal,synthetic_rongorongo_like,
tablet_001,6,16,g010,g010,normal,synthetic_rongorongo_like,
tablet_001,6,17,g022,g022,normal,synthetic_rongorongo_like,
tablet_001,6,18,g027,g027,normal,synthetic_rongorongo_like,
tablet_001,6,19,g001,g001,normal,synthetic_rongorongo_like,
tablet_001,6,20,g068,g068,normal,synthetic_rongorongo_like,
tablet_001,6,21,g071,g071,normal,synthetic_rongorongo_like,
tablet_001,6,22,g071,g071,normal,synthetic_rongorongo_like,
tablet_001,6,23,g064,g064,normal,synthetic_rongorongo_like,
tablet_001,6,24,g064,g064,normal,synthetic_rongorongo_like,
tablet_001,6,25,g077,g077,normal,synthetic_rongorongo_like,
tablet_001,6,26,g022,g022,normal,synthetic_rongorongo_like,
tablet_001,6,27,g070,g070,normal,synthetic_rongorongo_like,
tablet_001,6,28,g006,g006,normal,synthetic_rongorongo_like,
tablet_001,6,29,g001,g001,normal,synthetic_rongorongo_like,
tablet_001,6,30,g001,g001,normal,synthetic_rongorongo_like,
tablet_001,6,31,g054,g054,normal,synthetic_rongorongo_like,
tablet_001,6,32,g021,g021,normal,synthetic_rongorongo_like,
tablet_001,6,33,g002,g002,normal,synthetic_rongorongo_like,
tablet_001,6,34,g061,g061,normal,synthetic_rongorongo_like,
tablet_001,6,35,g045,g045,normal,synthetic_rongorongo_like,
tablet_001,6,36,g045,g045,normal,synthetic_rongorongo_like,
tablet_001,6,37,g061,g061,normal,synthetic_rongorongo_like,
tablet_001,6,38,g061,g061,normal,synthetic_rongorongo_like,
tablet_001,6,39,g006,g006,normal,synthetic_rongorongo_like,
tablet_001,6,40,g001,g001,normal,synthetic_rongorongo_like,
tablet_001,7,1,g001,g001,normal,synthetic_rongorongo_like,
tablet_001,7,2,g016,g016,normal,synthetic_rongorongo_like,
tablet_001,7,3,g022,g022,normal,synthetic_rongorongo_like,
tablet_001,7,4,g019,g019,normal,synthetic_rongorongo_like,
tablet_001,7,5,g021,g021,normal,synthetic_rongorongo_like,
tablet_001,7,6,g055,g055,normal,synthetic_rongorongo_like,
tablet_001,7,7,g055,g055,normal,synthetic_rongorongo_like,
tablet_001,7,8,g001,g001,normal,synthetic_rongorongo_like,
tablet_001,7,9,g022,g022,normal,synthetic_rongorongo_like,
tablet_001,7,10,g061,g061,normal,synthetic_rongorongo_like,
tablet_001,7,11,g023,g023,normal,synthetic_rongorongo_like,
tablet_001,7,12,g002,g002,normal,synthetic_rongorongo_like,
tablet_001,7,13,g002,g002,normal,synthetic_rongorongo_like,
tablet_001,7,14,g002,g002,normal,synthetic_rongorongo_like,
tablet_001,7,15,g003,g003,normal,synthetic_rongorongo_like,
tablet_001,7,16,g061,g061,normal,synthetic_rongorongo_like,
tablet_001,7,17,g061,g061,normal,synthetic_rongorongo_like,
tablet_001,7,18,g014,g014,normal,synthetic_rongorongo_like,
tablet_001,7,19,g002,g002,normal,synthetic_rongorongo_like,
tablet_001,7,20,g021,g021,normal,synthetic_rongorongo_like,
tablet_001,7,21,g022,g022,normal,synthetic_rongorongo_like,
tablet_001,7,22,g022,g022,normal,synthetic_rongorongo_like,
tablet_001,7,23,g022,g022,normal,synthetic_rongorongo_like,
tablet_001,7,24,g030,g030,normal,synthetic_rongorongo_like,
tablet_001,7,25,g001,g001,normal,synthetic_rongorongo_like,
tablet_001,7,26,g002,g002,normal,synthetic_rongorongo_like,
tablet_001,7,27,g021,g021,normal,synthetic_rongorongo_like,
tablet_001,7,28,g021,g021,normal,synthetic_rongorongo_like,
tablet_001,7,29,g003,g003,normal,synthetic_rongorongo_like,
tablet_001,7,30,g021,g021,normal,synthetic_rongorongo_like,
tablet_001,7,31,g023,g023,normal,synthetic_rongorongo_like,
tablet_001,7,32,g021,g021,normal,synthetic_rongorongo_like,
tablet_001,7,33,g062,g062,normal,synthetic_rongorongo_like,
tablet_001,7,34,g026,g026,normal,synthetic_rongorongo_like,
tablet_001,7,35,g061,g061,normal,synthetic_rongorongo_like,
tablet_001,7,36,g062,g062,normal,synthetic_rongorongo_like,
tablet_001,7,37,g021,g021,normal,synthetic_rongorongo_like,
tablet_001,7,38,g003,g003,normal,synthetic_rongorongo_like,
tablet_001,7,39,g034,g034,normal,synthetic_rongorongo_like,
tablet_001,7,40,g022,g022,normal,synthetic_rongorongo_like,
tablet_001,8,1,g003,g003,normal,synthetic_rongorongo_like,
tablet_001,8,2,g003,g003,normal,synthetic_rongorongo_like,
tablet_001,8,3,g030,g030,normal,synthetic_rongorongo_like,
tablet_001,8,4,g032,g032,normal,synthetic_rongorongo_like,
tablet_001,8,5,g002,g002,normal,synthetic_rongorongo_like,
tablet_001,8,6,g001,g001,normal,synthetic_rongorongo_like,
tablet_001,8,7,g001,g001,normal,synthetic_rongorongo_like,
tablet_001,8,8,g001,g001,normal,synthetic_rongorongo_like,
tablet_001,8,9,g011,g011,normal,synthetic_rongorongo_like,
tablet_001,8,10,g022,g022,normal,synthetic_rongorongo_like,
tablet_001,8,11,g022,g022,normal,synthetic_rongorongo_like,
tablet_001,8,12,g022,g022,normal,synthetic_rongorongo_like,
tablet_001,8,13,g021,g021,normal,synthetic_rongorongo_like,
tablet_001,8,14,g021,g021,normal,synthetic_rongorongo_like,
tablet_001,8,15,g012,g012,normal,synthetic_rongorongo_like,
tablet_001,8,16,g012,g012,normal,synthetic_rongorongo_like,
tablet_001,8,17,g006,g006,normal,synthetic_rongorongo_like,
tablet_001,8,18,g017,g017,normal,synthetic_rongorongo_like,
tablet_001,8,19,g017,g017,normal,synthetic_rongorongo_like,
tablet_001,8,20,g017,g017,normal,synthetic_rongorongo_like,
tablet_001,8,21,g002,g002,normal,synthetic_rongorongo_like,
tablet_001,8,22,g021,g021,normal,synthetic_rongorongo_like,
tablet_001,8,23,g014,g014,normal,synthetic_rongorongo_like,
tablet_001,8,24,g061,g061,normal,synthetic_rongorongo_like,
tablet_001,8,25,g007,g007,normal,synthetic_rongorongo_like,
tablet_001,8,26,g010,g010,normal,synthetic_rongorongo_like,
tablet_001,8,27,g010,g010,normal,synthetic_rongorongo_like,
tablet_001,8,28,g010,g010,normal,synthetic_rongorongo_like,
tablet_001,8,29,g061,g061,normal,synthetic_rongorongo_like,
tablet_001,8,30,g021,g021,normal,synthetic_rongorongo_like,
tablet_001,8,31,g015,g015,normal,synthetic_rongorongo_like,
tablet_001,8,32,g014,g014,normal,synthetic_rongorongo_like,
tablet_001,8,33,g013,g013,normal,synthetic_rongorongo_like,
tablet_001,8,34,g025,g025,normal,synthetic_rongorongo_like,
tablet_001,8,35,g025,g025,normal,synthetic_rongorongo_like,
tablet_001,8,36,g003,g003,normal,synthetic_rongorongo_like,
tablet_001,8,37,g021,g021,normal,synthetic_rongorongo_like,
tablet_001,8,38,g021,g021,normal,synthetic_rongorongo_like,
tablet_001,8,39,g004,g004,normal,synthetic_rongorongo_like,
tablet_001,8,40,g001,g001,normal,synthetic_rongorongo_like,
tablet_001,9,1,g001,g001,normal,synthetic_rongorongo_like,
tablet_001,9,2,g120,g120,normal,synthetic_rongorongo_like,
tablet_001,9,3,g022,g022,normal,synthetic_rongorongo_like,
tablet_001,9,4,g022,g022,normal,synthetic_rongorongo_like,
tablet_001,9,5,g066,g066,normal,synthetic_rongorongo_like,
tablet_001,9,6,g066,g066,normal,synthetic_rongorongo_like,
tablet_001,9,7,g001,g001,normal,synthetic_rongorongo_like,
tablet_001,9,8,g001,g001,normal,synthetic_rongorongo_like,
tablet_001,9,9,g001,g001,normal,synthetic_rongorongo_like,
tablet_001,9,10,g021,g021,normal,synthetic_rongorongo_like,
tablet_001,9,11,g024,g024,normal,synthetic_rongorongo_like,
tablet_001,9,12,g002,g002,normal,synthetic_rongorongo_like,
tablet_001,9,13,g029,g029,normal,synthetic_rongorongo_like,
tablet_001,9,14,g029,g029,normal,synthetic_rongorongo_like,
tablet_001,9,15,g061,g061,normal,synthetic_rongorongo_like,
tablet_001,9,16,g001,g001,normal,synthetic_rongorongo_like,
tablet_001,9,17,g001,g001,normal,synthetic_rongorongo_like,
tablet_001,9,18,g001,g001,normal,synthetic_rongorongo_like,
tablet_001,9,19,g005,g005,normal,synthetic_rongorongo_like,
tablet_001,9,20,g067,g067,normal,synthetic_rongorongo_like,
tablet_001,9,21,g025,g025,normal,synthetic_rongorongo_like,
tablet_001,9,22,g025,g025,normal,synthetic_rongorongo_like,
tablet_001,9,23,g024,g024,normal,synthetic_rongorongo_like,
tablet_001,9,24,g001,g001,normal,synthetic_rongorongo_like,
tablet_001,9,25,g061,g061,normal,synthetic_rongorongo_like,
tablet_001,9,26,g001,g001,normal,synthetic_rongorongo_like,
tablet_001,9,27,g042,g042,normal,synthetic_rongorongo_like,
tablet_001,9,28,g016,g016,normal,synthetic_rongorongo_like,
tablet_001,9,29,g021,g021,normal,synthetic_rongorongo_like,
tablet_001,9,30,g061,g061,normal,synthetic_rongorongo_like,
tablet_001,9,31,g001,g001,normal,synthetic_rongorongo_like,
tablet_001,9,32,g022,g022,normal,synthetic_rongorongo_like,
tablet_001,9,33,g025,g025,normal,synthetic_rongorongo_like,
tablet_001,9,34,g027,g027,normal,synthetic_rongorongo_like,
tablet_001,9,35,g004,g004,normal,synthetic_rongorongo_like,
tablet_001,9,36,g021,g021,normal,synthetic_rongorongo_like,
tablet_001,9,37,g017,g017,normal,synthetic_rongorongo_like,
tablet_001,9,38,g004,g004,normal,synthetic_rongorongo_like,
tablet_001,9,39,g061,g061,normal,synthetic_rongorongo_like,
tablet_001,9,40,g061,g061,normal,synthetic_rongorongo_like,
tablet_001,10,1,g061,g061,normal,synthetic_rongorongo_like,
tablet_001,10,2,g024,g024,normal,synthetic_rongorongo_like,
tablet_001,10,3,g024,g024,normal,synthetic_rongorongo_like,
tablet_001,10,4,g073,g073,normal,synthetic_rongorongo_like,
tablet_001,10,5,g021,g021,normal,synthetic_rongorongo_like,
tablet_001,10,6,g002,g002,normal,synthetic_rongorongo_like,
tablet_001,10,7,g002,g002,normal,synthetic_rongorongo_like,
tablet_001,10,8,g002,g002,normal,synthetic_rongorongo_like,
tablet_001,10,9,g002,g002,normal,synthetic_rongorongo_like,
tablet_001,10,10,g004,g004,normal,synthetic_rongorongo_like,
tablet_001,10,11,g004,g004,normal,synthetic_rongorongo_like,
tablet_001,10,12,g074,g074,normal,synthetic_rongorongo_like,
tablet_001,10,13,g021,g021,normal,synthetic_rongorongo_like,
tablet_001,10,14,g002,g002,normal,synthetic_rongorongo_like,
tablet_001,10,15,g021,g021,normal,synthetic_rongorongo_like,
tablet_001,10,16,g002,g002,normal,synthetic_rongorongo_like,
tablet_001,10,17,g002,g002,normal,synthetic_rongorongo_like,
tablet_001,10,18,g003,g003,normal,synthetic_rongorongo_like,
tablet_001,10,19,g003,g003,normal,synthetic_rongorongo_like,
tablet_001,10,20,g024,g024,normal,synthetic_rongorongo_like,
tablet_001,10,21,g029,g029,normal,synthetic_rongorongo_like,
tablet_001,10,22,g021,g021,normal,synthetic_rongorongo_like,
tablet_001,10,23,g021,g021,normal,synthetic_rongorongo_like,
tablet_001,10,24,g024,g024,normal,synthetic_rongorongo_like,
tablet_001,10,25,g001,g001,normal,synthetic_rongorongo_like,
tablet_001,10,26,g021,g021,normal,synthetic_rongorongo_like,
tablet_001,10,27,g024,g024,normal,synthetic_rongorongo_like,
tablet_001,10,28,g021,g021,normal,synthetic_rongorongo_like,
tablet_001,10,29,g001,g001,normal,synthetic_rongorongo_like,
tablet_001,10,30,g001,g001,normal,synthetic_rongorongo_like,
tablet_001,10,31,g024,g024,normal,synthetic_rongorongo_like,
tablet_001,10,32,g007,g007,normal,synthetic_rongorongo_like,
tablet_001,10,33,g002,g002,normal,synthetic_rongorongo_like,
tablet_001,10,34,g061,g061,normal,synthetic_rongorongo_like,
tablet_001,10,35,g061,g061,normal,synthetic_rongorongo_like,
tablet_001,10,36,g010,g010,normal,synthetic_rongorongo_like,
tablet_001,10,37,g010,g010,normal,synthetic_rongorongo_like,
tablet_001,10,38,g010,g010,normal,synthetic_rongorongo_like,
tablet_001,10,39,g021,g021,normal,synthetic_rongorongo_like,
tablet_001,10,40,g061,g061,normal,synthetic_rongorongo_like,
tablet_001,11,1,g061,g061,normal,synthetic_rongorongo_like,
tablet_001,11,2,g021,g021,normal,synthetic_rongorongo_like,
tablet_001,11,3,g002,g002,normal,synthetic_rongorongo_like,
tablet_001,11,4,g002,g002,normal,synthetic_rongorongo_like,
tablet_001,11,5,g064,g064,normal,synthetic_rongorongo_like,
tablet_001,11,6,g061,g061,normal,synthetic_rongorongo_like,
tablet_001,11,7,g001,g001,normal,synthetic_rongorongo_like,
tablet_001,11,8,g001,g001,normal,synthetic_rongorongo_like,
tablet_001,11,9,g001,g001,normal,synthetic_rongorongo_like,
tablet_001,11,10,g021,g021,normal,synthetic_rongorongo_like,
tablet_001,11,11,g097,g097,normal,synthetic_rongorongo_like,
tablet_001,11,12,g097,g097,normal,synthetic_rongorongo_like,
tablet_001,11,13,g033,g033,normal,synthetic_rongorongo_like,
tablet_001,11,14,g048,g048,normal,synthetic_rongorongo_like,
tablet_001,11,15,g021,g021,normal,synthetic_rongorongo_like,
tablet_001,11,16,g019,g019,normal,synthetic_rongorongo_like,
tablet_001,11,17,g089,g089,normal,synthetic_rongorongo_like,
tablet_001,11,18,g022,g022,normal,synthetic_rongorongo_like,
tablet_001,11,19,g028,g028,normal,synthetic_rongorongo_like,
tablet_001,11,20,g002,g002,normal,synthetic_rongorongo_like,
tablet_001,11,21,g023,g023,normal,synthetic_rongorongo_like,
tablet_001,11,22,g023,g023,normal,synthetic_rongorongo_like,
tablet_001,11,23,g002,g002,normal,synthetic_rongorongo_like,
tablet_001,11,24,g002,g002,normal,synthetic_rongorongo_like,
tablet_001,11,25,g001,g001,normal,synthetic_rongorongo_like,
tablet_001,11,26,g021,g021,normal,synthetic_rongorongo_like,
tablet_001,11,27,g003,g003,normal,synthetic_rongorongo_like,
tablet_001,11,28,g024,g024,normal,synthetic_rongorongo_like,
tablet_001,11,29,g024,g024,normal,synthetic_rongorongo_like,
tablet_001,11,30,g046,g046,normal,synthetic_rongorongo_like,
tablet_001,11,31,g023,g023,normal,synthetic_rongorongo_like,
tablet_001,11,32,g015,g015,normal,synthetic_rongorongo_like,
tablet_001,11,33,g022,g022,normal,synthetic_rongorongo_like,
tablet_001,11,34,g061,g061,normal,synthetic_rongorongo_like,
tablet_001,11,35,g061,g061,normal,synthetic_rongorongo_like,
tablet_001,11,36,g002,g002,normal,synthetic_rongorongo_like,
tablet_001,11,37,g029,g029,normal,synthetic_rongorongo_like,
tablet_001,11,38,g004,g004,normal,synthetic_rongorongo_like,
tablet_001,11,39,g004,g004,normal,synthetic_rongorongo_like,
tablet_001,11,40,g024,g024,normal,synthetic_rongorongo_like,
tablet_001,12,1,g061,g061,normal,synthetic_rongorongo_like,
tablet_001,12,2,g021,g021,normal,synthetic_rongorongo_like,
tablet_001,12,3,g021,g021,normal,synthetic_rongorongo_like,
tablet_001,12,4,g093,g093,normal,synthetic_rongorongo_like,
tablet_001,12,5,g021,g021,normal,synthetic_rongorongo_like,
tablet_001,12,6,g021,g021,normal,synthetic_rongorongo_like,
tablet_001,12,7,g002,g002,normal,synthetic_rongorongo_like,
tablet_001,12,8,g022,g022,normal,synthetic_rongorongo_like,
tablet_001,12,9,g001,g001,normal,synthetic_rongorongo_like,
tablet_001,12,10,g018,g018,normal,synthetic_rongorongo_like,
tablet_001,12,11,g021,g021,normal,synthetic_rongorongo_like,
tablet_001,12,12,g032,g032,normal,synthetic_rongorongo_like,
tablet_001,12,13,g031,g031,normal,synthetic_rongorongo_like,
tablet_001,12,14,g002,g002,normal,synthetic_rongorongo_like,
tablet_001,12,15,g021,g021,normal,synthetic_rongorongo_like,
tablet_001,12,16,g085,g085,normal,synthetic_rongorongo_like,
tablet_001,12,17,g012,g012,normal,synthetic_rongorongo_like,
tablet_001,12,18,g006,g006,normal,synthetic_rongorongo_like,
tablet_001,12,19,g021,g021,normal,synthetic_rongorongo_like,
tablet_001,12,20,g061,g061,normal,synthetic_rongorongo_like,
tablet_001,12,21,g004,g004,normal,synthetic_rongorongo_like,
tablet_001,12,22,g006,g006,normal,synthetic_rongorongo_like,
tablet_001,12,23,g023,g023,normal,synthetic_rongorongo_like,
tablet_001,12,24,g007,g007,normal,synthetic_rongorongo_like,
tablet_001,12,25,g021,g021,normal,synthetic_rongorongo_like,
tablet_001,12,26,g021,g021,normal,synthetic_rongorongo_like,
tablet_001,12,27,g021,g021,normal,synthetic_rongorongo_like,
tablet_001,12,28,g063,g063,normal,synthetic_rongorongo_like,
tablet_001,12,29,g063,g063,normal,synthetic_rongorongo_like,
tablet_001,12,30,g021,g021,normal,synthetic_rongorongo_like,
tablet_001,12,31,g001,g001,normal,synthetic_rongorongo_like,
tablet_001,12,32,g023,g023,normal,synthetic_rongorongo_like,
tablet_001,12,33,g066,g066,normal,synthetic_rongorongo_like,
tablet_001,12,34,g061,g061,normal,synthetic_rongorongo_like,
tablet_001,12,35,g001,g001,normal,synthetic_rongorongo_like,
tablet_001,12,36,g006,g006,normal,synthetic_rongorongo_like,
tablet_001,12,37,g001,g001,normal,synthetic_rongorongo_like,
tablet_001,12,38,g021,g021,normal,synthetic_rongorongo_like,
tablet_001,12,39,g021,g021,normal,synthetic_rongorongo_like,
tablet_001,12,40,g065,g065,normal,synthetic_rongorongo_like,
tablet_001,13,1,g025,g025,normal,synthetic_rongorongo_like,
tablet_001,13,2,g004,g004,normal,synthetic_rongorongo_like,
tablet_001,13,3,g077,g077,normal,synthetic_rongorongo_like,
tablet_001,13,4,g021,g021,normal,synthetic_rongorongo_like,
tablet_001,13,5,g063,g063,normal,synthetic_rongorongo_like,
tablet_001,13,6,g061,g061,normal,synthetic_rongorongo_like,
tablet_001,13,7,g004,g004,normal,synthetic_rongorongo_like,
tablet_001,13,8,g014,g014,normal,synthetic_rongorongo_like,
tablet_001,13,9,g021,g021,normal,synthetic_rongorongo_like,
tablet_001,13,10,g004,g004,normal,synthetic_rongorongo_like,
tablet_001,13,11,g021,g021,normal,synthetic_rongorongo_like,
tablet_001,13,12,g021,g021,normal,synthetic_rongorongo_like,
tablet_001,13,13,g021,g021,normal,synthetic_rongorongo_like,
tablet_001,13,14,g021,g021,normal,synthetic_rongorongo_like,
tablet_001,13,15,g021,g021,normal,synthetic_rongorongo_like,
tablet_001,13,16,g021,g021,normal,synthetic_rongorongo_like,
tablet_001,13,17,g002,g002,normal,synthetic_rongorongo_like,
tablet_001,13,18,g021,g021,normal,synthetic_rongorongo_like,
tablet_001,13,19,g038,g038,normal,synthetic_rongorongo_like,
tablet_001,13,20,g038,g038,normal,synthetic_rongorongo_like,
tablet_001,13,21,g038,g038,normal,synthetic_rongorongo_like,
tablet_001,13,22,g029,g029,normal,synthetic_rongorongo_like,
tablet_001,13,23,g061,g061,normal,synthetic_rongorongo_like,
tablet_001,13,24,g023,g023,normal,synthetic_rongorongo_like,
tablet_001,13,25,g077,g077,normal,synthetic_rongorongo_like,
tablet_001,13,26,g001,g001,normal,synthetic_rongorongo_like,
tablet_001,13,27,g021,g021,normal,synthetic_rongorongo_like,
tablet_001,13,28,g061,g061,normal,synthetic_rongorongo_like,
tablet_001,13,29,g021,g021,normal,synthetic_rongorongo_like,
tablet_001,13,30,g026,g026,normal,synthetic_rongorongo_like,
tablet_001,13,31,g022,g022,normal,synthetic_rongorongo_like,
tablet_001,13,32,g022,g022,normal,synthetic_rongorongo_like,
tablet_001,13,33,g021,g021,normal,synthetic_rongorongo_like,
tablet_001,13,34,g006,g006,normal,synthetic_rongorongo_like,
tablet_001,13,35,g022,g022,normal,synthetic_rongorongo_like,
tablet_001,13,36,g061,g061,normal,synthetic_rongorongo_like,
tablet_001,13,37,g010,g010,normal,synthetic_rongorongo_like,
tablet_001,13,38,g026,g026,normal,synthetic_rongorongo_like,
tablet_001,13,39,g061,g061,normal,synthetic_rongorongo_like,
tablet_001,13,40,g061,g061,normal,synthetic_rongorongo_like,
tablet_001,14,1,g027,g027,normal,synthetic_rongorongo_like,
tablet_001,14,2,g018,g018,normal,synthetic_rongorongo_like,
tablet_001,14,3,g022,g022,normal,synthetic_rongorongo_like,
tablet_001,14,4,g022,g022,normal,synthetic_rongorongo_like,
tablet_001,14,5,g023,g023,normal,synthetic_rongorongo_like,
tablet_001,14,6,g023,g023,normal,synthetic_rongorongo_like,
tablet_001,14,7,g022,g022,normal,synthetic_rongorongo_like,
tablet_001,14,8,g022,g022,normal,synthetic_rongorongo_like,
tablet_001,14,9,g004,g004,normal,synthetic_rongorongo_like,
tablet_001,14,10,g021,g021,normal,synthetic_rongorongo_like,
tablet_001,14,11,g001,g001,normal,synthetic_rongorongo_like,
tablet_001,14,12,g024,g024,normal,synthetic_rongorongo_like,
tablet_001,14,13,g004,g004,normal,synthetic_rongorongo_like,
tablet_001,14,14,g075,g075,normal,synthetic_rongorongo_like,
tablet_001,14,15,g094,g094,normal,synthetic_rongorongo_like,
tablet_001,14,16,g021,g021,normal,synthetic_rongorongo_like,
tablet_001,14,17,g021,g021,normal,synthetic_rongorongo_like,
tablet_001,14,18,g002,g002,normal,synthetic_rongorongo_like,
tablet_001,14,19,g003,g003,normal,synthetic_rongorongo_like,
tablet_001,14,20,g022,g022,normal,synthetic_rongorongo_like,
tablet_001,14,21,g007,g007,normal,synthetic_rongorongo_like,
tablet_001,14,22,g002,g002,normal,synthetic_rongorongo_like,
tablet_001,14,23,g062,g062,normal,synthetic_rongorongo_like,
tablet_001,14,24,g001,g001,normal,synthetic_rongorongo_like,
tablet_001,14,25,g003,g003,normal,synthetic_rongorongo_like,
tablet_001,14,26,g001,g001,normal,synthetic_rongorongo_like,
tablet_001,14,27,g003,g003,normal,synthetic_rongorongo_like,
tablet_001,14,28,g061,g061,normal,synthetic_rongorongo_like,
tablet_001,14,29,g002,g002,normal,synthetic_rongorongo_like,
tablet_001,14,30,g002,g002,normal,synthetic_rongorongo_like,
tablet_001,14,31,g021,g021,normal,synthetic_rongorongo_like,
tablet_001,14,32,g001,g001,normal,synthetic_rongorongo_like,
tablet_001,14,33,g004,g004,normal,synthetic_rongorongo_like,
tablet_001,14,34,g001,g001,normal,synthetic_rongorongo_like,
tablet_001,14,35,g024,g024,normal,synthetic_rongorongo_like,
tablet_001,14,36,g061,g061,normal,synthetic_rongorongo_like,
tablet_001,14,37,g001,g001,normal,synthetic_rongorongo_like,
tablet_001,14,38,g029,g029,normal,synthetic_rongorongo_like,
tablet_001,14,39,g063,g063,normal,synthetic_rongorongo_like,
tablet_001,14,40,g001,g001,normal,synthetic_rongorongo_like,
tablet_001,15,1,g004,g004,normal,synthetic_rongorongo_like,
tablet_001,15,2,g002,g002,normal,synthetic_rongorongo_like,
tablet_001,15,3,g002,g002,normal,synthetic_rongorongo_like,
tablet_001,15,4,g021,g021,normal,synthetic_rongorongo_like,
tablet_001,15,5,g021,g021,normal,synthetic_rongorongo_like,
tablet_001,15,6,g061,g061,normal,synthetic_rongorongo_like,
tablet_001,15,7,g061,g061,normal,synthetic_rongorongo_like,
tablet_001,15,8,g061,g061,normal,synthetic_rongorongo_like,
tablet_001,15,9,g006,g006,normal,synthetic_rongorongo_like,
tablet_001,15,10,g006,g006,normal,synthetic_rongorongo_like,
tablet_001,15,11,g068,g068,normal,synthetic_rongorongo_like,
tablet_001,15,12,g068,g068,normal,synthetic_rongorongo_like,
tablet_001,15,13,g069,g069,normal,synthetic_rongorongo_like,
tablet_001,15,14,g026,g026,normal,synthetic_rongorongo_like,
tablet_001,15,15,g070,g070,normal,synthetic_rongorongo_like,
tablet_001,15,16,g008,g008,normal,synthetic_rongorongo_like,
tablet_001,15,17,g001,g001,normal,synthetic_rongorongo_like,
tablet_001,15,18,g021,g021,normal,synthetic_rongorongo_like,
tablet_001,15,19,g023,g023,normal,synthetic_rongorongo_like,
tablet_001,15,20,g061,g061,normal,synthetic_rongorongo_like,
tablet_001,15,21,g001,g001,normal,synthetic_rongorongo_like,
tablet_001,15,22,g001,g001,normal,synthetic_rongorongo_like,
tablet_001,15,23,g021,g021,normal,synthetic_rongorongo_like,
tablet_001,15,24,g002,g002,normal,synthetic_rongorongo_like,
tablet_001,15,25,g002,g002,normal,synthetic_rongorongo_like,
tablet_001,15,26,g061,g061,normal,synthetic_rongorongo_like,
tablet_001,15,27,g005,g005,normal,synthetic_rongorongo_like,
tablet_001,15,28,g001,g001,normal,synthetic_rongorongo_like,
tablet_001,15,29,g005,g005,normal,synthetic_rongorongo_like,
tablet_001,15,30,g001,g001,normal,synthetic_rongorongo_like,
tablet_001,15,31,g001,g001,normal,synthetic_rongorongo_like,
tablet_001,15,32,g023,g023,normal,synthetic_rongorongo_like,
tablet_001,15,33,g065,g065,normal,synthetic_rongorongo_like,
tablet_001,15,34,g028,g028,normal,synthetic_rongorongo_like,
tablet_001,15,35,g028,g028,normal,synthetic_rongorongo_like,
tablet_001,15,36,g014,g014,normal,synthetic_rongorongo_like,
tablet_001,15,37,g014,g014,normal,synthetic_rongorongo_like,
tablet_001,15,38,g021,g021,normal,synthetic_rongorongo_like,
tablet_001,15,39,g066,g066,normal,synthetic_rongorongo_like,
tablet_001,15,40,g066,g066,normal,synthetic_rongorongo_like,
tablet_001,16,1,g069,g069,normal,synthetic_rongorongo_like,
tablet_001,16,2,g021,g021,normal,synthetic_rongorongo_like,
tablet_001,16,3,g042,g042,normal,synthetic_rongorongo_like,
tablet_001,16,4,g065,g065,normal,synthetic_rongorongo_like,
tablet_001,16,5,g065,g065,normal,synthetic_rongorongo_like,
tablet_001,16,6,g065,g065,normal,synthetic_rongorongo_like,
tablet_001,16,7,g001,g001,normal,synthetic_rongorongo_like,
tablet_001,16,8,g039,g039,normal,synthetic_rongorongo_like,
tablet_001,16,9,g029,g029,normal,synthetic_rongorongo_like,
tablet_001,16,10,g028,g028,normal,synthetic_rongorongo_like,
tablet_001,16,11,g002,g002,normal,synthetic_rongorongo_like,
tablet_001,16,12,g002,g002,normal,synthetic_rongorongo_like,
tablet_001,16,13,g003,g003,normal,synthetic_rongorongo_like,
tablet_001,16,14,g001,g001,normal,synthetic_rongorongo_like,
tablet_001,16,15,g023,g023,normal,synthetic_rongorongo_like,
tablet_001,16,16,g023,g023,normal,synthetic_rongorongo_like,
tablet_001,16,17,g023,g023,normal,synthetic_rongorongo_like,
tablet_001,16,18,g003,g003,normal,synthetic_rongorongo_like,
tablet_001,16,19,g003,g003,normal,synthetic_rongorongo_like,
tablet_001,16,20,g001,g001,normal,synthetic_rongorongo_like,
tablet_001,16,21,g001,g001,normal,synthetic_rongorongo_like,
tablet_001,16,22,g001,g001,normal,synthetic_rongorongo_like,
tablet_001,16,23,g001,g001,normal,synthetic_rongorongo_like,
tablet_001,16,24,g061,g061,normal,synthetic_rongorongo_like,
tablet_001,16,25,g002,g002,normal,synthetic_rongorongo_like,
tablet_001,16,26,g001,g001,normal,synthetic_rongorongo_like,
tablet_001,16,27,g001,g001,normal,synthetic_rongorongo_like,
tablet_001,16,28,g045,g045,normal,synthetic_rongorongo_like,
tablet_001,16,29,g021,g021,normal,synthetic_rongorongo_like,
tablet_001,16,30,g021,g021,normal,synthetic_rongorongo_like,
tablet_001,16,31,g021,g021,normal,synthetic_rongorongo_like,
tablet_001,16,32,g023,g023,normal,synthetic_rongorongo_like,
tablet_001,16,33,g061,g061,normal,synthetic_rongorongo_like,
tablet_001,16,34,g002,g002,normal,synthetic_rongorongo_like,
tablet_001,16,35,g002,g002,normal,synthetic_rongorongo_like,
tablet_001,16,36,g008,g008,normal,synthetic_rongorongo_like,
tablet_001,16,37,g021,g021,normal,synthetic_rongorongo_like,
tablet_001,16,38,g001,g001,normal,synthetic_rongorongo_like,
tablet_001,16,39,g066,g066,normal,synthetic_rongorongo_like,
tablet_001,16,40,g009,g009,normal,synthetic_rongorongo_like,
tablet_001,17,1,g021,g021,normal,synthetic_rongorongo_like,
tablet_001,17,2,g024,g024,normal,synthetic_rongorongo_like,
tablet_001,17,3,g062,g062,normal,synthetic_rongorongo_like,
tablet_001,17,4,g062,g062,normal,synthetic_rongorongo_like,
tablet_001,17,5,g001,g001,normal,synthetic_rongorongo_like,
tablet_001,17,6,g001,g001,normal,synthetic_rongorongo_like,
tablet_001,17,7,g022,g022,normal,synthetic_rongorongo_like,
tablet_001,17,8,g006,g006,normal,synthetic_rongorongo_like,
tablet_001,17,9,g021,g021,normal,synthetic_rongorongo_like,
tablet_001,17,10,g022,g022,normal,synthetic_rongorongo_like,
tablet_001,17,11,g022,g022,normal,synthetic_rongorongo_like,
tablet_001,17,12,g024,g024,normal,synthetic_rongorongo_like,
tablet_001,17,13,g022,g022,normal,synthetic_rongorongo_like,
tablet_001,17,14,g026,g026,normal,synthetic_rongorongo_like,
tablet_001,17,15,g021,g021,normal,synthetic_rongorongo_like,
tablet_001,17,16,g006,g006,normal,synthetic_rongorongo_like,
tablet_001,17,17,g014,g014,normal,synthetic_rongorongo_like,
tablet_001,17,18,g014,g014,normal,synthetic_rongorongo_like,
tablet_001,17,19,g016,g016,normal,synthetic_rongorongo_like,
tablet_001,17,20,g009,g009,normal,synthetic_rongorongo_like,
tablet_001,17,21,g009,g009,normal,synthetic_rongorongo_like,
tablet_001,17,22,g063,g063,normal,synthetic_rongorongo_like,
tablet_001,17,23,g063,g063,normal,synthetic_rongorongo_like,
tablet_001,17,24,g061,g061,normal,synthetic_rongorongo_like,
tablet_001,17,25,g061,g061,normal,synthetic_rongorongo_like,
tablet_001,17,26,g001,g001,normal,synthetic_rongorongo_like,
tablet_001,17,27,g061,g061,normal,synthetic_rongorongo_like,
tablet_001,17,28,g021,g021,normal,synthetic_rongorongo_like,
tablet_001,17,29,g006,g006,normal,synthetic_rongorongo_like,
tablet_001,17,30,g006,g006,normal,synthetic_rongorongo_like,
tablet_001,17,31,g007,g007,normal,synthetic_rongorongo_like,
tablet_001,17,32,g030,g030,normal,synthetic_rongorongo_like,
tablet_001,17,33,g026,g026,normal,synthetic_rongorongo_like,
tablet_001,17,34,g021,g021,normal,synthetic_rongorongo_like,
tablet_001,17,35,g021,g021,normal,synthetic_rongorongo_like,
tablet_001,17,36,g023,g023,normal,synthetic_rongorongo_like,
tablet_001,17,37,g001,g001,normal,synthetic_rongorongo_like,
tablet_001,17,38,g009,g009,normal,synthetic_rongorongo_like,
tablet_001,17,39,g021,g021,normal,synthetic_rongorongo_like,
tablet_001,17,40,g061,g061,normal,synthetic_rongorongo_like,
tablet_001,18,1,g001,g001,normal,synthetic_rongorongo_like,
tablet_001,18,2,g003,g003,normal,synthetic_rongorongo_like,
tablet_001,18,3,g002,g002,normal,synthetic_rongorongo_like,
tablet_001,18,4,g002,g002,normal,synthetic_rongorongo_like,
tablet_001,18,5,g001,g001,normal,synthetic_rongorongo_like,
tablet_001,18,6,g011,g011,normal,synthetic_rongorongo_like,
tablet_001,18,7,g023,g023,normal,synthetic_rongorongo_like,
tablet_001,18,8,g023,g023,normal,synthetic_rongorongo_like,
tablet_001,18,9,g023,g023,normal,synthetic_rongorongo_like,
tablet_001,18,10,g023,g023,normal,synthetic_rongorongo_like,
tablet_001,18,11,g016,g016,normal,synthetic_rongorongo_like,
tablet_001,18,12,g031,g031,normal,synthetic_rongorongo_like,
tablet_001,18,13,g031,g031,normal,synthetic_rongorongo_like,
tablet_001,18,14,g019,g019,normal,synthetic_rongorongo_like,
tablet_001,18,15,g023,g023,normal,synthetic_rongorongo_like,
tablet_001,18,16,g023,g023,normal,synthetic_rongorongo_like,
tablet_001,18,17,g001,g001,normal,synthetic_rongorongo_like,
tablet_001,18,18,g001,g001,normal,synthetic_rongorongo_like,
tablet_001,18,19,g001,g001,normal,synthetic_rongorongo_like,
tablet_001,18,20,g038,g038,normal,synthetic_rongorongo_like,
tablet_001,18,21,g009,g009,normal,synthetic_rongorongo_like,
tablet_001,18,22,g015,g015,normal,synthetic_rongorongo_like,
tablet_001,18,23,g029,g029,normal,synthetic_rongorongo_like,
tablet_001,18,24,g022,g022,normal,synthetic_rongorongo_like,
tablet_001,18,25,g022,g022,normal,synthetic_rongorongo_like,
tablet_001,18,26,g022,g022,normal,synthetic_rongorongo_like,
tablet_001,18,27,g012,g012,normal,synthetic_rongorongo_like,
tablet_001,18,28,g012,g012,normal,synthetic_rongorongo_like,
tablet_001,18,29,g061,g061,normal,synthetic_rongorongo_like,
tablet_001,18,30,g007,g007,normal,synthetic_rongorongo_like,
tablet_001,18,31,g007,g007,normal,synthetic_rongorongo_like,
tablet_001,18,32,g007,g007,normal,synthetic_rongorongo_like,
tablet_001,18,33,g024,g024,normal,synthetic_rongorongo_like,
tablet_001,18,34,g003,g003,normal,synthetic_rongorongo_like,
tablet_001,18,35,g003,g003,normal,synthetic_rongorongo_like,
tablet_001,18,36,g063,g063,normal,synthetic_rongorongo_like,
tablet_001,18,37,g022,g022,normal,synthetic_rongorongo_like,
tablet_001,18,38,g022,g022,normal,synthetic_rongorongo_like,
tablet_001,18,39,g022,g022,normal,synthetic_rongorongo_like,
tablet_001,18,40,g061,g061,normal,synthetic_rongorongo_like,
tablet_001,19,1,g002,g002,normal,synthetic_rongorongo_like,
tablet_001,19,2,g024,g024,normal,synthetic_rongorongo_like,
tablet_001,19,3,g061,g061,normal,synthetic_rongorongo_like,
tablet_001,19,4,g001,g001,normal,synthetic_rongorongo_like,
tablet_001,19,5,g001,g001,normal,synthetic_rongorongo_like,
tablet_001,19,6,g001,g001,normal,synthetic_rongorongo_like,
tablet_001,19,7,g001,g001,normal,synthetic_rongorongo_like,
tablet_001,19,8,g063,g063,normal,synthetic_rongorongo_like,
tablet_001,19,9,g021,g021,normal,synthetic_rongorongo_like,
tablet_001,19,10,g025,g025,normal,synthetic_rongorongo_like,
tablet_001,19,11,g001,g001,normal,synthetic_rongorongo_like,
tablet_001,19,12,g001,g001,normal,synthetic_rongorongo_like,
tablet_001,19,13,g001,g001,normal,synthetic_rongorongo_like,
tablet_001,19,14,g006,g006,normal,synthetic_rongorongo_like,
tablet_001,19,15,g022,g022,normal,synthetic_rongorongo_like,
tablet_001,19,16,g063,g063,normal,synthetic_rongorongo_like,
tablet_001,19,17,g063,g063,normal,synthetic_rongorongo_like,
tablet_001,19,18,g061,g061,normal,synthetic_rongorongo_like,
tablet_001,19,19,g021,g021,normal,synthetic_rongorongo_like,
tablet_001,19,20,g011,g011,normal,synthetic_rongorongo_like,
tablet_001,19,21,g007,g007,normal,synthetic_rongorongo_like,
tablet_001,19,22,g002,g002,normal,synthetic_rongorongo_like,
tablet_001,19,23,g001,g001,normal,synthetic_rongorongo_like,
tablet_001,19,24,g062,g062,normal,synthetic_rongorongo_like,
tablet_001,19,25,g026,g026,normal,synthetic_rongorongo_like,
tablet_001,19,26,g061,g061,normal,synthetic_rongorongo_like,
tablet_001,19,27,g001,g001,normal,synthetic_rongorongo_like,
tablet_001,19,28,g001,g001,normal,synthetic_rongorongo_like,
tablet_001,19,29,g022,g022,normal,synthetic_rongorongo_like,
tablet_001,19,30,g022,g022,normal,synthetic_rongorongo_like,
tablet_001,19,31,g022,g022,normal,synthetic_rongorongo_like,
tablet_001,19,32,g036,g036,normal,synthetic_rongorongo_like,
tablet_001,19,33,g031,g031,normal,synthetic_rongorongo_like,
tablet_001,19,34,g020,g020,normal,synthetic_rongorongo_like,
tablet_001,19,35,g021,g021,normal,synthetic_rongorongo_like,
tablet_001,19,36,g022,g022,normal,synthetic_rongorongo_like,
tablet_001,19,37,g022,g022,normal,synthetic_rongorongo_like,
tablet_001,19,38,g022,g022,normal,synthetic_rongorongo_like,
tablet_001,19,39,g001,g001,normal,synthetic_rongorongo_like,
tablet_001,19,40,g005,g005,normal,synthetic_rongorongo_like,
tablet_001,20,1,g065,g065,normal,synthetic_rongorongo_like,
tablet_001,20,2,g002,g002,normal,synthetic_rongorongo_like,
tablet_001,20,3,g008,g008,normal,synthetic_rongorongo_like,
tablet_001,20,4,g022,g022,normal,synthetic_rongorongo_like,
tablet_001,20,5,g023,g023,normal,synthetic_rongorongo_like,
tablet_001,20,6,g061,g061,normal,synthetic_rongorongo_like,
tablet_001,20,7,g061,g061,normal,synthetic_rongorongo_like,
tablet_001,20,8,g009,g009,normal,synthetic_rongorongo_like,
tablet_001,20,9,g064,g064,normal,synthetic_rongorongo_like,
tablet_001,20,10,g011,g011,normal,synthetic_rongorongo_like,
tablet_001,20,11,g070,g070,normal,synthetic_rongorongo_like,
tablet_001,20,12,g001,g001,normal,synthetic_rongorongo_like,
tablet_001,20,13,g006,g006,normal,synthetic_rongorongo_like,
tablet_001,20,14,g062,g062,normal,synthetic_rongorongo_like,
tablet_001,20,15,g026,g026,normal,synthetic_rongorongo_like,
tablet_001,20,16,g023,g023,normal,synthetic_rongorongo_like,
tablet_001,20,17,g001,g001,normal,synthetic_rongorongo_like,
tablet_001,20,18,g001,g001,normal,synthetic_rongorongo_like,
tablet_001,20,19,g047,g047,normal,synthetic_rongorongo_like,
tablet_001,20,20,g006,g006,normal,synthetic_rongorongo_like,
tablet_001,20,21,g004,g004,normal,synthetic_rongorongo_like,
tablet_001,20,22,g002,g002,normal,synthetic_rongorongo_like,
tablet_001,20,23,g018,g018,normal,synthetic_rongorongo_like,
tablet_001,20,24,g003,g003,normal,synthetic_rongorongo_like,
tablet_001,20,25,g021,g021,normal,synthetic_rongorongo_like,
tablet_001,20,26,g021,g021,normal,synthetic_rongorongo_like,
tablet_001,20,27,g007,g007,normal,synthetic_rongorongo_like,
tablet_001,20,28,g001,g001,normal,synthetic_rongorongo_like,
tablet_001,20,29,g001,g001,normal,synthetic_rongorongo_like,
tablet_001,20,30,g001,g001,normal,synthetic_rongorongo_like,
tablet_001,20,31,g006,g006,normal,synthetic_rongorongo_like,
tablet_001,20,32,g061,g061,normal,synthetic_rongorongo_like,
tablet_001,20,33,g062,g062,normal,synthetic_rongorongo_like,
tablet_001,20,34,g021,g021,normal,synthetic_rongorongo_like,
tablet_001,20,35,g021,g021,normal,synthetic_rongorongo_like,
tablet_001,20,36,g061,g061,normal,synthetic_rongorongo_like,
tablet_001,20,37,g001,g001,normal,synthetic_rongorongo_like,
tablet_001,20,38,g001,g001,normal,synthetic_rongorongo_like,
tablet_001,20,39,g005,g005,normal,synthetic_rongorongo_like,
tablet_001,20,40,g001,g001,normal,synthetic_rongorongo_like,
tablet_002,21,1,g003,g003,normal,synthetic_rongorongo_like,
tablet_002,21,2,g064,g064,normal,synthetic_rongorongo_like,
tablet_002,21,3,g021,g021,normal,synthetic_rongorongo_like,
tablet_002,21,4,g032,g032,normal,synthetic_rongorongo_like,
tablet_002,21,5,g002,g002,normal,synthetic_rongorongo_like,
tablet_002,21,6,g028,g028,normal,synthetic_rongorongo_like,
tablet_002,21,7,g004,g004,normal,synthetic_rongorongo_like,
tablet_002,21,8,g008,g008,normal,synthetic_rongorongo_like,
tablet_002,21,9,g061,g061,normal,synthetic_rongorongo_like,
tablet_002,21,10,g065,g065,normal,synthetic_rongorongo_like,
tablet_002,21,11,g033,g033,normal,synthetic_rongorongo_like,
tablet_002,21,12,g001,g001,normal,synthetic_rongorongo_like,
tablet_002,21,13,g001,g001,normal,synthetic_rongorongo_like,
tablet_002,21,14,g001,g001,normal,synthetic_rongorongo_like,
tablet_002,21,15,g073,g073,normal,synthetic_rongorongo_like,
tablet_002,21,16,g021,g021,normal,synthetic_rongorongo_like,
tablet_002,21,17,g021,g021,normal,synthetic_rongorongo_like,
tablet_002,21,18,g071,g071,normal,synthetic_rongorongo_like,
tablet_002,21,19,g014,g014,normal,synthetic_rongorongo_like,
tablet_002,21,20,g014,g014,normal,synthetic_rongorongo_like,
tablet_002,21,21,g014,g014,normal,synthetic_rongorongo_like,
tablet_002,21,22,g001,g001,normal,synthetic_rongorongo_like,
tablet_002,21,23,g063,g063,normal,synthetic_rongorongo_like,
tablet_002,21,24,g022,g022,normal,synthetic_rongorongo_like,
tablet_002,21,25,g022,g022,normal,synthetic_rongorongo_like,
tablet_002,21,26,g061,g061,normal,synthetic_rongorongo_like,
tablet_002,21,27,g061,g061,normal,synthetic_rongorongo_like,
tablet_002,21,28,g061,g061,normal,synthetic_rongorongo_like,
tablet_002,21,29,g025,g025,normal,synthetic_rongorongo_like,
tablet_002,21,30,g025,g025,normal,synthetic_rongorongo_like,
tablet_002,21,31,g025,g025,normal,synthetic_rongorongo_like,
tablet_002,21,32,g031,g031,normal,synthetic_rongorongo_like,
tablet_002,21,33,g024,g024,normal,synthetic_rongorongo_like,
tablet_002,21,34,g063,g063,normal,synthetic_rongorongo_like,
tablet_002,21,35,g063,g063,normal,synthetic_rongorongo_like,
tablet_002,21,36,g032,g032,normal,synthetic_rongorongo_like,
tablet_002,21,37,g025,g025,normal,synthetic_rongorongo_like,
tablet_002,21,38,g001,g001,normal,synthetic_rongorongo_like,
tablet_002,21,39,g002,g002,normal,synthetic_rongorongo_like,
tablet_002,21,40,g021,g021,normal,synthetic_rongorongo_like,
tablet_002,22,1,g006,g006,normal,synthetic_rongorongo_like,
tablet_002,22,2,g012,g012,normal,synthetic_rongorongo_like,
tablet_002,22,3,g021,g021,normal,synthetic_rongorongo_like,
tablet_002,22,4,g022,g022,normal,synthetic_rongorongo_like,
tablet_002,22,5,g061,g061,normal,synthetic_rongorongo_like,
tablet_002,22,6,g004,g004,normal,synthetic_rongorongo_like,
tablet_002,22,7,g003,g003,normal,synthetic_rongorongo_like,
tablet_002,22,8,g004,g004,normal,synthetic_rongorongo_like,
tablet_002,22,9,g004,g004,normal,synthetic_rongorongo_like,
tablet_002,22,10,g023,g023,normal,synthetic_rongorongo_like,
tablet_002,22,11,g002,g002,normal,synthetic_rongorongo_like,
tablet_002,22,12,g003,g003,normal,synthetic_rongorongo_like,
tablet_002,22,13,g021,g021,normal,synthetic_rongorongo_like,
tablet_002,22,14,g021,g021,normal,synthetic_rongorongo_like,
tablet_002,22,15,g021,g021,normal,synthetic_rongorongo_like,
tablet_002,22,16,g001,g001,normal,synthetic_rongorongo_like,
tablet_002,22,17,g003,g003,normal,synthetic_rongorongo_like,
tablet_002,22,18,g010,g010,normal,synthetic_rongorongo_like,
tablet_002,22,19,g021,g021,normal,synthetic_rongorongo_like,
tablet_002,22,20,g021,g021,normal,synthetic_rongorongo_like,
tablet_002,22,21,g021,g021,normal,synthetic_rongorongo_like,
tablet_002,22,22,g027,g027,normal,synthetic_rongorongo_like,
tablet_002,22,23,g015,g015,normal,synthetic_rongorongo_like,
tablet_002,22,24,g015,g015,normal,synthetic_rongorongo_like,
tablet_002,22,25,g001,g001,normal,synthetic_rongorongo_like,
tablet_002,22,26,g026,g026,normal,synthetic_rongorongo_like,
tablet_002,22,27,g008,g008,normal,synthetic_rongorongo_like,
tablet_002,22,28,g023,g023,normal,synthetic_rongorongo_like,
tablet_002,22,29,g062,g062,normal,synthetic_rongorongo_like,
tablet_002,22,30,g002,g002,normal,synthetic_rongorongo_like,
tablet_002,22,31,g002,g002,normal,synthetic_rongorongo_like,
tablet_002,22,32,g006,g006,normal,synthetic_rongorongo_like,
tablet_002,22,33,g006,g006,normal,synthetic_rongorongo_like,
tablet_002,22,34,g061,g061,normal,synthetic_rongorongo_like,
tablet_002,22,35,g105,g105,normal,synthetic_rongorongo_like,
tablet_002,22,36,g021,g021,normal,synthetic_rongorongo_like,
tablet_002,22,37,g011,g011,normal,synthetic_rongorongo_like,
tablet_002,22,38,g063,g063,normal,synthetic_rongorongo_like,
tablet_002,22,39,g004,g004,normal,synthetic_rongorongo_like,
tablet_002,22,40,g062,g062,normal,synthetic_rongorongo_like,
tablet_002,23,1,g025,g025,normal,synthetic_rongorongo_like,
tablet_002,23,2,g025,g025,normal,synthetic_rongorongo_like,
tablet_002,23,3,g023,g023,normal,synthetic_rongorongo_like,
tablet_002,23,4,g061,g061,normal,synthetic_rongorongo_like,
tablet_002,23,5,g008,g008,normal,synthetic_rongorongo_like,
tablet_002,23,6,g022,g022,normal,synthetic_rongorongo_like,
tablet_002,23,7,g076,g076,normal,synthetic_rongorongo_like,
tablet_002,23,8,g021,g021,normal,synthetic_rongorongo_like,
tablet_002,23,9,g062,g062,normal,synthetic_rongorongo_like,
tablet_002,23,10,g026,g026,normal,synthetic_rongorongo_like,
tablet_002,23,11,g017,g017,normal,synthetic_rongorongo_like,
tablet_002,23,12,g017,g017,normal,synthetic_rongorongo_like,
tablet_002,23,13,g009,g009,normal,synthetic_rongorongo_like,
tablet_002,23,14,g009,g009,normal,synthetic_rongorongo_like,
tablet_002,23,15,g007,g007,normal,synthetic_rongorongo_like,
tablet_002,23,16,g007,g007,normal,synthetic_rongorongo_like,
tablet_002,23,17,g007,g007,normal,synthetic_rongorongo_like,
tablet_002,23,18,g021,g021,normal,synthetic_rongorongo_like,
tablet_002,23,19,g024,g024,normal,synthetic_rongorongo_like,
tablet_002,23,20,g005,g005,normal,synthetic_rongorongo_like,
tablet_002,23,21,g005,g005,normal,synthetic_rongorongo_like,
tablet_002,23,22,g048,g048,normal,synthetic_rongorongo_like,
tablet_002,23,23,g048,g048,normal,synthetic_rongorongo_like,
tablet_002,23,24,g070,g070,normal,synthetic_rongorongo_like,
tablet_002,23,25,g070,g070,normal,synthetic_rongorongo_like,
tablet_002,23,26,g070,g070,normal,synthetic_rongorongo_like,
tablet_002,23,27,g024,g024,normal,synthetic_rongorongo_like,
tablet_002,23,28,g002,g002,normal,synthetic_rongorongo_like,
tablet_002,23,29,g090,g090,normal,synthetic_rongorongo_like,
tablet_002,23,30,g021,g021,normal,synthetic_rongorongo_like,
tablet_002,23,31,g061,g061,normal,synthetic_rongorongo_like,
tablet_002,23,32,g061,g061,normal,synthetic_rongorongo_like,
tablet_002,23,33,g061,g061,normal,synthetic_rongorongo_like,
tablet_002,23,34,g021,g021,normal,synthetic_rongorongo_like,
tablet_002,23,35,g062,g062,normal,synthetic_rongorongo_like,
tablet_002,23,36,g023,g023,normal,synthetic_rongorongo_like,
tablet_002,23,37,g032,g032,normal,synthetic_rongorongo_like,
tablet_002,23,38,g002,g002,normal,synthetic_rongorongo_like,
tablet_002,23,39,g062,g062,normal,synthetic_rongorongo_like,
tablet_002,23,40,g001,g001,normal,synthetic_rongorongo_like,
tablet_002,24,1,g001,g001,normal,synthetic_rongorongo_like,
tablet_002,24,2,g001,g001,normal,synthetic_rongorongo_like,
tablet_002,24,3,g001,g001,normal,synthetic_rongorongo_like,
tablet_002,24,4,g022,g022,normal,synthetic_rongorongo_like,
tablet_002,24,5,g024,g024,normal,synthetic_rongorongo_like,
tablet_002,24,6,g005,g005,normal,synthetic_rongorongo_like,
tablet_002,24,7,g015,g015,normal,synthetic_rongorongo_like,
tablet_002,24,8,g001,g001,normal,synthetic_rongorongo_like,
tablet_002,24,9,g003,g003,normal,synthetic_rongorongo_like,
tablet_002,24,10,g022,g022,normal,synthetic_rongorongo_like,
tablet_002,24,11,g008,g008,normal,synthetic_rongorongo_like,
tablet_002,24,12,g022,g022,normal,synthetic_rongorongo_like,
tablet_002,24,13,g061,g061,normal,synthetic_rongorongo_like,
tablet_002,24,14,g061,g061,normal,synthetic_rongorongo_like,
tablet_002,24,15,g021,g021,normal,synthetic_rongorongo_like,
tablet_002,24,16,g022,g022,normal,synthetic_rongorongo_like,
tablet_002,24,17,g002,g002,normal,synthetic_rongorongo_like,
tablet_002,24,18,g023,g023,normal,synthetic_rongorongo_like,
tablet_002,24,19,g023,g023,normal,synthetic_rongorongo_like,
tablet_002,24,20,g023,g023,normal,synthetic_rongorongo_like,
tablet_002,24,21,g004,g004,normal,synthetic_rongorongo_like,
tablet_002,24,22,g008,g008,normal,synthetic_rongorongo_like,
tablet_002,24,23,g022,g022,normal,synthetic_rongorongo_like,
tablet_002,24,24,g008,g008,normal,synthetic_rongorongo_like,
tablet_002,24,25,g008,g008,normal,synthetic_rongorongo_like,
tablet_002,24,26,g008,g008,normal,synthetic_rongorongo_like,
tablet_002,24,27,g062,g062,normal,synthetic_rongorongo_like,
tablet_002,24,28,g061,g061,normal,synthetic_rongorongo_like,
tablet_002,24,29,g061,g061,normal,synthetic_rongorongo_like,
tablet_002,24,30,g002,g002,normal,synthetic_rongorongo_like,
tablet_002,24,31,g057,g057,normal,synthetic_rongorongo_like,
tablet_002,24,32,g031,g031,normal,synthetic_rongorongo_like,
tablet_002,24,33,g025,g025,normal,synthetic_rongorongo_like,
tablet_002,24,34,g022,g022,normal,synthetic_rongorongo_like,
tablet_002,24,35,g022,g022,normal,synthetic_rongorongo_like,
tablet_002,24,36,g001,g001,normal,synthetic_rongorongo_like,
tablet_002,24,37,g001,g001,normal,synthetic_rongorongo_like,
tablet_002,24,38,g002,g002,normal,synthetic_rongorongo_like,
tablet_002,24,39,g062,g062,normal,synthetic_rongorongo_like,
tablet_002,24,40,g007,g007,normal,synthetic_rongorongo_like,
tablet_002,25,1,g061,g061,normal,synthetic_rongorongo_like,
tablet_002,25,2,g039,g039,normal,synthetic_rongorongo_like,
tablet_002,25,3,g021,g021,normal,synthetic_rongorongo_like,
tablet_002,25,4,g061,g061,normal,synthetic_rongorongo_like,
tablet_002,25,5,g021,g021,normal,synthetic_rongorongo_like,
tablet_002,25,6,g021,g021,normal,synthetic_rongorongo_like,
tablet_002,25,7,g032,g032,normal,synthetic_rongorongo_like,
tablet_002,25,8,g096,g096,normal,synthetic_rongorongo_like,
tablet_002,25,9,g096,g096,normal,synthetic_rongorongo_like,
tablet_002,25,10,g007,g007,normal,synthetic_rongorongo_like,
tablet_002,25,11,g028,g028,normal,synthetic_rongorongo_like,
tablet_002,25,12,g021,g021,normal,synthetic_rongorongo_like,
tablet_002,25,13,g021,g021,normal,synthetic_rongorongo_like,
tablet_002,25,14,g001,g001,normal,synthetic_rongorongo_like,
tablet_002,25,15,g001,g001,normal,synthetic_rongorongo_like,
tablet_002,25,16,g021,g021,normal,synthetic_rongorongo_like,
tablet_002,25,17,g061,g061,normal,synthetic_rongorongo_like,
tablet_002,25,18,g063,g063,normal,synthetic_rongorongo_like,
tablet_002,25,19,g017,g017,normal,synthetic_rongorongo_like,
tablet_002,25,20,g061,g061,normal,synthetic_rongorongo_like,
tablet_002,25,21,g021,g021,normal,synthetic_rongorongo_like,
tablet_002,25,22,g022,g022,normal,synthetic_rongorongo_like,
tablet_002,25,23,g062,g062,normal,synthetic_rongorongo_like,
tablet_002,25,24,g021,g021,normal,synthetic_rongorongo_like,
tablet_002,25,25,g017,g017,normal,synthetic_rongorongo_like,
tablet_002,25,26,g011,g011,normal,synthetic_rongorongo_like,
tablet_002,25,27,g001,g001,normal,synthetic_rongorongo_like,
tablet_002,25,28,g001,g001,normal,synthetic_rongorongo_like,
tablet_002,25,29,g001,g001,normal,synthetic_rongorongo_like,
tablet_002,25,30,g022,g022,normal,synthetic_rongorongo_like,
tablet_002,25,31,g021,g021,normal,synthetic_rongorongo_like,
tablet_002,25,32,g021,g021,normal,synthetic_rongorongo_like,
tablet_002,25,33,g068,g068,normal,synthetic_rongorongo_like,
tablet_002,25,34,g082,g082,normal,synthetic_rongorongo_like,
tablet_002,25,35,g082,g082,normal,synthetic_rongorongo_like,
tablet_002,25,36,g082,g082,normal,synthetic_rongorongo_like,
tablet_002,25,37,g075,g075,normal,synthetic_rongorongo_like,
tablet_002,25,38,g021,g021,normal,synthetic_rongorongo_like,
tablet_002,25,39,g021,g021,normal,synthetic_rongorongo_like,
tablet_002,25,40,g022,g022,normal,synthetic_rongorongo_like,
tablet_002,26,1,g001,g001,normal,synthetic_rongorongo_like,
tablet_002,26,2,g010,g010,normal,synthetic_rongorongo_like,
tablet_002,26,3,g022,g022,normal,synthetic_rongorongo_like,
tablet_002,26,4,g022,g022,normal,synthetic_rongorongo_like,
tablet_002,26,5,g021,g021,normal,synthetic_rongorongo_like,
tablet_002,26,6,g002,g002,normal,synthetic_rongorongo_like,
tablet_002,26,7,g002,g002,normal,synthetic_rongorongo_like,
tablet_002,26,8,g025,g025,normal,synthetic_rongorongo_like,
tablet_002,26,9,g025,g025,normal,synthetic_rongorongo_like,
tablet_002,26,10,g025,g025,normal,synthetic_rongorongo_like,
tablet_002,26,11,g001,g001,normal,synthetic_rongorongo_like,
tablet_002,26,12,g001,g001,normal,synthetic_rongorongo_like,
tablet_002,26,13,g022,g022,normal,synthetic_rongorongo_like,
tablet_002,26,14,g021,g021,normal,synthetic_rongorongo_like,
tablet_002,26,15,g028,g028,normal,synthetic_rongorongo_like,
tablet_002,26,16,g001,g001,normal,synthetic_rongorongo_like,
tablet_002,26,17,g001,g001,normal,synthetic_rongorongo_like,
tablet_002,26,18,g061,g061,normal,synthetic_rongorongo_like,
tablet_002,26,19,g062,g062,normal,synthetic_rongorongo_like,
tablet_002,26,20,g021,g021,normal,synthetic_rongorongo_like,
tablet_002,26,21,g001,g001,normal,synthetic_rongorongo_like,
tablet_002,26,22,g055,g055,normal,synthetic_rongorongo_like,
tablet_002,26,23,g002,g002,normal,synthetic_rongorongo_like,
tablet_002,26,24,g022,g022,normal,synthetic_rongorongo_like,
tablet_002,26,25,g013,g013,normal,synthetic_rongorongo_like,
tablet_002,26,26,g007,g007,normal,synthetic_rongorongo_like,
tablet_002,26,27,g024,g024,normal,synthetic_rongorongo_like,
tablet_002,26,28,g021,g021,normal,synthetic_rongorongo_like,
tablet_002,26,29,g003,g003,normal,synthetic_rongorongo_like,
tablet_002,26,30,g062,g062,normal,synthetic_rongorongo_like,
tablet_002,26,31,g009,g009,normal,synthetic_rongorongo_like,
tablet_002,26,32,g022,g022,normal,synthetic_rongorongo_like,
tablet_002,26,33,g022,g022,normal,synthetic_rongorongo_like,
tablet_002,26,34,g002,g002,normal,synthetic_rongorongo_like,
tablet_002,26,35,g001,g001,normal,synthetic_rongorongo_like,
tablet_002,26,36,g023,g023,normal,synthetic_rongorongo_like,
tablet_002,26,37,g001,g001,normal,synthetic_rongorongo_like,
tablet_002,26,38,g062,g062,normal,synthetic_rongorongo_like,
tablet_002,26,39,g001,g001,normal,synthetic_rongorongo_like,
tablet_002,26,40,g043,g043,normal,synthetic_rongorongo_like,
tablet_002,27,1,g010,g010,normal,synthetic_rongorongo_like,
tablet_002,27,2,g001,g001,normal,synthetic_rongorongo_like,
tablet_002,27,3,g035,g035,normal,synthetic_rongorongo_like,
tablet_002,27,4,g014,g014,normal,synthetic_rongorongo_like,
tablet_002,27,5,g014,g014,normal,synthetic_rongorongo_like,
tablet_002,27,6,g066,g066,normal,synthetic_rongorongo_like,
tablet_002,27,7,g066,g066,normal,synthetic_rongorongo_like,
tablet_002,27,8,g022,g022,normal,synthetic_rongorongo_like,
tablet_002,27,9,g011,g011,normal,synthetic_rongorongo_like,
tablet_002,27,10,g007,g007,normal,synthetic_rongorongo_like,
tablet_002,27,11,g001,g001,normal,synthetic_rongorongo_like,
tablet_002,27,12,g021,g021,normal,synthetic_rongorongo_like,
tablet_002,27,13,g003,g003,normal,synthetic_rongorongo_like,
tablet_002,27,14,g033,g033,normal,synthetic_rongorongo_like,
tablet_002,27,15,g001,g001,normal,synthetic_rongorongo_like,
tablet_002,27,16,g022,g022,normal,synthetic_rongorongo_like,
tablet_002,27,17,g008,g008,normal,synthetic_rongorongo_like,
tablet_002,27,18,g003,g003,normal,synthetic_rongorongo_like,
tablet_002,27,19,g006,g006,normal,synthetic_rongorongo_like,
tablet_002,27,20,g006,g006,normal,synthetic_rongorongo_like,
tablet_002,27,21,g002,g002,normal,synthetic_rongorongo_like,
tablet_002,27,22,g002,g002,normal,synthetic_rongorongo_like,
tablet_002,27,23,g001,g001,normal,synthetic_rongorongo_like,
tablet_002,27,24,g001,g001,normal,synthetic_rongorongo_like,
tablet_002,27,25,g023,g023,normal,synthetic_rongorongo_like,
tablet_002,27,26,g062,g062,normal,synthetic_rongorongo_like,
tablet_002,27,27,g001,g001,normal,synthetic_rongorongo_like,
tablet_002,27,28,g022,g022,normal,synthetic_rongorongo_like,
tablet_002,27,29,g065,g065,normal,synthetic_rongorongo_like,
tablet_002,27,30,g107,g107,normal,synthetic_rongorongo_like,
tablet_002,27,31,g083,g083,normal,synthetic_rongorongo_like,
tablet_002,27,32,g010,g010,normal,synthetic_rongorongo_like,
tablet_002,27,33,g002,g002,normal,synthetic_rongorongo_like,
tablet_002,27,34,g002,g002,normal,synthetic_rongorongo_like,
tablet_002,27,35,g008,g008,normal,synthetic_rongorongo_like,
tablet_002,27,36,g008,g008,normal,synthetic_rongorongo_like,
tablet_002,27,37,g002,g002,normal,synthetic_rongorongo_like,
tablet_002,27,38,g015,g015,normal,synthetic_rongorongo_like,
tablet_002,27,39,g015,g015,normal,synthetic_rongorongo_like,
tablet_002,27,40,g015,g015,normal,synthetic_rongorongo_like,
tablet_002,28,1,g061,g061,normal,synthetic_rongorongo_like,
tablet_002,28,2,g004,g004,normal,synthetic_rongorongo_like,
tablet_002,28,3,g004,g004,normal,synthetic_rongorongo_like,
tablet_002,28,4,g001,g001,normal,synthetic_rongorongo_like,
tablet_002,28,5,g002,g002,normal,synthetic_rongorongo_like,
tablet_002,28,6,g023,g023,normal,synthetic_rongorongo_like,
tablet_002,28,7,g079,g079,normal,synthetic_rongorongo_like,
tablet_002,28,8,g007,g007,normal,synthetic_rongorongo_like,
tablet_002,28,9,g021,g021,normal,synthetic_rongorongo_like,
tablet_002,28,10,g003,g003,normal,synthetic_rongorongo_like,
tablet_002,28,11,g003,g003,normal,synthetic_rongorongo_like,
tablet_002,28,12,g021,g021,normal,synthetic_rongorongo_like,
tablet_002,28,13,g021,g021,normal,synthetic_rongorongo_like,
tablet_002,28,14,g002,g002,normal,synthetic_rongorongo_like,
tablet_002,28,15,g061,g061,normal,synthetic_rongorongo_like,
tablet_002,28,16,g003,g003,normal,synthetic_rongorongo_like,
tablet_002,28,17,g021,g021,normal,synthetic_rongorongo_like,
tablet_002,28,18,g061,g061,normal,synthetic_rongorongo_like,
tablet_002,28,19,g115,g115,normal,synthetic_rongorongo_like,
tablet_002,28,20,g003,g003,normal,synthetic_rongorongo_like,
tablet_002,28,21,g059,g059,normal,synthetic_rongorongo_like,
tablet_002,28,22,g017,g017,normal,synthetic_rongorongo_like,
tablet_002,28,23,g002,g002,normal,synthetic_rongorongo_like,
tablet_002,28,24,g068,g068,normal,synthetic_rongorongo_like,
tablet_002,28,25,g002,g002,normal,synthetic_rongorongo_like,
tablet_002,28,26,g022,g022,normal,synthetic_rongorongo_like,
tablet_002,28,27,g021,g021,normal,synthetic_rongorongo_like,
tablet_002,28,28,g001,g001,normal,synthetic_rongorongo_like,
tablet_002,28,29,g021,g021,normal,synthetic_rongorongo_like,
tablet_002,28,30,g001,g001,normal,synthetic_rongorongo_like,
tablet_002,28,31,g001,g001,normal,synthetic_rongorongo_like,
tablet_002,28,32,g001,g001,normal,synthetic_rongorongo_like,
tablet_002,28,33,g001,g001,normal,synthetic_rongorongo_like,
tablet_002,28,34,g022,g022,normal,synthetic_rongorongo_like,
tablet_002,28,35,g002,g002,normal,synthetic_rongorongo_like,
tablet_002,28,36,g002,g002,normal,synthetic_rongorongo_like,
tablet_002,28,37,g002,g002,normal,synthetic_rongorongo_like,
tablet_002,28,38,g004,g004,normal,synthetic_rongorongo_like,
tablet_002,28,39,g043,g043,normal,synthetic_rongorongo_like,
tablet_002,28,40,g043,g043,normal,synthetic_rongorongo_like,
tablet_002,29,1,g070,g070,normal,synthetic_rongorongo_like,
tablet_002,29,2,g002,g002,normal,synthetic_rongorongo_like,
tablet_002,29,3,g001,g001,normal,synthetic_rongorongo_like,
tablet_002,29,4,g001,g001,normal,synthetic_rongorongo_like,
tablet_002,29,5,g029,g029,normal,synthetic_rongorongo_like,
tablet_002,29,6,g001,g001,normal,synthetic_rongorongo_like,
tablet_002,29,7,g021,g021,normal,synthetic_rongorongo_like,
tablet_002,29,8,g006,g006,normal,synthetic_rongorongo_like,
tablet_002,29,9,g067,g067,normal,synthetic_rongorongo_like,
tablet_002,29,10,g001,g001,normal,synthetic_rongorongo_like,
tablet_002,29,11,g021,g021,normal,synthetic_rongorongo_like,
tablet_002,29,12,g062,g062,normal,synthetic_rongorongo_like,
tablet_002,29,13,g037,g037,normal,synthetic_rongorongo_like,
tablet_002,29,14,g017,g017,normal,synthetic_rongorongo_like,
tablet_002,29,15,g003,g003,normal,synthetic_rongorongo_like,
tablet_002,29,16,g061,g061,normal,synthetic_rongorongo_like,
tablet_002,29,17,g061,g061,normal,synthetic_rongorongo_like,
tablet_002,29,18,g061,g061,normal,synthetic_rongorongo_like,
tablet_002,29,19,g002,g002,normal,synthetic_rongorongo_like,
tablet_002,29,20,g043,g043,normal,synthetic_rongorongo_like,
tablet_002,29,21,g022,g022,normal,synthetic_rongorongo_like,
tablet_002,29,22,g021,g021,normal,synthetic_rongorongo_like,
tablet_002,29,23,g001,g001,normal,synthetic_rongorongo_like,
tablet_002,29,24,g001,g001,normal,synthetic_rongorongo_like,
tablet_002,29,25,g021,g021,normal,synthetic_rongorongo_like,
tablet_002,29,26,g002,g002,normal,synthetic_rongorongo_like,
tablet_002,29,27,g063,g063,normal,synthetic_rongorongo_like,
tablet_002,29,28,g029,g029,normal,synthetic_rongorongo_like,
tablet_002,29,29,g029,g029,normal,synthetic_rongorongo_like,
tablet_002,29,30,g001,g001,normal,synthetic_rongorongo_like,
tablet_002,29,31,g023,g023,normal,synthetic_rongorongo_like,
tablet_002,29,32,g021,g021,normal,synthetic_rongorongo_like,
tablet_002,29,33,g021,g021,normal,synthetic_rongorongo_like,
tablet_002,29,34,g001,g001,normal,synthetic_rongorongo_like,
tablet_002,29,35,g024,g024,normal,synthetic_rongorongo_like,
tablet_002,29,36,g023,g023,normal,synthetic_rongorongo_like,
tablet_002,29,37,g024,g024,normal,synthetic_rongorongo_like,
tablet_002,29,38,g024,g024,normal,synthetic_rongorongo_like,
tablet_002,29,39,g021,g021,normal,synthetic_rongorongo_like,
tablet_002,29,40,g004,g004,normal,synthetic_rongorongo_like,
tablet_002,30,1,g064,g064,normal,synthetic_rongorongo_like,
tablet_002,30,2,g001,g001,normal,synthetic_rongorongo_like,
tablet_002,30,3,g021,g021,normal,synthetic_rongorongo_like,
tablet_002,30,4,g005,g005,normal,synthetic_rongorongo_like,
tablet_002,30,5,g033,g033,normal,synthetic_rongorongo_like,
tablet_002,30,6,g033,g033,normal,synthetic_rongorongo_like,
tablet_002,30,7,g007,g007,normal,synthetic_rongorongo_like,
tablet_002,30,8,g007,g007,normal,synthetic_rongorongo_like,
tablet_002,30,9,g063,g063,normal,synthetic_rongorongo_like,
tablet_002,30,10,g063,g063,normal,synthetic_rongorongo_like,
tablet_002,30,11,g021,g021,normal,synthetic_rongorongo_like,
tablet_002,30,12,g071,g071,normal,synthetic_rongorongo_like,
tablet_002,30,13,g001,g001,normal,synthetic_rongorongo_like,
tablet_002,30,14,g012,g012,normal,synthetic_rongorongo_like,
tablet_002,30,15,g048,g048,normal,synthetic_rongorongo_like,
tablet_002,30,16,g001,g001,normal,synthetic_rongorongo_like,
tablet_002,30,17,g001,g001,normal,synthetic_rongorongo_like,
tablet_002,30,18,g021,g021,normal,synthetic_rongorongo_like,
tablet_002,30,19,g021,g021,normal,synthetic_rongorongo_like,
tablet_002,30,20,g016,g016,normal,synthetic_rongorongo_like,
tablet_002,30,21,g016,g016,normal,synthetic_rongorongo_like,
tablet_002,30,22,g003,g003,normal,synthetic_rongorongo_like,
tablet_002,30,23,g003,g003,normal,synthetic_rongorongo_like,
tablet_002,30,24,g001,g001,normal,synthetic_rongorongo_like,
tablet_002,30,25,g020,g020,normal,synthetic_rongorongo_like,
tablet_002,30,26,g013,g013,normal,synthetic_rongorongo_like,
tablet_002,30,27,g023,g023,normal,synthetic_rongorongo_like,
tablet_002,30,28,g002,g002,normal,synthetic_rongorongo_like,
tablet_002,30,29,g002,g002,normal,synthetic_rongorongo_like,
tablet_002,30,30,g001,g001,normal,synthetic_rongorongo_like,
tablet_002,30,31,g003,g003,normal,synthetic_rongorongo_like,
tablet_002,30,32,g030,g030,normal,synthetic_rongorongo_like,
tablet_002,30,33,g022,g022,normal,synthetic_rongorongo_like,
tablet_002,30,34,g001,g001,normal,synthetic_rongorongo_like,
tablet_002,30,35,g001,g001,normal,synthetic_rongorongo_like,
tablet_002,30,36,g001,g001,normal,synthetic_rongorongo_like,
tablet_002,30,37,g025,g025,normal,synthetic_rongorongo_like,
tablet_002,30,38,g046,g046,normal,synthetic_rongorongo_like,
tablet_002,30,39,g021,g021,normal,synthetic_rongorongo_like,
tablet_002,30,40,g021,g021,normal,synthetic_rongorongo_like,
tablet_002,31,1,g003,g003,normal,synthetic_rongorongo_like,
tablet_002,31,2,g003,g003,normal,synthetic_rongorongo_like,
tablet_002,31,3,g003,g003,normal,synthetic_rongorongo_like,
tablet_002,31,4,g068,g068,normal,synthetic_rongorongo_like,
tablet_002,31,5,g002,g002,normal,synthetic_rongorongo_like,
tablet_002,31,6,g001,g001,normal,synthetic_rongorongo_like,
tablet_002,31,7,g032,g032,normal,synthetic_rongorongo_like,
tablet_002,31,8,g008,g008,normal,synthetic_rongorongo_like,
tablet_002,31,9,g062,g062,normal,synthetic_rongorongo_like,
tablet_002,31,10,g022,g022,normal,synthetic_rongorongo_like,
tablet_002,31,11,g062,g062,normal,synthetic_rongorongo_like,
tablet_002,31,12,g062,g062,normal,synthetic_rongorongo_like,
tablet_002,31,13,g024,g024,normal,synthetic_rongorongo_like,
tablet_002,31,14,g024,g024,normal,synthetic_rongorongo_like,
tablet_002,31,15,g006,g006,normal,synthetic_rongorongo_like,
tablet_002,31,16,g003,g003,normal,synthetic_rongorongo_like,
tablet_002,31,17,g003,g003,normal,synthetic_rongorongo_like,
tablet_002,31,18,g061,g061,normal,synthetic_rongorongo_like,
tablet_002,31,19,g027,g027,normal,synthetic_rongorongo_like,
tablet_002,31,20,g027,g027,normal,synthetic_rongorongo_like,
tablet_002,31,21,g035,g035,normal,synthetic_rongorongo_like,
tablet_002,31,22,g035,g035,normal,synthetic_rongorongo_like,
tablet_002,31,23,g035,g035,normal,synthetic_rongorongo_like,
tablet_002,31,24,g024,g024,normal,synthetic_rongorongo_like,
tablet_002,31,25,g001,g001,normal,synthetic_rongorongo_like,
tablet_002,31,26,g005,g005,normal,synthetic_rongorongo_like,
tablet_002,31,27,g001,g001,normal,synthetic_rongorongo_like,
tablet_002,31,28,g035,g035,normal,synthetic_rongorongo_like,
tablet_002,31,29,g001,g001,normal,synthetic_rongorongo_like,
tablet_002,31,30,g001,g001,normal,synthetic_rongorongo_like,
tablet_002,31,31,g001,g001,normal,synthetic_rongorongo_like,
tablet_002,31,32,g001,g001,normal,synthetic_rongorongo_like,
tablet_002,31,33,g001,g001,normal,synthetic_rongorongo_like,
tablet_002,31,34,g021,g021,normal,synthetic_rongorongo_like,
tablet_002,31,35,g018,g018,normal,synthetic_rongorongo_like,
tablet_002,31,36,g021,g021,normal,synthetic_rongorongo_like,
tablet_002,31,37,g007,g007,normal,synthetic_rongorongo_like,
tablet_002,31,38,g007,g007,normal,synthetic_rongorongo_like,
tablet_002,31,39,g001,g001,normal,synthetic_rongorongo_like,
tablet_002,31,40,g001,g001,normal,synthetic_rongorongo_like,
tablet_002,32,1,g021,g021,normal,synthetic_rongorongo_like,
tablet_002,32,2,g061,g061,normal,synthetic_rongorongo_like,
tablet_002,32,3,g036,g036,normal,synthetic_rongorongo_like,
tablet_002,32,4,g049,g049,normal,synthetic_rongorongo_like,
tablet_002,32,5,g049,g049,normal,synthetic_rongorongo_like,
tablet_002,32,6,g021,g021,normal,synthetic_rongorongo_like,
tablet_002,32,7,g002,g002,normal,synthetic_rongorongo_like,
tablet_002,32,8,g002,g002,normal,synthetic_rongorongo_like,
tablet_002,32,9,g021,g021,normal,synthetic_rongorongo_like,
tablet_002,32,10,g006,g006,normal,synthetic_rongorongo_like,
tablet_002,32,11,g023,g023,normal,synthetic_rongorongo_like,
tablet_002,32,12,g023,g023,normal,synthetic_rongorongo_like,
tablet_002,32,13,g027,g027,normal,synthetic_rongorongo_like,
tablet_002,32,14,g023,g023,normal,synthetic_rongorongo_like,
tablet_002,32,15,g061,g061,normal,synthetic_rongorongo_like,
tablet_002,32,16,g011,g011,normal,synthetic_rongorongo_like,
tablet_002,32,17,g021,g021,normal,synthetic_rongorongo_like,
tablet_002,32,18,g061,g061,normal,synthetic_rongorongo_like,
tablet_002,32,19,g006,g006,normal,synthetic_rongorongo_like,
tablet_002,32,20,g059,g059,normal,synthetic_rongorongo_like,
tablet_002,32,21,g059,g059,normal,synthetic_rongorongo_like,
tablet_002,32,22,g001,g001,normal,synthetic_rongorongo_like,
tablet_002,32,23,g021,g021,normal,synthetic_rongorongo_like,
tablet_002,32,24,g087,g087,normal,synthetic_rongorongo_like,
tablet_002,32,25,g087,g087,normal,synthetic_rongorongo_like,
tablet_002,32,26,g022,g022,normal,synthetic_rongorongo_like,
tablet_002,32,27,g022,g022,normal,synthetic_rongorongo_like,
tablet_002,32,28,g001,g001,normal,synthetic_rongorongo_like,
tablet_002,32,29,g003,g003,normal,synthetic_rongorongo_like,
tablet_002,32,30,g003,g003,normal,synthetic_rongorongo_like,
tablet_002,32,31,g007,g007,normal,synthetic_rongorongo_like,
tablet_002,32,32,g001,g001,normal,synthetic_rongorongo_like,
tablet_002,32,33,g003,g003,normal,synthetic_rongorongo_like,
tablet_002,32,34,g003,g003,normal,synthetic_rongorongo_like,
tablet_002,32,35,g021,g021,normal,synthetic_rongorongo_like,
tablet_002,32,36,g001,g001,normal,synthetic_rongorongo_like,
tablet_002,32,37,g018,g018,normal,synthetic_rongorongo_like,
tablet_002,32,38,g063,g063,normal,synthetic_rongorongo_like,
tablet_002,32,39,g027,g027,normal,synthetic_rongorongo_like,
tablet_002,32,40,g002,g002,normal,synthetic_rongorongo_like,
tablet_002,33,1,g004,g004,normal,synthetic_rongorongo_like,
tablet_002,33,2,g061,g061,normal,synthetic_rongorongo_like,
tablet_002,33,3,g061,g061,normal,synthetic_rongorongo_like,
tablet_002,33,4,g003,g003,normal,synthetic_rongorongo_like,
tablet_002,33,5,g001,g001,normal,synthetic_rongorongo_like,
tablet_002,33,6,g001,g001,normal,synthetic_rongorongo_like,
tablet_002,33,7,g006,g006,normal,synthetic_rongorongo_like,
tablet_002,33,8,g021,g021,normal,synthetic_rongorongo_like,
tablet_002,33,9,g001,g001,normal,synthetic_rongorongo_like,
tablet_002,33,10,g001,g001,normal,synthetic_rongorongo_like,
tablet_002,33,11,g018,g018,normal,synthetic_rongorongo_like,
tablet_002,33,12,g007,g007,normal,synthetic_rongorongo_like,
tablet_002,33,13,g022,g022,normal,synthetic_rongorongo_like,
tablet_002,33,14,g022,g022,normal,synthetic_rongorongo_like,
tablet_002,33,15,g061,g061,normal,synthetic_rongorongo_like,
tablet_002,33,16,g001,g001,normal,synthetic_rongorongo_like,
tablet_002,33,17,g012,g012,normal,synthetic_rongorongo_like,
tablet_002,33,18,g011,g011,normal,synthetic_rongorongo_like,
tablet_002,33,19,g091,g091,normal,synthetic_rongorongo_like,
tablet_002,33,20,g091,g091,normal,synthetic_rongorongo_like,
tablet_002,33,21,g014,g014,normal,synthetic_rongorongo_like,
tablet_002,33,22,g062,g062,normal,synthetic_rongorongo_like,
tablet_002,33,23,g004,g004,normal,synthetic_rongorongo_like,
tablet_002,33,24,g004,g004,normal,synthetic_rongorongo_like,
tablet_002,33,25,g004,g004,normal,synthetic_rongorongo_like,
tablet_002,33,26,g003,g003,normal,synthetic_rongorongo_like,
tablet_002,33,27,g017,g017,normal,synthetic_rongorongo_like,
tablet_002,33,28,g002,g002,normal,synthetic_rongorongo_like,
tablet_002,33,29,g023,g023,normal,synthetic_rongorongo_like,
tablet_002,33,30,g006,g006,normal,synthetic_rongorongo_like,
tablet_002,33,31,g006,g006,normal,synthetic_rongorongo_like,
tablet_002,33,32,g003,g003,normal,synthetic_rongorongo_like,
tablet_002,33,33,g003,g003,normal,synthetic_rongorongo_like,
tablet_002,33,34,g021,g021,normal,synthetic_rongorongo_like,
tablet_002,33,35,g021,g021,normal,synthetic_rongorongo_like,
tablet_002,33,36,g025,g025,normal,synthetic_rongorongo_like,
tablet_002,33,37,g025,g025,normal,synthetic_rongorongo_like,
tablet_002,33,38,g064,g064,normal,synthetic_rongorongo_like,
tablet_002,33,39,g003,g003,normal,synthetic_rongorongo_like,
tablet_002,33,40,g005,g005,normal,synthetic_rongorongo_like,
tablet_002,34,1,g001,g001,normal,synthetic_rongorongo_like,
tablet_002,34,2,g001,g001,normal,synthetic_rongorongo_like,
tablet_002,34,3,g001,g001,normal,synthetic_rongorongo_like,
tablet_002,34,4,g061,g061,normal,synthetic_rongorongo_like,
tablet_002,34,5,g016,g016,normal,synthetic_rongorongo_like,
tablet_002,34,6,g021,g021,normal,synthetic_rongorongo_like,
tablet_002,34,7,g017,g017,normal,synthetic_rongorongo_like,
tablet_002,34,8,g017,g017,normal,synthetic_rongorongo_like,
tablet_002,34,9,g001,g001,normal,synthetic_rongorongo_like,
tablet_002,34,10,g001,g001,normal,synthetic_rongorongo_like,
tablet_002,34,11,g001,g001,normal,synthetic_rongorongo_like,
tablet_002,34,12,g001,g001,normal,synthetic_rongorongo_like,
tablet_002,34,13,g035,g035,normal,synthetic_rongorongo_like,
tablet_002,34,14,g001,g001,normal,synthetic_rongorongo_like,
tablet_002,34,15,g021,g021,normal,synthetic_rongorongo_like,
tablet_002,34,16,g021,g021,normal,synthetic_rongorongo_like,
tablet_002,34,17,g004,g004,normal,synthetic_rongorongo_like,
tablet_002,34,18,g036,g036,normal,synthetic_rongorongo_like,
tablet_002,34,19,g002,g002,normal,synthetic_rongorongo_like,
tablet_002,34,20,g028,g028,normal,synthetic_rongorongo_like,
tablet_002,34,21,g028,g028,normal,synthetic_rongorongo_like,
tablet_002,34,22,g001,g001,normal,synthetic_rongorongo_like,
tablet_002,34,23,g001,g001,normal,synthetic_rongorongo_like,
tablet_002,34,24,g003,g003,normal,synthetic_rongorongo_like,
tablet_002,34,25,g025,g025,normal,synthetic_rongorongo_like,
tablet_002,34,26,g007,g007,normal,synthetic_rongorongo_like,
tablet_002,34,27,g007,g007,normal,synthetic_rongorongo_like,
tablet_002,34,28,g063,g063,normal,synthetic_rongorongo_like,
tablet_002,34,29,g061,g061,normal,synthetic_rongorongo_like,
tablet_002,34,30,g034,g034,normal,synthetic_rongorongo_like,
tablet_002,34,31,g034,g034,normal,synthetic_rongorongo_like,
tablet_002,34,32,g034,g034,normal,synthetic_rongorongo_like,
tablet_002,34,33,g005,g005,normal,synthetic_rongorongo_like,
tablet_002,34,34,g021,g021,normal,synthetic_rongorongo_like,
tablet_002,34,35,g035,g035,normal,synthetic_rongorongo_like,
tablet_002,34,36,g026,g026,normal,synthetic_rongorongo_like,
tablet_002,34,37,g023,g023,normal,synthetic_rongorongo_like,
tablet_002,34,38,g001,g001,normal,synthetic_rongorongo_like,
tablet_002,34,39,g021,g021,normal,synthetic_rongorongo_like,
tablet_002,34,40,g022,g022,normal,synthetic_rongorongo_like,
tablet_002,35,1,g065,g065,normal,synthetic_rongorongo_like,
tablet_002,35,2,g061,g061,normal,synthetic_rongorongo_like,
tablet_002,35,3,g022,g022,normal,synthetic_rongorongo_like,
tablet_002,35,4,g063,g063,normal,synthetic_rongorongo_like,
tablet_002,35,5,g061,g061,normal,synthetic_rongorongo_like,
tablet_002,35,6,g003,g003,normal,synthetic_rongorongo_like,
tablet_002,35,7,g004,g004,normal,synthetic_rongorongo_like,
tablet_002,35,8,g015,g015,normal,synthetic_rongorongo_like,
tablet_002,35,9,g002,g002,normal,synthetic_rongorongo_like,
tablet_002,35,10,g002,g002,normal,synthetic_rongorongo_like,
tablet_002,35,11,g002,g002,normal,synthetic_rongorongo_like,
tablet_002,35,12,g002,g002,normal,synthetic_rongorongo_like,
tablet_002,35,13,g021,g021,normal,synthetic_rongorongo_like,
tablet_002,35,14,g021,g021,normal,synthetic_rongorongo_like,
tablet_002,35,15,g021,g021,normal,synthetic_rongorongo_like,
tablet_002,35,16,g061,g061,normal,synthetic_rongorongo_like,
tablet_002,35,17,g061,g061,normal,synthetic_rongorongo_like,
tablet_002,35,18,g027,g027,normal,synthetic_rongorongo_like,
tablet_002,35,19,g027,g027,normal,synthetic_rongorongo_like,
tablet_002,35,20,g022,g022,normal,synthetic_rongorongo_like,
tablet_002,35,21,g022,g022,normal,synthetic_rongorongo_like,
tablet_002,35,22,g003,g003,normal,synthetic_rongorongo_like,
tablet_002,35,23,g022,g022,normal,synthetic_rongorongo_like,
tablet_002,35,24,g025,g025,normal,synthetic_rongorongo_like,
tablet_002,35,25,g001,g001,normal,synthetic_rongorongo_like,
tablet_002,35,26,g002,g002,normal,synthetic_rongorongo_like,
tablet_002,35,27,g061,g061,normal,synthetic_rongorongo_like,
tablet_002,35,28,g031,g031,normal,synthetic_rongorongo_like,
tablet_002,35,29,g063,g063,normal,synthetic_rongorongo_like,
tablet_002,35,30,g063,g063,normal,synthetic_rongorongo_like,
tablet_002,35,31,g063,g063,normal,synthetic_rongorongo_like,
tablet_002,35,32,g020,g020,normal,synthetic_rongorongo_like,
tablet_002,35,33,g001,g001,normal,synthetic_rongorongo_like,
tablet_002,35,34,g019,g019,normal,synthetic_rongorongo_like,
tablet_002,35,35,g061,g061,normal,synthetic_rongorongo_like,
tablet_002,35,36,g022,g022,normal,synthetic_rongorongo_like,
tablet_002,35,37,g061,g061,normal,synthetic_rongorongo_like,
tablet_002,35,38,g004,g004,normal,synthetic_rongorongo_like,
tablet_002,35,39,g004,g004,normal,synthetic_rongorongo_like,
tablet_002,35,40,g001,g001,normal,synthetic_rongorongo_like,
tablet_002,36,1,g021,g021,normal,synthetic_rongorongo_like,
tablet_002,36,2,g010,g010,normal,synthetic_rongorongo_like,
tablet_002,36,3,g001,g001,normal,synthetic_rongorongo_like,
tablet_002,36,4,g004,g004,normal,synthetic_rongorongo_like,
tablet_002,36,5,g004,g004,normal,synthetic_rongorongo_like,
tablet_002,36,6,g001,g001,normal,synthetic_rongorongo_like,
tablet_002,36,7,g001,g001,normal,synthetic_rongorongo_like,
tablet_002,36,8,g067,g067,normal,synthetic_rongorongo_like,
tablet_002,36,9,g021,g021,normal,synthetic_rongorongo_like,
tablet_002,36,10,g002,g002,normal,synthetic_rongorongo_like,
tablet_002,36,11,g001,g001,normal,synthetic_rongorongo_like,
tablet_002,36,12,g020,g020,normal,synthetic_rongorongo_like,
tablet_002,36,13,g012,g012,normal,synthetic_rongorongo_like,
tablet_002,36,14,g012,g012,normal,synthetic_rongorongo_like,
tablet_002,36,15,g012,g012,normal,synthetic_rongorongo_like,
tablet_002,36,16,g001,g001,normal,synthetic_rongorongo_like,
tablet_002,36,17,g010,g010,normal,synthetic_rongorongo_like,
tablet_002,36,18,g061,g061,normal,synthetic_rongorongo_like,
tablet_002,36,19,g002,g002,normal,synthetic_rongorongo_like,
tablet_002,36,20,g021,g021,normal,synthetic_rongorongo_like,
tablet_002,36,21,g021,g021,normal,synthetic_rongorongo_like,
tablet_002,36,22,g021,g021,normal,synthetic_rongorongo_like,
tablet_002,36,23,g001,g001,normal,synthetic_rongorongo_like,
tablet_002,36,24,g001,g001,normal,synthetic_rongorongo_like,
tablet_002,36,25,g001,g001,normal,synthetic_rongorongo_like,
tablet_002,36,26,g001,g001,normal,synthetic_rongorongo_like,
tablet_002,36,27,g064,g064,normal,synthetic_rongorongo_like,
tablet_002,36,28,g013,g013,normal,synthetic_rongorongo_like,
tablet_002,36,29,g036,g036,normal,synthetic_rongorongo_like,
tablet_002,36,30,g009,g009,normal,synthetic_rongorongo_like,
tablet_002,36,31,g004,g004,normal,synthetic_rongorongo_like,
tablet_002,36,32,g039,g039,normal,synthetic_rongorongo_like,
tablet_002,36,33,g003,g003,normal,synthetic_rongorongo_like,
tablet_002,36,34,g024,g024,normal,synthetic_rongorongo_like,
tablet_002,36,35,g021,g021,normal,synthetic_rongorongo_like,
tablet_002,36,36,g025,g025,normal,synthetic_rongorongo_like,
tablet_002,36,37,g062,g062,normal,synthetic_rongorongo_like,
tablet_002,36,38,g014,g014,normal,synthetic_rongorongo_like,
tablet_002,36,39,g001,g001,normal,synthetic_rongorongo_like,
tablet_002,36,40,g026,g026,normal,synthetic_rongorongo_like,
tablet_002,37,1,g047,g047,normal,synthetic_rongorongo_like,
tablet_002,37,2,g047,g047,normal,synthetic_rongorongo_like,
tablet_002,37,3,g065,g065,normal,synthetic_rongorongo_like,
tablet_002,37,4,g020,g020,normal,synthetic_rongorongo_like,
tablet_002,37,5,g002,g002,normal,synthetic_rongorongo_like,
tablet_002,37,6,g002,g002,normal,synthetic_rongorongo_like,
tablet_002,37,7,g062,g062,normal,synthetic_rongorongo_like,
tablet_002,37,8,g023,g023,normal,synthetic_rongorongo_like,
tablet_002,37,9,g007,g007,normal,synthetic_rongorongo_like,
tablet_002,37,10,g007,g007,normal,synthetic_rongorongo_like,
tablet_002,37,11,g001,g001,normal,synthetic_rongorongo_like,
tablet_002,37,12,g001,g001,normal,synthetic_rongorongo_like,
tablet_002,37,13,g062,g062,normal,synthetic_rongorongo_like,
tablet_002,37,14,g061,g061,normal,synthetic_rongorongo_like,
tablet_002,37,15,g002,g002,normal,synthetic_rongorongo_like,
tablet_002,37,16,g022,g022,normal,synthetic_rongorongo_like,
tablet_002,37,17,g005,g005,normal,synthetic_rongorongo_like,
tablet_002,37,18,g022,g022,normal,synthetic_rongorongo_like,
tablet_002,37,19,g011,g011,normal,synthetic_rongorongo_like,
tablet_002,37,20,g011,g011,normal,synthetic_rongorongo_like,
tablet_002,37,21,g004,g004,normal,synthetic_rongorongo_like,
tablet_002,37,22,g004,g004,normal,synthetic_rongorongo_like,
tablet_002,37,23,g030,g030,normal,synthetic_rongorongo_like,
tablet_002,37,24,g007,g007,normal,synthetic_rongorongo_like,
tablet_002,37,25,g061,g061,normal,synthetic_rongorongo_like,
tablet_002,37,26,g001,g001,normal,synthetic_rongorongo_like,
tablet_002,37,27,g026,g026,normal,synthetic_rongorongo_like,
tablet_002,37,28,g001,g001,normal,synthetic_rongorongo_like,
tablet_002,37,29,g022,g022,normal,synthetic_rongorongo_like,
tablet_002,37,30,g021,g021,normal,synthetic_rongorongo_like,
tablet_002,37,31,g021,g021,normal,synthetic_rongorongo_like,
tablet_002,37,32,g062,g062,normal,synthetic_rongorongo_like,
tablet_002,37,33,g062,g062,normal,synthetic_rongorongo_like,
tablet_002,37,34,g021,g021,normal,synthetic_rongorongo_like,
tablet_002,37,35,g021,g021,normal,synthetic_rongorongo_like,
tablet_002,37,36,g021,g021,normal,synthetic_rongorongo_like,
tablet_002,37,37,g010,g010,normal,synthetic_rongorongo_like,
tablet_002,37,38,g001,g001,normal,synthetic_rongorongo_like,
tablet_002,37,39,g003,g003,normal,synthetic_rongorongo_like,
tablet_002,37,40,g001,g001,normal,synthetic_rongorongo_like,
tablet_002,38,1,g001,g001,normal,synthetic_rongorongo_like,
tablet_002,38,2,g027,g027,normal,synthetic_rongorongo_like,
tablet_002,38,3,g008,g008,normal,synthetic_rongorongo_like,
tablet_002,38,4,g061,g061,normal,synthetic_rongorongo_like,
tablet_002,38,5,g065,g065,normal,synthetic_rongorongo_like,
tablet_002,38,6,g002,g002,normal,synthetic_rongorongo_like,
tablet_002,38,7,g001,g001,normal,synthetic_rongorongo_like,
tablet_002,38,8,g001,g001,normal,synthetic_rongorongo_like,
tablet_002,38,9,g021,g021,normal,synthetic_rongorongo_like,
tablet_002,38,10,g062,g062,normal,synthetic_rongorongo_like,
tablet_002,38,11,g003,g003,normal,synthetic_rongorongo_like,
tablet_002,38,12,g003,g003,normal,synthetic_rongorongo_like,
tablet_002,38,13,g062,g062,normal,synthetic_rongorongo_like,
tablet_002,38,14,g021,g021,normal,synthetic_rongorongo_like,
tablet_002,38,15,g007,g007,normal,synthetic_rongorongo_like,
tablet_002,38,16,g011,g011,normal,synthetic_rongorongo_like,
tablet_002,38,17,g001,g001,normal,synthetic_rongorongo_like,
tablet_002,38,18,g029,g029,normal,synthetic_rongorongo_like,
tablet_002,38,19,g029,g029,normal,synthetic_rongorongo_like,
tablet_002,38,20,g021,g021,normal,synthetic_rongorongo_like,
tablet_002,38,21,g001,g001,normal,synthetic_rongorongo_like,
tablet_002,38,22,g001,g001,normal,synthetic_rongorongo_like,
tablet_002,38,23,g073,g073,normal,synthetic_rongorongo_like,
tablet_002,38,24,g018,g018,normal,synthetic_rongorongo_like,
tablet_002,38,25,g021,g021,normal,synthetic_rongorongo_like,
tablet_002,38,26,g021,g021,normal,synthetic_rongorongo_like,
tablet_002,38,27,g017,g017,normal,synthetic_rongorongo_like,
tablet_002,38,28,g001,g001,normal,synthetic_rongorongo_like,
tablet_002,38,29,g001,g001,normal,synthetic_rongorongo_like,
tablet_002,38,30,g012,g012,normal,synthetic_rongorongo_like,
tablet_002,38,31,g006,g006,normal,synthetic_rongorongo_like,
tablet_002,38,32,g062,g062,normal,synthetic_rongorongo_like,
tablet_002,38,33,g002,g002,normal,synthetic_rongorongo_like,
tablet_002,38,34,g020,g020,normal,synthetic_rongorongo_like,
tablet_002,38,35,g038,g038,normal,synthetic_rongorongo_like,
tablet_002,38,36,g021,g021,normal,synthetic_rongorongo_like,
tablet_002,38,37,g021,g021,normal,synthetic_rongorongo_like,
tablet_002,38,38,g021,g021,normal,synthetic_rongorongo_like,
tablet_002,38,39,g021,g021,normal,synthetic_rongorongo_like,
tablet_002,38,40,g021,g021,normal,synthetic_rongorongo_like,
tablet_002,39,1,g064,g064,normal,synthetic_rongorongo_like,
tablet_002,39,2,g002,g002,normal,synthetic_rongorongo_like,
tablet_002,39,3,g002,g002,normal,synthetic_rongorongo_like,
tablet_002,39,4,g061,g061,normal,synthetic_rongorongo_like,
tablet_002,39,5,g003,g003,normal,synthetic_rongorongo_like,
tablet_002,39,6,g003,g003,normal,synthetic_rongorongo_like,
tablet_002,39,7,g003,g003,normal,synthetic_rongorongo_like,
tablet_002,39,8,g061,g061,normal,synthetic_rongorongo_like,
tablet_002,39,9,g062,g062,normal,synthetic_rongorongo_like,
tablet_002,39,10,g001,g001,normal,synthetic_rongorongo_like,
tablet_002,39,11,g024,g024,normal,synthetic_rongorongo_like,
tablet_002,39,12,g005,g005,normal,synthetic_rongorongo_like,
tablet_002,39,13,g028,g028,normal,synthetic_rongorongo_like,
tablet_002,39,14,g001,g001,normal,synthetic_rongorongo_like,
tablet_002,39,15,g001,g001,normal,synthetic_rongorongo_like,
tablet_002,39,16,g064,g064,normal,synthetic_rongorongo_like,
tablet_002,39,17,g062,g062,normal,synthetic_rongorongo_like,
tablet_002,39,18,g061,g061,normal,synthetic_rongorongo_like,
tablet_002,39,19,g021,g021,normal,synthetic_rongorongo_like,
tablet_002,39,20,g008,g008,normal,synthetic_rongorongo_like,
tablet_002,39,21,g021,g021,normal,synthetic_rongorongo_like,
tablet_002,39,22,g023,g023,normal,synthetic_rongorongo_like,
tablet_002,39,23,g008,g008,normal,synthetic_rongorongo_like,
tablet_002,39,24,g008,g008,normal,synthetic_rongorongo_like,
tablet_002,39,25,g008,g008,normal,synthetic_rongorongo_like,
tablet_002,39,26,g011,g011,normal,synthetic_rongorongo_like,
tablet_002,39,27,g006,g006,normal,synthetic_rongorongo_like,
tablet_002,39,28,g006,g006,normal,synthetic_rongorongo_like,
tablet_002,39,29,g007,g007,normal,synthetic_rongorongo_like,
tablet_002,39,30,g007,g007,normal,synthetic_rongorongo_like,
tablet_002,39,31,g048,g048,normal,synthetic_rongorongo_like,
tablet_002,39,32,g021,g021,normal,synthetic_rongorongo_like,
tablet_002,39,33,g021,g021,normal,synthetic_rongorongo_like,
tablet_002,39,34,g021,g021,normal,synthetic_rongorongo_like,
tablet_002,39,35,g061,g061,normal,synthetic_rongorongo_like,
tablet_002,39,36,g061,g061,normal,synthetic_rongorongo_like,
tablet_002,39,37,g022,g022,normal,synthetic_rongorongo_like,
tablet_002,39,38,g061,g061,normal,synthetic_rongorongo_like,
tablet_002,39,39,g048,g048,normal,synthetic_rongorongo_like,
tablet_002,39,40,g061,g061,normal,synthetic_rongorongo_like,
tablet_002,40,1,g021,g021,normal,synthetic_rongorongo_like,
tablet_002,40,2,g021,g021,normal,synthetic_rongorongo_like,
tablet_002,40,3,g021,g021,normal,synthetic_rongorongo_like,
tablet_002,40,4,g069,g069,normal,synthetic_rongorongo_like,
tablet_002,40,5,g030,g030,normal,synthetic_rongorongo_like,
tablet_002,40,6,g021,g021,normal,synthetic_rongorongo_like,
tablet_002,40,7,g021,g021,normal,synthetic_rongorongo_like,
tablet_002,40,8,g061,g061,normal,synthetic_rongorongo_like,
tablet_002,40,9,g061,g061,normal,synthetic_rongorongo_like,
tablet_002,40,10,g061,g061,normal,synthetic_rongorongo_like,
tablet_002,40,11,g010,g010,normal,synthetic_rongorongo_like,
tablet_002,40,12,g063,g063,normal,synthetic_rongorongo_like,
tablet_002,40,13,g003,g003,normal,synthetic_rongorongo_like,
tablet_002,40,14,g002,g002,normal,synthetic_rongorongo_like,
tablet_002,40,15,g027,g027,normal,synthetic_rongorongo_like,
tablet_002,40,16,g002,g002,normal,synthetic_rongorongo_like,
tablet_002,40,17,g002,g002,normal,synthetic_rongorongo_like,
tablet_002,40,18,g021,g021,normal,synthetic_rongorongo_like,
tablet_002,40,19,g021,g021,normal,synthetic_rongorongo_like,
tablet_002,40,20,g005,g005,normal,synthetic_rongorongo_like,
tablet_002,40,21,g001,g001,normal,synthetic_rongorongo_like,
tablet_002,40,22,g001,g001,normal,synthetic_rongorongo_like,
tablet_002,40,23,g001,g001,normal,synthetic_rongorongo_like,
tablet_002,40,24,g009,g009,normal,synthetic_rongorongo_like,
tablet_002,40,25,g002,g002,normal,synthetic_rongorongo_like,
tablet_002,40,26,g062,g062,normal,synthetic_rongorongo_like,
tablet_002,40,27,g012,g012,normal,synthetic_rongorongo_like,
tablet_002,40,28,g021,g021,normal,synthetic_rongorongo_like,
tablet_002,40,29,g021,g021,normal,synthetic_rongorongo_like,
tablet_002,40,30,g021,g021,normal,synthetic_rongorongo_like,
tablet_002,40,31,g004,g004,normal,synthetic_rongorongo_like,
tablet_002,40,32,g022,g022,normal,synthetic_rongorongo_like,
tablet_002,40,33,g022,g022,normal,synthetic_rongorongo_like,
tablet_002,40,34,g021,g021,normal,synthetic_rongorongo_like,
tablet_002,40,35,g061,g061,normal,synthetic_rongorongo_like,
tablet_002,40,36,g022,g022,normal,synthetic_rongorongo_like,
tablet_002,40,37,g022,g022,normal,synthetic_rongorongo_like,
tablet_002,40,38,g021,g021,normal,synthetic_rongorongo_like,
tablet_002,40,39,g021,g021,normal,synthetic_rongorongo_like,
tablet_002,40,40,g021,g021,normal,synthetic_rongorongo_like,
tablet_003,41,1,g040,g040,normal,synthetic_rongorongo_like,
tablet_003,41,2,g003,g003,normal,synthetic_rongorongo_like,
tablet_003,41,3,g003,g003,normal,synthetic_rongorongo_like,
tablet_003,41,4,g001,g001,normal,synthetic_rongorongo_like,
tablet_003,41,5,g015,g015,normal,synthetic_rongorongo_like,
tablet_003,41,6,g024,g024,normal,synthetic_rongorongo_like,
tablet_003,41,7,g021,g021,normal,synthetic_rongorongo_like,
tablet_003,41,8,g021,g021,normal,synthetic_rongorongo_like,
tablet_003,41,9,g007,g007,normal,synthetic_rongorongo_like,
tablet_003,41,10,g004,g004,normal,synthetic_rongorongo_like,
tablet_003,41,11,g005,g005,normal,synthetic_rongorongo_like,
tablet_003,41,12,g001,g001,normal,synthetic_rongorongo_like,
tablet_003,41,13,g064,g064,normal,synthetic_rongorongo_like,
tablet_003,41,14,g021,g021,normal,synthetic_rongorongo_like,
tablet_003,41,15,g021,g021,normal,synthetic_rongorongo_like,
tablet_003,41,16,g022,g022,normal,synthetic_rongorongo_like,
tablet_003,41,17,g022,g022,normal,synthetic_rongorongo_like,
tablet_003,41,18,g022,g022,normal,synthetic_rongorongo_like,
tablet_003,41,19,g021,g021,normal,synthetic_rongorongo_like,
tablet_003,41,20,g002,g002,normal,synthetic_rongorongo_like,
tablet_003,41,21,g001,g001,normal,synthetic_rongorongo_like,
tablet_003,41,22,g003,g003,normal,synthetic_rongorongo_like,
tablet_003,41,23,g012,g012,normal,synthetic_rongorongo_like,
tablet_003,41,24,g005,g005,normal,synthetic_rongorongo_like,
tablet_003,41,25,g062,g062,normal,synthetic_rongorongo_like,
tablet_003,41,26,g011,g011,normal,synthetic_rongorongo_like,
tablet_003,41,27,g011,g011,normal,synthetic_rongorongo_like,
tablet_003,41,28,g021,g021,normal,synthetic_rongorongo_like,
tablet_003,41,29,g021,g021,normal,synthetic_rongorongo_like,
tablet_003,41,30,g004,g004,normal,synthetic_rongorongo_like,
tablet_003,41,31,g004,g004,normal,synthetic_rongorongo_like,
tablet_003,41,32,g002,g002,normal,synthetic_rongorongo_like,
tablet_003,41,33,g002,g002,normal,synthetic_rongorongo_like,
tablet_003,41,34,g021,g021,normal,synthetic_rongorongo_like,
tablet_003,41,35,g022,g022,normal,synthetic_rongorongo_like,
tablet_003,41,36,g061,g061,normal,synthetic_rongorongo_like,
tablet_003,41,37,g022,g022,normal,synthetic_rongorongo_like,
tablet_003,41,38,g001,g001,normal,synthetic_rongorongo_like,
tablet_003,41,39,g023,g023,normal,synthetic_rongorongo_like,
tablet_003,41,40,g061,g061,normal,synthetic_rongorongo_like,
tablet_003,42,1,g065,g065,normal,synthetic_rongorongo_like,
tablet_003,42,2,g064,g064,normal,synthetic_rongorongo_like,
tablet_003,42,3,g061,g061,normal,synthetic_rongorongo_like,
tablet_003,42,4,g012,g012,normal,synthetic_rongorongo_like,
tablet_003,42,5,g064,g064,normal,synthetic_rongorongo_like,
tablet_003,42,6,g119,g119,normal,synthetic_rongorongo_like,
tablet_003,42,7,g021,g021,normal,synthetic_rongorongo_like,
tablet_003,42,8,g001,g001,normal,synthetic_rongorongo_like,
tablet_003,42,9,g021,g021,normal,synthetic_rongorongo_like,
tablet_003,42,10,g021,g021,normal,synthetic_rongorongo_like,
tablet_003,42,11,g061,g061,normal,synthetic_rongorongo_like,
tablet_003,42,12,g001,g001,normal,synthetic_rongorongo_like,
tablet_003,42,13,g001,g001,normal,synthetic_rongorongo_like,
tablet_003,42,14,g001,g001,normal,synthetic_rongorongo_like,
tablet_003,42,15,g003,g003,normal,synthetic_rongorongo_like,
tablet_003,42,16,g001,g001,normal,synthetic_rongorongo_like,
tablet_003,42,17,g001,g001,normal,synthetic_rongorongo_like,
tablet_003,42,18,g001,g001,normal,synthetic_rongorongo_like,
tablet_003,42,19,g001,g001,normal,synthetic_rongorongo_like,
tablet_003,42,20,g001,g001,normal,synthetic_rongorongo_like,
tablet_003,42,21,g062,g062,normal,synthetic_rongorongo_like,
tablet_003,42,22,g061,g061,normal,synthetic_rongorongo_like,
tablet_003,42,23,g001,g001,normal,synthetic_rongorongo_like,
tablet_003,42,24,g005,g005,normal,synthetic_rongorongo_like,
tablet_003,42,25,g006,g006,normal,synthetic_rongorongo_like,
tablet_003,42,26,g003,g003,normal,synthetic_rongorongo_like,
tablet_003,42,27,g025,g025,normal,synthetic_rongorongo_like,
tablet_003,42,28,g022,g022,normal,synthetic_rongorongo_like,
tablet_003,42,29,g022,g022,normal,synthetic_rongorongo_like,
tablet_003,42,30,g022,g022,normal,synthetic_rongorongo_like,
tablet_003,42,31,g022,g022,normal,synthetic_rongorongo_like,
tablet_003,42,32,g022,g022,normal,synthetic_rongorongo_like,
tablet_003,42,33,g022,g022,normal,synthetic_rongorongo_like,
tablet_003,42,34,g001,g001,normal,synthetic_rongorongo_like,
tablet_003,42,35,g021,g021,normal,synthetic_rongorongo_like,
tablet_003,42,36,g062,g062,normal,synthetic_rongorongo_like,
tablet_003,42,37,g063,g063,normal,synthetic_rongorongo_like,
tablet_003,42,38,g004,g004,normal,synthetic_rongorongo_like,
tablet_003,42,39,g005,g005,normal,synthetic_rongorongo_like,
tablet_003,42,40,g061,g061,normal,synthetic_rongorongo_like,
tablet_003,43,1,g002,g002,normal,synthetic_rongorongo_like,
tablet_003,43,2,g035,g035,normal,synthetic_rongorongo_like,
tablet_003,43,3,g023,g023,normal,synthetic_rongorongo_like,
tablet_003,43,4,g001,g001,normal,synthetic_rongorongo_like,
tablet_003,43,5,g014,g014,normal,synthetic_rongorongo_like,
tablet_003,43,6,g061,g061,normal,synthetic_rongorongo_like,
tablet_003,43,7,g022,g022,normal,synthetic_rongorongo_like,
tablet_003,43,8,g061,g061,normal,synthetic_rongorongo_like,
tablet_003,43,9,g002,g002,normal,synthetic_rongorongo_like,
tablet_003,43,10,g023,g023,normal,synthetic_rongorongo_like,
tablet_003,43,11,g023,g023,normal,synthetic_rongorongo_like,
tablet_003,43,12,g021,g021,normal,synthetic_rongorongo_like,
tablet_003,43,13,g026,g026,normal,synthetic_rongorongo_like,
tablet_003,43,14,g022,g022,normal,synthetic_rongorongo_like,
tablet_003,43,15,g061,g061,normal,synthetic_rongorongo_like,
tablet_003,43,16,g020,g020,normal,synthetic_rongorongo_like,
tablet_003,43,17,g001,g001,normal,synthetic_rongorongo_like,
tablet_003,43,18,g001,g001,normal,synthetic_rongorongo_like,
tablet_003,43,19,g061,g061,normal,synthetic_rongorongo_like,
tablet_003,43,20,g061,g061,normal,synthetic_rongorongo_like,
tablet_003,43,21,g064,g064,normal,synthetic_rongorongo_like,
tablet_003,43,22,g002,g002,normal,synthetic_rongorongo_like,
tablet_003,43,23,g002,g002,normal,synthetic_rongorongo_like,
tablet_003,43,24,g021,g021,normal,synthetic_rongorongo_like,
tablet_003,43,25,g021,g021,normal,synthetic_rongorongo_like,
tablet_003,43,26,g010,g010,normal,synthetic_rongorongo_like,
tablet_003,43,27,g010,g010,normal,synthetic_rongorongo_like,
tablet_003,43,28,g021,g021,normal,synthetic_rongorongo_like,
tablet_003,43,29,g002,g002,normal,synthetic_rongorongo_like,
tablet_003,43,30,g051,g051,normal,synthetic_rongorongo_like,
tablet_003,43,31,g051,g051,normal,synthetic_rongorongo_like,
tablet_003,43,32,g009,g009,normal,synthetic_rongorongo_like,
tablet_003,43,33,g009,g009,normal,synthetic_rongorongo_like,
tablet_003,43,34,g009,g009,normal,synthetic_rongorongo_like,
tablet_003,43,35,g022,g022,normal,synthetic_rongorongo_like,
tablet_003,43,36,g001,g001,normal,synthetic_rongorongo_like,
tablet_003,43,37,g001,g001,normal,synthetic_rongorongo_like,
tablet_003,43,38,g023,g023,normal,synthetic_rongorongo_like,
tablet_003,43,39,g001,g001,normal,synthetic_rongorongo_like,
tablet_003,43,40,g001,g001,normal,synthetic_rongorongo_like,
tablet_003,44,1,g010,g010,normal,synthetic_rongorongo_like,
tablet_003,44,2,g022,g022,normal,synthetic_rongorongo_like,
tablet_003,44,3,g021,g021,normal,synthetic_rongorongo_like,
tablet_003,44,4,g031,g031,normal,synthetic_rongorongo_like,
tablet_003,44,5,g004,g004,normal,synthetic_rongorongo_like,
tablet_003,44,6,g021,g021,normal,synthetic_rongorongo_like,
tablet_003,44,7,g021,g021,normal,synthetic_rongorongo_like,
tablet_003,44,8,g067,g067,normal,synthetic_rongorongo_like,
tablet_003,44,9,g002,g002,normal,synthetic_rongorongo_like,
tablet_003,44,10,g002,g002,normal,synthetic_rongorongo_like,
tablet_003,44,11,g002,g002,normal,synthetic_rongorongo_like,
tablet_003,44,12,g032,g032,normal,synthetic_rongorongo_like,
tablet_003,44,13,g032,g032,normal,synthetic_rongorongo_like,
tablet_003,44,14,g001,g001,normal,synthetic_rongorongo_like,
tablet_003,44,15,g061,g061,normal,synthetic_rongorongo_like,
tablet_003,44,16,g006,g006,normal,synthetic_rongorongo_like,
tablet_003,44,17,g024,g024,normal,synthetic_rongorongo_like,
tablet_003,44,18,g021,g021,normal,synthetic_rongorongo_like,
tablet_003,44,19,g021,g021,normal,synthetic_rongorongo_like,
tablet_003,44,20,g005,g005,normal,synthetic_rongorongo_like,
tablet_003,44,21,g001,g001,normal,synthetic_rongorongo_like,
tablet_003,44,22,g103,g103,normal,synthetic_rongorongo_like,
tablet_003,44,23,g013,g013,normal,synthetic_rongorongo_like,
tablet_003,44,24,g013,g013,normal,synthetic_rongorongo_like,
tablet_003,44,25,g013,g013,normal,synthetic_rongorongo_like,
tablet_003,44,26,g004,g004,normal,synthetic_rongorongo_like,
tablet_003,44,27,g004,g004,normal,synthetic_rongorongo_like,
tablet_003,44,28,g061,g061,normal,synthetic_rongorongo_like,
tablet_003,44,29,g027,g027,normal,synthetic_rongorongo_like,
tablet_003,44,30,g045,g045,normal,synthetic_rongorongo_like,
tablet_003,44,31,g003,g003,normal,synthetic_rongorongo_like,
tablet_003,44,32,g003,g003,normal,synthetic_rongorongo_like,
tablet_003,44,33,g002,g002,normal,synthetic_rongorongo_like,
tablet_003,44,34,g021,g021,normal,synthetic_rongorongo_like,
tablet_003,44,35,g021,g021,normal,synthetic_rongorongo_like,
tablet_003,44,36,g007,g007,normal,synthetic_rongorongo_like,
tablet_003,44,37,g021,g021,normal,synthetic_rongorongo_like,
tablet_003,44,38,g021,g021,normal,synthetic_rongorongo_like,
tablet_003,44,39,g021,g021,normal,synthetic_rongorongo_like,
tablet_003,44,40,g021,g021,normal,synthetic_rongorongo_like,
tablet_003,45,1,g002,g002,normal,synthetic_rongorongo_like,
tablet_003,45,2,g064,g064,normal,synthetic_rongorongo_like,
tablet_003,45,3,g064,g064,normal,synthetic_rongorongo_like,
tablet_003,45,4,g024,g024,normal,synthetic_rongorongo_like,
tablet_003,45,5,g024,g024,normal,synthetic_rongorongo_like,
tablet_003,45,6,g063,g063,normal,synthetic_rongorongo_like,
tablet_003,45,7,g021,g021,normal,synthetic_rongorongo_like,
tablet_003,45,8,g021,g021,normal,synthetic_rongorongo_like,
tablet_003,45,9,g061,g061,normal,synthetic_rongorongo_like,
tablet_003,45,10,g026,g026,normal,synthetic_rongorongo_like,
tablet_003,45,11,g026,g026,normal,synthetic_rongorongo_like,
tablet_003,45,12,g001,g001,normal,synthetic_rongorongo_like,
tablet_003,45,13,g061,g061,normal,synthetic_rongorongo_like,
tablet_003,45,14,g022,g022,normal,synthetic_rongorongo_like,
tablet_003,45,15,g001,g001,normal,synthetic_rongorongo_like,
tablet_003,45,16,g001,g001,normal,synthetic_rongorongo_like,
tablet_003,45,17,g029,g029,normal,synthetic_rongorongo_like,
tablet_003,45,18,g029,g029,normal,synthetic_rongorongo_like,
tablet_003,45,19,g070,g070,normal,synthetic_rongorongo_like,
tablet_003,45,20,g022,g022,normal,synthetic_rongorongo_like,
tablet_003,45,21,g062,g062,normal,synthetic_rongorongo_like,
tablet_003,45,22,g001,g001,normal,synthetic_rongorongo_like,
tablet_003,45,23,g001,g001,normal,synthetic_rongorongo_like,
tablet_003,45,24,g001,g001,normal,synthetic_rongorongo_like,
tablet_003,45,25,g001,g001,normal,synthetic_rongorongo_like,
tablet_003,45,26,g040,g040,normal,synthetic_rongorongo_like,
tablet_003,45,27,g001,g001,normal,synthetic_rongorongo_like,
tablet_003,45,28,g016,g016,normal,synthetic_rongorongo_like,
tablet_003,45,29,g016,g016,normal,synthetic_rongorongo_like,
tablet_003,45,30,g001,g001,normal,synthetic_rongorongo_like,
tablet_003,45,31,g001,g001,normal,synthetic_rongorongo_like,
tablet_003,45,32,g021,g021,normal,synthetic_rongorongo_like,
tablet_003,45,33,g021,g021,normal,synthetic_rongorongo_like,
tablet_003,45,34,g061,g061,normal,synthetic_rongorongo_like,
tablet_003,45,35,g022,g022,normal,synthetic_rongorongo_like,
tablet_003,45,36,g061,g061,normal,synthetic_rongorongo_like,
tablet_003,45,37,g023,g023,normal,synthetic_rongorongo_like,
tablet_003,45,38,g021,g021,normal,synthetic_rongorongo_like,
tablet_003,45,39,g002,g002,normal,synthetic_rongorongo_like,
tablet_003,45,40,g061,g061,normal,synthetic_rongorongo_like,
tablet_003,46,1,g021,g021,normal,synthetic_rongorongo_like,
tablet_003,46,2,g002,g002,normal,synthetic_rongorongo_like,
tablet_003,46,3,g004,g004,normal,synthetic_rongorongo_like,
tablet_003,46,4,g011,g011,normal,synthetic_rongorongo_like,
tablet_003,46,5,g001,g001,normal,synthetic_rongorongo_like,
tablet_003,46,6,g007,g007,normal,synthetic_rongorongo_like,
tablet_003,46,7,g027,g027,normal,synthetic_rongorongo_like,
tablet_003,46,8,g021,g021,normal,synthetic_rongorongo_like,
tablet_003,46,9,g021,g021,normal,synthetic_rongorongo_like,
tablet_003,46,10,g008,g008,normal,synthetic_rongorongo_like,
tablet_003,46,11,g023,g023,normal,synthetic_rongorongo_like,
tablet_003,46,12,g021,g021,normal,synthetic_rongorongo_like,
tablet_003,46,13,g050,g050,normal,synthetic_rongorongo_like,
tablet_003,46,14,g062,g062,normal,synthetic_rongorongo_like,
tablet_003,46,15,g022,g022,normal,synthetic_rongorongo_like,
tablet_003,46,16,g023,g023,normal,synthetic_rongorongo_like,
tablet_003,46,17,g001,g001,normal,synthetic_rongorongo_like,
tablet_003,46,18,g001,g001,normal,synthetic_rongorongo_like,
tablet_003,46,19,g021,g021,normal,synthetic_rongorongo_like,
tablet_003,46,20,g021,g021,normal,synthetic_rongorongo_like,
tablet_003,46,21,g021,g021,normal,synthetic_rongorongo_like,
tablet_003,46,22,g001,g001,normal,synthetic_rongorongo_like,
tablet_003,46,23,g004,g004,normal,synthetic_rongorongo_like,
tablet_003,46,24,g021,g021,normal,synthetic_rongorongo_like,
tablet_003,46,25,g021,g021,normal,synthetic_rongorongo_like,
tablet_003,46,26,g024,g024,normal,synthetic_rongorongo_like,
tablet_003,46,27,g005,g005,normal,synthetic_rongorongo_like,
tablet_003,46,28,g012,g012,normal,synthetic_rongorongo_like,
tablet_003,46,29,g002,g002,normal,synthetic_rongorongo_like,
tablet_003,46,30,g002,g002,normal,synthetic_rongorongo_like,
tablet_003,46,31,g002,g002,normal,synthetic_rongorongo_like,
tablet_003,46,32,g017,g017,normal,synthetic_rongorongo_like,
tablet_003,46,33,g066,g066,normal,synthetic_rongorongo_like,
tablet_003,46,34,g001,g001,normal,synthetic_rongorongo_like,
tablet_003,46,35,g030,g030,normal,synthetic_rongorongo_like,
tablet_003,46,36,g108,g108,normal,synthetic_rongorongo_like,
tablet_003,46,37,g108,g108,normal,synthetic_rongorongo_like,
tablet_003,46,38,g022,g022,normal,synthetic_rongorongo_like,
tablet_003,46,39,g002,g002,normal,synthetic_rongorongo_like,
tablet_003,46,40,g002,g002,normal,synthetic_rongorongo_like,
tablet_003,47,1,g060,g060,normal,synthetic_rongorongo_like,
tablet_003,47,2,g067,g067,normal,synthetic_rongorongo_like,
tablet_003,47,3,g022,g022,normal,synthetic_rongorongo_like,
tablet_003,47,4,g023,g023,normal,synthetic_rongorongo_like,
tablet_003,47,5,g006,g006,normal,synthetic_rongorongo_like,
tablet_003,47,6,g062,g062,normal,synthetic_rongorongo_like,
tablet_003,47,7,g026,g026,normal,synthetic_rongorongo_like,
tablet_003,47,8,g010,g010,normal,synthetic_rongorongo_like,
tablet_003,47,9,g021,g021,normal,synthetic_rongorongo_like,
tablet_003,47,10,g022,g022,normal,synthetic_rongorongo_like,
tablet_003,47,11,g062,g062,normal,synthetic_rongorongo_like,
tablet_003,47,12,g002,g002,normal,synthetic_rongorongo_like,
tablet_003,47,13,g015,g015,normal,synthetic_rongorongo_like,
tablet_003,47,14,g001,g001,normal,synthetic_rongorongo_like,
tablet_003,47,15,g001,g001,normal,synthetic_rongorongo_like,
tablet_003,47,16,g001,g001,normal,synthetic_rongorongo_like,
tablet_003,47,17,g022,g022,normal,synthetic_rongorongo_like,
tablet_003,47,18,g061,g061,normal,synthetic_rongorongo_like,
tablet_003,47,19,g035,g035,normal,synthetic_rongorongo_like,
tablet_003,47,20,g003,g003,normal,synthetic_rongorongo_like,
tablet_003,47,21,g003,g003,normal,synthetic_rongorongo_like,
tablet_003,47,22,g120,g120,normal,synthetic_rongorongo_like,
tablet_003,47,23,g023,g023,normal,synthetic_rongorongo_like,
tablet_003,47,24,g029,g029,normal,synthetic_rongorongo_like,
tablet_003,47,25,g029,g029,normal,synthetic_rongorongo_like,
tablet_003,47,26,g004,g004,normal,synthetic_rongorongo_like,
tablet_003,47,27,g021,g021,normal,synthetic_rongorongo_like,
tablet_003,47,28,g002,g002,normal,synthetic_rongorongo_like,
tablet_003,47,29,g026,g026,normal,synthetic_rongorongo_like,
tablet_003,47,30,g001,g001,normal,synthetic_rongorongo_like,
tablet_003,47,31,g001,g001,normal,synthetic_rongorongo_like,
tablet_003,47,32,g001,g001,normal,synthetic_rongorongo_like,
tablet_003,47,33,g021,g021,normal,synthetic_rongorongo_like,
tablet_003,47,34,g061,g061,normal,synthetic_rongorongo_like,
tablet_003,47,35,g004,g004,normal,synthetic_rongorongo_like,
tablet_003,47,36,g002,g002,normal,synthetic_rongorongo_like,
tablet_003,47,37,g001,g001,normal,synthetic_rongorongo_like,
tablet_003,47,38,g001,g001,normal,synthetic_rongorongo_like,
tablet_003,47,39,g021,g021,normal,synthetic_rongorongo_like,
tablet_003,47,40,g020,g020,normal,synthetic_rongorongo_like,
tablet_003,48,1,g001,g001,normal,synthetic_rongorongo_like,
tablet_003,48,2,g022,g022,normal,synthetic_rongorongo_like,
tablet_003,48,3,g001,g001,normal,synthetic_rongorongo_like,
tablet_003,48,4,g022,g022,normal,synthetic_rongorongo_like,
tablet_003,48,5,g022,g022,normal,synthetic_rongorongo_like,
tablet_003,48,6,g006,g006,normal,synthetic_rongorongo_like,
tablet_003,48,7,g022,g022,normal,synthetic_rongorongo_like,
tablet_003,48,8,g022,g022,normal,synthetic_rongorongo_like,
tablet_003,48,9,g003,g003,normal,synthetic_rongorongo_like,
tablet_003,48,10,g022,g022,normal,synthetic_rongorongo_like,
tablet_003,48,11,g002,g002,normal,synthetic_rongorongo_like,
tablet_003,48,12,g063,g063,normal,synthetic_rongorongo_like,
tablet_003,48,13,g014,g014,normal,synthetic_rongorongo_like,
tablet_003,48,14,g001,g001,normal,synthetic_rongorongo_like,
tablet_003,48,15,g001,g001,normal,synthetic_rongorongo_like,
tablet_003,48,16,g022,g022,normal,synthetic_rongorongo_like,
tablet_003,48,17,g003,g003,normal,synthetic_rongorongo_like,
tablet_003,48,18,g001,g001,normal,synthetic_rongorongo_like,
tablet_003,48,19,g002,g002,normal,synthetic_rongorongo_like,
tablet_003,48,20,g006,g006,normal,synthetic_rongorongo_like,
tablet_003,48,21,g001,g001,normal,synthetic_rongorongo_like,
tablet_003,48,22,g062,g062,normal,synthetic_rongorongo_like,
tablet_003,48,23,g062,g062,normal,synthetic_rongorongo_like,
tablet_003,48,24,g062,g062,normal,synthetic_rongorongo_like,
tablet_003,48,25,g062,g062,normal,synthetic_rongorongo_like,
tablet_003,48,26,g083,g083,normal,synthetic_rongorongo_like,
tablet_003,48,27,g001,g001,normal,synthetic_rongorongo_like,
tablet_003,48,28,g001,g001,normal,synthetic_rongorongo_like,
tablet_003,48,29,g062,g062,normal,synthetic_rongorongo_like,
tablet_003,48,30,g062,g062,normal,synthetic_rongorongo_like,
tablet_003,48,31,g062,g062,normal,synthetic_rongorongo_like,
tablet_003,48,32,g021,g021,normal,synthetic_rongorongo_like,
tablet_003,48,33,g021,g021,normal,synthetic_rongorongo_like,
tablet_003,48,34,g036,g036,normal,synthetic_rongorongo_like,
tablet_003,48,35,g001,g001,normal,synthetic_rongorongo_like,
tablet_003,48,36,g018,g018,normal,synthetic_rongorongo_like,
tablet_003,48,37,g021,g021,normal,synthetic_rongorongo_like,
tablet_003,48,38,g025,g025,normal,synthetic_rongorongo_like,
tablet_003,48,39,g063,g063,normal,synthetic_rongorongo_like,
tablet_003,48,40,g021,g021,normal,synthetic_rongorongo_like,
tablet_003,49,1,g021,g021,normal,synthetic_rongorongo_like,
tablet_003,49,2,g032,g032,normal,synthetic_rongorongo_like,
tablet_003,49,3,g062,g062,normal,synthetic_rongorongo_like,
tablet_003,49,4,g002,g002,normal,synthetic_rongorongo_like,
tablet_003,49,5,g035,g035,normal,synthetic_rongorongo_like,
tablet_003,49,6,g035,g035,normal,synthetic_rongorongo_like,
tablet_003,49,7,g024,g024,normal,synthetic_rongorongo_like,
tablet_003,49,8,g061,g061,normal,synthetic_rongorongo_like,
tablet_003,49,9,g021,g021,normal,synthetic_rongorongo_like,
tablet_003,49,10,g001,g001,normal,synthetic_rongorongo_like,
tablet_003,49,11,g001,g001,normal,synthetic_rongorongo_like,
tablet_003,49,12,g001,g001,normal,synthetic_rongorongo_like,
tablet_003,49,13,g002,g002,normal,synthetic_rongorongo_like,
tablet_003,49,14,g061,g061,normal,synthetic_rongorongo_like,
tablet_003,49,15,g021,g021,normal,synthetic_rongorongo_like,
tablet_003,49,16,g041,g041,normal,synthetic_rongorongo_like,
tablet_003,49,17,g021,g021,normal,synthetic_rongorongo_like,
tablet_003,49,18,g005,g005,normal,synthetic_rongorongo_like,
tablet_003,49,19,g021,g021,normal,synthetic_rongorongo_like,
tablet_003,49,20,g021,g021,normal,synthetic_rongorongo_like,
tablet_003,49,21,g062,g062,normal,synthetic_rongorongo_like,
tablet_003,49,22,g001,g001,normal,synthetic_rongorongo_like,
tablet_003,49,23,g001,g001,normal,synthetic_rongorongo_like,
tablet_003,49,24,g001,g001,normal,synthetic_rongorongo_like,
tablet_003,49,25,g001,g001,normal,synthetic_rongorongo_like,
tablet_003,49,26,g032,g032,normal,synthetic_rongorongo_like,
tablet_003,49,27,g001,g001,normal,synthetic_rongorongo_like,
tablet_003,49,28,g002,g002,normal,synthetic_rongorongo_like,
tablet_003,49,29,g022,g022,normal,synthetic_rongorongo_like,
tablet_003,49,30,g024,g024,normal,synthetic_rongorongo_like,
tablet_003,49,31,g001,g001,normal,synthetic_rongorongo_like,
tablet_003,49,32,g015,g015,normal,synthetic_rongorongo_like,
tablet_003,49,33,g061,g061,normal,synthetic_rongorongo_like,
tablet_003,49,34,g002,g002,normal,synthetic_rongorongo_like,
tablet_003,49,35,g084,g084,normal,synthetic_rongorongo_like,
tablet_003,49,36,g022,g022,normal,synthetic_rongorongo_like,
tablet_003,49,37,g022,g022,normal,synthetic_rongorongo_like,
tablet_003,49,38,g022,g022,normal,synthetic_rongorongo_like,
tablet_003,49,39,g061,g061,normal,synthetic_rongorongo_like,
tablet_003,49,40,g004,g004,normal,synthetic_rongorongo_like,
tablet_003,50,1,g061,g061,normal,synthetic_rongorongo_like,
tablet_003,50,2,g064,g064,normal,synthetic_rongorongo_like,
tablet_003,50,3,g058,g058,normal,synthetic_rongorongo_like,
tablet_003,50,4,g021,g021,normal,synthetic_rongorongo_like,
tablet_003,50,5,g021,g021,normal,synthetic_rongorongo_like,
tablet_003,50,6,g064,g064,normal,synthetic_rongorongo_like,
tablet_003,50,7,g005,g005,normal,synthetic_rongorongo_like,
tablet_003,50,8,g005,g005,normal,synthetic_rongorongo_like,
tablet_003,50,9,g006,g006,normal,synthetic_rongorongo_like,
tablet_003,50,10,g006,g006,normal,synthetic_rongorongo_like,
tablet_003,50,11,g061,g061,normal,synthetic_rongorongo_like,
tablet_003,50,12,g113,g113,normal,synthetic_rongorongo_like,
tablet_003,50,13,g021,g021,normal,synthetic_rongorongo_like,
tablet_003,50,14,g023,g023,normal,synthetic_rongorongo_like,
tablet_003,50,15,g021,g021,normal,synthetic_rongorongo_like,
tablet_003,50,16,g021,g021,normal,synthetic_rongorongo_like,
tablet_003,50,17,g028,g028,normal,synthetic_rongorongo_like,
tablet_003,50,18,g028,g028,normal,synthetic_rongorongo_like,
tablet_003,50,19,g003,g003,normal,synthetic_rongorongo_like,
tablet_003,50,20,g022,g022,normal,synthetic_rongorongo_like,
tablet_003,50,21,g001,g001,normal,synthetic_rongorongo_like,
tablet_003,50,22,g003,g003,normal,synthetic_rongorongo_like,
tablet_003,50,23,g063,g063,normal,synthetic_rongorongo_like,
tablet_003,50,24,g021,g021,normal,synthetic_rongorongo_like,
tablet_003,50,25,g089,g089,normal,synthetic_rongorongo_like,
tablet_003,50,26,g002,g002,normal,synthetic_rongorongo_like,
tablet_003,50,27,g003,g003,normal,synthetic_rongorongo_like,
tablet_003,50,28,g001,g001,normal,synthetic_rongorongo_like,
tablet_003,50,29,g060,g060,normal,synthetic_rongorongo_like,
tablet_003,50,30,g038,g038,normal,synthetic_rongorongo_like,
tablet_003,50,31,g001,g001,normal,synthetic_rongorongo_like,
tablet_003,50,32,g001,g001,normal,synthetic_rongorongo_like,
tablet_003,50,33,g023,g023,normal,synthetic_rongorongo_like,
tablet_003,50,34,g063,g063,normal,synthetic_rongorongo_like,
tablet_003,50,35,g001,g001,normal,synthetic_rongorongo_like,
tablet_003,50,36,g002,g002,normal,synthetic_rongorongo_like,
tablet_003,50,37,g022,g022,normal,synthetic_rongorongo_like,
tablet_003,50,38,g003,g003,normal,synthetic_rongorongo_like,
tablet_003,50,39,g003,g003,normal,synthetic_rongorongo_like,
tablet_003,50,40,g061,g061,normal,synthetic_rongorongo_like,
tablet_003,51,1,g001,g001,normal,synthetic_rongorongo_like,
tablet_003,51,2,g001,g001,normal,synthetic_rongorongo_like,
tablet_003,51,3,g030,g030,normal,synthetic_rongorongo_like,
tablet_003,51,4,g061,g061,normal,synthetic_rongorongo_like,
tablet_003,51,5,g024,g024,normal,synthetic_rongorongo_like,
tablet_003,51,6,g021,g021,normal,synthetic_rongorongo_like,
tablet_003,51,7,g062,g062,normal,synthetic_rongorongo_like,
tablet_003,51,8,g003,g003,normal,synthetic_rongorongo_like,
tablet_003,51,9,g022,g022,normal,synthetic_rongorongo_like,
tablet_003,51,10,g022,g022,normal,synthetic_rongorongo_like,
tablet_003,51,11,g001,g001,normal,synthetic_rongorongo_like,
tablet_003,51,12,g027,g027,normal,synthetic_rongorongo_like,
tablet_003,51,13,g001,g001,normal,synthetic_rongorongo_like,
tablet_003,51,14,g001,g001,normal,synthetic_rongorongo_like,
tablet_003,51,15,g022,g022,normal,synthetic_rongorongo_like,
tablet_003,51,16,g001,g001,normal,synthetic_rongorongo_like,
tablet_003,51,17,g021,g021,normal,synthetic_rongorongo_like,
tablet_003,51,18,g022,g022,normal,synthetic_rongorongo_like,
tablet_003,51,19,g077,g077,normal,synthetic_rongorongo_like,
tablet_003,51,20,g031,g031,normal,synthetic_rongorongo_like,
tablet_003,51,21,g002,g002,normal,synthetic_rongorongo_like,
tablet_003,51,22,g002,g002,normal,synthetic_rongorongo_like,
tablet_003,51,23,g021,g021,normal,synthetic_rongorongo_like,
tablet_003,51,24,g021,g021,normal,synthetic_rongorongo_like,
tablet_003,51,25,g021,g021,normal,synthetic_rongorongo_like,
tablet_003,51,26,g062,g062,normal,synthetic_rongorongo_like,
tablet_003,51,27,g005,g005,normal,synthetic_rongorongo_like,
tablet_003,51,28,g003,g003,normal,synthetic_rongorongo_like,
tablet_003,51,29,g024,g024,normal,synthetic_rongorongo_like,
tablet_003,51,30,g002,g002,normal,synthetic_rongorongo_like,
tablet_003,51,31,g001,g001,normal,synthetic_rongorongo_like,
tablet_003,51,32,g001,g001,normal,synthetic_rongorongo_like,
tablet_003,51,33,g021,g021,normal,synthetic_rongorongo_like,
tablet_003,51,34,g061,g061,normal,synthetic_rongorongo_like,
tablet_003,51,35,g002,g002,normal,synthetic_rongorongo_like,
tablet_003,51,36,g001,g001,normal,synthetic_rongorongo_like,
tablet_003,51,37,g023,g023,normal,synthetic_rongorongo_like,
tablet_003,51,38,g003,g003,normal,synthetic_rongorongo_like,
tablet_003,51,39,g003,g003,normal,synthetic_rongorongo_like,
tablet_003,51,40,g061,g061,normal,synthetic_rongorongo_like,
tablet_003,52,1,g021,g021,normal,synthetic_rongorongo_like,
tablet_003,52,2,g021,g021,normal,synthetic_rongorongo_like,
tablet_003,52,3,g025,g025,normal,synthetic_rongorongo_like,
tablet_003,52,4,g021,g021,normal,synthetic_rongorongo_like,
tablet_003,52,5,g021,g021,normal,synthetic_rongorongo_like,
tablet_003,52,6,g022,g022,normal,synthetic_rongorongo_like,
tablet_003,52,7,g004,g004,normal,synthetic_rongorongo_like,
tablet_003,52,8,g004,g004,normal,synthetic_rongorongo_like,
tablet_003,52,9,g004,g004,normal,synthetic_rongorongo_like,
tablet_003,52,10,g062,g062,normal,synthetic_rongorongo_like,
tablet_003,52,11,g008,g008,normal,synthetic_rongorongo_like,
tablet_003,52,12,g008,g008,normal,synthetic_rongorongo_like,
tablet_003,52,13,g021,g021,normal,synthetic_rongorongo_like,
tablet_003,52,14,g007,g007,normal,synthetic_rongorongo_like,
tablet_003,52,15,g009,g009,normal,synthetic_rongorongo_like,
tablet_003,52,16,g062,g062,normal,synthetic_rongorongo_like,
tablet_003,52,17,g021,g021,normal,synthetic_rongorongo_like,
tablet_003,52,18,g023,g023,normal,synthetic_rongorongo_like,
tablet_003,52,19,g004,g004,normal,synthetic_rongorongo_like,
tablet_003,52,20,g004,g004,normal,synthetic_rongorongo_like,
tablet_003,52,21,g021,g021,normal,synthetic_rongorongo_like,
tablet_003,52,22,g021,g021,normal,synthetic_rongorongo_like,
tablet_003,52,23,g063,g063,normal,synthetic_rongorongo_like,
tablet_003,52,24,g004,g004,normal,synthetic_rongorongo_like,
tablet_003,52,25,g024,g024,normal,synthetic_rongorongo_like,
tablet_003,52,26,g021,g021,normal,synthetic_rongorongo_like,
tablet_003,52,27,g025,g025,normal,synthetic_rongorongo_like,
tablet_003,52,28,g007,g007,normal,synthetic_rongorongo_like,
tablet_003,52,29,g017,g017,normal,synthetic_rongorongo_like,
tablet_003,52,30,g002,g002,normal,synthetic_rongorongo_like,
tablet_003,52,31,g061,g061,normal,synthetic_rongorongo_like,
tablet_003,52,32,g026,g026,normal,synthetic_rongorongo_like,
tablet_003,52,33,g062,g062,normal,synthetic_rongorongo_like,
tablet_003,52,34,g061,g061,normal,synthetic_rongorongo_like,
tablet_003,52,35,g063,g063,normal,synthetic_rongorongo_like,
tablet_003,52,36,g020,g020,normal,synthetic_rongorongo_like,
tablet_003,52,37,g001,g001,normal,synthetic_rongorongo_like,
tablet_003,52,38,g023,g023,normal,synthetic_rongorongo_like,
tablet_003,52,39,g021,g021,normal,synthetic_rongorongo_like,
tablet_003,52,40,g001,g001,normal,synthetic_rongorongo_like,
tablet_003,53,1,g022,g022,normal,synthetic_rongorongo_like,
tablet_003,53,2,g063,g063,normal,synthetic_rongorongo_like,
tablet_003,53,3,g021,g021,normal,synthetic_rongorongo_like,
tablet_003,53,4,g021,g021,normal,synthetic_rongorongo_like,
tablet_003,53,5,g004,g004,normal,synthetic_rongorongo_like,
tablet_003,53,6,g025,g025,normal,synthetic_rongorongo_like,
tablet_003,53,7,g001,g001,normal,synthetic_rongorongo_like,
tablet_003,53,8,g001,g001,normal,synthetic_rongorongo_like,
tablet_003,53,9,g001,g001,normal,synthetic_rongorongo_like,
tablet_003,53,10,g021,g021,normal,synthetic_rongorongo_like,
tablet_003,53,11,g001,g001,normal,synthetic_rongorongo_like,
tablet_003,53,12,g021,g021,normal,synthetic_rongorongo_like,
tablet_003,53,13,g064,g064,normal,synthetic_rongorongo_like,
tablet_003,53,14,g061,g061,normal,synthetic_rongorongo_like,
tablet_003,53,15,g061,g061,normal,synthetic_rongorongo_like,
tablet_003,53,16,g040,g040,normal,synthetic_rongorongo_like,
tablet_003,53,17,g021,g021,normal,synthetic_rongorongo_like,
tablet_003,53,18,g014,g014,normal,synthetic_rongorongo_like,
tablet_003,53,19,g022,g022,normal,synthetic_rongorongo_like,
tablet_003,53,20,g063,g063,normal,synthetic_rongorongo_like,
tablet_003,53,21,g021,g021,normal,synthetic_rongorongo_like,
tablet_003,53,22,g001,g001,normal,synthetic_rongorongo_like,
tablet_003,53,23,g001,g001,normal,synthetic_rongorongo_like,
tablet_003,53,24,g061,g061,normal,synthetic_rongorongo_like,
tablet_003,53,25,g005,g005,normal,synthetic_rongorongo_like,
tablet_003,53,26,g021,g021,normal,synthetic_rongorongo_like,
tablet_003,53,27,g064,g064,normal,synthetic_rongorongo_like,
tablet_003,53,28,g021,g021,normal,synthetic_rongorongo_like,
tablet_003,53,29,g021,g021,normal,synthetic_rongorongo_like,
tablet_003,53,30,g021,g021,normal,synthetic_rongorongo_like,
tablet_003,53,31,g057,g057,normal,synthetic_rongorongo_like,
tablet_003,53,32,g021,g021,normal,synthetic_rongorongo_like,
tablet_003,53,33,g025,g025,normal,synthetic_rongorongo_like,
tablet_003,53,34,g064,g064,normal,synthetic_rongorongo_like,
tablet_003,53,35,g024,g024,normal,synthetic_rongorongo_like,
tablet_003,53,36,g024,g024,normal,synthetic_rongorongo_like,
tablet_003,53,37,g006,g006,normal,synthetic_rongorongo_like,
tablet_003,53,38,g021,g021,normal,synthetic_rongorongo_like,
tablet_003,53,39,g002,g002,normal,synthetic_rongorongo_like,
tablet_003,53,40,g021,g021,normal,synthetic_rongorongo_like,
tablet_003,54,1,g021,g021,normal,synthetic_rongorongo_like,
tablet_003,54,2,g021,g021,normal,synthetic_rongorongo_like,
tablet_003,54,3,g004,g004,normal,synthetic_rongorongo_like,
tablet_003,54,4,g023,g023,normal,synthetic_rongorongo_like,
tablet_003,54,5,g023,g023,normal,synthetic_rongorongo_like,
tablet_003,54,6,g025,g025,normal,synthetic_rongorongo_like,
tablet_003,54,7,g021,g021,normal,synthetic_rongorongo_like,
tablet_003,54,8,g033,g033,normal,synthetic_rongorongo_like,
tablet_003,54,9,g015,g015,normal,synthetic_rongorongo_like,
tablet_003,54,10,g015,g015,normal,synthetic_rongorongo_like,
tablet_003,54,11,g001,g001,normal,synthetic_rongorongo_like,
tablet_003,54,12,g061,g061,normal,synthetic_rongorongo_like,
tablet_003,54,13,g001,g001,normal,synthetic_rongorongo_like,
tablet_003,54,14,g003,g003,normal,synthetic_rongorongo_like,
tablet_003,54,15,g003,g003,normal,synthetic_rongorongo_like,
tablet_003,54,16,g003,g003,normal,synthetic_rongorongo_like,
tablet_003,54,17,g021,g021,normal,synthetic_rongorongo_like,
tablet_003,54,18,g001,g001,normal,synthetic_rongorongo_like,
tablet_003,54,19,g002,g002,normal,synthetic_rongorongo_like,
tablet_003,54,20,g002,g002,normal,synthetic_rongorongo_like,
tablet_003,54,21,g003,g003,normal,synthetic_rongorongo_like,
tablet_003,54,22,g021,g021,normal,synthetic_rongorongo_like,
tablet_003,54,23,g006,g006,normal,synthetic_rongorongo_like,
tablet_003,54,24,g004,g004,normal,synthetic_rongorongo_like,
tablet_003,54,25,g061,g061,normal,synthetic_rongorongo_like,
tablet_003,54,26,g061,g061,normal,synthetic_rongorongo_like,
tablet_003,54,27,g021,g021,normal,synthetic_rongorongo_like,
tablet_003,54,28,g073,g073,normal,synthetic_rongorongo_like,
tablet_003,54,29,g010,g010,normal,synthetic_rongorongo_like,
tablet_003,54,30,g061,g061,normal,synthetic_rongorongo_like,
tablet_003,54,31,g021,g021,normal,synthetic_rongorongo_like,
tablet_003,54,32,g021,g021,normal,synthetic_rongorongo_like,
tablet_003,54,33,g021,g021,normal,synthetic_rongorongo_like,
tablet_003,54,34,g021,g021,normal,synthetic_rongorongo_like,
tablet_003,54,35,g021,g021,normal,synthetic_rongorongo_like,
tablet_003,54,36,g005,g005,normal,synthetic_rongorongo_like,
tablet_003,54,37,g022,g022,normal,synthetic_rongorongo_like,
tablet_003,54,38,g001,g001,normal,synthetic_rongorongo_like,
tablet_003,54,39,g061,g061,normal,synthetic_rongorongo_like,
tablet_003,54,40,g002,g002,normal,synthetic_rongorongo_like,
tablet_003,55,1,g021,g021,normal,synthetic_rongorongo_like,
tablet_003,55,2,g035,g035,normal,synthetic_rongorongo_like,
tablet_003,55,3,g042,g042,normal,synthetic_rongorongo_like,
tablet_003,55,4,g042,g042,normal,synthetic_rongorongo_like,
tablet_003,55,5,g001,g001,normal,synthetic_rongorongo_like,
tablet_003,55,6,g021,g021,normal,synthetic_rongorongo_like,
tablet_003,55,7,g061,g061,normal,synthetic_rongorongo_like,
tablet_003,55,8,g024,g024,normal,synthetic_rongorongo_like,
tablet_003,55,9,g024,g024,normal,synthetic_rongorongo_like,
tablet_003,55,10,g019,g019,normal,synthetic_rongorongo_like,
tablet_003,55,11,g021,g021,normal,synthetic_rongorongo_like,
tablet_003,55,12,g021,g021,normal,synthetic_rongorongo_like,
tablet_003,55,13,g021,g021,normal,synthetic_rongorongo_like,
tablet_003,55,14,g001,g001,normal,synthetic_rongorongo_like,
tablet_003,55,15,g021,g021,normal,synthetic_rongorongo_like,
tablet_003,55,16,g001,g001,normal,synthetic_rongorongo_like,
tablet_003,55,17,g021,g021,normal,synthetic_rongorongo_like,
tablet_003,55,18,g001,g001,normal,synthetic_rongorongo_like,
tablet_003,55,19,g001,g001,normal,synthetic_rongorongo_like,
tablet_003,55,20,g021,g021,normal,synthetic_rongorongo_like,
tablet_003,55,21,g088,g088,normal,synthetic_rongorongo_like,
tablet_003,55,22,g088,g088,normal,synthetic_rongorongo_like,
tablet_003,55,23,g028,g028,normal,synthetic_rongorongo_like,
tablet_003,55,24,g027,g027,normal,synthetic_rongorongo_like,
tablet_003,55,25,g021,g021,normal,synthetic_rongorongo_like,
tablet_003,55,26,g021,g021,normal,synthetic_rongorongo_like,
tablet_003,55,27,g021,g021,normal,synthetic_rongorongo_like,
tablet_003,55,28,g011,g011,normal,synthetic_rongorongo_like,
tablet_003,55,29,g021,g021,normal,synthetic_rongorongo_like,
tablet_003,55,30,g061,g061,normal,synthetic_rongorongo_like,
tablet_003,55,31,g001,g001,normal,synthetic_rongorongo_like,
tablet_003,55,32,g002,g002,normal,synthetic_rongorongo_like,
tablet_003,55,33,g021,g021,normal,synthetic_rongorongo_like,
tablet_003,55,34,g007,g007,normal,synthetic_rongorongo_like,
tablet_003,55,35,g021,g021,normal,synthetic_rongorongo_like,
tablet_003,55,36,g021,g021,normal,synthetic_rongorongo_like,
tablet_003,55,37,g003,g003,normal,synthetic_rongorongo_like,
tablet_003,55,38,g062,g062,normal,synthetic_rongorongo_like,
tablet_003,55,39,g021,g021,normal,synthetic_rongorongo_like,
tablet_003,55,40,g001,g001,normal,synthetic_rongorongo_like,
tablet_003,56,1,g001,g001,normal,synthetic_rongorongo_like,
tablet_003,56,2,g001,g001,normal,synthetic_rongorongo_like,
tablet_003,56,3,g001,g001,normal,synthetic_rongorongo_like,
tablet_003,56,4,g063,g063,normal,synthetic_rongorongo_like,
tablet_003,56,5,g001,g001,normal,synthetic_rongorongo_like,
tablet_003,56,6,g062,g062,normal,synthetic_rongorongo_like,
tablet_003,56,7,g062,g062,normal,synthetic_rongorongo_like,
tablet_003,56,8,g024,g024,normal,synthetic_rongorongo_like,
tablet_003,56,9,g001,g001,normal,synthetic_rongorongo_like,
tablet_003,56,10,g061,g061,normal,synthetic_rongorongo_like,
tablet_003,56,11,g021,g021,normal,synthetic_rongorongo_like,
tablet_003,56,12,g061,g061,normal,synthetic_rongorongo_like,
tablet_003,56,13,g025,g025,normal,synthetic_rongorongo_like,
tablet_003,56,14,g025,g025,normal,synthetic_rongorongo_like,
tablet_003,56,15,g066,g066,normal,synthetic_rongorongo_like,
tablet_003,56,16,g028,g028,normal,synthetic_rongorongo_like,
tablet_003,56,17,g001,g001,normal,synthetic_rongorongo_like,
tablet_003,56,18,g021,g021,normal,synthetic_rongorongo_like,
tablet_003,56,19,g021,g021,normal,synthetic_rongorongo_like,
tablet_003,56,20,g001,g001,normal,synthetic_rongorongo_like,
tablet_003,56,21,g023,g023,normal,synthetic_rongorongo_like,
tablet_003,56,22,g011,g011,normal,synthetic_rongorongo_like,
tablet_003,56,23,g014,g014,normal,synthetic_rongorongo_like,
tablet_003,56,24,g021,g021,normal,synthetic_rongorongo_like,
tablet_003,56,25,g002,g002,normal,synthetic_rongorongo_like,
tablet_003,56,26,g019,g019,normal,synthetic_rongorongo_like,
tablet_003,56,27,g012,g012,normal,synthetic_rongorongo_like,
tablet_003,56,28,g012,g012,normal,synthetic_rongorongo_like,
tablet_003,56,29,g012,g012,normal,synthetic_rongorongo_like,
tablet_003,56,30,g021,g021,normal,synthetic_rongorongo_like,
tablet_003,56,31,g056,g056,normal,synthetic_rongorongo_like,
tablet_003,56,32,g061,g061,normal,synthetic_rongorongo_like,
tablet_003,56,33,g021,g021,normal,synthetic_rongorongo_like,
tablet_003,56,34,g021,g021,normal,synthetic_rongorongo_like,
tablet_003,56,35,g001,g001,normal,synthetic_rongorongo_like,
tablet_003,56,36,g008,g008,normal,synthetic_rongorongo_like,
tablet_003,56,37,g061,g061,normal,synthetic_rongorongo_like,
tablet_003,56,38,g003,g003,normal,synthetic_rongorongo_like,
tablet_003,56,39,g001,g001,normal,synthetic_rongorongo_like,
tablet_003,56,40,g001,g001,normal,synthetic_rongorongo_like,
tablet_003,57,1,g032,g032,normal,synthetic_rongorongo_like,
tablet_003,57,2,g032,g032,normal,synthetic_rongorongo_like,
tablet_003,57,3,g111,g111,normal,synthetic_rongorongo_like,
tablet_003,57,4,g061,g061,normal,synthetic_rongorongo_like,
tablet_003,57,5,g021,g021,normal,synthetic_rongorongo_like,
tablet_003,57,6,g021,g021,normal,synthetic_rongorongo_like,
tablet_003,57,7,g061,g061,normal,synthetic_rongorongo_like,
tablet_003,57,8,g096,g096,normal,synthetic_rongorongo_like,
tablet_003,57,9,g061,g061,normal,synthetic_rongorongo_like,
tablet_003,57,10,g021,g021,normal,synthetic_rongorongo_like,
tablet_003,57,11,g061,g061,normal,synthetic_rongorongo_like,
tablet_003,57,12,g061,g061,normal,synthetic_rongorongo_like,
tablet_003,57,13,g061,g061,normal,synthetic_rongorongo_like,
tablet_003,57,14,g001,g001,normal,synthetic_rongorongo_like,
tablet_003,57,15,g023,g023,normal,synthetic_rongorongo_like,
tablet_003,57,16,g023,g023,normal,synthetic_rongorongo_like,
tablet_003,57,17,g019,g019,normal,synthetic_rongorongo_like,
tablet_003,57,18,g021,g021,normal,synthetic_rongorongo_like,
tablet_003,57,19,g062,g062,normal,synthetic_rongorongo_like,
tablet_003,57,20,g017,g017,normal,synthetic_rongorongo_like,
tablet_003,57,21,g024,g024,normal,synthetic_rongorongo_like,
tablet_003,57,22,g008,g008,normal,synthetic_rongorongo_like,
tablet_003,57,23,g008,g008,normal,synthetic_rongorongo_like,
tablet_003,57,24,g021,g021,normal,synthetic_rongorongo_like,
tablet_003,57,25,g002,g002,normal,synthetic_rongorongo_like,
tablet_003,57,26,g002,g002,normal,synthetic_rongorongo_like,
tablet_003,57,27,g002,g002,normal,synthetic_rongorongo_like,
tablet_003,57,28,g023,g023,normal,synthetic_rongorongo_like,
tablet_003,57,29,g023,g023,normal,synthetic_rongorongo_like,
tablet_003,57,30,g036,g036,normal,synthetic_rongorongo_like,
tablet_003,57,31,g004,g004,normal,synthetic_rongorongo_like,
tablet_003,57,32,g002,g002,normal,synthetic_rongorongo_like,
tablet_003,57,33,g001,g001,normal,synthetic_rongorongo_like,
tablet_003,57,34,g003,g003,normal,synthetic_rongorongo_like,
tablet_003,57,35,g003,g003,normal,synthetic_rongorongo_like,
tablet_003,57,36,g001,g001,normal,synthetic_rongorongo_like,
tablet_003,57,37,g024,g024,normal,synthetic_rongorongo_like,
tablet_003,57,38,g002,g002,normal,synthetic_rongorongo_like,
tablet_003,57,39,g021,g021,normal,synthetic_rongorongo_like,
tablet_003,57,40,g021,g021,normal,synthetic_rongorongo_like,
tablet_003,58,1,g002,g002,normal,synthetic_rongorongo_like,
tablet_003,58,2,g012,g012,normal,synthetic_rongorongo_like,
tablet_003,58,3,g012,g012,normal,synthetic_rongorongo_like,
tablet_003,58,4,g061,g061,normal,synthetic_rongorongo_like,
tablet_003,58,5,g061,g061,normal,synthetic_rongorongo_like,
tablet_003,58,6,g061,g061,normal,synthetic_rongorongo_like,
tablet_003,58,7,g003,g003,normal,synthetic_rongorongo_like,
tablet_003,58,8,g003,g003,normal,synthetic_rongorongo_like,
tablet_003,58,9,g005,g005,normal,synthetic_rongorongo_like,
tablet_003,58,10,g005,g005,normal,synthetic_rongorongo_like,
tablet_003,58,11,g001,g001,normal,synthetic_rongorongo_like,
tablet_003,58,12,g018,g018,normal,synthetic_rongorongo_like,
tablet_003,58,13,g018,g018,normal,synthetic_rongorongo_like,
tablet_003,58,14,g018,g018,normal,synthetic_rongorongo_like,
tablet_003,58,15,g021,g021,normal,synthetic_rongorongo_like,
tablet_003,58,16,g101,g101,normal,synthetic_rongorongo_like,
tablet_003,58,17,g027,g027,normal,synthetic_rongorongo_like,
tablet_003,58,18,g013,g013,normal,synthetic_rongorongo_like,
tablet_003,58,19,g013,g013,normal,synthetic_rongorongo_like,
tablet_003,58,20,g061,g061,normal,synthetic_rongorongo_like,
tablet_003,58,21,g007,g007,normal,synthetic_rongorongo_like,
tablet_003,58,22,g064,g064,normal,synthetic_rongorongo_like,
tablet_003,58,23,g001,g001,normal,synthetic_rongorongo_like,
tablet_003,58,24,g023,g023,normal,synthetic_rongorongo_like,
tablet_003,58,25,g001,g001,normal,synthetic_rongorongo_like,
tablet_003,58,26,g001,g001,normal,synthetic_rongorongo_like,
tablet_003,58,27,g001,g001,normal,synthetic_rongorongo_like,
tablet_003,58,28,g023,g023,normal,synthetic_rongorongo_like,
tablet_003,58,29,g021,g021,normal,synthetic_rongorongo_like,
tablet_003,58,30,g061,g061,normal,synthetic_rongorongo_like,
tablet_003,58,31,g024,g024,normal,synthetic_rongorongo_like,
tablet_003,58,32,g023,g023,normal,synthetic_rongorongo_like,
tablet_003,58,33,g007,g007,normal,synthetic_rongorongo_like,
tablet_003,58,34,g022,g022,normal,synthetic_rongorongo_like,
tablet_003,58,35,g061,g061,normal,synthetic_rongorongo_like,
tablet_003,58,36,g006,g006,normal,synthetic_rongorongo_like,
tablet_003,58,37,g111,g111,normal,synthetic_rongorongo_like,
tablet_003,58,38,g017,g017,normal,synthetic_rongorongo_like,
tablet_003,58,39,g004,g004,normal,synthetic_rongorongo_like,
tablet_003,58,40,g004,g004,normal,synthetic_rongorongo_like,
tablet_003,59,1,g062,g062,normal,synthetic_rongorongo_like,
tablet_003,59,2,g064,g064,normal,synthetic_rongorongo_like,
tablet_003,59,3,g064,g064,normal,synthetic_rongorongo_like,
tablet_003,59,4,g036,g036,normal,synthetic_rongorongo_like,
tablet_003,59,5,g001,g001,normal,synthetic_rongorongo_like,
tablet_003,59,6,g021,g021,normal,synthetic_rongorongo_like,
tablet_003,59,7,g001,g001,normal,synthetic_rongorongo_like,
tablet_003,59,8,g001,g001,normal,synthetic_rongorongo_like,
tablet_003,59,9,g021,g021,normal,synthetic_rongorongo_like,
tablet_003,59,10,g002,g002,normal,synthetic_rongorongo_like,
tablet_003,59,11,g021,g021,normal,synthetic_rongorongo_like,
tablet_003,59,12,g062,g062,normal,synthetic_rongorongo_like,
tablet_003,59,13,g009,g009,normal,synthetic_rongorongo_like,
tablet_003,59,14,g009,g009,normal,synthetic_rongorongo_like,
tablet_003,59,15,g001,g001,normal,synthetic_rongorongo_like,
tablet_003,59,16,g021,g021,normal,synthetic_rongorongo_like,
tablet_003,59,17,g013,g013,normal,synthetic_rongorongo_like,
tablet_003,59,18,g062,g062,normal,synthetic_rongorongo_like,
tablet_003,59,19,g001,g001,normal,synthetic_rongorongo_like,
tablet_003,59,20,g001,g001,normal,synthetic_rongorongo_like,
tablet_003,59,21,g022,g022,normal,synthetic_rongorongo_like,
tablet_003,59,22,g007,g007,normal,synthetic_rongorongo_like,
tablet_003,59,23,g001,g001,normal,synthetic_rongorongo_like,
tablet_003,59,24,g001,g001,normal,synthetic_rongorongo_like,
tablet_003,59,25,g001,g001,normal,synthetic_rongorongo_like,
tablet_003,59,26,g002,g002,normal,synthetic_rongorongo_like,
tablet_003,59,27,g001,g001,normal,synthetic_rongorongo_like,
tablet_003,59,28,g031,g031,normal,synthetic_rongorongo_like,
tablet_003,59,29,g061,g061,normal,synthetic_rongorongo_like,
tablet_003,59,30,g005,g005,normal,synthetic_rongorongo_like,
tablet_003,59,31,g005,g005,normal,synthetic_rongorongo_like,
tablet_003,59,32,g002,g002,normal,synthetic_rongorongo_like,
tablet_003,59,33,g022,g022,normal,synthetic_rongorongo_like,
tablet_003,59,34,g002,g002,normal,synthetic_rongorongo_like,
tablet_003,59,35,g002,g002,normal,synthetic_rongorongo_like,
tablet_003,59,36,g002,g002,normal,synthetic_rongorongo_like,
tablet_003,59,37,g022,g022,normal,synthetic_rongorongo_like,
tablet_003,59,38,g113,g113,normal,synthetic_rongorongo_like,
tablet_003,59,39,g113,g113,normal,synthetic_rongorongo_like,
tablet_003,59,40,g001,g001,normal,synthetic_rongorongo_like,
tablet_003,60,1,g021,g021,normal,synthetic_rongorongo_like,
tablet_003,60,2,g001,g001,normal,synthetic_rongorongo_like,
tablet_003,60,3,g007,g007,normal,synthetic_rongorongo_like,
tablet_003,60,4,g001,g001,normal,synthetic_rongorongo_like,
tablet_003,60,5,g001,g001,normal,synthetic_rongorongo_like,
tablet_003,60,6,g001,g001,normal,synthetic_rongorongo_like,
tablet_003,60,7,g024,g024,normal,synthetic_rongorongo_like,
tablet_003,60,8,g062,g062,normal,synthetic_rongorongo_like,
tablet_003,60,9,g020,g020,normal,synthetic_rongorongo_like,
tablet_003,60,10,g076,g076,normal,synthetic_rongorongo_like,
tablet_003,60,11,g023,g023,normal,synthetic_rongorongo_like,
tablet_003,60,12,g021,g021,normal,synthetic_rongorongo_like,
tablet_003,60,13,g001,g001,normal,synthetic_rongorongo_like,
tablet_003,60,14,g014,g014,normal,synthetic_rongorongo_like,
tablet_003,60,15,g014,g014,normal,synthetic_rongorongo_like,
tablet_003,60,16,g004,g004,normal,synthetic_rongorongo_like,
tablet_003,60,17,g022,g022,normal,synthetic_rongorongo_like,
tablet_003,60,18,g063,g063,normal,synthetic_rongorongo_like,
tablet_003,60,19,g063,g063,normal,synthetic_rongorongo_like,
tablet_003,60,20,g072,g072,normal,synthetic_rongorongo_like,
tablet_003,60,21,g002,g002,normal,synthetic_rongorongo_like,
tablet_003,60,22,g002,g002,normal,synthetic_rongorongo_like,
tablet_003,60,23,g002,g002,normal,synthetic_rongorongo_like,
tablet_003,60,24,g063,g063,normal,synthetic_rongorongo_like,
tablet_003,60,25,g021,g021,normal,synthetic_rongorongo_like,
tablet_003,60,26,g022,g022,normal,synthetic_rongorongo_like,
tablet_003,60,27,g001,g001,normal,synthetic_rongorongo_like,
tablet_003,60,28,g001,g001,normal,synthetic_rongorongo_like,
tablet_003,60,29,g004,g004,normal,synthetic_rongorongo_like,
tablet_003,60,30,g030,g030,normal,synthetic_rongorongo_like,
tablet_003,60,31,g009,g009,normal,synthetic_rongorongo_like,
tablet_003,60,32,g008,g008,normal,synthetic_rongorongo_like,
tablet_003,60,33,g021,g021,normal,synthetic_rongorongo_like,
tablet_003,60,34,g064,g064,normal,synthetic_rongorongo_like,
tablet_003,60,35,g064,g064,normal,synthetic_rongorongo_like,
tablet_003,60,36,g064,g064,normal,synthetic_rongorongo_like,
tablet_003,60,37,g022,g022,normal,synthetic_rongorongo_like,
tablet_003,60,38,g022,g022,normal,synthetic_rongorongo_like,
tablet_003,60,39,g022,g022,normal,synthetic_rongorongo_like,
tablet_003,60,40,g022,g022,normal,synthetic_rongorongo_like,
tablet_004,61,1,g021,g021,normal,synthetic_rongorongo_like,
tablet_004,61,2,g007,g007,normal,synthetic_rongorongo_like,
tablet_004,61,3,g021,g021,normal,synthetic_rongorongo_like,
tablet_004,61,4,g044,g044,normal,synthetic_rongorongo_like,
tablet_004,61,5,g001,g001,normal,synthetic_rongorongo_like,
tablet_004,61,6,g065,g065,normal,synthetic_rongorongo_like,
tablet_004,61,7,g061,g061,normal,synthetic_rongorongo_like,
tablet_004,61,8,g061,g061,normal,synthetic_rongorongo_like,
tablet_004,61,9,g022,g022,normal,synthetic_rongorongo_like,
tablet_004,61,10,g021,g021,normal,synthetic_rongorongo_like,
tablet_004,61,11,g010,g010,normal,synthetic_rongorongo_like,
tablet_004,61,12,g027,g027,normal,synthetic_rongorongo_like,
tablet_004,61,13,g001,g001,normal,synthetic_rongorongo_like,
tablet_004,61,14,g061,g061,normal,synthetic_rongorongo_like,
tablet_004,61,15,g002,g002,normal,synthetic_rongorongo_like,
tablet_004,61,16,g005,g005,normal,synthetic_rongorongo_like,
tablet_004,61,17,g025,g025,normal,synthetic_rongorongo_like,
tablet_004,61,18,g064,g064,normal,synthetic_rongorongo_like,
tablet_004,61,19,g023,g023,normal,synthetic_rongorongo_like,
tablet_004,61,20,g024,g024,normal,synthetic_rongorongo_like,
tablet_004,61,21,g046,g046,normal,synthetic_rongorongo_like,
tablet_004,61,22,g003,g003,normal,synthetic_rongorongo_like,
tablet_004,61,23,g016,g016,normal,synthetic_rongorongo_like,
tablet_004,61,24,g004,g004,normal,synthetic_rongorongo_like,
tablet_004,61,25,g004,g004,normal,synthetic_rongorongo_like,
tablet_004,61,26,g004,g004,normal,synthetic_rongorongo_like,
tablet_004,61,27,g014,g014,normal,synthetic_rongorongo_like,
tablet_004,61,28,g014,g014,normal,synthetic_rongorongo_like,
tablet_004,61,29,g001,g001,normal,synthetic_rongorongo_like,
tablet_004,61,30,g005,g005,normal,synthetic_rongorongo_like,
tablet_004,61,31,g049,g049,normal,synthetic_rongorongo_like,
tablet_004,61,32,g049,g049,normal,synthetic_rongorongo_like,
tablet_004,61,33,g005,g005,normal,synthetic_rongorongo_like,
tablet_004,61,34,g007,g007,normal,synthetic_rongorongo_like,
tablet_004,61,35,g011,g011,normal,synthetic_rongorongo_like,
tablet_004,61,36,g001,g001,normal,synthetic_rongorongo_like,
tablet_004,61,37,g021,g021,normal,synthetic_rongorongo_like,
tablet_004,61,38,g002,g002,normal,synthetic_rongorongo_like,
tablet_004,61,39,g070,g070,normal,synthetic_rongorongo_like,
tablet_004,61,40,g021,g021,normal,synthetic_rongorongo_like,
tablet_004,62,1,g001,g001,normal,synthetic_rongorongo_like,
tablet_004,62,2,g001,g001,normal,synthetic_rongorongo_like,
tablet_004,62,3,g061,g061,normal,synthetic_rongorongo_like,
tablet_004,62,4,g021,g021,normal,synthetic_rongorongo_like,
tablet_004,62,5,g060,g060,normal,synthetic_rongorongo_like,
tablet_004,62,6,g072,g072,normal,synthetic_rongorongo_like,
tablet_004,62,7,g022,g022,normal,synthetic_rongorongo_like,
tablet_004,62,8,g022,g022,normal,synthetic_rongorongo_like,
tablet_004,62,9,g001,g001,normal,synthetic_rongorongo_like,
tablet_004,62,10,g001,g001,normal,synthetic_rongorongo_like,
tablet_004,62,11,g061,g061,normal,synthetic_rongorongo_like,
tablet_004,62,12,g021,g021,normal,synthetic_rongorongo_like,
tablet_004,62,13,g001,g001,normal,synthetic_rongorongo_like,
tablet_004,62,14,g061,g061,normal,synthetic_rongorongo_like,
tablet_004,62,15,g001,g001,normal,synthetic_rongorongo_like,
tablet_004,62,16,g024,g024,normal,synthetic_rongorongo_like,
tablet_004,62,17,g001,g001,normal,synthetic_rongorongo_like,
tablet_004,62,18,g001,g001,normal,synthetic_rongorongo_like,
tablet_004,62,19,g013,g013,normal,synthetic_rongorongo_like,
tablet_004,62,20,g001,g001,normal,synthetic_rongorongo_like,
tablet_004,62,21,g001,g001,normal,synthetic_rongorongo_like,
tablet_004,62,22,g001,g001,normal,synthetic_rongorongo_like,
tablet_004,62,23,g002,g002,normal,synthetic_rongorongo_like,
tablet_004,62,24,g002,g002,normal,synthetic_rongorongo_like,
tablet_004,62,25,g021,g021,normal,synthetic_rongorongo_like,
tablet_004,62,26,g002,g002,normal,synthetic_rongorongo_like,
tablet_004,62,27,g002,g002,normal,synthetic_rongorongo_like,
tablet_004,62,28,g065,g065,normal,synthetic_rongorongo_like,
tablet_004,62,29,g065,g065,normal,synthetic_rongorongo_like,
tablet_004,62,30,g065,g065,normal,synthetic_rongorongo_like,
tablet_004,62,31,g003,g003,normal,synthetic_rongorongo_like,
tablet_004,62,32,g005,g005,normal,synthetic_rongorongo_like,
tablet_004,62,33,g023,g023,normal,synthetic_rongorongo_like,
tablet_004,62,34,g035,g035,normal,synthetic_rongorongo_like,
tablet_004,62,35,g035,g035,normal,synthetic_rongorongo_like,
tablet_004,62,36,g034,g034,normal,synthetic_rongorongo_like,
tablet_004,62,37,g010,g010,normal,synthetic_rongorongo_like,
tablet_004,62,38,g008,g008,normal,synthetic_rongorongo_like,
tablet_004,62,39,g009,g009,normal,synthetic_rongorongo_like,
tablet_004,62,40,g021,g021,normal,synthetic_rongorongo_like,
tablet_004,63,1,g001,g001,normal,synthetic_rongorongo_like,
tablet_004,63,2,g029,g029,normal,synthetic_rongorongo_like,
tablet_004,63,3,g061,g061,normal,synthetic_rongorongo_like,
tablet_004,63,4,g061,g061,normal,synthetic_rongorongo_like,
tablet_004,63,5,g061,g061,normal,synthetic_rongorongo_like,
tablet_004,63,6,g005,g005,normal,synthetic_rongorongo_like,
tablet_004,63,7,g019,g019,normal,synthetic_rongorongo_like,
tablet_004,63,8,g021,g021,normal,synthetic_rongorongo_like,
tablet_004,63,9,g004,g004,normal,synthetic_rongorongo_like,
tablet_004,63,10,g021,g021,normal,synthetic_rongorongo_like,
tablet_004,63,11,g003,g003,normal,synthetic_rongorongo_like,
tablet_004,63,12,g002,g002,normal,synthetic_rongorongo_like,
tablet_004,63,13,g002,g002,normal,synthetic_rongorongo_like,
tablet_004,63,14,g002,g002,normal,synthetic_rongorongo_like,
tablet_004,63,15,g005,g005,normal,synthetic_rongorongo_like,
tablet_004,63,16,g001,g001,normal,synthetic_rongorongo_like,
tablet_004,63,17,g001,g001,normal,synthetic_rongorongo_like,
tablet_004,63,18,g068,g068,normal,synthetic_rongorongo_like,
tablet_004,63,19,g012,g012,normal,synthetic_rongorongo_like,
tablet_004,63,20,g061,g061,normal,synthetic_rongorongo_like,
tablet_004,63,21,g061,g061,normal,synthetic_rongorongo_like,
tablet_004,63,22,g014,g014,normal,synthetic_rongorongo_like,
tablet_004,63,23,g001,g001,normal,synthetic_rongorongo_like,
tablet_004,63,24,g021,g021,normal,synthetic_rongorongo_like,
tablet_004,63,25,g003,g003,normal,synthetic_rongorongo_like,
tablet_004,63,26,g003,g003,normal,synthetic_rongorongo_like,
tablet_004,63,27,g090,g090,normal,synthetic_rongorongo_like,
tablet_004,63,28,g021,g021,normal,synthetic_rongorongo_like,
tablet_004,63,29,g021,g021,normal,synthetic_rongorongo_like,
tablet_004,63,30,g063,g063,normal,synthetic_rongorongo_like,
tablet_004,63,31,g009,g009,normal,synthetic_rongorongo_like,
tablet_004,63,32,g009,g009,normal,synthetic_rongorongo_like,
tablet_004,63,33,g019,g019,normal,synthetic_rongorongo_like,
tablet_004,63,34,g021,g021,normal,synthetic_rongorongo_like,
tablet_004,63,35,g008,g008,normal,synthetic_rongorongo_like,
tablet_004,63,36,g023,g023,normal,synthetic_rongorongo_like,
tablet_004,63,37,g061,g061,normal,synthetic_rongorongo_like,
tablet_004,63,38,g061,g061,normal,synthetic_rongorongo_like,
tablet_004,63,39,g061,g061,normal,synthetic_rongorongo_like,
tablet_004,63,40,g061,g061,normal,synthetic_rongorongo_like,
tablet_004,64,1,g001,g001,normal,synthetic_rongorongo_like,
tablet_004,64,2,g001,g001,normal,synthetic_rongorongo_like,
tablet_004,64,3,g061,g061,normal,synthetic_rongorongo_like,
tablet_004,64,4,g001,g001,normal,synthetic_rongorongo_like,
tablet_004,64,5,g002,g002,normal,synthetic_rongorongo_like,
tablet_004,64,6,g002,g002,normal,synthetic_rongorongo_like,
tablet_004,64,7,g002,g002,normal,synthetic_rongorongo_like,
tablet_004,64,8,g002,g002,normal,synthetic_rongorongo_like,
tablet_004,64,9,g001,g001,normal,synthetic_rongorongo_like,
tablet_004,64,10,g001,g001,normal,synthetic_rongorongo_like,
tablet_004,64,11,g022,g022,normal,synthetic_rongorongo_like,
tablet_004,64,12,g017,g017,normal,synthetic_rongorongo_like,
tablet_004,64,13,g061,g061,normal,synthetic_rongorongo_like,
tablet_004,64,14,g061,g061,normal,synthetic_rongorongo_like,
tablet_004,64,15,g021,g021,normal,synthetic_rongorongo_like,
tablet_004,64,16,g021,g021,normal,synthetic_rongorongo_like,
tablet_004,64,17,g022,g022,normal,synthetic_rongorongo_like,
tablet_004,64,18,g021,g021,normal,synthetic_rongorongo_like,
tablet_004,64,19,g024,g024,normal,synthetic_rongorongo_like,
tablet_004,64,20,g001,g001,normal,synthetic_rongorongo_like,
tablet_004,64,21,g003,g003,normal,synthetic_rongorongo_like,
tablet_004,64,22,g061,g061,normal,synthetic_rongorongo_like,
tablet_004,64,23,g001,g001,normal,synthetic_rongorongo_like,
tablet_004,64,24,g069,g069,normal,synthetic_rongorongo_like,
tablet_004,64,25,g039,g039,normal,synthetic_rongorongo_like,
tablet_004,64,26,g001,g001,normal,synthetic_rongorongo_like,
tablet_004,64,27,g001,g001,normal,synthetic_rongorongo_like,
tablet_004,64,28,g001,g001,normal,synthetic_rongorongo_like,
tablet_004,64,29,g088,g088,normal,synthetic_rongorongo_like,
tablet_004,64,30,g088,g088,normal,synthetic_rongorongo_like,
tablet_004,64,31,g088,g088,normal,synthetic_rongorongo_like,
tablet_004,64,32,g005,g005,normal,synthetic_rongorongo_like,
tablet_004,64,33,g068,g068,normal,synthetic_rongorongo_like,
tablet_004,64,34,g001,g001,normal,synthetic_rongorongo_like,
tablet_004,64,35,g062,g062,normal,synthetic_rongorongo_like,
tablet_004,64,36,g062,g062,normal,synthetic_rongorongo_like,
tablet_004,64,37,g062,g062,normal,synthetic_rongorongo_like,
tablet_004,64,38,g061,g061,normal,synthetic_rongorongo_like,
tablet_004,64,39,g021,g021,normal,synthetic_rongorongo_like,
tablet_004,64,40,g010,g010,normal,synthetic_rongorongo_like,
tablet_004,65,1,g021,g021,normal,synthetic_rongorongo_like,
tablet_004,65,2,g001,g001,normal,synthetic_rongorongo_like,
tablet_004,65,3,g001,g001,normal,synthetic_rongorongo_like,
tablet_004,65,4,g027,g027,normal,synthetic_rongorongo_like,
tablet_004,65,5,g019,g019,normal,synthetic_rongorongo_like,
tablet_004,65,6,g065,g065,normal,synthetic_rongorongo_like,
tablet_004,65,7,g001,g001,normal,synthetic_rongorongo_like,
tablet_004,65,8,g004,g004,normal,synthetic_rongorongo_like,
tablet_004,65,9,g013,g013,normal,synthetic_rongorongo_like,
tablet_004,65,10,g001,g001,normal,synthetic_rongorongo_like,
tablet_004,65,11,g025,g025,normal,synthetic_rongorongo_like,
tablet_004,65,12,g071,g071,normal,synthetic_rongorongo_like,
tablet_004,65,13,g071,g071,normal,synthetic_rongorongo_like,
tablet_004,65,14,g071,g071,normal,synthetic_rongorongo_like,
tablet_004,65,15,g021,g021,normal,synthetic_rongorongo_like,
tablet_004,65,16,g021,g021,normal,synthetic_rongorongo_like,
tablet_004,65,17,g018,g018,normal,synthetic_rongorongo_like,
tablet_004,65,18,g021,g021,normal,synthetic_rongorongo_like,
tablet_004,65,19,g066,g066,normal,synthetic_rongorongo_like,
tablet_004,65,20,g067,g067,normal,synthetic_rongorongo_like,
tablet_004,65,21,g001,g001,normal,synthetic_rongorongo_like,
tablet_004,65,22,g001,g001,normal,synthetic_rongorongo_like,
tablet_004,65,23,g001,g001,normal,synthetic_rongorongo_like,
tablet_004,65,24,g062,g062,normal,synthetic_rongorongo_like,
tablet_004,65,25,g001,g001,normal,synthetic_rongorongo_like,
tablet_004,65,26,g030,g030,normal,synthetic_rongorongo_like,
tablet_004,65,27,g061,g061,normal,synthetic_rongorongo_like,
tablet_004,65,28,g061,g061,normal,synthetic_rongorongo_like,
tablet_004,65,29,g069,g069,normal,synthetic_rongorongo_like,
tablet_004,65,30,g036,g036,normal,synthetic_rongorongo_like,
tablet_004,65,31,g018,g018,normal,synthetic_rongorongo_like,
tablet_004,65,32,g001,g001,normal,synthetic_rongorongo_like,
tablet_004,65,33,g001,g001,normal,synthetic_rongorongo_like,
tablet_004,65,34,g100,g100,normal,synthetic_rongorongo_like,
tablet_004,65,35,g021,g021,normal,synthetic_rongorongo_like,
tablet_004,65,36,g021,g021,normal,synthetic_rongorongo_like,
tablet_004,65,37,g021,g021,normal,synthetic_rongorongo_like,
tablet_004,65,38,g002,g002,normal,synthetic_rongorongo_like,
tablet_004,65,39,g002,g002,normal,synthetic_rongorongo_like,
tablet_004,65,40,g002,g002,normal,synthetic_rongorongo_like,
tablet_004,66,1,g035,g035,normal,synthetic_rongorongo_like,
tablet_004,66,2,g001,g001,normal,synthetic_rongorongo_like,
tablet_004,66,3,g001,g001,normal,synthetic_rongorongo_like,
tablet_004,66,4,g005,g005,normal,synthetic_rongorongo_like,
tablet_004,66,5,g023,g023,normal,synthetic_rongorongo_like,
tablet_004,66,6,g021,g021,normal,synthetic_rongorongo_like,
tablet_004,66,7,g021,g021,normal,synthetic_rongorongo_like,
tablet_004,66,8,g017,g017,normal,synthetic_rongorongo_like,
tablet_004,66,9,g038,g038,normal,synthetic_rongorongo_like,
tablet_004,66,10,g021,g021,normal,synthetic_rongorongo_like,
tablet_004,66,11,g021,g021,normal,synthetic_rongorongo_like,
tablet_004,66,12,g062,g062,normal,synthetic_rongorongo_like,
tablet_004,66,13,g061,g061,normal,synthetic_rongorongo_like,
tablet_004,66,14,g001,g001,normal,synthetic_rongorongo_like,
tablet_004,66,15,g001,g001,normal,synthetic_rongorongo_like,
tablet_004,66,16,g001,g001,normal,synthetic_rongorongo_like,
tablet_004,66,17,g002,g002,normal,synthetic_rongorongo_like,
tablet_004,66,18,g061,g061,normal,synthetic_rongorongo_like,
tablet_004,66,19,g010,g010,normal,synthetic_rongorongo_like,
tablet_004,66,20,g004,g004,normal,synthetic_rongorongo_like,
tablet_004,66,21,g003,g003,normal,synthetic_rongorongo_like,
tablet_004,66,22,g097,g097,normal,synthetic_rongorongo_like,
tablet_004,66,23,g002,g002,normal,synthetic_rongorongo_like,
tablet_004,66,24,g006,g006,normal,synthetic_rongorongo_like,
tablet_004,66,25,g028,g028,normal,synthetic_rongorongo_like,
tablet_004,66,26,g061,g061,normal,synthetic_rongorongo_like,
tablet_004,66,27,g005,g005,normal,synthetic_rongorongo_like,
tablet_004,66,28,g021,g021,normal,synthetic_rongorongo_like,
tablet_004,66,29,g012,g012,normal,synthetic_rongorongo_like,
tablet_004,66,30,g008,g008,normal,synthetic_rongorongo_like,
tablet_004,66,31,g022,g022,normal,synthetic_rongorongo_like,
tablet_004,66,32,g022,g022,normal,synthetic_rongorongo_like,
tablet_004,66,33,g022,g022,normal,synthetic_rongorongo_like,
tablet_004,66,34,g027,g027,normal,synthetic_rongorongo_like,
tablet_004,66,35,g027,g027,normal,synthetic_rongorongo_like,
tablet_004,66,36,g027,g027,normal,synthetic_rongorongo_like,
tablet_004,66,37,g021,g021,normal,synthetic_rongorongo_like,
tablet_004,66,38,g001,g001,normal,synthetic_rongorongo_like,
tablet_004,66,39,g001,g001,normal,synthetic_rongorongo_like,
tablet_004,66,40,g002,g002,normal,synthetic_rongorongo_like,
tablet_004,67,1,g001,g001,normal,synthetic_rongorongo_like,
tablet_004,67,2,g001,g001,normal,synthetic_rongorongo_like,
tablet_004,67,3,g026,g026,normal,synthetic_rongorongo_like,
tablet_004,67,4,g061,g061,normal,synthetic_rongorongo_like,
tablet_004,67,5,g009,g009,normal,synthetic_rongorongo_like,
tablet_004,67,6,g024,g024,normal,synthetic_rongorongo_like,
tablet_004,67,7,g022,g022,normal,synthetic_rongorongo_like,
tablet_004,67,8,g002,g002,normal,synthetic_rongorongo_like,
tablet_004,67,9,g002,g002,normal,synthetic_rongorongo_like,
tablet_004,67,10,g002,g002,normal,synthetic_rongorongo_like,
tablet_004,67,11,g006,g006,normal,synthetic_rongorongo_like,
tablet_004,67,12,g021,g021,normal,synthetic_rongorongo_like,
tablet_004,67,13,g066,g066,normal,synthetic_rongorongo_like,
tablet_004,67,14,g001,g001,normal,synthetic_rongorongo_like,
tablet_004,67,15,g004,g004,normal,synthetic_rongorongo_like,
tablet_004,67,16,g027,g027,normal,synthetic_rongorongo_like,
tablet_004,67,17,g027,g027,normal,synthetic_rongorongo_like,
tablet_004,67,18,g074,g074,normal,synthetic_rongorongo_like,
tablet_004,67,19,g001,g001,normal,synthetic_rongorongo_like,
tablet_004,67,20,g021,g021,normal,synthetic_rongorongo_like,
tablet_004,67,21,g002,g002,normal,synthetic_rongorongo_like,
tablet_004,67,22,g061,g061,normal,synthetic_rongorongo_like,
tablet_004,67,23,g061,g061,normal,synthetic_rongorongo_like,
tablet_004,67,24,g001,g001,normal,synthetic_rongorongo_like,
tablet_004,67,25,g022,g022,normal,synthetic_rongorongo_like,
tablet_004,67,26,g021,g021,normal,synthetic_rongorongo_like,
tablet_004,67,27,g032,g032,normal,synthetic_rongorongo_like,
tablet_004,67,28,g001,g001,normal,synthetic_rongorongo_like,
tablet_004,67,29,g097,g097,normal,synthetic_rongorongo_like,
tablet_004,67,30,g061,g061,normal,synthetic_rongorongo_like,
tablet_004,67,31,g003,g003,normal,synthetic_rongorongo_like,
tablet_004,67,32,g021,g021,normal,synthetic_rongorongo_like,
tablet_004,67,33,g030,g030,normal,synthetic_rongorongo_like,
tablet_004,67,34,g030,g030,normal,synthetic_rongorongo_like,
tablet_004,67,35,g030,g030,normal,synthetic_rongorongo_like,
tablet_004,67,36,g036,g036,normal,synthetic_rongorongo_like,
tablet_004,67,37,g050,g050,normal,synthetic_rongorongo_like,
tablet_004,67,38,g050,g050,normal,synthetic_rongorongo_like,
tablet_004,67,39,g005,g005,normal,synthetic_rongorongo_like,
tablet_004,67,40,g041,g041,normal,synthetic_rongorongo_like,
tablet_004,68,1,g006,g006,normal,synthetic_rongorongo_like,
tablet_004,68,2,g001,g001,normal,synthetic_rongorongo_like,
tablet_004,68,3,g001,g001,normal,synthetic_rongorongo_like,
tablet_004,68,4,g001,g001,normal,synthetic_rongorongo_like,
tablet_004,68,5,g001,g001,normal,synthetic_rongorongo_like,
tablet_004,68,6,g001,g001,normal,synthetic_rongorongo_like,
tablet_004,68,7,g001,g001,normal,synthetic_rongorongo_like,
tablet_004,68,8,g061,g061,normal,synthetic_rongorongo_like,
tablet_004,68,9,g025,g025,normal,synthetic_rongorongo_like,
tablet_004,68,10,g051,g051,normal,synthetic_rongorongo_like,
tablet_004,68,11,g061,g061,normal,synthetic_rongorongo_like,
tablet_004,68,12,g001,g001,normal,synthetic_rongorongo_like,
tablet_004,68,13,g021,g021,normal,synthetic_rongorongo_like,
tablet_004,68,14,g021,g021,normal,synthetic_rongorongo_like,
tablet_004,68,15,g002,g002,normal,synthetic_rongorongo_like,
tablet_004,68,16,g061,g061,normal,synthetic_rongorongo_like,
tablet_004,68,17,g021,g021,normal,synthetic_rongorongo_like,
tablet_004,68,18,g025,g025,normal,synthetic_rongorongo_like,
tablet_004,68,19,g027,g027,normal,synthetic_rongorongo_like,
tablet_004,68,20,g027,g027,normal,synthetic_rongorongo_like,
tablet_004,68,21,g024,g024,normal,synthetic_rongorongo_like,
tablet_004,68,22,g025,g025,normal,synthetic_rongorongo_like,
tablet_004,68,23,g008,g008,normal,synthetic_rongorongo_like,
tablet_004,68,24,g008,g008,normal,synthetic_rongorongo_like,
tablet_004,68,25,g008,g008,normal,synthetic_rongorongo_like,
tablet_004,68,26,g007,g007,normal,synthetic_rongorongo_like,
tablet_004,68,27,g007,g007,normal,synthetic_rongorongo_like,
tablet_004,68,28,g023,g023,normal,synthetic_rongorongo_like,
tablet_004,68,29,g024,g024,normal,synthetic_rongorongo_like,
tablet_004,68,30,g029,g029,normal,synthetic_rongorongo_like,
tablet_004,68,31,g007,g007,normal,synthetic_rongorongo_like,
tablet_004,68,32,g021,g021,normal,synthetic_rongorongo_like,
tablet_004,68,33,g062,g062,normal,synthetic_rongorongo_like,
tablet_004,68,34,g062,g062,normal,synthetic_rongorongo_like,
tablet_004,68,35,g001,g001,normal,synthetic_rongorongo_like,
tablet_004,68,36,g008,g008,normal,synthetic_rongorongo_like,
tablet_004,68,37,g003,g003,normal,synthetic_rongorongo_like,
tablet_004,68,38,g023,g023,normal,synthetic_rongorongo_like,
tablet_004,68,39,g021,g021,normal,synthetic_rongorongo_like,
tablet_004,68,40,g006,g006,normal,synthetic_rongorongo_like,
tablet_004,69,1,g002,g002,normal,synthetic_rongorongo_like,
tablet_004,69,2,g030,g030,normal,synthetic_rongorongo_like,
tablet_004,69,3,g061,g061,normal,synthetic_rongorongo_like,
tablet_004,69,4,g003,g003,normal,synthetic_rongorongo_like,
tablet_004,69,5,g012,g012,normal,synthetic_rongorongo_like,
tablet_004,69,6,g012,g012,normal,synthetic_rongorongo_like,
tablet_004,69,7,g061,g061,normal,synthetic_rongorongo_like,
tablet_004,69,8,g005,g005,normal,synthetic_rongorongo_like,
tablet_004,69,9,g004,g004,normal,synthetic_rongorongo_like,
tablet_004,69,10,g063,g063,normal,synthetic_rongorongo_like,
tablet_004,69,11,g004,g004,normal,synthetic_rongorongo_like,
tablet_004,69,12,g004,g004,normal,synthetic_rongorongo_like,
tablet_004,69,13,g020,g020,normal,synthetic_rongorongo_like,
tablet_004,69,14,g061,g061,normal,synthetic_rongorongo_like,
tablet_004,69,15,g011,g011,normal,synthetic_rongorongo_like,
tablet_004,69,16,g011,g011,normal,synthetic_rongorongo_like,
tablet_004,69,17,g001,g001,normal,synthetic_rongorongo_like,
tablet_004,69,18,g001,g001,normal,synthetic_rongorongo_like,
tablet_004,69,19,g003,g003,normal,synthetic_rongorongo_like,
tablet_004,69,20,g021,g021,normal,synthetic_rongorongo_like,
tablet_004,69,21,g023,g023,normal,synthetic_rongorongo_like,
tablet_004,69,22,g022,g022,normal,synthetic_rongorongo_like,
tablet_004,69,23,g024,g024,normal,synthetic_rongorongo_like,
tablet_004,69,24,g021,g021,normal,synthetic_rongorongo_like,
tablet_004,69,25,g021,g021,normal,synthetic_rongorongo_like,
tablet_004,69,26,g021,g021,normal,synthetic_rongorongo_like,
tablet_004,69,27,g020,g020,normal,synthetic_rongorongo_like,
tablet_004,69,28,g020,g020,normal,synthetic_rongorongo_like,
tablet_004,69,29,g020,g020,normal,synthetic_rongorongo_like,
tablet_004,69,30,g011,g011,normal,synthetic_rongorongo_like,
tablet_004,69,31,g011,g011,normal,synthetic_rongorongo_like,
tablet_004,69,32,g025,g025,normal,synthetic_rongorongo_like,
tablet_004,69,33,g008,g008,normal,synthetic_rongorongo_like,
tablet_004,69,34,g005,g005,normal,synthetic_rongorongo_like,
tablet_004,69,35,g011,g011,normal,synthetic_rongorongo_like,
tablet_004,69,36,g001,g001,normal,synthetic_rongorongo_like,
tablet_004,69,37,g001,g001,normal,synthetic_rongorongo_like,
tablet_004,69,38,g067,g067,normal,synthetic_rongorongo_like,
tablet_004,69,39,g005,g005,normal,synthetic_rongorongo_like,
tablet_004,69,40,g061,g061,normal,synthetic_rongorongo_like,
tablet_004,70,1,g003,g003,normal,synthetic_rongorongo_like,
tablet_004,70,2,g001,g001,normal,synthetic_rongorongo_like,
tablet_004,70,3,g063,g063,normal,synthetic_rongorongo_like,
tablet_004,70,4,g028,g028,normal,synthetic_rongorongo_like,
tablet_004,70,5,g005,g005,normal,synthetic_rongorongo_like,
tablet_004,70,6,g021,g021,normal,synthetic_rongorongo_like,
tablet_004,70,7,g002,g002,normal,synthetic_rongorongo_like,
tablet_004,70,8,g021,g021,normal,synthetic_rongorongo_like,
tablet_004,70,9,g021,g021,normal,synthetic_rongorongo_like,
tablet_004,70,10,g021,g021,normal,synthetic_rongorongo_like,
tablet_004,70,11,g014,g014,normal,synthetic_rongorongo_like,
tablet_004,70,12,g005,g005,normal,synthetic_rongorongo_like,
tablet_004,70,13,g001,g001,normal,synthetic_rongorongo_like,
tablet_004,70,14,g022,g022,normal,synthetic_rongorongo_like,
tablet_004,70,15,g022,g022,normal,synthetic_rongorongo_like,
tablet_004,70,16,g063,g063,normal,synthetic_rongorongo_like,
tablet_004,70,17,g001,g001,normal,synthetic_rongorongo_like,
tablet_004,70,18,g001,g001,normal,synthetic_rongorongo_like,
tablet_004,70,19,g021,g021,normal,synthetic_rongorongo_like,
tablet_004,70,20,g021,g021,normal,synthetic_rongorongo_like,
tablet_004,70,21,g006,g006,normal,synthetic_rongorongo_like,
tablet_004,70,22,g064,g064,normal,synthetic_rongorongo_like,
tablet_004,70,23,g020,g020,normal,synthetic_rongorongo_like,
tablet_004,70,24,g006,g006,normal,synthetic_rongorongo_like,
tablet_004,70,25,g001,g001,normal,synthetic_rongorongo_like,
tablet_004,70,26,g012,g012,normal,synthetic_rongorongo_like,
tablet_004,70,27,g023,g023,normal,synthetic_rongorongo_like,
tablet_004,70,28,g021,g021,normal,synthetic_rongorongo_like,
tablet_004,70,29,g066,g066,normal,synthetic_rongorongo_like,
tablet_004,70,30,g003,g003,normal,synthetic_rongorongo_like,
tablet_004,70,31,g023,g023,normal,synthetic_rongorongo_like,
tablet_004,70,32,g002,g002,normal,synthetic_rongorongo_like,
tablet_004,70,33,g002,g002,normal,synthetic_rongorongo_like,
tablet_004,70,34,g061,g061,normal,synthetic_rongorongo_like,
tablet_004,70,35,g062,g062,normal,synthetic_rongorongo_like,
tablet_004,70,36,g021,g021,normal,synthetic_rongorongo_like,
tablet_004,70,37,g061,g061,normal,synthetic_rongorongo_like,
tablet_004,70,38,g061,g061,normal,synthetic_rongorongo_like,
tablet_004,70,39,g061,g061,normal,synthetic_rongorongo_like,
tablet_004,70,40,g005,g005,normal,synthetic_rongorongo_like,
tablet_004,71,1,g002,g002,normal,synthetic_rongorongo_like,
tablet_004,71,2,g030,g030,normal,synthetic_rongorongo_like,
tablet_004,71,3,g030,g030,normal,synthetic_rongorongo_like,
tablet_004,71,4,g030,g030,normal,synthetic_rongorongo_like,
tablet_004,71,5,g032,g032,normal,synthetic_rongorongo_like,
tablet_004,71,6,g061,g061,normal,synthetic_rongorongo_like,
tablet_004,71,7,g002,g002,normal,synthetic_rongorongo_like,
tablet_004,71,8,g001,g001,normal,synthetic_rongorongo_like,
tablet_004,71,9,g013,g013,normal,synthetic_rongorongo_like,
tablet_004,71,10,g004,g004,normal,synthetic_rongorongo_like,
tablet_004,71,11,g004,g004,normal,synthetic_rongorongo_like,
tablet_004,71,12,g038,g038,normal,synthetic_rongorongo_like,
tablet_004,71,13,g001,g001,normal,synthetic_rongorongo_like,
tablet_004,71,14,g002,g002,normal,synthetic_rongorongo_like,
tablet_004,71,15,g061,g061,normal,synthetic_rongorongo_like,
tablet_004,71,16,g002,g002,normal,synthetic_rongorongo_like,
tablet_004,71,17,g021,g021,normal,synthetic_rongorongo_like,
tablet_004,71,18,g021,g021,normal,synthetic_rongorongo_like,
tablet_004,71,19,g004,g004,normal,synthetic_rongorongo_like,
tablet_004,71,20,g002,g002,normal,synthetic_rongorongo_like,
tablet_004,71,21,g062,g062,normal,synthetic_rongorongo_like,
tablet_004,71,22,g002,g002,normal,synthetic_rongorongo_like,
tablet_004,71,23,g062,g062,normal,synthetic_rongorongo_like,
tablet_004,71,24,g001,g001,normal,synthetic_rongorongo_like,
tablet_004,71,25,g003,g003,normal,synthetic_rongorongo_like,
tablet_004,71,26,g061,g061,normal,synthetic_rongorongo_like,
tablet_004,71,27,g024,g024,normal,synthetic_rongorongo_like,
tablet_004,71,28,g016,g016,normal,synthetic_rongorongo_like,
tablet_004,71,29,g063,g063,normal,synthetic_rongorongo_like,
tablet_004,71,30,g103,g103,normal,synthetic_rongorongo_like,
tablet_004,71,31,g062,g062,normal,synthetic_rongorongo_like,
tablet_004,71,32,g009,g009,normal,synthetic_rongorongo_like,
tablet_004,71,33,g040,g040,normal,synthetic_rongorongo_like,
tablet_004,71,34,g075,g075,normal,synthetic_rongorongo_like,
tablet_004,71,35,g075,g075,normal,synthetic_rongorongo_like,
tablet_004,71,36,g075,g075,normal,synthetic_rongorongo_like,
tablet_004,71,37,g021,g021,normal,synthetic_rongorongo_like,
tablet_004,71,38,g029,g029,normal,synthetic_rongorongo_like,
tablet_004,71,39,g029,g029,normal,synthetic_rongorongo_like,
tablet_004,71,40,g001,g001,normal,synthetic_rongorongo_like,
tablet_004,72,1,g061,g061,normal,synthetic_rongorongo_like,
tablet_004,72,2,g009,g009,normal,synthetic_rongorongo_like,
tablet_004,72,3,g065,g065,normal,synthetic_rongorongo_like,
tablet_004,72,4,g014,g014,normal,synthetic_rongorongo_like,
tablet_004,72,5,g061,g061,normal,synthetic_rongorongo_like,
tablet_004,72,6,g002,g002,normal,synthetic_rongorongo_like,
tablet_004,72,7,g001,g001,normal,synthetic_rongorongo_like,
tablet_004,72,8,g002,g002,normal,synthetic_rongorongo_like,
tablet_004,72,9,g002,g002,normal,synthetic_rongorongo_like,
tablet_004,72,10,g002,g002,normal,synthetic_rongorongo_like,
tablet_004,72,11,g001,g001,normal,synthetic_rongorongo_like,
tablet_004,72,12,g009,g009,normal,synthetic_rongorongo_like,
tablet_004,72,13,g022,g022,normal,synthetic_rongorongo_like,
tablet_004,72,14,g061,g061,normal,synthetic_rongorongo_like,
tablet_004,72,15,g061,g061,normal,synthetic_rongorongo_like,
tablet_004,72,16,g008,g008,normal,synthetic_rongorongo_like,
tablet_004,72,17,g002,g002,normal,synthetic_rongorongo_like,
tablet_004,72,18,g001,g001,normal,synthetic_rongorongo_like,
tablet_004,72,19,g007,g007,normal,synthetic_rongorongo_like,
tablet_004,72,20,g016,g016,normal,synthetic_rongorongo_like,
tablet_004,72,21,g016,g016,normal,synthetic_rongorongo_like,
tablet_004,72,22,g006,g006,normal,synthetic_rongorongo_like,
tablet_004,72,23,g025,g025,normal,synthetic_rongorongo_like,
tablet_004,72,24,g064,g064,normal,synthetic_rongorongo_like,
tablet_004,72,25,g021,g021,normal,synthetic_rongorongo_like,
tablet_004,72,26,g021,g021,normal,synthetic_rongorongo_like,
tablet_004,72,27,g021,g021,normal,synthetic_rongorongo_like,
tablet_004,72,28,g061,g061,normal,synthetic_rongorongo_like,
tablet_004,72,29,g006,g006,normal,synthetic_rongorongo_like,
tablet_004,72,30,g009,g009,normal,synthetic_rongorongo_like,
tablet_004,72,31,g002,g002,normal,synthetic_rongorongo_like,
tablet_004,72,32,g007,g007,normal,synthetic_rongorongo_like,
tablet_004,72,33,g007,g007,normal,synthetic_rongorongo_like,
tablet_004,72,34,g007,g007,normal,synthetic_rongorongo_like,
tablet_004,72,35,g025,g025,normal,synthetic_rongorongo_like,
tablet_004,72,36,g001,g001,normal,synthetic_rongorongo_like,
tablet_004,72,37,g001,g001,normal,synthetic_rongorongo_like,
tablet_004,72,38,g002,g002,normal,synthetic_rongorongo_like,
tablet_004,72,39,g031,g031,normal,synthetic_rongorongo_like,
tablet_004,72,40,g003,g003,normal,synthetic_rongorongo_like,
tablet_004,73,1,g023,g023,normal,synthetic_rongorongo_like,
tablet_004,73,2,g021,g021,normal,synthetic_rongorongo_like,
tablet_004,73,3,g065,g065,normal,synthetic_rongorongo_like,
tablet_004,73,4,g026,g026,normal,synthetic_rongorongo_like,
tablet_004,73,5,g026,g026,normal,synthetic_rongorongo_like,
tablet_004,73,6,g026,g026,normal,synthetic_rongorongo_like,
tablet_004,73,7,g001,g001,normal,synthetic_rongorongo_like,
tablet_004,73,8,g061,g061,normal,synthetic_rongorongo_like,
tablet_004,73,9,g030,g030,normal,synthetic_rongorongo_like,
tablet_004,73,10,g021,g021,normal,synthetic_rongorongo_like,
tablet_004,73,11,g013,g013,normal,synthetic_rongorongo_like,
tablet_004,73,12,g001,g001,normal,synthetic_rongorongo_like,
tablet_004,73,13,g001,g001,normal,synthetic_rongorongo_like,
tablet_004,73,14,g003,g003,normal,synthetic_rongorongo_like,
tablet_004,73,15,g003,g003,normal,synthetic_rongorongo_like,
tablet_004,73,16,g003,g003,normal,synthetic_rongorongo_like,
tablet_004,73,17,g003,g003,normal,synthetic_rongorongo_like,
tablet_004,73,18,g003,g003,normal,synthetic_rongorongo_like,
tablet_004,73,19,g003,g003,normal,synthetic_rongorongo_like,
tablet_004,73,20,g003,g003,normal,synthetic_rongorongo_like,
tablet_004,73,21,g003,g003,normal,synthetic_rongorongo_like,
tablet_004,73,22,g021,g021,normal,synthetic_rongorongo_like,
tablet_004,73,23,g030,g030,normal,synthetic_rongorongo_like,
tablet_004,73,24,g037,g037,normal,synthetic_rongorongo_like,
tablet_004,73,25,g037,g037,normal,synthetic_rongorongo_like,
tablet_004,73,26,g026,g026,normal,synthetic_rongorongo_like,
tablet_004,73,27,g026,g026,normal,synthetic_rongorongo_like,
tablet_004,73,28,g022,g022,normal,synthetic_rongorongo_like,
tablet_004,73,29,g043,g043,normal,synthetic_rongorongo_like,
tablet_004,73,30,g043,g043,normal,synthetic_rongorongo_like,
tablet_004,73,31,g043,g043,normal,synthetic_rongorongo_like,
tablet_004,73,32,g003,g003,normal,synthetic_rongorongo_like,
tablet_004,73,33,g001,g001,normal,synthetic_rongorongo_like,
tablet_004,73,34,g001,g001,normal,synthetic_rongorongo_like,
tablet_004,73,35,g001,g001,normal,synthetic_rongorongo_like,
tablet_004,73,36,g021,g021,normal,synthetic_rongorongo_like,
tablet_004,73,37,g002,g002,normal,synthetic_rongorongo_like,
tablet_004,73,38,g020,g020,normal,synthetic_rongorongo_like,
tablet_004,73,39,g061,g061,normal,synthetic_rongorongo_like,
tablet_004,73,40,g001,g001,normal,synthetic_rongorongo_like,
tablet_004,74,1,g006,g006,normal,synthetic_rongorongo_like,
tablet_004,74,2,g001,g001,normal,synthetic_rongorongo_like,
tablet_004,74,3,g061,g061,normal,synthetic_rongorongo_like,
tablet_004,74,4,g078,g078,normal,synthetic_rongorongo_like,
tablet_004,74,5,g031,g031,normal,synthetic_rongorongo_like,
tablet_004,74,6,g001,g001,normal,synthetic_rongorongo_like,
tablet_004,74,7,g081,g081,normal,synthetic_rongorongo_like,
tablet_004,74,8,g007,g007,normal,synthetic_rongorongo_like,
tablet_004,74,9,g061,g061,normal,synthetic_rongorongo_like,
tablet_004,74,10,g001,g001,normal,synthetic_rongorongo_like,
tablet_004,74,11,g063,g063,normal,synthetic_rongorongo_like,
tablet_004,74,12,g002,g002,normal,synthetic_rongorongo_like,
tablet_004,74,13,g023,g023,normal,synthetic_rongorongo_like,
tablet_004,74,14,g023,g023,normal,synthetic_rongorongo_like,
tablet_004,74,15,g062,g062,normal,synthetic_rongorongo_like,
tablet_004,74,16,g024,g024,normal,synthetic_rongorongo_like,
tablet_004,74,17,g003,g003,normal,synthetic_rongorongo_like,
tablet_004,74,18,g002,g002,normal,synthetic_rongorongo_like,
tablet_004,74,19,g001,g001,normal,synthetic_rongorongo_like,
tablet_004,74,20,g001,g001,normal,synthetic_rongorongo_like,
tablet_004,74,21,g001,g001,normal,synthetic_rongorongo_like,
tablet_004,74,22,g021,g021,normal,synthetic_rongorongo_like,
tablet_004,74,23,g001,g001,normal,synthetic_rongorongo_like,
tablet_004,74,24,g001,g001,normal,synthetic_rongorongo_like,
tablet_004,74,25,g001,g001,normal,synthetic_rongorongo_like,
tablet_004,74,26,g001,g001,normal,synthetic_rongorongo_like,
tablet_004,74,27,g022,g022,normal,synthetic_rongorongo_like,
tablet_004,74,28,g022,g022,normal,synthetic_rongorongo_like,
tablet_004,74,29,g002,g002,normal,synthetic_rongorongo_like,
tablet_004,74,30,g004,g004,normal,synthetic_rongorongo_like,
tablet_004,74,31,g027,g027,normal,synthetic_rongorongo_like,
tablet_004,74,32,g003,g003,normal,synthetic_rongorongo_like,
tablet_004,74,33,g023,g023,normal,synthetic_rongorongo_like,
tablet_004,74,34,g004,g004,normal,synthetic_rongorongo_like,
tablet_004,74,35,g035,g035,normal,synthetic_rongorongo_like,
tablet_004,74,36,g026,g026,normal,synthetic_rongorongo_like,
tablet_004,74,37,g048,g048,normal,synthetic_rongorongo_like,
tablet_004,74,38,g005,g005,normal,synthetic_rongorongo_like,
tablet_004,74,39,g061,g061,normal,synthetic_rongorongo_like,
tablet_004,74,40,g031,g031,normal,synthetic_rongorongo_like,
tablet_004,75,1,g023,g023,normal,synthetic_rongorongo_like,
tablet_004,75,2,g001,g001,normal,synthetic_rongorongo_like,
tablet_004,75,3,g001,g001,normal,synthetic_rongorongo_like,
tablet_004,75,4,g001,g001,normal,synthetic_rongorongo_like,
tablet_004,75,5,g001,g001,normal,synthetic_rongorongo_like,
tablet_004,75,6,g021,g021,normal,synthetic_rongorongo_like,
tablet_004,75,7,g021,g021,normal,synthetic_rongorongo_like,
tablet_004,75,8,g002,g002,normal,synthetic_rongorongo_like,
tablet_004,75,9,g068,g068,normal,synthetic_rongorongo_like,
tablet_004,75,10,g068,g068,normal,synthetic_rongorongo_like,
tablet_004,75,11,g021,g021,normal,synthetic_rongorongo_like,
tablet_004,75,12,g021,g021,normal,synthetic_rongorongo_like,
tablet_004,75,13,g052,g052,normal,synthetic_rongorongo_like,
tablet_004,75,14,g006,g006,normal,synthetic_rongorongo_like,
tablet_004,75,15,g021,g021,normal,synthetic_rongorongo_like,
tablet_004,75,16,g001,g001,normal,synthetic_rongorongo_like,
tablet_004,75,17,g004,g004,normal,synthetic_rongorongo_like,
tablet_004,75,18,g008,g008,normal,synthetic_rongorongo_like,
tablet_004,75,19,g013,g013,normal,synthetic_rongorongo_like,
tablet_004,75,20,g013,g013,normal,synthetic_rongorongo_like,
tablet_004,75,21,g001,g001,normal,synthetic_rongorongo_like,
tablet_004,75,22,g073,g073,normal,synthetic_rongorongo_like,
tablet_004,75,23,g001,g001,normal,synthetic_rongorongo_like,
tablet_004,75,24,g023,g023,normal,synthetic_rongorongo_like,
tablet_004,75,25,g061,g061,normal,synthetic_rongorongo_like,
tablet_004,75,26,g008,g008,normal,synthetic_rongorongo_like,
tablet_004,75,27,g008,g008,normal,synthetic_rongorongo_like,
tablet_004,75,28,g021,g021,normal,synthetic_rongorongo_like,
tablet_004,75,29,g021,g021,normal,synthetic_rongorongo_like,
tablet_004,75,30,g002,g002,normal,synthetic_rongorongo_like,
tablet_004,75,31,g002,g002,normal,synthetic_rongorongo_like,
tablet_004,75,32,g062,g062,normal,synthetic_rongorongo_like,
tablet_004,75,33,g035,g035,normal,synthetic_rongorongo_like,
tablet_004,75,34,g009,g009,normal,synthetic_rongorongo_like,
tablet_004,75,35,g016,g016,normal,synthetic_rongorongo_like,
tablet_004,75,36,g011,g011,normal,synthetic_rongorongo_like,
tablet_004,75,37,g030,g030,normal,synthetic_rongorongo_like,
tablet_004,75,38,g088,g088,normal,synthetic_rongorongo_like,
tablet_004,75,39,g021,g021,normal,synthetic_rongorongo_like,
tablet_004,75,40,g062,g062,normal,synthetic_rongorongo_like,
tablet_004,76,1,g002,g002,normal,synthetic_rongorongo_like,
tablet_004,76,2,g023,g023,normal,synthetic_rongorongo_like,
tablet_004,76,3,g003,g003,normal,synthetic_rongorongo_like,
tablet_004,76,4,g022,g022,normal,synthetic_rongorongo_like,
tablet_004,76,5,g009,g009,normal,synthetic_rongorongo_like,
tablet_004,76,6,g001,g001,normal,synthetic_rongorongo_like,
tablet_004,76,7,g001,g001,normal,synthetic_rongorongo_like,
tablet_004,76,8,g021,g021,normal,synthetic_rongorongo_like,
tablet_004,76,9,g021,g021,normal,synthetic_rongorongo_like,
tablet_004,76,10,g021,g021,normal,synthetic_rongorongo_like,
tablet_004,76,11,g013,g013,normal,synthetic_rongorongo_like,
tablet_004,76,12,g021,g021,normal,synthetic_rongorongo_like,
tablet_004,76,13,g021,g021,normal,synthetic_rongorongo_like,
tablet_004,76,14,g062,g062,normal,synthetic_rongorongo_like,
tablet_004,76,15,g062,g062,normal,synthetic_rongorongo_like,
tablet_004,76,16,g062,g062,normal,synthetic_rongorongo_like,
tablet_004,76,17,g001,g001,normal,synthetic_rongorongo_like,
tablet_004,76,18,g071,g071,normal,synthetic_rongorongo_like,
tablet_004,76,19,g017,g017,normal,synthetic_rongorongo_like,
tablet_004,76,20,g017,g017,normal,synthetic_rongorongo_like,
tablet_004,76,21,g022,g022,normal,synthetic_rongorongo_like,
tablet_004,76,22,g021,g021,normal,synthetic_rongorongo_like,
tablet_004,76,23,g021,g021,normal,synthetic_rongorongo_like,
tablet_004,76,24,g002,g002,normal,synthetic_rongorongo_like,
tablet_004,76,25,g061,g061,normal,synthetic_rongorongo_like,
tablet_004,76,26,g061,g061,normal,synthetic_rongorongo_like,
tablet_004,76,27,g061,g061,normal,synthetic_rongorongo_like,
tablet_004,76,28,g021,g021,normal,synthetic_rongorongo_like,
tablet_004,76,29,g026,g026,normal,synthetic_rongorongo_like,
tablet_004,76,30,g002,g002,normal,synthetic_rongorongo_like,
tablet_004,76,31,g002,g002,normal,synthetic_rongorongo_like,
tablet_004,76,32,g001,g001,normal,synthetic_rongorongo_like,
tablet_004,76,33,g061,g061,normal,synthetic_rongorongo_like,
tablet_004,76,34,g061,g061,normal,synthetic_rongorongo_like,
tablet_004,76,35,g022,g022,normal,synthetic_rongorongo_like,
tablet_004,76,36,g061,g061,normal,synthetic_rongorongo_like,
tablet_004,76,37,g061,g061,normal,synthetic_rongorongo_like,
tablet_004,76,38,g061,g061,normal,synthetic_rongorongo_like,
tablet_004,76,39,g013,g013,normal,synthetic_rongorongo_like,
tablet_004,76,40,g021,g021,normal,synthetic_rongorongo_like,
tablet_004,77,1,g001,g001,normal,synthetic_rongorongo_like,
tablet_004,77,2,g022,g022,normal,synthetic_rongorongo_like,
tablet_004,77,3,g022,g022,normal,synthetic_rongorongo_like,
tablet_004,77,4,g002,g002,normal,synthetic_rongorongo_like,
tablet_004,77,5,g001,g001,normal,synthetic_rongorongo_like,
tablet_004,77,6,g061,g061,normal,synthetic_rongorongo_like,
tablet_004,77,7,g025,g025,normal,synthetic_rongorongo_like,
tablet_004,77,8,g025,g025,normal,synthetic_rongorongo_like,
tablet_004,77,9,g003,g003,normal,synthetic_rongorongo_like,
tablet_004,77,10,g011,g011,normal,synthetic_rongorongo_like,
tablet_004,77,11,g025,g025,normal,synthetic_rongorongo_like,
tablet_004,77,12,g025,g025,normal,synthetic_rongorongo_like,
tablet_004,77,13,g001,g001,normal,synthetic_rongorongo_like,
tablet_004,77,14,g001,g001,normal,synthetic_rongorongo_like,
tablet_004,77,15,g061,g061,normal,synthetic_rongorongo_like,
tablet_004,77,16,g022,g022,normal,synthetic_rongorongo_like,
tablet_004,77,17,g022,g022,normal,synthetic_rongorongo_like,
tablet_004,77,18,g022,g022,normal,synthetic_rongorongo_like,
tablet_004,77,19,g066,g066,normal,synthetic_rongorongo_like,
tablet_004,77,20,g001,g001,normal,synthetic_rongorongo_like,
tablet_004,77,21,g006,g006,normal,synthetic_rongorongo_like,
tablet_004,77,22,g001,g001,normal,synthetic_rongorongo_like,
tablet_004,77,23,g006,g006,normal,synthetic_rongorongo_like,
tablet_004,77,24,g085,g085,normal,synthetic_rongorongo_like,
tablet_004,77,25,g001,g001,normal,synthetic_rongorongo_like,
tablet_004,77,26,g061,g061,normal,synthetic_rongorongo_like,
tablet_004,77,27,g062,g062,normal,synthetic_rongorongo_like,
tablet_004,77,28,g038,g038,normal,synthetic_rongorongo_like,
tablet_004,77,29,g021,g021,normal,synthetic_rongorongo_like,
tablet_004,77,30,g021,g021,normal,synthetic_rongorongo_like,
tablet_004,77,31,g001,g001,normal,synthetic_rongorongo_like,
tablet_004,77,32,g061,g061,normal,synthetic_rongorongo_like,
tablet_004,77,33,g062,g062,normal,synthetic_rongorongo_like,
tablet_004,77,34,g006,g006,normal,synthetic_rongorongo_like,
tablet_004,77,35,g027,g027,normal,synthetic_rongorongo_like,
tablet_004,77,36,g021,g021,normal,synthetic_rongorongo_like,
tablet_004,77,37,g021,g021,normal,synthetic_rongorongo_like,
tablet_004,77,38,g021,g021,normal,synthetic_rongorongo_like,
tablet_004,77,39,g012,g012,normal,synthetic_rongorongo_like,
tablet_004,77,40,g026,g026,normal,synthetic_rongorongo_like,
tablet_004,78,1,g001,g001,normal,synthetic_rongorongo_like,
tablet_004,78,2,g001,g001,normal,synthetic_rongorongo_like,
tablet_004,78,3,g001,g001,normal,synthetic_rongorongo_like,
tablet_004,78,4,g004,g004,normal,synthetic_rongorongo_like,
tablet_004,78,5,g061,g061,normal,synthetic_rongorongo_like,
tablet_004,78,6,g002,g002,normal,synthetic_rongorongo_like,
tablet_004,78,7,g003,g003,normal,synthetic_rongorongo_like,
tablet_004,78,8,g003,g003,normal,synthetic_rongorongo_like,
tablet_004,78,9,g001,g001,normal,synthetic_rongorongo_like,
tablet_004,78,10,g022,g022,normal,synthetic_rongorongo_like,
tablet_004,78,11,g002,g002,normal,synthetic_rongorongo_like,
tablet_004,78,12,g023,g023,normal,synthetic_rongorongo_like,
tablet_004,78,13,g111,g111,normal,synthetic_rongorongo_like,
tablet_004,78,14,g021,g021,normal,synthetic_rongorongo_like,
tablet_004,78,15,g014,g014,normal,synthetic_rongorongo_like,
tablet_004,78,16,g021,g021,normal,synthetic_rongorongo_like,
tablet_004,78,17,g021,g021,normal,synthetic_rongorongo_like,
tablet_004,78,18,g024,g024,normal,synthetic_rongorongo_like,
tablet_004,78,19,g061,g061,normal,synthetic_rongorongo_like,
tablet_004,78,20,g009,g009,normal,synthetic_rongorongo_like,
tablet_004,78,21,g009,g009,normal,synthetic_rongorongo_like,
tablet_004,78,22,g077,g077,normal,synthetic_rongorongo_like,
tablet_004,78,23,g015,g015,normal,synthetic_rongorongo_like,
tablet_004,78,24,g063,g063,normal,synthetic_rongorongo_like,
tablet_004,78,25,g062,g062,normal,synthetic_rongorongo_like,
tablet_004,78,26,g062,g062,normal,synthetic_rongorongo_like,
tablet_004,78,27,g062,g062,normal,synthetic_rongorongo_like,
tablet_004,78,28,g001,g001,normal,synthetic_rongorongo_like,
tablet_004,78,29,g001,g001,normal,synthetic_rongorongo_like,
tablet_004,78,30,g021,g021,normal,synthetic_rongorongo_like,
tablet_004,78,31,g062,g062,normal,synthetic_rongorongo_like,
tablet_004,78,32,g002,g002,normal,synthetic_rongorongo_like,
tablet_004,78,33,g002,g002,normal,synthetic_rongorongo_like,
tablet_004,78,34,g033,g033,normal,synthetic_rongorongo_like,
tablet_004,78,35,g003,g003,normal,synthetic_rongorongo_like,
tablet_004,78,36,g003,g003,normal,synthetic_rongorongo_like,
tablet_004,78,37,g061,g061,normal,synthetic_rongorongo_like,
tablet_004,78,38,g061,g061,normal,synthetic_rongorongo_like,
tablet_004,78,39,g021,g021,normal,synthetic_rongorongo_like,
tablet_004,78,40,g002,g002,normal,synthetic_rongorongo_like,
tablet_004,79,1,g022,g022,normal,synthetic_rongorongo_like,
tablet_004,79,2,g008,g008,normal,synthetic_rongorongo_like,
tablet_004,79,3,g001,g001,normal,synthetic_rongorongo_like,
tablet_004,79,4,g066,g066,normal,synthetic_rongorongo_like,
tablet_004,79,5,g066,g066,normal,synthetic_rongorongo_like,
tablet_004,79,6,g030,g030,normal,synthetic_rongorongo_like,
tablet_004,79,7,g030,g030,normal,synthetic_rongorongo_like,
tablet_004,79,8,g062,g062,normal,synthetic_rongorongo_like,
tablet_004,79,9,g001,g001,normal,synthetic_rongorongo_like,
tablet_004,79,10,g061,g061,normal,synthetic_rongorongo_like,
tablet_004,79,11,g062,g062,normal,synthetic_rongorongo_like,
tablet_004,79,12,g021,g021,normal,synthetic_rongorongo_like,
tablet_004,79,13,g009,g009,normal,synthetic_rongorongo_like,
tablet_004,79,14,g008,g008,normal,synthetic_rongorongo_like,
tablet_004,79,15,g008,g008,normal,synthetic_rongorongo_like,
tablet_004,79,16,g021,g021,normal,synthetic_rongorongo_like,
tablet_004,79,17,g061,g061,normal,synthetic_rongorongo_like,
tablet_004,79,18,g001,g001,normal,synthetic_rongorongo_like,
tablet_004,79,19,g023,g023,normal,synthetic_rongorongo_like,
tablet_004,79,20,g065,g065,normal,synthetic_rongorongo_like,
tablet_004,79,21,g064,g064,normal,synthetic_rongorongo_like,
tablet_004,79,22,g064,g064,normal,synthetic_rongorongo_like,
tablet_004,79,23,g021,g021,normal,synthetic_rongorongo_like,
tablet_004,79,24,g021,g021,normal,synthetic_rongorongo_like,
tablet_004,79,25,g046,g046,normal,synthetic_rongorongo_like,
tablet_004,79,26,g008,g008,normal,synthetic_rongorongo_like,
tablet_004,79,27,g010,g010,normal,synthetic_rongorongo_like,
tablet_004,79,28,g023,g023,normal,synthetic_rongorongo_like,
tablet_004,79,29,g061,g061,normal,synthetic_rongorongo_like,
tablet_004,79,30,g011,g011,normal,synthetic_rongorongo_like,
tablet_004,79,31,g021,g021,normal,synthetic_rongorongo_like,
tablet_004,79,32,g002,g002,normal,synthetic_rongorongo_like,
tablet_004,79,33,g002,g002,normal,synthetic_rongorongo_like,
tablet_004,79,34,g002,g002,normal,synthetic_rongorongo_like,
tablet_004,79,35,g002,g002,normal,synthetic_rongorongo_like,
tablet_004,79,36,g006,g006,normal,synthetic_rongorongo_like,
tablet_004,79,37,g022,g022,normal,synthetic_rongorongo_like,
tablet_004,79,38,g011,g011,normal,synthetic_rongorongo_like,
tablet_004,79,39,g021,g021,normal,synthetic_rongorongo_like,
tablet_004,79,40,g021,g021,normal,synthetic_rongorongo_like,
tablet_004,80,1,g025,g025,normal,synthetic_rongorongo_like,
tablet_004,80,2,g025,g025,normal,synthetic_rongorongo_like,
tablet_004,80,3,g001,g001,normal,synthetic_rongorongo_like,
tablet_004,80,4,g001,g001,normal,synthetic_rongorongo_like,
tablet_004,80,5,g001,g001,normal,synthetic_rongorongo_like,
tablet_004,80,6,g002,g002,normal,synthetic_rongorongo_like,
tablet_004,80,7,g062,g062,normal,synthetic_rongorongo_like,
tablet_004,80,8,g023,g023,normal,synthetic_rongorongo_like,
tablet_004,80,9,g063,g063,normal,synthetic_rongorongo_like,
tablet_004,80,10,g012,g012,normal,synthetic_rongorongo_like,
tablet_004,80,11,g012,g012,normal,synthetic_rongorongo_like,
tablet_004,80,12,g004,g004,normal,synthetic_rongorongo_like,
tablet_004,80,13,g076,g076,normal,synthetic_rongorongo_like,
tablet_004,80,14,g011,g011,normal,synthetic_rongorongo_like,
tablet_004,80,15,g003,g003,normal,synthetic_rongorongo_like,
tablet_004,80,16,g062,g062,normal,synthetic_rongorongo_like,
tablet_004,80,17,g061,g061,normal,synthetic_rongorongo_like,
tablet_004,80,18,g001,g001,normal,synthetic_rongorongo_like,
tablet_004,80,19,g002,g002,normal,synthetic_rongorongo_like,
tablet_004,80,20,g027,g027,normal,synthetic_rongorongo_like,
tablet_004,80,21,g027,g027,normal,synthetic_rongorongo_like,
tablet_004,80,22,g062,g062,normal,synthetic_rongorongo_like,
tablet_004,80,23,g061,g061,normal,synthetic_rongorongo_like,
tablet_004,80,24,g063,g063,normal,synthetic_rongorongo_like,
tablet_004,80,25,g011,g011,normal,synthetic_rongorongo_like,
tablet_004,80,26,g001,g001,normal,synthetic_rongorongo_like,
tablet_004,80,27,g022,g022,normal,synthetic_rongorongo_like,
tablet_004,80,28,g022,g022,normal,synthetic_rongorongo_like,
tablet_004,80,29,g063,g063,normal,synthetic_rongorongo_like,
tablet_004,80,30,g060,g060,normal,synthetic_rongorongo_like,
tablet_004,80,31,g034,g034,normal,synthetic_rongorongo_like,
tablet_004,80,32,g034,g034,normal,synthetic_rongorongo_like,
tablet_004,80,33,g004,g004,normal,synthetic_rongorongo_like,
tablet_004,80,34,g006,g006,normal,synthetic_rongorongo_like,
tablet_004,80,35,g001,g001,normal,synthetic_rongorongo_like,
tablet_004,80,36,g001,g001,normal,synthetic_rongorongo_like,
tablet_004,80,37,g026,g026,normal,synthetic_rongorongo_like,
tablet_004,80,38,g023,g023,normal,synthetic_rongorongo_like,
tablet_004,80,39,g023,g023,normal,synthetic_rongorongo_like,
tablet_004,80,40,g006,g006,normal,synthetic_rongorongo_like,
tablet_005,81,1,g021,g021,normal,synthetic_rongorongo_like,
tablet_005,81,2,g062,g062,normal,synthetic_rongorongo_like,
tablet_005,81,3,g022,g022,normal,synthetic_rongorongo_like,
tablet_005,81,4,g022,g022,normal,synthetic_rongorongo_like,
tablet_005,81,5,g001,g001,normal,synthetic_rongorongo_like,
tablet_005,81,6,g015,g015,normal,synthetic_rongorongo_like,
tablet_005,81,7,g003,g003,normal,synthetic_rongorongo_like,
tablet_005,81,8,g071,g071,normal,synthetic_rongorongo_like,
tablet_005,81,9,g061,g061,normal,synthetic_rongorongo_like,
tablet_005,81,10,g004,g004,normal,synthetic_rongorongo_like,
tablet_005,81,11,g004,g004,normal,synthetic_rongorongo_like,
tablet_005,81,12,g004,g004,normal,synthetic_rongorongo_like,
tablet_005,81,13,g022,g022,normal,synthetic_rongorongo_like,
tablet_005,81,14,g024,g024,normal,synthetic_rongorongo_like,
tablet_005,81,15,g023,g023,normal,synthetic_rongorongo_like,
tablet_005,81,16,g021,g021,normal,synthetic_rongorongo_like,
tablet_005,81,17,g002,g002,normal,synthetic_rongorongo_like,
tablet_005,81,18,g023,g023,normal,synthetic_rongorongo_like,
tablet_005,81,19,g093,g093,normal,synthetic_rongorongo_like,
tablet_005,81,20,g003,g003,normal,synthetic_rongorongo_like,
tablet_005,81,21,g061,g061,normal,synthetic_rongorongo_like,
tablet_005,81,22,g021,g021,normal,synthetic_rongorongo_like,
tablet_005,81,23,g021,g021,normal,synthetic_rongorongo_like,
tablet_005,81,24,g021,g021,normal,synthetic_rongorongo_like,
tablet_005,81,25,g001,g001,normal,synthetic_rongorongo_like,
tablet_005,81,26,g001,g001,normal,synthetic_rongorongo_like,
tablet_005,81,27,g003,g003,normal,synthetic_rongorongo_like,
tablet_005,81,28,g021,g021,normal,synthetic_rongorongo_like,
tablet_005,81,29,g007,g007,normal,synthetic_rongorongo_like,
tablet_005,81,30,g022,g022,normal,synthetic_rongorongo_like,
tablet_005,81,31,g003,g003,normal,synthetic_rongorongo_like,
tablet_005,81,32,g003,g003,normal,synthetic_rongorongo_like,
tablet_005,81,33,g003,g003,normal,synthetic_rongorongo_like,
tablet_005,81,34,g070,g070,normal,synthetic_rongorongo_like,
tablet_005,81,35,g001,g001,normal,synthetic_rongorongo_like,
tablet_005,81,36,g069,g069,normal,synthetic_rongorongo_like,
tablet_005,81,37,g069,g069,normal,synthetic_rongorongo_like,
tablet_005,81,38,g001,g001,normal,synthetic_rongorongo_like,
tablet_005,81,39,g001,g001,normal,synthetic_rongorongo_like,
tablet_005,81,40,g003,g003,normal,synthetic_rongorongo_like,
tablet_005,82,1,g003,g003,normal,synthetic_rongorongo_like,
tablet_005,82,2,g023,g023,normal,synthetic_rongorongo_like,
tablet_005,82,3,g025,g025,normal,synthetic_rongorongo_like,
tablet_005,82,4,g025,g025,normal,synthetic_rongorongo_like,
tablet_005,82,5,g021,g021,normal,synthetic_rongorongo_like,
tablet_005,82,6,g001,g001,normal,synthetic_rongorongo_like,
tablet_005,82,7,g001,g001,normal,synthetic_rongorongo_like,
tablet_005,82,8,g001,g001,normal,synthetic_rongorongo_like,
tablet_005,82,9,g001,g001,normal,synthetic_rongorongo_like,
tablet_005,82,10,g021,g021,normal,synthetic_rongorongo_like,
tablet_005,82,11,g021,g021,normal,synthetic_rongorongo_like,
tablet_005,82,12,g021,g021,normal,synthetic_rongorongo_like,
tablet_005,82,13,g001,g001,normal,synthetic_rongorongo_like,
tablet_005,82,14,g065,g065,normal,synthetic_rongorongo_like,
tablet_005,82,15,g001,g001,normal,synthetic_rongorongo_like,
tablet_005,82,16,g022,g022,normal,synthetic_rongorongo_like,
tablet_005,82,17,g002,g002,normal,synthetic_rongorongo_like,
tablet_005,82,18,g007,g007,normal,synthetic_rongorongo_like,
tablet_005,82,19,g002,g002,normal,synthetic_rongorongo_like,
tablet_005,82,20,g002,g002,normal,synthetic_rongorongo_like,
tablet_005,82,21,g002,g002,normal,synthetic_rongorongo_like,
tablet_005,82,22,g003,g003,normal,synthetic_rongorongo_like,
tablet_005,82,23,g001,g001,normal,synthetic_rongorongo_like,
tablet_005,82,24,g021,g021,normal,synthetic_rongorongo_like,
tablet_005,82,25,g021,g021,normal,synthetic_rongorongo_like,
tablet_005,82,26,g061,g061,normal,synthetic_rongorongo_like,
tablet_005,82,27,g001,g001,normal,synthetic_rongorongo_like,
tablet_005,82,28,g001,g001,normal,synthetic_rongorongo_like,
tablet_005,82,29,g002,g002,normal,synthetic_rongorongo_like,
tablet_005,82,30,g023,g023,normal,synthetic_rongorongo_like,
tablet_005,82,31,g003,g003,normal,synthetic_rongorongo_like,
tablet_005,82,32,g026,g026,normal,synthetic_rongorongo_like,
tablet_005,82,33,g026,g026,normal,synthetic_rongorongo_like,
tablet_005,82,34,g001,g001,normal,synthetic_rongorongo_like,
tablet_005,82,35,g001,g001,normal,synthetic_rongorongo_like,
tablet_005,82,36,g005,g005,normal,synthetic_rongorongo_like,
tablet_005,82,37,g005,g005,normal,synthetic_rongorongo_like,
tablet_005,82,38,g002,g002,normal,synthetic_rongorongo_like,
tablet_005,82,39,g021,g021,normal,synthetic_rongorongo_like,
tablet_005,82,40,g065,g065,normal,synthetic_rongorongo_like,
tablet_005,83,1,g001,g001,normal,synthetic_rongorongo_like,
tablet_005,83,2,g012,g012,normal,synthetic_rongorongo_like,
tablet_005,83,3,g012,g012,normal,synthetic_rongorongo_like,
tablet_005,83,4,g012,g012,normal,synthetic_rongorongo_like,
tablet_005,83,5,g021,g021,normal,synthetic_rongorongo_like,
tablet_005,83,6,g011,g011,normal,synthetic_rongorongo_like,
tablet_005,83,7,g001,g001,normal,synthetic_rongorongo_like,
tablet_005,83,8,g001,g001,normal,synthetic_rongorongo_like,
tablet_005,83,9,g078,g078,normal,synthetic_rongorongo_like,
tablet_005,83,10,g004,g004,normal,synthetic_rongorongo_like,
tablet_005,83,11,g021,g021,normal,synthetic_rongorongo_like,
tablet_005,83,12,g061,g061,normal,synthetic_rongorongo_like,
tablet_005,83,13,g013,g013,normal,synthetic_rongorongo_like,
tablet_005,83,14,g022,g022,normal,synthetic_rongorongo_like,
tablet_005,83,15,g021,g021,normal,synthetic_rongorongo_like,
tablet_005,83,16,g021,g021,normal,synthetic_rongorongo_like,
tablet_005,83,17,g061,g061,normal,synthetic_rongorongo_like,
tablet_005,83,18,g008,g008,normal,synthetic_rongorongo_like,
tablet_005,83,19,g042,g042,normal,synthetic_rongorongo_like,
tablet_005,83,20,g024,g024,normal,synthetic_rongorongo_like,
tablet_005,83,21,g024,g024,normal,synthetic_rongorongo_like,
tablet_005,83,22,g024,g024,normal,synthetic_rongorongo_like,
tablet_005,83,23,g024,g024,normal,synthetic_rongorongo_like,
tablet_005,83,24,g024,g024,normal,synthetic_rongorongo_like,
tablet_005,83,25,g024,g024,normal,synthetic_rongorongo_like,
tablet_005,83,26,g021,g021,normal,synthetic_rongorongo_like,
tablet_005,83,27,g061,g061,normal,synthetic_rongorongo_like,
tablet_005,83,28,g008,g008,normal,synthetic_rongorongo_like,
tablet_005,83,29,g001,g001,normal,synthetic_rongorongo_like,
tablet_005,83,30,g001,g001,normal,synthetic_rongorongo_like,
tablet_005,83,31,g010,g010,normal,synthetic_rongorongo_like,
tablet_005,83,32,g010,g010,normal,synthetic_rongorongo_like,
tablet_005,83,33,g028,g028,normal,synthetic_rongorongo_like,
tablet_005,83,34,g003,g003,normal,synthetic_rongorongo_like,
tablet_005,83,35,g030,g030,normal,synthetic_rongorongo_like,
tablet_005,83,36,g030,g030,normal,synthetic_rongorongo_like,
tablet_005,83,37,g024,g024,normal,synthetic_rongorongo_like,
tablet_005,83,38,g024,g024,normal,synthetic_rongorongo_like,
tablet_005,83,39,g023,g023,normal,synthetic_rongorongo_like,
tablet_005,83,40,g019,g019,normal,synthetic_rongorongo_like,
tablet_005,84,1,g022,g022,normal,synthetic_rongorongo_like,
tablet_005,84,2,g001,g001,normal,synthetic_rongorongo_like,
tablet_005,84,3,g023,g023,normal,synthetic_rongorongo_like,
tablet_005,84,4,g024,g024,normal,synthetic_rongorongo_like,
tablet_005,84,5,g061,g061,normal,synthetic_rongorongo_like,
tablet_005,84,6,g006,g006,normal,synthetic_rongorongo_like,
tablet_005,84,7,g061,g061,normal,synthetic_rongorongo_like,
tablet_005,84,8,g061,g061,normal,synthetic_rongorongo_like,
tablet_005,84,9,g021,g021,normal,synthetic_rongorongo_like,
tablet_005,84,10,g033,g033,normal,synthetic_rongorongo_like,
tablet_005,84,11,g061,g061,normal,synthetic_rongorongo_like,
tablet_005,84,12,g061,g061,normal,synthetic_rongorongo_like,
tablet_005,84,13,g005,g005,normal,synthetic_rongorongo_like,
tablet_005,84,14,g001,g001,normal,synthetic_rongorongo_like,
tablet_005,84,15,g006,g006,normal,synthetic_rongorongo_like,
tablet_005,84,16,g021,g021,normal,synthetic_rongorongo_like,
tablet_005,84,17,g022,g022,normal,synthetic_rongorongo_like,
tablet_005,84,18,g036,g036,normal,synthetic_rongorongo_like,
tablet_005,84,19,g001,g001,normal,synthetic_rongorongo_like,
tablet_005,84,20,g029,g029,normal,synthetic_rongorongo_like,
tablet_005,84,21,g061,g061,normal,synthetic_rongorongo_like,
tablet_005,84,22,g004,g004,normal,synthetic_rongorongo_like,
tablet_005,84,23,g021,g021,normal,synthetic_rongorongo_like,
tablet_005,84,24,g007,g007,normal,synthetic_rongorongo_like,
tablet_005,84,25,g023,g023,normal,synthetic_rongorongo_like,
tablet_005,84,26,g001,g001,normal,synthetic_rongorongo_like,
tablet_005,84,27,g001,g001,normal,synthetic_rongorongo_like,
tablet_005,84,28,g001,g001,normal,synthetic_rongorongo_like,
tablet_005,84,29,g008,g008,normal,synthetic_rongorongo_like,
tablet_005,84,30,g021,g021,normal,synthetic_rongorongo_like,
tablet_005,84,31,g009,g009,normal,synthetic_rongorongo_like,
tablet_005,84,32,g001,g001,normal,synthetic_rongorongo_like,
tablet_005,84,33,g002,g002,normal,synthetic_rongorongo_like,
tablet_005,84,34,g021,g021,normal,synthetic_rongorongo_like,
tablet_005,84,35,g021,g021,normal,synthetic_rongorongo_like,
tablet_005,84,36,g023,g023,normal,synthetic_rongorongo_like,
tablet_005,84,37,g001,g001,normal,synthetic_rongorongo_like,
tablet_005,84,38,g017,g017,normal,synthetic_rongorongo_like,
tablet_005,84,39,g053,g053,normal,synthetic_rongorongo_like,
tablet_005,84,40,g007,g007,normal,synthetic_rongorongo_like,
tablet_005,85,1,g002,g002,normal,synthetic_rongorongo_like,
tablet_005,85,2,g002,g002,normal,synthetic_rongorongo_like,
tablet_005,85,3,g032,g032,normal,synthetic_rongorongo_like,
tablet_005,85,4,g003,g003,normal,synthetic_rongorongo_like,
tablet_005,85,5,g061,g061,normal,synthetic_rongorongo_like,
tablet_005,85,6,g003,g003,normal,synthetic_rongorongo_like,
tablet_005,85,7,g010,g010,normal,synthetic_rongorongo_like,
tablet_005,85,8,g013,g013,normal,synthetic_rongorongo_like,
tablet_005,85,9,g021,g021,normal,synthetic_rongorongo_like,
tablet_005,85,10,g062,g062,normal,synthetic_rongorongo_like,
tablet_005,85,11,g004,g004,normal,synthetic_rongorongo_like,
tablet_005,85,12,g001,g001,normal,synthetic_rongorongo_like,
tablet_005,85,13,g001,g001,normal,synthetic_rongorongo_like,
tablet_005,85,14,g021,g021,normal,synthetic_rongorongo_like,
tablet_005,85,15,g021,g021,normal,synthetic_rongorongo_like,
tablet_005,85,16,g061,g061,normal,synthetic_rongorongo_like,
tablet_005,85,17,g061,g061,normal,synthetic_rongorongo_like,
tablet_005,85,18,g019,g019,normal,synthetic_rongorongo_like,
tablet_005,85,19,g061,g061,normal,synthetic_rongorongo_like,
tablet_005,85,20,g006,g006,normal,synthetic_rongorongo_like,
tablet_005,85,21,g007,g007,normal,synthetic_rongorongo_like,
tablet_005,85,22,g001,g001,normal,synthetic_rongorongo_like,
tablet_005,85,23,g021,g021,normal,synthetic_rongorongo_like,
tablet_005,85,24,g062,g062,normal,synthetic_rongorongo_like,
tablet_005,85,25,g006,g006,normal,synthetic_rongorongo_like,
tablet_005,85,26,g021,g021,normal,synthetic_rongorongo_like,
tablet_005,85,27,g065,g065,normal,synthetic_rongorongo_like,
tablet_005,85,28,g021,g021,normal,synthetic_rongorongo_like,
tablet_005,85,29,g030,g030,normal,synthetic_rongorongo_like,
tablet_005,85,30,g021,g021,normal,synthetic_rongorongo_like,
tablet_005,85,31,g021,g021,normal,synthetic_rongorongo_like,
tablet_005,85,32,g012,g012,normal,synthetic_rongorongo_like,
tablet_005,85,33,g005,g005,normal,synthetic_rongorongo_like,
tablet_005,85,34,g021,g021,normal,synthetic_rongorongo_like,
tablet_005,85,35,g021,g021,normal,synthetic_rongorongo_like,
tablet_005,85,36,g021,g021,normal,synthetic_rongorongo_like,
tablet_005,85,37,g021,g021,normal,synthetic_rongorongo_like,
tablet_005,85,38,g021,g021,normal,synthetic_rongorongo_like,
tablet_005,85,39,g022,g022,normal,synthetic_rongorongo_like,
tablet_005,85,40,g001,g001,normal,synthetic_rongorongo_like,
tablet_005,86,1,g001,g001,normal,synthetic_rongorongo_like,
tablet_005,86,2,g023,g023,normal,synthetic_rongorongo_like,
tablet_005,86,3,g002,g002,normal,synthetic_rongorongo_like,
tablet_005,86,4,g001,g001,normal,synthetic_rongorongo_like,
tablet_005,86,5,g001,g001,normal,synthetic_rongorongo_like,
tablet_005,86,6,g001,g001,normal,synthetic_rongorongo_like,
tablet_005,86,7,g001,g001,normal,synthetic_rongorongo_like,
tablet_005,86,8,g049,g049,normal,synthetic_rongorongo_like,
tablet_005,86,9,g002,g002,normal,synthetic_rongorongo_like,
tablet_005,86,10,g001,g001,normal,synthetic_rongorongo_like,
tablet_005,86,11,g001,g001,normal,synthetic_rongorongo_like,
tablet_005,86,12,g001,g001,normal,synthetic_rongorongo_like,
tablet_005,86,13,g001,g001,normal,synthetic_rongorongo_like,
tablet_005,86,14,g025,g025,normal,synthetic_rongorongo_like,
tablet_005,86,15,g025,g025,normal,synthetic_rongorongo_like,
tablet_005,86,16,g004,g004,normal,synthetic_rongorongo_like,
tablet_005,86,17,g027,g027,normal,synthetic_rongorongo_like,
tablet_005,86,18,g001,g001,normal,synthetic_rongorongo_like,
tablet_005,86,19,g001,g001,normal,synthetic_rongorongo_like,
tablet_005,86,20,g028,g028,normal,synthetic_rongorongo_like,
tablet_005,86,21,g090,g090,normal,synthetic_rongorongo_like,
tablet_005,86,22,g090,g090,normal,synthetic_rongorongo_like,
tablet_005,86,23,g006,g006,normal,synthetic_rongorongo_like,
tablet_005,86,24,g002,g002,normal,synthetic_rongorongo_like,
tablet_005,86,25,g010,g010,normal,synthetic_rongorongo_like,
tablet_005,86,26,g001,g001,normal,synthetic_rongorongo_like,
tablet_005,86,27,g021,g021,normal,synthetic_rongorongo_like,
tablet_005,86,28,g037,g037,normal,synthetic_rongorongo_like,
tablet_005,86,29,g062,g062,normal,synthetic_rongorongo_like,
tablet_005,86,30,g062,g062,normal,synthetic_rongorongo_like,
tablet_005,86,31,g012,g012,normal,synthetic_rongorongo_like,
tablet_005,86,32,g012,g012,normal,synthetic_rongorongo_like,
tablet_005,86,33,g040,g040,normal,synthetic_rongorongo_like,
tablet_005,86,34,g062,g062,normal,synthetic_rongorongo_like,
tablet_005,86,35,g007,g007,normal,synthetic_rongorongo_like,
tablet_005,86,36,g009,g009,normal,synthetic_rongorongo_like,
tablet_005,86,37,g001,g001,normal,synthetic_rongorongo_like,
tablet_005,86,38,g001,g001,normal,synthetic_rongorongo_like,
tablet_005,86,39,g001,g001,normal,synthetic_rongorongo_like,
tablet_005,86,40,g001,g001,normal,synthetic_rongorongo_like,
tablet_005,87,1,g066,g066,normal,synthetic_rongorongo_like,
tablet_005,87,2,g037,g037,normal,synthetic_rongorongo_like,
tablet_005,87,3,g061,g061,normal,synthetic_rongorongo_like,
tablet_005,87,4,g006,g006,normal,synthetic_rongorongo_like,
tablet_005,87,5,g021,g021,normal,synthetic_rongorongo_like,
tablet_005,87,6,g074,g074,normal,synthetic_rongorongo_like,
tablet_005,87,7,g001,g001,normal,synthetic_rongorongo_like,
tablet_005,87,8,g062,g062,normal,synthetic_rongorongo_like,
tablet_005,87,9,g029,g029,normal,synthetic_rongorongo_like,
tablet_005,87,10,g003,g003,normal,synthetic_rongorongo_like,
tablet_005,87,11,g001,g001,normal,synthetic_rongorongo_like,
tablet_005,87,12,g001,g001,normal,synthetic_rongorongo_like,
tablet_005,87,13,g021,g021,normal,synthetic_rongorongo_like,
tablet_005,87,14,g021,g021,normal,synthetic_rongorongo_like,
tablet_005,87,15,g006,g006,normal,synthetic_rongorongo_like,
tablet_005,87,16,g061,g061,normal,synthetic_rongorongo_like,
tablet_005,87,17,g004,g004,normal,synthetic_rongorongo_like,
tablet_005,87,18,g001,g001,normal,synthetic_rongorongo_like,
tablet_005,87,19,g010,g010,normal,synthetic_rongorongo_like,
tablet_005,87,20,g058,g058,normal,synthetic_rongorongo_like,
tablet_005,87,21,g002,g002,normal,synthetic_rongorongo_like,
tablet_005,87,22,g006,g006,normal,synthetic_rongorongo_like,
tablet_005,87,23,g006,g006,normal,synthetic_rongorongo_like,
tablet_005,87,24,g021,g021,normal,synthetic_rongorongo_like,
tablet_005,87,25,g021,g021,normal,synthetic_rongorongo_like,
tablet_005,87,26,g069,g069,normal,synthetic_rongorongo_like,
tablet_005,87,27,g021,g021,normal,synthetic_rongorongo_like,
tablet_005,87,28,g013,g013,normal,synthetic_rongorongo_like,
tablet_005,87,29,g004,g004,normal,synthetic_rongorongo_like,
tablet_005,87,30,g001,g001,normal,synthetic_rongorongo_like,
tablet_005,87,31,g001,g001,normal,synthetic_rongorongo_like,
tablet_005,87,32,g012,g012,normal,synthetic_rongorongo_like,
tablet_005,87,33,g001,g001,normal,synthetic_rongorongo_like,
tablet_005,87,34,g001,g001,normal,synthetic_rongorongo_like,
tablet_005,87,35,g021,g021,normal,synthetic_rongorongo_like,
tablet_005,87,36,g019,g019,normal,synthetic_rongorongo_like,
tablet_005,87,37,g019,g019,normal,synthetic_rongorongo_like,
tablet_005,87,38,g001,g001,normal,synthetic_rongorongo_like,
tablet_005,87,39,g001,g001,normal,synthetic_rongorongo_like,
tablet_005,87,40,g023,g023,normal,synthetic_rongorongo_like,
tablet_005,88,1,g035,g035,normal,synthetic_rongorongo_like,
tablet_005,88,2,g001,g001,normal,synthetic_rongorongo_like,
tablet_005,88,3,g001,g001,normal,synthetic_rongorongo_like,
tablet_005,88,4,g003,g003,normal,synthetic_rongorongo_like,
tablet_005,88,5,g003,g003,normal,synthetic_rongorongo_like,
tablet_005,88,6,g003,g003,normal,synthetic_rongorongo_like,
tablet_005,88,7,g032,g032,normal,synthetic_rongorongo_like,
tablet_005,88,8,g032,g032,normal,synthetic_rongorongo_like,
tablet_005,88,9,g002,g002,normal,synthetic_rongorongo_like,
tablet_005,88,10,g021,g021,normal,synthetic_rongorongo_like,
tablet_005,88,11,g001,g001,normal,synthetic_rongorongo_like,
tablet_005,88,12,g004,g004,normal,synthetic_rongorongo_like,
tablet_005,88,13,g021,g021,normal,synthetic_rongorongo_like,
tablet_005,88,14,g061,g061,normal,synthetic_rongorongo_like,
tablet_005,88,15,g021,g021,normal,synthetic_rongorongo_like,
tablet_005,88,16,g003,g003,normal,synthetic_rongorongo_like,
tablet_005,88,17,g066,g066,normal,synthetic_rongorongo_like,
tablet_005,88,18,g061,g061,normal,synthetic_rongorongo_like,
tablet_005,88,19,g022,g022,normal,synthetic_rongorongo_like,
tablet_005,88,20,g024,g024,normal,synthetic_rongorongo_like,
tablet_005,88,21,g010,g010,normal,synthetic_rongorongo_like,
tablet_005,88,22,g005,g005,normal,synthetic_rongorongo_like,
tablet_005,88,23,g001,g001,normal,synthetic_rongorongo_like,
tablet_005,88,24,g001,g001,normal,synthetic_rongorongo_like,
tablet_005,88,25,g027,g027,normal,synthetic_rongorongo_like,
tablet_005,88,26,g001,g001,normal,synthetic_rongorongo_like,
tablet_005,88,27,g001,g001,normal,synthetic_rongorongo_like,
tablet_005,88,28,g001,g001,normal,synthetic_rongorongo_like,
tablet_005,88,29,g016,g016,normal,synthetic_rongorongo_like,
tablet_005,88,30,g061,g061,normal,synthetic_rongorongo_like,
tablet_005,88,31,g001,g001,normal,synthetic_rongorongo_like,
tablet_005,88,32,g001,g001,normal,synthetic_rongorongo_like,
tablet_005,88,33,g033,g033,normal,synthetic_rongorongo_like,
tablet_005,88,34,g035,g035,normal,synthetic_rongorongo_like,
tablet_005,88,35,g061,g061,normal,synthetic_rongorongo_like,
tablet_005,88,36,g013,g013,normal,synthetic_rongorongo_like,
tablet_005,88,37,g004,g004,normal,synthetic_rongorongo_like,
tablet_005,88,38,g005,g005,normal,synthetic_rongorongo_like,
tablet_005,88,39,g047,g047,normal,synthetic_rongorongo_like,
tablet_005,88,40,g021,g021,normal,synthetic_rongorongo_like,
tablet_005,89,1,g002,g002,normal,synthetic_rongorongo_like,
tablet_005,89,2,g002,g002,normal,synthetic_rongorongo_like,
tablet_005,89,3,g023,g023,normal,synthetic_rongorongo_like,
tablet_005,89,4,g023,g023,normal,synthetic_rongorongo_like,
tablet_005,89,5,g061,g061,normal,synthetic_rongorongo_like,
tablet_005,89,6,g002,g002,normal,synthetic_rongorongo_like,
tablet_005,89,7,g021,g021,normal,synthetic_rongorongo_like,
tablet_005,89,8,g021,g021,normal,synthetic_rongorongo_like,
tablet_005,89,9,g021,g021,normal,synthetic_rongorongo_like,
tablet_005,89,10,g016,g016,normal,synthetic_rongorongo_like,
tablet_005,89,11,g002,g002,normal,synthetic_rongorongo_like,
tablet_005,89,12,g002,g002,normal,synthetic_rongorongo_like,
tablet_005,89,13,g022,g022,normal,synthetic_rongorongo_like,
tablet_005,89,14,g021,g021,normal,synthetic_rongorongo_like,
tablet_005,89,15,g025,g025,normal,synthetic_rongorongo_like,
tablet_005,89,16,g001,g001,normal,synthetic_rongorongo_like,
tablet_005,89,17,g009,g009,normal,synthetic_rongorongo_like,
tablet_005,89,18,g009,g009,normal,synthetic_rongorongo_like,
tablet_005,89,19,g061,g061,normal,synthetic_rongorongo_like,
tablet_005,89,20,g022,g022,normal,synthetic_rongorongo_like,
tablet_005,89,21,g010,g010,normal,synthetic_rongorongo_like,
tablet_005,89,22,g067,g067,normal,synthetic_rongorongo_like,
tablet_005,89,23,g021,g021,normal,synthetic_rongorongo_like,
tablet_005,89,24,g007,g007,normal,synthetic_rongorongo_like,
tablet_005,89,25,g009,g009,normal,synthetic_rongorongo_like,
tablet_005,89,26,g062,g062,normal,synthetic_rongorongo_like,
tablet_005,89,27,g001,g001,normal,synthetic_rongorongo_like,
tablet_005,89,28,g027,g027,normal,synthetic_rongorongo_like,
tablet_005,89,29,g027,g027,normal,synthetic_rongorongo_like,
tablet_005,89,30,g023,g023,normal,synthetic_rongorongo_like,
tablet_005,89,31,g076,g076,normal,synthetic_rongorongo_like,
tablet_005,89,32,g076,g076,normal,synthetic_rongorongo_like,
tablet_005,89,33,g076,g076,normal,synthetic_rongorongo_like,
tablet_005,89,34,g001,g001,normal,synthetic_rongorongo_like,
tablet_005,89,35,g001,g001,normal,synthetic_rongorongo_like,
tablet_005,89,36,g001,g001,normal,synthetic_rongorongo_like,
tablet_005,89,37,g061,g061,normal,synthetic_rongorongo_like,
tablet_005,89,38,g036,g036,normal,synthetic_rongorongo_like,
tablet_005,89,39,g035,g035,normal,synthetic_rongorongo_like,
tablet_005,89,40,g026,g026,normal,synthetic_rongorongo_like,
tablet_005,90,1,g001,g001,normal,synthetic_rongorongo_like,
tablet_005,90,2,g021,g021,normal,synthetic_rongorongo_like,
tablet_005,90,3,g061,g061,normal,synthetic_rongorongo_like,
tablet_005,90,4,g061,g061,normal,synthetic_rongorongo_like,
tablet_005,90,5,g001,g001,normal,synthetic_rongorongo_like,
tablet_005,90,6,g061,g061,normal,synthetic_rongorongo_like,
tablet_005,90,7,g001,g001,normal,synthetic_rongorongo_like,
tablet_005,90,8,g001,g001,normal,synthetic_rongorongo_like,
tablet_005,90,9,g019,g019,normal,synthetic_rongorongo_like,
tablet_005,90,10,g019,g019,normal,synthetic_rongorongo_like,
tablet_005,90,11,g002,g002,normal,synthetic_rongorongo_like,
tablet_005,90,12,g021,g021,normal,synthetic_rongorongo_like,
tablet_005,90,13,g021,g021,normal,synthetic_rongorongo_like,
tablet_005,90,14,g001,g001,normal,synthetic_rongorongo_like,
tablet_005,90,15,g028,g028,normal,synthetic_rongorongo_like,
tablet_005,90,16,g052,g052,normal,synthetic_rongorongo_like,
tablet_005,90,17,g063,g063,normal,synthetic_rongorongo_like,
tablet_005,90,18,g001,g001,normal,synthetic_rongorongo_like,
tablet_005,90,19,g001,g001,normal,synthetic_rongorongo_like,
tablet_005,90,20,g002,g002,normal,synthetic_rongorongo_like,
tablet_005,90,21,g004,g004,normal,synthetic_rongorongo_like,
tablet_005,90,22,g004,g004,normal,synthetic_rongorongo_like,
tablet_005,90,23,g025,g025,normal,synthetic_rongorongo_like,
tablet_005,90,24,g023,g023,normal,synthetic_rongorongo_like,
tablet_005,90,25,g006,g006,normal,synthetic_rongorongo_like,
tablet_005,90,26,g063,g063,normal,synthetic_rongorongo_like,
tablet_005,90,27,g021,g021,normal,synthetic_rongorongo_like,
tablet_005,90,28,g001,g001,normal,synthetic_rongorongo_like,
tablet_005,90,29,g003,g003,normal,synthetic_rongorongo_like,
tablet_005,90,30,g003,g003,normal,synthetic_rongorongo_like,
tablet_005,90,31,g003,g003,normal,synthetic_rongorongo_like,
tablet_005,90,32,g001,g001,normal,synthetic_rongorongo_like,
tablet_005,90,33,g001,g001,normal,synthetic_rongorongo_like,
tablet_005,90,34,g061,g061,normal,synthetic_rongorongo_like,
tablet_005,90,35,g061,g061,normal,synthetic_rongorongo_like,
tablet_005,90,36,g061,g061,normal,synthetic_rongorongo_like,
tablet_005,90,37,g062,g062,normal,synthetic_rongorongo_like,
tablet_005,90,38,g018,g018,normal,synthetic_rongorongo_like,
tablet_005,90,39,g022,g022,normal,synthetic_rongorongo_like,
tablet_005,90,40,g002,g002,normal,synthetic_rongorongo_like,
tablet_005,91,1,g001,g001,normal,synthetic_rongorongo_like,
tablet_005,91,2,g068,g068,normal,synthetic_rongorongo_like,
tablet_005,91,3,g061,g061,normal,synthetic_rongorongo_like,
tablet_005,91,4,g002,g002,normal,synthetic_rongorongo_like,
tablet_005,91,5,g002,g002,normal,synthetic_rongorongo_like,
tablet_005,91,6,g061,g061,normal,synthetic_rongorongo_like,
tablet_005,91,7,g002,g002,normal,synthetic_rongorongo_like,
tablet_005,91,8,g021,g021,normal,synthetic_rongorongo_like,
tablet_005,91,9,g023,g023,normal,synthetic_rongorongo_like,
tablet_005,91,10,g001,g001,normal,synthetic_rongorongo_like,
tablet_005,91,11,g005,g005,normal,synthetic_rongorongo_like,
tablet_005,91,12,g021,g021,normal,synthetic_rongorongo_like,
tablet_005,91,13,g024,g024,normal,synthetic_rongorongo_like,
tablet_005,91,14,g007,g007,normal,synthetic_rongorongo_like,
tablet_005,91,15,g003,g003,normal,synthetic_rongorongo_like,
tablet_005,91,16,g003,g003,normal,synthetic_rongorongo_like,
tablet_005,91,17,g061,g061,normal,synthetic_rongorongo_like,
tablet_005,91,18,g061,g061,normal,synthetic_rongorongo_like,
tablet_005,91,19,g061,g061,normal,synthetic_rongorongo_like,
tablet_005,91,20,g062,g062,normal,synthetic_rongorongo_like,
tablet_005,91,21,g025,g025,normal,synthetic_rongorongo_like,
tablet_005,91,22,g025,g025,normal,synthetic_rongorongo_like,
tablet_005,91,23,g025,g025,normal,synthetic_rongorongo_like,
tablet_005,91,24,g001,g001,normal,synthetic_rongorongo_like,
tablet_005,91,25,g001,g001,normal,synthetic_rongorongo_like,
tablet_005,91,26,g001,g001,normal,synthetic_rongorongo_like,
tablet_005,91,27,g003,g003,normal,synthetic_rongorongo_like,
tablet_005,91,28,g030,g030,normal,synthetic_rongorongo_like,
tablet_005,91,29,g064,g064,normal,synthetic_rongorongo_like,
tablet_005,91,30,g064,g064,normal,synthetic_rongorongo_like,
tablet_005,91,31,g064,g064,normal,synthetic_rongorongo_like,
tablet_005,91,32,g065,g065,normal,synthetic_rongorongo_like,
tablet_005,91,33,g014,g014,normal,synthetic_rongorongo_like,
tablet_005,91,34,g001,g001,normal,synthetic_rongorongo_like,
tablet_005,91,35,g021,g021,normal,synthetic_rongorongo_like,
tablet_005,91,36,g021,g021,normal,synthetic_rongorongo_like,
tablet_005,91,37,g001,g001,normal,synthetic_rongorongo_like,
tablet_005,91,38,g028,g028,normal,synthetic_rongorongo_like,
tablet_005,91,39,g028,g028,normal,synthetic_rongorongo_like,
tablet_005,91,40,g028,g028,normal,synthetic_rongorongo_like,
tablet_005,92,1,g018,g018,normal,synthetic_rongorongo_like,
tablet_005,92,2,g061,g061,normal,synthetic_rongorongo_like,
tablet_005,92,3,g008,g008,normal,synthetic_rongorongo_like,
tablet_005,92,4,g061,g061,normal,synthetic_rongorongo_like,
tablet_005,92,5,g014,g014,normal,synthetic_rongorongo_like,
tablet_005,92,6,g014,g014,normal,synthetic_rongorongo_like,
tablet_005,92,7,g044,g044,normal,synthetic_rongorongo_like,
tablet_005,92,8,g001,g001,normal,synthetic_rongorongo_like,
tablet_005,92,9,g071,g071,normal,synthetic_rongorongo_like,
tablet_005,92,10,g061,g061,normal,synthetic_rongorongo_like,
tablet_005,92,11,g001,g001,normal,synthetic_rongorongo_like,
tablet_005,92,12,g001,g001,normal,synthetic_rongorongo_like,
tablet_005,92,13,g014,g014,normal,synthetic_rongorongo_like,
tablet_005,92,14,g014,g014,normal,synthetic_rongorongo_like,
tablet_005,92,15,g023,g023,normal,synthetic_rongorongo_like,
tablet_005,92,16,g022,g022,normal,synthetic_rongorongo_like,
tablet_005,92,17,g006,g006,normal,synthetic_rongorongo_like,
tablet_005,92,18,g063,g063,normal,synthetic_rongorongo_like,
tablet_005,92,19,g023,g023,normal,synthetic_rongorongo_like,
tablet_005,92,20,g103,g103,normal,synthetic_rongorongo_like,
tablet_005,92,21,g021,g021,normal,synthetic_rongorongo_like,
tablet_005,92,22,g001,g001,normal,synthetic_rongorongo_like,
tablet_005,92,23,g001,g001,normal,synthetic_rongorongo_like,
tablet_005,92,24,g001,g001,normal,synthetic_rongorongo_like,
tablet_005,92,25,g001,g001,normal,synthetic_rongorongo_like,
tablet_005,92,26,g002,g002,normal,synthetic_rongorongo_like,
tablet_005,92,27,g061,g061,normal,synthetic_rongorongo_like,
tablet_005,92,28,g063,g063,normal,synthetic_rongorongo_like,
tablet_005,92,29,g026,g026,normal,synthetic_rongorongo_like,
tablet_005,92,30,g001,g001,normal,synthetic_rongorongo_like,
tablet_005,92,31,g001,g001,normal,synthetic_rongorongo_like,
tablet_005,92,32,g002,g002,normal,synthetic_rongorongo_like,
tablet_005,92,33,g021,g021,normal,synthetic_rongorongo_like,
tablet_005,92,34,g026,g026,normal,synthetic_rongorongo_like,
tablet_005,92,35,g022,g022,normal,synthetic_rongorongo_like,
tablet_005,92,36,g026,g026,normal,synthetic_rongorongo_like,
tablet_005,92,37,g025,g025,normal,synthetic_rongorongo_like,
tablet_005,92,38,g025,g025,normal,synthetic_rongorongo_like,
tablet_005,92,39,g025,g025,normal,synthetic_rongorongo_like,
tablet_005,92,40,g022,g022,normal,synthetic_rongorongo_like,
tablet_005,93,1,g024,g024,normal,synthetic_rongorongo_like,
tablet_005,93,2,g022,g022,normal,synthetic_rongorongo_like,
tablet_005,93,3,g022,g022,normal,synthetic_rongorongo_like,
tablet_005,93,4,g066,g066,normal,synthetic_rongorongo_like,
tablet_005,93,5,g002,g002,normal,synthetic_rongorongo_like,
tablet_005,93,6,g062,g062,normal,synthetic_rongorongo_like,
tablet_005,93,7,g002,g002,normal,synthetic_rongorongo_like,
tablet_005,93,8,g002,g002,normal,synthetic_rongorongo_like,
tablet_005,93,9,g002,g002,normal,synthetic_rongorongo_like,
tablet_005,93,10,g003,g003,normal,synthetic_rongorongo_like,
tablet_005,93,11,g062,g062,normal,synthetic_rongorongo_like,
tablet_005,93,12,g017,g017,normal,synthetic_rongorongo_like,
tablet_005,93,13,g001,g001,normal,synthetic_rongorongo_like,
tablet_005,93,14,g022,g022,normal,synthetic_rongorongo_like,
tablet_005,93,15,g001,g001,normal,synthetic_rongorongo_like,
tablet_005,93,16,g026,g026,normal,synthetic_rongorongo_like,
tablet_005,93,17,g021,g021,normal,synthetic_rongorongo_like,
tablet_005,93,18,g001,g001,normal,synthetic_rongorongo_like,
tablet_005,93,19,g001,g001,normal,synthetic_rongorongo_like,
tablet_005,93,20,g022,g022,normal,synthetic_rongorongo_like,
tablet_005,93,21,g023,g023,normal,synthetic_rongorongo_like,
tablet_005,93,22,g002,g002,normal,synthetic_rongorongo_like,
tablet_005,93,23,g003,g003,normal,synthetic_rongorongo_like,
tablet_005,93,24,g062,g062,normal,synthetic_rongorongo_like,
tablet_005,93,25,g027,g027,normal,synthetic_rongorongo_like,
tablet_005,93,26,g027,g027,normal,synthetic_rongorongo_like,
tablet_005,93,27,g027,g027,normal,synthetic_rongorongo_like,
tablet_005,93,28,g002,g002,normal,synthetic_rongorongo_like,
tablet_005,93,29,g005,g005,normal,synthetic_rongorongo_like,
tablet_005,93,30,g051,g051,normal,synthetic_rongorongo_like,
tablet_005,93,31,g001,g001,normal,synthetic_rongorongo_like,
tablet_005,93,32,g003,g003,normal,synthetic_rongorongo_like,
tablet_005,93,33,g003,g003,normal,synthetic_rongorongo_like,
tablet_005,93,34,g001,g001,normal,synthetic_rongorongo_like,
tablet_005,93,35,g062,g062,normal,synthetic_rongorongo_like,
tablet_005,93,36,g067,g067,normal,synthetic_rongorongo_like,
tablet_005,93,37,g001,g001,normal,synthetic_rongorongo_like,
tablet_005,93,38,g001,g001,normal,synthetic_rongorongo_like,
tablet_005,93,39,g063,g063,normal,synthetic_rongorongo_like,
tablet_005,93,40,g063,g063,normal,synthetic_rongorongo_like,
tablet_005,94,1,g021,g021,normal,synthetic_rongorongo_like,
tablet_005,94,2,g007,g007,normal,synthetic_rongorongo_like,
tablet_005,94,3,g019,g019,normal,synthetic_rongorongo_like,
tablet_005,94,4,g019,g019,normal,synthetic_rongorongo_like,
tablet_005,94,5,g009,g009,normal,synthetic_rongorongo_like,
tablet_005,94,6,g009,g009,normal,synthetic_rongorongo_like,
tablet_005,94,7,g021,g021,normal,synthetic_rongorongo_like,
tablet_005,94,8,g021,g021,normal,synthetic_rongorongo_like,
tablet_005,94,9,g021,g021,normal,synthetic_rongorongo_like,
tablet_005,94,10,g003,g003,normal,synthetic_rongorongo_like,
tablet_005,94,11,g006,g006,normal,synthetic_rongorongo_like,
tablet_005,94,12,g002,g002,normal,synthetic_rongorongo_like,
tablet_005,94,13,g001,g001,normal,synthetic_rongorongo_like,
tablet_005,94,14,g001,g001,normal,synthetic_rongorongo_like,
tablet_005,94,15,g061,g061,normal,synthetic_rongorongo_like,
tablet_005,94,16,g061,g061,normal,synthetic_rongorongo_like,
tablet_005,94,17,g026,g026,normal,synthetic_rongorongo_like,
tablet_005,94,18,g070,g070,normal,synthetic_rongorongo_like,
tablet_005,94,19,g021,g021,normal,synthetic_rongorongo_like,
tablet_005,94,20,g021,g021,normal,synthetic_rongorongo_like,
tablet_005,94,21,g001,g001,normal,synthetic_rongorongo_like,
tablet_005,94,22,g001,g001,normal,synthetic_rongorongo_like,
tablet_005,94,23,g002,g002,normal,synthetic_rongorongo_like,
tablet_005,94,24,g002,g002,normal,synthetic_rongorongo_like,
tablet_005,94,25,g061,g061,normal,synthetic_rongorongo_like,
tablet_005,94,26,g021,g021,normal,synthetic_rongorongo_like,
tablet_005,94,27,g021,g021,normal,synthetic_rongorongo_like,
tablet_005,94,28,g021,g021,normal,synthetic_rongorongo_like,
tablet_005,94,29,g003,g003,normal,synthetic_rongorongo_like,
tablet_005,94,30,g016,g016,normal,synthetic_rongorongo_like,
tablet_005,94,31,g016,g016,normal,synthetic_rongorongo_like,
tablet_005,94,32,g005,g005,normal,synthetic_rongorongo_like,
tablet_005,94,33,g005,g005,normal,synthetic_rongorongo_like,
tablet_005,94,34,g031,g031,normal,synthetic_rongorongo_like,
tablet_005,94,35,g031,g031,normal,synthetic_rongorongo_like,
tablet_005,94,36,g007,g007,normal,synthetic_rongorongo_like,
tablet_005,94,37,g007,g007,normal,synthetic_rongorongo_like,
tablet_005,94,38,g021,g021,normal,synthetic_rongorongo_like,
tablet_005,94,39,g062,g062,normal,synthetic_rongorongo_like,
tablet_005,94,40,g002,g002,normal,synthetic_rongorongo_like,
tablet_005,95,1,g023,g023,normal,synthetic_rongorongo_like,
tablet_005,95,2,g045,g045,normal,synthetic_rongorongo_like,
tablet_005,95,3,g001,g001,normal,synthetic_rongorongo_like,
tablet_005,95,4,g030,g030,normal,synthetic_rongorongo_like,
tablet_005,95,5,g009,g009,normal,synthetic_rongorongo_like,
tablet_005,95,6,g001,g001,normal,synthetic_rongorongo_like,
tablet_005,95,7,g021,g021,normal,synthetic_rongorongo_like,
tablet_005,95,8,g024,g024,normal,synthetic_rongorongo_like,
tablet_005,95,9,g024,g024,normal,synthetic_rongorongo_like,
tablet_005,95,10,g021,g021,normal,synthetic_rongorongo_like,
tablet_005,95,11,g008,g008,normal,synthetic_rongorongo_like,
tablet_005,95,12,g003,g003,normal,synthetic_rongorongo_like,
tablet_005,95,13,g003,g003,normal,synthetic_rongorongo_like,
tablet_005,95,14,g061,g061,normal,synthetic_rongorongo_like,
tablet_005,95,15,g022,g022,normal,synthetic_rongorongo_like,
tablet_005,95,16,g007,g007,normal,synthetic_rongorongo_like,
tablet_005,95,17,g007,g007,normal,synthetic_rongorongo_like,
tablet_005,95,18,g002,g002,normal,synthetic_rongorongo_like,
tablet_005,95,19,g021,g021,normal,synthetic_rongorongo_like,
tablet_005,95,20,g021,g021,normal,synthetic_rongorongo_like,
tablet_005,95,21,g002,g002,normal,synthetic_rongorongo_like,
tablet_005,95,22,g058,g058,normal,synthetic_rongorongo_like,
tablet_005,95,23,g021,g021,normal,synthetic_rongorongo_like,
tablet_005,95,24,g063,g063,normal,synthetic_rongorongo_like,
tablet_005,95,25,g024,g024,normal,synthetic_rongorongo_like,
tablet_005,95,26,g023,g023,normal,synthetic_rongorongo_like,
tablet_005,95,27,g005,g005,normal,synthetic_rongorongo_like,
tablet_005,95,28,g001,g001,normal,synthetic_rongorongo_like,
tablet_005,95,29,g041,g041,normal,synthetic_rongorongo_like,
tablet_005,95,30,g022,g022,normal,synthetic_rongorongo_like,
tablet_005,95,31,g012,g012,normal,synthetic_rongorongo_like,
tablet_005,95,32,g012,g012,normal,synthetic_rongorongo_like,
tablet_005,95,33,g012,g012,normal,synthetic_rongorongo_like,
tablet_005,95,34,g063,g063,normal,synthetic_rongorongo_like,
tablet_005,95,35,g061,g061,normal,synthetic_rongorongo_like,
tablet_005,95,36,g061,g061,normal,synthetic_rongorongo_like,
tablet_005,95,37,g062,g062,normal,synthetic_rongorongo_like,
tablet_005,95,38,g062,g062,normal,synthetic_rongorongo_like,
tablet_005,95,39,g002,g002,normal,synthetic_rongorongo_like,
tablet_005,95,40,g002,g002,normal,synthetic_rongorongo_like,
tablet_005,96,1,g001,g001,normal,synthetic_rongorongo_like,
tablet_005,96,2,g003,g003,normal,synthetic_rongorongo_like,
tablet_005,96,3,g022,g022,normal,synthetic_rongorongo_like,
tablet_005,96,4,g006,g006,normal,synthetic_rongorongo_like,
tablet_005,96,5,g061,g061,normal,synthetic_rongorongo_like,
tablet_005,96,6,g021,g021,normal,synthetic_rongorongo_like,
tablet_005,96,7,g021,g021,normal,synthetic_rongorongo_like,
tablet_005,96,8,g021,g021,normal,synthetic_rongorongo_like,
tablet_005,96,9,g001,g001,normal,synthetic_rongorongo_like,
tablet_005,96,10,g001,g001,normal,synthetic_rongorongo_like,
tablet_005,96,11,g001,g001,normal,synthetic_rongorongo_like,
tablet_005,96,12,g015,g015,normal,synthetic_rongorongo_like,
tablet_005,96,13,g001,g001,normal,synthetic_rongorongo_like,
tablet_005,96,14,g022,g022,normal,synthetic_rongorongo_like,
tablet_005,96,15,g022,g022,normal,synthetic_rongorongo_like,
tablet_005,96,16,g022,g022,normal,synthetic_rongorongo_like,
tablet_005,96,17,g024,g024,normal,synthetic_rongorongo_like,
tablet_005,96,18,g021,g021,normal,synthetic_rongorongo_like,
tablet_005,96,19,g022,g022,normal,synthetic_rongorongo_like,
tablet_005,96,20,g021,g021,normal,synthetic_rongorongo_like,
tablet_005,96,21,g062,g062,normal,synthetic_rongorongo_like,
tablet_005,96,22,g024,g024,normal,synthetic_rongorongo_like,
tablet_005,96,23,g007,g007,normal,synthetic_rongorongo_like,
tablet_005,96,24,g025,g025,normal,synthetic_rongorongo_like,
tablet_005,96,25,g014,g014,normal,synthetic_rongorongo_like,
tablet_005,96,26,g063,g063,normal,synthetic_rongorongo_like,
tablet_005,96,27,g063,g063,normal,synthetic_rongorongo_like,
tablet_005,96,28,g063,g063,normal,synthetic_rongorongo_like,
tablet_005,96,29,g064,g064,normal,synthetic_rongorongo_like,
tablet_005,96,30,g064,g064,normal,synthetic_rongorongo_like,
tablet_005,96,31,g064,g064,normal,synthetic_rongorongo_like,
tablet_005,96,32,g010,g010,normal,synthetic_rongorongo_like,
tablet_005,96,33,g021,g021,normal,synthetic_rongorongo_like,
tablet_005,96,34,g021,g021,normal,synthetic_rongorongo_like,
tablet_005,96,35,g001,g001,normal,synthetic_rongorongo_like,
tablet_005,96,36,g021,g021,normal,synthetic_rongorongo_like,
tablet_005,96,37,g021,g021,normal,synthetic_rongorongo_like,
tablet_005,96,38,g010,g010,normal,synthetic_rongorongo_like,
tablet_005,96,39,g026,g026,normal,synthetic_rongorongo_like,
tablet_005,96,40,g073,g073,normal,synthetic_rongorongo_like,
tablet_005,97,1,g022,g022,normal,synthetic_rongorongo_like,
tablet_005,97,2,g002,g002,normal,synthetic_rongorongo_like,
tablet_005,97,3,g001,g001,normal,synthetic_rongorongo_like,
tablet_005,97,4,g082,g082,normal,synthetic_rongorongo_like,
tablet_005,97,5,g021,g021,normal,synthetic_rongorongo_like,
tablet_005,97,6,g010,g010,normal,synthetic_rongorongo_like,
tablet_005,97,7,g006,g006,normal,synthetic_rongorongo_like,
tablet_005,97,8,g009,g009,normal,synthetic_rongorongo_like,
tablet_005,97,9,g004,g004,normal,synthetic_rongorongo_like,
tablet_005,97,10,g004,g004,normal,synthetic_rongorongo_like,
tablet_005,97,11,g004,g004,normal,synthetic_rongorongo_like,
tablet_005,97,12,g001,g001,normal,synthetic_rongorongo_like,
tablet_005,97,13,g036,g036,normal,synthetic_rongorongo_like,
tablet_005,97,14,g003,g003,normal,synthetic_rongorongo_like,
tablet_005,97,15,g025,g025,normal,synthetic_rongorongo_like,
tablet_005,97,16,g023,g023,normal,synthetic_rongorongo_like,
tablet_005,97,17,g023,g023,normal,synthetic_rongorongo_like,
tablet_005,97,18,g001,g001,normal,synthetic_rongorongo_like,
tablet_005,97,19,g033,g033,normal,synthetic_rongorongo_like,
tablet_005,97,20,g007,g007,normal,synthetic_rongorongo_like,
tablet_005,97,21,g009,g009,normal,synthetic_rongorongo_like,
tablet_005,97,22,g030,g030,normal,synthetic_rongorongo_like,
tablet_005,97,23,g061,g061,normal,synthetic_rongorongo_like,
tablet_005,97,24,g024,g024,normal,synthetic_rongorongo_like,
tablet_005,97,25,g062,g062,normal,synthetic_rongorongo_like,
tablet_005,97,26,g064,g064,normal,synthetic_rongorongo_like,
tablet_005,97,27,g064,g064,normal,synthetic_rongorongo_like,
tablet_005,97,28,g001,g001,normal,synthetic_rongorongo_like,
tablet_005,97,29,g025,g025,normal,synthetic_rongorongo_like,
tablet_005,97,30,g054,g054,normal,synthetic_rongorongo_like,
tablet_005,97,31,g075,g075,normal,synthetic_rongorongo_like,
tablet_005,97,32,g063,g063,normal,synthetic_rongorongo_like,
tablet_005,97,33,g063,g063,normal,synthetic_rongorongo_like,
tablet_005,97,34,g061,g061,normal,synthetic_rongorongo_like,
tablet_005,97,35,g001,g001,normal,synthetic_rongorongo_like,
tablet_005,97,36,g011,g011,normal,synthetic_rongorongo_like,
tablet_005,97,37,g061,g061,normal,synthetic_rongorongo_like,
tablet_005,97,38,g061,g061,normal,synthetic_rongorongo_like,
tablet_005,97,39,g007,g007,normal,synthetic_rongorongo_like,
tablet_005,97,40,g021,g021,normal,synthetic_rongorongo_like,
tablet_005,98,1,g001,g001,normal,synthetic_rongorongo_like,
tablet_005,98,2,g029,g029,normal,synthetic_rongorongo_like,
tablet_005,98,3,g017,g017,normal,synthetic_rongorongo_like,
tablet_005,98,4,g001,g001,normal,synthetic_rongorongo_like,
tablet_005,98,5,g062,g062,normal,synthetic_rongorongo_like,
tablet_005,98,6,g062,g062,normal,synthetic_rongorongo_like,
tablet_005,98,7,g044,g044,normal,synthetic_rongorongo_like,
tablet_005,98,8,g025,g025,normal,synthetic_rongorongo_like,
tablet_005,98,9,g069,g069,normal,synthetic_rongorongo_like,
tablet_005,98,10,g069,g069,normal,synthetic_rongorongo_like,
tablet_005,98,11,g022,g022,normal,synthetic_rongorongo_like,
tablet_005,98,12,g022,g022,normal,synthetic_rongorongo_like,
tablet_005,98,13,g021,g021,normal,synthetic_rongorongo_like,
tablet_005,98,14,g001,g001,normal,synthetic_rongorongo_like,
tablet_005,98,15,g023,g023,normal,synthetic_rongorongo_like,
tablet_005,98,16,g003,g003,normal,synthetic_rongorongo_like,
tablet_005,98,17,g064,g064,normal,synthetic_rongorongo_like,
tablet_005,98,18,g064,g064,normal,synthetic_rongorongo_like,
tablet_005,98,19,g005,g005,normal,synthetic_rongorongo_like,
tablet_005,98,20,g001,g001,normal,synthetic_rongorongo_like,
tablet_005,98,21,g062,g062,normal,synthetic_rongorongo_like,
tablet_005,98,22,g021,g021,normal,synthetic_rongorongo_like,
tablet_005,98,23,g021,g021,normal,synthetic_rongorongo_like,
tablet_005,98,24,g008,g008,normal,synthetic_rongorongo_like,
tablet_005,98,25,g008,g008,normal,synthetic_rongorongo_like,
tablet_005,98,26,g001,g001,normal,synthetic_rongorongo_like,
tablet_005,98,27,g024,g024,normal,synthetic_rongorongo_like,
tablet_005,98,28,g004,g004,normal,synthetic_rongorongo_like,
tablet_005,98,29,g004,g004,normal,synthetic_rongorongo_like,
tablet_005,98,30,g001,g001,normal,synthetic_rongorongo_like,
tablet_005,98,31,g023,g023,normal,synthetic_rongorongo_like,
tablet_005,98,32,g023,g023,normal,synthetic_rongorongo_like,
tablet_005,98,33,g061,g061,normal,synthetic_rongorongo_like,
tablet_005,98,34,g061,g061,normal,synthetic_rongorongo_like,
tablet_005,98,35,g061,g061,normal,synthetic_rongorongo_like,
tablet_005,98,36,g021,g021,normal,synthetic_rongorongo_like,
tablet_005,98,37,g090,g090,normal,synthetic_rongorongo_like,
tablet_005,98,38,g021,g021,normal,synthetic_rongorongo_like,
tablet_005,98,39,g001,g001,normal,synthetic_rongorongo_like,
tablet_005,98,40,g001,g001,normal,synthetic_rongorongo_like,
tablet_005,99,1,g021,g021,normal,synthetic_rongorongo_like,
tablet_005,99,2,g025,g025,normal,synthetic_rongorongo_like,
tablet_005,99,3,g001,g001,normal,synthetic_rongorongo_like,
tablet_005,99,4,g061,g061,normal,synthetic_rongorongo_like,
tablet_005,99,5,g063,g063,normal,synthetic_rongorongo_like,
tablet_005,99,6,g063,g063,normal,synthetic_rongorongo_like,
tablet_005,99,7,g001,g001,normal,synthetic_rongorongo_like,
tablet_005,99,8,g001,g001,normal,synthetic_rongorongo_like,
tablet_005,99,9,g032,g032,normal,synthetic_rongorongo_like,
tablet_005,99,10,g061,g061,normal,synthetic_rongorongo_like,
tablet_005,99,11,g061,g061,normal,synthetic_rongorongo_like,
tablet_005,99,12,g011,g011,normal,synthetic_rongorongo_like,
tablet_005,99,13,g022,g022,normal,synthetic_rongorongo_like,
tablet_005,99,14,g022,g022,normal,synthetic_rongorongo_like,
tablet_005,99,15,g025,g025,normal,synthetic_rongorongo_like,
tablet_005,99,16,g006,g006,normal,synthetic_rongorongo_like,
tablet_005,99,17,g003,g003,normal,synthetic_rongorongo_like,
tablet_005,99,18,g001,g001,normal,synthetic_rongorongo_like,
tablet_005,99,19,g002,g002,normal,synthetic_rongorongo_like,
tablet_005,99,20,g002,g002,normal,synthetic_rongorongo_like,
tablet_005,99,21,g001,g001,normal,synthetic_rongorongo_like,
tablet_005,99,22,g061,g061,normal,synthetic_rongorongo_like,
tablet_005,99,23,g001,g001,normal,synthetic_rongorongo_like,
tablet_005,99,24,g001,g001,normal,synthetic_rongorongo_like,
tablet_005,99,25,g002,g002,normal,synthetic_rongorongo_like,
tablet_005,99,26,g021,g021,normal,synthetic_rongorongo_like,
tablet_005,99,27,g024,g024,normal,synthetic_rongorongo_like,
tablet_005,99,28,g001,g001,normal,synthetic_rongorongo_like,
tablet_005,99,29,g001,g001,normal,synthetic_rongorongo_like,
tablet_005,99,30,g002,g002,normal,synthetic_rongorongo_like,
tablet_005,99,31,g021,g021,normal,synthetic_rongorongo_like,
tablet_005,99,32,g061,g061,normal,synthetic_rongorongo_like,
tablet_005,99,33,g061,g061,normal,synthetic_rongorongo_like,
tablet_005,99,34,g006,g006,normal,synthetic_rongorongo_like,
tablet_005,99,35,g003,g003,normal,synthetic_rongorongo_like,
tablet_005,99,36,g014,g014,normal,synthetic_rongorongo_like,
tablet_005,99,37,g005,g005,normal,synthetic_rongorongo_like,
tablet_005,99,38,g069,g069,normal,synthetic_rongorongo_like,
tablet_005,99,39,g012,g012,normal,synthetic_rongorongo_like,
tablet_005,99,40,g066,g066,normal,synthetic_rongorongo_like,
tablet_005,100,1,g061,g061,normal,synthetic_rongorongo_like,
tablet_005,100,2,g001,g001,normal,synthetic_rongorongo_like,
tablet_005,100,3,g001,g001,normal,synthetic_rongorongo_like,
tablet_005,100,4,g021,g021,normal,synthetic_rongorongo_like,
tablet_005,100,5,g021,g021,normal,synthetic_rongorongo_like,
tablet_005,100,6,g031,g031,normal,synthetic_rongorongo_like,
tablet_005,100,7,g002,g002,normal,synthetic_rongorongo_like,
tablet_005,100,8,g001,g001,normal,synthetic_rongorongo_like,
tablet_005,100,9,g021,g021,normal,synthetic_rongorongo_like,
tablet_005,100,10,g066,g066,normal,synthetic_rongorongo_like,
tablet_005,100,11,g061,g061,normal,synthetic_rongorongo_like,
tablet_005,100,12,g005,g005,normal,synthetic_rongorongo_like,
tablet_005,100,13,g021,g021,normal,synthetic_rongorongo_like,
tablet_005,100,14,g026,g026,normal,synthetic_rongorongo_like,
tablet_005,100,15,g026,g026,normal,synthetic_rongorongo_like,
tablet_005,100,16,g040,g040,normal,synthetic_rongorongo_like,
tablet_005,100,17,g018,g018,normal,synthetic_rongorongo_like,
tablet_005,100,18,g001,g001,normal,synthetic_rongorongo_like,
tablet_005,100,19,g033,g033,normal,synthetic_rongorongo_like,
tablet_005,100,20,g002,g002,normal,synthetic_rongorongo_like,
tablet_005,100,21,g001,g001,normal,synthetic_rongorongo_like,
tablet_005,100,22,g001,g001,normal,synthetic_rongorongo_like,
tablet_005,100,23,g010,g010,normal,synthetic_rongorongo_like,
tablet_005,100,24,g066,g066,normal,synthetic_rongorongo_like,
tablet_005,100,25,g054,g054,normal,synthetic_rongorongo_like,
tablet_005,100,26,g054,g054,normal,synthetic_rongorongo_like,
tablet_005,100,27,g062,g062,normal,synthetic_rongorongo_like,
tablet_005,100,28,g062,g062,normal,synthetic_rongorongo_like,
tablet_005,100,29,g001,g001,normal,synthetic_rongorongo_like,
tablet_005,100,30,g028,g028,normal,synthetic_rongorongo_like,
tablet_005,100,31,g028,g028,normal,synthetic_rongorongo_like,
tablet_005,100,32,g028,g028,normal,synthetic_rongorongo_like,
tablet_005,100,33,g001,g001,normal,synthetic_rongorongo_like,
tablet_005,100,34,g002,g002,normal,synthetic_rongorongo_like,
tablet_005,100,35,g015,g015,normal,synthetic_rongorongo_like,
tablet_005,100,36,g001,g001,normal,synthetic_rongorongo_like,
tablet_005,100,37,g001,g001,normal,synthetic_rongorongo_like,
tablet_005,100,38,g005,g005,normal,synthetic_rongorongo_like,
tablet_005,100,39,g015,g015,normal,synthetic_rongorongo_like,
tablet_005,100,40,g008,g008,normal,synthetic_rongorongo_like,
tablet_006,101,1,g002,g002,normal,synthetic_rongorongo_like,
tablet_006,101,2,g021,g021,normal,synthetic_rongorongo_like,
tablet_006,101,3,g021,g021,normal,synthetic_rongorongo_like,
tablet_006,101,4,g028,g028,normal,synthetic_rongorongo_like,
tablet_006,101,5,g001,g001,normal,synthetic_rongorongo_like,
tablet_006,101,6,g038,g038,normal,synthetic_rongorongo_like,
tablet_006,101,7,g063,g063,normal,synthetic_rongorongo_like,
tablet_006,101,8,g022,g022,normal,synthetic_rongorongo_like,
tablet_006,101,9,g025,g025,normal,synthetic_rongorongo_like,
tablet_006,101,10,g027,g027,normal,synthetic_rongorongo_like,
tablet_006,101,11,g108,g108,normal,synthetic_rongorongo_like,
tablet_006,101,12,g002,g002,normal,synthetic_rongorongo_like,
tablet_006,101,13,g025,g025,normal,synthetic_rongorongo_like,
tablet_006,101,14,g024,g024,normal,synthetic_rongorongo_like,
tablet_006,101,15,g024,g024,normal,synthetic_rongorongo_like,
tablet_006,101,16,g007,g007,normal,synthetic_rongorongo_like,
tablet_006,101,17,g021,g021,normal,synthetic_rongorongo_like,
tablet_006,101,18,g008,g008,normal,synthetic_rongorongo_like,
tablet_006,101,19,g021,g021,normal,synthetic_rongorongo_like,
tablet_006,101,20,g021,g021,normal,synthetic_rongorongo_like,
tablet_006,101,21,g063,g063,normal,synthetic_rongorongo_like,
tablet_006,101,22,g012,g012,normal,synthetic_rongorongo_like,
tablet_006,101,23,g061,g061,normal,synthetic_rongorongo_like,
tablet_006,101,24,g002,g002,normal,synthetic_rongorongo_like,
tablet_006,101,25,g022,g022,normal,synthetic_rongorongo_like,
tablet_006,101,26,g004,g004,normal,synthetic_rongorongo_like,
tablet_006,101,27,g066,g066,normal,synthetic_rongorongo_like,
tablet_006,101,28,g001,g001,normal,synthetic_rongorongo_like,
tablet_006,101,29,g001,g001,normal,synthetic_rongorongo_like,
tablet_006,101,30,g021,g021,normal,synthetic_rongorongo_like,
tablet_006,101,31,g026,g026,normal,synthetic_rongorongo_like,
tablet_006,101,32,g001,g001,normal,synthetic_rongorongo_like,
tablet_006,101,33,g069,g069,normal,synthetic_rongorongo_like,
tablet_006,101,34,g061,g061,normal,synthetic_rongorongo_like,
tablet_006,101,35,g001,g001,normal,synthetic_rongorongo_like,
tablet_006,101,36,g103,g103,normal,synthetic_rongorongo_like,
tablet_006,101,37,g028,g028,normal,synthetic_rongorongo_like,
tablet_006,101,38,g022,g022,normal,synthetic_rongorongo_like,
tablet_006,101,39,g003,g003,normal,synthetic_rongorongo_like,
tablet_006,101,40,g062,g062,normal,synthetic_rongorongo_like,
tablet_006,102,1,g022,g022,normal,synthetic_rongorongo_like,
tablet_006,102,2,g038,g038,normal,synthetic_rongorongo_like,
tablet_006,102,3,g009,g009,normal,synthetic_rongorongo_like,
tablet_006,102,4,g021,g021,normal,synthetic_rongorongo_like,
tablet_006,102,5,g021,g021,normal,synthetic_rongorongo_like,
tablet_006,102,6,g015,g015,normal,synthetic_rongorongo_like,
tablet_006,102,7,g001,g001,normal,synthetic_rongorongo_like,
tablet_006,102,8,g021,g021,normal,synthetic_rongorongo_like,
tablet_006,102,9,g010,g010,normal,synthetic_rongorongo_like,
tablet_006,102,10,g064,g064,normal,synthetic_rongorongo_like,
tablet_006,102,11,g004,g004,normal,synthetic_rongorongo_like,
tablet_006,102,12,g004,g004,normal,synthetic_rongorongo_like,
tablet_006,102,13,g004,g004,normal,synthetic_rongorongo_like,
tablet_006,102,14,g015,g015,normal,synthetic_rongorongo_like,
tablet_006,102,15,g001,g001,normal,synthetic_rongorongo_like,
tablet_006,102,16,g045,g045,normal,synthetic_rongorongo_like,
tablet_006,102,17,g063,g063,normal,synthetic_rongorongo_like,
tablet_006,102,18,g021,g021,normal,synthetic_rongorongo_like,
tablet_006,102,19,g061,g061,normal,synthetic_rongorongo_like,
tablet_006,102,20,g061,g061,normal,synthetic_rongorongo_like,
tablet_006,102,21,g064,g064,normal,synthetic_rongorongo_like,
tablet_006,102,22,g010,g010,normal,synthetic_rongorongo_like,
tablet_006,102,23,g003,g003,normal,synthetic_rongorongo_like,
tablet_006,102,24,g003,g003,normal,synthetic_rongorongo_like,
tablet_006,102,25,g022,g022,normal,synthetic_rongorongo_like,
tablet_006,102,26,g022,g022,normal,synthetic_rongorongo_like,
tablet_006,102,27,g005,g005,normal,synthetic_rongorongo_like,
tablet_006,102,28,g003,g003,normal,synthetic_rongorongo_like,
tablet_006,102,29,g064,g064,normal,synthetic_rongorongo_like,
tablet_006,102,30,g021,g021,normal,synthetic_rongorongo_like,
tablet_006,102,31,g002,g002,normal,synthetic_rongorongo_like,
tablet_006,102,32,g062,g062,normal,synthetic_rongorongo_like,
tablet_006,102,33,g023,g023,normal,synthetic_rongorongo_like,
tablet_006,102,34,g023,g023,normal,synthetic_rongorongo_like,
tablet_006,102,35,g023,g023,normal,synthetic_rongorongo_like,
tablet_006,102,36,g023,g023,normal,synthetic_rongorongo_like,
tablet_006,102,37,g008,g008,normal,synthetic_rongorongo_like,
tablet_006,102,38,g018,g018,normal,synthetic_rongorongo_like,
tablet_006,102,39,g021,g021,normal,synthetic_rongorongo_like,
tablet_006,102,40,g008,g008,normal,synthetic_rongorongo_like,
tablet_006,103,1,g021,g021,normal,synthetic_rongorongo_like,
tablet_006,103,2,g001,g001,normal,synthetic_rongorongo_like,
tablet_006,103,3,g008,g008,normal,synthetic_rongorongo_like,
tablet_006,103,4,g008,g008,normal,synthetic_rongorongo_like,
tablet_006,103,5,g022,g022,normal,synthetic_rongorongo_like,
tablet_006,103,6,g004,g004,normal,synthetic_rongorongo_like,
tablet_006,103,7,g061,g061,normal,synthetic_rongorongo_like,
tablet_006,103,8,g061,g061,normal,synthetic_rongorongo_like,
tablet_006,103,9,g061,g061,normal,synthetic_rongorongo_like,
tablet_006,103,10,g001,g001,normal,synthetic_rongorongo_like,
tablet_006,103,11,g003,g003,normal,synthetic_rongorongo_like,
tablet_006,103,12,g025,g025,normal,synthetic_rongorongo_like,
tablet_006,103,13,g001,g001,normal,synthetic_rongorongo_like,
tablet_006,103,14,g001,g001,normal,synthetic_rongorongo_like,
tablet_006,103,15,g001,g001,normal,synthetic_rongorongo_like,
tablet_006,103,16,g006,g006,normal,synthetic_rongorongo_like,
tablet_006,103,17,g006,g006,normal,synthetic_rongorongo_like,
tablet_006,103,18,g072,g072,normal,synthetic_rongorongo_like,
tablet_006,103,19,g005,g005,normal,synthetic_rongorongo_like,
tablet_006,103,20,g029,g029,normal,synthetic_rongorongo_like,
tablet_006,103,21,g023,g023,normal,synthetic_rongorongo_like,
tablet_006,103,22,g023,g023,normal,synthetic_rongorongo_like,
tablet_006,103,23,g021,g021,normal,synthetic_rongorongo_like,
tablet_006,103,24,g063,g063,normal,synthetic_rongorongo_like,
tablet_006,103,25,g021,g021,normal,synthetic_rongorongo_like,
tablet_006,103,26,g022,g022,normal,synthetic_rongorongo_like,
tablet_006,103,27,g054,g054,normal,synthetic_rongorongo_like,
tablet_006,103,28,g001,g001,normal,synthetic_rongorongo_like,
tablet_006,103,29,g001,g001,normal,synthetic_rongorongo_like,
tablet_006,103,30,g062,g062,normal,synthetic_rongorongo_like,
tablet_006,103,31,g007,g007,normal,synthetic_rongorongo_like,
tablet_006,103,32,g021,g021,normal,synthetic_rongorongo_like,
tablet_006,103,33,g021,g021,normal,synthetic_rongorongo_like,
tablet_006,103,34,g007,g007,normal,synthetic_rongorongo_like,
tablet_006,103,35,g061,g061,normal,synthetic_rongorongo_like,
tablet_006,103,36,g021,g021,normal,synthetic_rongorongo_like,
tablet_006,103,37,g040,g040,normal,synthetic_rongorongo_like,
tablet_006,103,38,g005,g005,normal,synthetic_rongorongo_like,
tablet_006,103,39,g062,g062,normal,synthetic_rongorongo_like,
tablet_006,103,40,g007,g007,normal,synthetic_rongorongo_like,
tablet_006,104,1,g002,g002,normal,synthetic_rongorongo_like,
tablet_006,104,2,g017,g017,normal,synthetic_rongorongo_like,
tablet_006,104,3,g021,g021,normal,synthetic_rongorongo_like,
tablet_006,104,4,g021,g021,normal,synthetic_rongorongo_like,
tablet_006,104,5,g010,g010,normal,synthetic_rongorongo_like,
tablet_006,104,6,g010,g010,normal,synthetic_rongorongo_like,
tablet_006,104,7,g010,g010,normal,synthetic_rongorongo_like,
tablet_006,104,8,g002,g002,normal,synthetic_rongorongo_like,
tablet_006,104,9,g098,g098,normal,synthetic_rongorongo_like,
tablet_006,104,10,g061,g061,normal,synthetic_rongorongo_like,
tablet_006,104,11,g061,g061,normal,synthetic_rongorongo_like,
tablet_006,104,12,g005,g005,normal,synthetic_rongorongo_like,
tablet_006,104,13,g001,g001,normal,synthetic_rongorongo_like,
tablet_006,104,14,g065,g065,normal,synthetic_rongorongo_like,
tablet_006,104,15,g062,g062,normal,synthetic_rongorongo_like,
tablet_006,104,16,g001,g001,normal,synthetic_rongorongo_like,
tablet_006,104,17,g001,g001,normal,synthetic_rongorongo_like,
tablet_006,104,18,g021,g021,normal,synthetic_rongorongo_like,
tablet_006,104,19,g025,g025,normal,synthetic_rongorongo_like,
tablet_006,104,20,g003,g003,normal,synthetic_rongorongo_like,
tablet_006,104,21,g001,g001,normal,synthetic_rongorongo_like,
tablet_006,104,22,g001,g001,normal,synthetic_rongorongo_like,
tablet_006,104,23,g022,g022,normal,synthetic_rongorongo_like,
tablet_006,104,24,g062,g062,normal,synthetic_rongorongo_like,
tablet_006,104,25,g017,g017,normal,synthetic_rongorongo_like,
tablet_006,104,26,g017,g017,normal,synthetic_rongorongo_like,
tablet_006,104,27,g066,g066,normal,synthetic_rongorongo_like,
tablet_006,104,28,g001,g001,normal,synthetic_rongorongo_like,
tablet_006,104,29,g012,g012,normal,synthetic_rongorongo_like,
tablet_006,104,30,g012,g012,normal,synthetic_rongorongo_like,
tablet_006,104,31,g007,g007,normal,synthetic_rongorongo_like,
tablet_006,104,32,g001,g001,normal,synthetic_rongorongo_like,
tablet_006,104,33,g001,g001,normal,synthetic_rongorongo_like,
tablet_006,104,34,g061,g061,normal,synthetic_rongorongo_like,
tablet_006,104,35,g022,g022,normal,synthetic_rongorongo_like,
tablet_006,104,36,g030,g030,normal,synthetic_rongorongo_like,
tablet_006,104,37,g021,g021,normal,synthetic_rongorongo_like,
tablet_006,104,38,g062,g062,normal,synthetic_rongorongo_like,
tablet_006,104,39,g021,g021,normal,synthetic_rongorongo_like,
tablet_006,104,40,g021,g021,normal,synthetic_rongorongo_like,
tablet_006,105,1,g007,g007,normal,synthetic_rongorongo_like,
tablet_006,105,2,g021,g021,normal,synthetic_rongorongo_like,
tablet_006,105,3,g021,g021,normal,synthetic_rongorongo_like,
tablet_006,105,4,g001,g001,normal,synthetic_rongorongo_like,
tablet_006,105,5,g061,g061,normal,synthetic_rongorongo_like,
tablet_006,105,6,g001,g001,normal,synthetic_rongorongo_like,
tablet_006,105,7,g021,g021,normal,synthetic_rongorongo_like,
tablet_006,105,8,g001,g001,normal,synthetic_rongorongo_like,
tablet_006,105,9,g021,g021,normal,synthetic_rongorongo_like,
tablet_006,105,10,g025,g025,normal,synthetic_rongorongo_like,
tablet_006,105,11,g006,g006,normal,synthetic_rongorongo_like,
tablet_006,105,12,g022,g022,normal,synthetic_rongorongo_like,
tablet_006,105,13,g028,g028,normal,synthetic_rongorongo_like,
tablet_006,105,14,g061,g061,normal,synthetic_rongorongo_like,
tablet_006,105,15,g061,g061,normal,synthetic_rongorongo_like,
tablet_006,105,16,g022,g022,normal,synthetic_rongorongo_like,
tablet_006,105,17,g024,g024,normal,synthetic_rongorongo_like,
tablet_006,105,18,g001,g001,normal,synthetic_rongorongo_like,
tablet_006,105,19,g001,g001,normal,synthetic_rongorongo_like,
tablet_006,105,20,g001,g001,normal,synthetic_rongorongo_like,
tablet_006,105,21,g061,g061,normal,synthetic_rongorongo_like,
tablet_006,105,22,g023,g023,normal,synthetic_rongorongo_like,
tablet_006,105,23,g061,g061,normal,synthetic_rongorongo_like,
tablet_006,105,24,g022,g022,normal,synthetic_rongorongo_like,
tablet_006,105,25,g022,g022,normal,synthetic_rongorongo_like,
tablet_006,105,26,g001,g001,normal,synthetic_rongorongo_like,
tablet_006,105,27,g101,g101,normal,synthetic_rongorongo_like,
tablet_006,105,28,g023,g023,normal,synthetic_rongorongo_like,
tablet_006,105,29,g003,g003,normal,synthetic_rongorongo_like,
tablet_006,105,30,g003,g003,normal,synthetic_rongorongo_like,
tablet_006,105,31,g021,g021,normal,synthetic_rongorongo_like,
tablet_006,105,32,g003,g003,normal,synthetic_rongorongo_like,
tablet_006,105,33,g062,g062,normal,synthetic_rongorongo_like,
tablet_006,105,34,g062,g062,normal,synthetic_rongorongo_like,
tablet_006,105,35,g002,g002,normal,synthetic_rongorongo_like,
tablet_006,105,36,g067,g067,normal,synthetic_rongorongo_like,
tablet_006,105,37,g025,g025,normal,synthetic_rongorongo_like,
tablet_006,105,38,g025,g025,normal,synthetic_rongorongo_like,
tablet_006,105,39,g025,g025,normal,synthetic_rongorongo_like,
tablet_006,105,40,g013,g013,normal,synthetic_rongorongo_like,
tablet_006,106,1,g063,g063,normal,synthetic_rongorongo_like,
tablet_006,106,2,g004,g004,normal,synthetic_rongorongo_like,
tablet_006,106,3,g004,g004,normal,synthetic_rongorongo_like,
tablet_006,106,4,g004,g004,normal,synthetic_rongorongo_like,
tablet_006,106,5,g001,g001,normal,synthetic_rongorongo_like,
tablet_006,106,6,g002,g002,normal,synthetic_rongorongo_like,
tablet_006,106,7,g009,g009,normal,synthetic_rongorongo_like,
tablet_006,106,8,g009,g009,normal,synthetic_rongorongo_like,
tablet_006,106,9,g045,g045,normal,synthetic_rongorongo_like,
tablet_006,106,10,g001,g001,normal,synthetic_rongorongo_like,
tablet_006,106,11,g021,g021,normal,synthetic_rongorongo_like,
tablet_006,106,12,g007,g007,normal,synthetic_rongorongo_like,
tablet_006,106,13,g021,g021,normal,synthetic_rongorongo_like,
tablet_006,106,14,g003,g003,normal,synthetic_rongorongo_like,
tablet_006,106,15,g024,g024,normal,synthetic_rongorongo_like,
tablet_006,106,16,g024,g024,normal,synthetic_rongorongo_like,
tablet_006,106,17,g001,g001,normal,synthetic_rongorongo_like,
tablet_006,106,18,g021,g021,normal,synthetic_rongorongo_like,
tablet_006,106,19,g006,g006,normal,synthetic_rongorongo_like,
tablet_006,106,20,g027,g027,normal,synthetic_rongorongo_like,
tablet_006,106,21,g061,g061,normal,synthetic_rongorongo_like,
tablet_006,106,22,g061,g061,normal,synthetic_rongorongo_like,
tablet_006,106,23,g076,g076,normal,synthetic_rongorongo_like,
tablet_006,106,24,g001,g001,normal,synthetic_rongorongo_like,
tablet_006,106,25,g004,g004,normal,synthetic_rongorongo_like,
tablet_006,106,26,g022,g022,normal,synthetic_rongorongo_like,
tablet_006,106,27,g022,g022,normal,synthetic_rongorongo_like,
tablet_006,106,28,g002,g002,normal,synthetic_rongorongo_like,
tablet_006,106,29,g021,g021,normal,synthetic_rongorongo_like,
tablet_006,106,30,g023,g023,normal,synthetic_rongorongo_like,
tablet_006,106,31,g007,g007,normal,synthetic_rongorongo_like,
tablet_006,106,32,g001,g001,normal,synthetic_rongorongo_like,
tablet_006,106,33,g062,g062,normal,synthetic_rongorongo_like,
tablet_006,106,34,g021,g021,normal,synthetic_rongorongo_like,
tablet_006,106,35,g021,g021,normal,synthetic_rongorongo_like,
tablet_006,106,36,g002,g002,normal,synthetic_rongorongo_like,
tablet_006,106,37,g061,g061,normal,synthetic_rongorongo_like,
tablet_006,106,38,g001,g001,normal,synthetic_rongorongo_like,
tablet_006,106,39,g001,g001,normal,synthetic_rongorongo_like,
tablet_006,106,40,g003,g003,normal,synthetic_rongorongo_like,
tablet_006,107,1,g022,g022,normal,synthetic_rongorongo_like,
tablet_006,107,2,g022,g022,normal,synthetic_rongorongo_like,
tablet_006,107,3,g061,g061,normal,synthetic_rongorongo_like,
tablet_006,107,4,g012,g012,normal,synthetic_rongorongo_like,
tablet_006,107,5,g021,g021,normal,synthetic_rongorongo_like,
tablet_006,107,6,g021,g021,normal,synthetic_rongorongo_like,
tablet_006,107,7,g021,g021,normal,synthetic_rongorongo_like,
tablet_006,107,8,g016,g016,normal,synthetic_rongorongo_like,
tablet_006,107,9,g021,g021,normal,synthetic_rongorongo_like,
tablet_006,107,10,g017,g017,normal,synthetic_rongorongo_like,
tablet_006,107,11,g001,g001,normal,synthetic_rongorongo_like,
tablet_006,107,12,g018,g018,normal,synthetic_rongorongo_like,
tablet_006,107,13,g002,g002,normal,synthetic_rongorongo_like,
tablet_006,107,14,g003,g003,normal,synthetic_rongorongo_like,
tablet_006,107,15,g002,g002,normal,synthetic_rongorongo_like,
tablet_006,107,16,g037,g037,normal,synthetic_rongorongo_like,
tablet_006,107,17,g021,g021,normal,synthetic_rongorongo_like,
tablet_006,107,18,g001,g001,normal,synthetic_rongorongo_like,
tablet_006,107,19,g001,g001,normal,synthetic_rongorongo_like,
tablet_006,107,20,g062,g062,normal,synthetic_rongorongo_like,
tablet_006,107,21,g035,g035,normal,synthetic_rongorongo_like,
tablet_006,107,22,g001,g001,normal,synthetic_rongorongo_like,
tablet_006,107,23,g005,g005,normal,synthetic_rongorongo_like,
tablet_006,107,24,g021,g021,normal,synthetic_rongorongo_like,
tablet_006,107,25,g021,g021,normal,synthetic_rongorongo_like,
tablet_006,107,26,g010,g010,normal,synthetic_rongorongo_like,
tablet_006,107,27,g004,g004,normal,synthetic_rongorongo_like,
tablet_006,107,28,g001,g001,normal,synthetic_rongorongo_like,
tablet_006,107,29,g062,g062,normal,synthetic_rongorongo_like,
tablet_006,107,30,g030,g030,normal,synthetic_rongorongo_like,
tablet_006,107,31,g029,g029,normal,synthetic_rongorongo_like,
tablet_006,107,32,g012,g012,normal,synthetic_rongorongo_like,
tablet_006,107,33,g025,g025,normal,synthetic_rongorongo_like,
tablet_006,107,34,g078,g078,normal,synthetic_rongorongo_like,
tablet_006,107,35,g022,g022,normal,synthetic_rongorongo_like,
tablet_006,107,36,g072,g072,normal,synthetic_rongorongo_like,
tablet_006,107,37,g072,g072,normal,synthetic_rongorongo_like,
tablet_006,107,38,g026,g026,normal,synthetic_rongorongo_like,
tablet_006,107,39,g026,g026,normal,synthetic_rongorongo_like,
tablet_006,107,40,g021,g021,normal,synthetic_rongorongo_like,
tablet_006,108,1,g007,g007,normal,synthetic_rongorongo_like,
tablet_006,108,2,g032,g032,normal,synthetic_rongorongo_like,
tablet_006,108,3,g004,g004,normal,synthetic_rongorongo_like,
tablet_006,108,4,g006,g006,normal,synthetic_rongorongo_like,
tablet_006,108,5,g002,g002,normal,synthetic_rongorongo_like,
tablet_006,108,6,g004,g004,normal,synthetic_rongorongo_like,
tablet_006,108,7,g020,g020,normal,synthetic_rongorongo_like,
tablet_006,108,8,g020,g020,normal,synthetic_rongorongo_like,
tablet_006,108,9,g003,g003,normal,synthetic_rongorongo_like,
tablet_006,108,10,g023,g023,normal,synthetic_rongorongo_like,
tablet_006,108,11,g002,g002,normal,synthetic_rongorongo_like,
tablet_006,108,12,g063,g063,normal,synthetic_rongorongo_like,
tablet_006,108,13,g005,g005,normal,synthetic_rongorongo_like,
tablet_006,108,14,g013,g013,normal,synthetic_rongorongo_like,
tablet_006,108,15,g021,g021,normal,synthetic_rongorongo_like,
tablet_006,108,16,g021,g021,normal,synthetic_rongorongo_like,
tablet_006,108,17,g021,g021,normal,synthetic_rongorongo_like,
tablet_006,108,18,g021,g021,normal,synthetic_rongorongo_like,
tablet_006,108,19,g021,g021,normal,synthetic_rongorongo_like,
tablet_006,108,20,g021,g021,normal,synthetic_rongorongo_like,
tablet_006,108,21,g001,g001,normal,synthetic_rongorongo_like,
tablet_006,108,22,g001,g001,normal,synthetic_rongorongo_like,
tablet_006,108,23,g019,g019,normal,synthetic_rongorongo_like,
tablet_006,108,24,g001,g001,normal,synthetic_rongorongo_like,
tablet_006,108,25,g019,g019,normal,synthetic_rongorongo_like,
tablet_006,108,26,g061,g061,normal,synthetic_rongorongo_like,
tablet_006,108,27,g021,g021,normal,synthetic_rongorongo_like,
tablet_006,108,28,g021,g021,normal,synthetic_rongorongo_like,
tablet_006,108,29,g010,g010,normal,synthetic_rongorongo_like,
tablet_006,108,30,g010,g010,normal,synthetic_rongorongo_like,
tablet_006,108,31,g024,g024,normal,synthetic_rongorongo_like,
tablet_006,108,32,g042,g042,normal,synthetic_rongorongo_like,
tablet_006,108,33,g042,g042,normal,synthetic_rongorongo_like,
tablet_006,108,34,g021,g021,normal,synthetic_rongorongo_like,
tablet_006,108,35,g062,g062,normal,synthetic_rongorongo_like,
tablet_006,108,36,g001,g001,normal,synthetic_rongorongo_like,
tablet_006,108,37,g021,g021,normal,synthetic_rongorongo_like,
tablet_006,108,38,g061,g061,normal,synthetic_rongorongo_like,
tablet_006,108,39,g025,g025,normal,synthetic_rongorongo_like,
tablet_006,108,40,g025,g025,normal,synthetic_rongorongo_like,
tablet_006,109,1,g004,g004,normal,synthetic_rongorongo_like,
tablet_006,109,2,g004,g004,normal,synthetic_rongorongo_like,
tablet_006,109,3,g004,g004,normal,synthetic_rongorongo_like,
tablet_006,109,4,g006,g006,normal,synthetic_rongorongo_like,
tablet_006,109,5,g004,g004,normal,synthetic_rongorongo_like,
tablet_006,109,6,g063,g063,normal,synthetic_rongorongo_like,
tablet_006,109,7,g001,g001,normal,synthetic_rongorongo_like,
tablet_006,109,8,g021,g021,normal,synthetic_rongorongo_like,
tablet_006,109,9,g062,g062,normal,synthetic_rongorongo_like,
tablet_006,109,10,g066,g066,normal,synthetic_rongorongo_like,
tablet_006,109,11,g036,g036,normal,synthetic_rongorongo_like,
tablet_006,109,12,g036,g036,normal,synthetic_rongorongo_like,
tablet_006,109,13,g084,g084,normal,synthetic_rongorongo_like,
tablet_006,109,14,g018,g018,normal,synthetic_rongorongo_like,
tablet_006,109,15,g021,g021,normal,synthetic_rongorongo_like,
tablet_006,109,16,g002,g002,normal,synthetic_rongorongo_like,
tablet_006,109,17,g028,g028,normal,synthetic_rongorongo_like,
tablet_006,109,18,g029,g029,normal,synthetic_rongorongo_like,
tablet_006,109,19,g022,g022,normal,synthetic_rongorongo_like,
tablet_006,109,20,g089,g089,normal,synthetic_rongorongo_like,
tablet_006,109,21,g001,g001,normal,synthetic_rongorongo_like,
tablet_006,109,22,g001,g001,normal,synthetic_rongorongo_like,
tablet_006,109,23,g062,g062,normal,synthetic_rongorongo_like,
tablet_006,109,24,g068,g068,normal,synthetic_rongorongo_like,
tablet_006,109,25,g068,g068,normal,synthetic_rongorongo_like,
tablet_006,109,26,g068,g068,normal,synthetic_rongorongo_like,
tablet_006,109,27,g021,g021,normal,synthetic_rongorongo_like,
tablet_006,109,28,g021,g021,normal,synthetic_rongorongo_like,
tablet_006,109,29,g023,g023,normal,synthetic_rongorongo_like,
tablet_006,109,30,g023,g023,normal,synthetic_rongorongo_like,
tablet_006,109,31,g061,g061,normal,synthetic_rongorongo_like,
tablet_006,109,32,g021,g021,normal,synthetic_rongorongo_like,
tablet_006,109,33,g061,g061,normal,synthetic_rongorongo_like,
tablet_006,109,34,g003,g003,normal,synthetic_rongorongo_like,
tablet_006,109,35,g001,g001,normal,synthetic_rongorongo_like,
tablet_006,109,36,g001,g001,normal,synthetic_rongorongo_like,
tablet_006,109,37,g062,g062,normal,synthetic_rongorongo_like,
tablet_006,109,38,g001,g001,normal,synthetic_rongorongo_like,
tablet_006,109,39,g063,g063,normal,synthetic_rongorongo_like,
tablet_006,109,40,g002,g002,normal,synthetic_rongorongo_like,
tablet_006,110,1,g034,g034,normal,synthetic_rongorongo_like,
tablet_006,110,2,g025,g025,normal,synthetic_rongorongo_like,
tablet_006,110,3,g027,g027,normal,synthetic_rongorongo_like,
tablet_006,110,4,g021,g021,normal,synthetic_rongorongo_like,
tablet_006,110,5,g001,g001,normal,synthetic_rongorongo_like,
tablet_006,110,6,g003,g003,normal,synthetic_rongorongo_like,
tablet_006,110,7,g001,g001,normal,synthetic_rongorongo_like,
tablet_006,110,8,g061,g061,normal,synthetic_rongorongo_like,
tablet_006,110,9,g021,g021,normal,synthetic_rongorongo_like,
tablet_006,110,10,g067,g067,normal,synthetic_rongorongo_like,
tablet_006,110,11,g062,g062,normal,synthetic_rongorongo_like,
tablet_006,110,12,g002,g002,normal,synthetic_rongorongo_like,
tablet_006,110,13,g030,g030,normal,synthetic_rongorongo_like,
tablet_006,110,14,g001,g001,normal,synthetic_rongorongo_like,
tablet_006,110,15,g021,g021,normal,synthetic_rongorongo_like,
tablet_006,110,16,g001,g001,normal,synthetic_rongorongo_like,
tablet_006,110,17,g061,g061,normal,synthetic_rongorongo_like,
tablet_006,110,18,g061,g061,normal,synthetic_rongorongo_like,
tablet_006,110,19,g022,g022,normal,synthetic_rongorongo_like,
tablet_006,110,20,g007,g007,normal,synthetic_rongorongo_like,
tablet_006,110,21,g013,g013,normal,synthetic_rongorongo_like,
tablet_006,110,22,g001,g001,normal,synthetic_rongorongo_like,
tablet_006,110,23,g021,g021,normal,synthetic_rongorongo_like,
tablet_006,110,24,g004,g004,normal,synthetic_rongorongo_like,
tablet_006,110,25,g001,g001,normal,synthetic_rongorongo_like,
tablet_006,110,26,g023,g023,normal,synthetic_rongorongo_like,
tablet_006,110,27,g090,g090,normal,synthetic_rongorongo_like,
tablet_006,110,28,g003,g003,normal,synthetic_rongorongo_like,
tablet_006,110,29,g026,g026,normal,synthetic_rongorongo_like,
tablet_006,110,30,g026,g026,normal,synthetic_rongorongo_like,
tablet_006,110,31,g026,g026,normal,synthetic_rongorongo_like,
tablet_006,110,32,g004,g004,normal,synthetic_rongorongo_like,
tablet_006,110,33,g061,g061,normal,synthetic_rongorongo_like,
tablet_006,110,34,g079,g079,normal,synthetic_rongorongo_like,
tablet_006,110,35,g072,g072,normal,synthetic_rongorongo_like,
tablet_006,110,36,g001,g001,normal,synthetic_rongorongo_like,
tablet_006,110,37,g014,g014,normal,synthetic_rongorongo_like,
tablet_006,110,38,g005,g005,normal,synthetic_rongorongo_like,
tablet_006,110,39,g091,g091,normal,synthetic_rongorongo_like,
tablet_006,110,40,g001,g001,normal,synthetic_rongorongo_like,
tablet_006,111,1,g001,g001,normal,synthetic_rongorongo_like,
tablet_006,111,2,g001,g001,normal,synthetic_rongorongo_like,
tablet_006,111,3,g037,g037,normal,synthetic_rongorongo_like,
tablet_006,111,4,g069,g069,normal,synthetic_rongorongo_like,
tablet_006,111,5,g066,g066,normal,synthetic_rongorongo_like,
tablet_006,111,6,g021,g021,normal,synthetic_rongorongo_like,
tablet_006,111,7,g031,g031,normal,synthetic_rongorongo_like,
tablet_006,111,8,g061,g061,normal,synthetic_rongorongo_like,
tablet_006,111,9,g015,g015,normal,synthetic_rongorongo_like,
tablet_006,111,10,g006,g006,normal,synthetic_rongorongo_like,
tablet_006,111,11,g014,g014,normal,synthetic_rongorongo_like,
tablet_006,111,12,g021,g021,normal,synthetic_rongorongo_like,
tablet_006,111,13,g021,g021,normal,synthetic_rongorongo_like,
tablet_006,111,14,g001,g001,normal,synthetic_rongorongo_like,
tablet_006,111,15,g021,g021,normal,synthetic_rongorongo_like,
tablet_006,111,16,g029,g029,normal,synthetic_rongorongo_like,
tablet_006,111,17,g008,g008,normal,synthetic_rongorongo_like,
tablet_006,111,18,g002,g002,normal,synthetic_rongorongo_like,
tablet_006,111,19,g063,g063,normal,synthetic_rongorongo_like,
tablet_006,111,20,g061,g061,normal,synthetic_rongorongo_like,
tablet_006,111,21,g001,g001,normal,synthetic_rongorongo_like,
tablet_006,111,22,g025,g025,normal,synthetic_rongorongo_like,
tablet_006,111,23,g004,g004,normal,synthetic_rongorongo_like,
tablet_006,111,24,g002,g002,normal,synthetic_rongorongo_like,
tablet_006,111,25,g002,g002,normal,synthetic_rongorongo_like,
tablet_006,111,26,g001,g001,normal,synthetic_rongorongo_like,
tablet_006,111,27,g036,g036,normal,synthetic_rongorongo_like,
tablet_006,111,28,g061,g061,normal,synthetic_rongorongo_like,
tablet_006,111,29,g021,g021,normal,synthetic_rongorongo_like,
tablet_006,111,30,g021,g021,normal,synthetic_rongorongo_like,
tablet_006,111,31,g061,g061,normal,synthetic_rongorongo_like,
tablet_006,111,32,g061,g061,normal,synthetic_rongorongo_like,
tablet_006,111,33,g062,g062,normal,synthetic_rongorongo_like,
tablet_006,111,34,g061,g061,normal,synthetic_rongorongo_like,
tablet_006,111,35,g021,g021,normal,synthetic_rongorongo_like,
tablet_006,111,36,g001,g001,normal,synthetic_rongorongo_like,
tablet_006,111,37,g045,g045,normal,synthetic_rongorongo_like,
tablet_006,111,38,g024,g024,normal,synthetic_rongorongo_like,
tablet_006,111,39,g001,g001,normal,synthetic_rongorongo_like,
tablet_006,111,40,g061,g061,normal,synthetic_rongorongo_like,
tablet_006,112,1,g061,g061,normal,synthetic_rongorongo_like,
tablet_006,112,2,g061,g061,normal,synthetic_rongorongo_like,
tablet_006,112,3,g009,g009,normal,synthetic_rongorongo_like,
tablet_006,112,4,g065,g065,normal,synthetic_rongorongo_like,
tablet_006,112,5,g061,g061,normal,synthetic_rongorongo_like,
tablet_006,112,6,g002,g002,normal,synthetic_rongorongo_like,
tablet_006,112,7,g005,g005,normal,synthetic_rongorongo_like,
tablet_006,112,8,g089,g089,normal,synthetic_rongorongo_like,
tablet_006,112,9,g061,g061,normal,synthetic_rongorongo_like,
tablet_006,112,10,g001,g001,normal,synthetic_rongorongo_like,
tablet_006,112,11,g001,g001,normal,synthetic_rongorongo_like,
tablet_006,112,12,g003,g003,normal,synthetic_rongorongo_like,
tablet_006,112,13,g007,g007,normal,synthetic_rongorongo_like,
tablet_006,112,14,g005,g005,normal,synthetic_rongorongo_like,
tablet_006,112,15,g022,g022,normal,synthetic_rongorongo_like,
tablet_006,112,16,g004,g004,normal,synthetic_rongorongo_like,
tablet_006,112,17,g024,g024,normal,synthetic_rongorongo_like,
tablet_006,112,18,g028,g028,normal,synthetic_rongorongo_like,
tablet_006,112,19,g001,g001,normal,synthetic_rongorongo_like,
tablet_006,112,20,g001,g001,normal,synthetic_rongorongo_like,
tablet_006,112,21,g009,g009,normal,synthetic_rongorongo_like,
tablet_006,112,22,g002,g002,normal,synthetic_rongorongo_like,
tablet_006,112,23,g002,g002,normal,synthetic_rongorongo_like,
tablet_006,112,24,g061,g061,normal,synthetic_rongorongo_like,
tablet_006,112,25,g021,g021,normal,synthetic_rongorongo_like,
tablet_006,112,26,g011,g011,normal,synthetic_rongorongo_like,
tablet_006,112,27,g004,g004,normal,synthetic_rongorongo_like,
tablet_006,112,28,g009,g009,normal,synthetic_rongorongo_like,
tablet_006,112,29,g009,g009,normal,synthetic_rongorongo_like,
tablet_006,112,30,g009,g009,normal,synthetic_rongorongo_like,
tablet_006,112,31,g007,g007,normal,synthetic_rongorongo_like,
tablet_006,112,32,g025,g025,normal,synthetic_rongorongo_like,
tablet_006,112,33,g028,g028,normal,synthetic_rongorongo_like,
tablet_006,112,34,g001,g001,normal,synthetic_rongorongo_like,
tablet_006,112,35,g001,g001,normal,synthetic_rongorongo_like,
tablet_006,112,36,g002,g002,normal,synthetic_rongorongo_like,
tablet_006,112,37,g002,g002,normal,synthetic_rongorongo_like,
tablet_006,112,38,g021,g021,normal,synthetic_rongorongo_like,
tablet_006,112,39,g001,g001,normal,synthetic_rongorongo_like,
tablet_006,112,40,g027,g027,normal,synthetic_rongorongo_like,
tablet_006,113,1,g046,g046,normal,synthetic_rongorongo_like,
tablet_006,113,2,g046,g046,normal,synthetic_rongorongo_like,
tablet_006,113,3,g046,g046,normal,synthetic_rongorongo_like,
tablet_006,113,4,g021,g021,normal,synthetic_rongorongo_like,
tablet_006,113,5,g021,g021,normal,synthetic_rongorongo_like,
tablet_006,113,6,g021,g021,normal,synthetic_rongorongo_like,
tablet_006,113,7,g021,g021,normal,synthetic_rongorongo_like,
tablet_006,113,8,g021,g021,normal,synthetic_rongorongo_like,
tablet_006,113,9,g021,g021,normal,synthetic_rongorongo_like,
tablet_006,113,10,g021,g021,normal,synthetic_rongorongo_like,
tablet_006,113,11,g064,g064,normal,synthetic_rongorongo_like,
tablet_006,113,12,g065,g065,normal,synthetic_rongorongo_like,
tablet_006,113,13,g003,g003,normal,synthetic_rongorongo_like,
tablet_006,113,14,g002,g002,normal,synthetic_rongorongo_like,
tablet_006,113,15,g001,g001,normal,synthetic_rongorongo_like,
tablet_006,113,16,g022,g022,normal,synthetic_rongorongo_like,
tablet_006,113,17,g003,g003,normal,synthetic_rongorongo_like,
tablet_006,113,18,g011,g011,normal,synthetic_rongorongo_like,
tablet_006,113,19,g026,g026,normal,synthetic_rongorongo_like,
tablet_006,113,20,g001,g001,normal,synthetic_rongorongo_like,
tablet_006,113,21,g021,g021,normal,synthetic_rongorongo_like,
tablet_006,113,22,g002,g002,normal,synthetic_rongorongo_like,
tablet_006,113,23,g002,g002,normal,synthetic_rongorongo_like,
tablet_006,113,24,g001,g001,normal,synthetic_rongorongo_like,
tablet_006,113,25,g009,g009,normal,synthetic_rongorongo_like,
tablet_006,113,26,g002,g002,normal,synthetic_rongorongo_like,
tablet_006,113,27,g023,g023,normal,synthetic_rongorongo_like,
tablet_006,113,28,g016,g016,normal,synthetic_rongorongo_like,
tablet_006,113,29,g062,g062,normal,synthetic_rongorongo_like,
tablet_006,113,30,g062,g062,normal,synthetic_rongorongo_like,
tablet_006,113,31,g021,g021,normal,synthetic_rongorongo_like,
tablet_006,113,32,g018,g018,normal,synthetic_rongorongo_like,
tablet_006,113,33,g061,g061,normal,synthetic_rongorongo_like,
tablet_006,113,34,g023,g023,normal,synthetic_rongorongo_like,
tablet_006,113,35,g001,g001,normal,synthetic_rongorongo_like,
tablet_006,113,36,g062,g062,normal,synthetic_rongorongo_like,
tablet_006,113,37,g022,g022,normal,synthetic_rongorongo_like,
tablet_006,113,38,g022,g022,normal,synthetic_rongorongo_like,
tablet_006,113,39,g001,g001,normal,synthetic_rongorongo_like,
tablet_006,113,40,g061,g061,normal,synthetic_rongorongo_like,
tablet_006,114,1,g002,g002,normal,synthetic_rongorongo_like,
tablet_006,114,2,g002,g002,normal,synthetic_rongorongo_like,
tablet_006,114,3,g002,g002,normal,synthetic_rongorongo_like,
tablet_006,114,4,g013,g013,normal,synthetic_rongorongo_like,
tablet_006,114,5,g013,g013,normal,synthetic_rongorongo_like,
tablet_006,114,6,g013,g013,normal,synthetic_rongorongo_like,
tablet_006,114,7,g001,g001,normal,synthetic_rongorongo_like,
tablet_006,114,8,g007,g007,normal,synthetic_rongorongo_like,
tablet_006,114,9,g022,g022,normal,synthetic_rongorongo_like,
tablet_006,114,10,g009,g009,normal,synthetic_rongorongo_like,
tablet_006,114,11,g063,g063,normal,synthetic_rongorongo_like,
tablet_006,114,12,g022,g022,normal,synthetic_rongorongo_like,
tablet_006,114,13,g006,g006,normal,synthetic_rongorongo_like,
tablet_006,114,14,g061,g061,normal,synthetic_rongorongo_like,
tablet_006,114,15,g021,g021,normal,synthetic_rongorongo_like,
tablet_006,114,16,g001,g001,normal,synthetic_rongorongo_like,
tablet_006,114,17,g001,g001,normal,synthetic_rongorongo_like,
tablet_006,114,18,g025,g025,normal,synthetic_rongorongo_like,
tablet_006,114,19,g062,g062,normal,synthetic_rongorongo_like,
tablet_006,114,20,g022,g022,normal,synthetic_rongorongo_like,
tablet_006,114,21,g021,g021,normal,synthetic_rongorongo_like,
tablet_006,114,22,g005,g005,normal,synthetic_rongorongo_like,
tablet_006,114,23,g021,g021,normal,synthetic_rongorongo_like,
tablet_006,114,24,g036,g036,normal,synthetic_rongorongo_like,
tablet_006,114,25,g061,g061,normal,synthetic_rongorongo_like,
tablet_006,114,26,g002,g002,normal,synthetic_rongorongo_like,
tablet_006,114,27,g006,g006,normal,synthetic_rongorongo_like,
tablet_006,114,28,g021,g021,normal,synthetic_rongorongo_like,
tablet_006,114,29,g021,g021,normal,synthetic_rongorongo_like,
tablet_006,114,30,g021,g021,normal,synthetic_rongorongo_like,
tablet_006,114,31,g016,g016,normal,synthetic_rongorongo_like,
tablet_006,114,32,g022,g022,normal,synthetic_rongorongo_like,
tablet_006,114,33,g022,g022,normal,synthetic_rongorongo_like,
tablet_006,114,34,g022,g022,normal,synthetic_rongorongo_like,
tablet_006,114,35,g001,g001,normal,synthetic_rongorongo_like,
tablet_006,114,36,g001,g001,normal,synthetic_rongorongo_like,
tablet_006,114,37,g007,g007,normal,synthetic_rongorongo_like,
tablet_006,114,38,g021,g021,normal,synthetic_rongorongo_like,
tablet_006,114,39,g015,g015,normal,synthetic_rongorongo_like,
tablet_006,114,40,g021,g021,normal,synthetic_rongorongo_like,
tablet_006,115,1,g001,g001,normal,synthetic_rongorongo_like,
tablet_006,115,2,g046,g046,normal,synthetic_rongorongo_like,
tablet_006,115,3,g001,g001,normal,synthetic_rongorongo_like,
tablet_006,115,4,g022,g022,normal,synthetic_rongorongo_like,
tablet_006,115,5,g022,g022,normal,synthetic_rongorongo_like,
tablet_006,115,6,g013,g013,normal,synthetic_rongorongo_like,
tablet_006,115,7,g001,g001,normal,synthetic_rongorongo_like,
tablet_006,115,8,g022,g022,normal,synthetic_rongorongo_like,
tablet_006,115,9,g003,g003,normal,synthetic_rongorongo_like,
tablet_006,115,10,g028,g028,normal,synthetic_rongorongo_like,
tablet_006,115,11,g064,g064,normal,synthetic_rongorongo_like,
tablet_006,115,12,g021,g021,normal,synthetic_rongorongo_like,
tablet_006,115,13,g001,g001,normal,synthetic_rongorongo_like,
tablet_006,115,14,g061,g061,normal,synthetic_rongorongo_like,
tablet_006,115,15,g061,g061,normal,synthetic_rongorongo_like,
tablet_006,115,16,g026,g026,normal,synthetic_rongorongo_like,
tablet_006,115,17,g026,g026,normal,synthetic_rongorongo_like,
tablet_006,115,18,g021,g021,normal,synthetic_rongorongo_like,
tablet_006,115,19,g001,g001,normal,synthetic_rongorongo_like,
tablet_006,115,20,g023,g023,normal,synthetic_rongorongo_like,
tablet_006,115,21,g001,g001,normal,synthetic_rongorongo_like,
tablet_006,115,22,g034,g034,normal,synthetic_rongorongo_like,
tablet_006,115,23,g001,g001,normal,synthetic_rongorongo_like,
tablet_006,115,24,g001,g001,normal,synthetic_rongorongo_like,
tablet_006,115,25,g001,g001,normal,synthetic_rongorongo_like,
tablet_006,115,26,g002,g002,normal,synthetic_rongorongo_like,
tablet_006,115,27,g002,g002,normal,synthetic_rongorongo_like,
tablet_006,115,28,g002,g002,normal,synthetic_rongorongo_like,
tablet_006,115,29,g006,g006,normal,synthetic_rongorongo_like,
tablet_006,115,30,g021,g021,normal,synthetic_rongorongo_like,
tablet_006,115,31,g021,g021,normal,synthetic_rongorongo_like,
tablet_006,115,32,g061,g061,normal,synthetic_rongorongo_like,
tablet_006,115,33,g001,g001,normal,synthetic_rongorongo_like,
tablet_006,115,34,g061,g061,normal,synthetic_rongorongo_like,
tablet_006,115,35,g021,g021,normal,synthetic_rongorongo_like,
tablet_006,115,36,g026,g026,normal,synthetic_rongorongo_like,
tablet_006,115,37,g026,g026,normal,synthetic_rongorongo_like,
tablet_006,115,38,g023,g023,normal,synthetic_rongorongo_like,
tablet_006,115,39,g023,g023,normal,synthetic_rongorongo_like,
tablet_006,115,40,g009,g009,normal,synthetic_rongorongo_like,
tablet_006,116,1,g062,g062,normal,synthetic_rongorongo_like,
tablet_006,116,2,g001,g001,normal,synthetic_rongorongo_like,
tablet_006,116,3,g072,g072,normal,synthetic_rongorongo_like,
tablet_006,116,4,g072,g072,normal,synthetic_rongorongo_like,
tablet_006,116,5,g072,g072,normal,synthetic_rongorongo_like,
tablet_006,116,6,g061,g061,normal,synthetic_rongorongo_like,
tablet_006,116,7,g074,g074,normal,synthetic_rongorongo_like,
tablet_006,116,8,g001,g001,normal,synthetic_rongorongo_like,
tablet_006,116,9,g001,g001,normal,synthetic_rongorongo_like,
tablet_006,116,10,g002,g002,normal,synthetic_rongorongo_like,
tablet_006,116,11,g014,g014,normal,synthetic_rongorongo_like,
tablet_006,116,12,g061,g061,normal,synthetic_rongorongo_like,
tablet_006,116,13,g048,g048,normal,synthetic_rongorongo_like,
tablet_006,116,14,g061,g061,normal,synthetic_rongorongo_like,
tablet_006,116,15,g001,g001,normal,synthetic_rongorongo_like,
tablet_006,116,16,g025,g025,normal,synthetic_rongorongo_like,
tablet_006,116,17,g025,g025,normal,synthetic_rongorongo_like,
tablet_006,116,18,g002,g002,normal,synthetic_rongorongo_like,
tablet_006,116,19,g024,g024,normal,synthetic_rongorongo_like,
tablet_006,116,20,g024,g024,normal,synthetic_rongorongo_like,
tablet_006,116,21,g004,g004,normal,synthetic_rongorongo_like,
tablet_006,116,22,g022,g022,normal,synthetic_rongorongo_like,
tablet_006,116,23,g039,g039,normal,synthetic_rongorongo_like,
tablet_006,116,24,g002,g002,normal,synthetic_rongorongo_like,
tablet_006,116,25,g002,g002,normal,synthetic_rongorongo_like,
tablet_006,116,26,g037,g037,normal,synthetic_rongorongo_like,
tablet_006,116,27,g004,g004,normal,synthetic_rongorongo_like,
tablet_006,116,28,g014,g014,normal,synthetic_rongorongo_like,
tablet_006,116,29,g024,g024,normal,synthetic_rongorongo_like,
tablet_006,116,30,g001,g001,normal,synthetic_rongorongo_like,
tablet_006,116,31,g021,g021,normal,synthetic_rongorongo_like,
tablet_006,116,32,g002,g002,normal,synthetic_rongorongo_like,
tablet_006,116,33,g022,g022,normal,synthetic_rongorongo_like,
tablet_006,116,34,g058,g058,normal,synthetic_rongorongo_like,
tablet_006,116,35,g058,g058,normal,synthetic_rongorongo_like,
tablet_006,116,36,g001,g001,normal,synthetic_rongorongo_like,
tablet_006,116,37,g022,g022,normal,synthetic_rongorongo_like,
tablet_006,116,38,g022,g022,normal,synthetic_rongorongo_like,
tablet_006,116,39,g001,g001,normal,synthetic_rongorongo_like,
tablet_006,116,40,g002,g002,normal,synthetic_rongorongo_like,
tablet_006,117,1,g021,g021,normal,synthetic_rongorongo_like,
tablet_006,117,2,g037,g037,normal,synthetic_rongorongo_like,
tablet_006,117,3,g037,g037,normal,synthetic_rongorongo_like,
tablet_006,117,4,g037,g037,normal,synthetic_rongorongo_like,
tablet_006,117,5,g023,g023,normal,synthetic_rongorongo_like,
tablet_006,117,6,g036,g036,normal,synthetic_rongorongo_like,
tablet_006,117,7,g021,g021,normal,synthetic_rongorongo_like,
tablet_006,117,8,g021,g021,normal,synthetic_rongorongo_like,
tablet_006,117,9,g021,g021,normal,synthetic_rongorongo_like,
tablet_006,117,10,g050,g050,normal,synthetic_rongorongo_like,
tablet_006,117,11,g021,g021,normal,synthetic_rongorongo_like,
tablet_006,117,12,g035,g035,normal,synthetic_rongorongo_like,
tablet_006,117,13,g035,g035,normal,synthetic_rongorongo_like,
tablet_006,117,14,g027,g027,normal,synthetic_rongorongo_like,
tablet_006,117,15,g021,g021,normal,synthetic_rongorongo_like,
tablet_006,117,16,g001,g001,normal,synthetic_rongorongo_like,
tablet_006,117,17,g020,g020,normal,synthetic_rongorongo_like,
tablet_006,117,18,g001,g001,normal,synthetic_rongorongo_like,
tablet_006,117,19,g021,g021,normal,synthetic_rongorongo_like,
tablet_006,117,20,g017,g017,normal,synthetic_rongorongo_like,
tablet_006,117,21,g063,g063,normal,synthetic_rongorongo_like,
tablet_006,117,22,g037,g037,normal,synthetic_rongorongo_like,
tablet_006,117,23,g037,g037,normal,synthetic_rongorongo_like,
tablet_006,117,24,g005,g005,normal,synthetic_rongorongo_like,
tablet_006,117,25,g021,g021,normal,synthetic_rongorongo_like,
tablet_006,117,26,g020,g020,normal,synthetic_rongorongo_like,
tablet_006,117,27,g061,g061,normal,synthetic_rongorongo_like,
tablet_006,117,28,g082,g082,normal,synthetic_rongorongo_like,
tablet_006,117,29,g021,g021,normal,synthetic_rongorongo_like,
tablet_006,117,30,g021,g021,normal,synthetic_rongorongo_like,
tablet_006,117,31,g001,g001,normal,synthetic_rongorongo_like,
tablet_006,117,32,g008,g008,normal,synthetic_rongorongo_like,
tablet_006,117,33,g028,g028,normal,synthetic_rongorongo_like,
tablet_006,117,34,g022,g022,normal,synthetic_rongorongo_like,
tablet_006,117,35,g004,g004,normal,synthetic_rongorongo_like,
tablet_006,117,36,g094,g094,normal,synthetic_rongorongo_like,
tablet_006,117,37,g015,g015,normal,synthetic_rongorongo_like,
tablet_006,117,38,g015,g015,normal,synthetic_rongorongo_like,
tablet_006,117,39,g092,g092,normal,synthetic_rongorongo_like,
tablet_006,117,40,g021,g021,normal,synthetic_rongorongo_like,
tablet_006,118,1,g061,g061,normal,synthetic_rongorongo_like,
tablet_006,118,2,g023,g023,normal,synthetic_rongorongo_like,
tablet_006,118,3,g034,g034,normal,synthetic_rongorongo_like,
tablet_006,118,4,g063,g063,normal,synthetic_rongorongo_like,
tablet_006,118,5,g063,g063,normal,synthetic_rongorongo_like,
tablet_006,118,6,g013,g013,normal,synthetic_rongorongo_like,
tablet_006,118,7,g021,g021,normal,synthetic_rongorongo_like,
tablet_006,118,8,g021,g021,normal,synthetic_rongorongo_like,
tablet_006,118,9,g061,g061,normal,synthetic_rongorongo_like,
tablet_006,118,10,g062,g062,normal,synthetic_rongorongo_like,
tablet_006,118,11,g062,g062,normal,synthetic_rongorongo_like,
tablet_006,118,12,g021,g021,normal,synthetic_rongorongo_like,
tablet_006,118,13,g019,g019,normal,synthetic_rongorongo_like,
tablet_006,118,14,g003,g003,normal,synthetic_rongorongo_like,
tablet_006,118,15,g001,g001,normal,synthetic_rongorongo_like,
tablet_006,118,16,g004,g004,normal,synthetic_rongorongo_like,
tablet_006,118,17,g061,g061,normal,synthetic_rongorongo_like,
tablet_006,118,18,g002,g002,normal,synthetic_rongorongo_like,
tablet_006,118,19,g023,g023,normal,synthetic_rongorongo_like,
tablet_006,118,20,g023,g023,normal,synthetic_rongorongo_like,
tablet_006,118,21,g001,g001,normal,synthetic_rongorongo_like,
tablet_006,118,22,g001,g001,normal,synthetic_rongorongo_like,
tablet_006,118,23,g019,g019,normal,synthetic_rongorongo_like,
tablet_006,118,24,g019,g019,normal,synthetic_rongorongo_like,
tablet_006,118,25,g019,g019,normal,synthetic_rongorongo_like,
tablet_006,118,26,g001,g001,normal,synthetic_rongorongo_like,
tablet_006,118,27,g001,g001,normal,synthetic_rongorongo_like,
tablet_006,118,28,g001,g001,normal,synthetic_rongorongo_like,
tablet_006,118,29,g030,g030,normal,synthetic_rongorongo_like,
tablet_006,118,30,g030,g030,normal,synthetic_rongorongo_like,
tablet_006,118,31,g030,g030,normal,synthetic_rongorongo_like,
tablet_006,118,32,g025,g025,normal,synthetic_rongorongo_like,
tablet_006,118,33,g009,g009,normal,synthetic_rongorongo_like,
tablet_006,118,34,g023,g023,normal,synthetic_rongorongo_like,
tablet_006,118,35,g061,g061,normal,synthetic_rongorongo_like,
tablet_006,118,36,g004,g004,normal,synthetic_rongorongo_like,
tablet_006,118,37,g020,g020,normal,synthetic_rongorongo_like,
tablet_006,118,38,g021,g021,normal,synthetic_rongorongo_like,
tablet_006,118,39,g062,g062,normal,synthetic_rongorongo_like,
tablet_006,118,40,g027,g027,normal,synthetic_rongorongo_like,
tablet_006,119,1,g021,g021,normal,synthetic_rongorongo_like,
tablet_006,119,2,g021,g021,normal,synthetic_rongorongo_like,
tablet_006,119,3,g012,g012,normal,synthetic_rongorongo_like,
tablet_006,119,4,g012,g012,normal,synthetic_rongorongo_like,
tablet_006,119,5,g023,g023,normal,synthetic_rongorongo_like,
tablet_006,119,6,g023,g023,normal,synthetic_rongorongo_like,
tablet_006,119,7,g023,g023,normal,synthetic_rongorongo_like,
tablet_006,119,8,g001,g001,normal,synthetic_rongorongo_like,
tablet_006,119,9,g024,g024,normal,synthetic_rongorongo_like,
tablet_006,119,10,g021,g021,normal,synthetic_rongorongo_like,
tablet_006,119,11,g003,g003,normal,synthetic_rongorongo_like,
tablet_006,119,12,g023,g023,normal,synthetic_rongorongo_like,
tablet_006,119,13,g061,g061,normal,synthetic_rongorongo_like,
tablet_006,119,14,g061,g061,normal,synthetic_rongorongo_like,
tablet_006,119,15,g061,g061,normal,synthetic_rongorongo_like,
tablet_006,119,16,g002,g002,normal,synthetic_rongorongo_like,
tablet_006,119,17,g003,g003,normal,synthetic_rongorongo_like,
tablet_006,119,18,g027,g027,normal,synthetic_rongorongo_like,
tablet_006,119,19,g027,g027,normal,synthetic_rongorongo_like,
tablet_006,119,20,g027,g027,normal,synthetic_rongorongo_like,
tablet_006,119,21,g065,g065,normal,synthetic_rongorongo_like,
tablet_006,119,22,g062,g062,normal,synthetic_rongorongo_like,
tablet_006,119,23,g062,g062,normal,synthetic_rongorongo_like,
tablet_006,119,24,g062,g062,normal,synthetic_rongorongo_like,
tablet_006,119,25,g001,g001,normal,synthetic_rongorongo_like,
tablet_006,119,26,g001,g001,normal,synthetic_rongorongo_like,
tablet_006,119,27,g049,g049,normal,synthetic_rongorongo_like,
tablet_006,119,28,g049,g049,normal,synthetic_rongorongo_like,
tablet_006,119,29,g049,g049,normal,synthetic_rongorongo_like,
tablet_006,119,30,g021,g021,normal,synthetic_rongorongo_like,
tablet_006,119,31,g023,g023,normal,synthetic_rongorongo_like,
tablet_006,119,32,g061,g061,normal,synthetic_rongorongo_like,
tablet_006,119,33,g023,g023,normal,synthetic_rongorongo_like,
tablet_006,119,34,g013,g013,normal,synthetic_rongorongo_like,
tablet_006,119,35,g021,g021,normal,synthetic_rongorongo_like,
tablet_006,119,36,g067,g067,normal,synthetic_rongorongo_like,
tablet_006,119,37,g001,g001,normal,synthetic_rongorongo_like,
tablet_006,119,38,g030,g030,normal,synthetic_rongorongo_like,
tablet_006,119,39,g030,g030,normal,synthetic_rongorongo_like,
tablet_006,119,40,g026,g026,normal,synthetic_rongorongo_like,
tablet_006,120,1,g014,g014,normal,synthetic_rongorongo_like,
tablet_006,120,2,g061,g061,normal,synthetic_rongorongo_like,
tablet_006,120,3,g006,g006,normal,synthetic_rongorongo_like,
tablet_006,120,4,g006,g006,normal,synthetic_rongorongo_like,
tablet_006,120,5,g022,g022,normal,synthetic_rongorongo_like,
tablet_006,120,6,g017,g017,normal,synthetic_rongorongo_like,
tablet_006,120,7,g061,g061,normal,synthetic_rongorongo_like,
tablet_006,120,8,g010,g010,normal,synthetic_rongorongo_like,
tablet_006,120,9,g005,g005,normal,synthetic_rongorongo_like,
tablet_006,120,10,g005,g005,normal,synthetic_rongorongo_like,
tablet_006,120,11,g022,g022,normal,synthetic_rongorongo_like,
tablet_006,120,12,g061,g061,normal,synthetic_rongorongo_like,
tablet_006,120,13,g001,g001,normal,synthetic_rongorongo_like,
tablet_006,120,14,g014,g014,normal,synthetic_rongorongo_like,
tablet_006,120,15,g014,g014,normal,synthetic_rongorongo_like,
tablet_006,120,16,g014,g014,normal,synthetic_rongorongo_like,
tablet_006,120,17,g022,g022,normal,synthetic_rongorongo_like,
tablet_006,120,18,g002,g002,normal,synthetic_rongorongo_like,
tablet_006,120,19,g028,g028,normal,synthetic_rongorongo_like,
tablet_006,120,20,g028,g028,normal,synthetic_rongorongo_like,
tablet_006,120,21,g016,g016,normal,synthetic_rongorongo_like,
tablet_006,120,22,g007,g007,normal,synthetic_rongorongo_like,
tablet_006,120,23,g075,g075,normal,synthetic_rongorongo_like,
tablet_006,120,24,g001,g001,normal,synthetic_rongorongo_like,
tablet_006,120,25,g001,g001,normal,synthetic_rongorongo_like,
tablet_006,120,26,g021,g021,normal,synthetic_rongorongo_like,
tablet_006,120,27,g007,g007,normal,synthetic_rongorongo_like,
tablet_006,120,28,g031,g031,normal,synthetic_rongorongo_like,
tablet_006,120,29,g031,g031,normal,synthetic_rongorongo_like,
tablet_006,120,30,g031,g031,normal,synthetic_rongorongo_like,
tablet_006,120,31,g001,g001,normal,synthetic_rongorongo_like,
tablet_006,120,32,g022,g022,normal,synthetic_rongorongo_like,
tablet_006,120,33,g005,g005,normal,synthetic_rongorongo_like,
tablet_006,120,34,g090,g090,normal,synthetic_rongorongo_like,
tablet_006,120,35,g001,g001,normal,synthetic_rongorongo_like,
tablet_006,120,36,g004,g004,normal,synthetic_rongorongo_like,
tablet_006,120,37,g001,g001,normal,synthetic_rongorongo_like,
tablet_006,120,38,g001,g001,normal,synthetic_rongorongo_like,
tablet_006,120,39,g001,g001,normal,synthetic_rongorongo_like,
tablet_006,120,40,g001,g001,normal,synthetic_rongorongo_like,
tablet_007,121,1,g035,g035,normal,synthetic_rongorongo_like,
tablet_007,121,2,g035,g035,normal,synthetic_rongorongo_like,
tablet_007,121,3,g021,g021,normal,synthetic_rongorongo_like,
tablet_007,121,4,g001,g001,normal,synthetic_rongorongo_like,
tablet_007,121,5,g026,g026,normal,synthetic_rongorongo_like,
tablet_007,121,6,g011,g011,normal,synthetic_rongorongo_like,
tablet_007,121,7,g001,g001,normal,synthetic_rongorongo_like,
tablet_007,121,8,g023,g023,normal,synthetic_rongorongo_like,
tablet_007,121,9,g061,g061,normal,synthetic_rongorongo_like,
tablet_007,121,10,g064,g064,normal,synthetic_rongorongo_like,
tablet_007,121,11,g021,g021,normal,synthetic_rongorongo_like,
tablet_007,121,12,g021,g021,normal,synthetic_rongorongo_like,
tablet_007,121,13,g021,g021,normal,synthetic_rongorongo_like,
tablet_007,121,14,g022,g022,normal,synthetic_rongorongo_like,
tablet_007,121,15,g018,g018,normal,synthetic_rongorongo_like,
tablet_007,121,16,g001,g001,normal,synthetic_rongorongo_like,
tablet_007,121,17,g001,g001,normal,synthetic_rongorongo_like,
tablet_007,121,18,g002,g002,normal,synthetic_rongorongo_like,
tablet_007,121,19,g002,g002,normal,synthetic_rongorongo_like,
tablet_007,121,20,g001,g001,normal,synthetic_rongorongo_like,
tablet_007,121,21,g011,g011,normal,synthetic_rongorongo_like,
tablet_007,121,22,g021,g021,normal,synthetic_rongorongo_like,
tablet_007,121,23,g062,g062,normal,synthetic_rongorongo_like,
tablet_007,121,24,g001,g001,normal,synthetic_rongorongo_like,
tablet_007,121,25,g001,g001,normal,synthetic_rongorongo_like,
tablet_007,121,26,g001,g001,normal,synthetic_rongorongo_like,
tablet_007,121,27,g021,g021,normal,synthetic_rongorongo_like,
tablet_007,121,28,g012,g012,normal,synthetic_rongorongo_like,
tablet_007,121,29,g022,g022,normal,synthetic_rongorongo_like,
tablet_007,121,30,g062,g062,normal,synthetic_rongorongo_like,
tablet_007,121,31,g021,g021,normal,synthetic_rongorongo_like,
tablet_007,121,32,g024,g024,normal,synthetic_rongorongo_like,
tablet_007,121,33,g024,g024,normal,synthetic_rongorongo_like,
tablet_007,121,34,g022,g022,normal,synthetic_rongorongo_like,
tablet_007,121,35,g022,g022,normal,synthetic_rongorongo_like,
tablet_007,121,36,g001,g001,normal,synthetic_rongorongo_like,
tablet_007,121,37,g003,g003,normal,synthetic_rongorongo_like,
tablet_007,121,38,g035,g035,normal,synthetic_rongorongo_like,
tablet_007,121,39,g021,g021,normal,synthetic_rongorongo_like,
tablet_007,121,40,g021,g021,normal,synthetic_rongorongo_like,
tablet_007,122,1,g001,g001,normal,synthetic_rongorongo_like,
tablet_007,122,2,g027,g027,normal,synthetic_rongorongo_like,
tablet_007,122,3,g001,g001,normal,synthetic_rongorongo_like,
tablet_007,122,4,g022,g022,normal,synthetic_rongorongo_like,
tablet_007,122,5,g004,g004,normal,synthetic_rongorongo_like,
tablet_007,122,6,g026,g026,normal,synthetic_rongorongo_like,
tablet_007,122,7,g001,g001,normal,synthetic_rongorongo_like,
tablet_007,122,8,g001,g001,normal,synthetic_rongorongo_like,
tablet_007,122,9,g061,g061,normal,synthetic_rongorongo_like,
tablet_007,122,10,g022,g022,normal,synthetic_rongorongo_like,
tablet_007,122,11,g061,g061,normal,synthetic_rongorongo_like,
tablet_007,122,12,g061,g061,normal,synthetic_rongorongo_like,
tablet_007,122,13,g061,g061,normal,synthetic_rongorongo_like,
tablet_007,122,14,g061,g061,normal,synthetic_rongorongo_like,
tablet_007,122,15,g034,g034,normal,synthetic_rongorongo_like,
tablet_007,122,16,g005,g005,normal,synthetic_rongorongo_like,
tablet_007,122,17,g005,g005,normal,synthetic_rongorongo_like,
tablet_007,122,18,g005,g005,normal,synthetic_rongorongo_like,
tablet_007,122,19,g021,g021,normal,synthetic_rongorongo_like,
tablet_007,122,20,g001,g001,normal,synthetic_rongorongo_like,
tablet_007,122,21,g001,g001,normal,synthetic_rongorongo_like,
tablet_007,122,22,g002,g002,normal,synthetic_rongorongo_like,
tablet_007,122,23,g005,g005,normal,synthetic_rongorongo_like,
tablet_007,122,24,g021,g021,normal,synthetic_rongorongo_like,
tablet_007,122,25,g001,g001,normal,synthetic_rongorongo_like,
tablet_007,122,26,g001,g001,normal,synthetic_rongorongo_like,
tablet_007,122,27,g001,g001,normal,synthetic_rongorongo_like,
tablet_007,122,28,g003,g003,normal,synthetic_rongorongo_like,
tablet_007,122,29,g003,g003,normal,synthetic_rongorongo_like,
tablet_007,122,30,g064,g064,normal,synthetic_rongorongo_like,
tablet_007,122,31,g005,g005,normal,synthetic_rongorongo_like,
tablet_007,122,32,g001,g001,normal,synthetic_rongorongo_like,
tablet_007,122,33,g001,g001,normal,synthetic_rongorongo_like,
tablet_007,122,34,g004,g004,normal,synthetic_rongorongo_like,
tablet_007,122,35,g004,g004,normal,synthetic_rongorongo_like,
tablet_007,122,36,g061,g061,normal,synthetic_rongorongo_like,
tablet_007,122,37,g061,g061,normal,synthetic_rongorongo_like,
tablet_007,122,38,g021,g021,normal,synthetic_rongorongo_like,
tablet_007,122,39,g021,g021,normal,synthetic_rongorongo_like,
tablet_007,122,40,g001,g001,normal,synthetic_rongorongo_like,
tablet_007,123,1,g003,g003,normal,synthetic_rongorongo_like,
tablet_007,123,2,g001,g001,normal,synthetic_rongorongo_like,
tablet_007,123,3,g001,g001,normal,synthetic_rongorongo_like,
tablet_007,123,4,g066,g066,normal,synthetic_rongorongo_like,
tablet_007,123,5,g066,g066,normal,synthetic_rongorongo_like,
tablet_007,123,6,g061,g061,normal,synthetic_rongorongo_like,
tablet_007,123,7,g021,g021,normal,synthetic_rongorongo_like,
tablet_007,123,8,g006,g006,normal,synthetic_rongorongo_like,
tablet_007,123,9,g007,g007,normal,synthetic_rongorongo_like,
tablet_007,123,10,g002,g002,normal,synthetic_rongorongo_like,
tablet_007,123,11,g020,g020,normal,synthetic_rongorongo_like,
tablet_007,123,12,g002,g002,normal,synthetic_rongorongo_like,
tablet_007,123,13,g011,g011,normal,synthetic_rongorongo_like,
tablet_007,123,14,g061,g061,normal,synthetic_rongorongo_like,
tablet_007,123,15,g061,g061,normal,synthetic_rongorongo_like,
tablet_007,123,16,g021,g021,normal,synthetic_rongorongo_like,
tablet_007,123,17,g001,g001,normal,synthetic_rongorongo_like,
tablet_007,123,18,g001,g001,normal,synthetic_rongorongo_like,
tablet_007,123,19,g021,g021,normal,synthetic_rongorongo_like,
tablet_007,123,20,g021,g021,normal,synthetic_rongorongo_like,
tablet_007,123,21,g002,g002,normal,synthetic_rongorongo_like,
tablet_007,123,22,g002,g002,normal,synthetic_rongorongo_like,
tablet_007,123,23,g001,g001,normal,synthetic_rongorongo_like,
tablet_007,123,24,g002,g002,normal,synthetic_rongorongo_like,
tablet_007,123,25,g002,g002,normal,synthetic_rongorongo_like,
tablet_007,123,26,g061,g061,normal,synthetic_rongorongo_like,
tablet_007,123,27,g003,g003,normal,synthetic_rongorongo_like,
tablet_007,123,28,g023,g023,normal,synthetic_rongorongo_like,
tablet_007,123,29,g022,g022,normal,synthetic_rongorongo_like,
tablet_007,123,30,g021,g021,normal,synthetic_rongorongo_like,
tablet_007,123,31,g021,g021,normal,synthetic_rongorongo_like,
tablet_007,123,32,g001,g001,normal,synthetic_rongorongo_like,
tablet_007,123,33,g003,g003,normal,synthetic_rongorongo_like,
tablet_007,123,34,g003,g003,normal,synthetic_rongorongo_like,
tablet_007,123,35,g003,g003,normal,synthetic_rongorongo_like,
tablet_007,123,36,g002,g002,normal,synthetic_rongorongo_like,
tablet_007,123,37,g002,g002,normal,synthetic_rongorongo_like,
tablet_007,123,38,g001,g001,normal,synthetic_rongorongo_like,
tablet_007,123,39,g021,g021,normal,synthetic_rongorongo_like,
tablet_007,123,40,g021,g021,normal,synthetic_rongorongo_like,
tablet_007,124,1,g007,g007,normal,synthetic_rongorongo_like,
tablet_007,124,2,g062,g062,normal,synthetic_rongorongo_like,
tablet_007,124,3,g002,g002,normal,synthetic_rongorongo_like,
tablet_007,124,4,g002,g002,normal,synthetic_rongorongo_like,
tablet_007,124,5,g049,g049,normal,synthetic_rongorongo_like,
tablet_007,124,6,g027,g027,normal,synthetic_rongorongo_like,
tablet_007,124,7,g001,g001,normal,synthetic_rongorongo_like,
tablet_007,124,8,g001,g001,normal,synthetic_rongorongo_like,
tablet_007,124,9,g070,g070,normal,synthetic_rongorongo_like,
tablet_007,124,10,g021,g021,normal,synthetic_rongorongo_like,
tablet_007,124,11,g021,g021,normal,synthetic_rongorongo_like,
tablet_007,124,12,g021,g021,normal,synthetic_rongorongo_like,
tablet_007,124,13,g021,g021,normal,synthetic_rongorongo_like,
tablet_007,124,14,g021,g021,normal,synthetic_rongorongo_like,
tablet_007,124,15,g009,g009,normal,synthetic_rongorongo_like,
tablet_007,124,16,g061,g061,normal,synthetic_rongorongo_like,
tablet_007,124,17,g026,g026,normal,synthetic_rongorongo_like,
tablet_007,124,18,g026,g026,normal,synthetic_rongorongo_like,
tablet_007,124,19,g026,g026,normal,synthetic_rongorongo_like,
tablet_007,124,20,g061,g061,normal,synthetic_rongorongo_like,
tablet_007,124,21,g022,g022,normal,synthetic_rongorongo_like,
tablet_007,124,22,g063,g063,normal,synthetic_rongorongo_like,
tablet_007,124,23,g067,g067,normal,synthetic_rongorongo_like,
tablet_007,124,24,g067,g067,normal,synthetic_rongorongo_like,
tablet_007,124,25,g002,g002,normal,synthetic_rongorongo_like,
tablet_007,124,26,g002,g002,normal,synthetic_rongorongo_like,
tablet_007,124,27,g002,g002,normal,synthetic_rongorongo_like,
tablet_007,124,28,g014,g014,normal,synthetic_rongorongo_like,
tablet_007,124,29,g005,g005,normal,synthetic_rongorongo_like,
tablet_007,124,30,g002,g002,normal,synthetic_rongorongo_like,
tablet_007,124,31,g061,g061,normal,synthetic_rongorongo_like,
tablet_007,124,32,g006,g006,normal,synthetic_rongorongo_like,
tablet_007,124,33,g005,g005,normal,synthetic_rongorongo_like,
tablet_007,124,34,g005,g005,normal,synthetic_rongorongo_like,
tablet_007,124,35,g023,g023,normal,synthetic_rongorongo_like,
tablet_007,124,36,g018,g018,normal,synthetic_rongorongo_like,
tablet_007,124,37,g002,g002,normal,synthetic_rongorongo_like,
tablet_007,124,38,g033,g033,normal,synthetic_rongorongo_like,
tablet_007,124,39,g001,g001,normal,synthetic_rongorongo_like,
tablet_007,124,40,g004,g004,normal,synthetic_rongorongo_like,
tablet_007,125,1,g006,g006,normal,synthetic_rongorongo_like,
tablet_007,125,2,g064,g064,normal,synthetic_rongorongo_like,
tablet_007,125,3,g003,g003,normal,synthetic_rongorongo_like,
tablet_007,125,4,g007,g007,normal,synthetic_rongorongo_like,
tablet_007,125,5,g021,g021,normal,synthetic_rongorongo_like,
tablet_007,125,6,g019,g019,normal,synthetic_rongorongo_like,
tablet_007,125,7,g023,g023,normal,synthetic_rongorongo_like,
tablet_007,125,8,g023,g023,normal,synthetic_rongorongo_like,
tablet_007,125,9,g023,g023,normal,synthetic_rongorongo_like,
tablet_007,125,10,g022,g022,normal,synthetic_rongorongo_like,
tablet_007,125,11,g003,g003,normal,synthetic_rongorongo_like,
tablet_007,125,12,g024,g024,normal,synthetic_rongorongo_like,
tablet_007,125,13,g008,g008,normal,synthetic_rongorongo_like,
tablet_007,125,14,g002,g002,normal,synthetic_rongorongo_like,
tablet_007,125,15,g001,g001,normal,synthetic_rongorongo_like,
tablet_007,125,16,g001,g001,normal,synthetic_rongorongo_like,
tablet_007,125,17,g001,g001,normal,synthetic_rongorongo_like,
tablet_007,125,18,g005,g005,normal,synthetic_rongorongo_like,
tablet_007,125,19,g021,g021,normal,synthetic_rongorongo_like,
tablet_007,125,20,g005,g005,normal,synthetic_rongorongo_like,
tablet_007,125,21,g001,g001,normal,synthetic_rongorongo_like,
tablet_007,125,22,g046,g046,normal,synthetic_rongorongo_like,
tablet_007,125,23,g063,g063,normal,synthetic_rongorongo_like,
tablet_007,125,24,g022,g022,normal,synthetic_rongorongo_like,
tablet_007,125,25,g061,g061,normal,synthetic_rongorongo_like,
tablet_007,125,26,g002,g002,normal,synthetic_rongorongo_like,
tablet_007,125,27,g002,g002,normal,synthetic_rongorongo_like,
tablet_007,125,28,g002,g002,normal,synthetic_rongorongo_like,
tablet_007,125,29,g038,g038,normal,synthetic_rongorongo_like,
tablet_007,125,30,g001,g001,normal,synthetic_rongorongo_like,
tablet_007,125,31,g022,g022,normal,synthetic_rongorongo_like,
tablet_007,125,32,g014,g014,normal,synthetic_rongorongo_like,
tablet_007,125,33,g003,g003,normal,synthetic_rongorongo_like,
tablet_007,125,34,g015,g015,normal,synthetic_rongorongo_like,
tablet_007,125,35,g021,g021,normal,synthetic_rongorongo_like,
tablet_007,125,36,g023,g023,normal,synthetic_rongorongo_like,
tablet_007,125,37,g022,g022,normal,synthetic_rongorongo_like,
tablet_007,125,38,g032,g032,normal,synthetic_rongorongo_like,
tablet_007,125,39,g061,g061,normal,synthetic_rongorongo_like,
tablet_007,125,40,g061,g061,normal,synthetic_rongorongo_like,
tablet_007,126,1,g015,g015,normal,synthetic_rongorongo_like,
tablet_007,126,2,g027,g027,normal,synthetic_rongorongo_like,
tablet_007,126,3,g001,g001,normal,synthetic_rongorongo_like,
tablet_007,126,4,g002,g002,normal,synthetic_rongorongo_like,
tablet_007,126,5,g042,g042,normal,synthetic_rongorongo_like,
tablet_007,126,6,g002,g002,normal,synthetic_rongorongo_like,
tablet_007,126,7,g024,g024,normal,synthetic_rongorongo_like,
tablet_007,126,8,g021,g021,normal,synthetic_rongorongo_like,
tablet_007,126,9,g008,g008,normal,synthetic_rongorongo_like,
tablet_007,126,10,g001,g001,normal,synthetic_rongorongo_like,
tablet_007,126,11,g001,g001,normal,synthetic_rongorongo_like,
tablet_007,126,12,g001,g001,normal,synthetic_rongorongo_like,
tablet_007,126,13,g001,g001,normal,synthetic_rongorongo_like,
tablet_007,126,14,g008,g008,normal,synthetic_rongorongo_like,
tablet_007,126,15,g069,g069,normal,synthetic_rongorongo_like,
tablet_007,126,16,g002,g002,normal,synthetic_rongorongo_like,
tablet_007,126,17,g021,g021,normal,synthetic_rongorongo_like,
tablet_007,126,18,g021,g021,normal,synthetic_rongorongo_like,
tablet_007,126,19,g021,g021,normal,synthetic_rongorongo_like,
tablet_007,126,20,g068,g068,normal,synthetic_rongorongo_like,
tablet_007,126,21,g013,g013,normal,synthetic_rongorongo_like,
tablet_007,126,22,g062,g062,normal,synthetic_rongorongo_like,
tablet_007,126,23,g022,g022,normal,synthetic_rongorongo_like,
tablet_007,126,24,g022,g022,normal,synthetic_rongorongo_like,
tablet_007,126,25,g022,g022,normal,synthetic_rongorongo_like,
tablet_007,126,26,g021,g021,normal,synthetic_rongorongo_like,
tablet_007,126,27,g007,g007,normal,synthetic_rongorongo_like,
tablet_007,126,28,g022,g022,normal,synthetic_rongorongo_like,
tablet_007,126,29,g001,g001,normal,synthetic_rongorongo_like,
tablet_007,126,30,g021,g021,normal,synthetic_rongorongo_like,
tablet_007,126,31,g061,g061,normal,synthetic_rongorongo_like,
tablet_007,126,32,g021,g021,normal,synthetic_rongorongo_like,
tablet_007,126,33,g002,g002,normal,synthetic_rongorongo_like,
tablet_007,126,34,g021,g021,normal,synthetic_rongorongo_like,
tablet_007,126,35,g001,g001,normal,synthetic_rongorongo_like,
tablet_007,126,36,g001,g001,normal,synthetic_rongorongo_like,
tablet_007,126,37,g037,g037,normal,synthetic_rongorongo_like,
tablet_007,126,38,g022,g022,normal,synthetic_rongorongo_like,
tablet_007,126,39,g021,g021,normal,synthetic_rongorongo_like,
tablet_007,126,40,g062,g062,normal,synthetic_rongorongo_like,
tablet_007,127,1,g021,g021,normal,synthetic_rongorongo_like,
tablet_007,127,2,g002,g002,normal,synthetic_rongorongo_like,
tablet_007,127,3,g002,g002,normal,synthetic_rongorongo_like,
tablet_007,127,4,g001,g001,normal,synthetic_rongorongo_like,
tablet_007,127,5,g062,g062,normal,synthetic_rongorongo_like,
tablet_007,127,6,g001,g001,normal,synthetic_rongorongo_like,
tablet_007,127,7,g001,g001,normal,synthetic_rongorongo_like,
tablet_007,127,8,g027,g027,normal,synthetic_rongorongo_like,
tablet_007,127,9,g021,g021,normal,synthetic_rongorongo_like,
tablet_007,127,10,g025,g025,normal,synthetic_rongorongo_like,
tablet_007,127,11,g025,g025,normal,synthetic_rongorongo_like,
tablet_007,127,12,g061,g061,normal,synthetic_rongorongo_like,
tablet_007,127,13,g061,g061,normal,synthetic_rongorongo_like,
tablet_007,127,14,g061,g061,normal,synthetic_rongorongo_like,
tablet_007,127,15,g025,g025,normal,synthetic_rongorongo_like,
tablet_007,127,16,g023,g023,normal,synthetic_rongorongo_like,
tablet_007,127,17,g023,g023,normal,synthetic_rongorongo_like,
tablet_007,127,18,g002,g002,normal,synthetic_rongorongo_like,
tablet_007,127,19,g021,g021,normal,synthetic_rongorongo_like,
tablet_007,127,20,g001,g001,normal,synthetic_rongorongo_like,
tablet_007,127,21,g035,g035,normal,synthetic_rongorongo_like,
tablet_007,127,22,g022,g022,normal,synthetic_rongorongo_like,
tablet_007,127,23,g021,g021,normal,synthetic_rongorongo_like,
tablet_007,127,24,g021,g021,normal,synthetic_rongorongo_like,
tablet_007,127,25,g021,g021,normal,synthetic_rongorongo_like,
tablet_007,127,26,g002,g002,normal,synthetic_rongorongo_like,
tablet_007,127,27,g002,g002,normal,synthetic_rongorongo_like,
tablet_007,127,28,g001,g001,normal,synthetic_rongorongo_like,
tablet_007,127,29,g022,g022,normal,synthetic_rongorongo_like,
tablet_007,127,30,g002,g002,normal,synthetic_rongorongo_like,
tablet_007,127,31,g014,g014,normal,synthetic_rongorongo_like,
tablet_007,127,32,g014,g014,normal,synthetic_rongorongo_like,
tablet_007,127,33,g061,g061,normal,synthetic_rongorongo_like,
tablet_007,127,34,g061,g061,normal,synthetic_rongorongo_like,
tablet_007,127,35,g021,g021,normal,synthetic_rongorongo_like,
tablet_007,127,36,g021,g021,normal,synthetic_rongorongo_like,
tablet_007,127,37,g021,g021,normal,synthetic_rongorongo_like,
tablet_007,127,38,g028,g028,normal,synthetic_rongorongo_like,
tablet_007,127,39,g033,g033,normal,synthetic_rongorongo_like,
tablet_007,127,40,g061,g061,normal,synthetic_rongorongo_like,
tablet_007,128,1,g018,g018,normal,synthetic_rongorongo_like,
tablet_007,128,2,g022,g022,normal,synthetic_rongorongo_like,
tablet_007,128,3,g022,g022,normal,synthetic_rongorongo_like,
tablet_007,128,4,g002,g002,normal,synthetic_rongorongo_like,
tablet_007,128,5,g054,g054,normal,synthetic_rongorongo_like,
tablet_007,128,6,g001,g001,normal,synthetic_rongorongo_like,
tablet_007,128,7,g001,g001,normal,synthetic_rongorongo_like,
tablet_007,128,8,g021,g021,normal,synthetic_rongorongo_like,
tablet_007,128,9,g001,g001,normal,synthetic_rongorongo_like,
tablet_007,128,10,g001,g001,normal,synthetic_rongorongo_like,
tablet_007,128,11,g001,g001,normal,synthetic_rongorongo_like,
tablet_007,128,12,g049,g049,normal,synthetic_rongorongo_like,
tablet_007,128,13,g011,g011,normal,synthetic_rongorongo_like,
tablet_007,128,14,g021,g021,normal,synthetic_rongorongo_like,
tablet_007,128,15,g061,g061,normal,synthetic_rongorongo_like,
tablet_007,128,16,g021,g021,normal,synthetic_rongorongo_like,
tablet_007,128,17,g001,g001,normal,synthetic_rongorongo_like,
tablet_007,128,18,g061,g061,normal,synthetic_rongorongo_like,
tablet_007,128,19,g062,g062,normal,synthetic_rongorongo_like,
tablet_007,128,20,g062,g062,normal,synthetic_rongorongo_like,
tablet_007,128,21,g023,g023,normal,synthetic_rongorongo_like,
tablet_007,128,22,g023,g023,normal,synthetic_rongorongo_like,
tablet_007,128,23,g043,g043,normal,synthetic_rongorongo_like,
tablet_007,128,24,g021,g021,normal,synthetic_rongorongo_like,
tablet_007,128,25,g004,g004,normal,synthetic_rongorongo_like,
tablet_007,128,26,g021,g021,normal,synthetic_rongorongo_like,
tablet_007,128,27,g002,g002,normal,synthetic_rongorongo_like,
tablet_007,128,28,g061,g061,normal,synthetic_rongorongo_like,
tablet_007,128,29,g021,g021,normal,synthetic_rongorongo_like,
tablet_007,128,30,g002,g002,normal,synthetic_rongorongo_like,
tablet_007,128,31,g065,g065,normal,synthetic_rongorongo_like,
tablet_007,128,32,g001,g001,normal,synthetic_rongorongo_like,
tablet_007,128,33,g021,g021,normal,synthetic_rongorongo_like,
tablet_007,128,34,g003,g003,normal,synthetic_rongorongo_like,
tablet_007,128,35,g009,g009,normal,synthetic_rongorongo_like,
tablet_007,128,36,g061,g061,normal,synthetic_rongorongo_like,
tablet_007,128,37,g004,g004,normal,synthetic_rongorongo_like,
tablet_007,128,38,g021,g021,normal,synthetic_rongorongo_like,
tablet_007,128,39,g021,g021,normal,synthetic_rongorongo_like,
tablet_007,128,40,g061,g061,normal,synthetic_rongorongo_like,
tablet_007,129,1,g006,g006,normal,synthetic_rongorongo_like,
tablet_007,129,2,g021,g021,normal,synthetic_rongorongo_like,
tablet_007,129,3,g021,g021,normal,synthetic_rongorongo_like,
tablet_007,129,4,g021,g021,normal,synthetic_rongorongo_like,
tablet_007,129,5,g002,g002,normal,synthetic_rongorongo_like,
tablet_007,129,6,g003,g003,normal,synthetic_rongorongo_like,
tablet_007,129,7,g021,g021,normal,synthetic_rongorongo_like,
tablet_007,129,8,g071,g071,normal,synthetic_rongorongo_like,
tablet_007,129,9,g006,g006,normal,synthetic_rongorongo_like,
tablet_007,129,10,g001,g001,normal,synthetic_rongorongo_like,
tablet_007,129,11,g001,g001,normal,synthetic_rongorongo_like,
tablet_007,129,12,g021,g021,normal,synthetic_rongorongo_like,
tablet_007,129,13,g024,g024,normal,synthetic_rongorongo_like,
tablet_007,129,14,g029,g029,normal,synthetic_rongorongo_like,
tablet_007,129,15,g001,g001,normal,synthetic_rongorongo_like,
tablet_007,129,16,g001,g001,normal,synthetic_rongorongo_like,
tablet_007,129,17,g067,g067,normal,synthetic_rongorongo_like,
tablet_007,129,18,g021,g021,normal,synthetic_rongorongo_like,
tablet_007,129,19,g021,g021,normal,synthetic_rongorongo_like,
tablet_007,129,20,g021,g021,normal,synthetic_rongorongo_like,
tablet_007,129,21,g003,g003,normal,synthetic_rongorongo_like,
tablet_007,129,22,g088,g088,normal,synthetic_rongorongo_like,
tablet_007,129,23,g003,g003,normal,synthetic_rongorongo_like,
tablet_007,129,24,g001,g001,normal,synthetic_rongorongo_like,
tablet_007,129,25,g023,g023,normal,synthetic_rongorongo_like,
tablet_007,129,26,g021,g021,normal,synthetic_rongorongo_like,
tablet_007,129,27,g021,g021,normal,synthetic_rongorongo_like,
tablet_007,129,28,g049,g049,normal,synthetic_rongorongo_like,
tablet_007,129,29,g022,g022,normal,synthetic_rongorongo_like,
tablet_007,129,30,g082,g082,normal,synthetic_rongorongo_like,
tablet_007,129,31,g082,g082,normal,synthetic_rongorongo_like,
tablet_007,129,32,g071,g071,normal,synthetic_rongorongo_like,
tablet_007,129,33,g031,g031,normal,synthetic_rongorongo_like,
tablet_007,129,34,g031,g031,normal,synthetic_rongorongo_like,
tablet_007,129,35,g011,g011,normal,synthetic_rongorongo_like,
tablet_007,129,36,g023,g023,normal,synthetic_rongorongo_like,
tablet_007,129,37,g010,g010,normal,synthetic_rongorongo_like,
tablet_007,129,38,g001,g001,normal,synthetic_rongorongo_like,
tablet_007,129,39,g001,g001,normal,synthetic_rongorongo_like,
tablet_007,129,40,g002,g002,normal,synthetic_rongorongo_like,
tablet_007,130,1,g021,g021,normal,synthetic_rongorongo_like,
tablet_007,130,2,g021,g021,normal,synthetic_rongorongo_like,
tablet_007,130,3,g022,g022,normal,synthetic_rongorongo_like,
tablet_007,130,4,g061,g061,normal,synthetic_rongorongo_like,
tablet_007,130,5,g026,g026,normal,synthetic_rongorongo_like,
tablet_007,130,6,g026,g026,normal,synthetic_rongorongo_like,
tablet_007,130,7,g015,g015,normal,synthetic_rongorongo_like,
tablet_007,130,8,g003,g003,normal,synthetic_rongorongo_like,
tablet_007,130,9,g021,g021,normal,synthetic_rongorongo_like,
tablet_007,130,10,g080,g080,normal,synthetic_rongorongo_like,
tablet_007,130,11,g014,g014,normal,synthetic_rongorongo_like,
tablet_007,130,12,g005,g005,normal,synthetic_rongorongo_like,
tablet_007,130,13,g001,g001,normal,synthetic_rongorongo_like,
tablet_007,130,14,g003,g003,normal,synthetic_rongorongo_like,
tablet_007,130,15,g002,g002,normal,synthetic_rongorongo_like,
tablet_007,130,16,g001,g001,normal,synthetic_rongorongo_like,
tablet_007,130,17,g001,g001,normal,synthetic_rongorongo_like,
tablet_007,130,18,g001,g001,normal,synthetic_rongorongo_like,
tablet_007,130,19,g001,g001,normal,synthetic_rongorongo_like,
tablet_007,130,20,g022,g022,normal,synthetic_rongorongo_like,
tablet_007,130,21,g076,g076,normal,synthetic_rongorongo_like,
tablet_007,130,22,g064,g064,normal,synthetic_rongorongo_like,
tablet_007,130,23,g022,g022,normal,synthetic_rongorongo_like,
tablet_007,130,24,g004,g004,normal,synthetic_rongorongo_like,
tablet_007,130,25,g030,g030,normal,synthetic_rongorongo_like,
tablet_007,130,26,g021,g021,normal,synthetic_rongorongo_like,
tablet_007,130,27,g062,g062,normal,synthetic_rongorongo_like,
tablet_007,130,28,g097,g097,normal,synthetic_rongorongo_like,
tablet_007,130,29,g097,g097,normal,synthetic_rongorongo_like,
tablet_007,130,30,g048,g048,normal,synthetic_rongorongo_like,
tablet_007,130,31,g021,g021,normal,synthetic_rongorongo_like,
tablet_007,130,32,g021,g021,normal,synthetic_rongorongo_like,
tablet_007,130,33,g017,g017,normal,synthetic_rongorongo_like,
tablet_007,130,34,g061,g061,normal,synthetic_rongorongo_like,
tablet_007,130,35,g061,g061,normal,synthetic_rongorongo_like,
tablet_007,130,36,g019,g019,normal,synthetic_rongorongo_like,
tablet_007,130,37,g004,g004,normal,synthetic_rongorongo_like,
tablet_007,130,38,g067,g067,normal,synthetic_rongorongo_like,
tablet_007,130,39,g067,g067,normal,synthetic_rongorongo_like,
tablet_007,130,40,g003,g003,normal,synthetic_rongorongo_like,
tablet_007,131,1,g023,g023,normal,synthetic_rongorongo_like,
tablet_007,131,2,g062,g062,normal,synthetic_rongorongo_like,
tablet_007,131,3,g062,g062,normal,synthetic_rongorongo_like,
tablet_007,131,4,g030,g030,normal,synthetic_rongorongo_like,
tablet_007,131,5,g030,g030,normal,synthetic_rongorongo_like,
tablet_007,131,6,g021,g021,normal,synthetic_rongorongo_like,
tablet_007,131,7,g009,g009,normal,synthetic_rongorongo_like,
tablet_007,131,8,g002,g002,normal,synthetic_rongorongo_like,
tablet_007,131,9,g009,g009,normal,synthetic_rongorongo_like,
tablet_007,131,10,g001,g001,normal,synthetic_rongorongo_like,
tablet_007,131,11,g001,g001,normal,synthetic_rongorongo_like,
tablet_007,131,12,g061,g061,normal,synthetic_rongorongo_like,
tablet_007,131,13,g035,g035,normal,synthetic_rongorongo_like,
tablet_007,131,14,g001,g001,normal,synthetic_rongorongo_like,
tablet_007,131,15,g025,g025,normal,synthetic_rongorongo_like,
tablet_007,131,16,g004,g004,normal,synthetic_rongorongo_like,
tablet_007,131,17,g001,g001,normal,synthetic_rongorongo_like,
tablet_007,131,18,g002,g002,normal,synthetic_rongorongo_like,
tablet_007,131,19,g002,g002,normal,synthetic_rongorongo_like,
tablet_007,131,20,g032,g032,normal,synthetic_rongorongo_like,
tablet_007,131,21,g001,g001,normal,synthetic_rongorongo_like,
tablet_007,131,22,g061,g061,normal,synthetic_rongorongo_like,
tablet_007,131,23,g021,g021,normal,synthetic_rongorongo_like,
tablet_007,131,24,g072,g072,normal,synthetic_rongorongo_like,
tablet_007,131,25,g005,g005,normal,synthetic_rongorongo_like,
tablet_007,131,26,g021,g021,normal,synthetic_rongorongo_like,
tablet_007,131,27,g021,g021,normal,synthetic_rongorongo_like,
tablet_007,131,28,g061,g061,normal,synthetic_rongorongo_like,
tablet_007,131,29,g023,g023,normal,synthetic_rongorongo_like,
tablet_007,131,30,g021,g021,normal,synthetic_rongorongo_like,
tablet_007,131,31,g021,g021,normal,synthetic_rongorongo_like,
tablet_007,131,32,g021,g021,normal,synthetic_rongorongo_like,
tablet_007,131,33,g002,g002,normal,synthetic_rongorongo_like,
tablet_007,131,34,g019,g019,normal,synthetic_rongorongo_like,
tablet_007,131,35,g021,g021,normal,synthetic_rongorongo_like,
tablet_007,131,36,g001,g001,normal,synthetic_rongorongo_like,
tablet_007,131,37,g021,g021,normal,synthetic_rongorongo_like,
tablet_007,131,38,g001,g001,normal,synthetic_rongorongo_like,
tablet_007,131,39,g010,g010,normal,synthetic_rongorongo_like,
tablet_007,131,40,g001,g001,normal,synthetic_rongorongo_like,
tablet_007,132,1,g001,g001,normal,synthetic_rongorongo_like,
tablet_007,132,2,g001,g001,normal,synthetic_rongorongo_like,
tablet_007,132,3,g001,g001,normal,synthetic_rongorongo_like,
tablet_007,132,4,g002,g002,normal,synthetic_rongorongo_like,
tablet_007,132,5,g021,g021,normal,synthetic_rongorongo_like,
tablet_007,132,6,g021,g021,normal,synthetic_rongorongo_like,
tablet_007,132,7,g021,g021,normal,synthetic_rongorongo_like,
tablet_007,132,8,g061,g061,normal,synthetic_rongorongo_like,
tablet_007,132,9,g009,g009,normal,synthetic_rongorongo_like,
tablet_007,132,10,g001,g001,normal,synthetic_rongorongo_like,
tablet_007,132,11,g001,g001,normal,synthetic_rongorongo_like,
tablet_007,132,12,g002,g002,normal,synthetic_rongorongo_like,
tablet_007,132,13,g002,g002,normal,synthetic_rongorongo_like,
tablet_007,132,14,g022,g022,normal,synthetic_rongorongo_like,
tablet_007,132,15,g022,g022,normal,synthetic_rongorongo_like,
tablet_007,132,16,g022,g022,normal,synthetic_rongorongo_like,
tablet_007,132,17,g002,g002,normal,synthetic_rongorongo_like,
tablet_007,132,18,g038,g038,normal,synthetic_rongorongo_like,
tablet_007,132,19,g003,g003,normal,synthetic_rongorongo_like,
tablet_007,132,20,g001,g001,normal,synthetic_rongorongo_like,
tablet_007,132,21,g001,g001,normal,synthetic_rongorongo_like,
tablet_007,132,22,g062,g062,normal,synthetic_rongorongo_like,
tablet_007,132,23,g021,g021,normal,synthetic_rongorongo_like,
tablet_007,132,24,g034,g034,normal,synthetic_rongorongo_like,
tablet_007,132,25,g076,g076,normal,synthetic_rongorongo_like,
tablet_007,132,26,g035,g035,normal,synthetic_rongorongo_like,
tablet_007,132,27,g011,g011,normal,synthetic_rongorongo_like,
tablet_007,132,28,g007,g007,normal,synthetic_rongorongo_like,
tablet_007,132,29,g065,g065,normal,synthetic_rongorongo_like,
tablet_007,132,30,g056,g056,normal,synthetic_rongorongo_like,
tablet_007,132,31,g002,g002,normal,synthetic_rongorongo_like,
tablet_007,132,32,g003,g003,normal,synthetic_rongorongo_like,
tablet_007,132,33,g018,g018,normal,synthetic_rongorongo_like,
tablet_007,132,34,g036,g036,normal,synthetic_rongorongo_like,
tablet_007,132,35,g062,g062,normal,synthetic_rongorongo_like,
tablet_007,132,36,g007,g007,normal,synthetic_rongorongo_like,
tablet_007,132,37,g021,g021,normal,synthetic_rongorongo_like,
tablet_007,132,38,g062,g062,normal,synthetic_rongorongo_like,
tablet_007,132,39,g001,g001,normal,synthetic_rongorongo_like,
tablet_007,132,40,g001,g001,normal,synthetic_rongorongo_like,
tablet_007,133,1,g003,g003,normal,synthetic_rongorongo_like,
tablet_007,133,2,g003,g003,normal,synthetic_rongorongo_like,
tablet_007,133,3,g004,g004,normal,synthetic_rongorongo_like,
tablet_007,133,4,g004,g004,normal,synthetic_rongorongo_like,
tablet_007,133,5,g022,g022,normal,synthetic_rongorongo_like,
tablet_007,133,6,g063,g063,normal,synthetic_rongorongo_like,
tablet_007,133,7,g061,g061,normal,synthetic_rongorongo_like,
tablet_007,133,8,g003,g003,normal,synthetic_rongorongo_like,
tablet_007,133,9,g021,g021,normal,synthetic_rongorongo_like,
tablet_007,133,10,g021,g021,normal,synthetic_rongorongo_like,
tablet_007,133,11,g015,g015,normal,synthetic_rongorongo_like,
tablet_007,133,12,g063,g063,normal,synthetic_rongorongo_like,
tablet_007,133,13,g081,g081,normal,synthetic_rongorongo_like,
tablet_007,133,14,g081,g081,normal,synthetic_rongorongo_like,
tablet_007,133,15,g001,g001,normal,synthetic_rongorongo_like,
tablet_007,133,16,g001,g001,normal,synthetic_rongorongo_like,
tablet_007,133,17,g001,g001,normal,synthetic_rongorongo_like,
tablet_007,133,18,g026,g026,normal,synthetic_rongorongo_like,
tablet_007,133,19,g021,g021,normal,synthetic_rongorongo_like,
tablet_007,133,20,g021,g021,normal,synthetic_rongorongo_like,
tablet_007,133,21,g021,g021,normal,synthetic_rongorongo_like,
tablet_007,133,22,g014,g014,normal,synthetic_rongorongo_like,
tablet_007,133,23,g001,g001,normal,synthetic_rongorongo_like,
tablet_007,133,24,g002,g002,normal,synthetic_rongorongo_like,
tablet_007,133,25,g002,g002,normal,synthetic_rongorongo_like,
tablet_007,133,26,g027,g027,normal,synthetic_rongorongo_like,
tablet_007,133,27,g003,g003,normal,synthetic_rongorongo_like,
tablet_007,133,28,g001,g001,normal,synthetic_rongorongo_like,
tablet_007,133,29,g013,g013,normal,synthetic_rongorongo_like,
tablet_007,133,30,g002,g002,normal,synthetic_rongorongo_like,
tablet_007,133,31,g002,g002,normal,synthetic_rongorongo_like,
tablet_007,133,32,g025,g025,normal,synthetic_rongorongo_like,
tablet_007,133,33,g025,g025,normal,synthetic_rongorongo_like,
tablet_007,133,34,g001,g001,normal,synthetic_rongorongo_like,
tablet_007,133,35,g061,g061,normal,synthetic_rongorongo_like,
tablet_007,133,36,g061,g061,normal,synthetic_rongorongo_like,
tablet_007,133,37,g004,g004,normal,synthetic_rongorongo_like,
tablet_007,133,38,g061,g061,normal,synthetic_rongorongo_like,
tablet_007,133,39,g021,g021,normal,synthetic_rongorongo_like,
tablet_007,133,40,g002,g002,normal,synthetic_rongorongo_like,
tablet_007,134,1,g021,g021,normal,synthetic_rongorongo_like,
tablet_007,134,2,g001,g001,normal,synthetic_rongorongo_like,
tablet_007,134,3,g027,g027,normal,synthetic_rongorongo_like,
tablet_007,134,4,g025,g025,normal,synthetic_rongorongo_like,
tablet_007,134,5,g025,g025,normal,synthetic_rongorongo_like,
tablet_007,134,6,g001,g001,normal,synthetic_rongorongo_like,
tablet_007,134,7,g052,g052,normal,synthetic_rongorongo_like,
tablet_007,134,8,g052,g052,normal,synthetic_rongorongo_like,
tablet_007,134,9,g025,g025,normal,synthetic_rongorongo_like,
tablet_007,134,10,g007,g007,normal,synthetic_rongorongo_like,
tablet_007,134,11,g022,g022,normal,synthetic_rongorongo_like,
tablet_007,134,12,g022,g022,normal,synthetic_rongorongo_like,
tablet_007,134,13,g026,g026,normal,synthetic_rongorongo_like,
tablet_007,134,14,g061,g061,normal,synthetic_rongorongo_like,
tablet_007,134,15,g002,g002,normal,synthetic_rongorongo_like,
tablet_007,134,16,g005,g005,normal,synthetic_rongorongo_like,
tablet_007,134,17,g001,g001,normal,synthetic_rongorongo_like,
tablet_007,134,18,g021,g021,normal,synthetic_rongorongo_like,
tablet_007,134,19,g021,g021,normal,synthetic_rongorongo_like,
tablet_007,134,20,g001,g001,normal,synthetic_rongorongo_like,
tablet_007,134,21,g068,g068,normal,synthetic_rongorongo_like,
tablet_007,134,22,g006,g006,normal,synthetic_rongorongo_like,
tablet_007,134,23,g046,g046,normal,synthetic_rongorongo_like,
tablet_007,134,24,g067,g067,normal,synthetic_rongorongo_like,
tablet_007,134,25,g001,g001,normal,synthetic_rongorongo_like,
tablet_007,134,26,g021,g021,normal,synthetic_rongorongo_like,
tablet_007,134,27,g021,g021,normal,synthetic_rongorongo_like,
tablet_007,134,28,g021,g021,normal,synthetic_rongorongo_like,
tablet_007,134,29,g016,g016,normal,synthetic_rongorongo_like,
tablet_007,134,30,g006,g006,normal,synthetic_rongorongo_like,
tablet_007,134,31,g023,g023,normal,synthetic_rongorongo_like,
tablet_007,134,32,g105,g105,normal,synthetic_rongorongo_like,
tablet_007,134,33,g051,g051,normal,synthetic_rongorongo_like,
tablet_007,134,34,g026,g026,normal,synthetic_rongorongo_like,
tablet_007,134,35,g001,g001,normal,synthetic_rongorongo_like,
tablet_007,134,36,g001,g001,normal,synthetic_rongorongo_like,
tablet_007,134,37,g063,g063,normal,synthetic_rongorongo_like,
tablet_007,134,38,g029,g029,normal,synthetic_rongorongo_like,
tablet_007,134,39,g003,g003,normal,synthetic_rongorongo_like,
tablet_007,134,40,g061,g061,normal,synthetic_rongorongo_like,
tablet_007,135,1,g061,g061,normal,synthetic_rongorongo_like,
tablet_007,135,2,g061,g061,normal,synthetic_rongorongo_like,
tablet_007,135,3,g021,g021,normal,synthetic_rongorongo_like,
tablet_007,135,4,g001,g001,normal,synthetic_rongorongo_like,
tablet_007,135,5,g061,g061,normal,synthetic_rongorongo_like,
tablet_007,135,6,g061,g061,normal,synthetic_rongorongo_like,
tablet_007,135,7,g032,g032,normal,synthetic_rongorongo_like,
tablet_007,135,8,g021,g021,normal,synthetic_rongorongo_like,
tablet_007,135,9,g021,g021,normal,synthetic_rongorongo_like,
tablet_007,135,10,g021,g021,normal,synthetic_rongorongo_like,
tablet_007,135,11,g061,g061,normal,synthetic_rongorongo_like,
tablet_007,135,12,g067,g067,normal,synthetic_rongorongo_like,
tablet_007,135,13,g076,g076,normal,synthetic_rongorongo_like,
tablet_007,135,14,g063,g063,normal,synthetic_rongorongo_like,
tablet_007,135,15,g023,g023,normal,synthetic_rongorongo_like,
tablet_007,135,16,g021,g021,normal,synthetic_rongorongo_like,
tablet_007,135,17,g021,g021,normal,synthetic_rongorongo_like,
tablet_007,135,18,g002,g002,normal,synthetic_rongorongo_like,
tablet_007,135,19,g043,g043,normal,synthetic_rongorongo_like,
tablet_007,135,20,g021,g021,normal,synthetic_rongorongo_like,
tablet_007,135,21,g021,g021,normal,synthetic_rongorongo_like,
tablet_007,135,22,g001,g001,normal,synthetic_rongorongo_like,
tablet_007,135,23,g061,g061,normal,synthetic_rongorongo_like,
tablet_007,135,24,g026,g026,normal,synthetic_rongorongo_like,
tablet_007,135,25,g032,g032,normal,synthetic_rongorongo_like,
tablet_007,135,26,g022,g022,normal,synthetic_rongorongo_like,
tablet_007,135,27,g061,g061,normal,synthetic_rongorongo_like,
tablet_007,135,28,g061,g061,normal,synthetic_rongorongo_like,
tablet_007,135,29,g061,g061,normal,synthetic_rongorongo_like,
tablet_007,135,30,g001,g001,normal,synthetic_rongorongo_like,
tablet_007,135,31,g072,g072,normal,synthetic_rongorongo_like,
tablet_007,135,32,g001,g001,normal,synthetic_rongorongo_like,
tablet_007,135,33,g001,g001,normal,synthetic_rongorongo_like,
tablet_007,135,34,g074,g074,normal,synthetic_rongorongo_like,
tablet_007,135,35,g074,g074,normal,synthetic_rongorongo_like,
tablet_007,135,36,g057,g057,normal,synthetic_rongorongo_like,
tablet_007,135,37,g002,g002,normal,synthetic_rongorongo_like,
tablet_007,135,38,g021,g021,normal,synthetic_rongorongo_like,
tablet_007,135,39,g021,g021,normal,synthetic_rongorongo_like,
tablet_007,135,40,g001,g001,normal,synthetic_rongorongo_like,
tablet_007,136,1,g062,g062,normal,synthetic_rongorongo_like,
tablet_007,136,2,g001,g001,normal,synthetic_rongorongo_like,
tablet_007,136,3,g003,g003,normal,synthetic_rongorongo_like,
tablet_007,136,4,g003,g003,normal,synthetic_rongorongo_like,
tablet_007,136,5,g001,g001,normal,synthetic_rongorongo_like,
tablet_007,136,6,g001,g001,normal,synthetic_rongorongo_like,
tablet_007,136,7,g021,g021,normal,synthetic_rongorongo_like,
tablet_007,136,8,g021,g021,normal,synthetic_rongorongo_like,
tablet_007,136,9,g021,g021,normal,synthetic_rongorongo_like,
tablet_007,136,10,g022,g022,normal,synthetic_rongorongo_like,
tablet_007,136,11,g001,g001,normal,synthetic_rongorongo_like,
tablet_007,136,12,g001,g001,normal,synthetic_rongorongo_like,
tablet_007,136,13,g006,g006,normal,synthetic_rongorongo_like,
tablet_007,136,14,g002,g002,normal,synthetic_rongorongo_like,
tablet_007,136,15,g001,g001,normal,synthetic_rongorongo_like,
tablet_007,136,16,g003,g003,normal,synthetic_rongorongo_like,
tablet_007,136,17,g048,g048,normal,synthetic_rongorongo_like,
tablet_007,136,18,g002,g002,normal,synthetic_rongorongo_like,
tablet_007,136,19,g021,g021,normal,synthetic_rongorongo_like,
tablet_007,136,20,g004,g004,normal,synthetic_rongorongo_like,
tablet_007,136,21,g004,g004,normal,synthetic_rongorongo_like,
tablet_007,136,22,g004,g004,normal,synthetic_rongorongo_like,
tablet_007,136,23,g008,g008,normal,synthetic_rongorongo_like,
tablet_007,136,24,g021,g021,normal,synthetic_rongorongo_like,
tablet_007,136,25,g022,g022,normal,synthetic_rongorongo_like,
tablet_007,136,26,g001,g001,normal,synthetic_rongorongo_like,
tablet_007,136,27,g023,g023,normal,synthetic_rongorongo_like,
tablet_007,136,28,g001,g001,normal,synthetic_rongorongo_like,
tablet_007,136,29,g027,g027,normal,synthetic_rongorongo_like,
tablet_007,136,30,g061,g061,normal,synthetic_rongorongo_like,
tablet_007,136,31,g022,g022,normal,synthetic_rongorongo_like,
tablet_007,136,32,g022,g022,normal,synthetic_rongorongo_like,
tablet_007,136,33,g022,g022,normal,synthetic_rongorongo_like,
tablet_007,136,34,g001,g001,normal,synthetic_rongorongo_like,
tablet_007,136,35,g062,g062,normal,synthetic_rongorongo_like,
tablet_007,136,36,g078,g078,normal,synthetic_rongorongo_like,
tablet_007,136,37,g062,g062,normal,synthetic_rongorongo_like,
tablet_007,136,38,g062,g062,normal,synthetic_rongorongo_like,
tablet_007,136,39,g063,g063,normal,synthetic_rongorongo_like,
tablet_007,136,40,g016,g016,normal,synthetic_rongorongo_like,
tablet_007,137,1,g003,g003,normal,synthetic_rongorongo_like,
tablet_007,137,2,g001,g001,normal,synthetic_rongorongo_like,
tablet_007,137,3,g031,g031,normal,synthetic_rongorongo_like,
tablet_007,137,4,g061,g061,normal,synthetic_rongorongo_like,
tablet_007,137,5,g001,g001,normal,synthetic_rongorongo_like,
tablet_007,137,6,g001,g001,normal,synthetic_rongorongo_like,
tablet_007,137,7,g001,g001,normal,synthetic_rongorongo_like,
tablet_007,137,8,g028,g028,normal,synthetic_rongorongo_like,
tablet_007,137,9,g064,g064,normal,synthetic_rongorongo_like,
tablet_007,137,10,g003,g003,normal,synthetic_rongorongo_like,
tablet_007,137,11,g003,g003,normal,synthetic_rongorongo_like,
tablet_007,137,12,g061,g061,normal,synthetic_rongorongo_like,
tablet_007,137,13,g001,g001,normal,synthetic_rongorongo_like,
tablet_007,137,14,g034,g034,normal,synthetic_rongorongo_like,
tablet_007,137,15,g001,g001,normal,synthetic_rongorongo_like,
tablet_007,137,16,g107,g107,normal,synthetic_rongorongo_like,
tablet_007,137,17,g001,g001,normal,synthetic_rongorongo_like,
tablet_007,137,18,g036,g036,normal,synthetic_rongorongo_like,
tablet_007,137,19,g005,g005,normal,synthetic_rongorongo_like,
tablet_007,137,20,g061,g061,normal,synthetic_rongorongo_like,
tablet_007,137,21,g036,g036,normal,synthetic_rongorongo_like,
tablet_007,137,22,g061,g061,normal,synthetic_rongorongo_like,
tablet_007,137,23,g021,g021,normal,synthetic_rongorongo_like,
tablet_007,137,24,g062,g062,normal,synthetic_rongorongo_like,
tablet_007,137,25,g006,g006,normal,synthetic_rongorongo_like,
tablet_007,137,26,g021,g021,normal,synthetic_rongorongo_like,
tablet_007,137,27,g001,g001,normal,synthetic_rongorongo_like,
tablet_007,137,28,g040,g040,normal,synthetic_rongorongo_like,
tablet_007,137,29,g022,g022,normal,synthetic_rongorongo_like,
tablet_007,137,30,g061,g061,normal,synthetic_rongorongo_like,
tablet_007,137,31,g027,g027,normal,synthetic_rongorongo_like,
tablet_007,137,32,g004,g004,normal,synthetic_rongorongo_like,
tablet_007,137,33,g004,g004,normal,synthetic_rongorongo_like,
tablet_007,137,34,g025,g025,normal,synthetic_rongorongo_like,
tablet_007,137,35,g023,g023,normal,synthetic_rongorongo_like,
tablet_007,137,36,g044,g044,normal,synthetic_rongorongo_like,
tablet_007,137,37,g022,g022,normal,synthetic_rongorongo_like,
tablet_007,137,38,g066,g066,normal,synthetic_rongorongo_like,
tablet_007,137,39,g007,g007,normal,synthetic_rongorongo_like,
tablet_007,137,40,g027,g027,normal,synthetic_rongorongo_like,
tablet_007,138,1,g051,g051,normal,synthetic_rongorongo_like,
tablet_007,138,2,g051,g051,normal,synthetic_rongorongo_like,
tablet_007,138,3,g024,g024,normal,synthetic_rongorongo_like,
tablet_007,138,4,g001,g001,normal,synthetic_rongorongo_like,
tablet_007,138,5,g011,g011,normal,synthetic_rongorongo_like,
tablet_007,138,6,g001,g001,normal,synthetic_rongorongo_like,
tablet_007,138,7,g021,g021,normal,synthetic_rongorongo_like,
tablet_007,138,8,g001,g001,normal,synthetic_rongorongo_like,
tablet_007,138,9,g001,g001,normal,synthetic_rongorongo_like,
tablet_007,138,10,g022,g022,normal,synthetic_rongorongo_like,
tablet_007,138,11,g073,g073,normal,synthetic_rongorongo_like,
tablet_007,138,12,g002,g002,normal,synthetic_rongorongo_like,
tablet_007,138,13,g002,g002,normal,synthetic_rongorongo_like,
tablet_007,138,14,g012,g012,normal,synthetic_rongorongo_like,
tablet_007,138,15,g021,g021,normal,synthetic_rongorongo_like,
tablet_007,138,16,g065,g065,normal,synthetic_rongorongo_like,
tablet_007,138,17,g002,g002,normal,synthetic_rongorongo_like,
tablet_007,138,18,g061,g061,normal,synthetic_rongorongo_like,
tablet_007,138,19,g001,g001,normal,synthetic_rongorongo_like,
tablet_007,138,20,g061,g061,normal,synthetic_rongorongo_like,
tablet_007,138,21,g001,g001,normal,synthetic_rongorongo_like,
tablet_007,138,22,g012,g012,normal,synthetic_rongorongo_like,
tablet_007,138,23,g010,g010,normal,synthetic_rongorongo_like,
tablet_007,138,24,g010,g010,normal,synthetic_rongorongo_like,
tablet_007,138,25,g025,g025,normal,synthetic_rongorongo_like,
tablet_007,138,26,g021,g021,normal,synthetic_rongorongo_like,
tablet_007,138,27,g005,g005,normal,synthetic_rongorongo_like,
tablet_007,138,28,g001,g001,normal,synthetic_rongorongo_like,
tablet_007,138,29,g021,g021,normal,synthetic_rongorongo_like,
tablet_007,138,30,g030,g030,normal,synthetic_rongorongo_like,
tablet_007,138,31,g001,g001,normal,synthetic_rongorongo_like,
tablet_007,138,32,g006,g006,normal,synthetic_rongorongo_like,
tablet_007,138,33,g003,g003,normal,synthetic_rongorongo_like,
tablet_007,138,34,g024,g024,normal,synthetic_rongorongo_like,
tablet_007,138,35,g024,g024,normal,synthetic_rongorongo_like,
tablet_007,138,36,g002,g002,normal,synthetic_rongorongo_like,
tablet_007,138,37,g024,g024,normal,synthetic_rongorongo_like,
tablet_007,138,38,g024,g024,normal,synthetic_rongorongo_like,
tablet_007,138,39,g003,g003,normal,synthetic_rongorongo_like,
tablet_007,138,40,g009,g009,normal,synthetic_rongorongo_like,
tablet_007,139,1,g015,g015,normal,synthetic_rongorongo_like,
tablet_007,139,2,g015,g015,normal,synthetic_rongorongo_like,
tablet_007,139,3,g061,g061,normal,synthetic_rongorongo_like,
tablet_007,139,4,g008,g008,normal,synthetic_rongorongo_like,
tablet_007,139,5,g008,g008,normal,synthetic_rongorongo_like,
tablet_007,139,6,g021,g021,normal,synthetic_rongorongo_like,
tablet_007,139,7,g021,g021,normal,synthetic_rongorongo_like,
tablet_007,139,8,g001,g001,normal,synthetic_rongorongo_like,
tablet_007,139,9,g001,g001,normal,synthetic_rongorongo_like,
tablet_007,139,10,g001,g001,normal,synthetic_rongorongo_like,
tablet_007,139,11,g023,g023,normal,synthetic_rongorongo_like,
tablet_007,139,12,g061,g061,normal,synthetic_rongorongo_like,
tablet_007,139,13,g026,g026,normal,synthetic_rongorongo_like,
tablet_007,139,14,g063,g063,normal,synthetic_rongorongo_like,
tablet_007,139,15,g031,g031,normal,synthetic_rongorongo_like,
tablet_007,139,16,g031,g031,normal,synthetic_rongorongo_like,
tablet_007,139,17,g031,g031,normal,synthetic_rongorongo_like,
tablet_007,139,18,g020,g020,normal,synthetic_rongorongo_like,
tablet_007,139,19,g021,g021,normal,synthetic_rongorongo_like,
tablet_007,139,20,g021,g021,normal,synthetic_rongorongo_like,
tablet_007,139,21,g021,g021,normal,synthetic_rongorongo_like,
tablet_007,139,22,g021,g021,normal,synthetic_rongorongo_like,
tablet_007,139,23,g006,g006,normal,synthetic_rongorongo_like,
tablet_007,139,24,g005,g005,normal,synthetic_rongorongo_like,
tablet_007,139,25,g021,g021,normal,synthetic_rongorongo_like,
tablet_007,139,26,g013,g013,normal,synthetic_rongorongo_like,
tablet_007,139,27,g021,g021,normal,synthetic_rongorongo_like,
tablet_007,139,28,g021,g021,normal,synthetic_rongorongo_like,
tablet_007,139,29,g001,g001,normal,synthetic_rongorongo_like,
tablet_007,139,30,g021,g021,normal,synthetic_rongorongo_like,
tablet_007,139,31,g001,g001,normal,synthetic_rongorongo_like,
tablet_007,139,32,g021,g021,normal,synthetic_rongorongo_like,
tablet_007,139,33,g012,g012,normal,synthetic_rongorongo_like,
tablet_007,139,34,g015,g015,normal,synthetic_rongorongo_like,
tablet_007,139,35,g002,g002,normal,synthetic_rongorongo_like,
tablet_007,139,36,g006,g006,normal,synthetic_rongorongo_like,
tablet_007,139,37,g007,g007,normal,synthetic_rongorongo_like,
tablet_007,139,38,g013,g013,normal,synthetic_rongorongo_like,
tablet_007,139,39,g014,g014,normal,synthetic_rongorongo_like,
tablet_007,139,40,g027,g027,normal,synthetic_rongorongo_like,
tablet_007,140,1,g061,g061,normal,synthetic_rongorongo_like,
tablet_007,140,2,g022,g022,normal,synthetic_rongorongo_like,
tablet_007,140,3,g023,g023,normal,synthetic_rongorongo_like,
tablet_007,140,4,g023,g023,normal,synthetic_rongorongo_like,
tablet_007,140,5,g021,g021,normal,synthetic_rongorongo_like,
tablet_007,140,6,g004,g004,normal,synthetic_rongorongo_like,
tablet_007,140,7,g061,g061,normal,synthetic_rongorongo_like,
tablet_007,140,8,g001,g001,normal,synthetic_rongorongo_like,
tablet_007,140,9,g021,g021,normal,synthetic_rongorongo_like,
tablet_007,140,10,g034,g034,normal,synthetic_rongorongo_like,
tablet_007,140,11,g044,g044,normal,synthetic_rongorongo_like,
tablet_007,140,12,g083,g083,normal,synthetic_rongorongo_like,
tablet_007,140,13,g022,g022,normal,synthetic_rongorongo_like,
tablet_007,140,14,g081,g081,normal,synthetic_rongorongo_like,
tablet_007,140,15,g021,g021,normal,synthetic_rongorongo_like,
tablet_007,140,16,g063,g063,normal,synthetic_rongorongo_like,
tablet_007,140,17,g063,g063,normal,synthetic_rongorongo_like,
tablet_007,140,18,g063,g063,normal,synthetic_rongorongo_like,
tablet_007,140,19,g002,g002,normal,synthetic_rongorongo_like,
tablet_007,140,20,g001,g001,normal,synthetic_rongorongo_like,
tablet_007,140,21,g015,g015,normal,synthetic_rongorongo_like,
tablet_007,140,22,g002,g002,normal,synthetic_rongorongo_like,
tablet_007,140,23,g022,g022,normal,synthetic_rongorongo_like,
tablet_007,140,24,g022,g022,normal,synthetic_rongorongo_like,
tablet_007,140,25,g002,g002,normal,synthetic_rongorongo_like,
tablet_007,140,26,g001,g001,normal,synthetic_rongorongo_like,
tablet_007,140,27,g003,g003,normal,synthetic_rongorongo_like,
tablet_007,140,28,g023,g023,normal,synthetic_rongorongo_like,
tablet_007,140,29,g021,g021,normal,synthetic_rongorongo_like,
tablet_007,140,30,g021,g021,normal,synthetic_rongorongo_like,
tablet_007,140,31,g065,g065,normal,synthetic_rongorongo_like,
tablet_007,140,32,g003,g003,normal,synthetic_rongorongo_like,
tablet_007,140,33,g003,g003,normal,synthetic_rongorongo_like,
tablet_007,140,34,g061,g061,normal,synthetic_rongorongo_like,
tablet_007,140,35,g003,g003,normal,synthetic_rongorongo_like,
tablet_007,140,36,g012,g012,normal,synthetic_rongorongo_like,
tablet_007,140,37,g061,g061,normal,synthetic_rongorongo_like,
tablet_007,140,38,g064,g064,normal,synthetic_rongorongo_like,
tablet_007,140,39,g001,g001,normal,synthetic_rongorongo_like,
tablet_007,140,40,g002,g002,normal,synthetic_rongorongo_like,
tablet_008,141,1,g024,g024,normal,synthetic_rongorongo_like,
tablet_008,141,2,g024,g024,normal,synthetic_rongorongo_like,
tablet_008,141,3,g024,g024,normal,synthetic_rongorongo_like,
tablet_008,141,4,g007,g007,normal,synthetic_rongorongo_like,
tablet_008,141,5,g024,g024,normal,synthetic_rongorongo_like,
tablet_008,141,6,g006,g006,normal,synthetic_rongorongo_like,
tablet_008,141,7,g001,g001,normal,synthetic_rongorongo_like,
tablet_008,141,8,g001,g001,normal,synthetic_rongorongo_like,
tablet_008,141,9,g002,g002,normal,synthetic_rongorongo_like,
tablet_008,141,10,g021,g021,normal,synthetic_rongorongo_like,
tablet_008,141,11,g061,g061,normal,synthetic_rongorongo_like,
tablet_008,141,12,g006,g006,normal,synthetic_rongorongo_like,
tablet_008,141,13,g006,g006,normal,synthetic_rongorongo_like,
tablet_008,141,14,g002,g002,normal,synthetic_rongorongo_like,
tablet_008,141,15,g005,g005,normal,synthetic_rongorongo_like,
tablet_008,141,16,g005,g005,normal,synthetic_rongorongo_like,
tablet_008,141,17,g001,g001,normal,synthetic_rongorongo_like,
tablet_008,141,18,g002,g002,normal,synthetic_rongorongo_like,
tablet_008,141,19,g002,g002,normal,synthetic_rongorongo_like,
tablet_008,141,20,g002,g002,normal,synthetic_rongorongo_like,
tablet_008,141,21,g068,g068,normal,synthetic_rongorongo_like,
tablet_008,141,22,g021,g021,normal,synthetic_rongorongo_like,
tablet_008,141,23,g021,g021,normal,synthetic_rongorongo_like,
tablet_008,141,24,g001,g001,normal,synthetic_rongorongo_like,
tablet_008,141,25,g010,g010,normal,synthetic_rongorongo_like,
tablet_008,141,26,g001,g001,normal,synthetic_rongorongo_like,
tablet_008,141,27,g021,g021,normal,synthetic_rongorongo_like,
tablet_008,141,28,g009,g009,normal,synthetic_rongorongo_like,
tablet_008,141,29,g021,g021,normal,synthetic_rongorongo_like,
tablet_008,141,30,g021,g021,normal,synthetic_rongorongo_like,
tablet_008,141,31,g021,g021,normal,synthetic_rongorongo_like,
tablet_008,141,32,g021,g021,normal,synthetic_rongorongo_like,
tablet_008,141,33,g021,g021,normal,synthetic_rongorongo_like,
tablet_008,141,34,g021,g021,normal,synthetic_rongorongo_like,
tablet_008,141,35,g063,g063,normal,synthetic_rongorongo_like,
tablet_008,141,36,g063,g063,normal,synthetic_rongorongo_like,
tablet_008,141,37,g090,g090,normal,synthetic_rongorongo_like,
tablet_008,141,38,g001,g001,normal,synthetic_rongorongo_like,
tablet_008,141,39,g003,g003,normal,synthetic_rongorongo_like,
tablet_008,141,40,g021,g021,normal,synthetic_rongorongo_like,
tablet_008,142,1,g069,g069,normal,synthetic_rongorongo_like,
tablet_008,142,2,g066,g066,normal,synthetic_rongorongo_like,
tablet_008,142,3,g005,g005,normal,synthetic_rongorongo_like,
tablet_008,142,4,g023,g023,normal,synthetic_rongorongo_like,
tablet_008,142,5,g003,g003,normal,synthetic_rongorongo_like,
tablet_008,142,6,g001,g001,normal,synthetic_rongorongo_like,
tablet_008,142,7,g001,g001,normal,synthetic_rongorongo_like,
tablet_008,142,8,g006,g006,normal,synthetic_rongorongo_like,
tablet_008,142,9,g061,g061,normal,synthetic_rongorongo_like,
tablet_008,142,10,g021,g021,normal,synthetic_rongorongo_like,
tablet_008,142,11,g003,g003,normal,synthetic_rongorongo_like,
tablet_008,142,12,g062,g062,normal,synthetic_rongorongo_like,
tablet_008,142,13,g007,g007,normal,synthetic_rongorongo_like,
tablet_008,142,14,g061,g061,normal,synthetic_rongorongo_like,
tablet_008,142,15,g061,g061,normal,synthetic_rongorongo_like,
tablet_008,142,16,g012,g012,normal,synthetic_rongorongo_like,
tablet_008,142,17,g093,g093,normal,synthetic_rongorongo_like,
tablet_008,142,18,g018,g018,normal,synthetic_rongorongo_like,
tablet_008,142,19,g033,g033,normal,synthetic_rongorongo_like,
tablet_008,142,20,g061,g061,normal,synthetic_rongorongo_like,
tablet_008,142,21,g002,g002,normal,synthetic_rongorongo_like,
tablet_008,142,22,g062,g062,normal,synthetic_rongorongo_like,
tablet_008,142,23,g061,g061,normal,synthetic_rongorongo_like,
tablet_008,142,24,g022,g022,normal,synthetic_rongorongo_like,
tablet_008,142,25,g062,g062,normal,synthetic_rongorongo_like,
tablet_008,142,26,g021,g021,normal,synthetic_rongorongo_like,
tablet_008,142,27,g022,g022,normal,synthetic_rongorongo_like,
tablet_008,142,28,g001,g001,normal,synthetic_rongorongo_like,
tablet_008,142,29,g008,g008,normal,synthetic_rongorongo_like,
tablet_008,142,30,g002,g002,normal,synthetic_rongorongo_like,
tablet_008,142,31,g002,g002,normal,synthetic_rongorongo_like,
tablet_008,142,32,g061,g061,normal,synthetic_rongorongo_like,
tablet_008,142,33,g004,g004,normal,synthetic_rongorongo_like,
tablet_008,142,34,g004,g004,normal,synthetic_rongorongo_like,
tablet_008,142,35,g004,g004,normal,synthetic_rongorongo_like,
tablet_008,142,36,g004,g004,normal,synthetic_rongorongo_like,
tablet_008,142,37,g013,g013,normal,synthetic_rongorongo_like,
tablet_008,142,38,g001,g001,normal,synthetic_rongorongo_like,
tablet_008,142,39,g021,g021,normal,synthetic_rongorongo_like,
tablet_008,142,40,g021,g021,normal,synthetic_rongorongo_like,
tablet_008,143,1,g031,g031,normal,synthetic_rongorongo_like,
tablet_008,143,2,g022,g022,normal,synthetic_rongorongo_like,
tablet_008,143,3,g021,g021,normal,synthetic_rongorongo_like,
tablet_008,143,4,g022,g022,normal,synthetic_rongorongo_like,
tablet_008,143,5,g062,g062,normal,synthetic_rongorongo_like,
tablet_008,143,6,g065,g065,normal,synthetic_rongorongo_like,
tablet_008,143,7,g065,g065,normal,synthetic_rongorongo_like,
tablet_008,143,8,g021,g021,normal,synthetic_rongorongo_like,
tablet_008,143,9,g014,g014,normal,synthetic_rongorongo_like,
tablet_008,143,10,g001,g001,normal,synthetic_rongorongo_like,
tablet_008,143,11,g001,g001,normal,synthetic_rongorongo_like,
tablet_008,143,12,g061,g061,normal,synthetic_rongorongo_like,
tablet_008,143,13,g021,g021,normal,synthetic_rongorongo_like,
tablet_008,143,14,g010,g010,normal,synthetic_rongorongo_like,
tablet_008,143,15,g010,g010,normal,synthetic_rongorongo_like,
tablet_008,143,16,g001,g001,normal,synthetic_rongorongo_like,
tablet_008,143,17,g002,g002,normal,synthetic_rongorongo_like,
tablet_008,143,18,g002,g002,normal,synthetic_rongorongo_like,
tablet_008,143,19,g023,g023,normal,synthetic_rongorongo_like,
tablet_008,143,20,g001,g001,normal,synthetic_rongorongo_like,
tablet_008,143,21,g003,g003,normal,synthetic_rongorongo_like,
tablet_008,143,22,g004,g004,normal,synthetic_rongorongo_like,
tablet_008,143,23,g021,g021,normal,synthetic_rongorongo_like,
tablet_008,143,24,g021,g021,normal,synthetic_rongorongo_like,
tablet_008,143,25,g105,g105,normal,synthetic_rongorongo_like,
tablet_008,143,26,g023,g023,normal,synthetic_rongorongo_like,
tablet_008,143,27,g001,g001,normal,synthetic_rongorongo_like,
tablet_008,143,28,g001,g001,normal,synthetic_rongorongo_like,
tablet_008,143,29,g001,g001,normal,synthetic_rongorongo_like,
tablet_008,143,30,g022,g022,normal,synthetic_rongorongo_like,
tablet_008,143,31,g022,g022,normal,synthetic_rongorongo_like,
tablet_008,143,32,g083,g083,normal,synthetic_rongorongo_like,
tablet_008,143,33,g021,g021,normal,synthetic_rongorongo_like,
tablet_008,143,34,g023,g023,normal,synthetic_rongorongo_like,
tablet_008,143,35,g061,g061,normal,synthetic_rongorongo_like,
tablet_008,143,36,g004,g004,normal,synthetic_rongorongo_like,
tablet_008,143,37,g001,g001,normal,synthetic_rongorongo_like,
tablet_008,143,38,g061,g061,normal,synthetic_rongorongo_like,
tablet_008,143,39,g061,g061,normal,synthetic_rongorongo_like,
tablet_008,143,40,g061,g061,normal,synthetic_rongorongo_like,
tablet_008,144,1,g023,g023,normal,synthetic_rongorongo_like,
tablet_008,144,2,g021,g021,normal,synthetic_rongorongo_like,
tablet_008,144,3,g021,g021,normal,synthetic_rongorongo_like,
tablet_008,144,4,g002,g002,normal,synthetic_rongorongo_like,
tablet_008,144,5,g002,g002,normal,synthetic_rongorongo_like,
tablet_008,144,6,g003,g003,normal,synthetic_rongorongo_like,
tablet_008,144,7,g003,g003,normal,synthetic_rongorongo_like,
tablet_008,144,8,g061,g061,normal,synthetic_rongorongo_like,
tablet_008,144,9,g001,g001,normal,synthetic_rongorongo_like,
tablet_008,144,10,g002,g002,normal,synthetic_rongorongo_like,
tablet_008,144,11,g062,g062,normal,synthetic_rongorongo_like,
tablet_008,144,12,g062,g062,normal,synthetic_rongorongo_like,
tablet_008,144,13,g001,g001,normal,synthetic_rongorongo_like,
tablet_008,144,14,g024,g024,normal,synthetic_rongorongo_like,
tablet_008,144,15,g022,g022,normal,synthetic_rongorongo_like,
tablet_008,144,16,g001,g001,normal,synthetic_rongorongo_like,
tablet_008,144,17,g001,g001,normal,synthetic_rongorongo_like,
tablet_008,144,18,g001,g001,normal,synthetic_rongorongo_like,
tablet_008,144,19,g061,g061,normal,synthetic_rongorongo_like,
tablet_008,144,20,g011,g011,normal,synthetic_rongorongo_like,
tablet_008,144,21,g011,g011,normal,synthetic_rongorongo_like,
tablet_008,144,22,g001,g001,normal,synthetic_rongorongo_like,
tablet_008,144,23,g067,g067,normal,synthetic_rongorongo_like,
tablet_008,144,24,g067,g067,normal,synthetic_rongorongo_like,
tablet_008,144,25,g067,g067,normal,synthetic_rongorongo_like,
tablet_008,144,26,g071,g071,normal,synthetic_rongorongo_like,
tablet_008,144,27,g006,g006,normal,synthetic_rongorongo_like,
tablet_008,144,28,g006,g006,normal,synthetic_rongorongo_like,
tablet_008,144,29,g021,g021,normal,synthetic_rongorongo_like,
tablet_008,144,30,g061,g061,normal,synthetic_rongorongo_like,
tablet_008,144,31,g021,g021,normal,synthetic_rongorongo_like,
tablet_008,144,32,g114,g114,normal,synthetic_rongorongo_like,
tablet_008,144,33,g007,g007,normal,synthetic_rongorongo_like,
tablet_008,144,34,g007,g007,normal,synthetic_rongorongo_like,
tablet_008,144,35,g021,g021,normal,synthetic_rongorongo_like,
tablet_008,144,36,g021,g021,normal,synthetic_rongorongo_like,
tablet_008,144,37,g021,g021,normal,synthetic_rongorongo_like,
tablet_008,144,38,g004,g004,normal,synthetic_rongorongo_like,
tablet_008,144,39,g003,g003,normal,synthetic_rongorongo_like,
tablet_008,144,40,g003,g003,normal,synthetic_rongorongo_like,
tablet_008,145,1,g009,g009,normal,synthetic_rongorongo_like,
tablet_008,145,2,g009,g009,normal,synthetic_rongorongo_like,
tablet_008,145,3,g001,g001,normal,synthetic_rongorongo_like,
tablet_008,145,4,g024,g024,normal,synthetic_rongorongo_like,
tablet_008,145,5,g062,g062,normal,synthetic_rongorongo_like,
tablet_008,145,6,g001,g001,normal,synthetic_rongorongo_like,
tablet_008,145,7,g001,g001,normal,synthetic_rongorongo_like,
tablet_008,145,8,g001,g001,normal,synthetic_rongorongo_like,
tablet_008,145,9,g001,g001,normal,synthetic_rongorongo_like,
tablet_008,145,10,g061,g061,normal,synthetic_rongorongo_like,
tablet_008,145,11,g061,g061,normal,synthetic_rongorongo_like,
tablet_008,145,12,g061,g061,normal,synthetic_rongorongo_like,
tablet_008,145,13,g035,g035,normal,synthetic_rongorongo_like,
tablet_008,145,14,g035,g035,normal,synthetic_rongorongo_like,
tablet_008,145,15,g021,g021,normal,synthetic_rongorongo_like,
tablet_008,145,16,g020,g020,normal,synthetic_rongorongo_like,
tablet_008,145,17,g004,g004,normal,synthetic_rongorongo_like,
tablet_008,145,18,g001,g001,normal,synthetic_rongorongo_like,
tablet_008,145,19,g003,g003,normal,synthetic_rongorongo_like,
tablet_008,145,20,g003,g003,normal,synthetic_rongorongo_like,
tablet_008,145,21,g003,g003,normal,synthetic_rongorongo_like,
tablet_008,145,22,g062,g062,normal,synthetic_rongorongo_like,
tablet_008,145,23,g062,g062,normal,synthetic_rongorongo_like,
tablet_008,145,24,g062,g062,normal,synthetic_rongorongo_like,
tablet_008,145,25,g021,g021,normal,synthetic_rongorongo_like,
tablet_008,145,26,g001,g001,normal,synthetic_rongorongo_like,
tablet_008,145,27,g061,g061,normal,synthetic_rongorongo_like,
tablet_008,145,28,g003,g003,normal,synthetic_rongorongo_like,
tablet_008,145,29,g001,g001,normal,synthetic_rongorongo_like,
tablet_008,145,30,g001,g001,normal,synthetic_rongorongo_like,
tablet_008,145,31,g001,g001,normal,synthetic_rongorongo_like,
tablet_008,145,32,g001,g001,normal,synthetic_rongorongo_like,
tablet_008,145,33,g002,g002,normal,synthetic_rongorongo_like,
tablet_008,145,34,g032,g032,normal,synthetic_rongorongo_like,
tablet_008,145,35,g011,g011,normal,synthetic_rongorongo_like,
tablet_008,145,36,g024,g024,normal,synthetic_rongorongo_like,
tablet_008,145,37,g062,g062,normal,synthetic_rongorongo_like,
tablet_008,145,38,g001,g001,normal,synthetic_rongorongo_like,
tablet_008,145,39,g003,g003,normal,synthetic_rongorongo_like,
tablet_008,145,40,g066,g066,normal,synthetic_rongorongo_like,
tablet_008,146,1,g023,g023,normal,synthetic_rongorongo_like,
tablet_008,146,2,g002,g002,normal,synthetic_rongorongo_like,
tablet_008,146,3,g012,g012,normal,synthetic_rongorongo_like,
tablet_008,146,4,g021,g021,normal,synthetic_rongorongo_like,
tablet_008,146,5,g006,g006,normal,synthetic_rongorongo_like,
tablet_008,146,6,g002,g002,normal,synthetic_rongorongo_like,
tablet_008,146,7,g002,g002,normal,synthetic_rongorongo_like,
tablet_008,146,8,g002,g002,normal,synthetic_rongorongo_like,
tablet_008,146,9,g065,g065,normal,synthetic_rongorongo_like,
tablet_008,146,10,g065,g065,normal,synthetic_rongorongo_like,
tablet_008,146,11,g065,g065,normal,synthetic_rongorongo_like,
tablet_008,146,12,g003,g003,normal,synthetic_rongorongo_like,
tablet_008,146,13,g023,g023,normal,synthetic_rongorongo_like,
tablet_008,146,14,g001,g001,normal,synthetic_rongorongo_like,
tablet_008,146,15,g019,g019,normal,synthetic_rongorongo_like,
tablet_008,146,16,g021,g021,normal,synthetic_rongorongo_like,
tablet_008,146,17,g021,g021,normal,synthetic_rongorongo_like,
tablet_008,146,18,g024,g024,normal,synthetic_rongorongo_like,
tablet_008,146,19,g022,g022,normal,synthetic_rongorongo_like,
tablet_008,146,20,g022,g022,normal,synthetic_rongorongo_like,
tablet_008,146,21,g021,g021,normal,synthetic_rongorongo_like,
tablet_008,146,22,g001,g001,normal,synthetic_rongorongo_like,
tablet_008,146,23,g001,g001,normal,synthetic_rongorongo_like,
tablet_008,146,24,g001,g001,normal,synthetic_rongorongo_like,
tablet_008,146,25,g021,g021,normal,synthetic_rongorongo_like,
tablet_008,146,26,g061,g061,normal,synthetic_rongorongo_like,
tablet_008,146,27,g006,g006,normal,synthetic_rongorongo_like,
tablet_008,146,28,g061,g061,normal,synthetic_rongorongo_like,
tablet_008,146,29,g002,g002,normal,synthetic_rongorongo_like,
tablet_008,146,30,g002,g002,normal,synthetic_rongorongo_like,
tablet_008,146,31,g022,g022,normal,synthetic_rongorongo_like,
tablet_008,146,32,g006,g006,normal,synthetic_rongorongo_like,
tablet_008,146,33,g007,g007,normal,synthetic_rongorongo_like,
tablet_008,146,34,g026,g026,normal,synthetic_rongorongo_like,
tablet_008,146,35,g005,g005,normal,synthetic_rongorongo_like,
tablet_008,146,36,g002,g002,normal,synthetic_rongorongo_like,
tablet_008,146,37,g002,g002,normal,synthetic_rongorongo_like,
tablet_008,146,38,g002,g002,normal,synthetic_rongorongo_like,
tablet_008,146,39,g002,g002,normal,synthetic_rongorongo_like,
tablet_008,146,40,g061,g061,normal,synthetic_rongorongo_like,
tablet_008,147,1,g022,g022,normal,synthetic_rongorongo_like,
tablet_008,147,2,g013,g013,normal,synthetic_rongorongo_like,
tablet_008,147,3,g022,g022,normal,synthetic_rongorongo_like,
tablet_008,147,4,g026,g026,normal,synthetic_rongorongo_like,
tablet_008,147,5,g061,g061,normal,synthetic_rongorongo_like,
tablet_008,147,6,g061,g061,normal,synthetic_rongorongo_like,
tablet_008,147,7,g061,g061,normal,synthetic_rongorongo_like,
tablet_008,147,8,g061,g061,normal,synthetic_rongorongo_like,
tablet_008,147,9,g061,g061,normal,synthetic_rongorongo_like,
tablet_008,147,10,g032,g032,normal,synthetic_rongorongo_like,
tablet_008,147,11,g037,g037,normal,synthetic_rongorongo_like,
tablet_008,147,12,g062,g062,normal,synthetic_rongorongo_like,
tablet_008,147,13,g010,g010,normal,synthetic_rongorongo_like,
tablet_008,147,14,g021,g021,normal,synthetic_rongorongo_like,
tablet_008,147,15,g021,g021,normal,synthetic_rongorongo_like,
tablet_008,147,16,g001,g001,normal,synthetic_rongorongo_like,
tablet_008,147,17,g061,g061,normal,synthetic_rongorongo_like,
tablet_008,147,18,g021,g021,normal,synthetic_rongorongo_like,
tablet_008,147,19,g021,g021,normal,synthetic_rongorongo_like,
tablet_008,147,20,g003,g003,normal,synthetic_rongorongo_like,
tablet_008,147,21,g001,g001,normal,synthetic_rongorongo_like,
tablet_008,147,22,g001,g001,normal,synthetic_rongorongo_like,
tablet_008,147,23,g001,g001,normal,synthetic_rongorongo_like,
tablet_008,147,24,g002,g002,normal,synthetic_rongorongo_like,
tablet_008,147,25,g007,g007,normal,synthetic_rongorongo_like,
tablet_008,147,26,g011,g011,normal,synthetic_rongorongo_like,
tablet_008,147,27,g021,g021,normal,synthetic_rongorongo_like,
tablet_008,147,28,g061,g061,normal,synthetic_rongorongo_like,
tablet_008,147,29,g061,g061,normal,synthetic_rongorongo_like,
tablet_008,147,30,g003,g003,normal,synthetic_rongorongo_like,
tablet_008,147,31,g016,g016,normal,synthetic_rongorongo_like,
tablet_008,147,32,g001,g001,normal,synthetic_rongorongo_like,
tablet_008,147,33,g001,g001,normal,synthetic_rongorongo_like,
tablet_008,147,34,g001,g001,normal,synthetic_rongorongo_like,
tablet_008,147,35,g006,g006,normal,synthetic_rongorongo_like,
tablet_008,147,36,g021,g021,normal,synthetic_rongorongo_like,
tablet_008,147,37,g021,g021,normal,synthetic_rongorongo_like,
tablet_008,147,38,g022,g022,normal,synthetic_rongorongo_like,
tablet_008,147,39,g026,g026,normal,synthetic_rongorongo_like,
tablet_008,147,40,g040,g040,normal,synthetic_rongorongo_like,
tablet_008,148,1,g010,g010,normal,synthetic_rongorongo_like,
tablet_008,148,2,g021,g021,normal,synthetic_rongorongo_like,
tablet_008,148,3,g021,g021,normal,synthetic_rongorongo_like,
tablet_008,148,4,g001,g001,normal,synthetic_rongorongo_like,
tablet_008,148,5,g021,g021,normal,synthetic_rongorongo_like,
tablet_008,148,6,g086,g086,normal,synthetic_rongorongo_like,
tablet_008,148,7,g011,g011,normal,synthetic_rongorongo_like,
tablet_008,148,8,g022,g022,normal,synthetic_rongorongo_like,
tablet_008,148,9,g022,g022,normal,synthetic_rongorongo_like,
tablet_008,148,10,g034,g034,normal,synthetic_rongorongo_like,
tablet_008,148,11,g003,g003,normal,synthetic_rongorongo_like,
tablet_008,148,12,g065,g065,normal,synthetic_rongorongo_like,
tablet_008,148,13,g001,g001,normal,synthetic_rongorongo_like,
tablet_008,148,14,g021,g021,normal,synthetic_rongorongo_like,
tablet_008,148,15,g021,g021,normal,synthetic_rongorongo_like,
tablet_008,148,16,g001,g001,normal,synthetic_rongorongo_like,
tablet_008,148,17,g001,g001,normal,synthetic_rongorongo_like,
tablet_008,148,18,g078,g078,normal,synthetic_rongorongo_like,
tablet_008,148,19,g021,g021,normal,synthetic_rongorongo_like,
tablet_008,148,20,g061,g061,normal,synthetic_rongorongo_like,
tablet_008,148,21,g061,g061,normal,synthetic_rongorongo_like,
tablet_008,148,22,g021,g021,normal,synthetic_rongorongo_like,
tablet_008,148,23,g022,g022,normal,synthetic_rongorongo_like,
tablet_008,148,24,g022,g022,normal,synthetic_rongorongo_like,
tablet_008,148,25,g022,g022,normal,synthetic_rongorongo_like,
tablet_008,148,26,g021,g021,normal,synthetic_rongorongo_like,
tablet_008,148,27,g023,g023,normal,synthetic_rongorongo_like,
tablet_008,148,28,g003,g003,normal,synthetic_rongorongo_like,
tablet_008,148,29,g061,g061,normal,synthetic_rongorongo_like,
tablet_008,148,30,g021,g021,normal,synthetic_rongorongo_like,
tablet_008,148,31,g021,g021,normal,synthetic_rongorongo_like,
tablet_008,148,32,g024,g024,normal,synthetic_rongorongo_like,
tablet_008,148,33,g001,g001,normal,synthetic_rongorongo_like,
tablet_008,148,34,g021,g021,normal,synthetic_rongorongo_like,
tablet_008,148,35,g021,g021,normal,synthetic_rongorongo_like,
tablet_008,148,36,g002,g002,normal,synthetic_rongorongo_like,
tablet_008,148,37,g002,g002,normal,synthetic_rongorongo_like,
tablet_008,148,38,g021,g021,normal,synthetic_rongorongo_like,
tablet_008,148,39,g002,g002,normal,synthetic_rongorongo_like,
tablet_008,148,40,g021,g021,normal,synthetic_rongorongo_like,
tablet_008,149,1,g001,g001,normal,synthetic_rongorongo_like,
tablet_008,149,2,g009,g009,normal,synthetic_rongorongo_like,
tablet_008,149,3,g021,g021,normal,synthetic_rongorongo_like,
tablet_008,149,4,g001,g001,normal,synthetic_rongorongo_like,
tablet_008,149,5,g001,g001,normal,synthetic_rongorongo_like,
tablet_008,149,6,g052,g052,normal,synthetic_rongorongo_like,
tablet_008,149,7,g004,g004,normal,synthetic_rongorongo_like,
tablet_008,149,8,g022,g022,normal,synthetic_rongorongo_like,
tablet_008,149,9,g062,g062,normal,synthetic_rongorongo_like,
tablet_008,149,10,g001,g001,normal,synthetic_rongorongo_like,
tablet_008,149,11,g001,g001,normal,synthetic_rongorongo_like,
tablet_008,149,12,g062,g062,normal,synthetic_rongorongo_like,
tablet_008,149,13,g064,g064,normal,synthetic_rongorongo_like,
tablet_008,149,14,g064,g064,normal,synthetic_rongorongo_like,
tablet_008,149,15,g001,g001,normal,synthetic_rongorongo_like,
tablet_008,149,16,g023,g023,normal,synthetic_rongorongo_like,
tablet_008,149,17,g005,g005,normal,synthetic_rongorongo_like,
tablet_008,149,18,g002,g002,normal,synthetic_rongorongo_like,
tablet_008,149,19,g008,g008,normal,synthetic_rongorongo_like,
tablet_008,149,20,g061,g061,normal,synthetic_rongorongo_like,
tablet_008,149,21,g006,g006,normal,synthetic_rongorongo_like,
tablet_008,149,22,g005,g005,normal,synthetic_rongorongo_like,
tablet_008,149,23,g061,g061,normal,synthetic_rongorongo_like,
tablet_008,149,24,g058,g058,normal,synthetic_rongorongo_like,
tablet_008,149,25,g071,g071,normal,synthetic_rongorongo_like,
tablet_008,149,26,g071,g071,normal,synthetic_rongorongo_like,
tablet_008,149,27,g002,g002,normal,synthetic_rongorongo_like,
tablet_008,149,28,g005,g005,normal,synthetic_rongorongo_like,
tablet_008,149,29,g047,g047,normal,synthetic_rongorongo_like,
tablet_008,149,30,g061,g061,normal,synthetic_rongorongo_like,
tablet_008,149,31,g062,g062,normal,synthetic_rongorongo_like,
tablet_008,149,32,g062,g062,normal,synthetic_rongorongo_like,
tablet_008,149,33,g046,g046,normal,synthetic_rongorongo_like,
tablet_008,149,34,g022,g022,normal,synthetic_rongorongo_like,
tablet_008,149,35,g022,g022,normal,synthetic_rongorongo_like,
tablet_008,149,36,g010,g010,normal,synthetic_rongorongo_like,
tablet_008,149,37,g007,g007,normal,synthetic_rongorongo_like,
tablet_008,149,38,g021,g021,normal,synthetic_rongorongo_like,
tablet_008,149,39,g002,g002,normal,synthetic_rongorongo_like,
tablet_008,149,40,g027,g027,normal,synthetic_rongorongo_like,
tablet_008,150,1,g065,g065,normal,synthetic_rongorongo_like,
tablet_008,150,2,g005,g005,normal,synthetic_rongorongo_like,
tablet_008,150,3,g002,g002,normal,synthetic_rongorongo_like,
tablet_008,150,4,g021,g021,normal,synthetic_rongorongo_like,
tablet_008,150,5,g002,g002,normal,synthetic_rongorongo_like,
tablet_008,150,6,g038,g038,normal,synthetic_rongorongo_like,
tablet_008,150,7,g021,g021,normal,synthetic_rongorongo_like,
tablet_008,150,8,g021,g021,normal,synthetic_rongorongo_like,
tablet_008,150,9,g021,g021,normal,synthetic_rongorongo_like,
tablet_008,150,10,g061,g061,normal,synthetic_rongorongo_like,
tablet_008,150,11,g002,g002,normal,synthetic_rongorongo_like,
tablet_008,150,12,g002,g002,normal,synthetic_rongorongo_like,
tablet_008,150,13,g037,g037,normal,synthetic_rongorongo_like,
tablet_008,150,14,g021,g021,normal,synthetic_rongorongo_like,
tablet_008,150,15,g001,g001,normal,synthetic_rongorongo_like,
tablet_008,150,16,g002,g002,normal,synthetic_rongorongo_like,
tablet_008,150,17,g092,g092,normal,synthetic_rongorongo_like,
tablet_008,150,18,g092,g092,normal,synthetic_rongorongo_like,
tablet_008,150,19,g092,g092,normal,synthetic_rongorongo_like,
tablet_008,150,20,g065,g065,normal,synthetic_rongorongo_like,
tablet_008,150,21,g061,g061,normal,synthetic_rongorongo_like,
tablet_008,150,22,g022,g022,normal,synthetic_rongorongo_like,
tablet_008,150,23,g025,g025,normal,synthetic_rongorongo_like,
tablet_008,150,24,g025,g025,normal,synthetic_rongorongo_like,
tablet_008,150,25,g061,g061,normal,synthetic_rongorongo_like,
tablet_008,150,26,g025,g025,normal,synthetic_rongorongo_like,
tablet_008,150,27,g001,g001,normal,synthetic_rongorongo_like,
tablet_008,150,28,g003,g003,normal,synthetic_rongorongo_like,
tablet_008,150,29,g003,g003,normal,synthetic_rongorongo_like,
tablet_008,150,30,g003,g003,normal,synthetic_rongorongo_like,
tablet_008,150,31,g119,g119,normal,synthetic_rongorongo_like,
tablet_008,150,32,g001,g001,normal,synthetic_rongorongo_like,
tablet_008,150,33,g001,g001,normal,synthetic_rongorongo_like,
tablet_008,150,34,g001,g001,normal,synthetic_rongorongo_like,
tablet_008,150,35,g001,g001,normal,synthetic_rongorongo_like,
tablet_008,150,36,g064,g064,normal,synthetic_rongorongo_like,
tablet_008,150,37,g064,g064,normal,synthetic_rongorongo_like,
tablet_008,150,38,g076,g076,normal,synthetic_rongorongo_like,
tablet_008,150,39,g062,g062,normal,synthetic_rongorongo_like,
tablet_008,150,40,g061,g061,normal,synthetic_rongorongo_like,
tablet_008,151,1,g003,g003,normal,synthetic_rongorongo_like,
tablet_008,151,2,g008,g008,normal,synthetic_rongorongo_like,
tablet_008,151,3,g061,g061,normal,synthetic_rongorongo_like,
tablet_008,151,4,g066,g066,normal,synthetic_rongorongo_like,
tablet_008,151,5,g021,g021,normal,synthetic_rongorongo_like,
tablet_008,151,6,g021,g021,normal,synthetic_rongorongo_like,
tablet_008,151,7,g001,g001,normal,synthetic_rongorongo_like,
tablet_008,151,8,g002,g002,normal,synthetic_rongorongo_like,
tablet_008,151,9,g002,g002,normal,synthetic_rongorongo_like,
tablet_008,151,10,g061,g061,normal,synthetic_rongorongo_like,
tablet_008,151,11,g022,g022,normal,synthetic_rongorongo_like,
tablet_008,151,12,g003,g003,normal,synthetic_rongorongo_like,
tablet_008,151,13,g066,g066,normal,synthetic_rongorongo_like,
tablet_008,151,14,g062,g062,normal,synthetic_rongorongo_like,
tablet_008,151,15,g062,g062,normal,synthetic_rongorongo_like,
tablet_008,151,16,g062,g062,normal,synthetic_rongorongo_like,
tablet_008,151,17,g001,g001,normal,synthetic_rongorongo_like,
tablet_008,151,18,g006,g006,normal,synthetic_rongorongo_like,
tablet_008,151,19,g062,g062,normal,synthetic_rongorongo_like,
tablet_008,151,20,g001,g001,normal,synthetic_rongorongo_like,
tablet_008,151,21,g001,g001,normal,synthetic_rongorongo_like,
tablet_008,151,22,g001,g001,normal,synthetic_rongorongo_like,
tablet_008,151,23,g001,g001,normal,synthetic_rongorongo_like,
tablet_008,151,24,g015,g015,normal,synthetic_rongorongo_like,
tablet_008,151,25,g002,g002,normal,synthetic_rongorongo_like,
tablet_008,151,26,g002,g002,normal,synthetic_rongorongo_like,
tablet_008,151,27,g061,g061,normal,synthetic_rongorongo_like,
tablet_008,151,28,g002,g002,normal,synthetic_rongorongo_like,
tablet_008,151,29,g062,g062,normal,synthetic_rongorongo_like,
tablet_008,151,30,g062,g062,normal,synthetic_rongorongo_like,
tablet_008,151,31,g033,g033,normal,synthetic_rongorongo_like,
tablet_008,151,32,g008,g008,normal,synthetic_rongorongo_like,
tablet_008,151,33,g021,g021,normal,synthetic_rongorongo_like,
tablet_008,151,34,g021,g021,normal,synthetic_rongorongo_like,
tablet_008,151,35,g021,g021,normal,synthetic_rongorongo_like,
tablet_008,151,36,g026,g026,normal,synthetic_rongorongo_like,
tablet_008,151,37,g014,g014,normal,synthetic_rongorongo_like,
tablet_008,151,38,g067,g067,normal,synthetic_rongorongo_like,
tablet_008,151,39,g067,g067,normal,synthetic_rongorongo_like,
tablet_008,151,40,g002,g002,normal,synthetic_rongorongo_like,
tablet_008,152,1,g001,g001,normal,synthetic_rongorongo_like,
tablet_008,152,2,g005,g005,normal,synthetic_rongorongo_like,
tablet_008,152,3,g023,g023,normal,synthetic_rongorongo_like,
tablet_008,152,4,g063,g063,normal,synthetic_rongorongo_like,
tablet_008,152,5,g012,g012,normal,synthetic_rongorongo_like,
tablet_008,152,6,g061,g061,normal,synthetic_rongorongo_like,
tablet_008,152,7,g010,g010,normal,synthetic_rongorongo_like,
tablet_008,152,8,g063,g063,normal,synthetic_rongorongo_like,
tablet_008,152,9,g003,g003,normal,synthetic_rongorongo_like,
tablet_008,152,10,g029,g029,normal,synthetic_rongorongo_like,
tablet_008,152,11,g013,g013,normal,synthetic_rongorongo_like,
tablet_008,152,12,g022,g022,normal,synthetic_rongorongo_like,
tablet_008,152,13,g001,g001,normal,synthetic_rongorongo_like,
tablet_008,152,14,g021,g021,normal,synthetic_rongorongo_like,
tablet_008,152,15,g001,g001,normal,synthetic_rongorongo_like,
tablet_008,152,16,g061,g061,normal,synthetic_rongorongo_like,
tablet_008,152,17,g005,g005,normal,synthetic_rongorongo_like,
tablet_008,152,18,g015,g015,normal,synthetic_rongorongo_like,
tablet_008,152,19,g001,g001,normal,synthetic_rongorongo_like,
tablet_008,152,20,g024,g024,normal,synthetic_rongorongo_like,
tablet_008,152,21,g001,g001,normal,synthetic_rongorongo_like,
tablet_008,152,22,g023,g023,normal,synthetic_rongorongo_like,
tablet_008,152,23,g061,g061,normal,synthetic_rongorongo_like,
tablet_008,152,24,g001,g001,normal,synthetic_rongorongo_like,
tablet_008,152,25,g001,g001,normal,synthetic_rongorongo_like,
tablet_008,152,26,g023,g023,normal,synthetic_rongorongo_like,
tablet_008,152,27,g041,g041,normal,synthetic_rongorongo_like,
tablet_008,152,28,g001,g001,normal,synthetic_rongorongo_like,
tablet_008,152,29,g022,g022,normal,synthetic_rongorongo_like,
tablet_008,152,30,g021,g021,normal,synthetic_rongorongo_like,
tablet_008,152,31,g001,g001,normal,synthetic_rongorongo_like,
tablet_008,152,32,g001,g001,normal,synthetic_rongorongo_like,
tablet_008,152,33,g028,g028,normal,synthetic_rongorongo_like,
tablet_008,152,34,g001,g001,normal,synthetic_rongorongo_like,
tablet_008,152,35,g002,g002,normal,synthetic_rongorongo_like,
tablet_008,152,36,g021,g021,normal,synthetic_rongorongo_like,
tablet_008,152,37,g001,g001,normal,synthetic_rongorongo_like,
tablet_008,152,38,g006,g006,normal,synthetic_rongorongo_like,
tablet_008,152,39,g019,g019,normal,synthetic_rongorongo_like,
tablet_008,152,40,g019,g019,normal,synthetic_rongorongo_like,
tablet_008,153,1,g006,g006,normal,synthetic_rongorongo_like,
tablet_008,153,2,g021,g021,normal,synthetic_rongorongo_like,
tablet_008,153,3,g061,g061,normal,synthetic_rongorongo_like,
tablet_008,153,4,g024,g024,normal,synthetic_rongorongo_like,
tablet_008,153,5,g024,g024,normal,synthetic_rongorongo_like,
tablet_008,153,6,g021,g021,normal,synthetic_rongorongo_like,
tablet_008,153,7,g021,g021,normal,synthetic_rongorongo_like,
tablet_008,153,8,g033,g033,normal,synthetic_rongorongo_like,
tablet_008,153,9,g033,g033,normal,synthetic_rongorongo_like,
tablet_008,153,10,g061,g061,normal,synthetic_rongorongo_like,
tablet_008,153,11,g061,g061,normal,synthetic_rongorongo_like,
tablet_008,153,12,g061,g061,normal,synthetic_rongorongo_like,
tablet_008,153,13,g005,g005,normal,synthetic_rongorongo_like,
tablet_008,153,14,g005,g005,normal,synthetic_rongorongo_like,
tablet_008,153,15,g063,g063,normal,synthetic_rongorongo_like,
tablet_008,153,16,g001,g001,normal,synthetic_rongorongo_like,
tablet_008,153,17,g001,g001,normal,synthetic_rongorongo_like,
tablet_008,153,18,g002,g002,normal,synthetic_rongorongo_like,
tablet_008,153,19,g027,g027,normal,synthetic_rongorongo_like,
tablet_008,153,20,g022,g022,normal,synthetic_rongorongo_like,
tablet_008,153,21,g008,g008,normal,synthetic_rongorongo_like,
tablet_008,153,22,g008,g008,normal,synthetic_rongorongo_like,
tablet_008,153,23,g008,g008,normal,synthetic_rongorongo_like,
tablet_008,153,24,g018,g018,normal,synthetic_rongorongo_like,
tablet_008,153,25,g018,g018,normal,synthetic_rongorongo_like,
tablet_008,153,26,g001,g001,normal,synthetic_rongorongo_like,
tablet_008,153,27,g002,g002,normal,synthetic_rongorongo_like,
tablet_008,153,28,g002,g002,normal,synthetic_rongorongo_like,
tablet_008,153,29,g004,g004,normal,synthetic_rongorongo_like,
tablet_008,153,30,g004,g004,normal,synthetic_rongorongo_like,
tablet_008,153,31,g004,g004,normal,synthetic_rongorongo_like,
tablet_008,153,32,g004,g004,normal,synthetic_rongorongo_like,
tablet_008,153,33,g021,g021,normal,synthetic_rongorongo_like,
tablet_008,153,34,g063,g063,normal,synthetic_rongorongo_like,
tablet_008,153,35,g061,g061,normal,synthetic_rongorongo_like,
tablet_008,153,36,g001,g001,normal,synthetic_rongorongo_like,
tablet_008,153,37,g001,g001,normal,synthetic_rongorongo_like,
tablet_008,153,38,g061,g061,normal,synthetic_rongorongo_like,
tablet_008,153,39,g001,g001,normal,synthetic_rongorongo_like,
tablet_008,153,40,g007,g007,normal,synthetic_rongorongo_like,
tablet_008,154,1,g063,g063,normal,synthetic_rongorongo_like,
tablet_008,154,2,g063,g063,normal,synthetic_rongorongo_like,
tablet_008,154,3,g022,g022,normal,synthetic_rongorongo_like,
tablet_008,154,4,g061,g061,normal,synthetic_rongorongo_like,
tablet_008,154,5,g018,g018,normal,synthetic_rongorongo_like,
tablet_008,154,6,g063,g063,normal,synthetic_rongorongo_like,
tablet_008,154,7,g002,g002,normal,synthetic_rongorongo_like,
tablet_008,154,8,g002,g002,normal,synthetic_rongorongo_like,
tablet_008,154,9,g021,g021,normal,synthetic_rongorongo_like,
tablet_008,154,10,g001,g001,normal,synthetic_rongorongo_like,
tablet_008,154,11,g021,g021,normal,synthetic_rongorongo_like,
tablet_008,154,12,g005,g005,normal,synthetic_rongorongo_like,
tablet_008,154,13,g021,g021,normal,synthetic_rongorongo_like,
tablet_008,154,14,g025,g025,normal,synthetic_rongorongo_like,
tablet_008,154,15,g025,g025,normal,synthetic_rongorongo_like,
tablet_008,154,16,g061,g061,normal,synthetic_rongorongo_like,
tablet_008,154,17,g061,g061,normal,synthetic_rongorongo_like,
tablet_008,154,18,g021,g021,normal,synthetic_rongorongo_like,
tablet_008,154,19,g021,g021,normal,synthetic_rongorongo_like,
tablet_008,154,20,g021,g021,normal,synthetic_rongorongo_like,
tablet_008,154,21,g035,g035,normal,synthetic_rongorongo_like,
tablet_008,154,22,g063,g063,normal,synthetic_rongorongo_like,
tablet_008,154,23,g015,g015,normal,synthetic_rongorongo_like,
tablet_008,154,24,g024,g024,normal,synthetic_rongorongo_like,
tablet_008,154,25,g039,g039,normal,synthetic_rongorongo_like,
tablet_008,154,26,g064,g064,normal,synthetic_rongorongo_like,
tablet_008,154,27,g022,g022,normal,synthetic_rongorongo_like,
tablet_008,154,28,g001,g001,normal,synthetic_rongorongo_like,
tablet_008,154,29,g021,g021,normal,synthetic_rongorongo_like,
tablet_008,154,30,g006,g006,normal,synthetic_rongorongo_like,
tablet_008,154,31,g022,g022,normal,synthetic_rongorongo_like,
tablet_008,154,32,g002,g002,normal,synthetic_rongorongo_like,
tablet_008,154,33,g062,g062,normal,synthetic_rongorongo_like,
tablet_008,154,34,g001,g001,normal,synthetic_rongorongo_like,
tablet_008,154,35,g001,g001,normal,synthetic_rongorongo_like,
tablet_008,154,36,g002,g002,normal,synthetic_rongorongo_like,
tablet_008,154,37,g041,g041,normal,synthetic_rongorongo_like,
tablet_008,154,38,g021,g021,normal,synthetic_rongorongo_like,
tablet_008,154,39,g048,g048,normal,synthetic_rongorongo_like,
tablet_008,154,40,g028,g028,normal,synthetic_rongorongo_like,
tablet_008,155,1,g001,g001,normal,synthetic_rongorongo_like,
tablet_008,155,2,g026,g026,normal,synthetic_rongorongo_like,
tablet_008,155,3,g002,g002,normal,synthetic_rongorongo_like,
tablet_008,155,4,g009,g009,normal,synthetic_rongorongo_like,
tablet_008,155,5,g003,g003,normal,synthetic_rongorongo_like,
tablet_008,155,6,g022,g022,normal,synthetic_rongorongo_like,
tablet_008,155,7,g021,g021,normal,synthetic_rongorongo_like,
tablet_008,155,8,g002,g002,normal,synthetic_rongorongo_like,
tablet_008,155,9,g001,g001,normal,synthetic_rongorongo_like,
tablet_008,155,10,g037,g037,normal,synthetic_rongorongo_like,
tablet_008,155,11,g064,g064,normal,synthetic_rongorongo_like,
tablet_008,155,12,g028,g028,normal,synthetic_rongorongo_like,
tablet_008,155,13,g003,g003,normal,synthetic_rongorongo_like,
tablet_008,155,14,g012,g012,normal,synthetic_rongorongo_like,
tablet_008,155,15,g012,g012,normal,synthetic_rongorongo_like,
tablet_008,155,16,g002,g002,normal,synthetic_rongorongo_like,
tablet_008,155,17,g019,g019,normal,synthetic_rongorongo_like,
tablet_008,155,18,g022,g022,normal,synthetic_rongorongo_like,
tablet_008,155,19,g022,g022,normal,synthetic_rongorongo_like,
tablet_008,155,20,g022,g022,normal,synthetic_rongorongo_like,
tablet_008,155,21,g021,g021,normal,synthetic_rongorongo_like,
tablet_008,155,22,g062,g062,normal,synthetic_rongorongo_like,
tablet_008,155,23,g007,g007,normal,synthetic_rongorongo_like,
tablet_008,155,24,g066,g066,normal,synthetic_rongorongo_like,
tablet_008,155,25,g022,g022,normal,synthetic_rongorongo_like,
tablet_008,155,26,g025,g025,normal,synthetic_rongorongo_like,
tablet_008,155,27,g022,g022,normal,synthetic_rongorongo_like,
tablet_008,155,28,g061,g061,normal,synthetic_rongorongo_like,
tablet_008,155,29,g001,g001,normal,synthetic_rongorongo_like,
tablet_008,155,30,g064,g064,normal,synthetic_rongorongo_like,
tablet_008,155,31,g067,g067,normal,synthetic_rongorongo_like,
tablet_008,155,32,g021,g021,normal,synthetic_rongorongo_like,
tablet_008,155,33,g004,g004,normal,synthetic_rongorongo_like,
tablet_008,155,34,g091,g091,normal,synthetic_rongorongo_like,
tablet_008,155,35,g003,g003,normal,synthetic_rongorongo_like,
tablet_008,155,36,g021,g021,normal,synthetic_rongorongo_like,
tablet_008,155,37,g021,g021,normal,synthetic_rongorongo_like,
tablet_008,155,38,g044,g044,normal,synthetic_rongorongo_like,
tablet_008,155,39,g001,g001,normal,synthetic_rongorongo_like,
tablet_008,155,40,g001,g001,normal,synthetic_rongorongo_like,
tablet_008,156,1,g021,g021,normal,synthetic_rongorongo_like,
tablet_008,156,2,g001,g001,normal,synthetic_rongorongo_like,
tablet_008,156,3,g001,g001,normal,synthetic_rongorongo_like,
tablet_008,156,4,g061,g061,normal,synthetic_rongorongo_like,
tablet_008,156,5,g061,g061,normal,synthetic_rongorongo_like,
tablet_008,156,6,g061,g061,normal,synthetic_rongorongo_like,
tablet_008,156,7,g014,g014,normal,synthetic_rongorongo_like,
tablet_008,156,8,g004,g004,normal,synthetic_rongorongo_like,
tablet_008,156,9,g061,g061,normal,synthetic_rongorongo_like,
tablet_008,156,10,g061,g061,normal,synthetic_rongorongo_like,
tablet_008,156,11,g021,g021,normal,synthetic_rongorongo_like,
tablet_008,156,12,g004,g004,normal,synthetic_rongorongo_like,
tablet_008,156,13,g021,g021,normal,synthetic_rongorongo_like,
tablet_008,156,14,g003,g003,normal,synthetic_rongorongo_like,
tablet_008,156,15,g001,g001,normal,synthetic_rongorongo_like,
tablet_008,156,16,g021,g021,normal,synthetic_rongorongo_like,
tablet_008,156,17,g061,g061,normal,synthetic_rongorongo_like,
tablet_008,156,18,g001,g001,normal,synthetic_rongorongo_like,
tablet_008,156,19,g021,g021,normal,synthetic_rongorongo_like,
tablet_008,156,20,g021,g021,normal,synthetic_rongorongo_like,
tablet_008,156,21,g002,g002,normal,synthetic_rongorongo_like,
tablet_008,156,22,g001,g001,normal,synthetic_rongorongo_like,
tablet_008,156,23,g001,g001,normal,synthetic_rongorongo_like,
tablet_008,156,24,g001,g001,normal,synthetic_rongorongo_like,
tablet_008,156,25,g001,g001,normal,synthetic_rongorongo_like,
tablet_008,156,26,g062,g062,normal,synthetic_rongorongo_like,
tablet_008,156,27,g001,g001,normal,synthetic_rongorongo_like,
tablet_008,156,28,g062,g062,normal,synthetic_rongorongo_like,
tablet_008,156,29,g030,g030,normal,synthetic_rongorongo_like,
tablet_008,156,30,g065,g065,normal,synthetic_rongorongo_like,
tablet_008,156,31,g022,g022,normal,synthetic_rongorongo_like,
tablet_008,156,32,g001,g001,normal,synthetic_rongorongo_like,
tablet_008,156,33,g014,g014,normal,synthetic_rongorongo_like,
tablet_008,156,34,g001,g001,normal,synthetic_rongorongo_like,
tablet_008,156,35,g022,g022,normal,synthetic_rongorongo_like,
tablet_008,156,36,g005,g005,normal,synthetic_rongorongo_like,
tablet_008,156,37,g001,g001,normal,synthetic_rongorongo_like,
tablet_008,156,38,g034,g034,normal,synthetic_rongorongo_like,
tablet_008,156,39,g034,g034,normal,synthetic_rongorongo_like,
tablet_008,156,40,g034,g034,normal,synthetic_rongorongo_like,
tablet_008,157,1,g001,g001,normal,synthetic_rongorongo_like,
tablet_008,157,2,g021,g021,normal,synthetic_rongorongo_like,
tablet_008,157,3,g005,g005,normal,synthetic_rongorongo_like,
tablet_008,157,4,g001,g001,normal,synthetic_rongorongo_like,
tablet_008,157,5,g003,g003,normal,synthetic_rongorongo_like,
tablet_008,157,6,g003,g003,normal,synthetic_rongorongo_like,
tablet_008,157,7,g001,g001,normal,synthetic_rongorongo_like,
tablet_008,157,8,g051,g051,normal,synthetic_rongorongo_like,
tablet_008,157,9,g051,g051,normal,synthetic_rongorongo_like,
tablet_008,157,10,g047,g047,normal,synthetic_rongorongo_like,
tablet_008,157,11,g047,g047,normal,synthetic_rongorongo_like,
tablet_008,157,12,g061,g061,normal,synthetic_rongorongo_like,
tablet_008,157,13,g002,g002,normal,synthetic_rongorongo_like,
tablet_008,157,14,g026,g026,normal,synthetic_rongorongo_like,
tablet_008,157,15,g026,g026,normal,synthetic_rongorongo_like,
tablet_008,157,16,g026,g026,normal,synthetic_rongorongo_like,
tablet_008,157,17,g001,g001,normal,synthetic_rongorongo_like,
tablet_008,157,18,g004,g004,normal,synthetic_rongorongo_like,
tablet_008,157,19,g009,g009,normal,synthetic_rongorongo_like,
tablet_008,157,20,g021,g021,normal,synthetic_rongorongo_like,
tablet_008,157,21,g021,g021,normal,synthetic_rongorongo_like,
tablet_008,157,22,g002,g002,normal,synthetic_rongorongo_like,
tablet_008,157,23,g001,g001,normal,synthetic_rongorongo_like,
tablet_008,157,24,g003,g003,normal,synthetic_rongorongo_like,
tablet_008,157,25,g007,g007,normal,synthetic_rongorongo_like,
tablet_008,157,26,g021,g021,normal,synthetic_rongorongo_like,
tablet_008,157,27,g027,g027,normal,synthetic_rongorongo_like,
tablet_008,157,28,g004,g004,normal,synthetic_rongorongo_like,
tablet_008,157,29,g004,g004,normal,synthetic_rongorongo_like,
tablet_008,157,30,g063,g063,normal,synthetic_rongorongo_like,
tablet_008,157,31,g003,g003,normal,synthetic_rongorongo_like,
tablet_008,157,32,g021,g021,normal,synthetic_rongorongo_like,
tablet_008,157,33,g070,g070,normal,synthetic_rongorongo_like,
tablet_008,157,34,g021,g021,normal,synthetic_rongorongo_like,
tablet_008,157,35,g003,g003,normal,synthetic_rongorongo_like,
tablet_008,157,36,g046,g046,normal,synthetic_rongorongo_like,
tablet_008,157,37,g011,g011,normal,synthetic_rongorongo_like,
tablet_008,157,38,g002,g002,normal,synthetic_rongorongo_like,
tablet_008,157,39,g001,g001,normal,synthetic_rongorongo_like,
tablet_008,157,40,g022,g022,normal,synthetic_rongorongo_like,
tablet_008,158,1,g061,g061,normal,synthetic_rongorongo_like,
tablet_008,158,2,g004,g004,normal,synthetic_rongorongo_like,
tablet_008,158,3,g004,g004,normal,synthetic_rongorongo_like,
tablet_008,158,4,g001,g001,normal,synthetic_rongorongo_like,
tablet_008,158,5,g001,g001,normal,synthetic_rongorongo_like,
tablet_008,158,6,g003,g003,normal,synthetic_rongorongo_like,
tablet_008,158,7,g025,g025,normal,synthetic_rongorongo_like,
tablet_008,158,8,g022,g022,normal,synthetic_rongorongo_like,
tablet_008,158,9,g062,g062,normal,synthetic_rongorongo_like,
tablet_008,158,10,g021,g021,normal,synthetic_rongorongo_like,
tablet_008,158,11,g005,g005,normal,synthetic_rongorongo_like,
tablet_008,158,12,g001,g001,normal,synthetic_rongorongo_like,
tablet_008,158,13,g001,g001,normal,synthetic_rongorongo_like,
tablet_008,158,14,g002,g002,normal,synthetic_rongorongo_like,
tablet_008,158,15,g002,g002,normal,synthetic_rongorongo_like,
tablet_008,158,16,g021,g021,normal,synthetic_rongorongo_like,
tablet_008,158,17,g002,g002,normal,synthetic_rongorongo_like,
tablet_008,158,18,g023,g023,normal,synthetic_rongorongo_like,
tablet_008,158,19,g023,g023,normal,synthetic_rongorongo_like,
tablet_008,158,20,g023,g023,normal,synthetic_rongorongo_like,
tablet_008,158,21,g023,g023,normal,synthetic_rongorongo_like,
tablet_008,158,22,g006,g006,normal,synthetic_rongorongo_like,
tablet_008,158,23,g067,g067,normal,synthetic_rongorongo_like,
tablet_008,158,24,g001,g001,normal,synthetic_rongorongo_like,
tablet_008,158,25,g001,g001,normal,synthetic_rongorongo_like,
tablet_008,158,26,g001,g001,normal,synthetic_rongorongo_like,
tablet_008,158,27,g002,g002,normal,synthetic_rongorongo_like,
tablet_008,158,28,g002,g002,normal,synthetic_rongorongo_like,
tablet_008,158,29,g001,g001,normal,synthetic_rongorongo_like,
tablet_008,158,30,g021,g021,normal,synthetic_rongorongo_like,
tablet_008,158,31,g062,g062,normal,synthetic_rongorongo_like,
tablet_008,158,32,g009,g009,normal,synthetic_rongorongo_like,
tablet_008,158,33,g021,g021,normal,synthetic_rongorongo_like,
tablet_008,158,34,g021,g021,normal,synthetic_rongorongo_like,
tablet_008,158,35,g061,g061,normal,synthetic_rongorongo_like,
tablet_008,158,36,g024,g024,normal,synthetic_rongorongo_like,
tablet_008,158,37,g024,g024,normal,synthetic_rongorongo_like,
tablet_008,158,38,g009,g009,normal,synthetic_rongorongo_like,
tablet_008,158,39,g009,g009,normal,synthetic_rongorongo_like,
tablet_008,158,40,g009,g009,normal,synthetic_rongorongo_like,
tablet_008,159,1,g026,g026,normal,synthetic_rongorongo_like,
tablet_008,159,2,g002,g002,normal,synthetic_rongorongo_like,
tablet_008,159,3,g061,g061,normal,synthetic_rongorongo_like,
tablet_008,159,4,g005,g005,normal,synthetic_rongorongo_like,
tablet_008,159,5,g001,g001,normal,synthetic_rongorongo_like,
tablet_008,159,6,g061,g061,normal,synthetic_rongorongo_like,
tablet_008,159,7,g021,g021,normal,synthetic_rongorongo_like,
tablet_008,159,8,g063,g063,normal,synthetic_rongorongo_like,
tablet_008,159,9,g062,g062,normal,synthetic_rongorongo_like,
tablet_008,159,10,g062,g062,normal,synthetic_rongorongo_like,
tablet_008,159,11,g062,g062,normal,synthetic_rongorongo_like,
tablet_008,159,12,g001,g001,normal,synthetic_rongorongo_like,
tablet_008,159,13,g001,g001,normal,synthetic_rongorongo_like,
tablet_008,159,14,g070,g070,normal,synthetic_rongorongo_like,
tablet_008,159,15,g070,g070,normal,synthetic_rongorongo_like,
tablet_008,159,16,g021,g021,normal,synthetic_rongorongo_like,
tablet_008,159,17,g021,g021,normal,synthetic_rongorongo_like,
tablet_008,159,18,g022,g022,normal,synthetic_rongorongo_like,
tablet_008,159,19,g061,g061,normal,synthetic_rongorongo_like,
tablet_008,159,20,g061,g061,normal,synthetic_rongorongo_like,
tablet_008,159,21,g002,g002,normal,synthetic_rongorongo_like,
tablet_008,159,22,g001,g001,normal,synthetic_rongorongo_like,
tablet_008,159,23,g079,g079,normal,synthetic_rongorongo_like,
tablet_008,159,24,g034,g034,normal,synthetic_rongorongo_like,
tablet_008,159,25,g021,g021,normal,synthetic_rongorongo_like,
tablet_008,159,26,g020,g020,normal,synthetic_rongorongo_like,
tablet_008,159,27,g023,g023,normal,synthetic_rongorongo_like,
tablet_008,159,28,g023,g023,normal,synthetic_rongorongo_like,
tablet_008,159,29,g002,g002,normal,synthetic_rongorongo_like,
tablet_008,159,30,g001,g001,normal,synthetic_rongorongo_like,
tablet_008,159,31,g021,g021,normal,synthetic_rongorongo_like,
tablet_008,159,32,g021,g021,normal,synthetic_rongorongo_like,
tablet_008,159,33,g061,g061,normal,synthetic_rongorongo_like,
tablet_008,159,34,g001,g001,normal,synthetic_rongorongo_like,
tablet_008,159,35,g061,g061,normal,synthetic_rongorongo_like,
tablet_008,159,36,g023,g023,normal,synthetic_rongorongo_like,
tablet_008,159,37,g004,g004,normal,synthetic_rongorongo_like,
tablet_008,159,38,g004,g004,normal,synthetic_rongorongo_like,
tablet_008,159,39,g080,g080,normal,synthetic_rongorongo_like,
tablet_008,159,40,g021,g021,normal,synthetic_rongorongo_like,
tablet_008,160,1,g024,g024,normal,synthetic_rongorongo_like,
tablet_008,160,2,g061,g061,normal,synthetic_rongorongo_like,
tablet_008,160,3,g025,g025,normal,synthetic_rongorongo_like,
tablet_008,160,4,g062,g062,normal,synthetic_rongorongo_like,
tablet_008,160,5,g039,g039,normal,synthetic_rongorongo_like,
tablet_008,160,6,g039,g039,normal,synthetic_rongorongo_like,
tablet_008,160,7,g001,g001,normal,synthetic_rongorongo_like,
tablet_008,160,8,g012,g012,normal,synthetic_rongorongo_like,
tablet_008,160,9,g019,g019,normal,synthetic_rongorongo_like,
tablet_008,160,10,g002,g002,normal,synthetic_rongorongo_like,
tablet_008,160,11,g008,g008,normal,synthetic_rongorongo_like,
tablet_008,160,12,g002,g002,normal,synthetic_rongorongo_like,
tablet_008,160,13,g001,g001,normal,synthetic_rongorongo_like,
tablet_008,160,14,g021,g021,normal,synthetic_rongorongo_like,
tablet_008,160,15,g021,g021,normal,synthetic_rongorongo_like,
tablet_008,160,16,g021,g021,normal,synthetic_rongorongo_like,
tablet_008,160,17,g062,g062,normal,synthetic_rongorongo_like,
tablet_008,160,18,g001,g001,normal,synthetic_rongorongo_like,
tablet_008,160,19,g001,g001,normal,synthetic_rongorongo_like,
tablet_008,160,20,g001,g001,normal,synthetic_rongorongo_like,
tablet_008,160,21,g001,g001,normal,synthetic_rongorongo_like,
tablet_008,160,22,g021,g021,normal,synthetic_rongorongo_like,
tablet_008,160,23,g021,g021,normal,synthetic_rongorongo_like,
tablet_008,160,24,g001,g001,normal,synthetic_rongorongo_like,
tablet_008,160,25,g001,g001,normal,synthetic_rongorongo_like,
tablet_008,160,26,g061,g061,normal,synthetic_rongorongo_like,
tablet_008,160,27,g021,g021,normal,synthetic_rongorongo_like,
tablet_008,160,28,g003,g003,normal,synthetic_rongorongo_like,
tablet_008,160,29,g021,g021,normal,synthetic_rongorongo_like,
tablet_008,160,30,g011,g011,normal,synthetic_rongorongo_like,
tablet_008,160,31,g021,g021,normal,synthetic_rongorongo_like,
tablet_008,160,32,g021,g021,normal,synthetic_rongorongo_like,
tablet_008,160,33,g001,g001,normal,synthetic_rongorongo_like,
tablet_008,160,34,g001,g001,normal,synthetic_rongorongo_like,
tablet_008,160,35,g001,g001,normal,synthetic_rongorongo_like,
tablet_008,160,36,g001,g001,normal,synthetic_rongorongo_like,
tablet_008,160,37,g021,g021,normal,synthetic_rongorongo_like,
tablet_008,160,38,g062,g062,normal,synthetic_rongorongo_like,
tablet_008,160,39,g062,g062,normal,synthetic_rongorongo_like,
tablet_008,160,40,g021,g021,normal,synthetic_rongorongo_like,
tablet_009,161,1,g006,g006,normal,synthetic_rongorongo_like,
tablet_009,161,2,g018,g018,normal,synthetic_rongorongo_like,
tablet_009,161,3,g078,g078,normal,synthetic_rongorongo_like,
tablet_009,161,4,g001,g001,normal,synthetic_rongorongo_like,
tablet_009,161,5,g001,g001,normal,synthetic_rongorongo_like,
tablet_009,161,6,g007,g007,normal,synthetic_rongorongo_like,
tablet_009,161,7,g034,g034,normal,synthetic_rongorongo_like,
tablet_009,161,8,g003,g003,normal,synthetic_rongorongo_like,
tablet_009,161,9,g021,g021,normal,synthetic_rongorongo_like,
tablet_009,161,10,g029,g029,normal,synthetic_rongorongo_like,
tablet_009,161,11,g001,g001,normal,synthetic_rongorongo_like,
tablet_009,161,12,g001,g001,normal,synthetic_rongorongo_like,
tablet_009,161,13,g001,g001,normal,synthetic_rongorongo_like,
tablet_009,161,14,g001,g001,normal,synthetic_rongorongo_like,
tablet_009,161,15,g016,g016,normal,synthetic_rongorongo_like,
tablet_009,161,16,g022,g022,normal,synthetic_rongorongo_like,
tablet_009,161,17,g022,g022,normal,synthetic_rongorongo_like,
tablet_009,161,18,g001,g001,normal,synthetic_rongorongo_like,
tablet_009,161,19,g021,g021,normal,synthetic_rongorongo_like,
tablet_009,161,20,g001,g001,normal,synthetic_rongorongo_like,
tablet_009,161,21,g061,g061,normal,synthetic_rongorongo_like,
tablet_009,161,22,g049,g049,normal,synthetic_rongorongo_like,
tablet_009,161,23,g022,g022,normal,synthetic_rongorongo_like,
tablet_009,161,24,g022,g022,normal,synthetic_rongorongo_like,
tablet_009,161,25,g022,g022,normal,synthetic_rongorongo_like,
tablet_009,161,26,g002,g002,normal,synthetic_rongorongo_like,
tablet_009,161,27,g002,g002,normal,synthetic_rongorongo_like,
tablet_009,161,28,g022,g022,normal,synthetic_rongorongo_like,
tablet_009,161,29,g001,g001,normal,synthetic_rongorongo_like,
tablet_009,161,30,g001,g001,normal,synthetic_rongorongo_like,
tablet_009,161,31,g061,g061,normal,synthetic_rongorongo_like,
tablet_009,161,32,g002,g002,normal,synthetic_rongorongo_like,
tablet_009,161,33,g023,g023,normal,synthetic_rongorongo_like,
tablet_009,161,34,g002,g002,normal,synthetic_rongorongo_like,
tablet_009,161,35,g002,g002,normal,synthetic_rongorongo_like,
tablet_009,161,36,g021,g021,normal,synthetic_rongorongo_like,
tablet_009,161,37,g021,g021,normal,synthetic_rongorongo_like,
tablet_009,161,38,g001,g001,normal,synthetic_rongorongo_like,
tablet_009,161,39,g003,g003,normal,synthetic_rongorongo_like,
tablet_009,161,40,g023,g023,normal,synthetic_rongorongo_like,
tablet_009,162,1,g061,g061,normal,synthetic_rongorongo_like,
tablet_009,162,2,g012,g012,normal,synthetic_rongorongo_like,
tablet_009,162,3,g012,g012,normal,synthetic_rongorongo_like,
tablet_009,162,4,g022,g022,normal,synthetic_rongorongo_like,
tablet_009,162,5,g001,g001,normal,synthetic_rongorongo_like,
tablet_009,162,6,g004,g004,normal,synthetic_rongorongo_like,
tablet_009,162,7,g016,g016,normal,synthetic_rongorongo_like,
tablet_009,162,8,g003,g003,normal,synthetic_rongorongo_like,
tablet_009,162,9,g021,g021,normal,synthetic_rongorongo_like,
tablet_009,162,10,g021,g021,normal,synthetic_rongorongo_like,
tablet_009,162,11,g004,g004,normal,synthetic_rongorongo_like,
tablet_009,162,12,g001,g001,normal,synthetic_rongorongo_like,
tablet_009,162,13,g022,g022,normal,synthetic_rongorongo_like,
tablet_009,162,14,g051,g051,normal,synthetic_rongorongo_like,
tablet_009,162,15,g001,g001,normal,synthetic_rongorongo_like,
tablet_009,162,16,g079,g079,normal,synthetic_rongorongo_like,
tablet_009,162,17,g042,g042,normal,synthetic_rongorongo_like,
tablet_009,162,18,g005,g005,normal,synthetic_rongorongo_like,
tablet_009,162,19,g003,g003,normal,synthetic_rongorongo_like,
tablet_009,162,20,g063,g063,normal,synthetic_rongorongo_like,
tablet_009,162,21,g003,g003,normal,synthetic_rongorongo_like,
tablet_009,162,22,g021,g021,normal,synthetic_rongorongo_like,
tablet_009,162,23,g030,g030,normal,synthetic_rongorongo_like,
tablet_009,162,24,g001,g001,normal,synthetic_rongorongo_like,
tablet_009,162,25,g001,g001,normal,synthetic_rongorongo_like,
tablet_009,162,26,g089,g089,normal,synthetic_rongorongo_like,
tablet_009,162,27,g065,g065,normal,synthetic_rongorongo_like,
tablet_009,162,28,g012,g012,normal,synthetic_rongorongo_like,
tablet_009,162,29,g012,g012,normal,synthetic_rongorongo_like,
tablet_009,162,30,g022,g022,normal,synthetic_rongorongo_like,
tablet_009,162,31,g001,g001,normal,synthetic_rongorongo_like,
tablet_009,162,32,g065,g065,normal,synthetic_rongorongo_like,
tablet_009,162,33,g118,g118,normal,synthetic_rongorongo_like,
tablet_009,162,34,g025,g025,normal,synthetic_rongorongo_like,
tablet_009,162,35,g114,g114,normal,synthetic_rongorongo_like,
tablet_009,162,36,g114,g114,normal,synthetic_rongorongo_like,
tablet_009,162,37,g062,g062,normal,synthetic_rongorongo_like,
tablet_009,162,38,g002,g002,normal,synthetic_rongorongo_like,
tablet_009,162,39,g003,g003,normal,synthetic_rongorongo_like,
tablet_009,162,40,g021,g021,normal,synthetic_rongorongo_like,
tablet_009,163,1,g023,g023,normal,synthetic_rongorongo_like,
tablet_009,163,2,g065,g065,normal,synthetic_rongorongo_like,
tablet_009,163,3,g063,g063,normal,synthetic_rongorongo_like,
tablet_009,163,4,g009,g009,normal,synthetic_rongorongo_like,
tablet_009,163,5,g061,g061,normal,synthetic_rongorongo_like,
tablet_009,163,6,g062,g062,normal,synthetic_rongorongo_like,
tablet_009,163,7,g025,g025,normal,synthetic_rongorongo_like,
tablet_009,163,8,g062,g062,normal,synthetic_rongorongo_like,
tablet_009,163,9,g024,g024,normal,synthetic_rongorongo_like,
tablet_009,163,10,g061,g061,normal,synthetic_rongorongo_like,
tablet_009,163,11,g061,g061,normal,synthetic_rongorongo_like,
tablet_009,163,12,g063,g063,normal,synthetic_rongorongo_like,
tablet_009,163,13,g021,g021,normal,synthetic_rongorongo_like,
tablet_009,163,14,g021,g021,normal,synthetic_rongorongo_like,
tablet_009,163,15,g009,g009,normal,synthetic_rongorongo_like,
tablet_009,163,16,g009,g009,normal,synthetic_rongorongo_like,
tablet_009,163,17,g023,g023,normal,synthetic_rongorongo_like,
tablet_009,163,18,g061,g061,normal,synthetic_rongorongo_like,
tablet_009,163,19,g064,g064,normal,synthetic_rongorongo_like,
tablet_009,163,20,g006,g006,normal,synthetic_rongorongo_like,
tablet_009,163,21,g026,g026,normal,synthetic_rongorongo_like,
tablet_009,163,22,g001,g001,normal,synthetic_rongorongo_like,
tablet_009,163,23,g021,g021,normal,synthetic_rongorongo_like,
tablet_009,163,24,g021,g021,normal,synthetic_rongorongo_like,
tablet_009,163,25,g003,g003,normal,synthetic_rongorongo_like,
tablet_009,163,26,g003,g003,normal,synthetic_rongorongo_like,
tablet_009,163,27,g003,g003,normal,synthetic_rongorongo_like,
tablet_009,163,28,g002,g002,normal,synthetic_rongorongo_like,
tablet_009,163,29,g015,g015,normal,synthetic_rongorongo_like,
tablet_009,163,30,g002,g002,normal,synthetic_rongorongo_like,
tablet_009,163,31,g021,g021,normal,synthetic_rongorongo_like,
tablet_009,163,32,g021,g021,normal,synthetic_rongorongo_like,
tablet_009,163,33,g001,g001,normal,synthetic_rongorongo_like,
tablet_009,163,34,g061,g061,normal,synthetic_rongorongo_like,
tablet_009,163,35,g061,g061,normal,synthetic_rongorongo_like,
tablet_009,163,36,g061,g061,normal,synthetic_rongorongo_like,
tablet_009,163,37,g015,g015,normal,synthetic_rongorongo_like,
tablet_009,163,38,g076,g076,normal,synthetic_rongorongo_like,
tablet_009,163,39,g067,g067,normal,synthetic_rongorongo_like,
tablet_009,163,40,g065,g065,normal,synthetic_rongorongo_like,
tablet_009,164,1,g001,g001,normal,synthetic_rongorongo_like,
tablet_009,164,2,g001,g001,normal,synthetic_rongorongo_like,
tablet_009,164,3,g067,g067,normal,synthetic_rongorongo_like,
tablet_009,164,4,g067,g067,normal,synthetic_rongorongo_like,
tablet_009,164,5,g067,g067,normal,synthetic_rongorongo_like,
tablet_009,164,6,g011,g011,normal,synthetic_rongorongo_like,
tablet_009,164,7,g061,g061,normal,synthetic_rongorongo_like,
tablet_009,164,8,g061,g061,normal,synthetic_rongorongo_like,
tablet_009,164,9,g061,g061,normal,synthetic_rongorongo_like,
tablet_009,164,10,g030,g030,normal,synthetic_rongorongo_like,
tablet_009,164,11,g001,g001,normal,synthetic_rongorongo_like,
tablet_009,164,12,g021,g021,normal,synthetic_rongorongo_like,
tablet_009,164,13,g012,g012,normal,synthetic_rongorongo_like,
tablet_009,164,14,g012,g012,normal,synthetic_rongorongo_like,
tablet_009,164,15,g039,g039,normal,synthetic_rongorongo_like,
tablet_009,164,16,g001,g001,normal,synthetic_rongorongo_like,
tablet_009,164,17,g001,g001,normal,synthetic_rongorongo_like,
tablet_009,164,18,g001,g001,normal,synthetic_rongorongo_like,
tablet_009,164,19,g001,g001,normal,synthetic_rongorongo_like,
tablet_009,164,20,g001,g001,normal,synthetic_rongorongo_like,
tablet_009,164,21,g007,g007,normal,synthetic_rongorongo_like,
tablet_009,164,22,g032,g032,normal,synthetic_rongorongo_like,
tablet_009,164,23,g021,g021,normal,synthetic_rongorongo_like,
tablet_009,164,24,g061,g061,normal,synthetic_rongorongo_like,
tablet_009,164,25,g061,g061,normal,synthetic_rongorongo_like,
tablet_009,164,26,g024,g024,normal,synthetic_rongorongo_like,
tablet_009,164,27,g007,g007,normal,synthetic_rongorongo_like,
tablet_009,164,28,g007,g007,normal,synthetic_rongorongo_like,
tablet_009,164,29,g021,g021,normal,synthetic_rongorongo_like,
tablet_009,164,30,g022,g022,normal,synthetic_rongorongo_like,
tablet_009,164,31,g034,g034,normal,synthetic_rongorongo_like,
tablet_009,164,32,g034,g034,normal,synthetic_rongorongo_like,
tablet_009,164,33,g034,g034,normal,synthetic_rongorongo_like,
tablet_009,164,34,g007,g007,normal,synthetic_rongorongo_like,
tablet_009,164,35,g007,g007,normal,synthetic_rongorongo_like,
tablet_009,164,36,g064,g064,normal,synthetic_rongorongo_like,
tablet_009,164,37,g027,g027,normal,synthetic_rongorongo_like,
tablet_009,164,38,g071,g071,normal,synthetic_rongorongo_like,
tablet_009,164,39,g071,g071,normal,synthetic_rongorongo_like,
tablet_009,164,40,g071,g071,normal,synthetic_rongorongo_like,
tablet_009,165,1,g008,g008,normal,synthetic_rongorongo_like,
tablet_009,165,2,g013,g013,normal,synthetic_rongorongo_like,
tablet_009,165,3,g002,g002,normal,synthetic_rongorongo_like,
tablet_009,165,4,g021,g021,normal,synthetic_rongorongo_like,
tablet_009,165,5,g021,g021,normal,synthetic_rongorongo_like,
tablet_009,165,6,g001,g001,normal,synthetic_rongorongo_like,
tablet_009,165,7,g010,g010,normal,synthetic_rongorongo_like,
tablet_009,165,8,g014,g014,normal,synthetic_rongorongo_like,
tablet_009,165,9,g014,g014,normal,synthetic_rongorongo_like,
tablet_009,165,10,g012,g012,normal,synthetic_rongorongo_like,
tablet_009,165,11,g012,g012,normal,synthetic_rongorongo_like,
tablet_009,165,12,g022,g022,normal,synthetic_rongorongo_like,
tablet_009,165,13,g015,g015,normal,synthetic_rongorongo_like,
tablet_009,165,14,g016,g016,normal,synthetic_rongorongo_like,
tablet_009,165,15,g001,g001,normal,synthetic_rongorongo_like,
tablet_009,165,16,g021,g021,normal,synthetic_rongorongo_like,
tablet_009,165,17,g007,g007,normal,synthetic_rongorongo_like,
tablet_009,165,18,g001,g001,normal,synthetic_rongorongo_like,
tablet_009,165,19,g061,g061,normal,synthetic_rongorongo_like,
tablet_009,165,20,g061,g061,normal,synthetic_rongorongo_like,
tablet_009,165,21,g061,g061,normal,synthetic_rongorongo_like,
tablet_009,165,22,g029,g029,normal,synthetic_rongorongo_like,
tablet_009,165,23,g001,g001,normal,synthetic_rongorongo_like,
tablet_009,165,24,g028,g028,normal,synthetic_rongorongo_like,
tablet_009,165,25,g062,g062,normal,synthetic_rongorongo_like,
tablet_009,165,26,g004,g004,normal,synthetic_rongorongo_like,
tablet_009,165,27,g001,g001,normal,synthetic_rongorongo_like,
tablet_009,165,28,g021,g021,normal,synthetic_rongorongo_like,
tablet_009,165,29,g021,g021,normal,synthetic_rongorongo_like,
tablet_009,165,30,g021,g021,normal,synthetic_rongorongo_like,
tablet_009,165,31,g021,g021,normal,synthetic_rongorongo_like,
tablet_009,165,32,g006,g006,normal,synthetic_rongorongo_like,
tablet_009,165,33,g022,g022,normal,synthetic_rongorongo_like,
tablet_009,165,34,g061,g061,normal,synthetic_rongorongo_like,
tablet_009,165,35,g001,g001,normal,synthetic_rongorongo_like,
tablet_009,165,36,g022,g022,normal,synthetic_rongorongo_like,
tablet_009,165,37,g001,g001,normal,synthetic_rongorongo_like,
tablet_009,165,38,g021,g021,normal,synthetic_rongorongo_like,
tablet_009,165,39,g004,g004,normal,synthetic_rongorongo_like,
tablet_009,165,40,g023,g023,normal,synthetic_rongorongo_like,
tablet_009,166,1,g001,g001,normal,synthetic_rongorongo_like,
tablet_009,166,2,g030,g030,normal,synthetic_rongorongo_like,
tablet_009,166,3,g030,g030,normal,synthetic_rongorongo_like,
tablet_009,166,4,g029,g029,normal,synthetic_rongorongo_like,
tablet_009,166,5,g001,g001,normal,synthetic_rongorongo_like,
tablet_009,166,6,g003,g003,normal,synthetic_rongorongo_like,
tablet_009,166,7,g039,g039,normal,synthetic_rongorongo_like,
tablet_009,166,8,g002,g002,normal,synthetic_rongorongo_like,
tablet_009,166,9,g002,g002,normal,synthetic_rongorongo_like,
tablet_009,166,10,g021,g021,normal,synthetic_rongorongo_like,
tablet_009,166,11,g023,g023,normal,synthetic_rongorongo_like,
tablet_009,166,12,g021,g021,normal,synthetic_rongorongo_like,
tablet_009,166,13,g021,g021,normal,synthetic_rongorongo_like,
tablet_009,166,14,g021,g021,normal,synthetic_rongorongo_like,
tablet_009,166,15,g029,g029,normal,synthetic_rongorongo_like,
tablet_009,166,16,g021,g021,normal,synthetic_rongorongo_like,
tablet_009,166,17,g061,g061,normal,synthetic_rongorongo_like,
tablet_009,166,18,g025,g025,normal,synthetic_rongorongo_like,
tablet_009,166,19,g023,g023,normal,synthetic_rongorongo_like,
tablet_009,166,20,g003,g003,normal,synthetic_rongorongo_like,
tablet_009,166,21,g001,g001,normal,synthetic_rongorongo_like,
tablet_009,166,22,g022,g022,normal,synthetic_rongorongo_like,
tablet_009,166,23,g021,g021,normal,synthetic_rongorongo_like,
tablet_009,166,24,g021,g021,normal,synthetic_rongorongo_like,
tablet_009,166,25,g005,g005,normal,synthetic_rongorongo_like,
tablet_009,166,26,g005,g005,normal,synthetic_rongorongo_like,
tablet_009,166,27,g005,g005,normal,synthetic_rongorongo_like,
tablet_009,166,28,g021,g021,normal,synthetic_rongorongo_like,
tablet_009,166,29,g021,g021,normal,synthetic_rongorongo_like,
tablet_009,166,30,g061,g061,normal,synthetic_rongorongo_like,
tablet_009,166,31,g061,g061,normal,synthetic_rongorongo_like,
tablet_009,166,32,g061,g061,normal,synthetic_rongorongo_like,
tablet_009,166,33,g018,g018,normal,synthetic_rongorongo_like,
tablet_009,166,34,g001,g001,normal,synthetic_rongorongo_like,
tablet_009,166,35,g062,g062,normal,synthetic_rongorongo_like,
tablet_009,166,36,g062,g062,normal,synthetic_rongorongo_like,
tablet_009,166,37,g011,g011,normal,synthetic_rongorongo_like,
tablet_009,166,38,g022,g022,normal,synthetic_rongorongo_like,
tablet_009,166,39,g004,g004,normal,synthetic_rongorongo_like,
tablet_009,166,40,g023,g023,normal,synthetic_rongorongo_like,
tablet_009,167,1,g028,g028,normal,synthetic_rongorongo_like,
tablet_009,167,2,g067,g067,normal,synthetic_rongorongo_like,
tablet_009,167,3,g021,g021,normal,synthetic_rongorongo_like,
tablet_009,167,4,g021,g021,normal,synthetic_rongorongo_like,
tablet_009,167,5,g022,g022,normal,synthetic_rongorongo_like,
tablet_009,167,6,g021,g021,normal,synthetic_rongorongo_like,
tablet_009,167,7,g010,g010,normal,synthetic_rongorongo_like,
tablet_009,167,8,g029,g029,normal,synthetic_rongorongo_like,
tablet_009,167,9,g061,g061,normal,synthetic_rongorongo_like,
tablet_009,167,10,g004,g004,normal,synthetic_rongorongo_like,
tablet_009,167,11,g001,g001,normal,synthetic_rongorongo_like,
tablet_009,167,12,g026,g026,normal,synthetic_rongorongo_like,
tablet_009,167,13,g021,g021,normal,synthetic_rongorongo_like,
tablet_009,167,14,g001,g001,normal,synthetic_rongorongo_like,
tablet_009,167,15,g062,g062,normal,synthetic_rongorongo_like,
tablet_009,167,16,g062,g062,normal,synthetic_rongorongo_like,
tablet_009,167,17,g001,g001,normal,synthetic_rongorongo_like,
tablet_009,167,18,g004,g004,normal,synthetic_rongorongo_like,
tablet_009,167,19,g001,g001,normal,synthetic_rongorongo_like,
tablet_009,167,20,g006,g006,normal,synthetic_rongorongo_like,
tablet_009,167,21,g022,g022,normal,synthetic_rongorongo_like,
tablet_009,167,22,g021,g021,normal,synthetic_rongorongo_like,
tablet_009,167,23,g001,g001,normal,synthetic_rongorongo_like,
tablet_009,167,24,g001,g001,normal,synthetic_rongorongo_like,
tablet_009,167,25,g005,g005,normal,synthetic_rongorongo_like,
tablet_009,167,26,g023,g023,normal,synthetic_rongorongo_like,
tablet_009,167,27,g007,g007,normal,synthetic_rongorongo_like,
tablet_009,167,28,g008,g008,normal,synthetic_rongorongo_like,
tablet_009,167,29,g062,g062,normal,synthetic_rongorongo_like,
tablet_009,167,30,g021,g021,normal,synthetic_rongorongo_like,
tablet_009,167,31,g022,g022,normal,synthetic_rongorongo_like,
tablet_009,167,32,g002,g002,normal,synthetic_rongorongo_like,
tablet_009,167,33,g001,g001,normal,synthetic_rongorongo_like,
tablet_009,167,34,g001,g001,normal,synthetic_rongorongo_like,
tablet_009,167,35,g004,g004,normal,synthetic_rongorongo_like,
tablet_009,167,36,g021,g021,normal,synthetic_rongorongo_like,
tablet_009,167,37,g023,g023,normal,synthetic_rongorongo_like,
tablet_009,167,38,g061,g061,normal,synthetic_rongorongo_like,
tablet_009,167,39,g003,g003,normal,synthetic_rongorongo_like,
tablet_009,167,40,g001,g001,normal,synthetic_rongorongo_like,
tablet_009,168,1,g061,g061,normal,synthetic_rongorongo_like,
tablet_009,168,2,g061,g061,normal,synthetic_rongorongo_like,
tablet_009,168,3,g021,g021,normal,synthetic_rongorongo_like,
tablet_009,168,4,g021,g021,normal,synthetic_rongorongo_like,
tablet_009,168,5,g002,g002,normal,synthetic_rongorongo_like,
tablet_009,168,6,g022,g022,normal,synthetic_rongorongo_like,
tablet_009,168,7,g002,g002,normal,synthetic_rongorongo_like,
tablet_009,168,8,g002,g002,normal,synthetic_rongorongo_like,
tablet_009,168,9,g064,g064,normal,synthetic_rongorongo_like,
tablet_009,168,10,g009,g009,normal,synthetic_rongorongo_like,
tablet_009,168,11,g003,g003,normal,synthetic_rongorongo_like,
tablet_009,168,12,g063,g063,normal,synthetic_rongorongo_like,
tablet_009,168,13,g063,g063,normal,synthetic_rongorongo_like,
tablet_009,168,14,g006,g006,normal,synthetic_rongorongo_like,
tablet_009,168,15,g023,g023,normal,synthetic_rongorongo_like,
tablet_009,168,16,g001,g001,normal,synthetic_rongorongo_like,
tablet_009,168,17,g021,g021,normal,synthetic_rongorongo_like,
tablet_009,168,18,g008,g008,normal,synthetic_rongorongo_like,
tablet_009,168,19,g008,g008,normal,synthetic_rongorongo_like,
tablet_009,168,20,g008,g008,normal,synthetic_rongorongo_like,
tablet_009,168,21,g021,g021,normal,synthetic_rongorongo_like,
tablet_009,168,22,g007,g007,normal,synthetic_rongorongo_like,
tablet_009,168,23,g062,g062,normal,synthetic_rongorongo_like,
tablet_009,168,24,g062,g062,normal,synthetic_rongorongo_like,
tablet_009,168,25,g026,g026,normal,synthetic_rongorongo_like,
tablet_009,168,26,g035,g035,normal,synthetic_rongorongo_like,
tablet_009,168,27,g035,g035,normal,synthetic_rongorongo_like,
tablet_009,168,28,g002,g002,normal,synthetic_rongorongo_like,
tablet_009,168,29,g003,g003,normal,synthetic_rongorongo_like,
tablet_009,168,30,g028,g028,normal,synthetic_rongorongo_like,
tablet_009,168,31,g002,g002,normal,synthetic_rongorongo_like,
tablet_009,168,32,g023,g023,normal,synthetic_rongorongo_like,
tablet_009,168,33,g023,g023,normal,synthetic_rongorongo_like,
tablet_009,168,34,g008,g008,normal,synthetic_rongorongo_like,
tablet_009,168,35,g001,g001,normal,synthetic_rongorongo_like,
tablet_009,168,36,g002,g002,normal,synthetic_rongorongo_like,
tablet_009,168,37,g021,g021,normal,synthetic_rongorongo_like,
tablet_009,168,38,g021,g021,normal,synthetic_rongorongo_like,
tablet_009,168,39,g021,g021,normal,synthetic_rongorongo_like,
tablet_009,168,40,g020,g020,normal,synthetic_rongorongo_like,
tablet_009,169,1,g004,g004,normal,synthetic_rongorongo_like,
tablet_009,169,2,g061,g061,normal,synthetic_rongorongo_like,
tablet_009,169,3,g052,g052,normal,synthetic_rongorongo_like,
tablet_009,169,4,g022,g022,normal,synthetic_rongorongo_like,
tablet_009,169,5,g022,g022,normal,synthetic_rongorongo_like,
tablet_009,169,6,g013,g013,normal,synthetic_rongorongo_like,
tablet_009,169,7,g021,g021,normal,synthetic_rongorongo_like,
tablet_009,169,8,g004,g004,normal,synthetic_rongorongo_like,
tablet_009,169,9,g003,g003,normal,synthetic_rongorongo_like,
tablet_009,169,10,g061,g061,normal,synthetic_rongorongo_like,
tablet_009,169,11,g023,g023,normal,synthetic_rongorongo_like,
tablet_009,169,12,g061,g061,normal,synthetic_rongorongo_like,
tablet_009,169,13,g023,g023,normal,synthetic_rongorongo_like,
tablet_009,169,14,g062,g062,normal,synthetic_rongorongo_like,
tablet_009,169,15,g049,g049,normal,synthetic_rongorongo_like,
tablet_009,169,16,g061,g061,normal,synthetic_rongorongo_like,
tablet_009,169,17,g001,g001,normal,synthetic_rongorongo_like,
tablet_009,169,18,g002,g002,normal,synthetic_rongorongo_like,
tablet_009,169,19,g073,g073,normal,synthetic_rongorongo_like,
tablet_009,169,20,g062,g062,normal,synthetic_rongorongo_like,
tablet_009,169,21,g065,g065,normal,synthetic_rongorongo_like,
tablet_009,169,22,g023,g023,normal,synthetic_rongorongo_like,
tablet_009,169,23,g021,g021,normal,synthetic_rongorongo_like,
tablet_009,169,24,g003,g003,normal,synthetic_rongorongo_like,
tablet_009,169,25,g021,g021,normal,synthetic_rongorongo_like,
tablet_009,169,26,g021,g021,normal,synthetic_rongorongo_like,
tablet_009,169,27,g003,g003,normal,synthetic_rongorongo_like,
tablet_009,169,28,g021,g021,normal,synthetic_rongorongo_like,
tablet_009,169,29,g001,g001,normal,synthetic_rongorongo_like,
tablet_009,169,30,g001,g001,normal,synthetic_rongorongo_like,
tablet_009,169,31,g001,g001,normal,synthetic_rongorongo_like,
tablet_009,169,32,g002,g002,normal,synthetic_rongorongo_like,
tablet_009,169,33,g002,g002,normal,synthetic_rongorongo_like,
tablet_009,169,34,g090,g090,normal,synthetic_rongorongo_like,
tablet_009,169,35,g090,g090,normal,synthetic_rongorongo_like,
tablet_009,169,36,g023,g023,normal,synthetic_rongorongo_like,
tablet_009,169,37,g001,g001,normal,synthetic_rongorongo_like,
tablet_009,169,38,g009,g009,normal,synthetic_rongorongo_like,
tablet_009,169,39,g064,g064,normal,synthetic_rongorongo_like,
tablet_009,169,40,g001,g001,normal,synthetic_rongorongo_like,
tablet_009,170,1,g006,g006,normal,synthetic_rongorongo_like,
tablet_009,170,2,g006,g006,normal,synthetic_rongorongo_like,
tablet_009,170,3,g006,g006,normal,synthetic_rongorongo_like,
tablet_009,170,4,g002,g002,normal,synthetic_rongorongo_like,
tablet_009,170,5,g002,g002,normal,synthetic_rongorongo_like,
tablet_009,170,6,g002,g002,normal,synthetic_rongorongo_like,
tablet_009,170,7,g008,g008,normal,synthetic_rongorongo_like,
tablet_009,170,8,g002,g002,normal,synthetic_rongorongo_like,
tablet_009,170,9,g002,g002,normal,synthetic_rongorongo_like,
tablet_009,170,10,g004,g004,normal,synthetic_rongorongo_like,
tablet_009,170,11,g021,g021,normal,synthetic_rongorongo_like,
tablet_009,170,12,g021,g021,normal,synthetic_rongorongo_like,
tablet_009,170,13,g008,g008,normal,synthetic_rongorongo_like,
tablet_009,170,14,g008,g008,normal,synthetic_rongorongo_like,
tablet_009,170,15,g017,g017,normal,synthetic_rongorongo_like,
tablet_009,170,16,g017,g017,normal,synthetic_rongorongo_like,
tablet_009,170,17,g036,g036,normal,synthetic_rongorongo_like,
tablet_009,170,18,g065,g065,normal,synthetic_rongorongo_like,
tablet_009,170,19,g003,g003,normal,synthetic_rongorongo_like,
tablet_009,170,20,g062,g062,normal,synthetic_rongorongo_like,
tablet_009,170,21,g062,g062,normal,synthetic_rongorongo_like,
tablet_009,170,22,g021,g021,normal,synthetic_rongorongo_like,
tablet_009,170,23,g066,g066,normal,synthetic_rongorongo_like,
tablet_009,170,24,g023,g023,normal,synthetic_rongorongo_like,
tablet_009,170,25,g001,g001,normal,synthetic_rongorongo_like,
tablet_009,170,26,g001,g001,normal,synthetic_rongorongo_like,
tablet_009,170,27,g006,g006,normal,synthetic_rongorongo_like,
tablet_009,170,28,g021,g021,normal,synthetic_rongorongo_like,
tablet_009,170,29,g021,g021,normal,synthetic_rongorongo_like,
tablet_009,170,30,g021,g021,normal,synthetic_rongorongo_like,
tablet_009,170,31,g021,g021,normal,synthetic_rongorongo_like,
tablet_009,170,32,g021,g021,normal,synthetic_rongorongo_like,
tablet_009,170,33,g022,g022,normal,synthetic_rongorongo_like,
tablet_009,170,34,g061,g061,normal,synthetic_rongorongo_like,
tablet_009,170,35,g021,g021,normal,synthetic_rongorongo_like,
tablet_009,170,36,g021,g021,normal,synthetic_rongorongo_like,
tablet_009,170,37,g017,g017,normal,synthetic_rongorongo_like,
tablet_009,170,38,g021,g021,normal,synthetic_rongorongo_like,
tablet_009,170,39,g001,g001,normal,synthetic_rongorongo_like,
tablet_009,170,40,g021,g021,normal,synthetic_rongorongo_like,
tablet_009,171,1,g061,g061,normal,synthetic_rongorongo_like,
tablet_009,171,2,g001,g001,normal,synthetic_rongorongo_like,
tablet_009,171,3,g082,g082,normal,synthetic_rongorongo_like,
tablet_009,171,4,g001,g001,normal,synthetic_rongorongo_like,
tablet_009,171,5,g001,g001,normal,synthetic_rongorongo_like,
tablet_009,171,6,g015,g015,normal,synthetic_rongorongo_like,
tablet_009,171,7,g030,g030,normal,synthetic_rongorongo_like,
tablet_009,171,8,g062,g062,normal,synthetic_rongorongo_like,
tablet_009,171,9,g019,g019,normal,synthetic_rongorongo_like,
tablet_009,171,10,g019,g019,normal,synthetic_rongorongo_like,
tablet_009,171,11,g004,g004,normal,synthetic_rongorongo_like,
tablet_009,171,12,g004,g004,normal,synthetic_rongorongo_like,
tablet_009,171,13,g026,g026,normal,synthetic_rongorongo_like,
tablet_009,171,14,g001,g001,normal,synthetic_rongorongo_like,
tablet_009,171,15,g073,g073,normal,synthetic_rongorongo_like,
tablet_009,171,16,g062,g062,normal,synthetic_rongorongo_like,
tablet_009,171,17,g003,g003,normal,synthetic_rongorongo_like,
tablet_009,171,18,g021,g021,normal,synthetic_rongorongo_like,
tablet_009,171,19,g021,g021,normal,synthetic_rongorongo_like,
tablet_009,171,20,g021,g021,normal,synthetic_rongorongo_like,
tablet_009,171,21,g021,g021,normal,synthetic_rongorongo_like,
tablet_009,171,22,g061,g061,normal,synthetic_rongorongo_like,
tablet_009,171,23,g064,g064,normal,synthetic_rongorongo_like,
tablet_009,171,24,g064,g064,normal,synthetic_rongorongo_like,
tablet_009,171,25,g064,g064,normal,synthetic_rongorongo_like,
tablet_009,171,26,g022,g022,normal,synthetic_rongorongo_like,
tablet_009,171,27,g054,g054,normal,synthetic_rongorongo_like,
tablet_009,171,28,g022,g022,normal,synthetic_rongorongo_like,
tablet_009,171,29,g022,g022,normal,synthetic_rongorongo_like,
tablet_009,171,30,g001,g001,normal,synthetic_rongorongo_like,
tablet_009,171,31,g009,g009,normal,synthetic_rongorongo_like,
tablet_009,171,32,g002,g002,normal,synthetic_rongorongo_like,
tablet_009,171,33,g107,g107,normal,synthetic_rongorongo_like,
tablet_009,171,34,g008,g008,normal,synthetic_rongorongo_like,
tablet_009,171,35,g012,g012,normal,synthetic_rongorongo_like,
tablet_009,171,36,g012,g012,normal,synthetic_rongorongo_like,
tablet_009,171,37,g025,g025,normal,synthetic_rongorongo_like,
tablet_009,171,38,g062,g062,normal,synthetic_rongorongo_like,
tablet_009,171,39,g022,g022,normal,synthetic_rongorongo_like,
tablet_009,171,40,g061,g061,normal,synthetic_rongorongo_like,
tablet_009,172,1,g005,g005,normal,synthetic_rongorongo_like,
tablet_009,172,2,g061,g061,normal,synthetic_rongorongo_like,
tablet_009,172,3,g068,g068,normal,synthetic_rongorongo_like,
tablet_009,172,4,g068,g068,normal,synthetic_rongorongo_like,
tablet_009,172,5,g079,g079,normal,synthetic_rongorongo_like,
tablet_009,172,6,g079,g079,normal,synthetic_rongorongo_like,
tablet_009,172,7,g079,g079,normal,synthetic_rongorongo_like,
tablet_009,172,8,g001,g001,normal,synthetic_rongorongo_like,
tablet_009,172,9,g061,g061,normal,synthetic_rongorongo_like,
tablet_009,172,10,g024,g024,normal,synthetic_rongorongo_like,
tablet_009,172,11,g009,g009,normal,synthetic_rongorongo_like,
tablet_009,172,12,g023,g023,normal,synthetic_rongorongo_like,
tablet_009,172,13,g004,g004,normal,synthetic_rongorongo_like,
tablet_009,172,14,g002,g002,normal,synthetic_rongorongo_like,
tablet_009,172,15,g001,g001,normal,synthetic_rongorongo_like,
tablet_009,172,16,g002,g002,normal,synthetic_rongorongo_like,
tablet_009,172,17,g031,g031,normal,synthetic_rongorongo_like,
tablet_009,172,18,g013,g013,normal,synthetic_rongorongo_like,
tablet_009,172,19,g006,g006,normal,synthetic_rongorongo_like,
tablet_009,172,20,g001,g001,normal,synthetic_rongorongo_like,
tablet_009,172,21,g061,g061,normal,synthetic_rongorongo_like,
tablet_009,172,22,g021,g021,normal,synthetic_rongorongo_like,
tablet_009,172,23,g021,g021,normal,synthetic_rongorongo_like,
tablet_009,172,24,g062,g062,normal,synthetic_rongorongo_like,
tablet_009,172,25,g001,g001,normal,synthetic_rongorongo_like,
tablet_009,172,26,g004,g004,normal,synthetic_rongorongo_like,
tablet_009,172,27,g115,g115,normal,synthetic_rongorongo_like,
tablet_009,172,28,g061,g061,normal,synthetic_rongorongo_like,
tablet_009,172,29,g002,g002,normal,synthetic_rongorongo_like,
tablet_009,172,30,g007,g007,normal,synthetic_rongorongo_like,
tablet_009,172,31,g007,g007,normal,synthetic_rongorongo_like,
tablet_009,172,32,g027,g027,normal,synthetic_rongorongo_like,
tablet_009,172,33,g004,g004,normal,synthetic_rongorongo_like,
tablet_009,172,34,g004,g004,normal,synthetic_rongorongo_like,
tablet_009,172,35,g001,g001,normal,synthetic_rongorongo_like,
tablet_009,172,36,g062,g062,normal,synthetic_rongorongo_like,
tablet_009,172,37,g036,g036,normal,synthetic_rongorongo_like,
tablet_009,172,38,g001,g001,normal,synthetic_rongorongo_like,
tablet_009,172,39,g021,g021,normal,synthetic_rongorongo_like,
tablet_009,172,40,g005,g005,normal,synthetic_rongorongo_like,
tablet_009,173,1,g061,g061,normal,synthetic_rongorongo_like,
tablet_009,173,2,g042,g042,normal,synthetic_rongorongo_like,
tablet_009,173,3,g003,g003,normal,synthetic_rongorongo_like,
tablet_009,173,4,g010,g010,normal,synthetic_rongorongo_like,
tablet_009,173,5,g002,g002,normal,synthetic_rongorongo_like,
tablet_009,173,6,g001,g001,normal,synthetic_rongorongo_like,
tablet_009,173,7,g021,g021,normal,synthetic_rongorongo_like,
tablet_009,173,8,g001,g001,normal,synthetic_rongorongo_like,
tablet_009,173,9,g001,g001,normal,synthetic_rongorongo_like,
tablet_009,173,10,g066,g066,normal,synthetic_rongorongo_like,
tablet_009,173,11,g066,g066,normal,synthetic_rongorongo_like,
tablet_009,173,12,g066,g066,normal,synthetic_rongorongo_like,
tablet_009,173,13,g003,g003,normal,synthetic_rongorongo_like,
tablet_009,173,14,g003,g003,normal,synthetic_rongorongo_like,
tablet_009,173,15,g003,g003,normal,synthetic_rongorongo_like,
tablet_009,173,16,g018,g018,normal,synthetic_rongorongo_like,
tablet_009,173,17,g018,g018,normal,synthetic_rongorongo_like,
tablet_009,173,18,g018,g018,normal,synthetic_rongorongo_like,
tablet_009,173,19,g002,g002,normal,synthetic_rongorongo_like,
tablet_009,173,20,g002,g002,normal,synthetic_rongorongo_like,
tablet_009,173,21,g002,g002,normal,synthetic_rongorongo_like,
tablet_009,173,22,g014,g014,normal,synthetic_rongorongo_like,
tablet_009,173,23,g001,g001,normal,synthetic_rongorongo_like,
tablet_009,173,24,g001,g001,normal,synthetic_rongorongo_like,
tablet_009,173,25,g001,g001,normal,synthetic_rongorongo_like,
tablet_009,173,26,g061,g061,normal,synthetic_rongorongo_like,
tablet_009,173,27,g022,g022,normal,synthetic_rongorongo_like,
tablet_009,173,28,g022,g022,normal,synthetic_rongorongo_like,
tablet_009,173,29,g063,g063,normal,synthetic_rongorongo_like,
tablet_009,173,30,g063,g063,normal,synthetic_rongorongo_like,
tablet_009,173,31,g063,g063,normal,synthetic_rongorongo_like,
tablet_009,173,32,g022,g022,normal,synthetic_rongorongo_like,
tablet_009,173,33,g001,g001,normal,synthetic_rongorongo_like,
tablet_009,173,34,g062,g062,normal,synthetic_rongorongo_like,
tablet_009,173,35,g064,g064,normal,synthetic_rongorongo_like,
tablet_009,173,36,g021,g021,normal,synthetic_rongorongo_like,
tablet_009,173,37,g003,g003,normal,synthetic_rongorongo_like,
tablet_009,173,38,g003,g003,normal,synthetic_rongorongo_like,
tablet_009,173,39,g003,g003,normal,synthetic_rongorongo_like,
tablet_009,173,40,g062,g062,normal,synthetic_rongorongo_like,
tablet_009,174,1,g015,g015,normal,synthetic_rongorongo_like,
tablet_009,174,2,g015,g015,normal,synthetic_rongorongo_like,
tablet_009,174,3,g023,g023,normal,synthetic_rongorongo_like,
tablet_009,174,4,g022,g022,normal,synthetic_rongorongo_like,
tablet_009,174,5,g023,g023,normal,synthetic_rongorongo_like,
tablet_009,174,6,g023,g023,normal,synthetic_rongorongo_like,
tablet_009,174,7,g021,g021,normal,synthetic_rongorongo_like,
tablet_009,174,8,g003,g003,normal,synthetic_rongorongo_like,
tablet_009,174,9,g061,g061,normal,synthetic_rongorongo_like,
tablet_009,174,10,g021,g021,normal,synthetic_rongorongo_like,
tablet_009,174,11,g027,g027,normal,synthetic_rongorongo_like,
tablet_009,174,12,g001,g001,normal,synthetic_rongorongo_like,
tablet_009,174,13,g001,g001,normal,synthetic_rongorongo_like,
tablet_009,174,14,g004,g004,normal,synthetic_rongorongo_like,
tablet_009,174,15,g002,g002,normal,synthetic_rongorongo_like,
tablet_009,174,16,g002,g002,normal,synthetic_rongorongo_like,
tablet_009,174,17,g068,g068,normal,synthetic_rongorongo_like,
tablet_009,174,18,g068,g068,normal,synthetic_rongorongo_like,
tablet_009,174,19,g068,g068,normal,synthetic_rongorongo_like,
tablet_009,174,20,g022,g022,normal,synthetic_rongorongo_like,
tablet_009,174,21,g026,g026,normal,synthetic_rongorongo_like,
tablet_009,174,22,g061,g061,normal,synthetic_rongorongo_like,
tablet_009,174,23,g001,g001,normal,synthetic_rongorongo_like,
tablet_009,174,24,g008,g008,normal,synthetic_rongorongo_like,
tablet_009,174,25,g023,g023,normal,synthetic_rongorongo_like,
tablet_009,174,26,g004,g004,normal,synthetic_rongorongo_like,
tablet_009,174,27,g021,g021,normal,synthetic_rongorongo_like,
tablet_009,174,28,g062,g062,normal,synthetic_rongorongo_like,
tablet_009,174,29,g001,g001,normal,synthetic_rongorongo_like,
tablet_009,174,30,g001,g001,normal,synthetic_rongorongo_like,
tablet_009,174,31,g002,g002,normal,synthetic_rongorongo_like,
tablet_009,174,32,g064,g064,normal,synthetic_rongorongo_like,
tablet_009,174,33,g064,g064,normal,synthetic_rongorongo_like,
tablet_009,174,34,g064,g064,normal,synthetic_rongorongo_like,
tablet_009,174,35,g061,g061,normal,synthetic_rongorongo_like,
tablet_009,174,36,g021,g021,normal,synthetic_rongorongo_like,
tablet_009,174,37,g021,g021,normal,synthetic_rongorongo_like,
tablet_009,174,38,g021,g021,normal,synthetic_rongorongo_like,
tablet_009,174,39,g021,g021,normal,synthetic_rongorongo_like,
tablet_009,174,40,g071,g071,normal,synthetic_rongorongo_like,
tablet_009,175,1,g066,g066,normal,synthetic_rongorongo_like,
tablet_009,175,2,g001,g001,normal,synthetic_rongorongo_like,
tablet_009,175,3,g026,g026,normal,synthetic_rongorongo_like,
tablet_009,175,4,g069,g069,normal,synthetic_rongorongo_like,
tablet_009,175,5,g061,g061,normal,synthetic_rongorongo_like,
tablet_009,175,6,g061,g061,normal,synthetic_rongorongo_like,
tablet_009,175,7,g008,g008,normal,synthetic_rongorongo_like,
tablet_009,175,8,g005,g005,normal,synthetic_rongorongo_like,
tablet_009,175,9,g005,g005,normal,synthetic_rongorongo_like,
tablet_009,175,10,g001,g001,normal,synthetic_rongorongo_like,
tablet_009,175,11,g023,g023,normal,synthetic_rongorongo_like,
tablet_009,175,12,g001,g001,normal,synthetic_rongorongo_like,
tablet_009,175,13,g001,g001,normal,synthetic_rongorongo_like,
tablet_009,175,14,g062,g062,normal,synthetic_rongorongo_like,
tablet_009,175,15,g061,g061,normal,synthetic_rongorongo_like,
tablet_009,175,16,g024,g024,normal,synthetic_rongorongo_like,
tablet_009,175,17,g024,g024,normal,synthetic_rongorongo_like,
tablet_009,175,18,g024,g024,normal,synthetic_rongorongo_like,
tablet_009,175,19,g037,g037,normal,synthetic_rongorongo_like,
tablet_009,175,20,g001,g001,normal,synthetic_rongorongo_like,
tablet_009,175,21,g001,g001,normal,synthetic_rongorongo_like,
tablet_009,175,22,g022,g022,normal,synthetic_rongorongo_like,
tablet_009,175,23,g021,g021,normal,synthetic_rongorongo_like,
tablet_009,175,24,g002,g002,normal,synthetic_rongorongo_like,
tablet_009,175,25,g002,g002,normal,synthetic_rongorongo_like,
tablet_009,175,26,g061,g061,normal,synthetic_rongorongo_like,
tablet_009,175,27,g061,g061,normal,synthetic_rongorongo_like,
tablet_009,175,28,g093,g093,normal,synthetic_rongorongo_like,
tablet_009,175,29,g093,g093,normal,synthetic_rongorongo_like,
tablet_009,175,30,g093,g093,normal,synthetic_rongorongo_like,
tablet_009,175,31,g048,g048,normal,synthetic_rongorongo_like,
tablet_009,175,32,g048,g048,normal,synthetic_rongorongo_like,
tablet_009,175,33,g001,g001,normal,synthetic_rongorongo_like,
tablet_009,175,34,g004,g004,normal,synthetic_rongorongo_like,
tablet_009,175,35,g002,g002,normal,synthetic_rongorongo_like,
tablet_009,175,36,g061,g061,normal,synthetic_rongorongo_like,
tablet_009,175,37,g061,g061,normal,synthetic_rongorongo_like,
tablet_009,175,38,g061,g061,normal,synthetic_rongorongo_like,
tablet_009,175,39,g021,g021,normal,synthetic_rongorongo_like,
tablet_009,175,40,g015,g015,normal,synthetic_rongorongo_like,
tablet_009,176,1,g065,g065,normal,synthetic_rongorongo_like,
tablet_009,176,2,g003,g003,normal,synthetic_rongorongo_like,
tablet_009,176,3,g003,g003,normal,synthetic_rongorongo_like,
tablet_009,176,4,g001,g001,normal,synthetic_rongorongo_like,
tablet_009,176,5,g001,g001,normal,synthetic_rongorongo_like,
tablet_009,176,6,g006,g006,normal,synthetic_rongorongo_like,
tablet_009,176,7,g004,g004,normal,synthetic_rongorongo_like,
tablet_009,176,8,g004,g004,normal,synthetic_rongorongo_like,
tablet_009,176,9,g066,g066,normal,synthetic_rongorongo_like,
tablet_009,176,10,g021,g021,normal,synthetic_rongorongo_like,
tablet_009,176,11,g022,g022,normal,synthetic_rongorongo_like,
tablet_009,176,12,g001,g001,normal,synthetic_rongorongo_like,
tablet_009,176,13,g001,g001,normal,synthetic_rongorongo_like,
tablet_009,176,14,g021,g021,normal,synthetic_rongorongo_like,
tablet_009,176,15,g021,g021,normal,synthetic_rongorongo_like,
tablet_009,176,16,g002,g002,normal,synthetic_rongorongo_like,
tablet_009,176,17,g061,g061,normal,synthetic_rongorongo_like,
tablet_009,176,18,g025,g025,normal,synthetic_rongorongo_like,
tablet_009,176,19,g013,g013,normal,synthetic_rongorongo_like,
tablet_009,176,20,g021,g021,normal,synthetic_rongorongo_like,
tablet_009,176,21,g021,g021,normal,synthetic_rongorongo_like,
tablet_009,176,22,g021,g021,normal,synthetic_rongorongo_like,
tablet_009,176,23,g022,g022,normal,synthetic_rongorongo_like,
tablet_009,176,24,g065,g065,normal,synthetic_rongorongo_like,
tablet_009,176,25,g002,g002,normal,synthetic_rongorongo_like,
tablet_009,176,26,g063,g063,normal,synthetic_rongorongo_like,
tablet_009,176,27,g063,g063,normal,synthetic_rongorongo_like,
tablet_009,176,28,g001,g001,normal,synthetic_rongorongo_like,
tablet_009,176,29,g001,g001,normal,synthetic_rongorongo_like,
tablet_009,176,30,g034,g034,normal,synthetic_rongorongo_like,
tablet_009,176,31,g006,g006,normal,synthetic_rongorongo_like,
tablet_009,176,32,g021,g021,normal,synthetic_rongorongo_like,
tablet_009,176,33,g021,g021,normal,synthetic_rongorongo_like,
tablet_009,176,34,g023,g023,normal,synthetic_rongorongo_like,
tablet_009,176,35,g023,g023,normal,synthetic_rongorongo_like,
tablet_009,176,36,g001,g001,normal,synthetic_rongorongo_like,
tablet_009,176,37,g001,g001,normal,synthetic_rongorongo_like,
tablet_009,176,38,g083,g083,normal,synthetic_rongorongo_like,
tablet_009,176,39,g083,g083,normal,synthetic_rongorongo_like,
tablet_009,176,40,g001,g001,normal,synthetic_rongorongo_like,
tablet_009,177,1,g009,g009,normal,synthetic_rongorongo_like,
tablet_009,177,2,g001,g001,normal,synthetic_rongorongo_like,
tablet_009,177,3,g021,g021,normal,synthetic_rongorongo_like,
tablet_009,177,4,g063,g063,normal,synthetic_rongorongo_like,
tablet_009,177,5,g063,g063,normal,synthetic_rongorongo_like,
tablet_009,177,6,g001,g001,normal,synthetic_rongorongo_like,
tablet_009,177,7,g001,g001,normal,synthetic_rongorongo_like,
tablet_009,177,8,g003,g003,normal,synthetic_rongorongo_like,
tablet_009,177,9,g001,g001,normal,synthetic_rongorongo_like,
tablet_009,177,10,g009,g009,normal,synthetic_rongorongo_like,
tablet_009,177,11,g001,g001,normal,synthetic_rongorongo_like,
tablet_009,177,12,g003,g003,normal,synthetic_rongorongo_like,
tablet_009,177,13,g062,g062,normal,synthetic_rongorongo_like,
tablet_009,177,14,g062,g062,normal,synthetic_rongorongo_like,
tablet_009,177,15,g019,g019,normal,synthetic_rongorongo_like,
tablet_009,177,16,g009,g009,normal,synthetic_rongorongo_like,
tablet_009,177,17,g022,g022,normal,synthetic_rongorongo_like,
tablet_009,177,18,g006,g006,normal,synthetic_rongorongo_like,
tablet_009,177,19,g003,g003,normal,synthetic_rongorongo_like,
tablet_009,177,20,g003,g003,normal,synthetic_rongorongo_like,
tablet_009,177,21,g001,g001,normal,synthetic_rongorongo_like,
tablet_009,177,22,g021,g021,normal,synthetic_rongorongo_like,
tablet_009,177,23,g003,g003,normal,synthetic_rongorongo_like,
tablet_009,177,24,g001,g001,normal,synthetic_rongorongo_like,
tablet_009,177,25,g001,g001,normal,synthetic_rongorongo_like,
tablet_009,177,26,g001,g001,normal,synthetic_rongorongo_like,
tablet_009,177,27,g021,g021,normal,synthetic_rongorongo_like,
tablet_009,177,28,g027,g027,normal,synthetic_rongorongo_like,
tablet_009,177,29,g001,g001,normal,synthetic_rongorongo_like,
tablet_009,177,30,g062,g062,normal,synthetic_rongorongo_like,
tablet_009,177,31,g027,g027,normal,synthetic_rongorongo_like,
tablet_009,177,32,g021,g021,normal,synthetic_rongorongo_like,
tablet_009,177,33,g024,g024,normal,synthetic_rongorongo_like,
tablet_009,177,34,g024,g024,normal,synthetic_rongorongo_like,
tablet_009,177,35,g024,g024,normal,synthetic_rongorongo_like,
tablet_009,177,36,g007,g007,normal,synthetic_rongorongo_like,
tablet_009,177,37,g062,g062,normal,synthetic_rongorongo_like,
tablet_009,177,38,g001,g001,normal,synthetic_rongorongo_like,
tablet_009,177,39,g002,g002,normal,synthetic_rongorongo_like,
tablet_009,177,40,g002,g002,normal,synthetic_rongorongo_like,
tablet_009,178,1,g043,g043,normal,synthetic_rongorongo_like,
tablet_009,178,2,g009,g009,normal,synthetic_rongorongo_like,
tablet_009,178,3,g008,g008,normal,synthetic_rongorongo_like,
tablet_009,178,4,g003,g003,normal,synthetic_rongorongo_like,
tablet_009,178,5,g003,g003,normal,synthetic_rongorongo_like,
tablet_009,178,6,g003,g003,normal,synthetic_rongorongo_like,
tablet_009,178,7,g001,g001,normal,synthetic_rongorongo_like,
tablet_009,178,8,g001,g001,normal,synthetic_rongorongo_like,
tablet_009,178,9,g005,g005,normal,synthetic_rongorongo_like,
tablet_009,178,10,g001,g001,normal,synthetic_rongorongo_like,
tablet_009,178,11,g044,g044,normal,synthetic_rongorongo_like,
tablet_009,178,12,g062,g062,normal,synthetic_rongorongo_like,
tablet_009,178,13,g001,g001,normal,synthetic_rongorongo_like,
tablet_009,178,14,g061,g061,normal,synthetic_rongorongo_like,
tablet_009,178,15,g001,g001,normal,synthetic_rongorongo_like,
tablet_009,178,16,g001,g001,normal,synthetic_rongorongo_like,
tablet_009,178,17,g003,g003,normal,synthetic_rongorongo_like,
tablet_009,178,18,g003,g003,normal,synthetic_rongorongo_like,
tablet_009,178,19,g003,g003,normal,synthetic_rongorongo_like,
tablet_009,178,20,g061,g061,normal,synthetic_rongorongo_like,
tablet_009,178,21,g002,g002,normal,synthetic_rongorongo_like,
tablet_009,178,22,g064,g064,normal,synthetic_rongorongo_like,
tablet_009,178,23,g002,g002,normal,synthetic_rongorongo_like,
tablet_009,178,24,g002,g002,normal,synthetic_rongorongo_like,
tablet_009,178,25,g033,g033,normal,synthetic_rongorongo_like,
tablet_009,178,26,g017,g017,normal,synthetic_rongorongo_like,
tablet_009,178,27,g033,g033,normal,synthetic_rongorongo_like,
tablet_009,178,28,g021,g021,normal,synthetic_rongorongo_like,
tablet_009,178,29,g021,g021,normal,synthetic_rongorongo_like,
tablet_009,178,30,g025,g025,normal,synthetic_rongorongo_like,
tablet_009,178,31,g003,g003,normal,synthetic_rongorongo_like,
tablet_009,178,32,g022,g022,normal,synthetic_rongorongo_like,
tablet_009,178,33,g022,g022,normal,synthetic_rongorongo_like,
tablet_009,178,34,g001,g001,normal,synthetic_rongorongo_like,
tablet_009,178,35,g001,g001,normal,synthetic_rongorongo_like,
tablet_009,178,36,g002,g002,normal,synthetic_rongorongo_like,
tablet_009,178,37,g002,g002,normal,synthetic_rongorongo_like,
tablet_009,178,38,g012,g012,normal,synthetic_rongorongo_like,
tablet_009,178,39,g012,g012,normal,synthetic_rongorongo_like,
tablet_009,178,40,g001,g001,normal,synthetic_rongorongo_like,
tablet_009,179,1,g023,g023,normal,synthetic_rongorongo_like,
tablet_009,179,2,g023,g023,normal,synthetic_rongorongo_like,
tablet_009,179,3,g026,g026,normal,synthetic_rongorongo_like,
tablet_009,179,4,g067,g067,normal,synthetic_rongorongo_like,
tablet_009,179,5,g006,g006,normal,synthetic_rongorongo_like,
tablet_009,179,6,g021,g021,normal,synthetic_rongorongo_like,
tablet_009,179,7,g021,g021,normal,synthetic_rongorongo_like,
tablet_009,179,8,g021,g021,normal,synthetic_rongorongo_like,
tablet_009,179,9,g102,g102,normal,synthetic_rongorongo_like,
tablet_009,179,10,g064,g064,normal,synthetic_rongorongo_like,
tablet_009,179,11,g061,g061,normal,synthetic_rongorongo_like,
tablet_009,179,12,g062,g062,normal,synthetic_rongorongo_like,
tablet_009,179,13,g021,g021,normal,synthetic_rongorongo_like,
tablet_009,179,14,g001,g001,normal,synthetic_rongorongo_like,
tablet_009,179,15,g024,g024,normal,synthetic_rongorongo_like,
tablet_009,179,16,g064,g064,normal,synthetic_rongorongo_like,
tablet_009,179,17,g002,g002,normal,synthetic_rongorongo_like,
tablet_009,179,18,g002,g002,normal,synthetic_rongorongo_like,
tablet_009,179,19,g001,g001,normal,synthetic_rongorongo_like,
tablet_009,179,20,g001,g001,normal,synthetic_rongorongo_like,
tablet_009,179,21,g001,g001,normal,synthetic_rongorongo_like,
tablet_009,179,22,g044,g044,normal,synthetic_rongorongo_like,
tablet_009,179,23,g010,g010,normal,synthetic_rongorongo_like,
tablet_009,179,24,g010,g010,normal,synthetic_rongorongo_like,
tablet_009,179,25,g010,g010,normal,synthetic_rongorongo_like,
tablet_009,179,26,g061,g061,normal,synthetic_rongorongo_like,
tablet_009,179,27,g061,g061,normal,synthetic_rongorongo_like,
tablet_009,179,28,g017,g017,normal,synthetic_rongorongo_like,
tablet_009,179,29,g062,g062,normal,synthetic_rongorongo_like,
tablet_009,179,30,g021,g021,normal,synthetic_rongorongo_like,
tablet_009,179,31,g001,g001,normal,synthetic_rongorongo_like,
tablet_009,179,32,g001,g001,normal,synthetic_rongorongo_like,
tablet_009,179,33,g078,g078,normal,synthetic_rongorongo_like,
tablet_009,179,34,g066,g066,normal,synthetic_rongorongo_like,
tablet_009,179,35,g066,g066,normal,synthetic_rongorongo_like,
tablet_009,179,36,g066,g066,normal,synthetic_rongorongo_like,
tablet_009,179,37,g021,g021,normal,synthetic_rongorongo_like,
tablet_009,179,38,g002,g002,normal,synthetic_rongorongo_like,
tablet_009,179,39,g026,g026,normal,synthetic_rongorongo_like,
tablet_009,179,40,g023,g023,normal,synthetic_rongorongo_like,
tablet_009,180,1,g024,g024,normal,synthetic_rongorongo_like,
tablet_009,180,2,g011,g011,normal,synthetic_rongorongo_like,
tablet_009,180,3,g011,g011,normal,synthetic_rongorongo_like,
tablet_009,180,4,g064,g064,normal,synthetic_rongorongo_like,
tablet_009,180,5,g063,g063,normal,synthetic_rongorongo_like,
tablet_009,180,6,g025,g025,normal,synthetic_rongorongo_like,
tablet_009,180,7,g001,g001,normal,synthetic_rongorongo_like,
tablet_009,180,8,g023,g023,normal,synthetic_rongorongo_like,
tablet_009,180,9,g023,g023,normal,synthetic_rongorongo_like,
tablet_009,180,10,g023,g023,normal,synthetic_rongorongo_like,
tablet_009,180,11,g023,g023,normal,synthetic_rongorongo_like,
tablet_009,180,12,g023,g023,normal,synthetic_rongorongo_like,
tablet_009,180,13,g025,g025,normal,synthetic_rongorongo_like,
tablet_009,180,14,g001,g001,normal,synthetic_rongorongo_like,
tablet_009,180,15,g001,g001,normal,synthetic_rongorongo_like,
tablet_009,180,16,g030,g030,normal,synthetic_rongorongo_like,
tablet_009,180,17,g021,g021,normal,synthetic_rongorongo_like,
tablet_009,180,18,g031,g031,normal,synthetic_rongorongo_like,
tablet_009,180,19,g022,g022,normal,synthetic_rongorongo_like,
tablet_009,180,20,g002,g002,normal,synthetic_rongorongo_like,
tablet_009,180,21,g003,g003,normal,synthetic_rongorongo_like,
tablet_009,180,22,g003,g003,normal,synthetic_rongorongo_like,
tablet_009,180,23,g062,g062,normal,synthetic_rongorongo_like,
tablet_009,180,24,g005,g005,normal,synthetic_rongorongo_like,
tablet_009,180,25,g022,g022,normal,synthetic_rongorongo_like,
tablet_009,180,26,g001,g001,normal,synthetic_rongorongo_like,
tablet_009,180,27,g001,g001,normal,synthetic_rongorongo_like,
tablet_009,180,28,g005,g005,normal,synthetic_rongorongo_like,
tablet_009,180,29,g019,g019,normal,synthetic_rongorongo_like,
tablet_009,180,30,g022,g022,normal,synthetic_rongorongo_like,
tablet_009,180,31,g022,g022,normal,synthetic_rongorongo_like,
tablet_009,180,32,g023,g023,normal,synthetic_rongorongo_like,
tablet_009,180,33,g089,g089,normal,synthetic_rongorongo_like,
tablet_009,180,34,g087,g087,normal,synthetic_rongorongo_like,
tablet_009,180,35,g020,g020,normal,synthetic_rongorongo_like,
tablet_009,180,36,g062,g062,normal,synthetic_rongorongo_like,
tablet_009,180,37,g021,g021,normal,synthetic_rongorongo_like,
tablet_009,180,38,g062,g062,normal,synthetic_rongorongo_like,
tablet_009,180,39,g062,g062,normal,synthetic_rongorongo_like,
tablet_009,180,40,g001,g001,normal,synthetic_rongorongo_like,
tablet_010,181,1,g003,g003,normal,synthetic_rongorongo_like,
tablet_010,181,2,g021,g021,normal,synthetic_rongorongo_like,
tablet_010,181,3,g021,g021,normal,synthetic_rongorongo_like,
tablet_010,181,4,g021,g021,normal,synthetic_rongorongo_like,
tablet_010,181,5,g021,g021,normal,synthetic_rongorongo_like,
tablet_010,181,6,g021,g021,normal,synthetic_rongorongo_like,
tablet_010,181,7,g003,g003,normal,synthetic_rongorongo_like,
tablet_010,181,8,g001,g001,normal,synthetic_rongorongo_like,
tablet_010,181,9,g003,g003,normal,synthetic_rongorongo_like,
tablet_010,181,10,g022,g022,normal,synthetic_rongorongo_like,
tablet_010,181,11,g001,g001,normal,synthetic_rongorongo_like,
tablet_010,181,12,g016,g016,normal,synthetic_rongorongo_like,
tablet_010,181,13,g007,g007,normal,synthetic_rongorongo_like,
tablet_010,181,14,g022,g022,normal,synthetic_rongorongo_like,
tablet_010,181,15,g009,g009,normal,synthetic_rongorongo_like,
tablet_010,181,16,g009,g009,normal,synthetic_rongorongo_like,
tablet_010,181,17,g009,g009,normal,synthetic_rongorongo_like,
tablet_010,181,18,g005,g005,normal,synthetic_rongorongo_like,
tablet_010,181,19,g062,g062,normal,synthetic_rongorongo_like,
tablet_010,181,20,g018,g018,normal,synthetic_rongorongo_like,
tablet_010,181,21,g022,g022,normal,synthetic_rongorongo_like,
tablet_010,181,22,g061,g061,normal,synthetic_rongorongo_like,
tablet_010,181,23,g061,g061,normal,synthetic_rongorongo_like,
tablet_010,181,24,g010,g010,normal,synthetic_rongorongo_like,
tablet_010,181,25,g021,g021,normal,synthetic_rongorongo_like,
tablet_010,181,26,g061,g061,normal,synthetic_rongorongo_like,
tablet_010,181,27,g009,g009,normal,synthetic_rongorongo_like,
tablet_010,181,28,g008,g008,normal,synthetic_rongorongo_like,
tablet_010,181,29,g021,g021,normal,synthetic_rongorongo_like,
tablet_010,181,30,g021,g021,normal,synthetic_rongorongo_like,
tablet_010,181,31,g021,g021,normal,synthetic_rongorongo_like,
tablet_010,181,32,g002,g002,normal,synthetic_rongorongo_like,
tablet_010,181,33,g021,g021,normal,synthetic_rongorongo_like,
tablet_010,181,34,g001,g001,normal,synthetic_rongorongo_like,
tablet_010,181,35,g001,g001,normal,synthetic_rongorongo_like,
tablet_010,181,36,g030,g030,normal,synthetic_rongorongo_like,
tablet_010,181,37,g030,g030,normal,synthetic_rongorongo_like,
tablet_010,181,38,g030,g030,normal,synthetic_rongorongo_like,
tablet_010,181,39,g063,g063,normal,synthetic_rongorongo_like,
tablet_010,181,40,g102,g102,normal,synthetic_rongorongo_like,
tablet_010,182,1,g021,g021,normal,synthetic_rongorongo_like,
tablet_010,182,2,g024,g024,normal,synthetic_rongorongo_like,
tablet_010,182,3,g027,g027,normal,synthetic_rongorongo_like,
tablet_010,182,4,g027,g027,normal,synthetic_rongorongo_like,
tablet_010,182,5,g009,g009,normal,synthetic_rongorongo_like,
tablet_010,182,6,g001,g001,normal,synthetic_rongorongo_like,
tablet_010,182,7,g001,g001,normal,synthetic_rongorongo_like,
tablet_010,182,8,g003,g003,normal,synthetic_rongorongo_like,
tablet_010,182,9,g014,g014,normal,synthetic_rongorongo_like,
tablet_010,182,10,g014,g014,normal,synthetic_rongorongo_like,
tablet_010,182,11,g007,g007,normal,synthetic_rongorongo_like,
tablet_010,182,12,g033,g033,normal,synthetic_rongorongo_like,
tablet_010,182,13,g041,g041,normal,synthetic_rongorongo_like,
tablet_010,182,14,g024,g024,normal,synthetic_rongorongo_like,
tablet_010,182,15,g002,g002,normal,synthetic_rongorongo_like,
tablet_010,182,16,g001,g001,normal,synthetic_rongorongo_like,
tablet_010,182,17,g006,g006,normal,synthetic_rongorongo_like,
tablet_010,182,18,g021,g021,normal,synthetic_rongorongo_like,
tablet_010,182,19,g065,g065,normal,synthetic_rongorongo_like,
tablet_010,182,20,g061,g061,normal,synthetic_rongorongo_like,
tablet_010,182,21,g021,g021,normal,synthetic_rongorongo_like,
tablet_010,182,22,g086,g086,normal,synthetic_rongorongo_like,
tablet_010,182,23,g022,g022,normal,synthetic_rongorongo_like,
tablet_010,182,24,g026,g026,normal,synthetic_rongorongo_like,
tablet_010,182,25,g055,g055,normal,synthetic_rongorongo_like,
tablet_010,182,26,g063,g063,normal,synthetic_rongorongo_like,
tablet_010,182,27,g067,g067,normal,synthetic_rongorongo_like,
tablet_010,182,28,g067,g067,normal,synthetic_rongorongo_like,
tablet_010,182,29,g063,g063,normal,synthetic_rongorongo_like,
tablet_010,182,30,g011,g011,normal,synthetic_rongorongo_like,
tablet_010,182,31,g002,g002,normal,synthetic_rongorongo_like,
tablet_010,182,32,g017,g017,normal,synthetic_rongorongo_like,
tablet_010,182,33,g002,g002,normal,synthetic_rongorongo_like,
tablet_010,182,34,g061,g061,normal,synthetic_rongorongo_like,
tablet_010,182,35,g021,g021,normal,synthetic_rongorongo_like,
tablet_010,182,36,g035,g035,normal,synthetic_rongorongo_like,
tablet_010,182,37,g022,g022,normal,synthetic_rongorongo_like,
tablet_010,182,38,g004,g004,normal,synthetic_rongorongo_like,
tablet_010,182,39,g023,g023,normal,synthetic_rongorongo_like,
tablet_010,182,40,g065,g065,normal,synthetic_rongorongo_like,
tablet_010,183,1,g063,g063,normal,synthetic_rongorongo_like,
tablet_010,183,2,g062,g062,normal,synthetic_rongorongo_like,
tablet_010,183,3,g027,g027,normal,synthetic_rongorongo_like,
tablet_010,183,4,g008,g008,normal,synthetic_rongorongo_like,
tablet_010,183,5,g001,g001,normal,synthetic_rongorongo_like,
tablet_010,183,6,g061,g061,normal,synthetic_rongorongo_like,
tablet_010,183,7,g061,g061,normal,synthetic_rongorongo_like,
tablet_010,183,8,g007,g007,normal,synthetic_rongorongo_like,
tablet_010,183,9,g062,g062,normal,synthetic_rongorongo_like,
tablet_010,183,10,g062,g062,normal,synthetic_rongorongo_like,
tablet_010,183,11,g003,g003,normal,synthetic_rongorongo_like,
tablet_010,183,12,g029,g029,normal,synthetic_rongorongo_like,
tablet_010,183,13,g014,g014,normal,synthetic_rongorongo_like,
tablet_010,183,14,g022,g022,normal,synthetic_rongorongo_like,
tablet_010,183,15,g022,g022,normal,synthetic_rongorongo_like,
tablet_010,183,16,g001,g001,normal,synthetic_rongorongo_like,
tablet_010,183,17,g062,g062,normal,synthetic_rongorongo_like,
tablet_010,183,18,g002,g002,normal,synthetic_rongorongo_like,
tablet_010,183,19,g025,g025,normal,synthetic_rongorongo_like,
tablet_010,183,20,g009,g009,normal,synthetic_rongorongo_like,
tablet_010,183,21,g021,g021,normal,synthetic_rongorongo_like,
tablet_010,183,22,g004,g004,normal,synthetic_rongorongo_like,
tablet_010,183,23,g022,g022,normal,synthetic_rongorongo_like,
tablet_010,183,24,g023,g023,normal,synthetic_rongorongo_like,
tablet_010,183,25,g030,g030,normal,synthetic_rongorongo_like,
tablet_010,183,26,g030,g030,normal,synthetic_rongorongo_like,
tablet_010,183,27,g030,g030,normal,synthetic_rongorongo_like,
tablet_010,183,28,g005,g005,normal,synthetic_rongorongo_like,
tablet_010,183,29,g001,g001,normal,synthetic_rongorongo_like,
tablet_010,183,30,g021,g021,normal,synthetic_rongorongo_like,
tablet_010,183,31,g023,g023,normal,synthetic_rongorongo_like,
tablet_010,183,32,g001,g001,normal,synthetic_rongorongo_like,
tablet_010,183,33,g007,g007,normal,synthetic_rongorongo_like,
tablet_010,183,34,g006,g006,normal,synthetic_rongorongo_like,
tablet_010,183,35,g021,g021,normal,synthetic_rongorongo_like,
tablet_010,183,36,g012,g012,normal,synthetic_rongorongo_like,
tablet_010,183,37,g022,g022,normal,synthetic_rongorongo_like,
tablet_010,183,38,g062,g062,normal,synthetic_rongorongo_like,
tablet_010,183,39,g022,g022,normal,synthetic_rongorongo_like,
tablet_010,183,40,g023,g023,normal,synthetic_rongorongo_like,
tablet_010,184,1,g021,g021,normal,synthetic_rongorongo_like,
tablet_010,184,2,g004,g004,normal,synthetic_rongorongo_like,
tablet_010,184,3,g027,g027,normal,synthetic_rongorongo_like,
tablet_010,184,4,g024,g024,normal,synthetic_rongorongo_like,
tablet_010,184,5,g022,g022,normal,synthetic_rongorongo_like,
tablet_010,184,6,g022,g022,normal,synthetic_rongorongo_like,
tablet_010,184,7,g022,g022,normal,synthetic_rongorongo_like,
tablet_010,184,8,g009,g009,normal,synthetic_rongorongo_like,
tablet_010,184,9,g001,g001,normal,synthetic_rongorongo_like,
tablet_010,184,10,g048,g048,normal,synthetic_rongorongo_like,
tablet_010,184,11,g048,g048,normal,synthetic_rongorongo_like,
tablet_010,184,12,g062,g062,normal,synthetic_rongorongo_like,
tablet_010,184,13,g024,g024,normal,synthetic_rongorongo_like,
tablet_010,184,14,g032,g032,normal,synthetic_rongorongo_like,
tablet_010,184,15,g010,g010,normal,synthetic_rongorongo_like,
tablet_010,184,16,g002,g002,normal,synthetic_rongorongo_like,
tablet_010,184,17,g030,g030,normal,synthetic_rongorongo_like,
tablet_010,184,18,g021,g021,normal,synthetic_rongorongo_like,
tablet_010,184,19,g026,g026,normal,synthetic_rongorongo_like,
tablet_010,184,20,g026,g026,normal,synthetic_rongorongo_like,
tablet_010,184,21,g007,g007,normal,synthetic_rongorongo_like,
tablet_010,184,22,g002,g002,normal,synthetic_rongorongo_like,
tablet_010,184,23,g021,g021,normal,synthetic_rongorongo_like,
tablet_010,184,24,g021,g021,normal,synthetic_rongorongo_like,
tablet_010,184,25,g036,g036,normal,synthetic_rongorongo_like,
tablet_010,184,26,g023,g023,normal,synthetic_rongorongo_like,
tablet_010,184,27,g023,g023,normal,synthetic_rongorongo_like,
tablet_010,184,28,g021,g021,normal,synthetic_rongorongo_like,
tablet_010,184,29,g040,g040,normal,synthetic_rongorongo_like,
tablet_010,184,30,g061,g061,normal,synthetic_rongorongo_like,
tablet_010,184,31,g029,g029,normal,synthetic_rongorongo_like,
tablet_010,184,32,g001,g001,normal,synthetic_rongorongo_like,
tablet_010,184,33,g061,g061,normal,synthetic_rongorongo_like,
tablet_010,184,34,g005,g005,normal,synthetic_rongorongo_like,
tablet_010,184,35,g005,g005,normal,synthetic_rongorongo_like,
tablet_010,184,36,g022,g022,normal,synthetic_rongorongo_like,
tablet_010,184,37,g039,g039,normal,synthetic_rongorongo_like,
tablet_010,184,38,g061,g061,normal,synthetic_rongorongo_like,
tablet_010,184,39,g061,g061,normal,synthetic_rongorongo_like,
tablet_010,184,40,g010,g010,normal,synthetic_rongorongo_like,
tablet_010,185,1,g005,g005,normal,synthetic_rongorongo_like,
tablet_010,185,2,g001,g001,normal,synthetic_rongorongo_like,
tablet_010,185,3,g021,g021,normal,synthetic_rongorongo_like,
tablet_010,185,4,g027,g027,normal,synthetic_rongorongo_like,
tablet_010,185,5,g090,g090,normal,synthetic_rongorongo_like,
tablet_010,185,6,g006,g006,normal,synthetic_rongorongo_like,
tablet_010,185,7,g023,g023,normal,synthetic_rongorongo_like,
tablet_010,185,8,g021,g021,normal,synthetic_rongorongo_like,
tablet_010,185,9,g004,g004,normal,synthetic_rongorongo_like,
tablet_010,185,10,g001,g001,normal,synthetic_rongorongo_like,
tablet_010,185,11,g021,g021,normal,synthetic_rongorongo_like,
tablet_010,185,12,g001,g001,normal,synthetic_rongorongo_like,
tablet_010,185,13,g061,g061,normal,synthetic_rongorongo_like,
tablet_010,185,14,g008,g008,normal,synthetic_rongorongo_like,
tablet_010,185,15,g004,g004,normal,synthetic_rongorongo_like,
tablet_010,185,16,g005,g005,normal,synthetic_rongorongo_like,
tablet_010,185,17,g001,g001,normal,synthetic_rongorongo_like,
tablet_010,185,18,g021,g021,normal,synthetic_rongorongo_like,
tablet_010,185,19,g003,g003,normal,synthetic_rongorongo_like,
tablet_010,185,20,g061,g061,normal,synthetic_rongorongo_like,
tablet_010,185,21,g061,g061,normal,synthetic_rongorongo_like,
tablet_010,185,22,g022,g022,normal,synthetic_rongorongo_like,
tablet_010,185,23,g005,g005,normal,synthetic_rongorongo_like,
tablet_010,185,24,g021,g021,normal,synthetic_rongorongo_like,
tablet_010,185,25,g023,g023,normal,synthetic_rongorongo_like,
tablet_010,185,26,g023,g023,normal,synthetic_rongorongo_like,
tablet_010,185,27,g001,g001,normal,synthetic_rongorongo_like,
tablet_010,185,28,g001,g001,normal,synthetic_rongorongo_like,
tablet_010,185,29,g066,g066,normal,synthetic_rongorongo_like,
tablet_010,185,30,g089,g089,normal,synthetic_rongorongo_like,
tablet_010,185,31,g063,g063,normal,synthetic_rongorongo_like,
tablet_010,185,32,g024,g024,normal,synthetic_rongorongo_like,
tablet_010,185,33,g004,g004,normal,synthetic_rongorongo_like,
tablet_010,185,34,g001,g001,normal,synthetic_rongorongo_like,
tablet_010,185,35,g025,g025,normal,synthetic_rongorongo_like,
tablet_010,185,36,g025,g025,normal,synthetic_rongorongo_like,
tablet_010,185,37,g023,g023,normal,synthetic_rongorongo_like,
tablet_010,185,38,g022,g022,normal,synthetic_rongorongo_like,
tablet_010,185,39,g004,g004,normal,synthetic_rongorongo_like,
tablet_010,185,40,g004,g004,normal,synthetic_rongorongo_like,
tablet_010,186,1,g001,g001,normal,synthetic_rongorongo_like,
tablet_010,186,2,g066,g066,normal,synthetic_rongorongo_like,
tablet_010,186,3,g001,g001,normal,synthetic_rongorongo_like,
tablet_010,186,4,g061,g061,normal,synthetic_rongorongo_like,
tablet_010,186,5,g025,g025,normal,synthetic_rongorongo_like,
tablet_010,186,6,g005,g005,normal,synthetic_rongorongo_like,
tablet_010,186,7,g021,g021,normal,synthetic_rongorongo_like,
tablet_010,186,8,g005,g005,normal,synthetic_rongorongo_like,
tablet_010,186,9,g038,g038,normal,synthetic_rongorongo_like,
tablet_010,186,10,g021,g021,normal,synthetic_rongorongo_like,
tablet_010,186,11,g021,g021,normal,synthetic_rongorongo_like,
tablet_010,186,12,g016,g016,normal,synthetic_rongorongo_like,
tablet_010,186,13,g032,g032,normal,synthetic_rongorongo_like,
tablet_010,186,14,g001,g001,normal,synthetic_rongorongo_like,
tablet_010,186,15,g001,g001,normal,synthetic_rongorongo_like,
tablet_010,186,16,g023,g023,normal,synthetic_rongorongo_like,
tablet_010,186,17,g006,g006,normal,synthetic_rongorongo_like,
tablet_010,186,18,g006,g006,normal,synthetic_rongorongo_like,
tablet_010,186,19,g006,g006,normal,synthetic_rongorongo_like,
tablet_010,186,20,g001,g001,normal,synthetic_rongorongo_like,
tablet_010,186,21,g001,g001,normal,synthetic_rongorongo_like,
tablet_010,186,22,g021,g021,normal,synthetic_rongorongo_like,
tablet_010,186,23,g001,g001,normal,synthetic_rongorongo_like,
tablet_010,186,24,g001,g001,normal,synthetic_rongorongo_like,
tablet_010,186,25,g001,g001,normal,synthetic_rongorongo_like,
tablet_010,186,26,g006,g006,normal,synthetic_rongorongo_like,
tablet_010,186,27,g021,g021,normal,synthetic_rongorongo_like,
tablet_010,186,28,g073,g073,normal,synthetic_rongorongo_like,
tablet_010,186,29,g001,g001,normal,synthetic_rongorongo_like,
tablet_010,186,30,g022,g022,normal,synthetic_rongorongo_like,
tablet_010,186,31,g022,g022,normal,synthetic_rongorongo_like,
tablet_010,186,32,g022,g022,normal,synthetic_rongorongo_like,
tablet_010,186,33,g002,g002,normal,synthetic_rongorongo_like,
tablet_010,186,34,g021,g021,normal,synthetic_rongorongo_like,
tablet_010,186,35,g001,g001,normal,synthetic_rongorongo_like,
tablet_010,186,36,g002,g002,normal,synthetic_rongorongo_like,
tablet_010,186,37,g003,g003,normal,synthetic_rongorongo_like,
tablet_010,186,38,g002,g002,normal,synthetic_rongorongo_like,
tablet_010,186,39,g024,g024,normal,synthetic_rongorongo_like,
tablet_010,186,40,g061,g061,normal,synthetic_rongorongo_like,
tablet_010,187,1,g001,g001,normal,synthetic_rongorongo_like,
tablet_010,187,2,g021,g021,normal,synthetic_rongorongo_like,
tablet_010,187,3,g021,g021,normal,synthetic_rongorongo_like,
tablet_010,187,4,g004,g004,normal,synthetic_rongorongo_like,
tablet_010,187,5,g030,g030,normal,synthetic_rongorongo_like,
tablet_010,187,6,g026,g026,normal,synthetic_rongorongo_like,
tablet_010,187,7,g026,g026,normal,synthetic_rongorongo_like,
tablet_010,187,8,g015,g015,normal,synthetic_rongorongo_like,
tablet_010,187,9,g003,g003,normal,synthetic_rongorongo_like,
tablet_010,187,10,g028,g028,normal,synthetic_rongorongo_like,
tablet_010,187,11,g002,g002,normal,synthetic_rongorongo_like,
tablet_010,187,12,g014,g014,normal,synthetic_rongorongo_like,
tablet_010,187,13,g014,g014,normal,synthetic_rongorongo_like,
tablet_010,187,14,g004,g004,normal,synthetic_rongorongo_like,
tablet_010,187,15,g004,g004,normal,synthetic_rongorongo_like,
tablet_010,187,16,g004,g004,normal,synthetic_rongorongo_like,
tablet_010,187,17,g013,g013,normal,synthetic_rongorongo_like,
tablet_010,187,18,g013,g013,normal,synthetic_rongorongo_like,
tablet_010,187,19,g001,g001,normal,synthetic_rongorongo_like,
tablet_010,187,20,g013,g013,normal,synthetic_rongorongo_like,
tablet_010,187,21,g013,g013,normal,synthetic_rongorongo_like,
tablet_010,187,22,g006,g006,normal,synthetic_rongorongo_like,
tablet_010,187,23,g089,g089,normal,synthetic_rongorongo_like,
tablet_010,187,24,g001,g001,normal,synthetic_rongorongo_like,
tablet_010,187,25,g021,g021,normal,synthetic_rongorongo_like,
tablet_010,187,26,g022,g022,normal,synthetic_rongorongo_like,
tablet_010,187,27,g022,g022,normal,synthetic_rongorongo_like,
tablet_010,187,28,g027,g027,normal,synthetic_rongorongo_like,
tablet_010,187,29,g001,g001,normal,synthetic_rongorongo_like,
tablet_010,187,30,g061,g061,normal,synthetic_rongorongo_like,
tablet_010,187,31,g042,g042,normal,synthetic_rongorongo_like,
tablet_010,187,32,g042,g042,normal,synthetic_rongorongo_like,
tablet_010,187,33,g023,g023,normal,synthetic_rongorongo_like,
tablet_010,187,34,g063,g063,normal,synthetic_rongorongo_like,
tablet_010,187,35,g001,g001,normal,synthetic_rongorongo_like,
tablet_010,187,36,g021,g021,normal,synthetic_rongorongo_like,
tablet_010,187,37,g021,g021,normal,synthetic_rongorongo_like,
tablet_010,187,38,g021,g021,normal,synthetic_rongorongo_like,
tablet_010,187,39,g021,g021,normal,synthetic_rongorongo_like,
tablet_010,187,40,g001,g001,normal,synthetic_rongorongo_like,
tablet_010,188,1,g001,g001,normal,synthetic_rongorongo_like,
tablet_010,188,2,g005,g005,normal,synthetic_rongorongo_like,
tablet_010,188,3,g001,g001,normal,synthetic_rongorongo_like,
tablet_010,188,4,g067,g067,normal,synthetic_rongorongo_like,
tablet_010,188,5,g067,g067,normal,synthetic_rongorongo_like,
tablet_010,188,6,g067,g067,normal,synthetic_rongorongo_like,
tablet_010,188,7,g021,g021,normal,synthetic_rongorongo_like,
tablet_010,188,8,g001,g001,normal,synthetic_rongorongo_like,
tablet_010,188,9,g001,g001,normal,synthetic_rongorongo_like,
tablet_010,188,10,g013,g013,normal,synthetic_rongorongo_like,
tablet_010,188,11,g013,g013,normal,synthetic_rongorongo_like,
tablet_010,188,12,g013,g013,normal,synthetic_rongorongo_like,
tablet_010,188,13,g001,g001,normal,synthetic_rongorongo_like,
tablet_010,188,14,g002,g002,normal,synthetic_rongorongo_like,
tablet_010,188,15,g020,g020,normal,synthetic_rongorongo_like,
tablet_010,188,16,g002,g002,normal,synthetic_rongorongo_like,
tablet_010,188,17,g079,g079,normal,synthetic_rongorongo_like,
tablet_010,188,18,g001,g001,normal,synthetic_rongorongo_like,
tablet_010,188,19,g001,g001,normal,synthetic_rongorongo_like,
tablet_010,188,20,g001,g001,normal,synthetic_rongorongo_like,
tablet_010,188,21,g002,g002,normal,synthetic_rongorongo_like,
tablet_010,188,22,g061,g061,normal,synthetic_rongorongo_like,
tablet_010,188,23,g021,g021,normal,synthetic_rongorongo_like,
tablet_010,188,24,g018,g018,normal,synthetic_rongorongo_like,
tablet_010,188,25,g025,g025,normal,synthetic_rongorongo_like,
tablet_010,188,26,g025,g025,normal,synthetic_rongorongo_like,
tablet_010,188,27,g023,g023,normal,synthetic_rongorongo_like,
tablet_010,188,28,g004,g004,normal,synthetic_rongorongo_like,
tablet_010,188,29,g021,g021,normal,synthetic_rongorongo_like,
tablet_010,188,30,g021,g021,normal,synthetic_rongorongo_like,
tablet_010,188,31,g021,g021,normal,synthetic_rongorongo_like,
tablet_010,188,32,g001,g001,normal,synthetic_rongorongo_like,
tablet_010,188,33,g001,g001,normal,synthetic_rongorongo_like,
tablet_010,188,34,g021,g021,normal,synthetic_rongorongo_like,
tablet_010,188,35,g063,g063,normal,synthetic_rongorongo_like,
tablet_010,188,36,g063,g063,normal,synthetic_rongorongo_like,
tablet_010,188,37,g003,g003,normal,synthetic_rongorongo_like,
tablet_010,188,38,g061,g061,normal,synthetic_rongorongo_like,
tablet_010,188,39,g042,g042,normal,synthetic_rongorongo_like,
tablet_010,188,40,g029,g029,normal,synthetic_rongorongo_like,
tablet_010,189,1,g063,g063,normal,synthetic_rongorongo_like,
tablet_010,189,2,g021,g021,normal,synthetic_rongorongo_like,
tablet_010,189,3,g061,g061,normal,synthetic_rongorongo_like,
tablet_010,189,4,g021,g021,normal,synthetic_rongorongo_like,
tablet_010,189,5,g063,g063,normal,synthetic_rongorongo_like,
tablet_010,189,6,g002,g002,normal,synthetic_rongorongo_like,
tablet_010,189,7,g002,g002,normal,synthetic_rongorongo_like,
tablet_010,189,8,g001,g001,normal,synthetic_rongorongo_like,
tablet_010,189,9,g024,g024,normal,synthetic_rongorongo_like,
tablet_010,189,10,g063,g063,normal,synthetic_rongorongo_like,
tablet_010,189,11,g063,g063,normal,synthetic_rongorongo_like,
tablet_010,189,12,g063,g063,normal,synthetic_rongorongo_like,
tablet_010,189,13,g002,g002,normal,synthetic_rongorongo_like,
tablet_010,189,14,g009,g009,normal,synthetic_rongorongo_like,
tablet_010,189,15,g005,g005,normal,synthetic_rongorongo_like,
tablet_010,189,16,g005,g005,normal,synthetic_rongorongo_like,
tablet_010,189,17,g061,g061,normal,synthetic_rongorongo_like,
tablet_010,189,18,g014,g014,normal,synthetic_rongorongo_like,
tablet_010,189,19,g001,g001,normal,synthetic_rongorongo_like,
tablet_010,189,20,g062,g062,normal,synthetic_rongorongo_like,
tablet_010,189,21,g003,g003,normal,synthetic_rongorongo_like,
tablet_010,189,22,g001,g001,normal,synthetic_rongorongo_like,
tablet_010,189,23,g021,g021,normal,synthetic_rongorongo_like,
tablet_010,189,24,g012,g012,normal,synthetic_rongorongo_like,
tablet_010,189,25,g012,g012,normal,synthetic_rongorongo_like,
tablet_010,189,26,g004,g004,normal,synthetic_rongorongo_like,
tablet_010,189,27,g066,g066,normal,synthetic_rongorongo_like,
tablet_010,189,28,g002,g002,normal,synthetic_rongorongo_like,
tablet_010,189,29,g001,g001,normal,synthetic_rongorongo_like,
tablet_010,189,30,g001,g001,normal,synthetic_rongorongo_like,
tablet_010,189,31,g002,g002,normal,synthetic_rongorongo_like,
tablet_010,189,32,g062,g062,normal,synthetic_rongorongo_like,
tablet_010,189,33,g003,g003,normal,synthetic_rongorongo_like,
tablet_010,189,34,g061,g061,normal,synthetic_rongorongo_like,
tablet_010,189,35,g021,g021,normal,synthetic_rongorongo_like,
tablet_010,189,36,g015,g015,normal,synthetic_rongorongo_like,
tablet_010,189,37,g002,g002,normal,synthetic_rongorongo_like,
tablet_010,189,38,g065,g065,normal,synthetic_rongorongo_like,
tablet_010,189,39,g031,g031,normal,synthetic_rongorongo_like,
tablet_010,189,40,g012,g012,normal,synthetic_rongorongo_like,
tablet_010,190,1,g061,g061,normal,synthetic_rongorongo_like,
tablet_010,190,2,g002,g002,normal,synthetic_rongorongo_like,
tablet_010,190,3,g022,g022,normal,synthetic_rongorongo_like,
tablet_010,190,4,g022,g022,normal,synthetic_rongorongo_like,
tablet_010,190,5,g022,g022,normal,synthetic_rongorongo_like,
tablet_010,190,6,g002,g002,normal,synthetic_rongorongo_like,
tablet_010,190,7,g002,g002,normal,synthetic_rongorongo_like,
tablet_010,190,8,g001,g001,normal,synthetic_rongorongo_like,
tablet_010,190,9,g025,g025,normal,synthetic_rongorongo_like,
tablet_010,190,10,g001,g001,normal,synthetic_rongorongo_like,
tablet_010,190,11,g063,g063,normal,synthetic_rongorongo_like,
tablet_010,190,12,g063,g063,normal,synthetic_rongorongo_like,
tablet_010,190,13,g009,g009,normal,synthetic_rongorongo_like,
tablet_010,190,14,g062,g062,normal,synthetic_rongorongo_like,
tablet_010,190,15,g021,g021,normal,synthetic_rongorongo_like,
tablet_010,190,16,g003,g003,normal,synthetic_rongorongo_like,
tablet_010,190,17,g003,g003,normal,synthetic_rongorongo_like,
tablet_010,190,18,g061,g061,normal,synthetic_rongorongo_like,
tablet_010,190,19,g021,g021,normal,synthetic_rongorongo_like,
tablet_010,190,20,g061,g061,normal,synthetic_rongorongo_like,
tablet_010,190,21,g002,g002,normal,synthetic_rongorongo_like,
tablet_010,190,22,g021,g021,normal,synthetic_rongorongo_like,
tablet_010,190,23,g021,g021,normal,synthetic_rongorongo_like,
tablet_010,190,24,g001,g001,normal,synthetic_rongorongo_like,
tablet_010,190,25,g063,g063,normal,synthetic_rongorongo_like,
tablet_010,190,26,g021,g021,normal,synthetic_rongorongo_like,
tablet_010,190,27,g006,g006,normal,synthetic_rongorongo_like,
tablet_010,190,28,g021,g021,normal,synthetic_rongorongo_like,
tablet_010,190,29,g021,g021,normal,synthetic_rongorongo_like,
tablet_010,190,30,g007,g007,normal,synthetic_rongorongo_like,
tablet_010,190,31,g007,g007,normal,synthetic_rongorongo_like,
tablet_010,190,32,g001,g001,normal,synthetic_rongorongo_like,
tablet_010,190,33,g069,g069,normal,synthetic_rongorongo_like,
tablet_010,190,34,g069,g069,normal,synthetic_rongorongo_like,
tablet_010,190,35,g001,g001,normal,synthetic_rongorongo_like,
tablet_010,190,36,g001,g001,normal,synthetic_rongorongo_like,
tablet_010,190,37,g021,g021,normal,synthetic_rongorongo_like,
tablet_010,190,38,g001,g001,normal,synthetic_rongorongo_like,
tablet_010,190,39,g001,g001,normal,synthetic_rongorongo_like,
tablet_010,190,40,g002,g002,normal,synthetic_rongorongo_like,
tablet_010,191,1,g014,g014,normal,synthetic_rongorongo_like,
tablet_010,191,2,g064,g064,normal,synthetic_rongorongo_like,
tablet_010,191,3,g061,g061,normal,synthetic_rongorongo_like,
tablet_010,191,4,g007,g007,normal,synthetic_rongorongo_like,
tablet_010,191,5,g019,g019,normal,synthetic_rongorongo_like,
tablet_010,191,6,g022,g022,normal,synthetic_rongorongo_like,
tablet_010,191,7,g022,g022,normal,synthetic_rongorongo_like,
tablet_010,191,8,g003,g003,normal,synthetic_rongorongo_like,
tablet_010,191,9,g022,g022,normal,synthetic_rongorongo_like,
tablet_010,191,10,g001,g001,normal,synthetic_rongorongo_like,
tablet_010,191,11,g001,g001,normal,synthetic_rongorongo_like,
tablet_010,191,12,g001,g001,normal,synthetic_rongorongo_like,
tablet_010,191,13,g063,g063,normal,synthetic_rongorongo_like,
tablet_010,191,14,g063,g063,normal,synthetic_rongorongo_like,
tablet_010,191,15,g063,g063,normal,synthetic_rongorongo_like,
tablet_010,191,16,g021,g021,normal,synthetic_rongorongo_like,
tablet_010,191,17,g021,g021,normal,synthetic_rongorongo_like,
tablet_010,191,18,g021,g021,normal,synthetic_rongorongo_like,
tablet_010,191,19,g062,g062,normal,synthetic_rongorongo_like,
tablet_010,191,20,g062,g062,normal,synthetic_rongorongo_like,
tablet_010,191,21,g001,g001,normal,synthetic_rongorongo_like,
tablet_010,191,22,g061,g061,normal,synthetic_rongorongo_like,
tablet_010,191,23,g062,g062,normal,synthetic_rongorongo_like,
tablet_010,191,24,g001,g001,normal,synthetic_rongorongo_like,
tablet_010,191,25,g001,g001,normal,synthetic_rongorongo_like,
tablet_010,191,26,g001,g001,normal,synthetic_rongorongo_like,
tablet_010,191,27,g001,g001,normal,synthetic_rongorongo_like,
tablet_010,191,28,g001,g001,normal,synthetic_rongorongo_like,
tablet_010,191,29,g001,g001,normal,synthetic_rongorongo_like,
tablet_010,191,30,g082,g082,normal,synthetic_rongorongo_like,
tablet_010,191,31,g021,g021,normal,synthetic_rongorongo_like,
tablet_010,191,32,g001,g001,normal,synthetic_rongorongo_like,
tablet_010,191,33,g006,g006,normal,synthetic_rongorongo_like,
tablet_010,191,34,g022,g022,normal,synthetic_rongorongo_like,
tablet_010,191,35,g001,g001,normal,synthetic_rongorongo_like,
tablet_010,191,36,g021,g021,normal,synthetic_rongorongo_like,
tablet_010,191,37,g021,g021,normal,synthetic_rongorongo_like,
tablet_010,191,38,g002,g002,normal,synthetic_rongorongo_like,
tablet_010,191,39,g063,g063,normal,synthetic_rongorongo_like,
tablet_010,191,40,g086,g086,normal,synthetic_rongorongo_like,
tablet_010,192,1,g002,g002,normal,synthetic_rongorongo_like,
tablet_010,192,2,g002,g002,normal,synthetic_rongorongo_like,
tablet_010,192,3,g002,g002,normal,synthetic_rongorongo_like,
tablet_010,192,4,g003,g003,normal,synthetic_rongorongo_like,
tablet_010,192,5,g006,g006,normal,synthetic_rongorongo_like,
tablet_010,192,6,g064,g064,normal,synthetic_rongorongo_like,
tablet_010,192,7,g008,g008,normal,synthetic_rongorongo_like,
tablet_010,192,8,g035,g035,normal,synthetic_rongorongo_like,
tablet_010,192,9,g009,g009,normal,synthetic_rongorongo_like,
tablet_010,192,10,g028,g028,normal,synthetic_rongorongo_like,
tablet_010,192,11,g028,g028,normal,synthetic_rongorongo_like,
tablet_010,192,12,g015,g015,normal,synthetic_rongorongo_like,
tablet_010,192,13,g024,g024,normal,synthetic_rongorongo_like,
tablet_010,192,14,g022,g022,normal,synthetic_rongorongo_like,
tablet_010,192,15,g021,g021,normal,synthetic_rongorongo_like,
tablet_010,192,16,g032,g032,normal,synthetic_rongorongo_like,
tablet_010,192,17,g003,g003,normal,synthetic_rongorongo_like,
tablet_010,192,18,g023,g023,normal,synthetic_rongorongo_like,
tablet_010,192,19,g023,g023,normal,synthetic_rongorongo_like,
tablet_010,192,20,g023,g023,normal,synthetic_rongorongo_like,
tablet_010,192,21,g014,g014,normal,synthetic_rongorongo_like,
tablet_010,192,22,g004,g004,normal,synthetic_rongorongo_like,
tablet_010,192,23,g021,g021,normal,synthetic_rongorongo_like,
tablet_010,192,24,g021,g021,normal,synthetic_rongorongo_like,
tablet_010,192,25,g064,g064,normal,synthetic_rongorongo_like,
tablet_010,192,26,g114,g114,normal,synthetic_rongorongo_like,
tablet_010,192,27,g061,g061,normal,synthetic_rongorongo_like,
tablet_010,192,28,g061,g061,normal,synthetic_rongorongo_like,
tablet_010,192,29,g061,g061,normal,synthetic_rongorongo_like,
tablet_010,192,30,g110,g110,normal,synthetic_rongorongo_like,
tablet_010,192,31,g061,g061,normal,synthetic_rongorongo_like,
tablet_010,192,32,g006,g006,normal,synthetic_rongorongo_like,
tablet_010,192,33,g023,g023,normal,synthetic_rongorongo_like,
tablet_010,192,34,g001,g001,normal,synthetic_rongorongo_like,
tablet_010,192,35,g001,g001,normal,synthetic_rongorongo_like,
tablet_010,192,36,g001,g001,normal,synthetic_rongorongo_like,
tablet_010,192,37,g011,g011,normal,synthetic_rongorongo_like,
tablet_010,192,38,g002,g002,normal,synthetic_rongorongo_like,
tablet_010,192,39,g062,g062,normal,synthetic_rongorongo_like,
tablet_010,192,40,g061,g061,normal,synthetic_rongorongo_like,
tablet_010,193,1,g001,g001,normal,synthetic_rongorongo_like,
tablet_010,193,2,g061,g061,normal,synthetic_rongorongo_like,
tablet_010,193,3,g061,g061,normal,synthetic_rongorongo_like,
tablet_010,193,4,g003,g003,normal,synthetic_rongorongo_like,
tablet_010,193,5,g024,g024,normal,synthetic_rongorongo_like,
tablet_010,193,6,g001,g001,normal,synthetic_rongorongo_like,
tablet_010,193,7,g021,g021,normal,synthetic_rongorongo_like,
tablet_010,193,8,g021,g021,normal,synthetic_rongorongo_like,
tablet_010,193,9,g062,g062,normal,synthetic_rongorongo_like,
tablet_010,193,10,g062,g062,normal,synthetic_rongorongo_like,
tablet_010,193,11,g001,g001,normal,synthetic_rongorongo_like,
tablet_010,193,12,g001,g001,normal,synthetic_rongorongo_like,
tablet_010,193,13,g001,g001,normal,synthetic_rongorongo_like,
tablet_010,193,14,g001,g001,normal,synthetic_rongorongo_like,
tablet_010,193,15,g001,g001,normal,synthetic_rongorongo_like,
tablet_010,193,16,g021,g021,normal,synthetic_rongorongo_like,
tablet_010,193,17,g021,g021,normal,synthetic_rongorongo_like,
tablet_010,193,18,g062,g062,normal,synthetic_rongorongo_like,
tablet_010,193,19,g062,g062,normal,synthetic_rongorongo_like,
tablet_010,193,20,g015,g015,normal,synthetic_rongorongo_like,
tablet_010,193,21,g002,g002,normal,synthetic_rongorongo_like,
tablet_010,193,22,g002,g002,normal,synthetic_rongorongo_like,
tablet_010,193,23,g021,g021,normal,synthetic_rongorongo_like,
tablet_010,193,24,g021,g021,normal,synthetic_rongorongo_like,
tablet_010,193,25,g021,g021,normal,synthetic_rongorongo_like,
tablet_010,193,26,g023,g023,normal,synthetic_rongorongo_like,
tablet_010,193,27,g004,g004,normal,synthetic_rongorongo_like,
tablet_010,193,28,g002,g002,normal,synthetic_rongorongo_like,
tablet_010,193,29,g002,g002,normal,synthetic_rongorongo_like,
tablet_010,193,30,g029,g029,normal,synthetic_rongorongo_like,
tablet_010,193,31,g064,g064,normal,synthetic_rongorongo_like,
tablet_010,193,32,g061,g061,normal,synthetic_rongorongo_like,
tablet_010,193,33,g001,g001,normal,synthetic_rongorongo_like,
tablet_010,193,34,g001,g001,normal,synthetic_rongorongo_like,
tablet_010,193,35,g057,g057,normal,synthetic_rongorongo_like,
tablet_010,193,36,g071,g071,normal,synthetic_rongorongo_like,
tablet_010,193,37,g027,g027,normal,synthetic_rongorongo_like,
tablet_010,193,38,g027,g027,normal,synthetic_rongorongo_like,
tablet_010,193,39,g027,g027,normal,synthetic_rongorongo_like,
tablet_010,193,40,g068,g068,normal,synthetic_rongorongo_like,
tablet_010,194,1,g017,g017,normal,synthetic_rongorongo_like,
tablet_010,194,2,g061,g061,normal,synthetic_rongorongo_like,
tablet_010,194,3,g003,g003,normal,synthetic_rongorongo_like,
tablet_010,194,4,g001,g001,normal,synthetic_rongorongo_like,
tablet_010,194,5,g016,g016,normal,synthetic_rongorongo_like,
tablet_010,194,6,g031,g031,normal,synthetic_rongorongo_like,
tablet_010,194,7,g001,g001,normal,synthetic_rongorongo_like,
tablet_010,194,8,g001,g001,normal,synthetic_rongorongo_like,
tablet_010,194,9,g001,g001,normal,synthetic_rongorongo_like,
tablet_010,194,10,g021,g021,normal,synthetic_rongorongo_like,
tablet_010,194,11,g015,g015,normal,synthetic_rongorongo_like,
tablet_010,194,12,g021,g021,normal,synthetic_rongorongo_like,
tablet_010,194,13,g006,g006,normal,synthetic_rongorongo_like,
tablet_010,194,14,g063,g063,normal,synthetic_rongorongo_like,
tablet_010,194,15,g021,g021,normal,synthetic_rongorongo_like,
tablet_010,194,16,g001,g001,normal,synthetic_rongorongo_like,
tablet_010,194,17,g002,g002,normal,synthetic_rongorongo_like,
tablet_010,194,18,g002,g002,normal,synthetic_rongorongo_like,
tablet_010,194,19,g001,g001,normal,synthetic_rongorongo_like,
tablet_010,194,20,g001,g001,normal,synthetic_rongorongo_like,
tablet_010,194,21,g001,g001,normal,synthetic_rongorongo_like,
tablet_010,194,22,g005,g005,normal,synthetic_rongorongo_like,
tablet_010,194,23,g029,g029,normal,synthetic_rongorongo_like,
tablet_010,194,24,g024,g024,normal,synthetic_rongorongo_like,
tablet_010,194,25,g005,g005,normal,synthetic_rongorongo_like,
tablet_010,194,26,g061,g061,normal,synthetic_rongorongo_like,
tablet_010,194,27,g006,g006,normal,synthetic_rongorongo_like,
tablet_010,194,28,g021,g021,normal,synthetic_rongorongo_like,
tablet_010,194,29,g001,g001,normal,synthetic_rongorongo_like,
tablet_010,194,30,g018,g018,normal,synthetic_rongorongo_like,
tablet_010,194,31,g004,g004,normal,synthetic_rongorongo_like,
tablet_010,194,32,g003,g003,normal,synthetic_rongorongo_like,
tablet_010,194,33,g001,g001,normal,synthetic_rongorongo_like,
tablet_010,194,34,g022,g022,normal,synthetic_rongorongo_like,
tablet_010,194,35,g061,g061,normal,synthetic_rongorongo_like,
tablet_010,194,36,g061,g061,normal,synthetic_rongorongo_like,
tablet_010,194,37,g061,g061,normal,synthetic_rongorongo_like,
tablet_010,194,38,g021,g021,normal,synthetic_rongorongo_like,
tablet_010,194,39,g021,g021,normal,synthetic_rongorongo_like,
tablet_010,194,40,g021,g021,normal,synthetic_rongorongo_like,
tablet_010,195,1,g001,g001,normal,synthetic_rongorongo_like,
tablet_010,195,2,g006,g006,normal,synthetic_rongorongo_like,
tablet_010,195,3,g013,g013,normal,synthetic_rongorongo_like,
tablet_010,195,4,g006,g006,normal,synthetic_rongorongo_like,
tablet_010,195,5,g005,g005,normal,synthetic_rongorongo_like,
tablet_010,195,6,g005,g005,normal,synthetic_rongorongo_like,
tablet_010,195,7,g020,g020,normal,synthetic_rongorongo_like,
tablet_010,195,8,g020,g020,normal,synthetic_rongorongo_like,
tablet_010,195,9,g061,g061,normal,synthetic_rongorongo_like,
tablet_010,195,10,g006,g006,normal,synthetic_rongorongo_like,
tablet_010,195,11,g001,g001,normal,synthetic_rongorongo_like,
tablet_010,195,12,g018,g018,normal,synthetic_rongorongo_like,
tablet_010,195,13,g003,g003,normal,synthetic_rongorongo_like,
tablet_010,195,14,g027,g027,normal,synthetic_rongorongo_like,
tablet_010,195,15,g027,g027,normal,synthetic_rongorongo_like,
tablet_010,195,16,g021,g021,normal,synthetic_rongorongo_like,
tablet_010,195,17,g062,g062,normal,synthetic_rongorongo_like,
tablet_010,195,18,g001,g001,normal,synthetic_rongorongo_like,
tablet_010,195,19,g007,g007,normal,synthetic_rongorongo_like,
tablet_010,195,20,g007,g007,normal,synthetic_rongorongo_like,
tablet_010,195,21,g062,g062,normal,synthetic_rongorongo_like,
tablet_010,195,22,g039,g039,normal,synthetic_rongorongo_like,
tablet_010,195,23,g021,g021,normal,synthetic_rongorongo_like,
tablet_010,195,24,g021,g021,normal,synthetic_rongorongo_like,
tablet_010,195,25,g022,g022,normal,synthetic_rongorongo_like,
tablet_010,195,26,g022,g022,normal,synthetic_rongorongo_like,
tablet_010,195,27,g013,g013,normal,synthetic_rongorongo_like,
tablet_010,195,28,g013,g013,normal,synthetic_rongorongo_like,
tablet_010,195,29,g021,g021,normal,synthetic_rongorongo_like,
tablet_010,195,30,g021,g021,normal,synthetic_rongorongo_like,
tablet_010,195,31,g021,g021,normal,synthetic_rongorongo_like,
tablet_010,195,32,g021,g021,normal,synthetic_rongorongo_like,
tablet_010,195,33,g007,g007,normal,synthetic_rongorongo_like,
tablet_010,195,34,g020,g020,normal,synthetic_rongorongo_like,
tablet_010,195,35,g011,g011,normal,synthetic_rongorongo_like,
tablet_010,195,36,g011,g011,normal,synthetic_rongorongo_like,
tablet_010,195,37,g001,g001,normal,synthetic_rongorongo_like,
tablet_010,195,38,g001,g001,normal,synthetic_rongorongo_like,
tablet_010,195,39,g001,g001,normal,synthetic_rongorongo_like,
tablet_010,195,40,g061,g061,normal,synthetic_rongorongo_like,
tablet_010,196,1,g002,g002,normal,synthetic_rongorongo_like,
tablet_010,196,2,g008,g008,normal,synthetic_rongorongo_like,
tablet_010,196,3,g021,g021,normal,synthetic_rongorongo_like,
tablet_010,196,4,g065,g065,normal,synthetic_rongorongo_like,
tablet_010,196,5,g081,g081,normal,synthetic_rongorongo_like,
tablet_010,196,6,g004,g004,normal,synthetic_rongorongo_like,
tablet_010,196,7,g023,g023,normal,synthetic_rongorongo_like,
tablet_010,196,8,g021,g021,normal,synthetic_rongorongo_like,
tablet_010,196,9,g062,g062,normal,synthetic_rongorongo_like,
tablet_010,196,10,g006,g006,normal,synthetic_rongorongo_like,
tablet_010,196,11,g001,g001,normal,synthetic_rongorongo_like,
tablet_010,196,12,g008,g008,normal,synthetic_rongorongo_like,
tablet_010,196,13,g021,g021,normal,synthetic_rongorongo_like,
tablet_010,196,14,g021,g021,normal,synthetic_rongorongo_like,
tablet_010,196,15,g027,g027,normal,synthetic_rongorongo_like,
tablet_010,196,16,g021,g021,normal,synthetic_rongorongo_like,
tablet_010,196,17,g011,g011,normal,synthetic_rongorongo_like,
tablet_010,196,18,g011,g011,normal,synthetic_rongorongo_like,
tablet_010,196,19,g001,g001,normal,synthetic_rongorongo_like,
tablet_010,196,20,g001,g001,normal,synthetic_rongorongo_like,
tablet_010,196,21,g025,g025,normal,synthetic_rongorongo_like,
tablet_010,196,22,g004,g004,normal,synthetic_rongorongo_like,
tablet_010,196,23,g004,g004,normal,synthetic_rongorongo_like,
tablet_010,196,24,g004,g004,normal,synthetic_rongorongo_like,
tablet_010,196,25,g023,g023,normal,synthetic_rongorongo_like,
tablet_010,196,26,g023,g023,normal,synthetic_rongorongo_like,
tablet_010,196,27,g004,g004,normal,synthetic_rongorongo_like,
tablet_010,196,28,g009,g009,normal,synthetic_rongorongo_like,
tablet_010,196,29,g025,g025,normal,synthetic_rongorongo_like,
tablet_010,196,30,g061,g061,normal,synthetic_rongorongo_like,
tablet_010,196,31,g061,g061,normal,synthetic_rongorongo_like,
tablet_010,196,32,g073,g073,normal,synthetic_rongorongo_like,
tablet_010,196,33,g061,g061,normal,synthetic_rongorongo_like,
tablet_010,196,34,g021,g021,normal,synthetic_rongorongo_like,
tablet_010,196,35,g023,g023,normal,synthetic_rongorongo_like,
tablet_010,196,36,g003,g003,normal,synthetic_rongorongo_like,
tablet_010,196,37,g061,g061,normal,synthetic_rongorongo_like,
tablet_010,196,38,g061,g061,normal,synthetic_rongorongo_like,
tablet_010,196,39,g061,g061,normal,synthetic_rongorongo_like,
tablet_010,196,40,g061,g061,normal,synthetic_rongorongo_like,
tablet_010,197,1,g071,g071,normal,synthetic_rongorongo_like,
tablet_010,197,2,g001,g001,normal,synthetic_rongorongo_like,
tablet_010,197,3,g002,g002,normal,synthetic_rongorongo_like,
tablet_010,197,4,g002,g002,normal,synthetic_rongorongo_like,
tablet_010,197,5,g021,g021,normal,synthetic_rongorongo_like,
tablet_010,197,6,g021,g021,normal,synthetic_rongorongo_like,
tablet_010,197,7,g021,g021,normal,synthetic_rongorongo_like,
tablet_010,197,8,g013,g013,normal,synthetic_rongorongo_like,
tablet_010,197,9,g013,g013,normal,synthetic_rongorongo_like,
tablet_010,197,10,g013,g013,normal,synthetic_rongorongo_like,
tablet_010,197,11,g021,g021,normal,synthetic_rongorongo_like,
tablet_010,197,12,g021,g021,normal,synthetic_rongorongo_like,
tablet_010,197,13,g021,g021,normal,synthetic_rongorongo_like,
tablet_010,197,14,g022,g022,normal,synthetic_rongorongo_like,
tablet_010,197,15,g021,g021,normal,synthetic_rongorongo_like,
tablet_010,197,16,g001,g001,normal,synthetic_rongorongo_like,
tablet_010,197,17,g001,g001,normal,synthetic_rongorongo_like,
tablet_010,197,18,g061,g061,normal,synthetic_rongorongo_like,
tablet_010,197,19,g002,g002,normal,synthetic_rongorongo_like,
tablet_010,197,20,g068,g068,normal,synthetic_rongorongo_like,
tablet_010,197,21,g021,g021,normal,synthetic_rongorongo_like,
tablet_010,197,22,g021,g021,normal,synthetic_rongorongo_like,
tablet_010,197,23,g021,g021,normal,synthetic_rongorongo_like,
tablet_010,197,24,g001,g001,normal,synthetic_rongorongo_like,
tablet_010,197,25,g071,g071,normal,synthetic_rongorongo_like,
tablet_010,197,26,g021,g021,normal,synthetic_rongorongo_like,
tablet_010,197,27,g007,g007,normal,synthetic_rongorongo_like,
tablet_010,197,28,g007,g007,normal,synthetic_rongorongo_like,
tablet_010,197,29,g007,g007,normal,synthetic_rongorongo_like,
tablet_010,197,30,g021,g021,normal,synthetic_rongorongo_like,
tablet_010,197,31,g002,g002,normal,synthetic_rongorongo_like,
tablet_010,197,32,g024,g024,normal,synthetic_rongorongo_like,
tablet_010,197,33,g021,g021,normal,synthetic_rongorongo_like,
tablet_010,197,34,g022,g022,normal,synthetic_rongorongo_like,
tablet_010,197,35,g062,g062,normal,synthetic_rongorongo_like,
tablet_010,197,36,g003,g003,normal,synthetic_rongorongo_like,
tablet_010,197,37,g022,g022,normal,synthetic_rongorongo_like,
tablet_010,197,38,g028,g028,normal,synthetic_rongorongo_like,
tablet_010,197,39,g027,g027,normal,synthetic_rongorongo_like,
tablet_010,197,40,g021,g021,normal,synthetic_rongorongo_like,
tablet_010,198,1,g022,g022,normal,synthetic_rongorongo_like,
tablet_010,198,2,g022,g022,normal,synthetic_rongorongo_like,
tablet_010,198,3,g022,g022,normal,synthetic_rongorongo_like,
tablet_010,198,4,g021,g021,normal,synthetic_rongorongo_like,
tablet_010,198,5,g021,g021,normal,synthetic_rongorongo_like,
tablet_010,198,6,g021,g021,normal,synthetic_rongorongo_like,
tablet_010,198,7,g047,g047,normal,synthetic_rongorongo_like,
tablet_010,198,8,g001,g001,normal,synthetic_rongorongo_like,
tablet_010,198,9,g030,g030,normal,synthetic_rongorongo_like,
tablet_010,198,10,g027,g027,normal,synthetic_rongorongo_like,
tablet_010,198,11,g027,g027,normal,synthetic_rongorongo_like,
tablet_010,198,12,g027,g027,normal,synthetic_rongorongo_like,
tablet_010,198,13,g033,g033,normal,synthetic_rongorongo_like,
tablet_010,198,14,g001,g001,normal,synthetic_rongorongo_like,
tablet_010,198,15,g021,g021,normal,synthetic_rongorongo_like,
tablet_010,198,16,g002,g002,normal,synthetic_rongorongo_like,
tablet_010,198,17,g002,g002,normal,synthetic_rongorongo_like,
tablet_010,198,18,g002,g002,normal,synthetic_rongorongo_like,
tablet_010,198,19,g016,g016,normal,synthetic_rongorongo_like,
tablet_010,198,20,g012,g012,normal,synthetic_rongorongo_like,
tablet_010,198,21,g001,g001,normal,synthetic_rongorongo_like,
tablet_010,198,22,g011,g011,normal,synthetic_rongorongo_like,
tablet_010,198,23,g021,g021,normal,synthetic_rongorongo_like,
tablet_010,198,24,g022,g022,normal,synthetic_rongorongo_like,
tablet_010,198,25,g003,g003,normal,synthetic_rongorongo_like,
tablet_010,198,26,g063,g063,normal,synthetic_rongorongo_like,
tablet_010,198,27,g025,g025,normal,synthetic_rongorongo_like,
tablet_010,198,28,g020,g020,normal,synthetic_rongorongo_like,
tablet_010,198,29,g071,g071,normal,synthetic_rongorongo_like,
tablet_010,198,30,g004,g004,normal,synthetic_rongorongo_like,
tablet_010,198,31,g024,g024,normal,synthetic_rongorongo_like,
tablet_010,198,32,g022,g022,normal,synthetic_rongorongo_like,
tablet_010,198,33,g022,g022,normal,synthetic_rongorongo_like,
tablet_010,198,34,g021,g021,normal,synthetic_rongorongo_like,
tablet_010,198,35,g021,g021,normal,synthetic_rongorongo_like,
tablet_010,198,36,g062,g062,normal,synthetic_rongorongo_like,
tablet_010,198,37,g062,g062,normal,synthetic_rongorongo_like,
tablet_010,198,38,g001,g001,normal,synthetic_rongorongo_like,
tablet_010,198,39,g003,g003,normal,synthetic_rongorongo_like,
tablet_010,198,40,g011,g011,normal,synthetic_rongorongo_like,
tablet_010,199,1,g002,g002,normal,synthetic_rongorongo_like,
tablet_010,199,2,g061,g061,normal,synthetic_rongorongo_like,
tablet_010,199,3,g022,g022,normal,synthetic_rongorongo_like,
tablet_010,199,4,g002,g002,normal,synthetic_rongorongo_like,
tablet_010,199,5,g021,g021,normal,synthetic_rongorongo_like,
tablet_010,199,6,g001,g001,normal,synthetic_rongorongo_like,
tablet_010,199,7,g002,g002,normal,synthetic_rongorongo_like,
tablet_010,199,8,g068,g068,normal,synthetic_rongorongo_like,
tablet_010,199,9,g011,g011,normal,synthetic_rongorongo_like,
tablet_010,199,10,g009,g009,normal,synthetic_rongorongo_like,
tablet_010,199,11,g001,g001,normal,synthetic_rongorongo_like,
tablet_010,199,12,g001,g001,normal,synthetic_rongorongo_like,
tablet_010,199,13,g062,g062,normal,synthetic_rongorongo_like,
tablet_010,199,14,g062,g062,normal,synthetic_rongorongo_like,
tablet_010,199,15,g062,g062,normal,synthetic_rongorongo_like,
tablet_010,199,16,g006,g006,normal,synthetic_rongorongo_like,
tablet_010,199,17,g045,g045,normal,synthetic_rongorongo_like,
tablet_010,199,18,g066,g066,normal,synthetic_rongorongo_like,
tablet_010,199,19,g021,g021,normal,synthetic_rongorongo_like,
tablet_010,199,20,g061,g061,normal,synthetic_rongorongo_like,
tablet_010,199,21,g001,g001,normal,synthetic_rongorongo_like,
tablet_010,199,22,g063,g063,normal,synthetic_rongorongo_like,
tablet_010,199,23,g001,g001,normal,synthetic_rongorongo_like,
tablet_010,199,24,g001,g001,normal,synthetic_rongorongo_like,
tablet_010,199,25,g025,g025,normal,synthetic_rongorongo_like,
tablet_010,199,26,g077,g077,normal,synthetic_rongorongo_like,
tablet_010,199,27,g010,g010,normal,synthetic_rongorongo_like,
tablet_010,199,28,g010,g010,normal,synthetic_rongorongo_like,
tablet_010,199,29,g010,g010,normal,synthetic_rongorongo_like,
tablet_010,199,30,g002,g002,normal,synthetic_rongorongo_like,
tablet_010,199,31,g062,g062,normal,synthetic_rongorongo_like,
tablet_010,199,32,g061,g061,normal,synthetic_rongorongo_like,
tablet_010,199,33,g003,g003,normal,synthetic_rongorongo_like,
tablet_010,199,34,g004,g004,normal,synthetic_rongorongo_like,
tablet_010,199,35,g012,g012,normal,synthetic_rongorongo_like,
tablet_010,199,36,g012,g012,normal,synthetic_rongorongo_like,
tablet_010,199,37,g013,g013,normal,synthetic_rongorongo_like,
tablet_010,199,38,g001,g001,normal,synthetic_rongorongo_like,
tablet_010,199,39,g001,g001,normal,synthetic_rongorongo_like,
tablet_010,199,40,g020,g020,normal,synthetic_rongorongo_like,
tablet_010,200,1,g005,g005,normal,synthetic_rongorongo_like,
tablet_010,200,2,g021,g021,normal,synthetic_rongorongo_like,
tablet_010,200,3,g021,g021,normal,synthetic_rongorongo_like,
tablet_010,200,4,g003,g003,normal,synthetic_rongorongo_like,
tablet_010,200,5,g026,g026,normal,synthetic_rongorongo_like,
tablet_010,200,6,g001,g001,normal,synthetic_rongorongo_like,
tablet_010,200,7,g002,g002,normal,synthetic_rongorongo_like,
tablet_010,200,8,g062,g062,normal,synthetic_rongorongo_like,
tablet_010,200,9,g023,g023,normal,synthetic_rongorongo_like,
tablet_010,200,10,g023,g023,normal,synthetic_rongorongo_like,
tablet_010,200,11,g002,g002,normal,synthetic_rongorongo_like,
tablet_010,200,12,g021,g021,normal,synthetic_rongorongo_like,
tablet_010,200,13,g023,g023,normal,synthetic_rongorongo_like,
tablet_010,200,14,g061,g061,normal,synthetic_rongorongo_like,
tablet_010,200,15,g021,g021,normal,synthetic_rongorongo_like,
tablet_010,200,16,g068,g068,normal,synthetic_rongorongo_like,
tablet_010,200,17,g003,g003,normal,synthetic_rongorongo_like,
tablet_010,200,18,g003,g003,normal,synthetic_rongorongo_like,
tablet_010,200,19,g005,g005,normal,synthetic_rongorongo_like,
tablet_010,200,20,g021,g021,normal,synthetic_rongorongo_like,
tablet_010,200,21,g021,g021,normal,synthetic_rongorongo_like,
tablet_010,200,22,g021,g021,normal,synthetic_rongorongo_like,
tablet_010,200,23,g062,g062,normal,synthetic_rongorongo_like,
tablet_010,200,24,g021,g021,normal,synthetic_rongorongo_like,
tablet_010,200,25,g001,g001,normal,synthetic_rongorongo_like,
tablet_010,200,26,g001,g001,normal,synthetic_rongorongo_like,
tablet_010,200,27,g003,g003,normal,synthetic_rongorongo_like,
tablet_010,200,28,g026,g026,normal,synthetic_rongorongo_like,
tablet_010,200,29,g026,g026,normal,synthetic_rongorongo_like,
tablet_010,200,30,g003,g003,normal,synthetic_rongorongo_like,
tablet_010,200,31,g003,g003,normal,synthetic_rongorongo_like,
tablet_010,200,32,g064,g064,normal,synthetic_rongorongo_like,
tablet_010,200,33,g064,g064,normal,synthetic_rongorongo_like,
tablet_010,200,34,g064,g064,normal,synthetic_rongorongo_like,
tablet_010,200,35,g030,g030,normal,synthetic_rongorongo_like,
tablet_010,200,36,g030,g030,normal,synthetic_rongorongo_like,
tablet_010,200,37,g030,g030,normal,synthetic_rongorongo_like,
tablet_010,200,38,g021,g021,normal,synthetic_rongorongo_like,
tablet_010,200,39,g070,g070,normal,synthetic_rongorongo_like,
tablet_010,200,40,g014,g014,normal,synthetic_rongorongo_like,
tablet_011,201,1,g008,g008,normal,synthetic_rongorongo_like,
tablet_011,201,2,g003,g003,normal,synthetic_rongorongo_like,
tablet_011,201,3,g022,g022,normal,synthetic_rongorongo_like,
tablet_011,201,4,g021,g021,normal,synthetic_rongorongo_like,
tablet_011,201,5,g021,g021,normal,synthetic_rongorongo_like,
tablet_011,201,6,g001,g001,normal,synthetic_rongorongo_like,
tablet_011,201,7,g002,g002,normal,synthetic_rongorongo_like,
tablet_011,201,8,g023,g023,normal,synthetic_rongorongo_like,
tablet_011,201,9,g002,g002,normal,synthetic_rongorongo_like,
tablet_011,201,10,g065,g065,normal,synthetic_rongorongo_like,
tablet_011,201,11,g005,g005,normal,synthetic_rongorongo_like,
tablet_011,201,12,g007,g007,normal,synthetic_rongorongo_like,
tablet_011,201,13,g002,g002,normal,synthetic_rongorongo_like,
tablet_011,201,14,g027,g027,normal,synthetic_rongorongo_like,
tablet_011,201,15,g005,g005,normal,synthetic_rongorongo_like,
tablet_011,201,16,g061,g061,normal,synthetic_rongorongo_like,
tablet_011,201,17,g061,g061,normal,synthetic_rongorongo_like,
tablet_011,201,18,g001,g001,normal,synthetic_rongorongo_like,
tablet_011,201,19,g021,g021,normal,synthetic_rongorongo_like,
tablet_011,201,20,g003,g003,normal,synthetic_rongorongo_like,
tablet_011,201,21,g001,g001,normal,synthetic_rongorongo_like,
tablet_011,201,22,g001,g001,normal,synthetic_rongorongo_like,
tablet_011,201,23,g001,g001,normal,synthetic_rongorongo_like,
tablet_011,201,24,g021,g021,normal,synthetic_rongorongo_like,
tablet_011,201,25,g001,g001,normal,synthetic_rongorongo_like,
tablet_011,201,26,g024,g024,normal,synthetic_rongorongo_like,
tablet_011,201,27,g021,g021,normal,synthetic_rongorongo_like,
tablet_011,201,28,g002,g002,normal,synthetic_rongorongo_like,
tablet_011,201,29,g011,g011,normal,synthetic_rongorongo_like,
tablet_011,201,30,g009,g009,normal,synthetic_rongorongo_like,
tablet_011,201,31,g022,g022,normal,synthetic_rongorongo_like,
tablet_011,201,32,g011,g011,normal,synthetic_rongorongo_like,
tablet_011,201,33,g011,g011,normal,synthetic_rongorongo_like,
tablet_011,201,34,g002,g002,normal,synthetic_rongorongo_like,
tablet_011,201,35,g002,g002,normal,synthetic_rongorongo_like,
tablet_011,201,36,g004,g004,normal,synthetic_rongorongo_like,
tablet_011,201,37,g061,g061,normal,synthetic_rongorongo_like,
tablet_011,201,38,g061,g061,normal,synthetic_rongorongo_like,
tablet_011,201,39,g003,g003,normal,synthetic_rongorongo_like,
tablet_011,201,40,g061,g061,normal,synthetic_rongorongo_like,
tablet_011,202,1,g022,g022,normal,synthetic_rongorongo_like,
tablet_011,202,2,g061,g061,normal,synthetic_rongorongo_like,
tablet_011,202,3,g061,g061,normal,synthetic_rongorongo_like,
tablet_011,202,4,g021,g021,normal,synthetic_rongorongo_like,
tablet_011,202,5,g026,g026,normal,synthetic_rongorongo_like,
tablet_011,202,6,g004,g004,normal,synthetic_rongorongo_like,
tablet_011,202,7,g118,g118,normal,synthetic_rongorongo_like,
tablet_011,202,8,g001,g001,normal,synthetic_rongorongo_like,
tablet_011,202,9,g057,g057,normal,synthetic_rongorongo_like,
tablet_011,202,10,g018,g018,normal,synthetic_rongorongo_like,
tablet_011,202,11,g003,g003,normal,synthetic_rongorongo_like,
tablet_011,202,12,g018,g018,normal,synthetic_rongorongo_like,
tablet_011,202,13,g018,g018,normal,synthetic_rongorongo_like,
tablet_011,202,14,g054,g054,normal,synthetic_rongorongo_like,
tablet_011,202,15,g026,g026,normal,synthetic_rongorongo_like,
tablet_011,202,16,g026,g026,normal,synthetic_rongorongo_like,
tablet_011,202,17,g003,g003,normal,synthetic_rongorongo_like,
tablet_011,202,18,g061,g061,normal,synthetic_rongorongo_like,
tablet_011,202,19,g061,g061,normal,synthetic_rongorongo_like,
tablet_011,202,20,g026,g026,normal,synthetic_rongorongo_like,
tablet_011,202,21,g061,g061,normal,synthetic_rongorongo_like,
tablet_011,202,22,g096,g096,normal,synthetic_rongorongo_like,
tablet_011,202,23,g096,g096,normal,synthetic_rongorongo_like,
tablet_011,202,24,g061,g061,normal,synthetic_rongorongo_like,
tablet_011,202,25,g003,g003,normal,synthetic_rongorongo_like,
tablet_011,202,26,g006,g006,normal,synthetic_rongorongo_like,
tablet_011,202,27,g008,g008,normal,synthetic_rongorongo_like,
tablet_011,202,28,g061,g061,normal,synthetic_rongorongo_like,
tablet_011,202,29,g061,g061,normal,synthetic_rongorongo_like,
tablet_011,202,30,g005,g005,normal,synthetic_rongorongo_like,
tablet_011,202,31,g005,g005,normal,synthetic_rongorongo_like,
tablet_011,202,32,g005,g005,normal,synthetic_rongorongo_like,
tablet_011,202,33,g022,g022,normal,synthetic_rongorongo_like,
tablet_011,202,34,g008,g008,normal,synthetic_rongorongo_like,
tablet_011,202,35,g067,g067,normal,synthetic_rongorongo_like,
tablet_011,202,36,g067,g067,normal,synthetic_rongorongo_like,
tablet_011,202,37,g061,g061,normal,synthetic_rongorongo_like,
tablet_011,202,38,g001,g001,normal,synthetic_rongorongo_like,
tablet_011,202,39,g004,g004,normal,synthetic_rongorongo_like,
tablet_011,202,40,g008,g008,normal,synthetic_rongorongo_like,
tablet_011,203,1,g061,g061,normal,synthetic_rongorongo_like,
tablet_011,203,2,g021,g021,normal,synthetic_rongorongo_like,
tablet_011,203,3,g047,g047,normal,synthetic_rongorongo_like,
tablet_011,203,4,g021,g021,normal,synthetic_rongorongo_like,
tablet_011,203,5,g001,g001,normal,synthetic_rongorongo_like,
tablet_011,203,6,g021,g021,normal,synthetic_rongorongo_like,
tablet_011,203,7,g021,g021,normal,synthetic_rongorongo_like,
tablet_011,203,8,g021,g021,normal,synthetic_rongorongo_like,
tablet_011,203,9,g061,g061,normal,synthetic_rongorongo_like,
tablet_011,203,10,g022,g022,normal,synthetic_rongorongo_like,
tablet_011,203,11,g001,g001,normal,synthetic_rongorongo_like,
tablet_011,203,12,g022,g022,normal,synthetic_rongorongo_like,
tablet_011,203,13,g061,g061,normal,synthetic_rongorongo_like,
tablet_011,203,14,g021,g021,normal,synthetic_rongorongo_like,
tablet_011,203,15,g050,g050,normal,synthetic_rongorongo_like,
tablet_011,203,16,g050,g050,normal,synthetic_rongorongo_like,
tablet_011,203,17,g013,g013,normal,synthetic_rongorongo_like,
tablet_011,203,18,g013,g013,normal,synthetic_rongorongo_like,
tablet_011,203,19,g061,g061,normal,synthetic_rongorongo_like,
tablet_011,203,20,g021,g021,normal,synthetic_rongorongo_like,
tablet_011,203,21,g061,g061,normal,synthetic_rongorongo_like,
tablet_011,203,22,g093,g093,normal,synthetic_rongorongo_like,
tablet_011,203,23,g041,g041,normal,synthetic_rongorongo_like,
tablet_011,203,24,g021,g021,normal,synthetic_rongorongo_like,
tablet_011,203,25,g005,g005,normal,synthetic_rongorongo_like,
tablet_011,203,26,g022,g022,normal,synthetic_rongorongo_like,
tablet_011,203,27,g061,g061,normal,synthetic_rongorongo_like,
tablet_011,203,28,g061,g061,normal,synthetic_rongorongo_like,
tablet_011,203,29,g001,g001,normal,synthetic_rongorongo_like,
tablet_011,203,30,g073,g073,normal,synthetic_rongorongo_like,
tablet_011,203,31,g074,g074,normal,synthetic_rongorongo_like,
tablet_011,203,32,g021,g021,normal,synthetic_rongorongo_like,
tablet_011,203,33,g021,g021,normal,synthetic_rongorongo_like,
tablet_011,203,34,g062,g062,normal,synthetic_rongorongo_like,
tablet_011,203,35,g031,g031,normal,synthetic_rongorongo_like,
tablet_011,203,36,g031,g031,normal,synthetic_rongorongo_like,
tablet_011,203,37,g080,g080,normal,synthetic_rongorongo_like,
tablet_011,203,38,g064,g064,normal,synthetic_rongorongo_like,
tablet_011,203,39,g021,g021,normal,synthetic_rongorongo_like,
tablet_011,203,40,g021,g021,normal,synthetic_rongorongo_like,
tablet_011,204,1,g019,g019,normal,synthetic_rongorongo_like,
tablet_011,204,2,g019,g019,normal,synthetic_rongorongo_like,
tablet_011,204,3,g019,g019,normal,synthetic_rongorongo_like,
tablet_011,204,4,g002,g002,normal,synthetic_rongorongo_like,
tablet_011,204,5,g022,g022,normal,synthetic_rongorongo_like,
tablet_011,204,6,g061,g061,normal,synthetic_rongorongo_like,
tablet_011,204,7,g025,g025,normal,synthetic_rongorongo_like,
tablet_011,204,8,g025,g025,normal,synthetic_rongorongo_like,
tablet_011,204,9,g064,g064,normal,synthetic_rongorongo_like,
tablet_011,204,10,g012,g012,normal,synthetic_rongorongo_like,
tablet_011,204,11,g011,g011,normal,synthetic_rongorongo_like,
tablet_011,204,12,g002,g002,normal,synthetic_rongorongo_like,
tablet_011,204,13,g002,g002,normal,synthetic_rongorongo_like,
tablet_011,204,14,g028,g028,normal,synthetic_rongorongo_like,
tablet_011,204,15,g021,g021,normal,synthetic_rongorongo_like,
tablet_011,204,16,g026,g026,normal,synthetic_rongorongo_like,
tablet_011,204,17,g033,g033,normal,synthetic_rongorongo_like,
tablet_011,204,18,g022,g022,normal,synthetic_rongorongo_like,
tablet_011,204,19,g022,g022,normal,synthetic_rongorongo_like,
tablet_011,204,20,g007,g007,normal,synthetic_rongorongo_like,
tablet_011,204,21,g002,g002,normal,synthetic_rongorongo_like,
tablet_011,204,22,g001,g001,normal,synthetic_rongorongo_like,
tablet_011,204,23,g064,g064,normal,synthetic_rongorongo_like,
tablet_011,204,24,g036,g036,normal,synthetic_rongorongo_like,
tablet_011,204,25,g081,g081,normal,synthetic_rongorongo_like,
tablet_011,204,26,g036,g036,normal,synthetic_rongorongo_like,
tablet_011,204,27,g016,g016,normal,synthetic_rongorongo_like,
tablet_011,204,28,g016,g016,normal,synthetic_rongorongo_like,
tablet_011,204,29,g018,g018,normal,synthetic_rongorongo_like,
tablet_011,204,30,g005,g005,normal,synthetic_rongorongo_like,
tablet_011,204,31,g061,g061,normal,synthetic_rongorongo_like,
tablet_011,204,32,g020,g020,normal,synthetic_rongorongo_like,
tablet_011,204,33,g026,g026,normal,synthetic_rongorongo_like,
tablet_011,204,34,g001,g001,normal,synthetic_rongorongo_like,
tablet_011,204,35,g021,g021,normal,synthetic_rongorongo_like,
tablet_011,204,36,g061,g061,normal,synthetic_rongorongo_like,
tablet_011,204,37,g027,g027,normal,synthetic_rongorongo_like,
tablet_011,204,38,g022,g022,normal,synthetic_rongorongo_like,
tablet_011,204,39,g022,g022,normal,synthetic_rongorongo_like,
tablet_011,204,40,g022,g022,normal,synthetic_rongorongo_like,
tablet_011,205,1,g022,g022,normal,synthetic_rongorongo_like,
tablet_011,205,2,g001,g001,normal,synthetic_rongorongo_like,
tablet_011,205,3,g001,g001,normal,synthetic_rongorongo_like,
tablet_011,205,4,g036,g036,normal,synthetic_rongorongo_like,
tablet_011,205,5,g062,g062,normal,synthetic_rongorongo_like,
tablet_011,205,6,g001,g001,normal,synthetic_rongorongo_like,
tablet_011,205,7,g021,g021,normal,synthetic_rongorongo_like,
tablet_011,205,8,g023,g023,normal,synthetic_rongorongo_like,
tablet_011,205,9,g022,g022,normal,synthetic_rongorongo_like,
tablet_011,205,10,g021,g021,normal,synthetic_rongorongo_like,
tablet_011,205,11,g003,g003,normal,synthetic_rongorongo_like,
tablet_011,205,12,g011,g011,normal,synthetic_rongorongo_like,
tablet_011,205,13,g011,g011,normal,synthetic_rongorongo_like,
tablet_011,205,14,g021,g021,normal,synthetic_rongorongo_like,
tablet_011,205,15,g021,g021,normal,synthetic_rongorongo_like,
tablet_011,205,16,g021,g021,normal,synthetic_rongorongo_like,
tablet_011,205,17,g027,g027,normal,synthetic_rongorongo_like,
tablet_011,205,18,g022,g022,normal,synthetic_rongorongo_like,
tablet_011,205,19,g001,g001,normal,synthetic_rongorongo_like,
tablet_011,205,20,g026,g026,normal,synthetic_rongorongo_like,
tablet_011,205,21,g062,g062,normal,synthetic_rongorongo_like,
tablet_011,205,22,g021,g021,normal,synthetic_rongorongo_like,
tablet_011,205,23,g021,g021,normal,synthetic_rongorongo_like,
tablet_011,205,24,g021,g021,normal,synthetic_rongorongo_like,
tablet_011,205,25,g011,g011,normal,synthetic_rongorongo_like,
tablet_011,205,26,g004,g004,normal,synthetic_rongorongo_like,
tablet_011,205,27,g004,g004,normal,synthetic_rongorongo_like,
tablet_011,205,28,g005,g005,normal,synthetic_rongorongo_like,
tablet_011,205,29,g011,g011,normal,synthetic_rongorongo_like,
tablet_011,205,30,g004,g004,normal,synthetic_rongorongo_like,
tablet_011,205,31,g021,g021,normal,synthetic_rongorongo_like,
tablet_011,205,32,g022,g022,normal,synthetic_rongorongo_like,
tablet_011,205,33,g022,g022,normal,synthetic_rongorongo_like,
tablet_011,205,34,g062,g062,normal,synthetic_rongorongo_like,
tablet_011,205,35,g061,g061,normal,synthetic_rongorongo_like,
tablet_011,205,36,g019,g019,normal,synthetic_rongorongo_like,
tablet_011,205,37,g062,g062,normal,synthetic_rongorongo_like,
tablet_011,205,38,g030,g030,normal,synthetic_rongorongo_like,
tablet_011,205,39,g022,g022,normal,synthetic_rongorongo_like,
tablet_011,205,40,g022,g022,normal,synthetic_rongorongo_like,
tablet_011,206,1,g021,g021,normal,synthetic_rongorongo_like,
tablet_011,206,2,g063,g063,normal,synthetic_rongorongo_like,
tablet_011,206,3,g061,g061,normal,synthetic_rongorongo_like,
tablet_011,206,4,g026,g026,normal,synthetic_rongorongo_like,
tablet_011,206,5,g005,g005,normal,synthetic_rongorongo_like,
tablet_011,206,6,g005,g005,normal,synthetic_rongorongo_like,
tablet_011,206,7,g061,g061,normal,synthetic_rongorongo_like,
tablet_011,206,8,g022,g022,normal,synthetic_rongorongo_like,
tablet_011,206,9,g021,g021,normal,synthetic_rongorongo_like,
tablet_011,206,10,g021,g021,normal,synthetic_rongorongo_like,
tablet_011,206,11,g021,g021,normal,synthetic_rongorongo_like,
tablet_011,206,12,g025,g025,normal,synthetic_rongorongo_like,
tablet_011,206,13,g001,g001,normal,synthetic_rongorongo_like,
tablet_011,206,14,g001,g001,normal,synthetic_rongorongo_like,
tablet_011,206,15,g063,g063,normal,synthetic_rongorongo_like,
tablet_011,206,16,g061,g061,normal,synthetic_rongorongo_like,
tablet_011,206,17,g004,g004,normal,synthetic_rongorongo_like,
tablet_011,206,18,g063,g063,normal,synthetic_rongorongo_like,
tablet_011,206,19,g022,g022,normal,synthetic_rongorongo_like,
tablet_011,206,20,g021,g021,normal,synthetic_rongorongo_like,
tablet_011,206,21,g001,g001,normal,synthetic_rongorongo_like,
tablet_011,206,22,g035,g035,normal,synthetic_rongorongo_like,
tablet_011,206,23,g061,g061,normal,synthetic_rongorongo_like,
tablet_011,206,24,g025,g025,normal,synthetic_rongorongo_like,
tablet_011,206,25,g025,g025,normal,synthetic_rongorongo_like,
tablet_011,206,26,g001,g001,normal,synthetic_rongorongo_like,
tablet_011,206,27,g062,g062,normal,synthetic_rongorongo_like,
tablet_011,206,28,g062,g062,normal,synthetic_rongorongo_like,
tablet_011,206,29,g062,g062,normal,synthetic_rongorongo_like,
tablet_011,206,30,g044,g044,normal,synthetic_rongorongo_like,
tablet_011,206,31,g044,g044,normal,synthetic_rongorongo_like,
tablet_011,206,32,g022,g022,normal,synthetic_rongorongo_like,
tablet_011,206,33,g001,g001,normal,synthetic_rongorongo_like,
tablet_011,206,34,g001,g001,normal,synthetic_rongorongo_like,
tablet_011,206,35,g021,g021,normal,synthetic_rongorongo_like,
tablet_011,206,36,g021,g021,normal,synthetic_rongorongo_like,
tablet_011,206,37,g021,g021,normal,synthetic_rongorongo_like,
tablet_011,206,38,g085,g085,normal,synthetic_rongorongo_like,
tablet_011,206,39,g029,g029,normal,synthetic_rongorongo_like,
tablet_011,206,40,g021,g021,normal,synthetic_rongorongo_like,
tablet_011,207,1,g061,g061,normal,synthetic_rongorongo_like,
tablet_011,207,2,g006,g006,normal,synthetic_rongorongo_like,
tablet_011,207,3,g001,g001,normal,synthetic_rongorongo_like,
tablet_011,207,4,g001,g001,normal,synthetic_rongorongo_like,
tablet_011,207,5,g001,g001,normal,synthetic_rongorongo_like,
tablet_011,207,6,g001,g001,normal,synthetic_rongorongo_like,
tablet_011,207,7,g022,g022,normal,synthetic_rongorongo_like,
tablet_011,207,8,g002,g002,normal,synthetic_rongorongo_like,
tablet_011,207,9,g021,g021,normal,synthetic_rongorongo_like,
tablet_011,207,10,g001,g001,normal,synthetic_rongorongo_like,
tablet_011,207,11,g003,g003,normal,synthetic_rongorongo_like,
tablet_011,207,12,g001,g001,normal,synthetic_rongorongo_like,
tablet_011,207,13,g001,g001,normal,synthetic_rongorongo_like,
tablet_011,207,14,g021,g021,normal,synthetic_rongorongo_like,
tablet_011,207,15,g002,g002,normal,synthetic_rongorongo_like,
tablet_011,207,16,g021,g021,normal,synthetic_rongorongo_like,
tablet_011,207,17,g021,g021,normal,synthetic_rongorongo_like,
tablet_011,207,18,g019,g019,normal,synthetic_rongorongo_like,
tablet_011,207,19,g004,g004,normal,synthetic_rongorongo_like,
tablet_011,207,20,g109,g109,normal,synthetic_rongorongo_like,
tablet_011,207,21,g006,g006,normal,synthetic_rongorongo_like,
tablet_011,207,22,g021,g021,normal,synthetic_rongorongo_like,
tablet_011,207,23,g001,g001,normal,synthetic_rongorongo_like,
tablet_011,207,24,g012,g012,normal,synthetic_rongorongo_like,
tablet_011,207,25,g020,g020,normal,synthetic_rongorongo_like,
tablet_011,207,26,g021,g021,normal,synthetic_rongorongo_like,
tablet_011,207,27,g013,g013,normal,synthetic_rongorongo_like,
tablet_011,207,28,g001,g001,normal,synthetic_rongorongo_like,
tablet_011,207,29,g021,g021,normal,synthetic_rongorongo_like,
tablet_011,207,30,g001,g001,normal,synthetic_rongorongo_like,
tablet_011,207,31,g001,g001,normal,synthetic_rongorongo_like,
tablet_011,207,32,g061,g061,normal,synthetic_rongorongo_like,
tablet_011,207,33,g061,g061,normal,synthetic_rongorongo_like,
tablet_011,207,34,g007,g007,normal,synthetic_rongorongo_like,
tablet_011,207,35,g007,g007,normal,synthetic_rongorongo_like,
tablet_011,207,36,g018,g018,normal,synthetic_rongorongo_like,
tablet_011,207,37,g063,g063,normal,synthetic_rongorongo_like,
tablet_011,207,38,g021,g021,normal,synthetic_rongorongo_like,
tablet_011,207,39,g024,g024,normal,synthetic_rongorongo_like,
tablet_011,207,40,g061,g061,normal,synthetic_rongorongo_like,
tablet_011,208,1,g003,g003,normal,synthetic_rongorongo_like,
tablet_011,208,2,g003,g003,normal,synthetic_rongorongo_like,
tablet_011,208,3,g021,g021,normal,synthetic_rongorongo_like,
tablet_011,208,4,g021,g021,normal,synthetic_rongorongo_like,
tablet_011,208,5,g045,g045,normal,synthetic_rongorongo_like,
tablet_011,208,6,g001,g001,normal,synthetic_rongorongo_like,
tablet_011,208,7,g022,g022,normal,synthetic_rongorongo_like,
tablet_011,208,8,g027,g027,normal,synthetic_rongorongo_like,
tablet_011,208,9,g027,g027,normal,synthetic_rongorongo_like,
tablet_011,208,10,g034,g034,normal,synthetic_rongorongo_like,
tablet_011,208,11,g034,g034,normal,synthetic_rongorongo_like,
tablet_011,208,12,g034,g034,normal,synthetic_rongorongo_like,
tablet_011,208,13,g020,g020,normal,synthetic_rongorongo_like,
tablet_011,208,14,g005,g005,normal,synthetic_rongorongo_like,
tablet_011,208,15,g001,g001,normal,synthetic_rongorongo_like,
tablet_011,208,16,g005,g005,normal,synthetic_rongorongo_like,
tablet_011,208,17,g013,g013,normal,synthetic_rongorongo_like,
tablet_011,208,18,g046,g046,normal,synthetic_rongorongo_like,
tablet_011,208,19,g021,g021,normal,synthetic_rongorongo_like,
tablet_011,208,20,g064,g064,normal,synthetic_rongorongo_like,
tablet_011,208,21,g068,g068,normal,synthetic_rongorongo_like,
tablet_011,208,22,g045,g045,normal,synthetic_rongorongo_like,
tablet_011,208,23,g005,g005,normal,synthetic_rongorongo_like,
tablet_011,208,24,g024,g024,normal,synthetic_rongorongo_like,
tablet_011,208,25,g024,g024,normal,synthetic_rongorongo_like,
tablet_011,208,26,g017,g017,normal,synthetic_rongorongo_like,
tablet_011,208,27,g002,g002,normal,synthetic_rongorongo_like,
tablet_011,208,28,g070,g070,normal,synthetic_rongorongo_like,
tablet_011,208,29,g061,g061,normal,synthetic_rongorongo_like,
tablet_011,208,30,g061,g061,normal,synthetic_rongorongo_like,
tablet_011,208,31,g010,g010,normal,synthetic_rongorongo_like,
tablet_011,208,32,g021,g021,normal,synthetic_rongorongo_like,
tablet_011,208,33,g029,g029,normal,synthetic_rongorongo_like,
tablet_011,208,34,g001,g001,normal,synthetic_rongorongo_like,
tablet_011,208,35,g063,g063,normal,synthetic_rongorongo_like,
tablet_011,208,36,g015,g015,normal,synthetic_rongorongo_like,
tablet_011,208,37,g021,g021,normal,synthetic_rongorongo_like,
tablet_011,208,38,g002,g002,normal,synthetic_rongorongo_like,
tablet_011,208,39,g006,g006,normal,synthetic_rongorongo_like,
tablet_011,208,40,g035,g035,normal,synthetic_rongorongo_like,
tablet_011,209,1,g021,g021,normal,synthetic_rongorongo_like,
tablet_011,209,2,g021,g021,normal,synthetic_rongorongo_like,
tablet_011,209,3,g061,g061,normal,synthetic_rongorongo_like,
tablet_011,209,4,g061,g061,normal,synthetic_rongorongo_like,
tablet_011,209,5,g061,g061,normal,synthetic_rongorongo_like,
tablet_011,209,6,g027,g027,normal,synthetic_rongorongo_like,
tablet_011,209,7,g027,g027,normal,synthetic_rongorongo_like,
tablet_011,209,8,g027,g027,normal,synthetic_rongorongo_like,
tablet_011,209,9,g005,g005,normal,synthetic_rongorongo_like,
tablet_011,209,10,g027,g027,normal,synthetic_rongorongo_like,
tablet_011,209,11,g027,g027,normal,synthetic_rongorongo_like,
tablet_011,209,12,g027,g027,normal,synthetic_rongorongo_like,
tablet_011,209,13,g001,g001,normal,synthetic_rongorongo_like,
tablet_011,209,14,g067,g067,normal,synthetic_rongorongo_like,
tablet_011,209,15,g079,g079,normal,synthetic_rongorongo_like,
tablet_011,209,16,g021,g021,normal,synthetic_rongorongo_like,
tablet_011,209,17,g024,g024,normal,synthetic_rongorongo_like,
tablet_011,209,18,g002,g002,normal,synthetic_rongorongo_like,
tablet_011,209,19,g091,g091,normal,synthetic_rongorongo_like,
tablet_011,209,20,g035,g035,normal,synthetic_rongorongo_like,
tablet_011,209,21,g035,g035,normal,synthetic_rongorongo_like,
tablet_011,209,22,g035,g035,normal,synthetic_rongorongo_like,
tablet_011,209,23,g008,g008,normal,synthetic_rongorongo_like,
tablet_011,209,24,g021,g021,normal,synthetic_rongorongo_like,
tablet_011,209,25,g023,g023,normal,synthetic_rongorongo_like,
tablet_011,209,26,g004,g004,normal,synthetic_rongorongo_like,
tablet_011,209,27,g002,g002,normal,synthetic_rongorongo_like,
tablet_011,209,28,g002,g002,normal,synthetic_rongorongo_like,
tablet_011,209,29,g022,g022,normal,synthetic_rongorongo_like,
tablet_011,209,30,g021,g021,normal,synthetic_rongorongo_like,
tablet_011,209,31,g061,g061,normal,synthetic_rongorongo_like,
tablet_011,209,32,g028,g028,normal,synthetic_rongorongo_like,
tablet_011,209,33,g002,g002,normal,synthetic_rongorongo_like,
tablet_011,209,34,g021,g021,normal,synthetic_rongorongo_like,
tablet_011,209,35,g023,g023,normal,synthetic_rongorongo_like,
tablet_011,209,36,g001,g001,normal,synthetic_rongorongo_like,
tablet_011,209,37,g001,g001,normal,synthetic_rongorongo_like,
tablet_011,209,38,g025,g025,normal,synthetic_rongorongo_like,
tablet_011,209,39,g026,g026,normal,synthetic_rongorongo_like,
tablet_011,209,40,g023,g023,normal,synthetic_rongorongo_like,
tablet_011,210,1,g004,g004,normal,synthetic_rongorongo_like,
tablet_011,210,2,g004,g004,normal,synthetic_rongorongo_like,
tablet_011,210,3,g021,g021,normal,synthetic_rongorongo_like,
tablet_011,210,4,g060,g060,normal,synthetic_rongorongo_like,
tablet_011,210,5,g021,g021,normal,synthetic_rongorongo_like,
tablet_011,210,6,g021,g021,normal,synthetic_rongorongo_like,
tablet_011,210,7,g021,g021,normal,synthetic_rongorongo_like,
tablet_011,210,8,g001,g001,normal,synthetic_rongorongo_like,
tablet_011,210,9,g001,g001,normal,synthetic_rongorongo_like,
tablet_011,210,10,g005,g005,normal,synthetic_rongorongo_like,
tablet_011,210,11,g005,g005,normal,synthetic_rongorongo_like,
tablet_011,210,12,g023,g023,normal,synthetic_rongorongo_like,
tablet_011,210,13,g062,g062,normal,synthetic_rongorongo_like,
tablet_011,210,14,g061,g061,normal,synthetic_rongorongo_like,
tablet_011,210,15,g001,g001,normal,synthetic_rongorongo_like,
tablet_011,210,16,g003,g003,normal,synthetic_rongorongo_like,
tablet_011,210,17,g001,g001,normal,synthetic_rongorongo_like,
tablet_011,210,18,g061,g061,normal,synthetic_rongorongo_like,
tablet_011,210,19,g001,g001,normal,synthetic_rongorongo_like,
tablet_011,210,20,g014,g014,normal,synthetic_rongorongo_like,
tablet_011,210,21,g024,g024,normal,synthetic_rongorongo_like,
tablet_011,210,22,g012,g012,normal,synthetic_rongorongo_like,
tablet_011,210,23,g021,g021,normal,synthetic_rongorongo_like,
tablet_011,210,24,g021,g021,normal,synthetic_rongorongo_like,
tablet_011,210,25,g023,g023,normal,synthetic_rongorongo_like,
tablet_011,210,26,g002,g002,normal,synthetic_rongorongo_like,
tablet_011,210,27,g061,g061,normal,synthetic_rongorongo_like,
tablet_011,210,28,g024,g024,normal,synthetic_rongorongo_like,
tablet_011,210,29,g001,g001,normal,synthetic_rongorongo_like,
tablet_011,210,30,g001,g001,normal,synthetic_rongorongo_like,
tablet_011,210,31,g021,g021,normal,synthetic_rongorongo_like,
tablet_011,210,32,g001,g001,normal,synthetic_rongorongo_like,
tablet_011,210,33,g067,g067,normal,synthetic_rongorongo_like,
tablet_011,210,34,g021,g021,normal,synthetic_rongorongo_like,
tablet_011,210,35,g062,g062,normal,synthetic_rongorongo_like,
tablet_011,210,36,g021,g021,normal,synthetic_rongorongo_like,
tablet_011,210,37,g061,g061,normal,synthetic_rongorongo_like,
tablet_011,210,38,g026,g026,normal,synthetic_rongorongo_like,
tablet_011,210,39,g001,g001,normal,synthetic_rongorongo_like,
tablet_011,210,40,g024,g024,normal,synthetic_rongorongo_like,
tablet_011,211,1,g034,g034,normal,synthetic_rongorongo_like,
tablet_011,211,2,g003,g003,normal,synthetic_rongorongo_like,
tablet_011,211,3,g072,g072,normal,synthetic_rongorongo_like,
tablet_011,211,4,g001,g001,normal,synthetic_rongorongo_like,
tablet_011,211,5,g014,g014,normal,synthetic_rongorongo_like,
tablet_011,211,6,g008,g008,normal,synthetic_rongorongo_like,
tablet_011,211,7,g001,g001,normal,synthetic_rongorongo_like,
tablet_011,211,8,g021,g021,normal,synthetic_rongorongo_like,
tablet_011,211,9,g001,g001,normal,synthetic_rongorongo_like,
tablet_011,211,10,g009,g009,normal,synthetic_rongorongo_like,
tablet_011,211,11,g009,g009,normal,synthetic_rongorongo_like,
tablet_011,211,12,g001,g001,normal,synthetic_rongorongo_like,
tablet_011,211,13,g001,g001,normal,synthetic_rongorongo_like,
tablet_011,211,14,g003,g003,normal,synthetic_rongorongo_like,
tablet_011,211,15,g022,g022,normal,synthetic_rongorongo_like,
tablet_011,211,16,g021,g021,normal,synthetic_rongorongo_like,
tablet_011,211,17,g021,g021,normal,synthetic_rongorongo_like,
tablet_011,211,18,g006,g006,normal,synthetic_rongorongo_like,
tablet_011,211,19,g006,g006,normal,synthetic_rongorongo_like,
tablet_011,211,20,g079,g079,normal,synthetic_rongorongo_like,
tablet_011,211,21,g063,g063,normal,synthetic_rongorongo_like,
tablet_011,211,22,g022,g022,normal,synthetic_rongorongo_like,
tablet_011,211,23,g062,g062,normal,synthetic_rongorongo_like,
tablet_011,211,24,g001,g001,normal,synthetic_rongorongo_like,
tablet_011,211,25,g004,g004,normal,synthetic_rongorongo_like,
tablet_011,211,26,g021,g021,normal,synthetic_rongorongo_like,
tablet_011,211,27,g021,g021,normal,synthetic_rongorongo_like,
tablet_011,211,28,g017,g017,normal,synthetic_rongorongo_like,
tablet_011,211,29,g065,g065,normal,synthetic_rongorongo_like,
tablet_011,211,30,g003,g003,normal,synthetic_rongorongo_like,
tablet_011,211,31,g032,g032,normal,synthetic_rongorongo_like,
tablet_011,211,32,g021,g021,normal,synthetic_rongorongo_like,
tablet_011,211,33,g013,g013,normal,synthetic_rongorongo_like,
tablet_011,211,34,g022,g022,normal,synthetic_rongorongo_like,
tablet_011,211,35,g061,g061,normal,synthetic_rongorongo_like,
tablet_011,211,36,g003,g003,normal,synthetic_rongorongo_like,
tablet_011,211,37,g003,g003,normal,synthetic_rongorongo_like,
tablet_011,211,38,g001,g001,normal,synthetic_rongorongo_like,
tablet_011,211,39,g011,g011,normal,synthetic_rongorongo_like,
tablet_011,211,40,g014,g014,normal,synthetic_rongorongo_like,
tablet_011,212,1,g022,g022,normal,synthetic_rongorongo_like,
tablet_011,212,2,g001,g001,normal,synthetic_rongorongo_like,
tablet_011,212,3,g081,g081,normal,synthetic_rongorongo_like,
tablet_011,212,4,g005,g005,normal,synthetic_rongorongo_like,
tablet_011,212,5,g021,g021,normal,synthetic_rongorongo_like,
tablet_011,212,6,g002,g002,normal,synthetic_rongorongo_like,
tablet_011,212,7,g002,g002,normal,synthetic_rongorongo_like,
tablet_011,212,8,g002,g002,normal,synthetic_rongorongo_like,
tablet_011,212,9,g004,g004,normal,synthetic_rongorongo_like,
tablet_011,212,10,g061,g061,normal,synthetic_rongorongo_like,
tablet_011,212,11,g023,g023,normal,synthetic_rongorongo_like,
tablet_011,212,12,g071,g071,normal,synthetic_rongorongo_like,
tablet_011,212,13,g071,g071,normal,synthetic_rongorongo_like,
tablet_011,212,14,g071,g071,normal,synthetic_rongorongo_like,
tablet_011,212,15,g039,g039,normal,synthetic_rongorongo_like,
tablet_011,212,16,g029,g029,normal,synthetic_rongorongo_like,
tablet_011,212,17,g001,g001,normal,synthetic_rongorongo_like,
tablet_011,212,18,g021,g021,normal,synthetic_rongorongo_like,
tablet_011,212,19,g021,g021,normal,synthetic_rongorongo_like,
tablet_011,212,20,g010,g010,normal,synthetic_rongorongo_like,
tablet_011,212,21,g025,g025,normal,synthetic_rongorongo_like,
tablet_011,212,22,g021,g021,normal,synthetic_rongorongo_like,
tablet_011,212,23,g030,g030,normal,synthetic_rongorongo_like,
tablet_011,212,24,g022,g022,normal,synthetic_rongorongo_like,
tablet_011,212,25,g004,g004,normal,synthetic_rongorongo_like,
tablet_011,212,26,g023,g023,normal,synthetic_rongorongo_like,
tablet_011,212,27,g021,g021,normal,synthetic_rongorongo_like,
tablet_011,212,28,g002,g002,normal,synthetic_rongorongo_like,
tablet_011,212,29,g022,g022,normal,synthetic_rongorongo_like,
tablet_011,212,30,g102,g102,normal,synthetic_rongorongo_like,
tablet_011,212,31,g102,g102,normal,synthetic_rongorongo_like,
tablet_011,212,32,g001,g001,normal,synthetic_rongorongo_like,
tablet_011,212,33,g002,g002,normal,synthetic_rongorongo_like,
tablet_011,212,34,g004,g004,normal,synthetic_rongorongo_like,
tablet_011,212,35,g006,g006,normal,synthetic_rongorongo_like,
tablet_011,212,36,g001,g001,normal,synthetic_rongorongo_like,
tablet_011,212,37,g021,g021,normal,synthetic_rongorongo_like,
tablet_011,212,38,g002,g002,normal,synthetic_rongorongo_like,
tablet_011,212,39,g022,g022,normal,synthetic_rongorongo_like,
tablet_011,212,40,g003,g003,normal,synthetic_rongorongo_like,
tablet_011,213,1,g001,g001,normal,synthetic_rongorongo_like,
tablet_011,213,2,g011,g011,normal,synthetic_rongorongo_like,
tablet_011,213,3,g003,g003,normal,synthetic_rongorongo_like,
tablet_011,213,4,g027,g027,normal,synthetic_rongorongo_like,
tablet_011,213,5,g021,g021,normal,synthetic_rongorongo_like,
tablet_011,213,6,g022,g022,normal,synthetic_rongorongo_like,
tablet_011,213,7,g022,g022,normal,synthetic_rongorongo_like,
tablet_011,213,8,g023,g023,normal,synthetic_rongorongo_like,
tablet_011,213,9,g023,g023,normal,synthetic_rongorongo_like,
tablet_011,213,10,g021,g021,normal,synthetic_rongorongo_like,
tablet_011,213,11,g021,g021,normal,synthetic_rongorongo_like,
tablet_011,213,12,g022,g022,normal,synthetic_rongorongo_like,
tablet_011,213,13,g006,g006,normal,synthetic_rongorongo_like,
tablet_011,213,14,g005,g005,normal,synthetic_rongorongo_like,
tablet_011,213,15,g001,g001,normal,synthetic_rongorongo_like,
tablet_011,213,16,g002,g002,normal,synthetic_rongorongo_like,
tablet_011,213,17,g002,g002,normal,synthetic_rongorongo_like,
tablet_011,213,18,g001,g001,normal,synthetic_rongorongo_like,
tablet_011,213,19,g001,g001,normal,synthetic_rongorongo_like,
tablet_011,213,20,g021,g021,normal,synthetic_rongorongo_like,
tablet_011,213,21,g021,g021,normal,synthetic_rongorongo_like,
tablet_011,213,22,g021,g021,normal,synthetic_rongorongo_like,
tablet_011,213,23,g061,g061,normal,synthetic_rongorongo_like,
tablet_011,213,24,g004,g004,normal,synthetic_rongorongo_like,
tablet_011,213,25,g083,g083,normal,synthetic_rongorongo_like,
tablet_011,213,26,g083,g083,normal,synthetic_rongorongo_like,
tablet_011,213,27,g001,g001,normal,synthetic_rongorongo_like,
tablet_011,213,28,g005,g005,normal,synthetic_rongorongo_like,
tablet_011,213,29,g001,g001,normal,synthetic_rongorongo_like,
tablet_011,213,30,g026,g026,normal,synthetic_rongorongo_like,
tablet_011,213,31,g061,g061,normal,synthetic_rongorongo_like,
tablet_011,213,32,g061,g061,normal,synthetic_rongorongo_like,
tablet_011,213,33,g026,g026,normal,synthetic_rongorongo_like,
tablet_011,213,34,g004,g004,normal,synthetic_rongorongo_like,
tablet_011,213,35,g011,g011,normal,synthetic_rongorongo_like,
tablet_011,213,36,g003,g003,normal,synthetic_rongorongo_like,
tablet_011,213,37,g003,g003,normal,synthetic_rongorongo_like,
tablet_011,213,38,g003,g003,normal,synthetic_rongorongo_like,
tablet_011,213,39,g003,g003,normal,synthetic_rongorongo_like,
tablet_011,213,40,g003,g003,normal,synthetic_rongorongo_like,
tablet_011,214,1,g003,g003,normal,synthetic_rongorongo_like,
tablet_011,214,2,g003,g003,normal,synthetic_rongorongo_like,
tablet_011,214,3,g003,g003,normal,synthetic_rongorongo_like,
tablet_011,214,4,g001,g001,normal,synthetic_rongorongo_like,
tablet_011,214,5,g033,g033,normal,synthetic_rongorongo_like,
tablet_011,214,6,g001,g001,normal,synthetic_rongorongo_like,
tablet_011,214,7,g062,g062,normal,synthetic_rongorongo_like,
tablet_011,214,8,g061,g061,normal,synthetic_rongorongo_like,
tablet_011,214,9,g063,g063,normal,synthetic_rongorongo_like,
tablet_011,214,10,g061,g061,normal,synthetic_rongorongo_like,
tablet_011,214,11,g061,g061,normal,synthetic_rongorongo_like,
tablet_011,214,12,g002,g002,normal,synthetic_rongorongo_like,
tablet_011,214,13,g021,g021,normal,synthetic_rongorongo_like,
tablet_011,214,14,g001,g001,normal,synthetic_rongorongo_like,
tablet_011,214,15,g021,g021,normal,synthetic_rongorongo_like,
tablet_011,214,16,g020,g020,normal,synthetic_rongorongo_like,
tablet_011,214,17,g064,g064,normal,synthetic_rongorongo_like,
tablet_011,214,18,g003,g003,normal,synthetic_rongorongo_like,
tablet_011,214,19,g002,g002,normal,synthetic_rongorongo_like,
tablet_011,214,20,g017,g017,normal,synthetic_rongorongo_like,
tablet_011,214,21,g017,g017,normal,synthetic_rongorongo_like,
tablet_011,214,22,g061,g061,normal,synthetic_rongorongo_like,
tablet_011,214,23,g061,g061,normal,synthetic_rongorongo_like,
tablet_011,214,24,g021,g021,normal,synthetic_rongorongo_like,
tablet_011,214,25,g022,g022,normal,synthetic_rongorongo_like,
tablet_011,214,26,g061,g061,normal,synthetic_rongorongo_like,
tablet_011,214,27,g065,g065,normal,synthetic_rongorongo_like,
tablet_011,214,28,g050,g050,normal,synthetic_rongorongo_like,
tablet_011,214,29,g050,g050,normal,synthetic_rongorongo_like,
tablet_011,214,30,g050,g050,normal,synthetic_rongorongo_like,
tablet_011,214,31,g050,g050,normal,synthetic_rongorongo_like,
tablet_011,214,32,g021,g021,normal,synthetic_rongorongo_like,
tablet_011,214,33,g068,g068,normal,synthetic_rongorongo_like,
tablet_011,214,34,g001,g001,normal,synthetic_rongorongo_like,
tablet_011,214,35,g001,g001,normal,synthetic_rongorongo_like,
tablet_011,214,36,g001,g001,normal,synthetic_rongorongo_like,
tablet_011,214,37,g003,g003,normal,synthetic_rongorongo_like,
tablet_011,214,38,g005,g005,normal,synthetic_rongorongo_like,
tablet_011,214,39,g024,g024,normal,synthetic_rongorongo_like,
tablet_011,214,40,g024,g024,normal,synthetic_rongorongo_like,
tablet_011,215,1,g001,g001,normal,synthetic_rongorongo_like,
tablet_011,215,2,g009,g009,normal,synthetic_rongorongo_like,
tablet_011,215,3,g001,g001,normal,synthetic_rongorongo_like,
tablet_011,215,4,g001,g001,normal,synthetic_rongorongo_like,
tablet_011,215,5,g001,g001,normal,synthetic_rongorongo_like,
tablet_011,215,6,g002,g002,normal,synthetic_rongorongo_like,
tablet_011,215,7,g007,g007,normal,synthetic_rongorongo_like,
tablet_011,215,8,g001,g001,normal,synthetic_rongorongo_like,
tablet_011,215,9,g001,g001,normal,synthetic_rongorongo_like,
tablet_011,215,10,g014,g014,normal,synthetic_rongorongo_like,
tablet_011,215,11,g005,g005,normal,synthetic_rongorongo_like,
tablet_011,215,12,g006,g006,normal,synthetic_rongorongo_like,
tablet_011,215,13,g022,g022,normal,synthetic_rongorongo_like,
tablet_011,215,14,g001,g001,normal,synthetic_rongorongo_like,
tablet_011,215,15,g022,g022,normal,synthetic_rongorongo_like,
tablet_011,215,16,g022,g022,normal,synthetic_rongorongo_like,
tablet_011,215,17,g029,g029,normal,synthetic_rongorongo_like,
tablet_011,215,18,g001,g001,normal,synthetic_rongorongo_like,
tablet_011,215,19,g001,g001,normal,synthetic_rongorongo_like,
tablet_011,215,20,g001,g001,normal,synthetic_rongorongo_like,
tablet_011,215,21,g014,g014,normal,synthetic_rongorongo_like,
tablet_011,215,22,g021,g021,normal,synthetic_rongorongo_like,
tablet_011,215,23,g002,g002,normal,synthetic_rongorongo_like,
tablet_011,215,24,g010,g010,normal,synthetic_rongorongo_like,
tablet_011,215,25,g002,g002,normal,synthetic_rongorongo_like,
tablet_011,215,26,g002,g002,normal,synthetic_rongorongo_like,
tablet_011,215,27,g061,g061,normal,synthetic_rongorongo_like,
tablet_011,215,28,g005,g005,normal,synthetic_rongorongo_like,
tablet_011,215,29,g061,g061,normal,synthetic_rongorongo_like,
tablet_011,215,30,g061,g061,normal,synthetic_rongorongo_like,
tablet_011,215,31,g002,g002,normal,synthetic_rongorongo_like,
tablet_011,215,32,g030,g030,normal,synthetic_rongorongo_like,
tablet_011,215,33,g083,g083,normal,synthetic_rongorongo_like,
tablet_011,215,34,g083,g083,normal,synthetic_rongorongo_like,
tablet_011,215,35,g021,g021,normal,synthetic_rongorongo_like,
tablet_011,215,36,g006,g006,normal,synthetic_rongorongo_like,
tablet_011,215,37,g004,g004,normal,synthetic_rongorongo_like,
tablet_011,215,38,g021,g021,normal,synthetic_rongorongo_like,
tablet_011,215,39,g008,g008,normal,synthetic_rongorongo_like,
tablet_011,215,40,g008,g008,normal,synthetic_rongorongo_like,
tablet_011,216,1,g001,g001,normal,synthetic_rongorongo_like,
tablet_011,216,2,g010,g010,normal,synthetic_rongorongo_like,
tablet_011,216,3,g033,g033,normal,synthetic_rongorongo_like,
tablet_011,216,4,g024,g024,normal,synthetic_rongorongo_like,
tablet_011,216,5,g028,g028,normal,synthetic_rongorongo_like,
tablet_011,216,6,g048,g048,normal,synthetic_rongorongo_like,
tablet_011,216,7,g010,g010,normal,synthetic_rongorongo_like,
tablet_011,216,8,g064,g064,normal,synthetic_rongorongo_like,
tablet_011,216,9,g008,g008,normal,synthetic_rongorongo_like,
tablet_011,216,10,g008,g008,normal,synthetic_rongorongo_like,
tablet_011,216,11,g004,g004,normal,synthetic_rongorongo_like,
tablet_011,216,12,g004,g004,normal,synthetic_rongorongo_like,
tablet_011,216,13,g004,g004,normal,synthetic_rongorongo_like,
tablet_011,216,14,g001,g001,normal,synthetic_rongorongo_like,
tablet_011,216,15,g001,g001,normal,synthetic_rongorongo_like,
tablet_011,216,16,g001,g001,normal,synthetic_rongorongo_like,
tablet_011,216,17,g001,g001,normal,synthetic_rongorongo_like,
tablet_011,216,18,g027,g027,normal,synthetic_rongorongo_like,
tablet_011,216,19,g001,g001,normal,synthetic_rongorongo_like,
tablet_011,216,20,g022,g022,normal,synthetic_rongorongo_like,
tablet_011,216,21,g001,g001,normal,synthetic_rongorongo_like,
tablet_011,216,22,g061,g061,normal,synthetic_rongorongo_like,
tablet_011,216,23,g064,g064,normal,synthetic_rongorongo_like,
tablet_011,216,24,g061,g061,normal,synthetic_rongorongo_like,
tablet_011,216,25,g002,g002,normal,synthetic_rongorongo_like,
tablet_011,216,26,g031,g031,normal,synthetic_rongorongo_like,
tablet_011,216,27,g065,g065,normal,synthetic_rongorongo_like,
tablet_011,216,28,g019,g019,normal,synthetic_rongorongo_like,
tablet_011,216,29,g022,g022,normal,synthetic_rongorongo_like,
tablet_011,216,30,g061,g061,normal,synthetic_rongorongo_like,
tablet_011,216,31,g026,g026,normal,synthetic_rongorongo_like,
tablet_011,216,32,g021,g021,normal,synthetic_rongorongo_like,
tablet_011,216,33,g062,g062,normal,synthetic_rongorongo_like,
tablet_011,216,34,g062,g062,normal,synthetic_rongorongo_like,
tablet_011,216,35,g062,g062,normal,synthetic_rongorongo_like,
tablet_011,216,36,g021,g021,normal,synthetic_rongorongo_like,
tablet_011,216,37,g008,g008,normal,synthetic_rongorongo_like,
tablet_011,216,38,g003,g003,normal,synthetic_rongorongo_like,
tablet_011,216,39,g021,g021,normal,synthetic_rongorongo_like,
tablet_011,216,40,g025,g025,normal,synthetic_rongorongo_like,
tablet_011,217,1,g021,g021,normal,synthetic_rongorongo_like,
tablet_011,217,2,g001,g001,normal,synthetic_rongorongo_like,
tablet_011,217,3,g002,g002,normal,synthetic_rongorongo_like,
tablet_011,217,4,g024,g024,normal,synthetic_rongorongo_like,
tablet_011,217,5,g061,g061,normal,synthetic_rongorongo_like,
tablet_011,217,6,g061,g061,normal,synthetic_rongorongo_like,
tablet_011,217,7,g061,g061,normal,synthetic_rongorongo_like,
tablet_011,217,8,g001,g001,normal,synthetic_rongorongo_like,
tablet_011,217,9,g001,g001,normal,synthetic_rongorongo_like,
tablet_011,217,10,g027,g027,normal,synthetic_rongorongo_like,
tablet_011,217,11,g062,g062,normal,synthetic_rongorongo_like,
tablet_011,217,12,g022,g022,normal,synthetic_rongorongo_like,
tablet_011,217,13,g099,g099,normal,synthetic_rongorongo_like,
tablet_011,217,14,g001,g001,normal,synthetic_rongorongo_like,
tablet_011,217,15,g063,g063,normal,synthetic_rongorongo_like,
tablet_011,217,16,g021,g021,normal,synthetic_rongorongo_like,
tablet_011,217,17,g003,g003,normal,synthetic_rongorongo_like,
tablet_011,217,18,g021,g021,normal,synthetic_rongorongo_like,
tablet_011,217,19,g021,g021,normal,synthetic_rongorongo_like,
tablet_011,217,20,g021,g021,normal,synthetic_rongorongo_like,
tablet_011,217,21,g002,g002,normal,synthetic_rongorongo_like,
tablet_011,217,22,g002,g002,normal,synthetic_rongorongo_like,
tablet_011,217,23,g021,g021,normal,synthetic_rongorongo_like,
tablet_011,217,24,g021,g021,normal,synthetic_rongorongo_like,
tablet_011,217,25,g021,g021,normal,synthetic_rongorongo_like,
tablet_011,217,26,g001,g001,normal,synthetic_rongorongo_like,
tablet_011,217,27,g001,g001,normal,synthetic_rongorongo_like,
tablet_011,217,28,g021,g021,normal,synthetic_rongorongo_like,
tablet_011,217,29,g021,g021,normal,synthetic_rongorongo_like,
tablet_011,217,30,g022,g022,normal,synthetic_rongorongo_like,
tablet_011,217,31,g005,g005,normal,synthetic_rongorongo_like,
tablet_011,217,32,g005,g005,normal,synthetic_rongorongo_like,
tablet_011,217,33,g021,g021,normal,synthetic_rongorongo_like,
tablet_011,217,34,g001,g001,normal,synthetic_rongorongo_like,
tablet_011,217,35,g021,g021,normal,synthetic_rongorongo_like,
tablet_011,217,36,g003,g003,normal,synthetic_rongorongo_like,
tablet_011,217,37,g003,g003,normal,synthetic_rongorongo_like,
tablet_011,217,38,g021,g021,normal,synthetic_rongorongo_like,
tablet_011,217,39,g044,g044,normal,synthetic_rongorongo_like,
tablet_011,217,40,g021,g021,normal,synthetic_rongorongo_like,
tablet_011,218,1,g002,g002,normal,synthetic_rongorongo_like,
tablet_011,218,2,g002,g002,normal,synthetic_rongorongo_like,
tablet_011,218,3,g001,g001,normal,synthetic_rongorongo_like,
tablet_011,218,4,g021,g021,normal,synthetic_rongorongo_like,
tablet_011,218,5,g070,g070,normal,synthetic_rongorongo_like,
tablet_011,218,6,g021,g021,normal,synthetic_rongorongo_like,
tablet_011,218,7,g061,g061,normal,synthetic_rongorongo_like,
tablet_011,218,8,g061,g061,normal,synthetic_rongorongo_like,
tablet_011,218,9,g061,g061,normal,synthetic_rongorongo_like,
tablet_011,218,10,g061,g061,normal,synthetic_rongorongo_like,
tablet_011,218,11,g021,g021,normal,synthetic_rongorongo_like,
tablet_011,218,12,g003,g003,normal,synthetic_rongorongo_like,
tablet_011,218,13,g061,g061,normal,synthetic_rongorongo_like,
tablet_011,218,14,g008,g008,normal,synthetic_rongorongo_like,
tablet_011,218,15,g018,g018,normal,synthetic_rongorongo_like,
tablet_011,218,16,g018,g018,normal,synthetic_rongorongo_like,
tablet_011,218,17,g001,g001,normal,synthetic_rongorongo_like,
tablet_011,218,18,g021,g021,normal,synthetic_rongorongo_like,
tablet_011,218,19,g023,g023,normal,synthetic_rongorongo_like,
tablet_011,218,20,g023,g023,normal,synthetic_rongorongo_like,
tablet_011,218,21,g021,g021,normal,synthetic_rongorongo_like,
tablet_011,218,22,g021,g021,normal,synthetic_rongorongo_like,
tablet_011,218,23,g013,g013,normal,synthetic_rongorongo_like,
tablet_011,218,24,g006,g006,normal,synthetic_rongorongo_like,
tablet_011,218,25,g006,g006,normal,synthetic_rongorongo_like,
tablet_011,218,26,g006,g006,normal,synthetic_rongorongo_like,
tablet_011,218,27,g002,g002,normal,synthetic_rongorongo_like,
tablet_011,218,28,g003,g003,normal,synthetic_rongorongo_like,
tablet_011,218,29,g017,g017,normal,synthetic_rongorongo_like,
tablet_011,218,30,g022,g022,normal,synthetic_rongorongo_like,
tablet_011,218,31,g022,g022,normal,synthetic_rongorongo_like,
tablet_011,218,32,g021,g021,normal,synthetic_rongorongo_like,
tablet_011,218,33,g001,g001,normal,synthetic_rongorongo_like,
tablet_011,218,34,g021,g021,normal,synthetic_rongorongo_like,
tablet_011,218,35,g025,g025,normal,synthetic_rongorongo_like,
tablet_011,218,36,g025,g025,normal,synthetic_rongorongo_like,
tablet_011,218,37,g001,g001,normal,synthetic_rongorongo_like,
tablet_011,218,38,g038,g038,normal,synthetic_rongorongo_like,
tablet_011,218,39,g021,g021,normal,synthetic_rongorongo_like,
tablet_011,218,40,g003,g003,normal,synthetic_rongorongo_like,
tablet_011,219,1,g013,g013,normal,synthetic_rongorongo_like,
tablet_011,219,2,g095,g095,normal,synthetic_rongorongo_like,
tablet_011,219,3,g004,g004,normal,synthetic_rongorongo_like,
tablet_011,219,4,g021,g021,normal,synthetic_rongorongo_like,
tablet_011,219,5,g001,g001,normal,synthetic_rongorongo_like,
tablet_011,219,6,g009,g009,normal,synthetic_rongorongo_like,
tablet_011,219,7,g001,g001,normal,synthetic_rongorongo_like,
tablet_011,219,8,g002,g002,normal,synthetic_rongorongo_like,
tablet_011,219,9,g002,g002,normal,synthetic_rongorongo_like,
tablet_011,219,10,g003,g003,normal,synthetic_rongorongo_like,
tablet_011,219,11,g001,g001,normal,synthetic_rongorongo_like,
tablet_011,219,12,g004,g004,normal,synthetic_rongorongo_like,
tablet_011,219,13,g021,g021,normal,synthetic_rongorongo_like,
tablet_011,219,14,g026,g026,normal,synthetic_rongorongo_like,
tablet_011,219,15,g061,g061,normal,synthetic_rongorongo_like,
tablet_011,219,16,g006,g006,normal,synthetic_rongorongo_like,
tablet_011,219,17,g022,g022,normal,synthetic_rongorongo_like,
tablet_011,219,18,g021,g021,normal,synthetic_rongorongo_like,
tablet_011,219,19,g003,g003,normal,synthetic_rongorongo_like,
tablet_011,219,20,g003,g003,normal,synthetic_rongorongo_like,
tablet_011,219,21,g061,g061,normal,synthetic_rongorongo_like,
tablet_011,219,22,g061,g061,normal,synthetic_rongorongo_like,
tablet_011,219,23,g061,g061,normal,synthetic_rongorongo_like,
tablet_011,219,24,g061,g061,normal,synthetic_rongorongo_like,
tablet_011,219,25,g016,g016,normal,synthetic_rongorongo_like,
tablet_011,219,26,g016,g016,normal,synthetic_rongorongo_like,
tablet_011,219,27,g021,g021,normal,synthetic_rongorongo_like,
tablet_011,219,28,g002,g002,normal,synthetic_rongorongo_like,
tablet_011,219,29,g001,g001,normal,synthetic_rongorongo_like,
tablet_011,219,30,g022,g022,normal,synthetic_rongorongo_like,
tablet_011,219,31,g021,g021,normal,synthetic_rongorongo_like,
tablet_011,219,32,g022,g022,normal,synthetic_rongorongo_like,
tablet_011,219,33,g022,g022,normal,synthetic_rongorongo_like,
tablet_011,219,34,g005,g005,normal,synthetic_rongorongo_like,
tablet_011,219,35,g022,g022,normal,synthetic_rongorongo_like,
tablet_011,219,36,g009,g009,normal,synthetic_rongorongo_like,
tablet_011,219,37,g005,g005,normal,synthetic_rongorongo_like,
tablet_011,219,38,g064,g064,normal,synthetic_rongorongo_like,
tablet_011,219,39,g025,g025,normal,synthetic_rongorongo_like,
tablet_011,219,40,g021,g021,normal,synthetic_rongorongo_like,
tablet_011,220,1,g001,g001,normal,synthetic_rongorongo_like,
tablet_011,220,2,g001,g001,normal,synthetic_rongorongo_like,
tablet_011,220,3,g003,g003,normal,synthetic_rongorongo_like,
tablet_011,220,4,g003,g003,normal,synthetic_rongorongo_like,
tablet_011,220,5,g062,g062,normal,synthetic_rongorongo_like,
tablet_011,220,6,g055,g055,normal,synthetic_rongorongo_like,
tablet_011,220,7,g021,g021,normal,synthetic_rongorongo_like,
tablet_011,220,8,g001,g001,normal,synthetic_rongorongo_like,
tablet_011,220,9,g003,g003,normal,synthetic_rongorongo_like,
tablet_011,220,10,g071,g071,normal,synthetic_rongorongo_like,
tablet_011,220,11,g061,g061,normal,synthetic_rongorongo_like,
tablet_011,220,12,g061,g061,normal,synthetic_rongorongo_like,
tablet_011,220,13,g061,g061,normal,synthetic_rongorongo_like,
tablet_011,220,14,g022,g022,normal,synthetic_rongorongo_like,
tablet_011,220,15,g022,g022,normal,synthetic_rongorongo_like,
tablet_011,220,16,g022,g022,normal,synthetic_rongorongo_like,
tablet_011,220,17,g001,g001,normal,synthetic_rongorongo_like,
tablet_011,220,18,g001,g001,normal,synthetic_rongorongo_like,
tablet_011,220,19,g001,g001,normal,synthetic_rongorongo_like,
tablet_011,220,20,g061,g061,normal,synthetic_rongorongo_like,
tablet_011,220,21,g061,g061,normal,synthetic_rongorongo_like,
tablet_011,220,22,g021,g021,normal,synthetic_rongorongo_like,
tablet_011,220,23,g023,g023,normal,synthetic_rongorongo_like,
tablet_011,220,24,g023,g023,normal,synthetic_rongorongo_like,
tablet_011,220,25,g003,g003,normal,synthetic_rongorongo_like,
tablet_011,220,26,g002,g002,normal,synthetic_rongorongo_like,
tablet_011,220,27,g022,g022,normal,synthetic_rongorongo_like,
tablet_011,220,28,g003,g003,normal,synthetic_rongorongo_like,
tablet_011,220,29,g033,g033,normal,synthetic_rongorongo_like,
tablet_011,220,30,g021,g021,normal,synthetic_rongorongo_like,
tablet_011,220,31,g021,g021,normal,synthetic_rongorongo_like,
tablet_011,220,32,g001,g001,normal,synthetic_rongorongo_like,
tablet_011,220,33,g061,g061,normal,synthetic_rongorongo_like,
tablet_011,220,34,g062,g062,normal,synthetic_rongorongo_like,
tablet_011,220,35,g062,g062,normal,synthetic_rongorongo_like,
tablet_011,220,36,g062,g062,normal,synthetic_rongorongo_like,
tablet_011,220,37,g009,g009,normal,synthetic_rongorongo_like,
tablet_011,220,38,g009,g009,normal,synthetic_rongorongo_like,
tablet_011,220,39,g009,g009,normal,synthetic_rongorongo_like,
tablet_011,220,40,g062,g062,normal,synthetic_rongorongo_like,
tablet_012,221,1,g021,g021,normal,synthetic_rongorongo_like,
tablet_012,221,2,g001,g001,normal,synthetic_rongorongo_like,
tablet_012,221,3,g023,g023,normal,synthetic_rongorongo_like,
tablet_012,221,4,g021,g021,normal,synthetic_rongorongo_like,
tablet_012,221,5,g021,g021,normal,synthetic_rongorongo_like,
tablet_012,221,6,g062,g062,normal,synthetic_rongorongo_like,
tablet_012,221,7,g062,g062,normal,synthetic_rongorongo_like,
tablet_012,221,8,g001,g001,normal,synthetic_rongorongo_like,
tablet_012,221,9,g013,g013,normal,synthetic_rongorongo_like,
tablet_012,221,10,g022,g022,normal,synthetic_rongorongo_like,
tablet_012,221,11,g005,g005,normal,synthetic_rongorongo_like,
tablet_012,221,12,g001,g001,normal,synthetic_rongorongo_like,
tablet_012,221,13,g023,g023,normal,synthetic_rongorongo_like,
tablet_012,221,14,g023,g023,normal,synthetic_rongorongo_like,
tablet_012,221,15,g021,g021,normal,synthetic_rongorongo_like,
tablet_012,221,16,g062,g062,normal,synthetic_rongorongo_like,
tablet_012,221,17,g027,g027,normal,synthetic_rongorongo_like,
tablet_012,221,18,g063,g063,normal,synthetic_rongorongo_like,
tablet_012,221,19,g049,g049,normal,synthetic_rongorongo_like,
tablet_012,221,20,g003,g003,normal,synthetic_rongorongo_like,
tablet_012,221,21,g003,g003,normal,synthetic_rongorongo_like,
tablet_012,221,22,g003,g003,normal,synthetic_rongorongo_like,
tablet_012,221,23,g021,g021,normal,synthetic_rongorongo_like,
tablet_012,221,24,g021,g021,normal,synthetic_rongorongo_like,
tablet_012,221,25,g021,g021,normal,synthetic_rongorongo_like,
tablet_012,221,26,g021,g021,normal,synthetic_rongorongo_like,
tablet_012,221,27,g063,g063,normal,synthetic_rongorongo_like,
tablet_012,221,28,g003,g003,normal,synthetic_rongorongo_like,
tablet_012,221,29,g070,g070,normal,synthetic_rongorongo_like,
tablet_012,221,30,g001,g001,normal,synthetic_rongorongo_like,
tablet_012,221,31,g002,g002,normal,synthetic_rongorongo_like,
tablet_012,221,32,g061,g061,normal,synthetic_rongorongo_like,
tablet_012,221,33,g025,g025,normal,synthetic_rongorongo_like,
tablet_012,221,34,g025,g025,normal,synthetic_rongorongo_like,
tablet_012,221,35,g025,g025,normal,synthetic_rongorongo_like,
tablet_012,221,36,g021,g021,normal,synthetic_rongorongo_like,
tablet_012,221,37,g022,g022,normal,synthetic_rongorongo_like,
tablet_012,221,38,g021,g021,normal,synthetic_rongorongo_like,
tablet_012,221,39,g021,g021,normal,synthetic_rongorongo_like,
tablet_012,221,40,g005,g005,normal,synthetic_rongorongo_like,
tablet_012,222,1,g001,g001,normal,synthetic_rongorongo_like,
tablet_012,222,2,g002,g002,normal,synthetic_rongorongo_like,
tablet_012,222,3,g002,g002,normal,synthetic_rongorongo_like,
tablet_012,222,4,g066,g066,normal,synthetic_rongorongo_like,
tablet_012,222,5,g001,g001,normal,synthetic_rongorongo_like,
tablet_012,222,6,g015,g015,normal,synthetic_rongorongo_like,
tablet_012,222,7,g021,g021,normal,synthetic_rongorongo_like,
tablet_012,222,8,g078,g078,normal,synthetic_rongorongo_like,
tablet_012,222,9,g078,g078,normal,synthetic_rongorongo_like,
tablet_012,222,10,g011,g011,normal,synthetic_rongorongo_like,
tablet_012,222,11,g002,g002,normal,synthetic_rongorongo_like,
tablet_012,222,12,g002,g002,normal,synthetic_rongorongo_like,
tablet_012,222,13,g061,g061,normal,synthetic_rongorongo_like,
tablet_012,222,14,g022,g022,normal,synthetic_rongorongo_like,
tablet_012,222,15,g004,g004,normal,synthetic_rongorongo_like,
tablet_012,222,16,g021,g021,normal,synthetic_rongorongo_like,
tablet_012,222,17,g064,g064,normal,synthetic_rongorongo_like,
tablet_012,222,18,g005,g005,normal,synthetic_rongorongo_like,
tablet_012,222,19,g001,g001,normal,synthetic_rongorongo_like,
tablet_012,222,20,g001,g001,normal,synthetic_rongorongo_like,
tablet_012,222,21,g001,g001,normal,synthetic_rongorongo_like,
tablet_012,222,22,g022,g022,normal,synthetic_rongorongo_like,
tablet_012,222,23,g001,g001,normal,synthetic_rongorongo_like,
tablet_012,222,24,g061,g061,normal,synthetic_rongorongo_like,
tablet_012,222,25,g061,g061,normal,synthetic_rongorongo_like,
tablet_012,222,26,g061,g061,normal,synthetic_rongorongo_like,
tablet_012,222,27,g036,g036,normal,synthetic_rongorongo_like,
tablet_012,222,28,g061,g061,normal,synthetic_rongorongo_like,
tablet_012,222,29,g064,g064,normal,synthetic_rongorongo_like,
tablet_012,222,30,g001,g001,normal,synthetic_rongorongo_like,
tablet_012,222,31,g005,g005,normal,synthetic_rongorongo_like,
tablet_012,222,32,g019,g019,normal,synthetic_rongorongo_like,
tablet_012,222,33,g014,g014,normal,synthetic_rongorongo_like,
tablet_012,222,34,g061,g061,normal,synthetic_rongorongo_like,
tablet_012,222,35,g061,g061,normal,synthetic_rongorongo_like,
tablet_012,222,36,g061,g061,normal,synthetic_rongorongo_like,
tablet_012,222,37,g002,g002,normal,synthetic_rongorongo_like,
tablet_012,222,38,g002,g002,normal,synthetic_rongorongo_like,
tablet_012,222,39,g002,g002,normal,synthetic_rongorongo_like,
tablet_012,222,40,g003,g003,normal,synthetic_rongorongo_like,
tablet_012,223,1,g001,g001,normal,synthetic_rongorongo_like,
tablet_012,223,2,g001,g001,normal,synthetic_rongorongo_like,
tablet_012,223,3,g005,g005,normal,synthetic_rongorongo_like,
tablet_012,223,4,g021,g021,normal,synthetic_rongorongo_like,
tablet_012,223,5,g002,g002,normal,synthetic_rongorongo_like,
tablet_012,223,6,g002,g002,normal,synthetic_rongorongo_like,
tablet_012,223,7,g027,g027,normal,synthetic_rongorongo_like,
tablet_012,223,8,g027,g027,normal,synthetic_rongorongo_like,
tablet_012,223,9,g027,g027,normal,synthetic_rongorongo_like,
tablet_012,223,10,g021,g021,normal,synthetic_rongorongo_like,
tablet_012,223,11,g003,g003,normal,synthetic_rongorongo_like,
tablet_012,223,12,g021,g021,normal,synthetic_rongorongo_like,
tablet_012,223,13,g061,g061,normal,synthetic_rongorongo_like,
tablet_012,223,14,g002,g002,normal,synthetic_rongorongo_like,
tablet_012,223,15,g071,g071,normal,synthetic_rongorongo_like,
tablet_012,223,16,g002,g002,normal,synthetic_rongorongo_like,
tablet_012,223,17,g022,g022,normal,synthetic_rongorongo_like,
tablet_012,223,18,g065,g065,normal,synthetic_rongorongo_like,
tablet_012,223,19,g065,g065,normal,synthetic_rongorongo_like,
tablet_012,223,20,g021,g021,normal,synthetic_rongorongo_like,
tablet_012,223,21,g046,g046,normal,synthetic_rongorongo_like,
tablet_012,223,22,g021,g021,normal,synthetic_rongorongo_like,
tablet_012,223,23,g002,g002,normal,synthetic_rongorongo_like,
tablet_012,223,24,g005,g005,normal,synthetic_rongorongo_like,
tablet_012,223,25,g005,g005,normal,synthetic_rongorongo_like,
tablet_012,223,26,g023,g023,normal,synthetic_rongorongo_like,
tablet_012,223,27,g023,g023,normal,synthetic_rongorongo_like,
tablet_012,223,28,g022,g022,normal,synthetic_rongorongo_like,
tablet_012,223,29,g022,g022,normal,synthetic_rongorongo_like,
tablet_012,223,30,g061,g061,normal,synthetic_rongorongo_like,
tablet_012,223,31,g013,g013,normal,synthetic_rongorongo_like,
tablet_012,223,32,g061,g061,normal,synthetic_rongorongo_like,
tablet_012,223,33,g009,g009,normal,synthetic_rongorongo_like,
tablet_012,223,34,g011,g011,normal,synthetic_rongorongo_like,
tablet_012,223,35,g022,g022,normal,synthetic_rongorongo_like,
tablet_012,223,36,g062,g062,normal,synthetic_rongorongo_like,
tablet_012,223,37,g062,g062,normal,synthetic_rongorongo_like,
tablet_012,223,38,g004,g004,normal,synthetic_rongorongo_like,
tablet_012,223,39,g021,g021,normal,synthetic_rongorongo_like,
tablet_012,223,40,g085,g085,normal,synthetic_rongorongo_like,
tablet_012,224,1,g025,g025,normal,synthetic_rongorongo_like,
tablet_012,224,2,g001,g001,normal,synthetic_rongorongo_like,
tablet_012,224,3,g002,g002,normal,synthetic_rongorongo_like,
tablet_012,224,4,g021,g021,normal,synthetic_rongorongo_like,
tablet_012,224,5,g001,g001,normal,synthetic_rongorongo_like,
tablet_012,224,6,g021,g021,normal,synthetic_rongorongo_like,
tablet_012,224,7,g021,g021,normal,synthetic_rongorongo_like,
tablet_012,224,8,g005,g005,normal,synthetic_rongorongo_like,
tablet_012,224,9,g011,g011,normal,synthetic_rongorongo_like,
tablet_012,224,10,g066,g066,normal,synthetic_rongorongo_like,
tablet_012,224,11,g002,g002,normal,synthetic_rongorongo_like,
tablet_012,224,12,g002,g002,normal,synthetic_rongorongo_like,
tablet_012,224,13,g006,g006,normal,synthetic_rongorongo_like,
tablet_012,224,14,g001,g001,normal,synthetic_rongorongo_like,
tablet_012,224,15,g003,g003,normal,synthetic_rongorongo_like,
tablet_012,224,16,g022,g022,normal,synthetic_rongorongo_like,
tablet_012,224,17,g019,g019,normal,synthetic_rongorongo_like,
tablet_012,224,18,g009,g009,normal,synthetic_rongorongo_like,
tablet_012,224,19,g047,g047,normal,synthetic_rongorongo_like,
tablet_012,224,20,g007,g007,normal,synthetic_rongorongo_like,
tablet_012,224,21,g013,g013,normal,synthetic_rongorongo_like,
tablet_012,224,22,g063,g063,normal,synthetic_rongorongo_like,
tablet_012,224,23,g022,g022,normal,synthetic_rongorongo_like,
tablet_012,224,24,g023,g023,normal,synthetic_rongorongo_like,
tablet_012,224,25,g004,g004,normal,synthetic_rongorongo_like,
tablet_012,224,26,g009,g009,normal,synthetic_rongorongo_like,
tablet_012,224,27,g009,g009,normal,synthetic_rongorongo_like,
tablet_012,224,28,g002,g002,normal,synthetic_rongorongo_like,
tablet_012,224,29,g021,g021,normal,synthetic_rongorongo_like,
tablet_012,224,30,g005,g005,normal,synthetic_rongorongo_like,
tablet_012,224,31,g021,g021,normal,synthetic_rongorongo_like,
tablet_012,224,32,g021,g021,normal,synthetic_rongorongo_like,
tablet_012,224,33,g022,g022,normal,synthetic_rongorongo_like,
tablet_012,224,34,g022,g022,normal,synthetic_rongorongo_like,
tablet_012,224,35,g022,g022,normal,synthetic_rongorongo_like,
tablet_012,224,36,g002,g002,normal,synthetic_rongorongo_like,
tablet_012,224,37,g014,g014,normal,synthetic_rongorongo_like,
tablet_012,224,38,g001,g001,normal,synthetic_rongorongo_like,
tablet_012,224,39,g081,g081,normal,synthetic_rongorongo_like,
tablet_012,224,40,g021,g021,normal,synthetic_rongorongo_like,
tablet_012,225,1,g007,g007,normal,synthetic_rongorongo_like,
tablet_012,225,2,g061,g061,normal,synthetic_rongorongo_like,
tablet_012,225,3,g012,g012,normal,synthetic_rongorongo_like,
tablet_012,225,4,g002,g002,normal,synthetic_rongorongo_like,
tablet_012,225,5,g036,g036,normal,synthetic_rongorongo_like,
tablet_012,225,6,g074,g074,normal,synthetic_rongorongo_like,
tablet_012,225,7,g062,g062,normal,synthetic_rongorongo_like,
tablet_012,225,8,g062,g062,normal,synthetic_rongorongo_like,
tablet_012,225,9,g062,g062,normal,synthetic_rongorongo_like,
tablet_012,225,10,g015,g015,normal,synthetic_rongorongo_like,
tablet_012,225,11,g007,g007,normal,synthetic_rongorongo_like,
tablet_012,225,12,g021,g021,normal,synthetic_rongorongo_like,
tablet_012,225,13,g026,g026,normal,synthetic_rongorongo_like,
tablet_012,225,14,g021,g021,normal,synthetic_rongorongo_like,
tablet_012,225,15,g001,g001,normal,synthetic_rongorongo_like,
tablet_012,225,16,g001,g001,normal,synthetic_rongorongo_like,
tablet_012,225,17,g001,g001,normal,synthetic_rongorongo_like,
tablet_012,225,18,g018,g018,normal,synthetic_rongorongo_like,
tablet_012,225,19,g021,g021,normal,synthetic_rongorongo_like,
tablet_012,225,20,g021,g021,normal,synthetic_rongorongo_like,
tablet_012,225,21,g001,g001,normal,synthetic_rongorongo_like,
tablet_012,225,22,g021,g021,normal,synthetic_rongorongo_like,
tablet_012,225,23,g021,g021,normal,synthetic_rongorongo_like,
tablet_012,225,24,g022,g022,normal,synthetic_rongorongo_like,
tablet_012,225,25,g009,g009,normal,synthetic_rongorongo_like,
tablet_012,225,26,g021,g021,normal,synthetic_rongorongo_like,
tablet_012,225,27,g021,g021,normal,synthetic_rongorongo_like,
tablet_012,225,28,g003,g003,normal,synthetic_rongorongo_like,
tablet_012,225,29,g060,g060,normal,synthetic_rongorongo_like,
tablet_012,225,30,g060,g060,normal,synthetic_rongorongo_like,
tablet_012,225,31,g072,g072,normal,synthetic_rongorongo_like,
tablet_012,225,32,g030,g030,normal,synthetic_rongorongo_like,
tablet_012,225,33,g021,g021,normal,synthetic_rongorongo_like,
tablet_012,225,34,g061,g061,normal,synthetic_rongorongo_like,
tablet_012,225,35,g004,g004,normal,synthetic_rongorongo_like,
tablet_012,225,36,g010,g010,normal,synthetic_rongorongo_like,
tablet_012,225,37,g061,g061,normal,synthetic_rongorongo_like,
tablet_012,225,38,g062,g062,normal,synthetic_rongorongo_like,
tablet_012,225,39,g061,g061,normal,synthetic_rongorongo_like,
tablet_012,225,40,g001,g001,normal,synthetic_rongorongo_like,
tablet_012,226,1,g062,g062,normal,synthetic_rongorongo_like,
tablet_012,226,2,g005,g005,normal,synthetic_rongorongo_like,
tablet_012,226,3,g001,g001,normal,synthetic_rongorongo_like,
tablet_012,226,4,g021,g021,normal,synthetic_rongorongo_like,
tablet_012,226,5,g061,g061,normal,synthetic_rongorongo_like,
tablet_012,226,6,g061,g061,normal,synthetic_rongorongo_like,
tablet_012,226,7,g001,g001,normal,synthetic_rongorongo_like,
tablet_012,226,8,g061,g061,normal,synthetic_rongorongo_like,
tablet_012,226,9,g061,g061,normal,synthetic_rongorongo_like,
tablet_012,226,10,g061,g061,normal,synthetic_rongorongo_like,
tablet_012,226,11,g061,g061,normal,synthetic_rongorongo_like,
tablet_012,226,12,g061,g061,normal,synthetic_rongorongo_like,
tablet_012,226,13,g042,g042,normal,synthetic_rongorongo_like,
tablet_012,226,14,g106,g106,normal,synthetic_rongorongo_like,
tablet_012,226,15,g106,g106,normal,synthetic_rongorongo_like,
tablet_012,226,16,g061,g061,normal,synthetic_rongorongo_like,
tablet_012,226,17,g021,g021,normal,synthetic_rongorongo_like,
tablet_012,226,18,g061,g061,normal,synthetic_rongorongo_like,
tablet_012,226,19,g001,g001,normal,synthetic_rongorongo_like,
tablet_012,226,20,g017,g017,normal,synthetic_rongorongo_like,
tablet_012,226,21,g027,g027,normal,synthetic_rongorongo_like,
tablet_012,226,22,g027,g027,normal,synthetic_rongorongo_like,
tablet_012,226,23,g021,g021,normal,synthetic_rongorongo_like,
tablet_012,226,24,g032,g032,normal,synthetic_rongorongo_like,
tablet_012,226,25,g032,g032,normal,synthetic_rongorongo_like,
tablet_012,226,26,g005,g005,normal,synthetic_rongorongo_like,
tablet_012,226,27,g005,g005,normal,synthetic_rongorongo_like,
tablet_012,226,28,g021,g021,normal,synthetic_rongorongo_like,
tablet_012,226,29,g021,g021,normal,synthetic_rongorongo_like,
tablet_012,226,30,g021,g021,normal,synthetic_rongorongo_like,
tablet_012,226,31,g021,g021,normal,synthetic_rongorongo_like,
tablet_012,226,32,g021,g021,normal,synthetic_rongorongo_like,
tablet_012,226,33,g017,g017,normal,synthetic_rongorongo_like,
tablet_012,226,34,g061,g061,normal,synthetic_rongorongo_like,
tablet_012,226,35,g021,g021,normal,synthetic_rongorongo_like,
tablet_012,226,36,g021,g021,normal,synthetic_rongorongo_like,
tablet_012,226,37,g061,g061,normal,synthetic_rongorongo_like,
tablet_012,226,38,g022,g022,normal,synthetic_rongorongo_like,
tablet_012,226,39,g021,g021,normal,synthetic_rongorongo_like,
tablet_012,226,40,g006,g006,normal,synthetic_rongorongo_like,
tablet_012,227,1,g061,g061,normal,synthetic_rongorongo_like,
tablet_012,227,2,g001,g001,normal,synthetic_rongorongo_like,
tablet_012,227,3,g021,g021,normal,synthetic_rongorongo_like,
tablet_012,227,4,g002,g002,normal,synthetic_rongorongo_like,
tablet_012,227,5,g001,g001,normal,synthetic_rongorongo_like,
tablet_012,227,6,g002,g002,normal,synthetic_rongorongo_like,
tablet_012,227,7,g002,g002,normal,synthetic_rongorongo_like,
tablet_012,227,8,g024,g024,normal,synthetic_rongorongo_like,
tablet_012,227,9,g021,g021,normal,synthetic_rongorongo_like,
tablet_012,227,10,g021,g021,normal,synthetic_rongorongo_like,
tablet_012,227,11,g021,g021,normal,synthetic_rongorongo_like,
tablet_012,227,12,g055,g055,normal,synthetic_rongorongo_like,
tablet_012,227,13,g001,g001,normal,synthetic_rongorongo_like,
tablet_012,227,14,g014,g014,normal,synthetic_rongorongo_like,
tablet_012,227,15,g001,g001,normal,synthetic_rongorongo_like,
tablet_012,227,16,g025,g025,normal,synthetic_rongorongo_like,
tablet_012,227,17,g013,g013,normal,synthetic_rongorongo_like,
tablet_012,227,18,g003,g003,normal,synthetic_rongorongo_like,
tablet_012,227,19,g021,g021,normal,synthetic_rongorongo_like,
tablet_012,227,20,g021,g021,normal,synthetic_rongorongo_like,
tablet_012,227,21,g021,g021,normal,synthetic_rongorongo_like,
tablet_012,227,22,g005,g005,normal,synthetic_rongorongo_like,
tablet_012,227,23,g062,g062,normal,synthetic_rongorongo_like,
tablet_012,227,24,g001,g001,normal,synthetic_rongorongo_like,
tablet_012,227,25,g001,g001,normal,synthetic_rongorongo_like,
tablet_012,227,26,g029,g029,normal,synthetic_rongorongo_like,
tablet_012,227,27,g033,g033,normal,synthetic_rongorongo_like,
tablet_012,227,28,g011,g011,normal,synthetic_rongorongo_like,
tablet_012,227,29,g061,g061,normal,synthetic_rongorongo_like,
tablet_012,227,30,g061,g061,normal,synthetic_rongorongo_like,
tablet_012,227,31,g023,g023,normal,synthetic_rongorongo_like,
tablet_012,227,32,g032,g032,normal,synthetic_rongorongo_like,
tablet_012,227,33,g032,g032,normal,synthetic_rongorongo_like,
tablet_012,227,34,g031,g031,normal,synthetic_rongorongo_like,
tablet_012,227,35,g031,g031,normal,synthetic_rongorongo_like,
tablet_012,227,36,g012,g012,normal,synthetic_rongorongo_like,
tablet_012,227,37,g012,g012,normal,synthetic_rongorongo_like,
tablet_012,227,38,g061,g061,normal,synthetic_rongorongo_like,
tablet_012,227,39,g061,g061,normal,synthetic_rongorongo_like,
tablet_012,227,40,g001,g001,normal,synthetic_rongorongo_like,
tablet_012,228,1,g019,g019,normal,synthetic_rongorongo_like,
tablet_012,228,2,g028,g028,normal,synthetic_rongorongo_like,
tablet_012,228,3,g028,g028,normal,synthetic_rongorongo_like,
tablet_012,228,4,g001,g001,normal,synthetic_rongorongo_like,
tablet_012,228,5,g022,g022,normal,synthetic_rongorongo_like,
tablet_012,228,6,g018,g018,normal,synthetic_rongorongo_like,
tablet_012,228,7,g018,g018,normal,synthetic_rongorongo_like,
tablet_012,228,8,g021,g021,normal,synthetic_rongorongo_like,
tablet_012,228,9,g001,g001,normal,synthetic_rongorongo_like,
tablet_012,228,10,g022,g022,normal,synthetic_rongorongo_like,
tablet_012,228,11,g021,g021,normal,synthetic_rongorongo_like,
tablet_012,228,12,g070,g070,normal,synthetic_rongorongo_like,
tablet_012,228,13,g001,g001,normal,synthetic_rongorongo_like,
tablet_012,228,14,g001,g001,normal,synthetic_rongorongo_like,
tablet_012,228,15,g022,g022,normal,synthetic_rongorongo_like,
tablet_012,228,16,g002,g002,normal,synthetic_rongorongo_like,
tablet_012,228,17,g061,g061,normal,synthetic_rongorongo_like,
tablet_012,228,18,g003,g003,normal,synthetic_rongorongo_like,
tablet_012,228,19,g023,g023,normal,synthetic_rongorongo_like,
tablet_012,228,20,g005,g005,normal,synthetic_rongorongo_like,
tablet_012,228,21,g005,g005,normal,synthetic_rongorongo_like,
tablet_012,228,22,g005,g005,normal,synthetic_rongorongo_like,
tablet_012,228,23,g024,g024,normal,synthetic_rongorongo_like,
tablet_012,228,24,g026,g026,normal,synthetic_rongorongo_like,
tablet_012,228,25,g063,g063,normal,synthetic_rongorongo_like,
tablet_012,228,26,g001,g001,normal,synthetic_rongorongo_like,
tablet_012,228,27,g001,g001,normal,synthetic_rongorongo_like,
tablet_012,228,28,g061,g061,normal,synthetic_rongorongo_like,
tablet_012,228,29,g001,g001,normal,synthetic_rongorongo_like,
tablet_012,228,30,g001,g001,normal,synthetic_rongorongo_like,
tablet_012,228,31,g023,g023,normal,synthetic_rongorongo_like,
tablet_012,228,32,g021,g021,normal,synthetic_rongorongo_like,
tablet_012,228,33,g021,g021,normal,synthetic_rongorongo_like,
tablet_012,228,34,g003,g003,normal,synthetic_rongorongo_like,
tablet_012,228,35,g065,g065,normal,synthetic_rongorongo_like,
tablet_012,228,36,g065,g065,normal,synthetic_rongorongo_like,
tablet_012,228,37,g021,g021,normal,synthetic_rongorongo_like,
tablet_012,228,38,g021,g021,normal,synthetic_rongorongo_like,
tablet_012,228,39,g007,g007,normal,synthetic_rongorongo_like,
tablet_012,228,40,g024,g024,normal,synthetic_rongorongo_like,
tablet_012,229,1,g021,g021,normal,synthetic_rongorongo_like,
tablet_012,229,2,g005,g005,normal,synthetic_rongorongo_like,
tablet_012,229,3,g001,g001,normal,synthetic_rongorongo_like,
tablet_012,229,4,g001,g001,normal,synthetic_rongorongo_like,
tablet_012,229,5,g024,g024,normal,synthetic_rongorongo_like,
tablet_012,229,6,g024,g024,normal,synthetic_rongorongo_like,
tablet_012,229,7,g024,g024,normal,synthetic_rongorongo_like,
tablet_012,229,8,g002,g002,normal,synthetic_rongorongo_like,
tablet_012,229,9,g002,g002,normal,synthetic_rongorongo_like,
tablet_012,229,10,g026,g026,normal,synthetic_rongorongo_like,
tablet_012,229,11,g005,g005,normal,synthetic_rongorongo_like,
tablet_012,229,12,g028,g028,normal,synthetic_rongorongo_like,
tablet_012,229,13,g028,g028,normal,synthetic_rongorongo_like,
tablet_012,229,14,g068,g068,normal,synthetic_rongorongo_like,
tablet_012,229,15,g021,g021,normal,synthetic_rongorongo_like,
tablet_012,229,16,g036,g036,normal,synthetic_rongorongo_like,
tablet_012,229,17,g022,g022,normal,synthetic_rongorongo_like,
tablet_012,229,18,g001,g001,normal,synthetic_rongorongo_like,
tablet_012,229,19,g061,g061,normal,synthetic_rongorongo_like,
tablet_012,229,20,g061,g061,normal,synthetic_rongorongo_like,
tablet_012,229,21,g021,g021,normal,synthetic_rongorongo_like,
tablet_012,229,22,g008,g008,normal,synthetic_rongorongo_like,
tablet_012,229,23,g021,g021,normal,synthetic_rongorongo_like,
tablet_012,229,24,g021,g021,normal,synthetic_rongorongo_like,
tablet_012,229,25,g021,g021,normal,synthetic_rongorongo_like,
tablet_012,229,26,g061,g061,normal,synthetic_rongorongo_like,
tablet_012,229,27,g072,g072,normal,synthetic_rongorongo_like,
tablet_012,229,28,g072,g072,normal,synthetic_rongorongo_like,
tablet_012,229,29,g061,g061,normal,synthetic_rongorongo_like,
tablet_012,229,30,g061,g061,normal,synthetic_rongorongo_like,
tablet_012,229,31,g027,g027,normal,synthetic_rongorongo_like,
tablet_012,229,32,g021,g021,normal,synthetic_rongorongo_like,
tablet_012,229,33,g002,g002,normal,synthetic_rongorongo_like,
tablet_012,229,34,g001,g001,normal,synthetic_rongorongo_like,
tablet_012,229,35,g062,g062,normal,synthetic_rongorongo_like,
tablet_012,229,36,g001,g001,normal,synthetic_rongorongo_like,
tablet_012,229,37,g011,g011,normal,synthetic_rongorongo_like,
tablet_012,229,38,g005,g005,normal,synthetic_rongorongo_like,
tablet_012,229,39,g005,g005,normal,synthetic_rongorongo_like,
tablet_012,229,40,g033,g033,normal,synthetic_rongorongo_like,
tablet_012,230,1,g082,g082,normal,synthetic_rongorongo_like,
tablet_012,230,2,g001,g001,normal,synthetic_rongorongo_like,
tablet_012,230,3,g061,g061,normal,synthetic_rongorongo_like,
tablet_012,230,4,g001,g001,normal,synthetic_rongorongo_like,
tablet_012,230,5,g022,g022,normal,synthetic_rongorongo_like,
tablet_012,230,6,g002,g002,normal,synthetic_rongorongo_like,
tablet_012,230,7,g002,g002,normal,synthetic_rongorongo_like,
tablet_012,230,8,g021,g021,normal,synthetic_rongorongo_like,
tablet_012,230,9,g027,g027,normal,synthetic_rongorongo_like,
tablet_012,230,10,g022,g022,normal,synthetic_rongorongo_like,
tablet_012,230,11,g001,g001,normal,synthetic_rongorongo_like,
tablet_012,230,12,g031,g031,normal,synthetic_rongorongo_like,
tablet_012,230,13,g001,g001,normal,synthetic_rongorongo_like,
tablet_012,230,14,g021,g021,normal,synthetic_rongorongo_like,
tablet_012,230,15,g005,g005,normal,synthetic_rongorongo_like,
tablet_012,230,16,g005,g005,normal,synthetic_rongorongo_like,
tablet_012,230,17,g021,g021,normal,synthetic_rongorongo_like,
tablet_012,230,18,g004,g004,normal,synthetic_rongorongo_like,
tablet_012,230,19,g022,g022,normal,synthetic_rongorongo_like,
tablet_012,230,20,g024,g024,normal,synthetic_rongorongo_like,
tablet_012,230,21,g024,g024,normal,synthetic_rongorongo_like,
tablet_012,230,22,g002,g002,normal,synthetic_rongorongo_like,
tablet_012,230,23,g001,g001,normal,synthetic_rongorongo_like,
tablet_012,230,24,g056,g056,normal,synthetic_rongorongo_like,
tablet_012,230,25,g001,g001,normal,synthetic_rongorongo_like,
tablet_012,230,26,g024,g024,normal,synthetic_rongorongo_like,
tablet_012,230,27,g021,g021,normal,synthetic_rongorongo_like,
tablet_012,230,28,g005,g005,normal,synthetic_rongorongo_like,
tablet_012,230,29,g005,g005,normal,synthetic_rongorongo_like,
tablet_012,230,30,g022,g022,normal,synthetic_rongorongo_like,
tablet_012,230,31,g003,g003,normal,synthetic_rongorongo_like,
tablet_012,230,32,g003,g003,normal,synthetic_rongorongo_like,
tablet_012,230,33,g023,g023,normal,synthetic_rongorongo_like,
tablet_012,230,34,g004,g004,normal,synthetic_rongorongo_like,
tablet_012,230,35,g002,g002,normal,synthetic_rongorongo_like,
tablet_012,230,36,g002,g002,normal,synthetic_rongorongo_like,
tablet_012,230,37,g002,g002,normal,synthetic_rongorongo_like,
tablet_012,230,38,g001,g001,normal,synthetic_rongorongo_like,
tablet_012,230,39,g006,g006,normal,synthetic_rongorongo_like,
tablet_012,230,40,g001,g001,normal,synthetic_rongorongo_like,
tablet_012,231,1,g009,g009,normal,synthetic_rongorongo_like,
tablet_012,231,2,g001,g001,normal,synthetic_rongorongo_like,
tablet_012,231,3,g011,g011,normal,synthetic_rongorongo_like,
tablet_012,231,4,g011,g011,normal,synthetic_rongorongo_like,
tablet_012,231,5,g011,g011,normal,synthetic_rongorongo_like,
tablet_012,231,6,g002,g002,normal,synthetic_rongorongo_like,
tablet_012,231,7,g001,g001,normal,synthetic_rongorongo_like,
tablet_012,231,8,g021,g021,normal,synthetic_rongorongo_like,
tablet_012,231,9,g071,g071,normal,synthetic_rongorongo_like,
tablet_012,231,10,g071,g071,normal,synthetic_rongorongo_like,
tablet_012,231,11,g071,g071,normal,synthetic_rongorongo_like,
tablet_012,231,12,g021,g021,normal,synthetic_rongorongo_like,
tablet_012,231,13,g021,g021,normal,synthetic_rongorongo_like,
tablet_012,231,14,g003,g003,normal,synthetic_rongorongo_like,
tablet_012,231,15,g001,g001,normal,synthetic_rongorongo_like,
tablet_012,231,16,g002,g002,normal,synthetic_rongorongo_like,
tablet_012,231,17,g009,g009,normal,synthetic_rongorongo_like,
tablet_012,231,18,g061,g061,normal,synthetic_rongorongo_like,
tablet_012,231,19,g061,g061,normal,synthetic_rongorongo_like,
tablet_012,231,20,g001,g001,normal,synthetic_rongorongo_like,
tablet_012,231,21,g040,g040,normal,synthetic_rongorongo_like,
tablet_012,231,22,g022,g022,normal,synthetic_rongorongo_like,
tablet_012,231,23,g022,g022,normal,synthetic_rongorongo_like,
tablet_012,231,24,g045,g045,normal,synthetic_rongorongo_like,
tablet_012,231,25,g001,g001,normal,synthetic_rongorongo_like,
tablet_012,231,26,g021,g021,normal,synthetic_rongorongo_like,
tablet_012,231,27,g021,g021,normal,synthetic_rongorongo_like,
tablet_012,231,28,g008,g008,normal,synthetic_rongorongo_like,
tablet_012,231,29,g021,g021,normal,synthetic_rongorongo_like,
tablet_012,231,30,g023,g023,normal,synthetic_rongorongo_like,
tablet_012,231,31,g022,g022,normal,synthetic_rongorongo_like,
tablet_012,231,32,g045,g045,normal,synthetic_rongorongo_like,
tablet_012,231,33,g045,g045,normal,synthetic_rongorongo_like,
tablet_012,231,34,g015,g015,normal,synthetic_rongorongo_like,
tablet_012,231,35,g010,g010,normal,synthetic_rongorongo_like,
tablet_012,231,36,g001,g001,normal,synthetic_rongorongo_like,
tablet_012,231,37,g001,g001,normal,synthetic_rongorongo_like,
tablet_012,231,38,g031,g031,normal,synthetic_rongorongo_like,
tablet_012,231,39,g031,g031,normal,synthetic_rongorongo_like,
tablet_012,231,40,g005,g005,normal,synthetic_rongorongo_like,
tablet_012,232,1,g026,g026,normal,synthetic_rongorongo_like,
tablet_012,232,2,g002,g002,normal,synthetic_rongorongo_like,
tablet_012,232,3,g061,g061,normal,synthetic_rongorongo_like,
tablet_012,232,4,g002,g002,normal,synthetic_rongorongo_like,
tablet_012,232,5,g002,g002,normal,synthetic_rongorongo_like,
tablet_012,232,6,g013,g013,normal,synthetic_rongorongo_like,
tablet_012,232,7,g004,g004,normal,synthetic_rongorongo_like,
tablet_012,232,8,g007,g007,normal,synthetic_rongorongo_like,
tablet_012,232,9,g008,g008,normal,synthetic_rongorongo_like,
tablet_012,232,10,g014,g014,normal,synthetic_rongorongo_like,
tablet_012,232,11,g001,g001,normal,synthetic_rongorongo_like,
tablet_012,232,12,g021,g021,normal,synthetic_rongorongo_like,
tablet_012,232,13,g021,g021,normal,synthetic_rongorongo_like,
tablet_012,232,14,g002,g002,normal,synthetic_rongorongo_like,
tablet_012,232,15,g002,g002,normal,synthetic_rongorongo_like,
tablet_012,232,16,g061,g061,normal,synthetic_rongorongo_like,
tablet_012,232,17,g001,g001,normal,synthetic_rongorongo_like,
tablet_012,232,18,g002,g002,normal,synthetic_rongorongo_like,
tablet_012,232,19,g002,g002,normal,synthetic_rongorongo_like,
tablet_012,232,20,g001,g001,normal,synthetic_rongorongo_like,
tablet_012,232,21,g067,g067,normal,synthetic_rongorongo_like,
tablet_012,232,22,g027,g027,normal,synthetic_rongorongo_like,
tablet_012,232,23,g005,g005,normal,synthetic_rongorongo_like,
tablet_012,232,24,g061,g061,normal,synthetic_rongorongo_like,
tablet_012,232,25,g071,g071,normal,synthetic_rongorongo_like,
tablet_012,232,26,g013,g013,normal,synthetic_rongorongo_like,
tablet_012,232,27,g021,g021,normal,synthetic_rongorongo_like,
tablet_012,232,28,g002,g002,normal,synthetic_rongorongo_like,
tablet_012,232,29,g021,g021,normal,synthetic_rongorongo_like,
tablet_012,232,30,g064,g064,normal,synthetic_rongorongo_like,
tablet_012,232,31,g059,g059,normal,synthetic_rongorongo_like,
tablet_012,232,32,g022,g022,normal,synthetic_rongorongo_like,
tablet_012,232,33,g017,g017,normal,synthetic_rongorongo_like,
tablet_012,232,34,g061,g061,normal,synthetic_rongorongo_like,
tablet_012,232,35,g026,g026,normal,synthetic_rongorongo_like,
tablet_012,232,36,g003,g003,normal,synthetic_rongorongo_like,
tablet_012,232,37,g022,g022,normal,synthetic_rongorongo_like,
tablet_012,232,38,g003,g003,normal,synthetic_rongorongo_like,
tablet_012,232,39,g003,g003,normal,synthetic_rongorongo_like,
tablet_012,232,40,g022,g022,normal,synthetic_rongorongo_like,
tablet_012,233,1,g021,g021,normal,synthetic_rongorongo_like,
tablet_012,233,2,g021,g021,normal,synthetic_rongorongo_like,
tablet_012,233,3,g003,g003,normal,synthetic_rongorongo_like,
tablet_012,233,4,g036,g036,normal,synthetic_rongorongo_like,
tablet_012,233,5,g036,g036,normal,synthetic_rongorongo_like,
tablet_012,233,6,g036,g036,normal,synthetic_rongorongo_like,
tablet_012,233,7,g003,g003,normal,synthetic_rongorongo_like,
tablet_012,233,8,g003,g003,normal,synthetic_rongorongo_like,
tablet_012,233,9,g061,g061,normal,synthetic_rongorongo_like,
tablet_012,233,10,g069,g069,normal,synthetic_rongorongo_like,
tablet_012,233,11,g064,g064,normal,synthetic_rongorongo_like,
tablet_012,233,12,g040,g040,normal,synthetic_rongorongo_like,
tablet_012,233,13,g022,g022,normal,synthetic_rongorongo_like,
tablet_012,233,14,g022,g022,normal,synthetic_rongorongo_like,
tablet_012,233,15,g002,g002,normal,synthetic_rongorongo_like,
tablet_012,233,16,g025,g025,normal,synthetic_rongorongo_like,
tablet_012,233,17,g066,g066,normal,synthetic_rongorongo_like,
tablet_012,233,18,g002,g002,normal,synthetic_rongorongo_like,
tablet_012,233,19,g066,g066,normal,synthetic_rongorongo_like,
tablet_012,233,20,g037,g037,normal,synthetic_rongorongo_like,
tablet_012,233,21,g013,g013,normal,synthetic_rongorongo_like,
tablet_012,233,22,g013,g013,normal,synthetic_rongorongo_like,
tablet_012,233,23,g013,g013,normal,synthetic_rongorongo_like,
tablet_012,233,24,g033,g033,normal,synthetic_rongorongo_like,
tablet_012,233,25,g033,g033,normal,synthetic_rongorongo_like,
tablet_012,233,26,g002,g002,normal,synthetic_rongorongo_like,
tablet_012,233,27,g002,g002,normal,synthetic_rongorongo_like,
tablet_012,233,28,g015,g015,normal,synthetic_rongorongo_like,
tablet_012,233,29,g015,g015,normal,synthetic_rongorongo_like,
tablet_012,233,30,g092,g092,normal,synthetic_rongorongo_like,
tablet_012,233,31,g092,g092,normal,synthetic_rongorongo_like,
tablet_012,233,32,g013,g013,normal,synthetic_rongorongo_like,
tablet_012,233,33,g066,g066,normal,synthetic_rongorongo_like,
tablet_012,233,34,g021,g021,normal,synthetic_rongorongo_like,
tablet_012,233,35,g003,g003,normal,synthetic_rongorongo_like,
tablet_012,233,36,g021,g021,normal,synthetic_rongorongo_like,
tablet_012,233,37,g028,g028,normal,synthetic_rongorongo_like,
tablet_012,233,38,g021,g021,normal,synthetic_rongorongo_like,
tablet_012,233,39,g004,g004,normal,synthetic_rongorongo_like,
tablet_012,233,40,g061,g061,normal,synthetic_rongorongo_like,
tablet_012,234,1,g061,g061,normal,synthetic_rongorongo_like,
tablet_012,234,2,g001,g001,normal,synthetic_rongorongo_like,
tablet_012,234,3,g063,g063,normal,synthetic_rongorongo_like,
tablet_012,234,4,g063,g063,normal,synthetic_rongorongo_like,
tablet_012,234,5,g063,g063,normal,synthetic_rongorongo_like,
tablet_012,234,6,g001,g001,normal,synthetic_rongorongo_like,
tablet_012,234,7,g061,g061,normal,synthetic_rongorongo_like,
tablet_012,234,8,g061,g061,normal,synthetic_rongorongo_like,
tablet_012,234,9,g008,g008,normal,synthetic_rongorongo_like,
tablet_012,234,10,g061,g061,normal,synthetic_rongorongo_like,
tablet_012,234,11,g002,g002,normal,synthetic_rongorongo_like,
tablet_012,234,12,g002,g002,normal,synthetic_rongorongo_like,
tablet_012,234,13,g007,g007,normal,synthetic_rongorongo_like,
tablet_012,234,14,g007,g007,normal,synthetic_rongorongo_like,
tablet_012,234,15,g003,g003,normal,synthetic_rongorongo_like,
tablet_012,234,16,g062,g062,normal,synthetic_rongorongo_like,
tablet_012,234,17,g062,g062,normal,synthetic_rongorongo_like,
tablet_012,234,18,g062,g062,normal,synthetic_rongorongo_like,
tablet_012,234,19,g046,g046,normal,synthetic_rongorongo_like,
tablet_012,234,20,g025,g025,normal,synthetic_rongorongo_like,
tablet_012,234,21,g064,g064,normal,synthetic_rongorongo_like,
tablet_012,234,22,g064,g064,normal,synthetic_rongorongo_like,
tablet_012,234,23,g008,g008,normal,synthetic_rongorongo_like,
tablet_012,234,24,g002,g002,normal,synthetic_rongorongo_like,
tablet_012,234,25,g012,g012,normal,synthetic_rongorongo_like,
tablet_012,234,26,g064,g064,normal,synthetic_rongorongo_like,
tablet_012,234,27,g025,g025,normal,synthetic_rongorongo_like,
tablet_012,234,28,g025,g025,normal,synthetic_rongorongo_like,
tablet_012,234,29,g025,g025,normal,synthetic_rongorongo_like,
tablet_012,234,30,g001,g001,normal,synthetic_rongorongo_like,
tablet_012,234,31,g001,g001,normal,synthetic_rongorongo_like,
tablet_012,234,32,g014,g014,normal,synthetic_rongorongo_like,
tablet_012,234,33,g004,g004,normal,synthetic_rongorongo_like,
tablet_012,234,34,g062,g062,normal,synthetic_rongorongo_like,
tablet_012,234,35,g061,g061,normal,synthetic_rongorongo_like,
tablet_012,234,36,g061,g061,normal,synthetic_rongorongo_like,
tablet_012,234,37,g039,g039,normal,synthetic_rongorongo_like,
tablet_012,234,38,g010,g010,normal,synthetic_rongorongo_like,
tablet_012,234,39,g001,g001,normal,synthetic_rongorongo_like,
tablet_012,234,40,g001,g001,normal,synthetic_rongorongo_like,
tablet_012,235,1,g063,g063,normal,synthetic_rongorongo_like,
tablet_012,235,2,g021,g021,normal,synthetic_rongorongo_like,
tablet_012,235,3,g005,g005,normal,synthetic_rongorongo_like,
tablet_012,235,4,g010,g010,normal,synthetic_rongorongo_like,
tablet_012,235,5,g003,g003,normal,synthetic_rongorongo_like,
tablet_012,235,6,g009,g009,normal,synthetic_rongorongo_like,
tablet_012,235,7,g062,g062,normal,synthetic_rongorongo_like,
tablet_012,235,8,g001,g001,normal,synthetic_rongorongo_like,
tablet_012,235,9,g011,g011,normal,synthetic_rongorongo_like,
tablet_012,235,10,g001,g001,normal,synthetic_rongorongo_like,
tablet_012,235,11,g001,g001,normal,synthetic_rongorongo_like,
tablet_012,235,12,g024,g024,normal,synthetic_rongorongo_like,
tablet_012,235,13,g022,g022,normal,synthetic_rongorongo_like,
tablet_012,235,14,g021,g021,normal,synthetic_rongorongo_like,
tablet_012,235,15,g004,g004,normal,synthetic_rongorongo_like,
tablet_012,235,16,g001,g001,normal,synthetic_rongorongo_like,
tablet_012,235,17,g021,g021,normal,synthetic_rongorongo_like,
tablet_012,235,18,g002,g002,normal,synthetic_rongorongo_like,
tablet_012,235,19,g001,g001,normal,synthetic_rongorongo_like,
tablet_012,235,20,g001,g001,normal,synthetic_rongorongo_like,
tablet_012,235,21,g017,g017,normal,synthetic_rongorongo_like,
tablet_012,235,22,g017,g017,normal,synthetic_rongorongo_like,
tablet_012,235,23,g002,g002,normal,synthetic_rongorongo_like,
tablet_012,235,24,g002,g002,normal,synthetic_rongorongo_like,
tablet_012,235,25,g002,g002,normal,synthetic_rongorongo_like,
tablet_012,235,26,g018,g018,normal,synthetic_rongorongo_like,
tablet_012,235,27,g023,g023,normal,synthetic_rongorongo_like,
tablet_012,235,28,g024,g024,normal,synthetic_rongorongo_like,
tablet_012,235,29,g022,g022,normal,synthetic_rongorongo_like,
tablet_012,235,30,g022,g022,normal,synthetic_rongorongo_like,
tablet_012,235,31,g061,g061,normal,synthetic_rongorongo_like,
tablet_012,235,32,g024,g024,normal,synthetic_rongorongo_like,
tablet_012,235,33,g024,g024,normal,synthetic_rongorongo_like,
tablet_012,235,34,g026,g026,normal,synthetic_rongorongo_like,
tablet_012,235,35,g026,g026,normal,synthetic_rongorongo_like,
tablet_012,235,36,g061,g061,normal,synthetic_rongorongo_like,
tablet_012,235,37,g061,g061,normal,synthetic_rongorongo_like,
tablet_012,235,38,g001,g001,normal,synthetic_rongorongo_like,
tablet_012,235,39,g045,g045,normal,synthetic_rongorongo_like,
tablet_012,235,40,g045,g045,normal,synthetic_rongorongo_like,
tablet_012,236,1,g065,g065,normal,synthetic_rongorongo_like,
tablet_012,236,2,g022,g022,normal,synthetic_rongorongo_like,
tablet_012,236,3,g078,g078,normal,synthetic_rongorongo_like,
tablet_012,236,4,g078,g078,normal,synthetic_rongorongo_like,
tablet_012,236,5,g061,g061,normal,synthetic_rongorongo_like,
tablet_012,236,6,g062,g062,normal,synthetic_rongorongo_like,
tablet_012,236,7,g021,g021,normal,synthetic_rongorongo_like,
tablet_012,236,8,g005,g005,normal,synthetic_rongorongo_like,
tablet_012,236,9,g007,g007,normal,synthetic_rongorongo_like,
tablet_012,236,10,g007,g007,normal,synthetic_rongorongo_like,
tablet_012,236,11,g027,g027,normal,synthetic_rongorongo_like,
tablet_012,236,12,g027,g027,normal,synthetic_rongorongo_like,
tablet_012,236,13,g027,g027,normal,synthetic_rongorongo_like,
tablet_012,236,14,g031,g031,normal,synthetic_rongorongo_like,
tablet_012,236,15,g031,g031,normal,synthetic_rongorongo_like,
tablet_012,236,16,g021,g021,normal,synthetic_rongorongo_like,
tablet_012,236,17,g021,g021,normal,synthetic_rongorongo_like,
tablet_012,236,18,g021,g021,normal,synthetic_rongorongo_like,
tablet_012,236,19,g001,g001,normal,synthetic_rongorongo_like,
tablet_012,236,20,g001,g001,normal,synthetic_rongorongo_like,
tablet_012,236,21,g001,g001,normal,synthetic_rongorongo_like,
tablet_012,236,22,g001,g001,normal,synthetic_rongorongo_like,
tablet_012,236,23,g025,g025,normal,synthetic_rongorongo_like,
tablet_012,236,24,g023,g023,normal,synthetic_rongorongo_like,
tablet_012,236,25,g023,g023,normal,synthetic_rongorongo_like,
tablet_012,236,26,g023,g023,normal,synthetic_rongorongo_like,
tablet_012,236,27,g061,g061,normal,synthetic_rongorongo_like,
tablet_012,236,28,g001,g001,normal,synthetic_rongorongo_like,
tablet_012,236,29,g060,g060,normal,synthetic_rongorongo_like,
tablet_012,236,30,g019,g019,normal,synthetic_rongorongo_like,
tablet_012,236,31,g019,g019,normal,synthetic_rongorongo_like,
tablet_012,236,32,g001,g001,normal,synthetic_rongorongo_like,
tablet_012,236,33,g001,g001,normal,synthetic_rongorongo_like,
tablet_012,236,34,g001,g001,normal,synthetic_rongorongo_like,
tablet_012,236,35,g028,g028,normal,synthetic_rongorongo_like,
tablet_012,236,36,g065,g065,normal,synthetic_rongorongo_like,
tablet_012,236,37,g001,g001,normal,synthetic_rongorongo_like,
tablet_012,236,38,g010,g010,normal,synthetic_rongorongo_like,
tablet_012,236,39,g021,g021,normal,synthetic_rongorongo_like,
tablet_012,236,40,g001,g001,normal,synthetic_rongorongo_like,
tablet_012,237,1,g010,g010,normal,synthetic_rongorongo_like,
tablet_012,237,2,g075,g075,normal,synthetic_rongorongo_like,
tablet_012,237,3,g075,g075,normal,synthetic_rongorongo_like,
tablet_012,237,4,g067,g067,normal,synthetic_rongorongo_like,
tablet_012,237,5,g021,g021,normal,synthetic_rongorongo_like,
tablet_012,237,6,g002,g002,normal,synthetic_rongorongo_like,
tablet_012,237,7,g061,g061,normal,synthetic_rongorongo_like,
tablet_012,237,8,g064,g064,normal,synthetic_rongorongo_like,
tablet_012,237,9,g001,g001,normal,synthetic_rongorongo_like,
tablet_012,237,10,g031,g031,normal,synthetic_rongorongo_like,
tablet_012,237,11,g022,g022,normal,synthetic_rongorongo_like,
tablet_012,237,12,g022,g022,normal,synthetic_rongorongo_like,
tablet_012,237,13,g021,g021,normal,synthetic_rongorongo_like,
tablet_012,237,14,g021,g021,normal,synthetic_rongorongo_like,
tablet_012,237,15,g021,g021,normal,synthetic_rongorongo_like,
tablet_012,237,16,g001,g001,normal,synthetic_rongorongo_like,
tablet_012,237,17,g018,g018,normal,synthetic_rongorongo_like,
tablet_012,237,18,g066,g066,normal,synthetic_rongorongo_like,
tablet_012,237,19,g001,g001,normal,synthetic_rongorongo_like,
tablet_012,237,20,g001,g001,normal,synthetic_rongorongo_like,
tablet_012,237,21,g001,g001,normal,synthetic_rongorongo_like,
tablet_012,237,22,g002,g002,normal,synthetic_rongorongo_like,
tablet_012,237,23,g061,g061,normal,synthetic_rongorongo_like,
tablet_012,237,24,g021,g021,normal,synthetic_rongorongo_like,
tablet_012,237,25,g003,g003,normal,synthetic_rongorongo_like,
tablet_012,237,26,g072,g072,normal,synthetic_rongorongo_like,
tablet_012,237,27,g072,g072,normal,synthetic_rongorongo_like,
tablet_012,237,28,g029,g029,normal,synthetic_rongorongo_like,
tablet_012,237,29,g021,g021,normal,synthetic_rongorongo_like,
tablet_012,237,30,g001,g001,normal,synthetic_rongorongo_like,
tablet_012,237,31,g001,g001,normal,synthetic_rongorongo_like,
tablet_012,237,32,g001,g001,normal,synthetic_rongorongo_like,
tablet_012,237,33,g061,g061,normal,synthetic_rongorongo_like,
tablet_012,237,34,g001,g001,normal,synthetic_rongorongo_like,
tablet_012,237,35,g001,g001,normal,synthetic_rongorongo_like,
tablet_012,237,36,g001,g001,normal,synthetic_rongorongo_like,
tablet_012,237,37,g001,g001,normal,synthetic_rongorongo_like,
tablet_012,237,38,g030,g030,normal,synthetic_rongorongo_like,
tablet_012,237,39,g021,g021,normal,synthetic_rongorongo_like,
tablet_012,237,40,g062,g062,normal,synthetic_rongorongo_like,
tablet_012,238,1,g008,g008,normal,synthetic_rongorongo_like,
tablet_012,238,2,g023,g023,normal,synthetic_rongorongo_like,
tablet_012,238,3,g001,g001,normal,synthetic_rongorongo_like,
tablet_012,238,4,g039,g039,normal,synthetic_rongorongo_like,
tablet_012,238,5,g039,g039,normal,synthetic_rongorongo_like,
tablet_012,238,6,g001,g001,normal,synthetic_rongorongo_like,
tablet_012,238,7,g021,g021,normal,synthetic_rongorongo_like,
tablet_012,238,8,g023,g023,normal,synthetic_rongorongo_like,
tablet_012,238,9,g064,g064,normal,synthetic_rongorongo_like,
tablet_012,238,10,g004,g004,normal,synthetic_rongorongo_like,
tablet_012,238,11,g044,g044,normal,synthetic_rongorongo_like,
tablet_012,238,12,g001,g001,normal,synthetic_rongorongo_like,
tablet_012,238,13,g010,g010,normal,synthetic_rongorongo_like,
tablet_012,238,14,g017,g017,normal,synthetic_rongorongo_like,
tablet_012,238,15,g061,g061,normal,synthetic_rongorongo_like,
tablet_012,238,16,g061,g061,normal,synthetic_rongorongo_like,
tablet_012,238,17,g061,g061,normal,synthetic_rongorongo_like,
tablet_012,238,18,g023,g023,normal,synthetic_rongorongo_like,
tablet_012,238,19,g002,g002,normal,synthetic_rongorongo_like,
tablet_012,238,20,g070,g070,normal,synthetic_rongorongo_like,
tablet_012,238,21,g005,g005,normal,synthetic_rongorongo_like,
tablet_012,238,22,g078,g078,normal,synthetic_rongorongo_like,
tablet_012,238,23,g005,g005,normal,synthetic_rongorongo_like,
tablet_012,238,24,g001,g001,normal,synthetic_rongorongo_like,
tablet_012,238,25,g001,g001,normal,synthetic_rongorongo_like,
tablet_012,238,26,g030,g030,normal,synthetic_rongorongo_like,
tablet_012,238,27,g001,g001,normal,synthetic_rongorongo_like,
tablet_012,238,28,g001,g001,normal,synthetic_rongorongo_like,
tablet_012,238,29,g003,g003,normal,synthetic_rongorongo_like,
tablet_012,238,30,g033,g033,normal,synthetic_rongorongo_like,
tablet_012,238,31,g001,g001,normal,synthetic_rongorongo_like,
tablet_012,238,32,g001,g001,normal,synthetic_rongorongo_like,
tablet_012,238,33,g001,g001,normal,synthetic_rongorongo_like,
tablet_012,238,34,g004,g004,normal,synthetic_rongorongo_like,
tablet_012,238,35,g004,g004,normal,synthetic_rongorongo_like,
tablet_012,238,36,g061,g061,normal,synthetic_rongorongo_like,
tablet_012,238,37,g061,g061,normal,synthetic_rongorongo_like,
tablet_012,238,38,g061,g061,normal,synthetic_rongorongo_like,
tablet_012,238,39,g009,g009,normal,synthetic_rongorongo_like,
tablet_012,238,40,g009,g009,normal,synthetic_rongorongo_like,
tablet_012,239,1,g022,g022,normal,synthetic_rongorongo_like,
tablet_012,239,2,g066,g066,normal,synthetic_rongorongo_like,
tablet_012,239,3,g023,g023,normal,synthetic_rongorongo_like,
tablet_012,239,4,g063,g063,normal,synthetic_rongorongo_like,
tablet_012,239,5,g001,g001,normal,synthetic_rongorongo_like,
tablet_012,239,6,g024,g024,normal,synthetic_rongorongo_like,
tablet_012,239,7,g004,g004,normal,synthetic_rongorongo_like,
tablet_012,239,8,g015,g015,normal,synthetic_rongorongo_like,
tablet_012,239,9,g018,g018,normal,synthetic_rongorongo_like,
tablet_012,239,10,g022,g022,normal,synthetic_rongorongo_like,
tablet_012,239,11,g004,g004,normal,synthetic_rongorongo_like,
tablet_012,239,12,g016,g016,normal,synthetic_rongorongo_like,
tablet_012,239,13,g021,g021,normal,synthetic_rongorongo_like,
tablet_012,239,14,g063,g063,normal,synthetic_rongorongo_like,
tablet_012,239,15,g002,g002,normal,synthetic_rongorongo_like,
tablet_012,239,16,g061,g061,normal,synthetic_rongorongo_like,
tablet_012,239,17,g061,g061,normal,synthetic_rongorongo_like,
tablet_012,239,18,g061,g061,normal,synthetic_rongorongo_like,
tablet_012,239,19,g068,g068,normal,synthetic_rongorongo_like,
tablet_012,239,20,g003,g003,normal,synthetic_rongorongo_like,
tablet_012,239,21,g022,g022,normal,synthetic_rongorongo_like,
tablet_012,239,22,g021,g021,normal,synthetic_rongorongo_like,
tablet_012,239,23,g021,g021,normal,synthetic_rongorongo_like,
tablet_012,239,24,g021,g021,normal,synthetic_rongorongo_like,
tablet_012,239,25,g001,g001,normal,synthetic_rongorongo_like,
tablet_012,239,26,g022,g022,normal,synthetic_rongorongo_like,
tablet_012,239,27,g050,g050,normal,synthetic_rongorongo_like,
tablet_012,239,28,g004,g004,normal,synthetic_rongorongo_like,
tablet_012,239,29,g004,g004,normal,synthetic_rongorongo_like,
tablet_012,239,30,g033,g033,normal,synthetic_rongorongo_like,
tablet_012,239,31,g061,g061,normal,synthetic_rongorongo_like,
tablet_012,239,32,g002,g002,normal,synthetic_rongorongo_like,
tablet_012,239,33,g024,g024,normal,synthetic_rongorongo_like,
tablet_012,239,34,g061,g061,normal,synthetic_rongorongo_like,
tablet_012,239,35,g001,g001,normal,synthetic_rongorongo_like,
tablet_012,239,36,g023,g023,normal,synthetic_rongorongo_like,
tablet_012,239,37,g021,g021,normal,synthetic_rongorongo_like,
tablet_012,239,38,g021,g021,normal,synthetic_rongorongo_like,
tablet_012,239,39,g021,g021,normal,synthetic_rongorongo_like,
tablet_012,239,40,g020,g020,normal,synthetic_rongorongo_like,
tablet_012,240,1,g061,g061,normal,synthetic_rongorongo_like,
tablet_012,240,2,g021,g021,normal,synthetic_rongorongo_like,
tablet_012,240,3,g061,g061,normal,synthetic_rongorongo_like,
tablet_012,240,4,g001,g001,normal,synthetic_rongorongo_like,
tablet_012,240,5,g003,g003,normal,synthetic_rongorongo_like,
tablet_012,240,6,g062,g062,normal,synthetic_rongorongo_like,
tablet_012,240,7,g013,g013,normal,synthetic_rongorongo_like,
tablet_012,240,8,g061,g061,normal,synthetic_rongorongo_like,
tablet_012,240,9,g004,g004,normal,synthetic_rongorongo_like,
tablet_012,240,10,g004,g004,normal,synthetic_rongorongo_like,
tablet_012,240,11,g004,g004,normal,synthetic_rongorongo_like,
tablet_012,240,12,g001,g001,normal,synthetic_rongorongo_like,
tablet_012,240,13,g050,g050,normal,synthetic_rongorongo_like,
tablet_012,240,14,g050,g050,normal,synthetic_rongorongo_like,
tablet_012,240,15,g086,g086,normal,synthetic_rongorongo_like,
tablet_012,240,16,g021,g021,normal,synthetic_rongorongo_like,
tablet_012,240,17,g022,g022,normal,synthetic_rongorongo_like,
tablet_012,240,18,g022,g022,normal,synthetic_rongorongo_like,
tablet_012,240,19,g001,g001,normal,synthetic_rongorongo_like,
tablet_012,240,20,g025,g025,normal,synthetic_rongorongo_like,
tablet_012,240,21,g025,g025,normal,synthetic_rongorongo_like,
tablet_012,240,22,g025,g025,normal,synthetic_rongorongo_like,
tablet_012,240,23,g021,g021,normal,synthetic_rongorongo_like,
tablet_012,240,24,g030,g030,normal,synthetic_rongorongo_like,
tablet_012,240,25,g003,g003,normal,synthetic_rongorongo_like,
tablet_012,240,26,g003,g003,normal,synthetic_rongorongo_like,
tablet_012,240,27,g003,g003,normal,synthetic_rongorongo_like,
tablet_012,240,28,g065,g065,normal,synthetic_rongorongo_like,
tablet_012,240,29,g037,g037,normal,synthetic_rongorongo_like,
tablet_012,240,30,g021,g021,normal,synthetic_rongorongo_like,
tablet_012,240,31,g021,g021,normal,synthetic_rongorongo_like,
tablet_012,240,32,g063,g063,normal,synthetic_rongorongo_like,
tablet_012,240,33,g001,g001,normal,synthetic_rongorongo_like,
tablet_012,240,34,g001,g001,normal,synthetic_rongorongo_like,
tablet_012,240,35,g025,g025,normal,synthetic_rongorongo_like,
tablet_012,240,36,g074,g074,normal,synthetic_rongorongo_like,
tablet_012,240,37,g002,g002,normal,synthetic_rongorongo_like,
tablet_012,240,38,g002,g002,normal,synthetic_rongorongo_like,
tablet_012,240,39,g012,g012,normal,synthetic_rongorongo_like,
tablet_012,240,40,g021,g021,normal,synthetic_rongorongo_like,
tablet_013,241,1,g002,g002,normal,synthetic_rongorongo_like,
tablet_013,241,2,g021,g021,normal,synthetic_rongorongo_like,
tablet_013,241,3,g021,g021,normal,synthetic_rongorongo_like,
tablet_013,241,4,g021,g021,normal,synthetic_rongorongo_like,
tablet_013,241,5,g005,g005,normal,synthetic_rongorongo_like,
tablet_013,241,6,g003,g003,normal,synthetic_rongorongo_like,
tablet_013,241,7,g021,g021,normal,synthetic_rongorongo_like,
tablet_013,241,8,g021,g021,normal,synthetic_rongorongo_like,
tablet_013,241,9,g001,g001,normal,synthetic_rongorongo_like,
tablet_013,241,10,g021,g021,normal,synthetic_rongorongo_like,
tablet_013,241,11,g003,g003,normal,synthetic_rongorongo_like,
tablet_013,241,12,g003,g003,normal,synthetic_rongorongo_like,
tablet_013,241,13,g003,g003,normal,synthetic_rongorongo_like,
tablet_013,241,14,g001,g001,normal,synthetic_rongorongo_like,
tablet_013,241,15,g001,g001,normal,synthetic_rongorongo_like,
tablet_013,241,16,g024,g024,normal,synthetic_rongorongo_like,
tablet_013,241,17,g067,g067,normal,synthetic_rongorongo_like,
tablet_013,241,18,g001,g001,normal,synthetic_rongorongo_like,
tablet_013,241,19,g022,g022,normal,synthetic_rongorongo_like,
tablet_013,241,20,g067,g067,normal,synthetic_rongorongo_like,
tablet_013,241,21,g067,g067,normal,synthetic_rongorongo_like,
tablet_013,241,22,g032,g032,normal,synthetic_rongorongo_like,
tablet_013,241,23,g032,g032,normal,synthetic_rongorongo_like,
tablet_013,241,24,g001,g001,normal,synthetic_rongorongo_like,
tablet_013,241,25,g021,g021,normal,synthetic_rongorongo_like,
tablet_013,241,26,g021,g021,normal,synthetic_rongorongo_like,
tablet_013,241,27,g021,g021,normal,synthetic_rongorongo_like,
tablet_013,241,28,g001,g001,normal,synthetic_rongorongo_like,
tablet_013,241,29,g001,g001,normal,synthetic_rongorongo_like,
tablet_013,241,30,g029,g029,normal,synthetic_rongorongo_like,
tablet_013,241,31,g002,g002,normal,synthetic_rongorongo_like,
tablet_013,241,32,g002,g002,normal,synthetic_rongorongo_like,
tablet_013,241,33,g001,g001,normal,synthetic_rongorongo_like,
tablet_013,241,34,g003,g003,normal,synthetic_rongorongo_like,
tablet_013,241,35,g003,g003,normal,synthetic_rongorongo_like,
tablet_013,241,36,g001,g001,normal,synthetic_rongorongo_like,
tablet_013,241,37,g061,g061,normal,synthetic_rongorongo_like,
tablet_013,241,38,g005,g005,normal,synthetic_rongorongo_like,
tablet_013,241,39,g021,g021,normal,synthetic_rongorongo_like,
tablet_013,241,40,g021,g021,normal,synthetic_rongorongo_like,
tablet_013,242,1,g021,g021,normal,synthetic_rongorongo_like,
tablet_013,242,2,g021,g021,normal,synthetic_rongorongo_like,
tablet_013,242,3,g021,g021,normal,synthetic_rongorongo_like,
tablet_013,242,4,g002,g002,normal,synthetic_rongorongo_like,
tablet_013,242,5,g021,g021,normal,synthetic_rongorongo_like,
tablet_013,242,6,g062,g062,normal,synthetic_rongorongo_like,
tablet_013,242,7,g021,g021,normal,synthetic_rongorongo_like,
tablet_013,242,8,g008,g008,normal,synthetic_rongorongo_like,
tablet_013,242,9,g062,g062,normal,synthetic_rongorongo_like,
tablet_013,242,10,g001,g001,normal,synthetic_rongorongo_like,
tablet_013,242,11,g037,g037,normal,synthetic_rongorongo_like,
tablet_013,242,12,g001,g001,normal,synthetic_rongorongo_like,
tablet_013,242,13,g001,g001,normal,synthetic_rongorongo_like,
tablet_013,242,14,g001,g001,normal,synthetic_rongorongo_like,
tablet_013,242,15,g021,g021,normal,synthetic_rongorongo_like,
tablet_013,242,16,g001,g001,normal,synthetic_rongorongo_like,
tablet_013,242,17,g022,g022,normal,synthetic_rongorongo_like,
tablet_013,242,18,g022,g022,normal,synthetic_rongorongo_like,
tablet_013,242,19,g001,g001,normal,synthetic_rongorongo_like,
tablet_013,242,20,g001,g001,normal,synthetic_rongorongo_like,
tablet_013,242,21,g001,g001,normal,synthetic_rongorongo_like,
tablet_013,242,22,g001,g001,normal,synthetic_rongorongo_like,
tablet_013,242,23,g001,g001,normal,synthetic_rongorongo_like,
tablet_013,242,24,g001,g001,normal,synthetic_rongorongo_like,
tablet_013,242,25,g001,g001,normal,synthetic_rongorongo_like,
tablet_013,242,26,g025,g025,normal,synthetic_rongorongo_like,
tablet_013,242,27,g001,g001,normal,synthetic_rongorongo_like,
tablet_013,242,28,g072,g072,normal,synthetic_rongorongo_like,
tablet_013,242,29,g023,g023,normal,synthetic_rongorongo_like,
tablet_013,242,30,g063,g063,normal,synthetic_rongorongo_like,
tablet_013,242,31,g061,g061,normal,synthetic_rongorongo_like,
tablet_013,242,32,g001,g001,normal,synthetic_rongorongo_like,
tablet_013,242,33,g003,g003,normal,synthetic_rongorongo_like,
tablet_013,242,34,g036,g036,normal,synthetic_rongorongo_like,
tablet_013,242,35,g002,g002,normal,synthetic_rongorongo_like,
tablet_013,242,36,g002,g002,normal,synthetic_rongorongo_like,
tablet_013,242,37,g021,g021,normal,synthetic_rongorongo_like,
tablet_013,242,38,g004,g004,normal,synthetic_rongorongo_like,
tablet_013,242,39,g003,g003,normal,synthetic_rongorongo_like,
tablet_013,242,40,g003,g003,normal,synthetic_rongorongo_like,
tablet_013,243,1,g001,g001,normal,synthetic_rongorongo_like,
tablet_013,243,2,g001,g001,normal,synthetic_rongorongo_like,
tablet_013,243,3,g001,g001,normal,synthetic_rongorongo_like,
tablet_013,243,4,g021,g021,normal,synthetic_rongorongo_like,
tablet_013,243,5,g061,g061,normal,synthetic_rongorongo_like,
tablet_013,243,6,g003,g003,normal,synthetic_rongorongo_like,
tablet_013,243,7,g008,g008,normal,synthetic_rongorongo_like,
tablet_013,243,8,g008,g008,normal,synthetic_rongorongo_like,
tablet_013,243,9,g026,g026,normal,synthetic_rongorongo_like,
tablet_013,243,10,g026,g026,normal,synthetic_rongorongo_like,
tablet_013,243,11,g002,g002,normal,synthetic_rongorongo_like,
tablet_013,243,12,g023,g023,normal,synthetic_rongorongo_like,
tablet_013,243,13,g003,g003,normal,synthetic_rongorongo_like,
tablet_013,243,14,g021,g021,normal,synthetic_rongorongo_like,
tablet_013,243,15,g005,g005,normal,synthetic_rongorongo_like,
tablet_013,243,16,g005,g005,normal,synthetic_rongorongo_like,
tablet_013,243,17,g005,g005,normal,synthetic_rongorongo_like,
tablet_013,243,18,g021,g021,normal,synthetic_rongorongo_like,
tablet_013,243,19,g025,g025,normal,synthetic_rongorongo_like,
tablet_013,243,20,g002,g002,normal,synthetic_rongorongo_like,
tablet_013,243,21,g061,g061,normal,synthetic_rongorongo_like,
tablet_013,243,22,g021,g021,normal,synthetic_rongorongo_like,
tablet_013,243,23,g021,g021,normal,synthetic_rongorongo_like,
tablet_013,243,24,g002,g002,normal,synthetic_rongorongo_like,
tablet_013,243,25,g002,g002,normal,synthetic_rongorongo_like,
tablet_013,243,26,g002,g002,normal,synthetic_rongorongo_like,
tablet_013,243,27,g010,g010,normal,synthetic_rongorongo_like,
tablet_013,243,28,g010,g010,normal,synthetic_rongorongo_like,
tablet_013,243,29,g024,g024,normal,synthetic_rongorongo_like,
tablet_013,243,30,g015,g015,normal,synthetic_rongorongo_like,
tablet_013,243,31,g015,g015,normal,synthetic_rongorongo_like,
tablet_013,243,32,g061,g061,normal,synthetic_rongorongo_like,
tablet_013,243,33,g061,g061,normal,synthetic_rongorongo_like,
tablet_013,243,34,g065,g065,normal,synthetic_rongorongo_like,
tablet_013,243,35,g001,g001,normal,synthetic_rongorongo_like,
tablet_013,243,36,g001,g001,normal,synthetic_rongorongo_like,
tablet_013,243,37,g007,g007,normal,synthetic_rongorongo_like,
tablet_013,243,38,g003,g003,normal,synthetic_rongorongo_like,
tablet_013,243,39,g026,g026,normal,synthetic_rongorongo_like,
tablet_013,243,40,g021,g021,normal,synthetic_rongorongo_like,
tablet_013,244,1,g002,g002,normal,synthetic_rongorongo_like,
tablet_013,244,2,g035,g035,normal,synthetic_rongorongo_like,
tablet_013,244,3,g010,g010,normal,synthetic_rongorongo_like,
tablet_013,244,4,g010,g010,normal,synthetic_rongorongo_like,
tablet_013,244,5,g010,g010,normal,synthetic_rongorongo_like,
tablet_013,244,6,g026,g026,normal,synthetic_rongorongo_like,
tablet_013,244,7,g011,g011,normal,synthetic_rongorongo_like,
tablet_013,244,8,g002,g002,normal,synthetic_rongorongo_like,
tablet_013,244,9,g002,g002,normal,synthetic_rongorongo_like,
tablet_013,244,10,g061,g061,normal,synthetic_rongorongo_like,
tablet_013,244,11,g061,g061,normal,synthetic_rongorongo_like,
tablet_013,244,12,g063,g063,normal,synthetic_rongorongo_like,
tablet_013,244,13,g023,g023,normal,synthetic_rongorongo_like,
tablet_013,244,14,g023,g023,normal,synthetic_rongorongo_like,
tablet_013,244,15,g026,g026,normal,synthetic_rongorongo_like,
tablet_013,244,16,g001,g001,normal,synthetic_rongorongo_like,
tablet_013,244,17,g001,g001,normal,synthetic_rongorongo_like,
tablet_013,244,18,g066,g066,normal,synthetic_rongorongo_like,
tablet_013,244,19,g024,g024,normal,synthetic_rongorongo_like,
tablet_013,244,20,g021,g021,normal,synthetic_rongorongo_like,
tablet_013,244,21,g009,g009,normal,synthetic_rongorongo_like,
tablet_013,244,22,g010,g010,normal,synthetic_rongorongo_like,
tablet_013,244,23,g002,g002,normal,synthetic_rongorongo_like,
tablet_013,244,24,g026,g026,normal,synthetic_rongorongo_like,
tablet_013,244,25,g062,g062,normal,synthetic_rongorongo_like,
tablet_013,244,26,g021,g021,normal,synthetic_rongorongo_like,
tablet_013,244,27,g073,g073,normal,synthetic_rongorongo_like,
tablet_013,244,28,g062,g062,normal,synthetic_rongorongo_like,
tablet_013,244,29,g015,g015,normal,synthetic_rongorongo_like,
tablet_013,244,30,g021,g021,normal,synthetic_rongorongo_like,
tablet_013,244,31,g002,g002,normal,synthetic_rongorongo_like,
tablet_013,244,32,g018,g018,normal,synthetic_rongorongo_like,
tablet_013,244,33,g028,g028,normal,synthetic_rongorongo_like,
tablet_013,244,34,g002,g002,normal,synthetic_rongorongo_like,
tablet_013,244,35,g016,g016,normal,synthetic_rongorongo_like,
tablet_013,244,36,g006,g006,normal,synthetic_rongorongo_like,
tablet_013,244,37,g021,g021,normal,synthetic_rongorongo_like,
tablet_013,244,38,g021,g021,normal,synthetic_rongorongo_like,
tablet_013,244,39,g003,g003,normal,synthetic_rongorongo_like,
tablet_013,244,40,g010,g010,normal,synthetic_rongorongo_like,
tablet_013,245,1,g003,g003,normal,synthetic_rongorongo_like,
tablet_013,245,2,g021,g021,normal,synthetic_rongorongo_like,
tablet_013,245,3,g004,g004,normal,synthetic_rongorongo_like,
tablet_013,245,4,g004,g004,normal,synthetic_rongorongo_like,
tablet_013,245,5,g061,g061,normal,synthetic_rongorongo_like,
tablet_013,245,6,g061,g061,normal,synthetic_rongorongo_like,
tablet_013,245,7,g002,g002,normal,synthetic_rongorongo_like,
tablet_013,245,8,g002,g002,normal,synthetic_rongorongo_like,
tablet_013,245,9,g001,g001,normal,synthetic_rongorongo_like,
tablet_013,245,10,g068,g068,normal,synthetic_rongorongo_like,
tablet_013,245,11,g001,g001,normal,synthetic_rongorongo_like,
tablet_013,245,12,g001,g001,normal,synthetic_rongorongo_like,
tablet_013,245,13,g022,g022,normal,synthetic_rongorongo_like,
tablet_013,245,14,g002,g002,normal,synthetic_rongorongo_like,
tablet_013,245,15,g002,g002,normal,synthetic_rongorongo_like,
tablet_013,245,16,g001,g001,normal,synthetic_rongorongo_like,
tablet_013,245,17,g001,g001,normal,synthetic_rongorongo_like,
tablet_013,245,18,g051,g051,normal,synthetic_rongorongo_like,
tablet_013,245,19,g051,g051,normal,synthetic_rongorongo_like,
tablet_013,245,20,g018,g018,normal,synthetic_rongorongo_like,
tablet_013,245,21,g010,g010,normal,synthetic_rongorongo_like,
tablet_013,245,22,g021,g021,normal,synthetic_rongorongo_like,
tablet_013,245,23,g001,g001,normal,synthetic_rongorongo_like,
tablet_013,245,24,g001,g001,normal,synthetic_rongorongo_like,
tablet_013,245,25,g004,g004,normal,synthetic_rongorongo_like,
tablet_013,245,26,g061,g061,normal,synthetic_rongorongo_like,
tablet_013,245,27,g061,g061,normal,synthetic_rongorongo_like,
tablet_013,245,28,g062,g062,normal,synthetic_rongorongo_like,
tablet_013,245,29,g021,g021,normal,synthetic_rongorongo_like,
tablet_013,245,30,g061,g061,normal,synthetic_rongorongo_like,
tablet_013,245,31,g001,g001,normal,synthetic_rongorongo_like,
tablet_013,245,32,g001,g001,normal,synthetic_rongorongo_like,
tablet_013,245,33,g001,g001,normal,synthetic_rongorongo_like,
tablet_013,245,34,g025,g025,normal,synthetic_rongorongo_like,
tablet_013,245,35,g021,g021,normal,synthetic_rongorongo_like,
tablet_013,245,36,g064,g064,normal,synthetic_rongorongo_like,
tablet_013,245,37,g064,g064,normal,synthetic_rongorongo_like,
tablet_013,245,38,g066,g066,normal,synthetic_rongorongo_like,
tablet_013,245,39,g085,g085,normal,synthetic_rongorongo_like,
tablet_013,245,40,g006,g006,normal,synthetic_rongorongo_like,
tablet_013,246,1,g031,g031,normal,synthetic_rongorongo_like,
tablet_013,246,2,g061,g061,normal,synthetic_rongorongo_like,
tablet_013,246,3,g022,g022,normal,synthetic_rongorongo_like,
tablet_013,246,4,g003,g003,normal,synthetic_rongorongo_like,
tablet_013,246,5,g002,g002,normal,synthetic_rongorongo_like,
tablet_013,246,6,g005,g005,normal,synthetic_rongorongo_like,
tablet_013,246,7,g001,g001,normal,synthetic_rongorongo_like,
tablet_013,246,8,g001,g001,normal,synthetic_rongorongo_like,
tablet_013,246,9,g001,g001,normal,synthetic_rongorongo_like,
tablet_013,246,10,g022,g022,normal,synthetic_rongorongo_like,
tablet_013,246,11,g021,g021,normal,synthetic_rongorongo_like,
tablet_013,246,12,g061,g061,normal,synthetic_rongorongo_like,
tablet_013,246,13,g045,g045,normal,synthetic_rongorongo_like,
tablet_013,246,14,g088,g088,normal,synthetic_rongorongo_like,
tablet_013,246,15,g024,g024,normal,synthetic_rongorongo_like,
tablet_013,246,16,g022,g022,normal,synthetic_rongorongo_like,
tablet_013,246,17,g061,g061,normal,synthetic_rongorongo_like,
tablet_013,246,18,g032,g032,normal,synthetic_rongorongo_like,
tablet_013,246,19,g024,g024,normal,synthetic_rongorongo_like,
tablet_013,246,20,g021,g021,normal,synthetic_rongorongo_like,
tablet_013,246,21,g023,g023,normal,synthetic_rongorongo_like,
tablet_013,246,22,g002,g002,normal,synthetic_rongorongo_like,
tablet_013,246,23,g012,g012,normal,synthetic_rongorongo_like,
tablet_013,246,24,g027,g027,normal,synthetic_rongorongo_like,
tablet_013,246,25,g011,g011,normal,synthetic_rongorongo_like,
tablet_013,246,26,g011,g011,normal,synthetic_rongorongo_like,
tablet_013,246,27,g011,g011,normal,synthetic_rongorongo_like,
tablet_013,246,28,g061,g061,normal,synthetic_rongorongo_like,
tablet_013,246,29,g111,g111,normal,synthetic_rongorongo_like,
tablet_013,246,30,g061,g061,normal,synthetic_rongorongo_like,
tablet_013,246,31,g021,g021,normal,synthetic_rongorongo_like,
tablet_013,246,32,g021,g021,normal,synthetic_rongorongo_like,
tablet_013,246,33,g021,g021,normal,synthetic_rongorongo_like,
tablet_013,246,34,g023,g023,normal,synthetic_rongorongo_like,
tablet_013,246,35,g028,g028,normal,synthetic_rongorongo_like,
tablet_013,246,36,g014,g014,normal,synthetic_rongorongo_like,
tablet_013,246,37,g066,g066,normal,synthetic_rongorongo_like,
tablet_013,246,38,g068,g068,normal,synthetic_rongorongo_like,
tablet_013,246,39,g061,g061,normal,synthetic_rongorongo_like,
tablet_013,246,40,g063,g063,normal,synthetic_rongorongo_like,
tablet_013,247,1,g061,g061,normal,synthetic_rongorongo_like,
tablet_013,247,2,g001,g001,normal,synthetic_rongorongo_like,
tablet_013,247,3,g001,g001,normal,synthetic_rongorongo_like,
tablet_013,247,4,g062,g062,normal,synthetic_rongorongo_like,
tablet_013,247,5,g009,g009,normal,synthetic_rongorongo_like,
tablet_013,247,6,g009,g009,normal,synthetic_rongorongo_like,
tablet_013,247,7,g009,g009,normal,synthetic_rongorongo_like,
tablet_013,247,8,g063,g063,normal,synthetic_rongorongo_like,
tablet_013,247,9,g063,g063,normal,synthetic_rongorongo_like,
tablet_013,247,10,g002,g002,normal,synthetic_rongorongo_like,
tablet_013,247,11,g002,g002,normal,synthetic_rongorongo_like,
tablet_013,247,12,g021,g021,normal,synthetic_rongorongo_like,
tablet_013,247,13,g062,g062,normal,synthetic_rongorongo_like,
tablet_013,247,14,g005,g005,normal,synthetic_rongorongo_like,
tablet_013,247,15,g030,g030,normal,synthetic_rongorongo_like,
tablet_013,247,16,g002,g002,normal,synthetic_rongorongo_like,
tablet_013,247,17,g002,g002,normal,synthetic_rongorongo_like,
tablet_013,247,18,g002,g002,normal,synthetic_rongorongo_like,
tablet_013,247,19,g001,g001,normal,synthetic_rongorongo_like,
tablet_013,247,20,g002,g002,normal,synthetic_rongorongo_like,
tablet_013,247,21,g018,g018,normal,synthetic_rongorongo_like,
tablet_013,247,22,g018,g018,normal,synthetic_rongorongo_like,
tablet_013,247,23,g001,g001,normal,synthetic_rongorongo_like,
tablet_013,247,24,g001,g001,normal,synthetic_rongorongo_like,
tablet_013,247,25,g012,g012,normal,synthetic_rongorongo_like,
tablet_013,247,26,g001,g001,normal,synthetic_rongorongo_like,
tablet_013,247,27,g021,g021,normal,synthetic_rongorongo_like,
tablet_013,247,28,g003,g003,normal,synthetic_rongorongo_like,
tablet_013,247,29,g049,g049,normal,synthetic_rongorongo_like,
tablet_013,247,30,g062,g062,normal,synthetic_rongorongo_like,
tablet_013,247,31,g022,g022,normal,synthetic_rongorongo_like,
tablet_013,247,32,g022,g022,normal,synthetic_rongorongo_like,
tablet_013,247,33,g021,g021,normal,synthetic_rongorongo_like,
tablet_013,247,34,g007,g007,normal,synthetic_rongorongo_like,
tablet_013,247,35,g007,g007,normal,synthetic_rongorongo_like,
tablet_013,247,36,g023,g023,normal,synthetic_rongorongo_like,
tablet_013,247,37,g023,g023,normal,synthetic_rongorongo_like,
tablet_013,247,38,g006,g006,normal,synthetic_rongorongo_like,
tablet_013,247,39,g035,g035,normal,synthetic_rongorongo_like,
tablet_013,247,40,g006,g006,normal,synthetic_rongorongo_like,
tablet_013,248,1,g003,g003,normal,synthetic_rongorongo_like,
tablet_013,248,2,g053,g053,normal,synthetic_rongorongo_like,
tablet_013,248,3,g053,g053,normal,synthetic_rongorongo_like,
tablet_013,248,4,g003,g003,normal,synthetic_rongorongo_like,
tablet_013,248,5,g001,g001,normal,synthetic_rongorongo_like,
tablet_013,248,6,g004,g004,normal,synthetic_rongorongo_like,
tablet_013,248,7,g004,g004,normal,synthetic_rongorongo_like,
tablet_013,248,8,g003,g003,normal,synthetic_rongorongo_like,
tablet_013,248,9,g065,g065,normal,synthetic_rongorongo_like,
tablet_013,248,10,g089,g089,normal,synthetic_rongorongo_like,
tablet_013,248,11,g089,g089,normal,synthetic_rongorongo_like,
tablet_013,248,12,g016,g016,normal,synthetic_rongorongo_like,
tablet_013,248,13,g061,g061,normal,synthetic_rongorongo_like,
tablet_013,248,14,g033,g033,normal,synthetic_rongorongo_like,
tablet_013,248,15,g007,g007,normal,synthetic_rongorongo_like,
tablet_013,248,16,g007,g007,normal,synthetic_rongorongo_like,
tablet_013,248,17,g027,g027,normal,synthetic_rongorongo_like,
tablet_013,248,18,g038,g038,normal,synthetic_rongorongo_like,
tablet_013,248,19,g004,g004,normal,synthetic_rongorongo_like,
tablet_013,248,20,g004,g004,normal,synthetic_rongorongo_like,
tablet_013,248,21,g061,g061,normal,synthetic_rongorongo_like,
tablet_013,248,22,g001,g001,normal,synthetic_rongorongo_like,
tablet_013,248,23,g063,g063,normal,synthetic_rongorongo_like,
tablet_013,248,24,g021,g021,normal,synthetic_rongorongo_like,
tablet_013,248,25,g001,g001,normal,synthetic_rongorongo_like,
tablet_013,248,26,g015,g015,normal,synthetic_rongorongo_like,
tablet_013,248,27,g004,g004,normal,synthetic_rongorongo_like,
tablet_013,248,28,g007,g007,normal,synthetic_rongorongo_like,
tablet_013,248,29,g013,g013,normal,synthetic_rongorongo_like,
tablet_013,248,30,g001,g001,normal,synthetic_rongorongo_like,
tablet_013,248,31,g001,g001,normal,synthetic_rongorongo_like,
tablet_013,248,32,g021,g021,normal,synthetic_rongorongo_like,
tablet_013,248,33,g004,g004,normal,synthetic_rongorongo_like,
tablet_013,248,34,g004,g004,normal,synthetic_rongorongo_like,
tablet_013,248,35,g002,g002,normal,synthetic_rongorongo_like,
tablet_013,248,36,g022,g022,normal,synthetic_rongorongo_like,
tablet_013,248,37,g042,g042,normal,synthetic_rongorongo_like,
tablet_013,248,38,g001,g001,normal,synthetic_rongorongo_like,
tablet_013,248,39,g021,g021,normal,synthetic_rongorongo_like,
tablet_013,248,40,g021,g021,normal,synthetic_rongorongo_like,
tablet_013,249,1,g061,g061,normal,synthetic_rongorongo_like,
tablet_013,249,2,g002,g002,normal,synthetic_rongorongo_like,
tablet_013,249,3,g061,g061,normal,synthetic_rongorongo_like,
tablet_013,249,4,g061,g061,normal,synthetic_rongorongo_like,
tablet_013,249,5,g001,g001,normal,synthetic_rongorongo_like,
tablet_013,249,6,g001,g001,normal,synthetic_rongorongo_like,
tablet_013,249,7,g026,g026,normal,synthetic_rongorongo_like,
tablet_013,249,8,g026,g026,normal,synthetic_rongorongo_like,
tablet_013,249,9,g013,g013,normal,synthetic_rongorongo_like,
tablet_013,249,10,g013,g013,normal,synthetic_rongorongo_like,
tablet_013,249,11,g001,g001,normal,synthetic_rongorongo_like,
tablet_013,249,12,g001,g001,normal,synthetic_rongorongo_like,
tablet_013,249,13,g001,g001,normal,synthetic_rongorongo_like,
tablet_013,249,14,g005,g005,normal,synthetic_rongorongo_like,
tablet_013,249,15,g076,g076,normal,synthetic_rongorongo_like,
tablet_013,249,16,g014,g014,normal,synthetic_rongorongo_like,
tablet_013,249,17,g061,g061,normal,synthetic_rongorongo_like,
tablet_013,249,18,g061,g061,normal,synthetic_rongorongo_like,
tablet_013,249,19,g030,g030,normal,synthetic_rongorongo_like,
tablet_013,249,20,g002,g002,normal,synthetic_rongorongo_like,
tablet_013,249,21,g002,g002,normal,synthetic_rongorongo_like,
tablet_013,249,22,g002,g002,normal,synthetic_rongorongo_like,
tablet_013,249,23,g006,g006,normal,synthetic_rongorongo_like,
tablet_013,249,24,g001,g001,normal,synthetic_rongorongo_like,
tablet_013,249,25,g040,g040,normal,synthetic_rongorongo_like,
tablet_013,249,26,g040,g040,normal,synthetic_rongorongo_like,
tablet_013,249,27,g062,g062,normal,synthetic_rongorongo_like,
tablet_013,249,28,g061,g061,normal,synthetic_rongorongo_like,
tablet_013,249,29,g026,g026,normal,synthetic_rongorongo_like,
tablet_013,249,30,g002,g002,normal,synthetic_rongorongo_like,
tablet_013,249,31,g026,g026,normal,synthetic_rongorongo_like,
tablet_013,249,32,g023,g023,normal,synthetic_rongorongo_like,
tablet_013,249,33,g002,g002,normal,synthetic_rongorongo_like,
tablet_013,249,34,g024,g024,normal,synthetic_rongorongo_like,
tablet_013,249,35,g005,g005,normal,synthetic_rongorongo_like,
tablet_013,249,36,g006,g006,normal,synthetic_rongorongo_like,
tablet_013,249,37,g001,g001,normal,synthetic_rongorongo_like,
tablet_013,249,38,g061,g061,normal,synthetic_rongorongo_like,
tablet_013,249,39,g024,g024,normal,synthetic_rongorongo_like,
tablet_013,249,40,g003,g003,normal,synthetic_rongorongo_like,
tablet_013,250,1,g001,g001,normal,synthetic_rongorongo_like,
tablet_013,250,2,g061,g061,normal,synthetic_rongorongo_like,
tablet_013,250,3,g012,g012,normal,synthetic_rongorongo_like,
tablet_013,250,4,g004,g004,normal,synthetic_rongorongo_like,
tablet_013,250,5,g001,g001,normal,synthetic_rongorongo_like,
tablet_013,250,6,g002,g002,normal,synthetic_rongorongo_like,
tablet_013,250,7,g002,g002,normal,synthetic_rongorongo_like,
tablet_013,250,8,g004,g004,normal,synthetic_rongorongo_like,
tablet_013,250,9,g004,g004,normal,synthetic_rongorongo_like,
tablet_013,250,10,g001,g001,normal,synthetic_rongorongo_like,
tablet_013,250,11,g022,g022,normal,synthetic_rongorongo_like,
tablet_013,250,12,g002,g002,normal,synthetic_rongorongo_like,
tablet_013,250,13,g069,g069,normal,synthetic_rongorongo_like,
tablet_013,250,14,g008,g008,normal,synthetic_rongorongo_like,
tablet_013,250,15,g001,g001,normal,synthetic_rongorongo_like,
tablet_013,250,16,g001,g001,normal,synthetic_rongorongo_like,
tablet_013,250,17,g065,g065,normal,synthetic_rongorongo_like,
tablet_013,250,18,g065,g065,normal,synthetic_rongorongo_like,
tablet_013,250,19,g022,g022,normal,synthetic_rongorongo_like,
tablet_013,250,20,g022,g022,normal,synthetic_rongorongo_like,
tablet_013,250,21,g016,g016,normal,synthetic_rongorongo_like,
tablet_013,250,22,g003,g003,normal,synthetic_rongorongo_like,
tablet_013,250,23,g018,g018,normal,synthetic_rongorongo_like,
tablet_013,250,24,g001,g001,normal,synthetic_rongorongo_like,
tablet_013,250,25,g020,g020,normal,synthetic_rongorongo_like,
tablet_013,250,26,g023,g023,normal,synthetic_rongorongo_like,
tablet_013,250,27,g023,g023,normal,synthetic_rongorongo_like,
tablet_013,250,28,g063,g063,normal,synthetic_rongorongo_like,
tablet_013,250,29,g002,g002,normal,synthetic_rongorongo_like,
tablet_013,250,30,g002,g002,normal,synthetic_rongorongo_like,
tablet_013,250,31,g020,g020,normal,synthetic_rongorongo_like,
tablet_013,250,32,g021,g021,normal,synthetic_rongorongo_like,
tablet_013,250,33,g021,g021,normal,synthetic_rongorongo_like,
tablet_013,250,34,g002,g002,normal,synthetic_rongorongo_like,
tablet_013,250,35,g001,g001,normal,synthetic_rongorongo_like,
tablet_013,250,36,g061,g061,normal,synthetic_rongorongo_like,
tablet_013,250,37,g061,g061,normal,synthetic_rongorongo_like,
tablet_013,250,38,g001,g001,normal,synthetic_rongorongo_like,
tablet_013,250,39,g009,g009,normal,synthetic_rongorongo_like,
tablet_013,250,40,g021,g021,normal,synthetic_rongorongo_like,
tablet_013,251,1,g003,g003,normal,synthetic_rongorongo_like,
tablet_013,251,2,g001,g001,normal,synthetic_rongorongo_like,
tablet_013,251,3,g021,g021,normal,synthetic_rongorongo_like,
tablet_013,251,4,g021,g021,normal,synthetic_rongorongo_like,
tablet_013,251,5,g001,g001,normal,synthetic_rongorongo_like,
tablet_013,251,6,g021,g021,normal,synthetic_rongorongo_like,
tablet_013,251,7,g021,g021,normal,synthetic_rongorongo_like,
tablet_013,251,8,g021,g021,normal,synthetic_rongorongo_like,
tablet_013,251,9,g061,g061,normal,synthetic_rongorongo_like,
tablet_013,251,10,g022,g022,normal,synthetic_rongorongo_like,
tablet_013,251,11,g022,g022,normal,synthetic_rongorongo_like,
tablet_013,251,12,g021,g021,normal,synthetic_rongorongo_like,
tablet_013,251,13,g062,g062,normal,synthetic_rongorongo_like,
tablet_013,251,14,g003,g003,normal,synthetic_rongorongo_like,
tablet_013,251,15,g003,g003,normal,synthetic_rongorongo_like,
tablet_013,251,16,g010,g010,normal,synthetic_rongorongo_like,
tablet_013,251,17,g067,g067,normal,synthetic_rongorongo_like,
tablet_013,251,18,g067,g067,normal,synthetic_rongorongo_like,
tablet_013,251,19,g005,g005,normal,synthetic_rongorongo_like,
tablet_013,251,20,g020,g020,normal,synthetic_rongorongo_like,
tablet_013,251,21,g065,g065,normal,synthetic_rongorongo_like,
tablet_013,251,22,g065,g065,normal,synthetic_rongorongo_like,
tablet_013,251,23,g022,g022,normal,synthetic_rongorongo_like,
tablet_013,251,24,g023,g023,normal,synthetic_rongorongo_like,
tablet_013,251,25,g064,g064,normal,synthetic_rongorongo_like,
tablet_013,251,26,g025,g025,normal,synthetic_rongorongo_like,
tablet_013,251,27,g010,g010,normal,synthetic_rongorongo_like,
tablet_013,251,28,g010,g010,normal,synthetic_rongorongo_like,
tablet_013,251,29,g015,g015,normal,synthetic_rongorongo_like,
tablet_013,251,30,g015,g015,normal,synthetic_rongorongo_like,
tablet_013,251,31,g015,g015,normal,synthetic_rongorongo_like,
tablet_013,251,32,g017,g017,normal,synthetic_rongorongo_like,
tablet_013,251,33,g017,g017,normal,synthetic_rongorongo_like,
tablet_013,251,34,g021,g021,normal,synthetic_rongorongo_like,
tablet_013,251,35,g033,g033,normal,synthetic_rongorongo_like,
tablet_013,251,36,g021,g021,normal,synthetic_rongorongo_like,
tablet_013,251,37,g004,g004,normal,synthetic_rongorongo_like,
tablet_013,251,38,g022,g022,normal,synthetic_rongorongo_like,
tablet_013,251,39,g013,g013,normal,synthetic_rongorongo_like,
tablet_013,251,40,g021,g021,normal,synthetic_rongorongo_like,
tablet_013,252,1,g021,g021,normal,synthetic_rongorongo_like,
tablet_013,252,2,g028,g028,normal,synthetic_rongorongo_like,
tablet_013,252,3,g063,g063,normal,synthetic_rongorongo_like,
tablet_013,252,4,g011,g011,normal,synthetic_rongorongo_like,
tablet_013,252,5,g075,g075,normal,synthetic_rongorongo_like,
tablet_013,252,6,g061,g061,normal,synthetic_rongorongo_like,
tablet_013,252,7,g008,g008,normal,synthetic_rongorongo_like,
tablet_013,252,8,g061,g061,normal,synthetic_rongorongo_like,
tablet_013,252,9,g001,g001,normal,synthetic_rongorongo_like,
tablet_013,252,10,g001,g001,normal,synthetic_rongorongo_like,
tablet_013,252,11,g001,g001,normal,synthetic_rongorongo_like,
tablet_013,252,12,g021,g021,normal,synthetic_rongorongo_like,
tablet_013,252,13,g001,g001,normal,synthetic_rongorongo_like,
tablet_013,252,14,g022,g022,normal,synthetic_rongorongo_like,
tablet_013,252,15,g022,g022,normal,synthetic_rongorongo_like,
tablet_013,252,16,g001,g001,normal,synthetic_rongorongo_like,
tablet_013,252,17,g021,g021,normal,synthetic_rongorongo_like,
tablet_013,252,18,g002,g002,normal,synthetic_rongorongo_like,
tablet_013,252,19,g002,g002,normal,synthetic_rongorongo_like,
tablet_013,252,20,g021,g021,normal,synthetic_rongorongo_like,
tablet_013,252,21,g006,g006,normal,synthetic_rongorongo_like,
tablet_013,252,22,g061,g061,normal,synthetic_rongorongo_like,
tablet_013,252,23,g007,g007,normal,synthetic_rongorongo_like,
tablet_013,252,24,g062,g062,normal,synthetic_rongorongo_like,
tablet_013,252,25,g002,g002,normal,synthetic_rongorongo_like,
tablet_013,252,26,g022,g022,normal,synthetic_rongorongo_like,
tablet_013,252,27,g025,g025,normal,synthetic_rongorongo_like,
tablet_013,252,28,g025,g025,normal,synthetic_rongorongo_like,
tablet_013,252,29,g001,g001,normal,synthetic_rongorongo_like,
tablet_013,252,30,g022,g022,normal,synthetic_rongorongo_like,
tablet_013,252,31,g022,g022,normal,synthetic_rongorongo_like,
tablet_013,252,32,g024,g024,normal,synthetic_rongorongo_like,
tablet_013,252,33,g024,g024,normal,synthetic_rongorongo_like,
tablet_013,252,34,g006,g006,normal,synthetic_rongorongo_like,
tablet_013,252,35,g001,g001,normal,synthetic_rongorongo_like,
tablet_013,252,36,g062,g062,normal,synthetic_rongorongo_like,
tablet_013,252,37,g022,g022,normal,synthetic_rongorongo_like,
tablet_013,252,38,g021,g021,normal,synthetic_rongorongo_like,
tablet_013,252,39,g014,g014,normal,synthetic_rongorongo_like,
tablet_013,252,40,g014,g014,normal,synthetic_rongorongo_like,
tablet_013,253,1,g041,g041,normal,synthetic_rongorongo_like,
tablet_013,253,2,g026,g026,normal,synthetic_rongorongo_like,
tablet_013,253,3,g065,g065,normal,synthetic_rongorongo_like,
tablet_013,253,4,g008,g008,normal,synthetic_rongorongo_like,
tablet_013,253,5,g054,g054,normal,synthetic_rongorongo_like,
tablet_013,253,6,g054,g054,normal,synthetic_rongorongo_like,
tablet_013,253,7,g054,g054,normal,synthetic_rongorongo_like,
tablet_013,253,8,g061,g061,normal,synthetic_rongorongo_like,
tablet_013,253,9,g028,g028,normal,synthetic_rongorongo_like,
tablet_013,253,10,g003,g003,normal,synthetic_rongorongo_like,
tablet_013,253,11,g003,g003,normal,synthetic_rongorongo_like,
tablet_013,253,12,g003,g003,normal,synthetic_rongorongo_like,
tablet_013,253,13,g001,g001,normal,synthetic_rongorongo_like,
tablet_013,253,14,g001,g001,normal,synthetic_rongorongo_like,
tablet_013,253,15,g035,g035,normal,synthetic_rongorongo_like,
tablet_013,253,16,g035,g035,normal,synthetic_rongorongo_like,
tablet_013,253,17,g035,g035,normal,synthetic_rongorongo_like,
tablet_013,253,18,g024,g024,normal,synthetic_rongorongo_like,
tablet_013,253,19,g001,g001,normal,synthetic_rongorongo_like,
tablet_013,253,20,g062,g062,normal,synthetic_rongorongo_like,
tablet_013,253,21,g026,g026,normal,synthetic_rongorongo_like,
tablet_013,253,22,g026,g026,normal,synthetic_rongorongo_like,
tablet_013,253,23,g026,g026,normal,synthetic_rongorongo_like,
tablet_013,253,24,g006,g006,normal,synthetic_rongorongo_like,
tablet_013,253,25,g006,g006,normal,synthetic_rongorongo_like,
tablet_013,253,26,g061,g061,normal,synthetic_rongorongo_like,
tablet_013,253,27,g061,g061,normal,synthetic_rongorongo_like,
tablet_013,253,28,g021,g021,normal,synthetic_rongorongo_like,
tablet_013,253,29,g001,g001,normal,synthetic_rongorongo_like,
tablet_013,253,30,g001,g001,normal,synthetic_rongorongo_like,
tablet_013,253,31,g010,g010,normal,synthetic_rongorongo_like,
tablet_013,253,32,g002,g002,normal,synthetic_rongorongo_like,
tablet_013,253,33,g028,g028,normal,synthetic_rongorongo_like,
tablet_013,253,34,g028,g028,normal,synthetic_rongorongo_like,
tablet_013,253,35,g028,g028,normal,synthetic_rongorongo_like,
tablet_013,253,36,g001,g001,normal,synthetic_rongorongo_like,
tablet_013,253,37,g001,g001,normal,synthetic_rongorongo_like,
tablet_013,253,38,g002,g002,normal,synthetic_rongorongo_like,
tablet_013,253,39,g001,g001,normal,synthetic_rongorongo_like,
tablet_013,253,40,g003,g003,normal,synthetic_rongorongo_like,
tablet_013,254,1,g002,g002,normal,synthetic_rongorongo_like,
tablet_013,254,2,g006,g006,normal,synthetic_rongorongo_like,
tablet_013,254,3,g021,g021,normal,synthetic_rongorongo_like,
tablet_013,254,4,g021,g021,normal,synthetic_rongorongo_like,
tablet_013,254,5,g021,g021,normal,synthetic_rongorongo_like,
tablet_013,254,6,g034,g034,normal,synthetic_rongorongo_like,
tablet_013,254,7,g016,g016,normal,synthetic_rongorongo_like,
tablet_013,254,8,g004,g004,normal,synthetic_rongorongo_like,
tablet_013,254,9,g061,g061,normal,synthetic_rongorongo_like,
tablet_013,254,10,g061,g061,normal,synthetic_rongorongo_like,
tablet_013,254,11,g021,g021,normal,synthetic_rongorongo_like,
tablet_013,254,12,g025,g025,normal,synthetic_rongorongo_like,
tablet_013,254,13,g037,g037,normal,synthetic_rongorongo_like,
tablet_013,254,14,g037,g037,normal,synthetic_rongorongo_like,
tablet_013,254,15,g078,g078,normal,synthetic_rongorongo_like,
tablet_013,254,16,g024,g024,normal,synthetic_rongorongo_like,
tablet_013,254,17,g068,g068,normal,synthetic_rongorongo_like,
tablet_013,254,18,g001,g001,normal,synthetic_rongorongo_like,
tablet_013,254,19,g001,g001,normal,synthetic_rongorongo_like,
tablet_013,254,20,g001,g001,normal,synthetic_rongorongo_like,
tablet_013,254,21,g007,g007,normal,synthetic_rongorongo_like,
tablet_013,254,22,g004,g004,normal,synthetic_rongorongo_like,
tablet_013,254,23,g021,g021,normal,synthetic_rongorongo_like,
tablet_013,254,24,g021,g021,normal,synthetic_rongorongo_like,
tablet_013,254,25,g022,g022,normal,synthetic_rongorongo_like,
tablet_013,254,26,g001,g001,normal,synthetic_rongorongo_like,
tablet_013,254,27,g061,g061,normal,synthetic_rongorongo_like,
tablet_013,254,28,g061,g061,normal,synthetic_rongorongo_like,
tablet_013,254,29,g002,g002,normal,synthetic_rongorongo_like,
tablet_013,254,30,g022,g022,normal,synthetic_rongorongo_like,
tablet_013,254,31,g021,g021,normal,synthetic_rongorongo_like,
tablet_013,254,32,g063,g063,normal,synthetic_rongorongo_like,
tablet_013,254,33,g063,g063,normal,synthetic_rongorongo_like,
tablet_013,254,34,g061,g061,normal,synthetic_rongorongo_like,
tablet_013,254,35,g021,g021,normal,synthetic_rongorongo_like,
tablet_013,254,36,g021,g021,normal,synthetic_rongorongo_like,
tablet_013,254,37,g021,g021,normal,synthetic_rongorongo_like,
tablet_013,254,38,g003,g003,normal,synthetic_rongorongo_like,
tablet_013,254,39,g008,g008,normal,synthetic_rongorongo_like,
tablet_013,254,40,g002,g002,normal,synthetic_rongorongo_like,
tablet_013,255,1,g037,g037,normal,synthetic_rongorongo_like,
tablet_013,255,2,g037,g037,normal,synthetic_rongorongo_like,
tablet_013,255,3,g002,g002,normal,synthetic_rongorongo_like,
tablet_013,255,4,g007,g007,normal,synthetic_rongorongo_like,
tablet_013,255,5,g023,g023,normal,synthetic_rongorongo_like,
tablet_013,255,6,g023,g023,normal,synthetic_rongorongo_like,
tablet_013,255,7,g012,g012,normal,synthetic_rongorongo_like,
tablet_013,255,8,g005,g005,normal,synthetic_rongorongo_like,
tablet_013,255,9,g002,g002,normal,synthetic_rongorongo_like,
tablet_013,255,10,g005,g005,normal,synthetic_rongorongo_like,
tablet_013,255,11,g003,g003,normal,synthetic_rongorongo_like,
tablet_013,255,12,g003,g003,normal,synthetic_rongorongo_like,
tablet_013,255,13,g033,g033,normal,synthetic_rongorongo_like,
tablet_013,255,14,g021,g021,normal,synthetic_rongorongo_like,
tablet_013,255,15,g023,g023,normal,synthetic_rongorongo_like,
tablet_013,255,16,g086,g086,normal,synthetic_rongorongo_like,
tablet_013,255,17,g006,g006,normal,synthetic_rongorongo_like,
tablet_013,255,18,g003,g003,normal,synthetic_rongorongo_like,
tablet_013,255,19,g021,g021,normal,synthetic_rongorongo_like,
tablet_013,255,20,g031,g031,normal,synthetic_rongorongo_like,
tablet_013,255,21,g062,g062,normal,synthetic_rongorongo_like,
tablet_013,255,22,g013,g013,normal,synthetic_rongorongo_like,
tablet_013,255,23,g021,g021,normal,synthetic_rongorongo_like,
tablet_013,255,24,g021,g021,normal,synthetic_rongorongo_like,
tablet_013,255,25,g084,g084,normal,synthetic_rongorongo_like,
tablet_013,255,26,g007,g007,normal,synthetic_rongorongo_like,
tablet_013,255,27,g063,g063,normal,synthetic_rongorongo_like,
tablet_013,255,28,g001,g001,normal,synthetic_rongorongo_like,
tablet_013,255,29,g022,g022,normal,synthetic_rongorongo_like,
tablet_013,255,30,g068,g068,normal,synthetic_rongorongo_like,
tablet_013,255,31,g025,g025,normal,synthetic_rongorongo_like,
tablet_013,255,32,g001,g001,normal,synthetic_rongorongo_like,
tablet_013,255,33,g001,g001,normal,synthetic_rongorongo_like,
tablet_013,255,34,g001,g001,normal,synthetic_rongorongo_like,
tablet_013,255,35,g023,g023,normal,synthetic_rongorongo_like,
tablet_013,255,36,g001,g001,normal,synthetic_rongorongo_like,
tablet_013,255,37,g028,g028,normal,synthetic_rongorongo_like,
tablet_013,255,38,g030,g030,normal,synthetic_rongorongo_like,
tablet_013,255,39,g063,g063,normal,synthetic_rongorongo_like,
tablet_013,255,40,g064,g064,normal,synthetic_rongorongo_like,
tablet_013,256,1,g021,g021,normal,synthetic_rongorongo_like,
tablet_013,256,2,g021,g021,normal,synthetic_rongorongo_like,
tablet_013,256,3,g021,g021,normal,synthetic_rongorongo_like,
tablet_013,256,4,g001,g001,normal,synthetic_rongorongo_like,
tablet_013,256,5,g001,g001,normal,synthetic_rongorongo_like,
tablet_013,256,6,g024,g024,normal,synthetic_rongorongo_like,
tablet_013,256,7,g007,g007,normal,synthetic_rongorongo_like,
tablet_013,256,8,g005,g005,normal,synthetic_rongorongo_like,
tablet_013,256,9,g022,g022,normal,synthetic_rongorongo_like,
tablet_013,256,10,g002,g002,normal,synthetic_rongorongo_like,
tablet_013,256,11,g022,g022,normal,synthetic_rongorongo_like,
tablet_013,256,12,g022,g022,normal,synthetic_rongorongo_like,
tablet_013,256,13,g008,g008,normal,synthetic_rongorongo_like,
tablet_013,256,14,g061,g061,normal,synthetic_rongorongo_like,
tablet_013,256,15,g021,g021,normal,synthetic_rongorongo_like,
tablet_013,256,16,g021,g021,normal,synthetic_rongorongo_like,
tablet_013,256,17,g064,g064,normal,synthetic_rongorongo_like,
tablet_013,256,18,g021,g021,normal,synthetic_rongorongo_like,
tablet_013,256,19,g005,g005,normal,synthetic_rongorongo_like,
tablet_013,256,20,g061,g061,normal,synthetic_rongorongo_like,
tablet_013,256,21,g061,g061,normal,synthetic_rongorongo_like,
tablet_013,256,22,g002,g002,normal,synthetic_rongorongo_like,
tablet_013,256,23,g045,g045,normal,synthetic_rongorongo_like,
tablet_013,256,24,g085,g085,normal,synthetic_rongorongo_like,
tablet_013,256,25,g085,g085,normal,synthetic_rongorongo_like,
tablet_013,256,26,g085,g085,normal,synthetic_rongorongo_like,
tablet_013,256,27,g001,g001,normal,synthetic_rongorongo_like,
tablet_013,256,28,g002,g002,normal,synthetic_rongorongo_like,
tablet_013,256,29,g021,g021,normal,synthetic_rongorongo_like,
tablet_013,256,30,g032,g032,normal,synthetic_rongorongo_like,
tablet_013,256,31,g005,g005,normal,synthetic_rongorongo_like,
tablet_013,256,32,g049,g049,normal,synthetic_rongorongo_like,
tablet_013,256,33,g054,g054,normal,synthetic_rongorongo_like,
tablet_013,256,34,g001,g001,normal,synthetic_rongorongo_like,
tablet_013,256,35,g027,g027,normal,synthetic_rongorongo_like,
tablet_013,256,36,g023,g023,normal,synthetic_rongorongo_like,
tablet_013,256,37,g001,g001,normal,synthetic_rongorongo_like,
tablet_013,256,38,g021,g021,normal,synthetic_rongorongo_like,
tablet_013,256,39,g021,g021,normal,synthetic_rongorongo_like,
tablet_013,256,40,g021,g021,normal,synthetic_rongorongo_like,
tablet_013,257,1,g021,g021,normal,synthetic_rongorongo_like,
tablet_013,257,2,g048,g048,normal,synthetic_rongorongo_like,
tablet_013,257,3,g061,g061,normal,synthetic_rongorongo_like,
tablet_013,257,4,g016,g016,normal,synthetic_rongorongo_like,
tablet_013,257,5,g011,g011,normal,synthetic_rongorongo_like,
tablet_013,257,6,g061,g061,normal,synthetic_rongorongo_like,
tablet_013,257,7,g001,g001,normal,synthetic_rongorongo_like,
tablet_013,257,8,g087,g087,normal,synthetic_rongorongo_like,
tablet_013,257,9,g021,g021,normal,synthetic_rongorongo_like,
tablet_013,257,10,g021,g021,normal,synthetic_rongorongo_like,
tablet_013,257,11,g021,g021,normal,synthetic_rongorongo_like,
tablet_013,257,12,g001,g001,normal,synthetic_rongorongo_like,
tablet_013,257,13,g065,g065,normal,synthetic_rongorongo_like,
tablet_013,257,14,g021,g021,normal,synthetic_rongorongo_like,
tablet_013,257,15,g009,g009,normal,synthetic_rongorongo_like,
tablet_013,257,16,g061,g061,normal,synthetic_rongorongo_like,
tablet_013,257,17,g022,g022,normal,synthetic_rongorongo_like,
tablet_013,257,18,g011,g011,normal,synthetic_rongorongo_like,
tablet_013,257,19,g004,g004,normal,synthetic_rongorongo_like,
tablet_013,257,20,g001,g001,normal,synthetic_rongorongo_like,
tablet_013,257,21,g071,g071,normal,synthetic_rongorongo_like,
tablet_013,257,22,g002,g002,normal,synthetic_rongorongo_like,
tablet_013,257,23,g022,g022,normal,synthetic_rongorongo_like,
tablet_013,257,24,g002,g002,normal,synthetic_rongorongo_like,
tablet_013,257,25,g065,g065,normal,synthetic_rongorongo_like,
tablet_013,257,26,g061,g061,normal,synthetic_rongorongo_like,
tablet_013,257,27,g022,g022,normal,synthetic_rongorongo_like,
tablet_013,257,28,g063,g063,normal,synthetic_rongorongo_like,
tablet_013,257,29,g064,g064,normal,synthetic_rongorongo_like,
tablet_013,257,30,g064,g064,normal,synthetic_rongorongo_like,
tablet_013,257,31,g001,g001,normal,synthetic_rongorongo_like,
tablet_013,257,32,g043,g043,normal,synthetic_rongorongo_like,
tablet_013,257,33,g062,g062,normal,synthetic_rongorongo_like,
tablet_013,257,34,g002,g002,normal,synthetic_rongorongo_like,
tablet_013,257,35,g002,g002,normal,synthetic_rongorongo_like,
tablet_013,257,36,g014,g014,normal,synthetic_rongorongo_like,
tablet_013,257,37,g021,g021,normal,synthetic_rongorongo_like,
tablet_013,257,38,g003,g003,normal,synthetic_rongorongo_like,
tablet_013,257,39,g001,g001,normal,synthetic_rongorongo_like,
tablet_013,257,40,g022,g022,normal,synthetic_rongorongo_like,
tablet_013,258,1,g007,g007,normal,synthetic_rongorongo_like,
tablet_013,258,2,g007,g007,normal,synthetic_rongorongo_like,
tablet_013,258,3,g007,g007,normal,synthetic_rongorongo_like,
tablet_013,258,4,g007,g007,normal,synthetic_rongorongo_like,
tablet_013,258,5,g061,g061,normal,synthetic_rongorongo_like,
tablet_013,258,6,g067,g067,normal,synthetic_rongorongo_like,
tablet_013,258,7,g067,g067,normal,synthetic_rongorongo_like,
tablet_013,258,8,g021,g021,normal,synthetic_rongorongo_like,
tablet_013,258,9,g001,g001,normal,synthetic_rongorongo_like,
tablet_013,258,10,g001,g001,normal,synthetic_rongorongo_like,
tablet_013,258,11,g001,g001,normal,synthetic_rongorongo_like,
tablet_013,258,12,g021,g021,normal,synthetic_rongorongo_like,
tablet_013,258,13,g008,g008,normal,synthetic_rongorongo_like,
tablet_013,258,14,g010,g010,normal,synthetic_rongorongo_like,
tablet_013,258,15,g063,g063,normal,synthetic_rongorongo_like,
tablet_013,258,16,g063,g063,normal,synthetic_rongorongo_like,
tablet_013,258,17,g001,g001,normal,synthetic_rongorongo_like,
tablet_013,258,18,g022,g022,normal,synthetic_rongorongo_like,
tablet_013,258,19,g001,g001,normal,synthetic_rongorongo_like,
tablet_013,258,20,g031,g031,normal,synthetic_rongorongo_like,
tablet_013,258,21,g012,g012,normal,synthetic_rongorongo_like,
tablet_013,258,22,g063,g063,normal,synthetic_rongorongo_like,
tablet_013,258,23,g063,g063,normal,synthetic_rongorongo_like,
tablet_013,258,24,g022,g022,normal,synthetic_rongorongo_like,
tablet_013,258,25,g009,g009,normal,synthetic_rongorongo_like,
tablet_013,258,26,g021,g021,normal,synthetic_rongorongo_like,
tablet_013,258,27,g030,g030,normal,synthetic_rongorongo_like,
tablet_013,258,28,g030,g030,normal,synthetic_rongorongo_like,
tablet_013,258,29,g061,g061,normal,synthetic_rongorongo_like,
tablet_013,258,30,g061,g061,normal,synthetic_rongorongo_like,
tablet_013,258,31,g001,g001,normal,synthetic_rongorongo_like,
tablet_013,258,32,g061,g061,normal,synthetic_rongorongo_like,
tablet_013,258,33,g037,g037,normal,synthetic_rongorongo_like,
tablet_013,258,34,g065,g065,normal,synthetic_rongorongo_like,
tablet_013,258,35,g021,g021,normal,synthetic_rongorongo_like,
tablet_013,258,36,g002,g002,normal,synthetic_rongorongo_like,
tablet_013,258,37,g001,g001,normal,synthetic_rongorongo_like,
tablet_013,258,38,g061,g061,normal,synthetic_rongorongo_like,
tablet_013,258,39,g002,g002,normal,synthetic_rongorongo_like,
tablet_013,258,40,g002,g002,normal,synthetic_rongorongo_like,
tablet_013,259,1,g096,g096,normal,synthetic_rongorongo_like,
tablet_013,259,2,g004,g004,normal,synthetic_rongorongo_like,
tablet_013,259,3,g063,g063,normal,synthetic_rongorongo_like,
tablet_013,259,4,g006,g006,normal,synthetic_rongorongo_like,
tablet_013,259,5,g006,g006,normal,synthetic_rongorongo_like,
tablet_013,259,6,g006,g006,normal,synthetic_rongorongo_like,
tablet_013,259,7,g033,g033,normal,synthetic_rongorongo_like,
tablet_013,259,8,g025,g025,normal,synthetic_rongorongo_like,
tablet_013,259,9,g007,g007,normal,synthetic_rongorongo_like,
tablet_013,259,10,g007,g007,normal,synthetic_rongorongo_like,
tablet_013,259,11,g022,g022,normal,synthetic_rongorongo_like,
tablet_013,259,12,g022,g022,normal,synthetic_rongorongo_like,
tablet_013,259,13,g022,g022,normal,synthetic_rongorongo_like,
tablet_013,259,14,g061,g061,normal,synthetic_rongorongo_like,
tablet_013,259,15,g027,g027,normal,synthetic_rongorongo_like,
tablet_013,259,16,g021,g021,normal,synthetic_rongorongo_like,
tablet_013,259,17,g045,g045,normal,synthetic_rongorongo_like,
tablet_013,259,18,g010,g010,normal,synthetic_rongorongo_like,
tablet_013,259,19,g022,g022,normal,synthetic_rongorongo_like,
tablet_013,259,20,g007,g007,normal,synthetic_rongorongo_like,
tablet_013,259,21,g051,g051,normal,synthetic_rongorongo_like,
tablet_013,259,22,g001,g001,normal,synthetic_rongorongo_like,
tablet_013,259,23,g021,g021,normal,synthetic_rongorongo_like,
tablet_013,259,24,g028,g028,normal,synthetic_rongorongo_like,
tablet_013,259,25,g001,g001,normal,synthetic_rongorongo_like,
tablet_013,259,26,g001,g001,normal,synthetic_rongorongo_like,
tablet_013,259,27,g001,g001,normal,synthetic_rongorongo_like,
tablet_013,259,28,g001,g001,normal,synthetic_rongorongo_like,
tablet_013,259,29,g001,g001,normal,synthetic_rongorongo_like,
tablet_013,259,30,g034,g034,normal,synthetic_rongorongo_like,
tablet_013,259,31,g002,g002,normal,synthetic_rongorongo_like,
tablet_013,259,32,g002,g002,normal,synthetic_rongorongo_like,
tablet_013,259,33,g001,g001,normal,synthetic_rongorongo_like,
tablet_013,259,34,g003,g003,normal,synthetic_rongorongo_like,
tablet_013,259,35,g062,g062,normal,synthetic_rongorongo_like,
tablet_013,259,36,g001,g001,normal,synthetic_rongorongo_like,
tablet_013,259,37,g009,g009,normal,synthetic_rongorongo_like,
tablet_013,259,38,g004,g004,normal,synthetic_rongorongo_like,
tablet_013,259,39,g004,g004,normal,synthetic_rongorongo_like,
tablet_013,259,40,g017,g017,normal,synthetic_rongorongo_like,
tablet_013,260,1,g021,g021,normal,synthetic_rongorongo_like,
tablet_013,260,2,g021,g021,normal,synthetic_rongorongo_like,
tablet_013,260,3,g093,g093,normal,synthetic_rongorongo_like,
tablet_013,260,4,g005,g005,normal,synthetic_rongorongo_like,
tablet_013,260,5,g021,g021,normal,synthetic_rongorongo_like,
tablet_013,260,6,g021,g021,normal,synthetic_rongorongo_like,
tablet_013,260,7,g021,g021,normal,synthetic_rongorongo_like,
tablet_013,260,8,g008,g008,normal,synthetic_rongorongo_like,
tablet_013,260,9,g021,g021,normal,synthetic_rongorongo_like,
tablet_013,260,10,g021,g021,normal,synthetic_rongorongo_like,
tablet_013,260,11,g005,g005,normal,synthetic_rongorongo_like,
tablet_013,260,12,g005,g005,normal,synthetic_rongorongo_like,
tablet_013,260,13,g025,g025,normal,synthetic_rongorongo_like,
tablet_013,260,14,g021,g021,normal,synthetic_rongorongo_like,
tablet_013,260,15,g022,g022,normal,synthetic_rongorongo_like,
tablet_013,260,16,g002,g002,normal,synthetic_rongorongo_like,
tablet_013,260,17,g001,g001,normal,synthetic_rongorongo_like,
tablet_013,260,18,g001,g001,normal,synthetic_rongorongo_like,
tablet_013,260,19,g028,g028,normal,synthetic_rongorongo_like,
tablet_013,260,20,g002,g002,normal,synthetic_rongorongo_like,
tablet_013,260,21,g001,g001,normal,synthetic_rongorongo_like,
tablet_013,260,22,g025,g025,normal,synthetic_rongorongo_like,
tablet_013,260,23,g012,g012,normal,synthetic_rongorongo_like,
tablet_013,260,24,g001,g001,normal,synthetic_rongorongo_like,
tablet_013,260,25,g062,g062,normal,synthetic_rongorongo_like,
tablet_013,260,26,g050,g050,normal,synthetic_rongorongo_like,
tablet_013,260,27,g104,g104,normal,synthetic_rongorongo_like,
tablet_013,260,28,g016,g016,normal,synthetic_rongorongo_like,
tablet_013,260,29,g016,g016,normal,synthetic_rongorongo_like,
tablet_013,260,30,g021,g021,normal,synthetic_rongorongo_like,
tablet_013,260,31,g038,g038,normal,synthetic_rongorongo_like,
tablet_013,260,32,g038,g038,normal,synthetic_rongorongo_like,
tablet_013,260,33,g002,g002,normal,synthetic_rongorongo_like,
tablet_013,260,34,g016,g016,normal,synthetic_rongorongo_like,
tablet_013,260,35,g002,g002,normal,synthetic_rongorongo_like,
tablet_013,260,36,g003,g003,normal,synthetic_rongorongo_like,
tablet_013,260,37,g003,g003,normal,synthetic_rongorongo_like,
tablet_013,260,38,g022,g022,normal,synthetic_rongorongo_like,
tablet_013,260,39,g061,g061,normal,synthetic_rongorongo_like,
tablet_013,260,40,g001,g001,normal,synthetic_rongorongo_like,
tablet_014,261,1,g006,g006,normal,synthetic_rongorongo_like,
tablet_014,261,2,g006,g006,normal,synthetic_rongorongo_like,
tablet_014,261,3,g006,g006,normal,synthetic_rongorongo_like,
tablet_014,261,4,g001,g001,normal,synthetic_rongorongo_like,
tablet_014,261,5,g021,g021,normal,synthetic_rongorongo_like,
tablet_014,261,6,g012,g012,normal,synthetic_rongorongo_like,
tablet_014,261,7,g061,g061,normal,synthetic_rongorongo_like,
tablet_014,261,8,g010,g010,normal,synthetic_rongorongo_like,
tablet_014,261,9,g065,g065,normal,synthetic_rongorongo_like,
tablet_014,261,10,g021,g021,normal,synthetic_rongorongo_like,
tablet_014,261,11,g061,g061,normal,synthetic_rongorongo_like,
tablet_014,261,12,g061,g061,normal,synthetic_rongorongo_like,
tablet_014,261,13,g009,g009,normal,synthetic_rongorongo_like,
tablet_014,261,14,g065,g065,normal,synthetic_rongorongo_like,
tablet_014,261,15,g021,g021,normal,synthetic_rongorongo_like,
tablet_014,261,16,g062,g062,normal,synthetic_rongorongo_like,
tablet_014,261,17,g001,g001,normal,synthetic_rongorongo_like,
tablet_014,261,18,g002,g002,normal,synthetic_rongorongo_like,
tablet_014,261,19,g002,g002,normal,synthetic_rongorongo_like,
tablet_014,261,20,g021,g021,normal,synthetic_rongorongo_like,
tablet_014,261,21,g001,g001,normal,synthetic_rongorongo_like,
tablet_014,261,22,g001,g001,normal,synthetic_rongorongo_like,
tablet_014,261,23,g011,g011,normal,synthetic_rongorongo_like,
tablet_014,261,24,g021,g021,normal,synthetic_rongorongo_like,
tablet_014,261,25,g021,g021,normal,synthetic_rongorongo_like,
tablet_014,261,26,g003,g003,normal,synthetic_rongorongo_like,
tablet_014,261,27,g022,g022,normal,synthetic_rongorongo_like,
tablet_014,261,28,g061,g061,normal,synthetic_rongorongo_like,
tablet_014,261,29,g063,g063,normal,synthetic_rongorongo_like,
tablet_014,261,30,g011,g011,normal,synthetic_rongorongo_like,
tablet_014,261,31,g061,g061,normal,synthetic_rongorongo_like,
tablet_014,261,32,g004,g004,normal,synthetic_rongorongo_like,
tablet_014,261,33,g061,g061,normal,synthetic_rongorongo_like,
tablet_014,261,34,g068,g068,normal,synthetic_rongorongo_like,
tablet_014,261,35,g004,g004,normal,synthetic_rongorongo_like,
tablet_014,261,36,g020,g020,normal,synthetic_rongorongo_like,
tablet_014,261,37,g002,g002,normal,synthetic_rongorongo_like,
tablet_014,261,38,g021,g021,normal,synthetic_rongorongo_like,
tablet_014,261,39,g021,g021,normal,synthetic_rongorongo_like,
tablet_014,261,40,g064,g064,normal,synthetic_rongorongo_like,
tablet_014,262,1,g052,g052,normal,synthetic_rongorongo_like,
tablet_014,262,2,g064,g064,normal,synthetic_rongorongo_like,
tablet_014,262,3,g061,g061,normal,synthetic_rongorongo_like,
tablet_014,262,4,g001,g001,normal,synthetic_rongorongo_like,
tablet_014,262,5,g036,g036,normal,synthetic_rongorongo_like,
tablet_014,262,6,g036,g036,normal,synthetic_rongorongo_like,
tablet_014,262,7,g003,g003,normal,synthetic_rongorongo_like,
tablet_014,262,8,g074,g074,normal,synthetic_rongorongo_like,
tablet_014,262,9,g061,g061,normal,synthetic_rongorongo_like,
tablet_014,262,10,g061,g061,normal,synthetic_rongorongo_like,
tablet_014,262,11,g005,g005,normal,synthetic_rongorongo_like,
tablet_014,262,12,g064,g064,normal,synthetic_rongorongo_like,
tablet_014,262,13,g064,g064,normal,synthetic_rongorongo_like,
tablet_014,262,14,g069,g069,normal,synthetic_rongorongo_like,
tablet_014,262,15,g021,g021,normal,synthetic_rongorongo_like,
tablet_014,262,16,g066,g066,normal,synthetic_rongorongo_like,
tablet_014,262,17,g014,g014,normal,synthetic_rongorongo_like,
tablet_014,262,18,g061,g061,normal,synthetic_rongorongo_like,
tablet_014,262,19,g001,g001,normal,synthetic_rongorongo_like,
tablet_014,262,20,g034,g034,normal,synthetic_rongorongo_like,
tablet_014,262,21,g003,g003,normal,synthetic_rongorongo_like,
tablet_014,262,22,g021,g021,normal,synthetic_rongorongo_like,
tablet_014,262,23,g001,g001,normal,synthetic_rongorongo_like,
tablet_014,262,24,g061,g061,normal,synthetic_rongorongo_like,
tablet_014,262,25,g021,g021,normal,synthetic_rongorongo_like,
tablet_014,262,26,g001,g001,normal,synthetic_rongorongo_like,
tablet_014,262,27,g001,g001,normal,synthetic_rongorongo_like,
tablet_014,262,28,g001,g001,normal,synthetic_rongorongo_like,
tablet_014,262,29,g001,g001,normal,synthetic_rongorongo_like,
tablet_014,262,30,g001,g001,normal,synthetic_rongorongo_like,
tablet_014,262,31,g021,g021,normal,synthetic_rongorongo_like,
tablet_014,262,32,g021,g021,normal,synthetic_rongorongo_like,
tablet_014,262,33,g021,g021,normal,synthetic_rongorongo_like,
tablet_014,262,34,g035,g035,normal,synthetic_rongorongo_like,
tablet_014,262,35,g035,g035,normal,synthetic_rongorongo_like,
tablet_014,262,36,g035,g035,normal,synthetic_rongorongo_like,
tablet_014,262,37,g019,g019,normal,synthetic_rongorongo_like,
tablet_014,262,38,g004,g004,normal,synthetic_rongorongo_like,
tablet_014,262,39,g061,g061,normal,synthetic_rongorongo_like,
tablet_014,262,40,g001,g001,normal,synthetic_rongorongo_like,
tablet_014,263,1,g015,g015,normal,synthetic_rongorongo_like,
tablet_014,263,2,g001,g001,normal,synthetic_rongorongo_like,
tablet_014,263,3,g028,g028,normal,synthetic_rongorongo_like,
tablet_014,263,4,g001,g001,normal,synthetic_rongorongo_like,
tablet_014,263,5,g001,g001,normal,synthetic_rongorongo_like,
tablet_014,263,6,g001,g001,normal,synthetic_rongorongo_like,
tablet_014,263,7,g005,g005,normal,synthetic_rongorongo_like,
tablet_014,263,8,g053,g053,normal,synthetic_rongorongo_like,
tablet_014,263,9,g021,g021,normal,synthetic_rongorongo_like,
tablet_014,263,10,g016,g016,normal,synthetic_rongorongo_like,
tablet_014,263,11,g021,g021,normal,synthetic_rongorongo_like,
tablet_014,263,12,g021,g021,normal,synthetic_rongorongo_like,
tablet_014,263,13,g062,g062,normal,synthetic_rongorongo_like,
tablet_014,263,14,g001,g001,normal,synthetic_rongorongo_like,
tablet_014,263,15,g033,g033,normal,synthetic_rongorongo_like,
tablet_014,263,16,g001,g001,normal,synthetic_rongorongo_like,
tablet_014,263,17,g021,g021,normal,synthetic_rongorongo_like,
tablet_014,263,18,g021,g021,normal,synthetic_rongorongo_like,
tablet_014,263,19,g001,g001,normal,synthetic_rongorongo_like,
tablet_014,263,20,g001,g001,normal,synthetic_rongorongo_like,
tablet_014,263,21,g002,g002,normal,synthetic_rongorongo_like,
tablet_014,263,22,g025,g025,normal,synthetic_rongorongo_like,
tablet_014,263,23,g023,g023,normal,synthetic_rongorongo_like,
tablet_014,263,24,g021,g021,normal,synthetic_rongorongo_like,
tablet_014,263,25,g002,g002,normal,synthetic_rongorongo_like,
tablet_014,263,26,g014,g014,normal,synthetic_rongorongo_like,
tablet_014,263,27,g001,g001,normal,synthetic_rongorongo_like,
tablet_014,263,28,g061,g061,normal,synthetic_rongorongo_like,
tablet_014,263,29,g019,g019,normal,synthetic_rongorongo_like,
tablet_014,263,30,g062,g062,normal,synthetic_rongorongo_like,
tablet_014,263,31,g021,g021,normal,synthetic_rongorongo_like,
tablet_014,263,32,g021,g021,normal,synthetic_rongorongo_like,
tablet_014,263,33,g030,g030,normal,synthetic_rongorongo_like,
tablet_014,263,34,g001,g001,normal,synthetic_rongorongo_like,
tablet_014,263,35,g030,g030,normal,synthetic_rongorongo_like,
tablet_014,263,36,g074,g074,normal,synthetic_rongorongo_like,
tablet_014,263,37,g001,g001,normal,synthetic_rongorongo_like,
tablet_014,263,38,g002,g002,normal,synthetic_rongorongo_like,
tablet_014,263,39,g003,g003,normal,synthetic_rongorongo_like,
tablet_014,263,40,g002,g002,normal,synthetic_rongorongo_like,
tablet_014,264,1,g050,g050,normal,synthetic_rongorongo_like,
tablet_014,264,2,g001,g001,normal,synthetic_rongorongo_like,
tablet_014,264,3,g021,g021,normal,synthetic_rongorongo_like,
tablet_014,264,4,g005,g005,normal,synthetic_rongorongo_like,
tablet_014,264,5,g021,g021,normal,synthetic_rongorongo_like,
tablet_014,264,6,g001,g001,normal,synthetic_rongorongo_like,
tablet_014,264,7,g002,g002,normal,synthetic_rongorongo_like,
tablet_014,264,8,g021,g021,normal,synthetic_rongorongo_like,
tablet_014,264,9,g064,g064,normal,synthetic_rongorongo_like,
tablet_014,264,10,g064,g064,normal,synthetic_rongorongo_like,
tablet_014,264,11,g064,g064,normal,synthetic_rongorongo_like,
tablet_014,264,12,g064,g064,normal,synthetic_rongorongo_like,
tablet_014,264,13,g007,g007,normal,synthetic_rongorongo_like,
tablet_014,264,14,g026,g026,normal,synthetic_rongorongo_like,
tablet_014,264,15,g026,g026,normal,synthetic_rongorongo_like,
tablet_014,264,16,g001,g001,normal,synthetic_rongorongo_like,
tablet_014,264,17,g001,g001,normal,synthetic_rongorongo_like,
tablet_014,264,18,g003,g003,normal,synthetic_rongorongo_like,
tablet_014,264,19,g052,g052,normal,synthetic_rongorongo_like,
tablet_014,264,20,g001,g001,normal,synthetic_rongorongo_like,
tablet_014,264,21,g022,g022,normal,synthetic_rongorongo_like,
tablet_014,264,22,g001,g001,normal,synthetic_rongorongo_like,
tablet_014,264,23,g021,g021,normal,synthetic_rongorongo_like,
tablet_014,264,24,g021,g021,normal,synthetic_rongorongo_like,
tablet_014,264,25,g021,g021,normal,synthetic_rongorongo_like,
tablet_014,264,26,g033,g033,normal,synthetic_rongorongo_like,
tablet_014,264,27,g025,g025,normal,synthetic_rongorongo_like,
tablet_014,264,28,g025,g025,normal,synthetic_rongorongo_like,
tablet_014,264,29,g084,g084,normal,synthetic_rongorongo_like,
tablet_014,264,30,g021,g021,normal,synthetic_rongorongo_like,
tablet_014,264,31,g005,g005,normal,synthetic_rongorongo_like,
tablet_014,264,32,g022,g022,normal,synthetic_rongorongo_like,
tablet_014,264,33,g005,g005,normal,synthetic_rongorongo_like,
tablet_014,264,34,g025,g025,normal,synthetic_rongorongo_like,
tablet_014,264,35,g025,g025,normal,synthetic_rongorongo_like,
tablet_014,264,36,g002,g002,normal,synthetic_rongorongo_like,
tablet_014,264,37,g012,g012,normal,synthetic_rongorongo_like,
tablet_014,264,38,g012,g012,normal,synthetic_rongorongo_like,
tablet_014,264,39,g001,g001,normal,synthetic_rongorongo_like,
tablet_014,264,40,g079,g079,normal,synthetic_rongorongo_like,
tablet_014,265,1,g001,g001,normal,synthetic_rongorongo_like,
tablet_014,265,2,g001,g001,normal,synthetic_rongorongo_like,
tablet_014,265,3,g046,g046,normal,synthetic_rongorongo_like,
tablet_014,265,4,g021,g021,normal,synthetic_rongorongo_like,
tablet_014,265,5,g021,g021,normal,synthetic_rongorongo_like,
tablet_014,265,6,g022,g022,normal,synthetic_rongorongo_like,
tablet_014,265,7,g068,g068,normal,synthetic_rongorongo_like,
tablet_014,265,8,g015,g015,normal,synthetic_rongorongo_like,
tablet_014,265,9,g065,g065,normal,synthetic_rongorongo_like,
tablet_014,265,10,g065,g065,normal,synthetic_rongorongo_like,
tablet_014,265,11,g021,g021,normal,synthetic_rongorongo_like,
tablet_014,265,12,g005,g005,normal,synthetic_rongorongo_like,
tablet_014,265,13,g001,g001,normal,synthetic_rongorongo_like,
tablet_014,265,14,g021,g021,normal,synthetic_rongorongo_like,
tablet_014,265,15,g004,g004,normal,synthetic_rongorongo_like,
tablet_014,265,16,g013,g013,normal,synthetic_rongorongo_like,
tablet_014,265,17,g008,g008,normal,synthetic_rongorongo_like,
tablet_014,265,18,g005,g005,normal,synthetic_rongorongo_like,
tablet_014,265,19,g061,g061,normal,synthetic_rongorongo_like,
tablet_014,265,20,g021,g021,normal,synthetic_rongorongo_like,
tablet_014,265,21,g021,g021,normal,synthetic_rongorongo_like,
tablet_014,265,22,g042,g042,normal,synthetic_rongorongo_like,
tablet_014,265,23,g018,g018,normal,synthetic_rongorongo_like,
tablet_014,265,24,g024,g024,normal,synthetic_rongorongo_like,
tablet_014,265,25,g002,g002,normal,synthetic_rongorongo_like,
tablet_014,265,26,g022,g022,normal,synthetic_rongorongo_like,
tablet_014,265,27,g022,g022,normal,synthetic_rongorongo_like,
tablet_014,265,28,g022,g022,normal,synthetic_rongorongo_like,
tablet_014,265,29,g002,g002,normal,synthetic_rongorongo_like,
tablet_014,265,30,g015,g015,normal,synthetic_rongorongo_like,
tablet_014,265,31,g061,g061,normal,synthetic_rongorongo_like,
tablet_014,265,32,g002,g002,normal,synthetic_rongorongo_like,
tablet_014,265,33,g050,g050,normal,synthetic_rongorongo_like,
tablet_014,265,34,g021,g021,normal,synthetic_rongorongo_like,
tablet_014,265,35,g009,g009,normal,synthetic_rongorongo_like,
tablet_014,265,36,g023,g023,normal,synthetic_rongorongo_like,
tablet_014,265,37,g023,g023,normal,synthetic_rongorongo_like,
tablet_014,265,38,g024,g024,normal,synthetic_rongorongo_like,
tablet_014,265,39,g024,g024,normal,synthetic_rongorongo_like,
tablet_014,265,40,g034,g034,normal,synthetic_rongorongo_like,
tablet_014,266,1,g022,g022,normal,synthetic_rongorongo_like,
tablet_014,266,2,g011,g011,normal,synthetic_rongorongo_like,
tablet_014,266,3,g011,g011,normal,synthetic_rongorongo_like,
tablet_014,266,4,g021,g021,normal,synthetic_rongorongo_like,
tablet_014,266,5,g021,g021,normal,synthetic_rongorongo_like,
tablet_014,266,6,g021,g021,normal,synthetic_rongorongo_like,
tablet_014,266,7,g022,g022,normal,synthetic_rongorongo_like,
tablet_014,266,8,g022,g022,normal,synthetic_rongorongo_like,
tablet_014,266,9,g001,g001,normal,synthetic_rongorongo_like,
tablet_014,266,10,g023,g023,normal,synthetic_rongorongo_like,
tablet_014,266,11,g021,g021,normal,synthetic_rongorongo_like,
tablet_014,266,12,g021,g021,normal,synthetic_rongorongo_like,
tablet_014,266,13,g021,g021,normal,synthetic_rongorongo_like,
tablet_014,266,14,g005,g005,normal,synthetic_rongorongo_like,
tablet_014,266,15,g005,g005,normal,synthetic_rongorongo_like,
tablet_014,266,16,g005,g005,normal,synthetic_rongorongo_like,
tablet_014,266,17,g023,g023,normal,synthetic_rongorongo_like,
tablet_014,266,18,g002,g002,normal,synthetic_rongorongo_like,
tablet_014,266,19,g002,g002,normal,synthetic_rongorongo_like,
tablet_014,266,20,g002,g002,normal,synthetic_rongorongo_like,
tablet_014,266,21,g021,g021,normal,synthetic_rongorongo_like,
tablet_014,266,22,g061,g061,normal,synthetic_rongorongo_like,
tablet_014,266,23,g021,g021,normal,synthetic_rongorongo_like,
tablet_014,266,24,g001,g001,normal,synthetic_rongorongo_like,
tablet_014,266,25,g025,g025,normal,synthetic_rongorongo_like,
tablet_014,266,26,g024,g024,normal,synthetic_rongorongo_like,
tablet_014,266,27,g024,g024,normal,synthetic_rongorongo_like,
tablet_014,266,28,g024,g024,normal,synthetic_rongorongo_like,
tablet_014,266,29,g061,g061,normal,synthetic_rongorongo_like,
tablet_014,266,30,g008,g008,normal,synthetic_rongorongo_like,
tablet_014,266,31,g016,g016,normal,synthetic_rongorongo_like,
tablet_014,266,32,g007,g007,normal,synthetic_rongorongo_like,
tablet_014,266,33,g008,g008,normal,synthetic_rongorongo_like,
tablet_014,266,34,g021,g021,normal,synthetic_rongorongo_like,
tablet_014,266,35,g015,g015,normal,synthetic_rongorongo_like,
tablet_014,266,36,g015,g015,normal,synthetic_rongorongo_like,
tablet_014,266,37,g093,g093,normal,synthetic_rongorongo_like,
tablet_014,266,38,g061,g061,normal,synthetic_rongorongo_like,
tablet_014,266,39,g002,g002,normal,synthetic_rongorongo_like,
tablet_014,266,40,g006,g006,normal,synthetic_rongorongo_like,
tablet_014,267,1,g012,g012,normal,synthetic_rongorongo_like,
tablet_014,267,2,g022,g022,normal,synthetic_rongorongo_like,
tablet_014,267,3,g021,g021,normal,synthetic_rongorongo_like,
tablet_014,267,4,g063,g063,normal,synthetic_rongorongo_like,
tablet_014,267,5,g001,g001,normal,synthetic_rongorongo_like,
tablet_014,267,6,g005,g005,normal,synthetic_rongorongo_like,
tablet_014,267,7,g001,g001,normal,synthetic_rongorongo_like,
tablet_014,267,8,g004,g004,normal,synthetic_rongorongo_like,
tablet_014,267,9,g063,g063,normal,synthetic_rongorongo_like,
tablet_014,267,10,g003,g003,normal,synthetic_rongorongo_like,
tablet_014,267,11,g003,g003,normal,synthetic_rongorongo_like,
tablet_014,267,12,g009,g009,normal,synthetic_rongorongo_like,
tablet_014,267,13,g061,g061,normal,synthetic_rongorongo_like,
tablet_014,267,14,g063,g063,normal,synthetic_rongorongo_like,
tablet_014,267,15,g021,g021,normal,synthetic_rongorongo_like,
tablet_014,267,16,g002,g002,normal,synthetic_rongorongo_like,
tablet_014,267,17,g004,g004,normal,synthetic_rongorongo_like,
tablet_014,267,18,g022,g022,normal,synthetic_rongorongo_like,
tablet_014,267,19,g021,g021,normal,synthetic_rongorongo_like,
tablet_014,267,20,g003,g003,normal,synthetic_rongorongo_like,
tablet_014,267,21,g008,g008,normal,synthetic_rongorongo_like,
tablet_014,267,22,g014,g014,normal,synthetic_rongorongo_like,
tablet_014,267,23,g029,g029,normal,synthetic_rongorongo_like,
tablet_014,267,24,g021,g021,normal,synthetic_rongorongo_like,
tablet_014,267,25,g020,g020,normal,synthetic_rongorongo_like,
tablet_014,267,26,g069,g069,normal,synthetic_rongorongo_like,
tablet_014,267,27,g002,g002,normal,synthetic_rongorongo_like,
tablet_014,267,28,g001,g001,normal,synthetic_rongorongo_like,
tablet_014,267,29,g001,g001,normal,synthetic_rongorongo_like,
tablet_014,267,30,g028,g028,normal,synthetic_rongorongo_like,
tablet_014,267,31,g028,g028,normal,synthetic_rongorongo_like,
tablet_014,267,32,g002,g002,normal,synthetic_rongorongo_like,
tablet_014,267,33,g001,g001,normal,synthetic_rongorongo_like,
tablet_014,267,34,g069,g069,normal,synthetic_rongorongo_like,
tablet_014,267,35,g023,g023,normal,synthetic_rongorongo_like,
tablet_014,267,36,g063,g063,normal,synthetic_rongorongo_like,
tablet_014,267,37,g001,g001,normal,synthetic_rongorongo_like,
tablet_014,267,38,g006,g006,normal,synthetic_rongorongo_like,
tablet_014,267,39,g002,g002,normal,synthetic_rongorongo_like,
tablet_014,267,40,g002,g002,normal,synthetic_rongorongo_like,
tablet_014,268,1,g021,g021,normal,synthetic_rongorongo_like,
tablet_014,268,2,g001,g001,normal,synthetic_rongorongo_like,
tablet_014,268,3,g005,g005,normal,synthetic_rongorongo_like,
tablet_014,268,4,g022,g022,normal,synthetic_rongorongo_like,
tablet_014,268,5,g025,g025,normal,synthetic_rongorongo_like,
tablet_014,268,6,g025,g025,normal,synthetic_rongorongo_like,
tablet_014,268,7,g044,g044,normal,synthetic_rongorongo_like,
tablet_014,268,8,g005,g005,normal,synthetic_rongorongo_like,
tablet_014,268,9,g005,g005,normal,synthetic_rongorongo_like,
tablet_014,268,10,g005,g005,normal,synthetic_rongorongo_like,
tablet_014,268,11,g063,g063,normal,synthetic_rongorongo_like,
tablet_014,268,12,g066,g066,normal,synthetic_rongorongo_like,
tablet_014,268,13,g066,g066,normal,synthetic_rongorongo_like,
tablet_014,268,14,g026,g026,normal,synthetic_rongorongo_like,
tablet_014,268,15,g021,g021,normal,synthetic_rongorongo_like,
tablet_014,268,16,g021,g021,normal,synthetic_rongorongo_like,
tablet_014,268,17,g021,g021,normal,synthetic_rongorongo_like,
tablet_014,268,18,g064,g064,normal,synthetic_rongorongo_like,
tablet_014,268,19,g064,g064,normal,synthetic_rongorongo_like,
tablet_014,268,20,g021,g021,normal,synthetic_rongorongo_like,
tablet_014,268,21,g021,g021,normal,synthetic_rongorongo_like,
tablet_014,268,22,g003,g003,normal,synthetic_rongorongo_like,
tablet_014,268,23,g001,g001,normal,synthetic_rongorongo_like,
tablet_014,268,24,g003,g003,normal,synthetic_rongorongo_like,
tablet_014,268,25,g003,g003,normal,synthetic_rongorongo_like,
tablet_014,268,26,g003,g003,normal,synthetic_rongorongo_like,
tablet_014,268,27,g013,g013,normal,synthetic_rongorongo_like,
tablet_014,268,28,g013,g013,normal,synthetic_rongorongo_like,
tablet_014,268,29,g021,g021,normal,synthetic_rongorongo_like,
tablet_014,268,30,g002,g002,normal,synthetic_rongorongo_like,
tablet_014,268,31,g012,g012,normal,synthetic_rongorongo_like,
tablet_014,268,32,g061,g061,normal,synthetic_rongorongo_like,
tablet_014,268,33,g001,g001,normal,synthetic_rongorongo_like,
tablet_014,268,34,g021,g021,normal,synthetic_rongorongo_like,
tablet_014,268,35,g068,g068,normal,synthetic_rongorongo_like,
tablet_014,268,36,g003,g003,normal,synthetic_rongorongo_like,
tablet_014,268,37,g061,g061,normal,synthetic_rongorongo_like,
tablet_014,268,38,g002,g002,normal,synthetic_rongorongo_like,
tablet_014,268,39,g005,g005,normal,synthetic_rongorongo_like,
tablet_014,268,40,g005,g005,normal,synthetic_rongorongo_like,
tablet_014,269,1,g061,g061,normal,synthetic_rongorongo_like,
tablet_014,269,2,g025,g025,normal,synthetic_rongorongo_like,
tablet_014,269,3,g001,g001,normal,synthetic_rongorongo_like,
tablet_014,269,4,g022,g022,normal,synthetic_rongorongo_like,
tablet_014,269,5,g010,g010,normal,synthetic_rongorongo_like,
tablet_014,269,6,g021,g021,normal,synthetic_rongorongo_like,
tablet_014,269,7,g006,g006,normal,synthetic_rongorongo_like,
tablet_014,269,8,g021,g021,normal,synthetic_rongorongo_like,
tablet_014,269,9,g021,g021,normal,synthetic_rongorongo_like,
tablet_014,269,10,g029,g029,normal,synthetic_rongorongo_like,
tablet_014,269,11,g002,g002,normal,synthetic_rongorongo_like,
tablet_014,269,12,g024,g024,normal,synthetic_rongorongo_like,
tablet_014,269,13,g061,g061,normal,synthetic_rongorongo_like,
tablet_014,269,14,g061,g061,normal,synthetic_rongorongo_like,
tablet_014,269,15,g061,g061,normal,synthetic_rongorongo_like,
tablet_014,269,16,g022,g022,normal,synthetic_rongorongo_like,
tablet_014,269,17,g001,g001,normal,synthetic_rongorongo_like,
tablet_014,269,18,g010,g010,normal,synthetic_rongorongo_like,
tablet_014,269,19,g061,g061,normal,synthetic_rongorongo_like,
tablet_014,269,20,g021,g021,normal,synthetic_rongorongo_like,
tablet_014,269,21,g021,g021,normal,synthetic_rongorongo_like,
tablet_014,269,22,g021,g021,normal,synthetic_rongorongo_like,
tablet_014,269,23,g075,g075,normal,synthetic_rongorongo_like,
tablet_014,269,24,g075,g075,normal,synthetic_rongorongo_like,
tablet_014,269,25,g022,g022,normal,synthetic_rongorongo_like,
tablet_014,269,26,g001,g001,normal,synthetic_rongorongo_like,
tablet_014,269,27,g021,g021,normal,synthetic_rongorongo_like,
tablet_014,269,28,g021,g021,normal,synthetic_rongorongo_like,
tablet_014,269,29,g001,g001,normal,synthetic_rongorongo_like,
tablet_014,269,30,g021,g021,normal,synthetic_rongorongo_like,
tablet_014,269,31,g005,g005,normal,synthetic_rongorongo_like,
tablet_014,269,32,g005,g005,normal,synthetic_rongorongo_like,
tablet_014,269,33,g001,g001,normal,synthetic_rongorongo_like,
tablet_014,269,34,g001,g001,normal,synthetic_rongorongo_like,
tablet_014,269,35,g023,g023,normal,synthetic_rongorongo_like,
tablet_014,269,36,g002,g002,normal,synthetic_rongorongo_like,
tablet_014,269,37,g005,g005,normal,synthetic_rongorongo_like,
tablet_014,269,38,g005,g005,normal,synthetic_rongorongo_like,
tablet_014,269,39,g025,g025,normal,synthetic_rongorongo_like,
tablet_014,269,40,g022,g022,normal,synthetic_rongorongo_like,
tablet_014,270,1,g021,g021,normal,synthetic_rongorongo_like,
tablet_014,270,2,g025,g025,normal,synthetic_rongorongo_like,
tablet_014,270,3,g021,g021,normal,synthetic_rongorongo_like,
tablet_014,270,4,g026,g026,normal,synthetic_rongorongo_like,
tablet_014,270,5,g007,g007,normal,synthetic_rongorongo_like,
tablet_014,270,6,g007,g007,normal,synthetic_rongorongo_like,
tablet_014,270,7,g007,g007,normal,synthetic_rongorongo_like,
tablet_014,270,8,g007,g007,normal,synthetic_rongorongo_like,
tablet_014,270,9,g007,g007,normal,synthetic_rongorongo_like,
tablet_014,270,10,g030,g030,normal,synthetic_rongorongo_like,
tablet_014,270,11,g021,g021,normal,synthetic_rongorongo_like,
tablet_014,270,12,g003,g003,normal,synthetic_rongorongo_like,
tablet_014,270,13,g001,g001,normal,synthetic_rongorongo_like,
tablet_014,270,14,g001,g001,normal,synthetic_rongorongo_like,
tablet_014,270,15,g048,g048,normal,synthetic_rongorongo_like,
tablet_014,270,16,g001,g001,normal,synthetic_rongorongo_like,
tablet_014,270,17,g003,g003,normal,synthetic_rongorongo_like,
tablet_014,270,18,g003,g003,normal,synthetic_rongorongo_like,
tablet_014,270,19,g003,g003,normal,synthetic_rongorongo_like,
tablet_014,270,20,g007,g007,normal,synthetic_rongorongo_like,
tablet_014,270,21,g007,g007,normal,synthetic_rongorongo_like,
tablet_014,270,22,g031,g031,normal,synthetic_rongorongo_like,
tablet_014,270,23,g031,g031,normal,synthetic_rongorongo_like,
tablet_014,270,24,g066,g066,normal,synthetic_rongorongo_like,
tablet_014,270,25,g003,g003,normal,synthetic_rongorongo_like,
tablet_014,270,26,g003,g003,normal,synthetic_rongorongo_like,
tablet_014,270,27,g002,g002,normal,synthetic_rongorongo_like,
tablet_014,270,28,g027,g027,normal,synthetic_rongorongo_like,
tablet_014,270,29,g027,g027,normal,synthetic_rongorongo_like,
tablet_014,270,30,g027,g027,normal,synthetic_rongorongo_like,
tablet_014,270,31,g022,g022,normal,synthetic_rongorongo_like,
tablet_014,270,32,g022,g022,normal,synthetic_rongorongo_like,
tablet_014,270,33,g002,g002,normal,synthetic_rongorongo_like,
tablet_014,270,34,g021,g021,normal,synthetic_rongorongo_like,
tablet_014,270,35,g023,g023,normal,synthetic_rongorongo_like,
tablet_014,270,36,g021,g021,normal,synthetic_rongorongo_like,
tablet_014,270,37,g021,g021,normal,synthetic_rongorongo_like,
tablet_014,270,38,g022,g022,normal,synthetic_rongorongo_like,
tablet_014,270,39,g033,g033,normal,synthetic_rongorongo_like,
tablet_014,270,40,g061,g061,normal,synthetic_rongorongo_like,
tablet_014,271,1,g061,g061,normal,synthetic_rongorongo_like,
tablet_014,271,2,g021,g021,normal,synthetic_rongorongo_like,
tablet_014,271,3,g023,g023,normal,synthetic_rongorongo_like,
tablet_014,271,4,g024,g024,normal,synthetic_rongorongo_like,
tablet_014,271,5,g027,g027,normal,synthetic_rongorongo_like,
tablet_014,271,6,g001,g001,normal,synthetic_rongorongo_like,
tablet_014,271,7,g005,g005,normal,synthetic_rongorongo_like,
tablet_014,271,8,g005,g005,normal,synthetic_rongorongo_like,
tablet_014,271,9,g024,g024,normal,synthetic_rongorongo_like,
tablet_014,271,10,g006,g006,normal,synthetic_rongorongo_like,
tablet_014,271,11,g070,g070,normal,synthetic_rongorongo_like,
tablet_014,271,12,g062,g062,normal,synthetic_rongorongo_like,
tablet_014,271,13,g027,g027,normal,synthetic_rongorongo_like,
tablet_014,271,14,g024,g024,normal,synthetic_rongorongo_like,
tablet_014,271,15,g021,g021,normal,synthetic_rongorongo_like,
tablet_014,271,16,g021,g021,normal,synthetic_rongorongo_like,
tablet_014,271,17,g021,g021,normal,synthetic_rongorongo_like,
tablet_014,271,18,g021,g021,normal,synthetic_rongorongo_like,
tablet_014,271,19,g021,g021,normal,synthetic_rongorongo_like,
tablet_014,271,20,g025,g025,normal,synthetic_rongorongo_like,
tablet_014,271,21,g004,g004,normal,synthetic_rongorongo_like,
tablet_014,271,22,g004,g004,normal,synthetic_rongorongo_like,
tablet_014,271,23,g004,g004,normal,synthetic_rongorongo_like,
tablet_014,271,24,g010,g010,normal,synthetic_rongorongo_like,
tablet_014,271,25,g004,g004,normal,synthetic_rongorongo_like,
tablet_014,271,26,g016,g016,normal,synthetic_rongorongo_like,
tablet_014,271,27,g001,g001,normal,synthetic_rongorongo_like,
tablet_014,271,28,g013,g013,normal,synthetic_rongorongo_like,
tablet_014,271,29,g001,g001,normal,synthetic_rongorongo_like,
tablet_014,271,30,g028,g028,normal,synthetic_rongorongo_like,
tablet_014,271,31,g001,g001,normal,synthetic_rongorongo_like,
tablet_014,271,32,g025,g025,normal,synthetic_rongorongo_like,
tablet_014,271,33,g049,g049,normal,synthetic_rongorongo_like,
tablet_014,271,34,g049,g049,normal,synthetic_rongorongo_like,
tablet_014,271,35,g021,g021,normal,synthetic_rongorongo_like,
tablet_014,271,36,g023,g023,normal,synthetic_rongorongo_like,
tablet_014,271,37,g024,g024,normal,synthetic_rongorongo_like,
tablet_014,271,38,g004,g004,normal,synthetic_rongorongo_like,
tablet_014,271,39,g021,g021,normal,synthetic_rongorongo_like,
tablet_014,271,40,g061,g061,normal,synthetic_rongorongo_like,
tablet_014,272,1,g022,g022,normal,synthetic_rongorongo_like,
tablet_014,272,2,g062,g062,normal,synthetic_rongorongo_like,
tablet_014,272,3,g062,g062,normal,synthetic_rongorongo_like,
tablet_014,272,4,g061,g061,normal,synthetic_rongorongo_like,
tablet_014,272,5,g061,g061,normal,synthetic_rongorongo_like,
tablet_014,272,6,g002,g002,normal,synthetic_rongorongo_like,
tablet_014,272,7,g062,g062,normal,synthetic_rongorongo_like,
tablet_014,272,8,g102,g102,normal,synthetic_rongorongo_like,
tablet_014,272,9,g063,g063,normal,synthetic_rongorongo_like,
tablet_014,272,10,g063,g063,normal,synthetic_rongorongo_like,
tablet_014,272,11,g022,g022,normal,synthetic_rongorongo_like,
tablet_014,272,12,g021,g021,normal,synthetic_rongorongo_like,
tablet_014,272,13,g021,g021,normal,synthetic_rongorongo_like,
tablet_014,272,14,g028,g028,normal,synthetic_rongorongo_like,
tablet_014,272,15,g032,g032,normal,synthetic_rongorongo_like,
tablet_014,272,16,g089,g089,normal,synthetic_rongorongo_like,
tablet_014,272,17,g017,g017,normal,synthetic_rongorongo_like,
tablet_014,272,18,g011,g011,normal,synthetic_rongorongo_like,
tablet_014,272,19,g011,g011,normal,synthetic_rongorongo_like,
tablet_014,272,20,g062,g062,normal,synthetic_rongorongo_like,
tablet_014,272,21,g062,g062,normal,synthetic_rongorongo_like,
tablet_014,272,22,g002,g002,normal,synthetic_rongorongo_like,
tablet_014,272,23,g001,g001,normal,synthetic_rongorongo_like,
tablet_014,272,24,g002,g002,normal,synthetic_rongorongo_like,
tablet_014,272,25,g021,g021,normal,synthetic_rongorongo_like,
tablet_014,272,26,g061,g061,normal,synthetic_rongorongo_like,
tablet_014,272,27,g027,g027,normal,synthetic_rongorongo_like,
tablet_014,272,28,g011,g011,normal,synthetic_rongorongo_like,
tablet_014,272,29,g011,g011,normal,synthetic_rongorongo_like,
tablet_014,272,30,g002,g002,normal,synthetic_rongorongo_like,
tablet_014,272,31,g021,g021,normal,synthetic_rongorongo_like,
tablet_014,272,32,g004,g004,normal,synthetic_rongorongo_like,
tablet_014,272,33,g004,g004,normal,synthetic_rongorongo_like,
tablet_014,272,34,g023,g023,normal,synthetic_rongorongo_like,
tablet_014,272,35,g023,g023,normal,synthetic_rongorongo_like,
tablet_014,272,36,g062,g062,normal,synthetic_rongorongo_like,
tablet_014,272,37,g009,g009,normal,synthetic_rongorongo_like,
tablet_014,272,38,g009,g009,normal,synthetic_rongorongo_like,
tablet_014,272,39,g022,g022,normal,synthetic_rongorongo_like,
tablet_014,272,40,g021,g021,normal,synthetic_rongorongo_like,
tablet_014,273,1,g018,g018,normal,synthetic_rongorongo_like,
tablet_014,273,2,g063,g063,normal,synthetic_rongorongo_like,
tablet_014,273,3,g022,g022,normal,synthetic_rongorongo_like,
tablet_014,273,4,g064,g064,normal,synthetic_rongorongo_like,
tablet_014,273,5,g003,g003,normal,synthetic_rongorongo_like,
tablet_014,273,6,g021,g021,normal,synthetic_rongorongo_like,
tablet_014,273,7,g011,g011,normal,synthetic_rongorongo_like,
tablet_014,273,8,g021,g021,normal,synthetic_rongorongo_like,
tablet_014,273,9,g021,g021,normal,synthetic_rongorongo_like,
tablet_014,273,10,g001,g001,normal,synthetic_rongorongo_like,
tablet_014,273,11,g003,g003,normal,synthetic_rongorongo_like,
tablet_014,273,12,g010,g010,normal,synthetic_rongorongo_like,
tablet_014,273,13,g003,g003,normal,synthetic_rongorongo_like,
tablet_014,273,14,g015,g015,normal,synthetic_rongorongo_like,
tablet_014,273,15,g015,g015,normal,synthetic_rongorongo_like,
tablet_014,273,16,g015,g015,normal,synthetic_rongorongo_like,
tablet_014,273,17,g072,g072,normal,synthetic_rongorongo_like,
tablet_014,273,18,g072,g072,normal,synthetic_rongorongo_like,
tablet_014,273,19,g072,g072,normal,synthetic_rongorongo_like,
tablet_014,273,20,g068,g068,normal,synthetic_rongorongo_like,
tablet_014,273,21,g021,g021,normal,synthetic_rongorongo_like,
tablet_014,273,22,g022,g022,normal,synthetic_rongorongo_like,
tablet_014,273,23,g031,g031,normal,synthetic_rongorongo_like,
tablet_014,273,24,g031,g031,normal,synthetic_rongorongo_like,
tablet_014,273,25,g028,g028,normal,synthetic_rongorongo_like,
tablet_014,273,26,g002,g002,normal,synthetic_rongorongo_like,
tablet_014,273,27,g004,g004,normal,synthetic_rongorongo_like,
tablet_014,273,28,g021,g021,normal,synthetic_rongorongo_like,
tablet_014,273,29,g021,g021,normal,synthetic_rongorongo_like,
tablet_014,273,30,g001,g001,normal,synthetic_rongorongo_like,
tablet_014,273,31,g010,g010,normal,synthetic_rongorongo_like,
tablet_014,273,32,g001,g001,normal,synthetic_rongorongo_like,
tablet_014,273,33,g001,g001,normal,synthetic_rongorongo_like,
tablet_014,273,34,g005,g005,normal,synthetic_rongorongo_like,
tablet_014,273,35,g013,g013,normal,synthetic_rongorongo_like,
tablet_014,273,36,g013,g013,normal,synthetic_rongorongo_like,
tablet_014,273,37,g004,g004,normal,synthetic_rongorongo_like,
tablet_014,273,38,g007,g007,normal,synthetic_rongorongo_like,
tablet_014,273,39,g069,g069,normal,synthetic_rongorongo_like,
tablet_014,273,40,g010,g010,normal,synthetic_rongorongo_like,
tablet_014,274,1,g021,g021,normal,synthetic_rongorongo_like,
tablet_014,274,2,g002,g002,normal,synthetic_rongorongo_like,
tablet_014,274,3,g017,g017,normal,synthetic_rongorongo_like,
tablet_014,274,4,g002,g002,normal,synthetic_rongorongo_like,
tablet_014,274,5,g014,g014,normal,synthetic_rongorongo_like,
tablet_014,274,6,g014,g014,normal,synthetic_rongorongo_like,
tablet_014,274,7,g004,g004,normal,synthetic_rongorongo_like,
tablet_014,274,8,g034,g034,normal,synthetic_rongorongo_like,
tablet_014,274,9,g023,g023,normal,synthetic_rongorongo_like,
tablet_014,274,10,g021,g021,normal,synthetic_rongorongo_like,
tablet_014,274,11,g022,g022,normal,synthetic_rongorongo_like,
tablet_014,274,12,g022,g022,normal,synthetic_rongorongo_like,
tablet_014,274,13,g061,g061,normal,synthetic_rongorongo_like,
tablet_014,274,14,g061,g061,normal,synthetic_rongorongo_like,
tablet_014,274,15,g003,g003,normal,synthetic_rongorongo_like,
tablet_014,274,16,g077,g077,normal,synthetic_rongorongo_like,
tablet_014,274,17,g037,g037,normal,synthetic_rongorongo_like,
tablet_014,274,18,g027,g027,normal,synthetic_rongorongo_like,
tablet_014,274,19,g021,g021,normal,synthetic_rongorongo_like,
tablet_014,274,20,g021,g021,normal,synthetic_rongorongo_like,
tablet_014,274,21,g021,g021,normal,synthetic_rongorongo_like,
tablet_014,274,22,g019,g019,normal,synthetic_rongorongo_like,
tablet_014,274,23,g021,g021,normal,synthetic_rongorongo_like,
tablet_014,274,24,g061,g061,normal,synthetic_rongorongo_like,
tablet_014,274,25,g001,g001,normal,synthetic_rongorongo_like,
tablet_014,274,26,g002,g002,normal,synthetic_rongorongo_like,
tablet_014,274,27,g010,g010,normal,synthetic_rongorongo_like,
tablet_014,274,28,g022,g022,normal,synthetic_rongorongo_like,
tablet_014,274,29,g026,g026,normal,synthetic_rongorongo_like,
tablet_014,274,30,g036,g036,normal,synthetic_rongorongo_like,
tablet_014,274,31,g003,g003,normal,synthetic_rongorongo_like,
tablet_014,274,32,g001,g001,normal,synthetic_rongorongo_like,
tablet_014,274,33,g001,g001,normal,synthetic_rongorongo_like,
tablet_014,274,34,g021,g021,normal,synthetic_rongorongo_like,
tablet_014,274,35,g092,g092,normal,synthetic_rongorongo_like,
tablet_014,274,36,g092,g092,normal,synthetic_rongorongo_like,
tablet_014,274,37,g092,g092,normal,synthetic_rongorongo_like,
tablet_014,274,38,g063,g063,normal,synthetic_rongorongo_like,
tablet_014,274,39,g063,g063,normal,synthetic_rongorongo_like,
tablet_014,274,40,g002,g002,normal,synthetic_rongorongo_like,
tablet_014,275,1,g021,g021,normal,synthetic_rongorongo_like,
tablet_014,275,2,g021,g021,normal,synthetic_rongorongo_like,
tablet_014,275,3,g064,g064,normal,synthetic_rongorongo_like,
tablet_014,275,4,g001,g001,normal,synthetic_rongorongo_like,
tablet_014,275,5,g022,g022,normal,synthetic_rongorongo_like,
tablet_014,275,6,g005,g005,normal,synthetic_rongorongo_like,
tablet_014,275,7,g061,g061,normal,synthetic_rongorongo_like,
tablet_014,275,8,g022,g022,normal,synthetic_rongorongo_like,
tablet_014,275,9,g001,g001,normal,synthetic_rongorongo_like,
tablet_014,275,10,g001,g001,normal,synthetic_rongorongo_like,
tablet_014,275,11,g001,g001,normal,synthetic_rongorongo_like,
tablet_014,275,12,g001,g001,normal,synthetic_rongorongo_like,
tablet_014,275,13,g001,g001,normal,synthetic_rongorongo_like,
tablet_014,275,14,g001,g001,normal,synthetic_rongorongo_like,
tablet_014,275,15,g002,g002,normal,synthetic_rongorongo_like,
tablet_014,275,16,g061,g061,normal,synthetic_rongorongo_like,
tablet_014,275,17,g006,g006,normal,synthetic_rongorongo_like,
tablet_014,275,18,g021,g021,normal,synthetic_rongorongo_like,
tablet_014,275,19,g021,g021,normal,synthetic_rongorongo_like,
tablet_014,275,20,g001,g001,normal,synthetic_rongorongo_like,
tablet_014,275,21,g029,g029,normal,synthetic_rongorongo_like,
tablet_014,275,22,g061,g061,normal,synthetic_rongorongo_like,
tablet_014,275,23,g030,g030,normal,synthetic_rongorongo_like,
tablet_014,275,24,g002,g002,normal,synthetic_rongorongo_like,
tablet_014,275,25,g001,g001,normal,synthetic_rongorongo_like,
tablet_014,275,26,g001,g001,normal,synthetic_rongorongo_like,
tablet_014,275,27,g006,g006,normal,synthetic_rongorongo_like,
tablet_014,275,28,g027,g027,normal,synthetic_rongorongo_like,
tablet_014,275,29,g003,g003,normal,synthetic_rongorongo_like,
tablet_014,275,30,g023,g023,normal,synthetic_rongorongo_like,
tablet_014,275,31,g001,g001,normal,synthetic_rongorongo_like,
tablet_014,275,32,g001,g001,normal,synthetic_rongorongo_like,
tablet_014,275,33,g025,g025,normal,synthetic_rongorongo_like,
tablet_014,275,34,g025,g025,normal,synthetic_rongorongo_like,
tablet_014,275,35,g001,g001,normal,synthetic_rongorongo_like,
tablet_014,275,36,g021,g021,normal,synthetic_rongorongo_like,
tablet_014,275,37,g021,g021,normal,synthetic_rongorongo_like,
tablet_014,275,38,g016,g016,normal,synthetic_rongorongo_like,
tablet_014,275,39,g034,g034,normal,synthetic_rongorongo_like,
tablet_014,275,40,g001,g001,normal,synthetic_rongorongo_like,
tablet_014,276,1,g014,g014,normal,synthetic_rongorongo_like,
tablet_014,276,2,g004,g004,normal,synthetic_rongorongo_like,
tablet_014,276,3,g002,g002,normal,synthetic_rongorongo_like,
tablet_014,276,4,g021,g021,normal,synthetic_rongorongo_like,
tablet_014,276,5,g009,g009,normal,synthetic_rongorongo_like,
tablet_014,276,6,g009,g009,normal,synthetic_rongorongo_like,
tablet_014,276,7,g009,g009,normal,synthetic_rongorongo_like,
tablet_014,276,8,g026,g026,normal,synthetic_rongorongo_like,
tablet_014,276,9,g021,g021,normal,synthetic_rongorongo_like,
tablet_014,276,10,g061,g061,normal,synthetic_rongorongo_like,
tablet_014,276,11,g021,g021,normal,synthetic_rongorongo_like,
tablet_014,276,12,g098,g098,normal,synthetic_rongorongo_like,
tablet_014,276,13,g021,g021,normal,synthetic_rongorongo_like,
tablet_014,276,14,g022,g022,normal,synthetic_rongorongo_like,
tablet_014,276,15,g011,g011,normal,synthetic_rongorongo_like,
tablet_014,276,16,g011,g011,normal,synthetic_rongorongo_like,
tablet_014,276,17,g002,g002,normal,synthetic_rongorongo_like,
tablet_014,276,18,g001,g001,normal,synthetic_rongorongo_like,
tablet_014,276,19,g001,g001,normal,synthetic_rongorongo_like,
tablet_014,276,20,g001,g001,normal,synthetic_rongorongo_like,
tablet_014,276,21,g021,g021,normal,synthetic_rongorongo_like,
tablet_014,276,22,g011,g011,normal,synthetic_rongorongo_like,
tablet_014,276,23,g011,g011,normal,synthetic_rongorongo_like,
tablet_014,276,24,g023,g023,normal,synthetic_rongorongo_like,
tablet_014,276,25,g029,g029,normal,synthetic_rongorongo_like,
tablet_014,276,26,g016,g016,normal,synthetic_rongorongo_like,
tablet_014,276,27,g012,g012,normal,synthetic_rongorongo_like,
tablet_014,276,28,g001,g001,normal,synthetic_rongorongo_like,
tablet_014,276,29,g011,g011,normal,synthetic_rongorongo_like,
tablet_014,276,30,g021,g021,normal,synthetic_rongorongo_like,
tablet_014,276,31,g001,g001,normal,synthetic_rongorongo_like,
tablet_014,276,32,g020,g020,normal,synthetic_rongorongo_like,
tablet_014,276,33,g020,g020,normal,synthetic_rongorongo_like,
tablet_014,276,34,g020,g020,normal,synthetic_rongorongo_like,
tablet_014,276,35,g021,g021,normal,synthetic_rongorongo_like,
tablet_014,276,36,g021,g021,normal,synthetic_rongorongo_like,
tablet_014,276,37,g021,g021,normal,synthetic_rongorongo_like,
tablet_014,276,38,g022,g022,normal,synthetic_rongorongo_like,
tablet_014,276,39,g022,g022,normal,synthetic_rongorongo_like,
tablet_014,276,40,g001,g001,normal,synthetic_rongorongo_like,
tablet_014,277,1,g034,g034,normal,synthetic_rongorongo_like,
tablet_014,277,2,g001,g001,normal,synthetic_rongorongo_like,
tablet_014,277,3,g021,g021,normal,synthetic_rongorongo_like,
tablet_014,277,4,g021,g021,normal,synthetic_rongorongo_like,
tablet_014,277,5,g002,g002,normal,synthetic_rongorongo_like,
tablet_014,277,6,g061,g061,normal,synthetic_rongorongo_like,
tablet_014,277,7,g003,g003,normal,synthetic_rongorongo_like,
tablet_014,277,8,g021,g021,normal,synthetic_rongorongo_like,
tablet_014,277,9,g021,g021,normal,synthetic_rongorongo_like,
tablet_014,277,10,g023,g023,normal,synthetic_rongorongo_like,
tablet_014,277,11,g023,g023,normal,synthetic_rongorongo_like,
tablet_014,277,12,g023,g023,normal,synthetic_rongorongo_like,
tablet_014,277,13,g080,g080,normal,synthetic_rongorongo_like,
tablet_014,277,14,g044,g044,normal,synthetic_rongorongo_like,
tablet_014,277,15,g011,g011,normal,synthetic_rongorongo_like,
tablet_014,277,16,g064,g064,normal,synthetic_rongorongo_like,
tablet_014,277,17,g021,g021,normal,synthetic_rongorongo_like,
tablet_014,277,18,g001,g001,normal,synthetic_rongorongo_like,
tablet_014,277,19,g064,g064,normal,synthetic_rongorongo_like,
tablet_014,277,20,g026,g026,normal,synthetic_rongorongo_like,
tablet_014,277,21,g001,g001,normal,synthetic_rongorongo_like,
tablet_014,277,22,g025,g025,normal,synthetic_rongorongo_like,
tablet_014,277,23,g025,g025,normal,synthetic_rongorongo_like,
tablet_014,277,24,g021,g021,normal,synthetic_rongorongo_like,
tablet_014,277,25,g008,g008,normal,synthetic_rongorongo_like,
tablet_014,277,26,g001,g001,normal,synthetic_rongorongo_like,
tablet_014,277,27,g001,g001,normal,synthetic_rongorongo_like,
tablet_014,277,28,g008,g008,normal,synthetic_rongorongo_like,
tablet_014,277,29,g004,g004,normal,synthetic_rongorongo_like,
tablet_014,277,30,g004,g004,normal,synthetic_rongorongo_like,
tablet_014,277,31,g004,g004,normal,synthetic_rongorongo_like,
tablet_014,277,32,g023,g023,normal,synthetic_rongorongo_like,
tablet_014,277,33,g002,g002,normal,synthetic_rongorongo_like,
tablet_014,277,34,g022,g022,normal,synthetic_rongorongo_like,
tablet_014,277,35,g061,g061,normal,synthetic_rongorongo_like,
tablet_014,277,36,g007,g007,normal,synthetic_rongorongo_like,
tablet_014,277,37,g005,g005,normal,synthetic_rongorongo_like,
tablet_014,277,38,g005,g005,normal,synthetic_rongorongo_like,
tablet_014,277,39,g005,g005,normal,synthetic_rongorongo_like,
tablet_014,277,40,g003,g003,normal,synthetic_rongorongo_like,
tablet_014,278,1,g063,g063,normal,synthetic_rongorongo_like,
tablet_014,278,2,g063,g063,normal,synthetic_rongorongo_like,
tablet_014,278,3,g005,g005,normal,synthetic_rongorongo_like,
tablet_014,278,4,g023,g023,normal,synthetic_rongorongo_like,
tablet_014,278,5,g001,g001,normal,synthetic_rongorongo_like,
tablet_014,278,6,g069,g069,normal,synthetic_rongorongo_like,
tablet_014,278,7,g001,g001,normal,synthetic_rongorongo_like,
tablet_014,278,8,g039,g039,normal,synthetic_rongorongo_like,
tablet_014,278,9,g025,g025,normal,synthetic_rongorongo_like,
tablet_014,278,10,g002,g002,normal,synthetic_rongorongo_like,
tablet_014,278,11,g001,g001,normal,synthetic_rongorongo_like,
tablet_014,278,12,g062,g062,normal,synthetic_rongorongo_like,
tablet_014,278,13,g021,g021,normal,synthetic_rongorongo_like,
tablet_014,278,14,g001,g001,normal,synthetic_rongorongo_like,
tablet_014,278,15,g002,g002,normal,synthetic_rongorongo_like,
tablet_014,278,16,g021,g021,normal,synthetic_rongorongo_like,
tablet_014,278,17,g061,g061,normal,synthetic_rongorongo_like,
tablet_014,278,18,g062,g062,normal,synthetic_rongorongo_like,
tablet_014,278,19,g082,g082,normal,synthetic_rongorongo_like,
tablet_014,278,20,g026,g026,normal,synthetic_rongorongo_like,
tablet_014,278,21,g005,g005,normal,synthetic_rongorongo_like,
tablet_014,278,22,g001,g001,normal,synthetic_rongorongo_like,
tablet_014,278,23,g078,g078,normal,synthetic_rongorongo_like,
tablet_014,278,24,g002,g002,normal,synthetic_rongorongo_like,
tablet_014,278,25,g002,g002,normal,synthetic_rongorongo_like,
tablet_014,278,26,g002,g002,normal,synthetic_rongorongo_like,
tablet_014,278,27,g004,g004,normal,synthetic_rongorongo_like,
tablet_014,278,28,g032,g032,normal,synthetic_rongorongo_like,
tablet_014,278,29,g062,g062,normal,synthetic_rongorongo_like,
tablet_014,278,30,g001,g001,normal,synthetic_rongorongo_like,
tablet_014,278,31,g002,g002,normal,synthetic_rongorongo_like,
tablet_014,278,32,g002,g002,normal,synthetic_rongorongo_like,
tablet_014,278,33,g024,g024,normal,synthetic_rongorongo_like,
tablet_014,278,34,g024,g024,normal,synthetic_rongorongo_like,
tablet_014,278,35,g001,g001,normal,synthetic_rongorongo_like,
tablet_014,278,36,g063,g063,normal,synthetic_rongorongo_like,
tablet_014,278,37,g003,g003,normal,synthetic_rongorongo_like,
tablet_014,278,38,g063,g063,normal,synthetic_rongorongo_like,
tablet_014,278,39,g001,g001,normal,synthetic_rongorongo_like,
tablet_014,278,40,g027,g027,normal,synthetic_rongorongo_like,
tablet_014,279,1,g021,g021,normal,synthetic_rongorongo_like,
tablet_014,279,2,g047,g047,normal,synthetic_rongorongo_like,
tablet_014,279,3,g002,g002,normal,synthetic_rongorongo_like,
tablet_014,279,4,g002,g002,normal,synthetic_rongorongo_like,
tablet_014,279,5,g002,g002,normal,synthetic_rongorongo_like,
tablet_014,279,6,g061,g061,normal,synthetic_rongorongo_like,
tablet_014,279,7,g061,g061,normal,synthetic_rongorongo_like,
tablet_014,279,8,g020,g020,normal,synthetic_rongorongo_like,
tablet_014,279,9,g023,g023,normal,synthetic_rongorongo_like,
tablet_014,279,10,g002,g002,normal,synthetic_rongorongo_like,
tablet_014,279,11,g001,g001,normal,synthetic_rongorongo_like,
tablet_014,279,12,g022,g022,normal,synthetic_rongorongo_like,
tablet_014,279,13,g035,g035,normal,synthetic_rongorongo_like,
tablet_014,279,14,g001,g001,normal,synthetic_rongorongo_like,
tablet_014,279,15,g029,g029,normal,synthetic_rongorongo_like,
tablet_014,279,16,g029,g029,normal,synthetic_rongorongo_like,
tablet_014,279,17,g054,g054,normal,synthetic_rongorongo_like,
tablet_014,279,18,g002,g002,normal,synthetic_rongorongo_like,
tablet_014,279,19,g061,g061,normal,synthetic_rongorongo_like,
tablet_014,279,20,g061,g061,normal,synthetic_rongorongo_like,
tablet_014,279,21,g003,g003,normal,synthetic_rongorongo_like,
tablet_014,279,22,g001,g001,normal,synthetic_rongorongo_like,
tablet_014,279,23,g004,g004,normal,synthetic_rongorongo_like,
tablet_014,279,24,g022,g022,normal,synthetic_rongorongo_like,
tablet_014,279,25,g005,g005,normal,synthetic_rongorongo_like,
tablet_014,279,26,g077,g077,normal,synthetic_rongorongo_like,
tablet_014,279,27,g067,g067,normal,synthetic_rongorongo_like,
tablet_014,279,28,g046,g046,normal,synthetic_rongorongo_like,
tablet_014,279,29,g002,g002,normal,synthetic_rongorongo_like,
tablet_014,279,30,g025,g025,normal,synthetic_rongorongo_like,
tablet_014,279,31,g022,g022,normal,synthetic_rongorongo_like,
tablet_014,279,32,g061,g061,normal,synthetic_rongorongo_like,
tablet_014,279,33,g023,g023,normal,synthetic_rongorongo_like,
tablet_014,279,34,g021,g021,normal,synthetic_rongorongo_like,
tablet_014,279,35,g084,g084,normal,synthetic_rongorongo_like,
tablet_014,279,36,g023,g023,normal,synthetic_rongorongo_like,
tablet_014,279,37,g002,g002,normal,synthetic_rongorongo_like,
tablet_014,279,38,g026,g026,normal,synthetic_rongorongo_like,
tablet_014,279,39,g009,g009,normal,synthetic_rongorongo_like,
tablet_014,279,40,g014,g014,normal,synthetic_rongorongo_like,
tablet_014,280,1,g041,g041,normal,synthetic_rongorongo_like,
tablet_014,280,2,g002,g002,normal,synthetic_rongorongo_like,
tablet_014,280,3,g084,g084,normal,synthetic_rongorongo_like,
tablet_014,280,4,g041,g041,normal,synthetic_rongorongo_like,
tablet_014,280,5,g061,g061,normal,synthetic_rongorongo_like,
tablet_014,280,6,g002,g002,normal,synthetic_rongorongo_like,
tablet_014,280,7,g002,g002,normal,synthetic_rongorongo_like,
tablet_014,280,8,g094,g094,normal,synthetic_rongorongo_like,
tablet_014,280,9,g094,g094,normal,synthetic_rongorongo_like,
tablet_014,280,10,g094,g094,normal,synthetic_rongorongo_like,
tablet_014,280,11,g061,g061,normal,synthetic_rongorongo_like,
tablet_014,280,12,g061,g061,normal,synthetic_rongorongo_like,
tablet_014,280,13,g014,g014,normal,synthetic_rongorongo_like,
tablet_014,280,14,g001,g001,normal,synthetic_rongorongo_like,
tablet_014,280,15,g001,g001,normal,synthetic_rongorongo_like,
tablet_014,280,16,g064,g064,normal,synthetic_rongorongo_like,
tablet_014,280,17,g001,g001,normal,synthetic_rongorongo_like,
tablet_014,280,18,g001,g001,normal,synthetic_rongorongo_like,
tablet_014,280,19,g001,g001,normal,synthetic_rongorongo_like,
tablet_014,280,20,g012,g012,normal,synthetic_rongorongo_like,
tablet_014,280,21,g021,g021,normal,synthetic_rongorongo_like,
tablet_014,280,22,g016,g016,normal,synthetic_rongorongo_like,
tablet_014,280,23,g025,g025,normal,synthetic_rongorongo_like,
tablet_014,280,24,g001,g001,normal,synthetic_rongorongo_like,
tablet_014,280,25,g003,g003,normal,synthetic_rongorongo_like,
tablet_014,280,26,g003,g003,normal,synthetic_rongorongo_like,
tablet_014,280,27,g003,g003,normal,synthetic_rongorongo_like,
tablet_014,280,28,g021,g021,normal,synthetic_rongorongo_like,
tablet_014,280,29,g021,g021,normal,synthetic_rongorongo_like,
tablet_014,280,30,g014,g014,normal,synthetic_rongorongo_like,
tablet_014,280,31,g014,g014,normal,synthetic_rongorongo_like,
tablet_014,280,32,g057,g057,normal,synthetic_rongorongo_like,
tablet_014,280,33,g057,g057,normal,synthetic_rongorongo_like,
tablet_014,280,34,g003,g003,normal,synthetic_rongorongo_like,
tablet_014,280,35,g004,g004,normal,synthetic_rongorongo_like,
tablet_014,280,36,g021,g021,normal,synthetic_rongorongo_like,
tablet_014,280,37,g021,g021,normal,synthetic_rongorongo_like,
tablet_014,280,38,g001,g001,normal,synthetic_rongorongo_like,
tablet_014,280,39,g024,g024,normal,synthetic_rongorongo_like,
tablet_014,280,40,g001,g001,normal,synthetic_rongorongo_like,
tablet_015,281,1,g005,g005,normal,synthetic_rongorongo_like,
tablet_015,281,2,g023,g023,normal,synthetic_rongorongo_like,
tablet_015,281,3,g023,g023,normal,synthetic_rongorongo_like,
tablet_015,281,4,g003,g003,normal,synthetic_rongorongo_like,
tablet_015,281,5,g003,g003,normal,synthetic_rongorongo_like,
tablet_015,281,6,g061,g061,normal,synthetic_rongorongo_like,
tablet_015,281,7,g007,g007,normal,synthetic_rongorongo_like,
tablet_015,281,8,g021,g021,normal,synthetic_rongorongo_like,
tablet_015,281,9,g073,g073,normal,synthetic_rongorongo_like,
tablet_015,281,10,g016,g016,normal,synthetic_rongorongo_like,
tablet_015,281,11,g037,g037,normal,synthetic_rongorongo_like,
tablet_015,281,12,g006,g006,normal,synthetic_rongorongo_like,
tablet_015,281,13,g009,g009,normal,synthetic_rongorongo_like,
tablet_015,281,14,g022,g022,normal,synthetic_rongorongo_like,
tablet_015,281,15,g022,g022,normal,synthetic_rongorongo_like,
tablet_015,281,16,g030,g030,normal,synthetic_rongorongo_like,
tablet_015,281,17,g010,g010,normal,synthetic_rongorongo_like,
tablet_015,281,18,g026,g026,normal,synthetic_rongorongo_like,
tablet_015,281,19,g038,g038,normal,synthetic_rongorongo_like,
tablet_015,281,20,g022,g022,normal,synthetic_rongorongo_like,
tablet_015,281,21,g001,g001,normal,synthetic_rongorongo_like,
tablet_015,281,22,g011,g011,normal,synthetic_rongorongo_like,
tablet_015,281,23,g061,g061,normal,synthetic_rongorongo_like,
tablet_015,281,24,g013,g013,normal,synthetic_rongorongo_like,
tablet_015,281,25,g005,g005,normal,synthetic_rongorongo_like,
tablet_015,281,26,g072,g072,normal,synthetic_rongorongo_like,
tablet_015,281,27,g001,g001,normal,synthetic_rongorongo_like,
tablet_015,281,28,g001,g001,normal,synthetic_rongorongo_like,
tablet_015,281,29,g012,g012,normal,synthetic_rongorongo_like,
tablet_015,281,30,g012,g012,normal,synthetic_rongorongo_like,
tablet_015,281,31,g021,g021,normal,synthetic_rongorongo_like,
tablet_015,281,32,g008,g008,normal,synthetic_rongorongo_like,
tablet_015,281,33,g008,g008,normal,synthetic_rongorongo_like,
tablet_015,281,34,g022,g022,normal,synthetic_rongorongo_like,
tablet_015,281,35,g022,g022,normal,synthetic_rongorongo_like,
tablet_015,281,36,g001,g001,normal,synthetic_rongorongo_like,
tablet_015,281,37,g011,g011,normal,synthetic_rongorongo_like,
tablet_015,281,38,g001,g001,normal,synthetic_rongorongo_like,
tablet_015,281,39,g001,g001,normal,synthetic_rongorongo_like,
tablet_015,281,40,g061,g061,normal,synthetic_rongorongo_like,
tablet_015,282,1,g002,g002,normal,synthetic_rongorongo_like,
tablet_015,282,2,g031,g031,normal,synthetic_rongorongo_like,
tablet_015,282,3,g021,g021,normal,synthetic_rongorongo_like,
tablet_015,282,4,g001,g001,normal,synthetic_rongorongo_like,
tablet_015,282,5,g064,g064,normal,synthetic_rongorongo_like,
tablet_015,282,6,g021,g021,normal,synthetic_rongorongo_like,
tablet_015,282,7,g021,g021,normal,synthetic_rongorongo_like,
tablet_015,282,8,g061,g061,normal,synthetic_rongorongo_like,
tablet_015,282,9,g068,g068,normal,synthetic_rongorongo_like,
tablet_015,282,10,g004,g004,normal,synthetic_rongorongo_like,
tablet_015,282,11,g021,g021,normal,synthetic_rongorongo_like,
tablet_015,282,12,g084,g084,normal,synthetic_rongorongo_like,
tablet_015,282,13,g005,g005,normal,synthetic_rongorongo_like,
tablet_015,282,14,g017,g017,normal,synthetic_rongorongo_like,
tablet_015,282,15,g002,g002,normal,synthetic_rongorongo_like,
tablet_015,282,16,g002,g002,normal,synthetic_rongorongo_like,
tablet_015,282,17,g019,g019,normal,synthetic_rongorongo_like,
tablet_015,282,18,g019,g019,normal,synthetic_rongorongo_like,
tablet_015,282,19,g022,g022,normal,synthetic_rongorongo_like,
tablet_015,282,20,g021,g021,normal,synthetic_rongorongo_like,
tablet_015,282,21,g021,g021,normal,synthetic_rongorongo_like,
tablet_015,282,22,g003,g003,normal,synthetic_rongorongo_like,
tablet_015,282,23,g061,g061,normal,synthetic_rongorongo_like,
tablet_015,282,24,g033,g033,normal,synthetic_rongorongo_like,
tablet_015,282,25,g003,g003,normal,synthetic_rongorongo_like,
tablet_015,282,26,g003,g003,normal,synthetic_rongorongo_like,
tablet_015,282,27,g063,g063,normal,synthetic_rongorongo_like,
tablet_015,282,28,g021,g021,normal,synthetic_rongorongo_like,
tablet_015,282,29,g021,g021,normal,synthetic_rongorongo_like,
tablet_015,282,30,g021,g021,normal,synthetic_rongorongo_like,
tablet_015,282,31,g003,g003,normal,synthetic_rongorongo_like,
tablet_015,282,32,g003,g003,normal,synthetic_rongorongo_like,
tablet_015,282,33,g003,g003,normal,synthetic_rongorongo_like,
tablet_015,282,34,g022,g022,normal,synthetic_rongorongo_like,
tablet_015,282,35,g021,g021,normal,synthetic_rongorongo_like,
tablet_015,282,36,g062,g062,normal,synthetic_rongorongo_like,
tablet_015,282,37,g066,g066,normal,synthetic_rongorongo_like,
tablet_015,282,38,g066,g066,normal,synthetic_rongorongo_like,
tablet_015,282,39,g066,g066,normal,synthetic_rongorongo_like,
tablet_015,282,40,g021,g021,normal,synthetic_rongorongo_like,
tablet_015,283,1,g039,g039,normal,synthetic_rongorongo_like,
tablet_015,283,2,g039,g039,normal,synthetic_rongorongo_like,
tablet_015,283,3,g039,g039,normal,synthetic_rongorongo_like,
tablet_015,283,4,g003,g003,normal,synthetic_rongorongo_like,
tablet_015,283,5,g069,g069,normal,synthetic_rongorongo_like,
tablet_015,283,6,g081,g081,normal,synthetic_rongorongo_like,
tablet_015,283,7,g021,g021,normal,synthetic_rongorongo_like,
tablet_015,283,8,g027,g027,normal,synthetic_rongorongo_like,
tablet_015,283,9,g066,g066,normal,synthetic_rongorongo_like,
tablet_015,283,10,g061,g061,normal,synthetic_rongorongo_like,
tablet_015,283,11,g001,g001,normal,synthetic_rongorongo_like,
tablet_015,283,12,g002,g002,normal,synthetic_rongorongo_like,
tablet_015,283,13,g002,g002,normal,synthetic_rongorongo_like,
tablet_015,283,14,g002,g002,normal,synthetic_rongorongo_like,
tablet_015,283,15,g021,g021,normal,synthetic_rongorongo_like,
tablet_015,283,16,g003,g003,normal,synthetic_rongorongo_like,
tablet_015,283,17,g021,g021,normal,synthetic_rongorongo_like,
tablet_015,283,18,g023,g023,normal,synthetic_rongorongo_like,
tablet_015,283,19,g013,g013,normal,synthetic_rongorongo_like,
tablet_015,283,20,g061,g061,normal,synthetic_rongorongo_like,
tablet_015,283,21,g002,g002,normal,synthetic_rongorongo_like,
tablet_015,283,22,g037,g037,normal,synthetic_rongorongo_like,
tablet_015,283,23,g037,g037,normal,synthetic_rongorongo_like,
tablet_015,283,24,g022,g022,normal,synthetic_rongorongo_like,
tablet_015,283,25,g021,g021,normal,synthetic_rongorongo_like,
tablet_015,283,26,g026,g026,normal,synthetic_rongorongo_like,
tablet_015,283,27,g061,g061,normal,synthetic_rongorongo_like,
tablet_015,283,28,g001,g001,normal,synthetic_rongorongo_like,
tablet_015,283,29,g021,g021,normal,synthetic_rongorongo_like,
tablet_015,283,30,g004,g004,normal,synthetic_rongorongo_like,
tablet_015,283,31,g061,g061,normal,synthetic_rongorongo_like,
tablet_015,283,32,g061,g061,normal,synthetic_rongorongo_like,
tablet_015,283,33,g061,g061,normal,synthetic_rongorongo_like,
tablet_015,283,34,g021,g021,normal,synthetic_rongorongo_like,
tablet_015,283,35,g021,g021,normal,synthetic_rongorongo_like,
tablet_015,283,36,g022,g022,normal,synthetic_rongorongo_like,
tablet_015,283,37,g022,g022,normal,synthetic_rongorongo_like,
tablet_015,283,38,g026,g026,normal,synthetic_rongorongo_like,
tablet_015,283,39,g026,g026,normal,synthetic_rongorongo_like,
tablet_015,283,40,g004,g004,normal,synthetic_rongorongo_like,
tablet_015,284,1,g001,g001,normal,synthetic_rongorongo_like,
tablet_015,284,2,g061,g061,normal,synthetic_rongorongo_like,
tablet_015,284,3,g021,g021,normal,synthetic_rongorongo_like,
tablet_015,284,4,g001,g001,normal,synthetic_rongorongo_like,
tablet_015,284,5,g007,g007,normal,synthetic_rongorongo_like,
tablet_015,284,6,g025,g025,normal,synthetic_rongorongo_like,
tablet_015,284,7,g003,g003,normal,synthetic_rongorongo_like,
tablet_015,284,8,g024,g024,normal,synthetic_rongorongo_like,
tablet_015,284,9,g002,g002,normal,synthetic_rongorongo_like,
tablet_015,284,10,g021,g021,normal,synthetic_rongorongo_like,
tablet_015,284,11,g021,g021,normal,synthetic_rongorongo_like,
tablet_015,284,12,g008,g008,normal,synthetic_rongorongo_like,
tablet_015,284,13,g001,g001,normal,synthetic_rongorongo_like,
tablet_015,284,14,g001,g001,normal,synthetic_rongorongo_like,
tablet_015,284,15,g021,g021,normal,synthetic_rongorongo_like,
tablet_015,284,16,g061,g061,normal,synthetic_rongorongo_like,
tablet_015,284,17,g001,g001,normal,synthetic_rongorongo_like,
tablet_015,284,18,g001,g001,normal,synthetic_rongorongo_like,
tablet_015,284,19,g004,g004,normal,synthetic_rongorongo_like,
tablet_015,284,20,g001,g001,normal,synthetic_rongorongo_like,
tablet_015,284,21,g061,g061,normal,synthetic_rongorongo_like,
tablet_015,284,22,g002,g002,normal,synthetic_rongorongo_like,
tablet_015,284,23,g077,g077,normal,synthetic_rongorongo_like,
tablet_015,284,24,g021,g021,normal,synthetic_rongorongo_like,
tablet_015,284,25,g017,g017,normal,synthetic_rongorongo_like,
tablet_015,284,26,g001,g001,normal,synthetic_rongorongo_like,
tablet_015,284,27,g022,g022,normal,synthetic_rongorongo_like,
tablet_015,284,28,g026,g026,normal,synthetic_rongorongo_like,
tablet_015,284,29,g021,g021,normal,synthetic_rongorongo_like,
tablet_015,284,30,g011,g011,normal,synthetic_rongorongo_like,
tablet_015,284,31,g011,g011,normal,synthetic_rongorongo_like,
tablet_015,284,32,g017,g017,normal,synthetic_rongorongo_like,
tablet_015,284,33,g021,g021,normal,synthetic_rongorongo_like,
tablet_015,284,34,g021,g021,normal,synthetic_rongorongo_like,
tablet_015,284,35,g001,g001,normal,synthetic_rongorongo_like,
tablet_015,284,36,g023,g023,normal,synthetic_rongorongo_like,
tablet_015,284,37,g023,g023,normal,synthetic_rongorongo_like,
tablet_015,284,38,g001,g001,normal,synthetic_rongorongo_like,
tablet_015,284,39,g002,g002,normal,synthetic_rongorongo_like,
tablet_015,284,40,g001,g001,normal,synthetic_rongorongo_like,
tablet_015,285,1,g002,g002,normal,synthetic_rongorongo_like,
tablet_015,285,2,g001,g001,normal,synthetic_rongorongo_like,
tablet_015,285,3,g005,g005,normal,synthetic_rongorongo_like,
tablet_015,285,4,g021,g021,normal,synthetic_rongorongo_like,
tablet_015,285,5,g021,g021,normal,synthetic_rongorongo_like,
tablet_015,285,6,g078,g078,normal,synthetic_rongorongo_like,
tablet_015,285,7,g022,g022,normal,synthetic_rongorongo_like,
tablet_015,285,8,g023,g023,normal,synthetic_rongorongo_like,
tablet_015,285,9,g031,g031,normal,synthetic_rongorongo_like,
tablet_015,285,10,g001,g001,normal,synthetic_rongorongo_like,
tablet_015,285,11,g099,g099,normal,synthetic_rongorongo_like,
tablet_015,285,12,g036,g036,normal,synthetic_rongorongo_like,
tablet_015,285,13,g061,g061,normal,synthetic_rongorongo_like,
tablet_015,285,14,g062,g062,normal,synthetic_rongorongo_like,
tablet_015,285,15,g062,g062,normal,synthetic_rongorongo_like,
tablet_015,285,16,g001,g001,normal,synthetic_rongorongo_like,
tablet_015,285,17,g001,g001,normal,synthetic_rongorongo_like,
tablet_015,285,18,g001,g001,normal,synthetic_rongorongo_like,
tablet_015,285,19,g006,g006,normal,synthetic_rongorongo_like,
tablet_015,285,20,g023,g023,normal,synthetic_rongorongo_like,
tablet_015,285,21,g023,g023,normal,synthetic_rongorongo_like,
tablet_015,285,22,g025,g025,normal,synthetic_rongorongo_like,
tablet_015,285,23,g029,g029,normal,synthetic_rongorongo_like,
tablet_015,285,24,g002,g002,normal,synthetic_rongorongo_like,
tablet_015,285,25,g021,g021,normal,synthetic_rongorongo_like,
tablet_015,285,26,g018,g018,normal,synthetic_rongorongo_like,
tablet_015,285,27,g002,g002,normal,synthetic_rongorongo_like,
tablet_015,285,28,g068,g068,normal,synthetic_rongorongo_like,
tablet_015,285,29,g001,g001,normal,synthetic_rongorongo_like,
tablet_015,285,30,g001,g001,normal,synthetic_rongorongo_like,
tablet_015,285,31,g029,g029,normal,synthetic_rongorongo_like,
tablet_015,285,32,g004,g004,normal,synthetic_rongorongo_like,
tablet_015,285,33,g001,g001,normal,synthetic_rongorongo_like,
tablet_015,285,34,g016,g016,normal,synthetic_rongorongo_like,
tablet_015,285,35,g003,g003,normal,synthetic_rongorongo_like,
tablet_015,285,36,g061,g061,normal,synthetic_rongorongo_like,
tablet_015,285,37,g062,g062,normal,synthetic_rongorongo_like,
tablet_015,285,38,g001,g001,normal,synthetic_rongorongo_like,
tablet_015,285,39,g002,g002,normal,synthetic_rongorongo_like,
tablet_015,285,40,g002,g002,normal,synthetic_rongorongo_like,
tablet_015,286,1,g061,g061,normal,synthetic_rongorongo_like,
tablet_015,286,2,g061,g061,normal,synthetic_rongorongo_like,
tablet_015,286,3,g062,g062,normal,synthetic_rongorongo_like,
tablet_015,286,4,g021,g021,normal,synthetic_rongorongo_like,
tablet_015,286,5,g025,g025,normal,synthetic_rongorongo_like,
tablet_015,286,6,g049,g049,normal,synthetic_rongorongo_like,
tablet_015,286,7,g021,g021,normal,synthetic_rongorongo_like,
tablet_015,286,8,g022,g022,normal,synthetic_rongorongo_like,
tablet_015,286,9,g074,g074,normal,synthetic_rongorongo_like,
tablet_015,286,10,g021,g021,normal,synthetic_rongorongo_like,
tablet_015,286,11,g031,g031,normal,synthetic_rongorongo_like,
tablet_015,286,12,g016,g016,normal,synthetic_rongorongo_like,
tablet_015,286,13,g003,g003,normal,synthetic_rongorongo_like,
tablet_015,286,14,g001,g001,normal,synthetic_rongorongo_like,
tablet_015,286,15,g001,g001,normal,synthetic_rongorongo_like,
tablet_015,286,16,g004,g004,normal,synthetic_rongorongo_like,
tablet_015,286,17,g005,g005,normal,synthetic_rongorongo_like,
tablet_015,286,18,g021,g021,normal,synthetic_rongorongo_like,
tablet_015,286,19,g061,g061,normal,synthetic_rongorongo_like,
tablet_015,286,20,g024,g024,normal,synthetic_rongorongo_like,
tablet_015,286,21,g022,g022,normal,synthetic_rongorongo_like,
tablet_015,286,22,g025,g025,normal,synthetic_rongorongo_like,
tablet_015,286,23,g025,g025,normal,synthetic_rongorongo_like,
tablet_015,286,24,g022,g022,normal,synthetic_rongorongo_like,
tablet_015,286,25,g001,g001,normal,synthetic_rongorongo_like,
tablet_015,286,26,g018,g018,normal,synthetic_rongorongo_like,
tablet_015,286,27,g046,g046,normal,synthetic_rongorongo_like,
tablet_015,286,28,g046,g046,normal,synthetic_rongorongo_like,
tablet_015,286,29,g021,g021,normal,synthetic_rongorongo_like,
tablet_015,286,30,g002,g002,normal,synthetic_rongorongo_like,
tablet_015,286,31,g061,g061,normal,synthetic_rongorongo_like,
tablet_015,286,32,g063,g063,normal,synthetic_rongorongo_like,
tablet_015,286,33,g043,g043,normal,synthetic_rongorongo_like,
tablet_015,286,34,g021,g021,normal,synthetic_rongorongo_like,
tablet_015,286,35,g021,g021,normal,synthetic_rongorongo_like,
tablet_015,286,36,g021,g021,normal,synthetic_rongorongo_like,
tablet_015,286,37,g065,g065,normal,synthetic_rongorongo_like,
tablet_015,286,38,g025,g025,normal,synthetic_rongorongo_like,
tablet_015,286,39,g071,g071,normal,synthetic_rongorongo_like,
tablet_015,286,40,g021,g021,normal,synthetic_rongorongo_like,
tablet_015,287,1,g021,g021,normal,synthetic_rongorongo_like,
tablet_015,287,2,g001,g001,normal,synthetic_rongorongo_like,
tablet_015,287,3,g002,g002,normal,synthetic_rongorongo_like,
tablet_015,287,4,g001,g001,normal,synthetic_rongorongo_like,
tablet_015,287,5,g021,g021,normal,synthetic_rongorongo_like,
tablet_015,287,6,g061,g061,normal,synthetic_rongorongo_like,
tablet_015,287,7,g061,g061,normal,synthetic_rongorongo_like,
tablet_015,287,8,g001,g001,normal,synthetic_rongorongo_like,
tablet_015,287,9,g010,g010,normal,synthetic_rongorongo_like,
tablet_015,287,10,g010,g010,normal,synthetic_rongorongo_like,
tablet_015,287,11,g010,g010,normal,synthetic_rongorongo_like,
tablet_015,287,12,g025,g025,normal,synthetic_rongorongo_like,
tablet_015,287,13,g025,g025,normal,synthetic_rongorongo_like,
tablet_015,287,14,g025,g025,normal,synthetic_rongorongo_like,
tablet_015,287,15,g029,g029,normal,synthetic_rongorongo_like,
tablet_015,287,16,g046,g046,normal,synthetic_rongorongo_like,
tablet_015,287,17,g021,g021,normal,synthetic_rongorongo_like,
tablet_015,287,18,g021,g021,normal,synthetic_rongorongo_like,
tablet_015,287,19,g010,g010,normal,synthetic_rongorongo_like,
tablet_015,287,20,g010,g010,normal,synthetic_rongorongo_like,
tablet_015,287,21,g010,g010,normal,synthetic_rongorongo_like,
tablet_015,287,22,g021,g021,normal,synthetic_rongorongo_like,
tablet_015,287,23,g021,g021,normal,synthetic_rongorongo_like,
tablet_015,287,24,g006,g006,normal,synthetic_rongorongo_like,
tablet_015,287,25,g024,g024,normal,synthetic_rongorongo_like,
tablet_015,287,26,g021,g021,normal,synthetic_rongorongo_like,
tablet_015,287,27,g062,g062,normal,synthetic_rongorongo_like,
tablet_015,287,28,g062,g062,normal,synthetic_rongorongo_like,
tablet_015,287,29,g021,g021,normal,synthetic_rongorongo_like,
tablet_015,287,30,g021,g021,normal,synthetic_rongorongo_like,
tablet_015,287,31,g021,g021,normal,synthetic_rongorongo_like,
tablet_015,287,32,g025,g025,normal,synthetic_rongorongo_like,
tablet_015,287,33,g001,g001,normal,synthetic_rongorongo_like,
tablet_015,287,34,g004,g004,normal,synthetic_rongorongo_like,
tablet_015,287,35,g001,g001,normal,synthetic_rongorongo_like,
tablet_015,287,36,g002,g002,normal,synthetic_rongorongo_like,
tablet_015,287,37,g002,g002,normal,synthetic_rongorongo_like,
tablet_015,287,38,g069,g069,normal,synthetic_rongorongo_like,
tablet_015,287,39,g069,g069,normal,synthetic_rongorongo_like,
tablet_015,287,40,g023,g023,normal,synthetic_rongorongo_like,
tablet_015,288,1,g004,g004,normal,synthetic_rongorongo_like,
tablet_015,288,2,g006,g006,normal,synthetic_rongorongo_like,
tablet_015,288,3,g063,g063,normal,synthetic_rongorongo_like,
tablet_015,288,4,g022,g022,normal,synthetic_rongorongo_like,
tablet_015,288,5,g076,g076,normal,synthetic_rongorongo_like,
tablet_015,288,6,g061,g061,normal,synthetic_rongorongo_like,
tablet_015,288,7,g061,g061,normal,synthetic_rongorongo_like,
tablet_015,288,8,g061,g061,normal,synthetic_rongorongo_like,
tablet_015,288,9,g061,g061,normal,synthetic_rongorongo_like,
tablet_015,288,10,g029,g029,normal,synthetic_rongorongo_like,
tablet_015,288,11,g029,g029,normal,synthetic_rongorongo_like,
tablet_015,288,12,g025,g025,normal,synthetic_rongorongo_like,
tablet_015,288,13,g021,g021,normal,synthetic_rongorongo_like,
tablet_015,288,14,g001,g001,normal,synthetic_rongorongo_like,
tablet_015,288,15,g021,g021,normal,synthetic_rongorongo_like,
tablet_015,288,16,g024,g024,normal,synthetic_rongorongo_like,
tablet_015,288,17,g001,g001,normal,synthetic_rongorongo_like,
tablet_015,288,18,g021,g021,normal,synthetic_rongorongo_like,
tablet_015,288,19,g021,g021,normal,synthetic_rongorongo_like,
tablet_015,288,20,g065,g065,normal,synthetic_rongorongo_like,
tablet_015,288,21,g065,g065,normal,synthetic_rongorongo_like,
tablet_015,288,22,g065,g065,normal,synthetic_rongorongo_like,
tablet_015,288,23,g061,g061,normal,synthetic_rongorongo_like,
tablet_015,288,24,g061,g061,normal,synthetic_rongorongo_like,
tablet_015,288,25,g061,g061,normal,synthetic_rongorongo_like,
tablet_015,288,26,g063,g063,normal,synthetic_rongorongo_like,
tablet_015,288,27,g002,g002,normal,synthetic_rongorongo_like,
tablet_015,288,28,g002,g002,normal,synthetic_rongorongo_like,
tablet_015,288,29,g002,g002,normal,synthetic_rongorongo_like,
tablet_015,288,30,g002,g002,normal,synthetic_rongorongo_like,
tablet_015,288,31,g001,g001,normal,synthetic_rongorongo_like,
tablet_015,288,32,g021,g021,normal,synthetic_rongorongo_like,
tablet_015,288,33,g011,g011,normal,synthetic_rongorongo_like,
tablet_015,288,34,g023,g023,normal,synthetic_rongorongo_like,
tablet_015,288,35,g015,g015,normal,synthetic_rongorongo_like,
tablet_015,288,36,g061,g061,normal,synthetic_rongorongo_like,
tablet_015,288,37,g061,g061,normal,synthetic_rongorongo_like,
tablet_015,288,38,g021,g021,normal,synthetic_rongorongo_like,
tablet_015,288,39,g061,g061,normal,synthetic_rongorongo_like,
tablet_015,288,40,g008,g008,normal,synthetic_rongorongo_like,
tablet_015,289,1,g074,g074,normal,synthetic_rongorongo_like,
tablet_015,289,2,g001,g001,normal,synthetic_rongorongo_like,
tablet_015,289,3,g021,g021,normal,synthetic_rongorongo_like,
tablet_015,289,4,g005,g005,normal,synthetic_rongorongo_like,
tablet_015,289,5,g021,g021,normal,synthetic_rongorongo_like,
tablet_015,289,6,g021,g021,normal,synthetic_rongorongo_like,
tablet_015,289,7,g021,g021,normal,synthetic_rongorongo_like,
tablet_015,289,8,g021,g021,normal,synthetic_rongorongo_like,
tablet_015,289,9,g003,g003,normal,synthetic_rongorongo_like,
tablet_015,289,10,g003,g003,normal,synthetic_rongorongo_like,
tablet_015,289,11,g021,g021,normal,synthetic_rongorongo_like,
tablet_015,289,12,g022,g022,normal,synthetic_rongorongo_like,
tablet_015,289,13,g023,g023,normal,synthetic_rongorongo_like,
tablet_015,289,14,g023,g023,normal,synthetic_rongorongo_like,
tablet_015,289,15,g009,g009,normal,synthetic_rongorongo_like,
tablet_015,289,16,g009,g009,normal,synthetic_rongorongo_like,
tablet_015,289,17,g009,g009,normal,synthetic_rongorongo_like,
tablet_015,289,18,g003,g003,normal,synthetic_rongorongo_like,
tablet_015,289,19,g001,g001,normal,synthetic_rongorongo_like,
tablet_015,289,20,g001,g001,normal,synthetic_rongorongo_like,
tablet_015,289,21,g006,g006,normal,synthetic_rongorongo_like,
tablet_015,289,22,g006,g006,normal,synthetic_rongorongo_like,
tablet_015,289,23,g006,g006,normal,synthetic_rongorongo_like,
tablet_015,289,24,g002,g002,normal,synthetic_rongorongo_like,
tablet_015,289,25,g021,g021,normal,synthetic_rongorongo_like,
tablet_015,289,26,g021,g021,normal,synthetic_rongorongo_like,
tablet_015,289,27,g078,g078,normal,synthetic_rongorongo_like,
tablet_015,289,28,g061,g061,normal,synthetic_rongorongo_like,
tablet_015,289,29,g061,g061,normal,synthetic_rongorongo_like,
tablet_015,289,30,g001,g001,normal,synthetic_rongorongo_like,
tablet_015,289,31,g003,g003,normal,synthetic_rongorongo_like,
tablet_015,289,32,g061,g061,normal,synthetic_rongorongo_like,
tablet_015,289,33,g002,g002,normal,synthetic_rongorongo_like,
tablet_015,289,34,g002,g002,normal,synthetic_rongorongo_like,
tablet_015,289,35,g004,g004,normal,synthetic_rongorongo_like,
tablet_015,289,36,g033,g033,normal,synthetic_rongorongo_like,
tablet_015,289,37,g025,g025,normal,synthetic_rongorongo_like,
tablet_015,289,38,g002,g002,normal,synthetic_rongorongo_like,
tablet_015,289,39,g071,g071,normal,synthetic_rongorongo_like,
tablet_015,289,40,g071,g071,normal,synthetic_rongorongo_like,
tablet_015,290,1,g001,g001,normal,synthetic_rongorongo_like,
tablet_015,290,2,g061,g061,normal,synthetic_rongorongo_like,
tablet_015,290,3,g003,g003,normal,synthetic_rongorongo_like,
tablet_015,290,4,g068,g068,normal,synthetic_rongorongo_like,
tablet_015,290,5,g005,g005,normal,synthetic_rongorongo_like,
tablet_015,290,6,g003,g003,normal,synthetic_rongorongo_like,
tablet_015,290,7,g021,g021,normal,synthetic_rongorongo_like,
tablet_015,290,8,g003,g003,normal,synthetic_rongorongo_like,
tablet_015,290,9,g021,g021,normal,synthetic_rongorongo_like,
tablet_015,290,10,g002,g002,normal,synthetic_rongorongo_like,
tablet_015,290,11,g023,g023,normal,synthetic_rongorongo_like,
tablet_015,290,12,g009,g009,normal,synthetic_rongorongo_like,
tablet_015,290,13,g023,g023,normal,synthetic_rongorongo_like,
tablet_015,290,14,g023,g023,normal,synthetic_rongorongo_like,
tablet_015,290,15,g022,g022,normal,synthetic_rongorongo_like,
tablet_015,290,16,g021,g021,normal,synthetic_rongorongo_like,
tablet_015,290,17,g061,g061,normal,synthetic_rongorongo_like,
tablet_015,290,18,g061,g061,normal,synthetic_rongorongo_like,
tablet_015,290,19,g021,g021,normal,synthetic_rongorongo_like,
tablet_015,290,20,g023,g023,normal,synthetic_rongorongo_like,
tablet_015,290,21,g023,g023,normal,synthetic_rongorongo_like,
tablet_015,290,22,g023,g023,normal,synthetic_rongorongo_like,
tablet_015,290,23,g002,g002,normal,synthetic_rongorongo_like,
tablet_015,290,24,g002,g002,normal,synthetic_rongorongo_like,
tablet_015,290,25,g009,g009,normal,synthetic_rongorongo_like,
tablet_015,290,26,g009,g009,normal,synthetic_rongorongo_like,
tablet_015,290,27,g009,g009,normal,synthetic_rongorongo_like,
tablet_015,290,28,g062,g062,normal,synthetic_rongorongo_like,
tablet_015,290,29,g003,g003,normal,synthetic_rongorongo_like,
tablet_015,290,30,g022,g022,normal,synthetic_rongorongo_like,
tablet_015,290,31,g022,g022,normal,synthetic_rongorongo_like,
tablet_015,290,32,g048,g048,normal,synthetic_rongorongo_like,
tablet_015,290,33,g048,g048,normal,synthetic_rongorongo_like,
tablet_015,290,34,g001,g001,normal,synthetic_rongorongo_like,
tablet_015,290,35,g009,g009,normal,synthetic_rongorongo_like,
tablet_015,290,36,g001,g001,normal,synthetic_rongorongo_like,
tablet_015,290,37,g007,g007,normal,synthetic_rongorongo_like,
tablet_015,290,38,g023,g023,normal,synthetic_rongorongo_like,
tablet_015,290,39,g061,g061,normal,synthetic_rongorongo_like,
tablet_015,290,40,g001,g001,normal,synthetic_rongorongo_like,
tablet_015,291,1,g002,g002,normal,synthetic_rongorongo_like,
tablet_015,291,2,g062,g062,normal,synthetic_rongorongo_like,
tablet_015,291,3,g023,g023,normal,synthetic_rongorongo_like,
tablet_015,291,4,g061,g061,normal,synthetic_rongorongo_like,
tablet_015,291,5,g024,g024,normal,synthetic_rongorongo_like,
tablet_015,291,6,g061,g061,normal,synthetic_rongorongo_like,
tablet_015,291,7,g022,g022,normal,synthetic_rongorongo_like,
tablet_015,291,8,g012,g012,normal,synthetic_rongorongo_like,
tablet_015,291,9,g022,g022,normal,synthetic_rongorongo_like,
tablet_015,291,10,g004,g004,normal,synthetic_rongorongo_like,
tablet_015,291,11,g004,g004,normal,synthetic_rongorongo_like,
tablet_015,291,12,g004,g004,normal,synthetic_rongorongo_like,
tablet_015,291,13,g021,g021,normal,synthetic_rongorongo_like,
tablet_015,291,14,g003,g003,normal,synthetic_rongorongo_like,
tablet_015,291,15,g009,g009,normal,synthetic_rongorongo_like,
tablet_015,291,16,g005,g005,normal,synthetic_rongorongo_like,
tablet_015,291,17,g005,g005,normal,synthetic_rongorongo_like,
tablet_015,291,18,g001,g001,normal,synthetic_rongorongo_like,
tablet_015,291,19,g001,g001,normal,synthetic_rongorongo_like,
tablet_015,291,20,g025,g025,normal,synthetic_rongorongo_like,
tablet_015,291,21,g001,g001,normal,synthetic_rongorongo_like,
tablet_015,291,22,g001,g001,normal,synthetic_rongorongo_like,
tablet_015,291,23,g001,g001,normal,synthetic_rongorongo_like,
tablet_015,291,24,g022,g022,normal,synthetic_rongorongo_like,
tablet_015,291,25,g004,g004,normal,synthetic_rongorongo_like,
tablet_015,291,26,g004,g004,normal,synthetic_rongorongo_like,
tablet_015,291,27,g004,g004,normal,synthetic_rongorongo_like,
tablet_015,291,28,g002,g002,normal,synthetic_rongorongo_like,
tablet_015,291,29,g002,g002,normal,synthetic_rongorongo_like,
tablet_015,291,30,g002,g002,normal,synthetic_rongorongo_like,
tablet_015,291,31,g020,g020,normal,synthetic_rongorongo_like,
tablet_015,291,32,g020,g020,normal,synthetic_rongorongo_like,
tablet_015,291,33,g020,g020,normal,synthetic_rongorongo_like,
tablet_015,291,34,g007,g007,normal,synthetic_rongorongo_like,
tablet_015,291,35,g003,g003,normal,synthetic_rongorongo_like,
tablet_015,291,36,g006,g006,normal,synthetic_rongorongo_like,
tablet_015,291,37,g008,g008,normal,synthetic_rongorongo_like,
tablet_015,291,38,g026,g026,normal,synthetic_rongorongo_like,
tablet_015,291,39,g026,g026,normal,synthetic_rongorongo_like,
tablet_015,291,40,g021,g021,normal,synthetic_rongorongo_like,
tablet_015,292,1,g021,g021,normal,synthetic_rongorongo_like,
tablet_015,292,2,g062,g062,normal,synthetic_rongorongo_like,
tablet_015,292,3,g021,g021,normal,synthetic_rongorongo_like,
tablet_015,292,4,g021,g021,normal,synthetic_rongorongo_like,
tablet_015,292,5,g021,g021,normal,synthetic_rongorongo_like,
tablet_015,292,6,g042,g042,normal,synthetic_rongorongo_like,
tablet_015,292,7,g042,g042,normal,synthetic_rongorongo_like,
tablet_015,292,8,g042,g042,normal,synthetic_rongorongo_like,
tablet_015,292,9,g003,g003,normal,synthetic_rongorongo_like,
tablet_015,292,10,g039,g039,normal,synthetic_rongorongo_like,
tablet_015,292,11,g066,g066,normal,synthetic_rongorongo_like,
tablet_015,292,12,g001,g001,normal,synthetic_rongorongo_like,
tablet_015,292,13,g001,g001,normal,synthetic_rongorongo_like,
tablet_015,292,14,g001,g001,normal,synthetic_rongorongo_like,
tablet_015,292,15,g024,g024,normal,synthetic_rongorongo_like,
tablet_015,292,16,g021,g021,normal,synthetic_rongorongo_like,
tablet_015,292,17,g004,g004,normal,synthetic_rongorongo_like,
tablet_015,292,18,g001,g001,normal,synthetic_rongorongo_like,
tablet_015,292,19,g001,g001,normal,synthetic_rongorongo_like,
tablet_015,292,20,g021,g021,normal,synthetic_rongorongo_like,
tablet_015,292,21,g023,g023,normal,synthetic_rongorongo_like,
tablet_015,292,22,g023,g023,normal,synthetic_rongorongo_like,
tablet_015,292,23,g023,g023,normal,synthetic_rongorongo_like,
tablet_015,292,24,g030,g030,normal,synthetic_rongorongo_like,
tablet_015,292,25,g005,g005,normal,synthetic_rongorongo_like,
tablet_015,292,26,g001,g001,normal,synthetic_rongorongo_like,
tablet_015,292,27,g021,g021,normal,synthetic_rongorongo_like,
tablet_015,292,28,g001,g001,normal,synthetic_rongorongo_like,
tablet_015,292,29,g001,g001,normal,synthetic_rongorongo_like,
tablet_015,292,30,g002,g002,normal,synthetic_rongorongo_like,
tablet_015,292,31,g105,g105,normal,synthetic_rongorongo_like,
tablet_015,292,32,g061,g061,normal,synthetic_rongorongo_like,
tablet_015,292,33,g061,g061,normal,synthetic_rongorongo_like,
tablet_015,292,34,g033,g033,normal,synthetic_rongorongo_like,
tablet_015,292,35,g001,g001,normal,synthetic_rongorongo_like,
tablet_015,292,36,g063,g063,normal,synthetic_rongorongo_like,
tablet_015,292,37,g025,g025,normal,synthetic_rongorongo_like,
tablet_015,292,38,g025,g025,normal,synthetic_rongorongo_like,
tablet_015,292,39,g025,g025,normal,synthetic_rongorongo_like,
tablet_015,292,40,g008,g008,normal,synthetic_rongorongo_like,
tablet_015,293,1,g001,g001,normal,synthetic_rongorongo_like,
tablet_015,293,2,g003,g003,normal,synthetic_rongorongo_like,
tablet_015,293,3,g021,g021,normal,synthetic_rongorongo_like,
tablet_015,293,4,g021,g021,normal,synthetic_rongorongo_like,
tablet_015,293,5,g003,g003,normal,synthetic_rongorongo_like,
tablet_015,293,6,g024,g024,normal,synthetic_rongorongo_like,
tablet_015,293,7,g001,g001,normal,synthetic_rongorongo_like,
tablet_015,293,8,g063,g063,normal,synthetic_rongorongo_like,
tablet_015,293,9,g021,g021,normal,synthetic_rongorongo_like,
tablet_015,293,10,g004,g004,normal,synthetic_rongorongo_like,
tablet_015,293,11,g002,g002,normal,synthetic_rongorongo_like,
tablet_015,293,12,g024,g024,normal,synthetic_rongorongo_like,
tablet_015,293,13,g022,g022,normal,synthetic_rongorongo_like,
tablet_015,293,14,g022,g022,normal,synthetic_rongorongo_like,
tablet_015,293,15,g029,g029,normal,synthetic_rongorongo_like,
tablet_015,293,16,g062,g062,normal,synthetic_rongorongo_like,
tablet_015,293,17,g001,g001,normal,synthetic_rongorongo_like,
tablet_015,293,18,g001,g001,normal,synthetic_rongorongo_like,
tablet_015,293,19,g001,g001,normal,synthetic_rongorongo_like,
tablet_015,293,20,g070,g070,normal,synthetic_rongorongo_like,
tablet_015,293,21,g070,g070,normal,synthetic_rongorongo_like,
tablet_015,293,22,g070,g070,normal,synthetic_rongorongo_like,
tablet_015,293,23,g034,g034,normal,synthetic_rongorongo_like,
tablet_015,293,24,g081,g081,normal,synthetic_rongorongo_like,
tablet_015,293,25,g024,g024,normal,synthetic_rongorongo_like,
tablet_015,293,26,g002,g002,normal,synthetic_rongorongo_like,
tablet_015,293,27,g120,g120,normal,synthetic_rongorongo_like,
tablet_015,293,28,g120,g120,normal,synthetic_rongorongo_like,
tablet_015,293,29,g001,g001,normal,synthetic_rongorongo_like,
tablet_015,293,30,g021,g021,normal,synthetic_rongorongo_like,
tablet_015,293,31,g021,g021,normal,synthetic_rongorongo_like,
tablet_015,293,32,g001,g001,normal,synthetic_rongorongo_like,
tablet_015,293,33,g001,g001,normal,synthetic_rongorongo_like,
tablet_015,293,34,g064,g064,normal,synthetic_rongorongo_like,
tablet_015,293,35,g025,g025,normal,synthetic_rongorongo_like,
tablet_015,293,36,g021,g021,normal,synthetic_rongorongo_like,
tablet_015,293,37,g008,g008,normal,synthetic_rongorongo_like,
tablet_015,293,38,g008,g008,normal,synthetic_rongorongo_like,
tablet_015,293,39,g008,g008,normal,synthetic_rongorongo_like,
tablet_015,293,40,g002,g002,normal,synthetic_rongorongo_like,
tablet_015,294,1,g027,g027,normal,synthetic_rongorongo_like,
tablet_015,294,2,g001,g001,normal,synthetic_rongorongo_like,
tablet_015,294,3,g001,g001,normal,synthetic_rongorongo_like,
tablet_015,294,4,g012,g012,normal,synthetic_rongorongo_like,
tablet_015,294,5,g023,g023,normal,synthetic_rongorongo_like,
tablet_015,294,6,g061,g061,normal,synthetic_rongorongo_like,
tablet_015,294,7,g021,g021,normal,synthetic_rongorongo_like,
tablet_015,294,8,g027,g027,normal,synthetic_rongorongo_like,
tablet_015,294,9,g027,g027,normal,synthetic_rongorongo_like,
tablet_015,294,10,g001,g001,normal,synthetic_rongorongo_like,
tablet_015,294,11,g061,g061,normal,synthetic_rongorongo_like,
tablet_015,294,12,g002,g002,normal,synthetic_rongorongo_like,
tablet_015,294,13,g001,g001,normal,synthetic_rongorongo_like,
tablet_015,294,14,g061,g061,normal,synthetic_rongorongo_like,
tablet_015,294,15,g021,g021,normal,synthetic_rongorongo_like,
tablet_015,294,16,g021,g021,normal,synthetic_rongorongo_like,
tablet_015,294,17,g001,g001,normal,synthetic_rongorongo_like,
tablet_015,294,18,g063,g063,normal,synthetic_rongorongo_like,
tablet_015,294,19,g016,g016,normal,synthetic_rongorongo_like,
tablet_015,294,20,g020,g020,normal,synthetic_rongorongo_like,
tablet_015,294,21,g063,g063,normal,synthetic_rongorongo_like,
tablet_015,294,22,g004,g004,normal,synthetic_rongorongo_like,
tablet_015,294,23,g004,g004,normal,synthetic_rongorongo_like,
tablet_015,294,24,g026,g026,normal,synthetic_rongorongo_like,
tablet_015,294,25,g001,g001,normal,synthetic_rongorongo_like,
tablet_015,294,26,g002,g002,normal,synthetic_rongorongo_like,
tablet_015,294,27,g063,g063,normal,synthetic_rongorongo_like,
tablet_015,294,28,g063,g063,normal,synthetic_rongorongo_like,
tablet_015,294,29,g063,g063,normal,synthetic_rongorongo_like,
tablet_015,294,30,g026,g026,normal,synthetic_rongorongo_like,
tablet_015,294,31,g026,g026,normal,synthetic_rongorongo_like,
tablet_015,294,32,g090,g090,normal,synthetic_rongorongo_like,
tablet_015,294,33,g003,g003,normal,synthetic_rongorongo_like,
tablet_015,294,34,g021,g021,normal,synthetic_rongorongo_like,
tablet_015,294,35,g001,g001,normal,synthetic_rongorongo_like,
tablet_015,294,36,g065,g065,normal,synthetic_rongorongo_like,
tablet_015,294,37,g112,g112,normal,synthetic_rongorongo_like,
tablet_015,294,38,g003,g003,normal,synthetic_rongorongo_like,
tablet_015,294,39,g001,g001,normal,synthetic_rongorongo_like,
tablet_015,294,40,g026,g026,normal,synthetic_rongorongo_like,
tablet_015,295,1,g022,g022,normal,synthetic_rongorongo_like,
tablet_015,295,2,g022,g022,normal,synthetic_rongorongo_like,
tablet_015,295,3,g022,g022,normal,synthetic_rongorongo_like,
tablet_015,295,4,g021,g021,normal,synthetic_rongorongo_like,
tablet_015,295,5,g009,g009,normal,synthetic_rongorongo_like,
tablet_015,295,6,g021,g021,normal,synthetic_rongorongo_like,
tablet_015,295,7,g006,g006,normal,synthetic_rongorongo_like,
tablet_015,295,8,g001,g001,normal,synthetic_rongorongo_like,
tablet_015,295,9,g001,g001,normal,synthetic_rongorongo_like,
tablet_015,295,10,g015,g015,normal,synthetic_rongorongo_like,
tablet_015,295,11,g064,g064,normal,synthetic_rongorongo_like,
tablet_015,295,12,g014,g014,normal,synthetic_rongorongo_like,
tablet_015,295,13,g001,g001,normal,synthetic_rongorongo_like,
tablet_015,295,14,g001,g001,normal,synthetic_rongorongo_like,
tablet_015,295,15,g024,g024,normal,synthetic_rongorongo_like,
tablet_015,295,16,g004,g004,normal,synthetic_rongorongo_like,
tablet_015,295,17,g002,g002,normal,synthetic_rongorongo_like,
tablet_015,295,18,g062,g062,normal,synthetic_rongorongo_like,
tablet_015,295,19,g021,g021,normal,synthetic_rongorongo_like,
tablet_015,295,20,g061,g061,normal,synthetic_rongorongo_like,
tablet_015,295,21,g061,g061,normal,synthetic_rongorongo_like,
tablet_015,295,22,g038,g038,normal,synthetic_rongorongo_like,
tablet_015,295,23,g003,g003,normal,synthetic_rongorongo_like,
tablet_015,295,24,g021,g021,normal,synthetic_rongorongo_like,
tablet_015,295,25,g008,g008,normal,synthetic_rongorongo_like,
tablet_015,295,26,g008,g008,normal,synthetic_rongorongo_like,
tablet_015,295,27,g025,g025,normal,synthetic_rongorongo_like,
tablet_015,295,28,g066,g066,normal,synthetic_rongorongo_like,
tablet_015,295,29,g002,g002,normal,synthetic_rongorongo_like,
tablet_015,295,30,g022,g022,normal,synthetic_rongorongo_like,
tablet_015,295,31,g022,g022,normal,synthetic_rongorongo_like,
tablet_015,295,32,g097,g097,normal,synthetic_rongorongo_like,
tablet_015,295,33,g010,g010,normal,synthetic_rongorongo_like,
tablet_015,295,34,g021,g021,normal,synthetic_rongorongo_like,
tablet_015,295,35,g013,g013,normal,synthetic_rongorongo_like,
tablet_015,295,36,g021,g021,normal,synthetic_rongorongo_like,
tablet_015,295,37,g021,g021,normal,synthetic_rongorongo_like,
tablet_015,295,38,g005,g005,normal,synthetic_rongorongo_like,
tablet_015,295,39,g005,g005,normal,synthetic_rongorongo_like,
tablet_015,295,40,g066,g066,normal,synthetic_rongorongo_like,
tablet_015,296,1,g021,g021,normal,synthetic_rongorongo_like,
tablet_015,296,2,g069,g069,normal,synthetic_rongorongo_like,
tablet_015,296,3,g021,g021,normal,synthetic_rongorongo_like,
tablet_015,296,4,g021,g021,normal,synthetic_rongorongo_like,
tablet_015,296,5,g022,g022,normal,synthetic_rongorongo_like,
tablet_015,296,6,g002,g002,normal,synthetic_rongorongo_like,
tablet_015,296,7,g021,g021,normal,synthetic_rongorongo_like,
tablet_015,296,8,g006,g006,normal,synthetic_rongorongo_like,
tablet_015,296,9,g006,g006,normal,synthetic_rongorongo_like,
tablet_015,296,10,g006,g006,normal,synthetic_rongorongo_like,
tablet_015,296,11,g001,g001,normal,synthetic_rongorongo_like,
tablet_015,296,12,g021,g021,normal,synthetic_rongorongo_like,
tablet_015,296,13,g021,g021,normal,synthetic_rongorongo_like,
tablet_015,296,14,g021,g021,normal,synthetic_rongorongo_like,
tablet_015,296,15,g004,g004,normal,synthetic_rongorongo_like,
tablet_015,296,16,g003,g003,normal,synthetic_rongorongo_like,
tablet_015,296,17,g025,g025,normal,synthetic_rongorongo_like,
tablet_015,296,18,g062,g062,normal,synthetic_rongorongo_like,
tablet_015,296,19,g024,g024,normal,synthetic_rongorongo_like,
tablet_015,296,20,g070,g070,normal,synthetic_rongorongo_like,
tablet_015,296,21,g022,g022,normal,synthetic_rongorongo_like,
tablet_015,296,22,g021,g021,normal,synthetic_rongorongo_like,
tablet_015,296,23,g002,g002,normal,synthetic_rongorongo_like,
tablet_015,296,24,g001,g001,normal,synthetic_rongorongo_like,
tablet_015,296,25,g062,g062,normal,synthetic_rongorongo_like,
tablet_015,296,26,g021,g021,normal,synthetic_rongorongo_like,
tablet_015,296,27,g006,g006,normal,synthetic_rongorongo_like,
tablet_015,296,28,g006,g006,normal,synthetic_rongorongo_like,
tablet_015,296,29,g064,g064,normal,synthetic_rongorongo_like,
tablet_015,296,30,g064,g064,normal,synthetic_rongorongo_like,
tablet_015,296,31,g021,g021,normal,synthetic_rongorongo_like,
tablet_015,296,32,g021,g021,normal,synthetic_rongorongo_like,
tablet_015,296,33,g025,g025,normal,synthetic_rongorongo_like,
tablet_015,296,34,g025,g025,normal,synthetic_rongorongo_like,
tablet_015,296,35,g022,g022,normal,synthetic_rongorongo_like,
tablet_015,296,36,g005,g005,normal,synthetic_rongorongo_like,
tablet_015,296,37,g003,g003,normal,synthetic_rongorongo_like,
tablet_015,296,38,g017,g017,normal,synthetic_rongorongo_like,
tablet_015,296,39,g001,g001,normal,synthetic_rongorongo_like,
tablet_015,296,40,g061,g061,normal,synthetic_rongorongo_like,
tablet_015,297,1,g021,g021,normal,synthetic_rongorongo_like,
tablet_015,297,2,g002,g002,normal,synthetic_rongorongo_like,
tablet_015,297,3,g002,g002,normal,synthetic_rongorongo_like,
tablet_015,297,4,g001,g001,normal,synthetic_rongorongo_like,
tablet_015,297,5,g001,g001,normal,synthetic_rongorongo_like,
tablet_015,297,6,g002,g002,normal,synthetic_rongorongo_like,
tablet_015,297,7,g002,g002,normal,synthetic_rongorongo_like,
tablet_015,297,8,g002,g002,normal,synthetic_rongorongo_like,
tablet_015,297,9,g002,g002,normal,synthetic_rongorongo_like,
tablet_015,297,10,g029,g029,normal,synthetic_rongorongo_like,
tablet_015,297,11,g001,g001,normal,synthetic_rongorongo_like,
tablet_015,297,12,g005,g005,normal,synthetic_rongorongo_like,
tablet_015,297,13,g023,g023,normal,synthetic_rongorongo_like,
tablet_015,297,14,g043,g043,normal,synthetic_rongorongo_like,
tablet_015,297,15,g011,g011,normal,synthetic_rongorongo_like,
tablet_015,297,16,g011,g011,normal,synthetic_rongorongo_like,
tablet_015,297,17,g013,g013,normal,synthetic_rongorongo_like,
tablet_015,297,18,g023,g023,normal,synthetic_rongorongo_like,
tablet_015,297,19,g004,g004,normal,synthetic_rongorongo_like,
tablet_015,297,20,g030,g030,normal,synthetic_rongorongo_like,
tablet_015,297,21,g023,g023,normal,synthetic_rongorongo_like,
tablet_015,297,22,g061,g061,normal,synthetic_rongorongo_like,
tablet_015,297,23,g004,g004,normal,synthetic_rongorongo_like,
tablet_015,297,24,g013,g013,normal,synthetic_rongorongo_like,
tablet_015,297,25,g002,g002,normal,synthetic_rongorongo_like,
tablet_015,297,26,g036,g036,normal,synthetic_rongorongo_like,
tablet_015,297,27,g021,g021,normal,synthetic_rongorongo_like,
tablet_015,297,28,g002,g002,normal,synthetic_rongorongo_like,
tablet_015,297,29,g002,g002,normal,synthetic_rongorongo_like,
tablet_015,297,30,g001,g001,normal,synthetic_rongorongo_like,
tablet_015,297,31,g002,g002,normal,synthetic_rongorongo_like,
tablet_015,297,32,g008,g008,normal,synthetic_rongorongo_like,
tablet_015,297,33,g001,g001,normal,synthetic_rongorongo_like,
tablet_015,297,34,g001,g001,normal,synthetic_rongorongo_like,
tablet_015,297,35,g001,g001,normal,synthetic_rongorongo_like,
tablet_015,297,36,g024,g024,normal,synthetic_rongorongo_like,
tablet_015,297,37,g048,g048,normal,synthetic_rongorongo_like,
tablet_015,297,38,g061,g061,normal,synthetic_rongorongo_like,
tablet_015,297,39,g024,g024,normal,synthetic_rongorongo_like,
tablet_015,297,40,g027,g027,normal,synthetic_rongorongo_like,
tablet_015,298,1,g003,g003,normal,synthetic_rongorongo_like,
tablet_015,298,2,g022,g022,normal,synthetic_rongorongo_like,
tablet_015,298,3,g022,g022,normal,synthetic_rongorongo_like,
tablet_015,298,4,g004,g004,normal,synthetic_rongorongo_like,
tablet_015,298,5,g012,g012,normal,synthetic_rongorongo_like,
tablet_015,298,6,g012,g012,normal,synthetic_rongorongo_like,
tablet_015,298,7,g002,g002,normal,synthetic_rongorongo_like,
tablet_015,298,8,g061,g061,normal,synthetic_rongorongo_like,
tablet_015,298,9,g011,g011,normal,synthetic_rongorongo_like,
tablet_015,298,10,g045,g045,normal,synthetic_rongorongo_like,
tablet_015,298,11,g001,g001,normal,synthetic_rongorongo_like,
tablet_015,298,12,g001,g001,normal,synthetic_rongorongo_like,
tablet_015,298,13,g001,g001,normal,synthetic_rongorongo_like,
tablet_015,298,14,g001,g001,normal,synthetic_rongorongo_like,
tablet_015,298,15,g005,g005,normal,synthetic_rongorongo_like,
tablet_015,298,16,g005,g005,normal,synthetic_rongorongo_like,
tablet_015,298,17,g001,g001,normal,synthetic_rongorongo_like,
tablet_015,298,18,g001,g001,normal,synthetic_rongorongo_like,
tablet_015,298,19,g063,g063,normal,synthetic_rongorongo_like,
tablet_015,298,20,g063,g063,normal,synthetic_rongorongo_like,
tablet_015,298,21,g021,g021,normal,synthetic_rongorongo_like,
tablet_015,298,22,g070,g070,normal,synthetic_rongorongo_like,
tablet_015,298,23,g001,g001,normal,synthetic_rongorongo_like,
tablet_015,298,24,g001,g001,normal,synthetic_rongorongo_like,
tablet_015,298,25,g053,g053,normal,synthetic_rongorongo_like,
tablet_015,298,26,g001,g001,normal,synthetic_rongorongo_like,
tablet_015,298,27,g001,g001,normal,synthetic_rongorongo_like,
tablet_015,298,28,g067,g067,normal,synthetic_rongorongo_like,
tablet_015,298,29,g067,g067,normal,synthetic_rongorongo_like,
tablet_015,298,30,g063,g063,normal,synthetic_rongorongo_like,
tablet_015,298,31,g002,g002,normal,synthetic_rongorongo_like,
tablet_015,298,32,g069,g069,normal,synthetic_rongorongo_like,
tablet_015,298,33,g033,g033,normal,synthetic_rongorongo_like,
tablet_015,298,34,g001,g001,normal,synthetic_rongorongo_like,
tablet_015,298,35,g022,g022,normal,synthetic_rongorongo_like,
tablet_015,298,36,g001,g001,normal,synthetic_rongorongo_like,
tablet_015,298,37,g021,g021,normal,synthetic_rongorongo_like,
tablet_015,298,38,g061,g061,normal,synthetic_rongorongo_like,
tablet_015,298,39,g070,g070,normal,synthetic_rongorongo_like,
tablet_015,298,40,g007,g007,normal,synthetic_rongorongo_like,
tablet_015,299,1,g061,g061,normal,synthetic_rongorongo_like,
tablet_015,299,2,g001,g001,normal,synthetic_rongorongo_like,
tablet_015,299,3,g028,g028,normal,synthetic_rongorongo_like,
tablet_015,299,4,g002,g002,normal,synthetic_rongorongo_like,
tablet_015,299,5,g061,g061,normal,synthetic_rongorongo_like,
tablet_015,299,6,g001,g001,normal,synthetic_rongorongo_like,
tablet_015,299,7,g075,g075,normal,synthetic_rongorongo_like,
tablet_015,299,8,g075,g075,normal,synthetic_rongorongo_like,
tablet_015,299,9,g061,g061,normal,synthetic_rongorongo_like,
tablet_015,299,10,g001,g001,normal,synthetic_rongorongo_like,
tablet_015,299,11,g061,g061,normal,synthetic_rongorongo_like,
tablet_015,299,12,g063,g063,normal,synthetic_rongorongo_like,
tablet_015,299,13,g028,g028,normal,synthetic_rongorongo_like,
tablet_015,299,14,g002,g002,normal,synthetic_rongorongo_like,
tablet_015,299,15,g022,g022,normal,synthetic_rongorongo_like,
tablet_015,299,16,g061,g061,normal,synthetic_rongorongo_like,
tablet_015,299,17,g016,g016,normal,synthetic_rongorongo_like,
tablet_015,299,18,g050,g050,normal,synthetic_rongorongo_like,
tablet_015,299,19,g050,g050,normal,synthetic_rongorongo_like,
tablet_015,299,20,g024,g024,normal,synthetic_rongorongo_like,
tablet_015,299,21,g074,g074,normal,synthetic_rongorongo_like,
tablet_015,299,22,g074,g074,normal,synthetic_rongorongo_like,
tablet_015,299,23,g021,g021,normal,synthetic_rongorongo_like,
tablet_015,299,24,g002,g002,normal,synthetic_rongorongo_like,
tablet_015,299,25,g002,g002,normal,synthetic_rongorongo_like,
tablet_015,299,26,g007,g007,normal,synthetic_rongorongo_like,
tablet_015,299,27,g001,g001,normal,synthetic_rongorongo_like,
tablet_015,299,28,g028,g028,normal,synthetic_rongorongo_like,
tablet_015,299,29,g028,g028,normal,synthetic_rongorongo_like,
tablet_015,299,30,g028,g028,normal,synthetic_rongorongo_like,
tablet_015,299,31,g001,g001,normal,synthetic_rongorongo_like,
tablet_015,299,32,g021,g021,normal,synthetic_rongorongo_like,
tablet_015,299,33,g001,g001,normal,synthetic_rongorongo_like,
tablet_015,299,34,g001,g001,normal,synthetic_rongorongo_like,
tablet_015,299,35,g023,g023,normal,synthetic_rongorongo_like,
tablet_015,299,36,g001,g001,normal,synthetic_rongorongo_like,
tablet_015,299,37,g001,g001,normal,synthetic_rongorongo_like,
tablet_015,299,38,g029,g029,normal,synthetic_rongorongo_like,
tablet_015,299,39,g002,g002,normal,synthetic_rongorongo_like,
tablet_015,299,40,g001,g001,normal,synthetic_rongorongo_like,
tablet_015,300,1,g015,g015,normal,synthetic_rongorongo_like,
tablet_015,300,2,g012,g012,normal,synthetic_rongorongo_like,
tablet_015,300,3,g061,g061,normal,synthetic_rongorongo_like,
tablet_015,300,4,g062,g062,normal,synthetic_rongorongo_like,
tablet_015,300,5,g031,g031,normal,synthetic_rongorongo_like,
tablet_015,300,6,g007,g007,normal,synthetic_rongorongo_like,
tablet_015,300,7,g009,g009,normal,synthetic_rongorongo_like,
tablet_015,300,8,g005,g005,normal,synthetic_rongorongo_like,
tablet_015,300,9,g001,g001,normal,synthetic_rongorongo_like,
tablet_015,300,10,g054,g054,normal,synthetic_rongorongo_like,
tablet_015,300,11,g054,g054,normal,synthetic_rongorongo_like,
tablet_015,300,12,g064,g064,normal,synthetic_rongorongo_like,
tablet_015,300,13,g066,g066,normal,synthetic_rongorongo_like,
tablet_015,300,14,g021,g021,normal,synthetic_rongorongo_like,
tablet_015,300,15,g021,g021,normal,synthetic_rongorongo_like,
tablet_015,300,16,g061,g061,normal,synthetic_rongorongo_like,
tablet_015,300,17,g061,g061,normal,synthetic_rongorongo_like,
tablet_015,300,18,g021,g021,normal,synthetic_rongorongo_like,
tablet_015,300,19,g021,g021,normal,synthetic_rongorongo_like,
tablet_015,300,20,g021,g021,normal,synthetic_rongorongo_like,
tablet_015,300,21,g001,g001,normal,synthetic_rongorongo_like,
tablet_015,300,22,g005,g005,normal,synthetic_rongorongo_like,
tablet_015,300,23,g002,g002,normal,synthetic_rongorongo_like,
tablet_015,300,24,g004,g004,normal,synthetic_rongorongo_like,
tablet_015,300,25,g022,g022,normal,synthetic_rongorongo_like,
tablet_015,300,26,g021,g021,normal,synthetic_rongorongo_like,
tablet_015,300,27,g066,g066,normal,synthetic_rongorongo_like,
tablet_015,300,28,g065,g065,normal,synthetic_rongorongo_like,
tablet_015,300,29,g021,g021,normal,synthetic_rongorongo_like,
tablet_015,300,30,g070,g070,normal,synthetic_rongorongo_like,
tablet_015,300,31,g061,g061,normal,synthetic_rongorongo_like,
tablet_015,300,32,g022,g022,normal,synthetic_rongorongo_like,
tablet_015,300,33,g001,g001,normal,synthetic_rongorongo_like,
tablet_015,300,34,g001,g001,normal,synthetic_rongorongo_like,
tablet_015,300,35,g030,g030,normal,synthetic_rongorongo_like,
tablet_015,300,36,g069,g069,normal,synthetic_rongorongo_like,
tablet_015,300,37,g062,g062,normal,synthetic_rongorongo_like,
tablet_015,300,38,g026,g026,normal,synthetic_rongorongo_like,
tablet_015,300,39,g022,g022,normal,synthetic_rongorongo_like,
tablet_015,300,40,g026,g026,normal,synthetic_rongorongo_like,
